warning: resolver for the non root package will be ignored, specify resolver at the workspace root:
package:   /Users/rmccrar6/codex-worktrees/luna-index-projection-fastpath-7382-20261008/vendor/gpui_ce_components/Cargo.toml
workspace: /Users/rmccrar6/codex-worktrees/luna-index-projection-fastpath-7382-20261008/Cargo.toml
       Fresh unicode-ident v1.0.24
       Fresh proc-macro2 v1.0.107
       Fresh quote v1.0.47
       Fresh libc v0.2.189
       Fresh syn v3.0.4
       Fresh syn v2.0.119
       Fresh cfg-if v1.0.4
       Fresh serde_derive v1.0.229
       Fresh serde v1.0.229
       Fresh equivalent v1.0.2
       Fresh allocator-api2 v0.2.21
       Fresh foldhash v0.2.0
       Fresh jobserver v0.1.35
       Fresh shlex v2.0.1
       Fresh find-msvc-tools v0.1.12
       Fresh cc v1.2.67
       Fresh pin-project-lite v0.2.17
       Fresh bitflags v2.13.1
       Fresh once_cell v1.21.4
       Fresh itoa v1.0.18
       Fresh synstructure v0.13.2
       Fresh rustc-hash v2.1.3
       Fresh either v1.18.0
       Fresh tracing-core v0.1.36
       Fresh tracing-attributes v0.1.31
       Fresh scopeguard v1.2.0
       Fresh tracing v0.1.44
       Fresh lock_api v0.4.14
       Fresh parking_lot_core v0.9.12
       Fresh rustversion v1.0.23
       Fresh crossbeam-utils v0.8.22
       Fresh parking_lot v0.12.5
       Fresh stable_deref_trait v1.2.1
       Fresh futures-core v0.3.34
       Fresh autocfg v1.5.1
       Fresh crossbeam-epoch v0.9.20
       Fresh zmij v1.0.23
       Fresh thiserror-impl v2.0.20
       Fresh thiserror v2.0.20
       Fresh zerofrom-derive v0.1.7
       Fresh zerofrom v0.1.8
       Fresh yoke-derive v0.8.2
       Fresh regex-syntax v0.8.11
       Fresh yoke v0.8.3
       Fresh bytes v1.12.1
       Fresh crossbeam-deque v0.8.7
       Fresh zerovec-derive v0.11.6
       Fresh version_check v0.9.5
       Fresh zerovec v0.11.8
       Fresh displaydoc v0.2.7
       Fresh writeable v0.6.4
       Fresh rayon-core v1.13.0
       Fresh rand_core v0.10.1
       Fresh tinystr v0.8.4
       Fresh litemap v0.8.3
       Fresh potential_utf v0.1.6
       Fresh icu_locale_core v2.3.0
       Fresh zerotrie v0.2.5
       Fresh icu_provider v2.3.1
       Fresh utf8_iter v1.0.4
       Fresh icu_collections v2.3.0
       Fresh socket2 v0.6.5
       Fresh ryu v1.0.23
       Fresh memchr v2.8.3
       Fresh siphasher v1.0.3
       Fresh heck v0.5.0
       Fresh cfg_aliases v0.2.2
       Fresh deranged v0.5.8
       Fresh num_threads v0.1.7
       Fresh num-conv v0.2.2
       Fresh time-core v0.1.9
       Fresh unicode-segmentation v1.13.3
       Fresh futures-sink v0.3.34
       Fresh powerfmt v0.2.0
       Fresh time v0.3.55
       Fresh arrayvec v0.7.8
       Fresh futures-io v0.3.34
       Fresh getrandom v0.4.3
       Fresh crossbeam-channel v0.5.16
       Fresh slab v0.4.12
       Fresh icu_normalizer_data v2.3.0
       Fresh icu_properties_data v2.3.0
       Fresh futures-channel v0.3.34
       Fresh thin-vec v0.2.19
       Fresh write16 v1.0.0
       Fresh utf16_iter v1.0.5
       Fresh icu_normalizer v2.3.0
       Fresh icu_properties v2.3.0
       Fresh chacha20 v0.10.2
       Fresh futures-macro v0.3.34
       Fresh futures-task v0.3.34
       Fresh percent-encoding v2.3.2
       Fresh subtle v2.6.1
       Fresh futures v0.1.31
       Fresh futures-util v0.3.34
       Fresh rand v0.10.2
       Fresh lazy_static v1.5.0
       Fresh memoffset v0.9.1
       Fresh byteorder v1.5.0
       Fresh rayon v1.12.0
       Fresh glob v0.3.4
       Fresh rustc-hash v1.1.0
       Fresh itertools v0.14.0
       Fresh thread_local v1.1.10
       Fresh sharded-slab v0.1.7
       Fresh matchers v0.2.0
       Fresh tracing-log v0.2.0
       Fresh zeroize_derive v1.5.0
       Fresh cpufeatures v0.2.17
       Fresh nu-ansi-term v0.50.3
       Fresh rustc_version v0.4.1
       Fresh tracing-subscriber v0.3.23
       Fresh zeroize v1.9.0
       Fresh anyhow v1.0.104
       Fresh icu_locale_fallback_data v2.3.0
       Fresh signal-hook-registry v1.4.8
       Fresh castaway v0.2.4
       Fresh tokio-macros v2.7.2
       Fresh mio v1.2.3
       Fresh core-foundation-sys v0.8.7
       Fresh static_assertions v1.1.0
       Fresh tokio v1.53.1
       Fresh icu_locale_fallback v2.3.0
       Fresh num-traits v0.2.19
       Fresh hybrid-array v0.4.15
       Fresh itertools v0.15.0
       Fresh sha1_smol v1.0.1
       Fresh http v1.5.0
       Fresh derive-where v1.6.1
       Fresh cmov v0.5.4
       Fresh ctutils v0.4.2
       Fresh block-buffer v0.12.1
       Fresh crypto-common v0.2.2
       Fresh convert_case v0.10.0
       Fresh aho-corasick v1.1.5
       Fresh unicode-width v0.2.2
       Fresh log v0.4.34
       Fresh unicode-xid v0.2.6
       Fresh smallvec v1.16.0
       Fresh derive_more-impl v2.1.1
       Fresh proc-macro-utils v0.10.0
       Fresh regex-automata v0.4.18
       Fresh digest v0.11.3
       Fresh regex v1.13.1
       Fresh derive_more v2.1.1
       Fresh zerocopy-derive v0.8.56
       Fresh errno v0.3.14
       Fresh uuid v1.26.0
       Fresh inout v0.1.4
       Fresh hex v0.4.3
       Fresh hashbrown v0.14.5
       Fresh cipher v0.4.4
       Fresh syn v1.0.109
       Fresh quote-use-macros v0.8.4
       Fresh manyhow-macros v0.11.4
       Fresh num-integer v0.1.47
       Fresh universal-hash v0.5.1
       Fresh base64 v0.22.1
       Fresh opaque-debug v0.3.1
       Fresh polyval v0.6.2
       Fresh manyhow v0.11.4
       Fresh quote-use v0.8.4
       Fresh rustls-pki-types v1.15.1
       Fresh memmap2 v0.9.11
       Fresh interpolator v0.5.0
       Fresh untrusted v0.9.0
       Fresh collection_literals v1.0.3
       Fresh attribute-derive-macro v0.10.5
       Fresh ring v0.17.14
       Fresh libm v0.2.16
       Fresh ghash v0.5.1
       Fresh aes v0.8.4
       Fresh ctr v0.9.2
       Fresh compact_str v0.9.1
       Fresh aead v0.5.2
       Fresh arc-swap v1.9.2
       Fresh minimal-lexical v0.2.1
       Fresh constant_time_eq v0.4.2
       Fresh home v0.5.12
       Fresh blake3 v1.8.7
       Fresh aes-gcm v0.10.3
       Fresh rustls-webpki v0.103.15
       Fresh portable-atomic v1.15.0
       Fresh getrandom v0.3.4
       Fresh attribute-derive v0.10.5
       Fresh dashmap v6.2.1
       Fresh tempfile v3.27.0
       Fresh libloading v0.8.9
       Fresh rustls v0.23.45
       Fresh syn-mid v0.5.4
       Fresh strum_macros v0.28.0
       Fresh simdutf8 v0.1.5
       Fresh num-bigint v0.4.8
       Fresh strum v0.28.0
       Fresh proc-macro-error-attr v0.4.12
       Fresh httparse v1.10.1
       Fresh rand_core v0.9.5
       Fresh ordermap v1.2.2
       Fresh bytemuck_derive v1.12.0
       Fresh winnow v0.7.15
       Fresh bytemuck v1.25.2
       Fresh rand_chacha v0.9.0
       Fresh proc-macro-error v0.4.12
       Fresh proc-macro-hack v0.5.20+deprecated
       Fresh camino v1.2.5
       Fresh iana-time-zone v0.1.65
       Fresh strum_macros v0.26.4
       Fresh turso_macros v0.8.0-pre.11
       Fresh miette-derive v7.6.0
       Fresh hashbrown v0.17.1
       Fresh base64 v0.23.1
       Fresh unicode-width v0.1.14
       Fresh miette v7.6.0
       Fresh indexmap v2.14.2
       Fresh strum v0.26.3
       Fresh chrono v0.4.45
       Fresh cexpr v0.6.0
       Fresh genawaiter-proc-macro v0.99.1
       Fresh rand v0.9.5
       Fresh icu_locale_data v2.3.0
       Fresh typeid v1.0.3
       Fresh icu_collator_data v2.3.0
       Fresh prettyplease v0.2.37
       Fresh bstr v1.13.1
       Fresh itertools v0.12.1
       Fresh aristo-macros v0.4.1
       Fresh same-file v1.0.6
       Fresh genawaiter-macro v0.99.1
       Fresh softaes v0.1.5
       Fresh shlex v1.3.0
       Fresh pkg-config v0.3.34
       Fresh jod-thread v1.0.0
       Fresh lazycell v1.3.0
       Fresh bindgen v0.69.5
       Fresh ra_ap_stdx v0.0.341
       Fresh genawaiter v0.99.1
       Fresh aegis v0.9.15
       Fresh walkdir v2.5.0
       Fresh aristo v0.4.1
       Fresh icu_collator v2.3.1
       Fresh icu_locale v2.3.1
       Fresh branches v0.4.6
       Fresh turso_ext v0.8.0-pre.11
       Fresh turso_parser v0.8.0-pre.11
       Fresh crc32c v0.6.8
       Fresh uncased v0.9.10
       Fresh bigdecimal v0.4.10
       Fresh simsimd v6.5.16
       Fresh roaring v0.11.5
       Fresh pack1 v1.1.0
       Fresh fastbloom v0.14.1
       Fresh intrusive-collections v0.9.7
       Fresh twox-hash v2.1.4
       Fresh polling v3.11.0
       Fresh backend-platform v0.2.0 (/Users/rmccrar6/codex-worktrees/luna-index-projection-fastpath-7382-20261008/crates/platform)
       Fresh idna_adapter v1.2.2
       Fresh rapidhash v4.5.1
       Fresh inventory v0.3.24
       Fresh cfg_block v0.1.1
       Fresh text-size v1.1.1
       Fresh allocator-api2 v0.4.0
       Fresh unicode-properties v0.1.4
       Fresh fallible-iterator v0.3.0
       Fresh drop_bomb v0.1.5
       Fresh strsim v0.11.1
       Fresh pastey v0.2.3
       Fresh turso_core v0.8.0-pre.11
       Fresh ra-ap-rustc_lexer v0.165.0
       Fresh idna v1.1.0
       Fresh globset v0.4.20
       Fresh ra_ap_paths v0.0.341
       Fresh backend-version v0.2.0 (/Users/rmccrar6/codex-worktrees/luna-index-projection-fastpath-7382-20261008/crates/version)
       Fresh prost-derive v0.14.4
       Fresh form_urlencoded v1.2.2
       Fresh env_filter v2.0.0
       Fresh symlink v0.1.0
       Fresh nohash-hasher v0.2.0
       Fresh rustc-literal-escaper v0.0.7
       Fresh tracing-appender v0.2.5
       Fresh url v2.5.8
       Fresh env_logger v0.11.11
       Fresh prost v0.14.4
       Fresh fst v0.4.7
       Fresh fearless_simd v0.7.0
       Fresh tree-sitter-language v0.1.8
       Fresh turso_sdk_kit_macros v0.8.0-pre.11
       Fresh boxcar v0.2.14
       Fresh countme v3.0.1
       Fresh triomphe v0.1.16
       Fresh ra_ap_edition v0.0.341
       Fresh ident_case v1.0.1
       Fresh darling_core v0.24.1
       Fresh ra_ap_parser v0.0.341
       Fresh rowan v0.15.19
       Fresh turso_sdk_kit v0.8.0-pre.11
       Fresh ra_ap_vfs v0.0.341
       Fresh backend-store v0.2.0 (/Users/rmccrar6/codex-worktrees/luna-index-projection-fastpath-7382-20261008/crates/store)
       Fresh turso_sync_engine v0.8.0-pre.11
       Fresh zerocopy v0.8.56
       Fresh crc32fast v1.5.1
       Fresh webpki-roots v1.0.9
       Fresh crossbeam-queue v0.3.13
       Fresh salsa-macros v0.27.2
       Fresh hashlink v0.12.2
       Fresh getrandom v0.2.17
       Fresh intrusive-collections v0.10.3
       Fresh smol_str v0.3.6
       Fresh salsa-macro-rules v0.27.2
       Fresh ra_ap_syntax v0.0.341
       Fresh salsa v0.27.2
       Fresh rand_core v0.6.4
       Fresh ppv-lite86 v0.2.21
       Fresh turso_sync_sdk_kit v0.8.0-pre.11
       Fresh darling_macro v0.24.1
       Fresh get-size-derive2 v0.9.0
       Fresh filetime v0.2.29
       Fresh simd-adler32 v0.3.10
       Fresh winnow v1.0.4
       Fresh la-arena v0.3.1
       Fresh ra_ap_span v0.0.341
       Fresh toml_parser v1.1.3+spec-1.1.0
       Fresh get-size2 v0.9.0
       Fresh darling v0.24.1
       Fresh turso v0.8.0-pre.10
       Fresh rand_chacha v0.3.1
       Fresh backend-flow v0.2.0 (/Users/rmccrar6/codex-worktrees/luna-index-projection-fastpath-7382-20261008/crates/flow)
       Fresh wasm-bindgen-shared v0.2.127
       Fresh ra_ap_intern v0.0.341
       Fresh ref-cast-impl v1.0.27
       Fresh adler2 v2.0.1
       Fresh tinyvec_macros v0.1.1
       Fresh bumpalo v3.20.3
       Fresh tinyvec v1.13.2
       Fresh wasm-bindgen-macro-support v0.2.127
       Fresh miniz_oxide v0.9.1
       Fresh ref-cast v1.0.27
       Fresh ra_ap_tt v0.0.341
       Fresh backend-semantic v0.2.0 (/Users/rmccrar6/codex-worktrees/luna-index-projection-fastpath-7382-20261008/crates/semantic)
       Fresh rand v0.8.8
       Fresh ruff_text_size v0.0.0 (https://github.com/astral-sh/ruff/?rev=db5aa0a5f1b92cb91d910bf0866a967554dd94f5#db5aa0a5)
       Fresh serde_core v1.0.229
       Fresh is-macro v0.3.8
       Fresh phf_shared v0.14.0
       Fresh ena v0.14.4
       Fresh hashbrown v0.16.1
       Fresh zlib-rs v0.6.7
       Fresh utf8parse v0.2.2
       Fresh flate2 v1.1.10
       Fresh phf_generator v0.11.3
       Fresh serde_json v1.0.151
       Fresh object v0.39.1
       Fresh wasm-bindgen-macro v0.2.127
       Fresh icu_segmenter_data v2.3.0
       Fresh serde_bytes v0.11.19
       Fresh web-time v1.1.0
       Fresh anstyle v1.0.14
       Fresh fixedbitset v0.5.7
       Fresh icu_segmenter v2.3.0
       Fresh wasm-bindgen v0.2.127
       Fresh ar_archive_writer v0.5.3
       Fresh phf_codegen v0.11.3
       Fresh ruff_source_file v0.0.0 (https://github.com/astral-sh/ruff/?rev=db5aa0a5f1b92cb91d910bf0866a967554dd94f5#db5aa0a5)
       Fresh ignore v0.4.33
       Fresh ureq-proto v0.6.2
       Fresh getopts v0.2.24
       Fresh tokio-util v0.7.19
       Fresh notify-types v2.1.0
       Fresh semver v1.0.28
       Fresh thiserror-impl v1.0.69
       Fresh dupe_derive v0.9.1
       Fresh fsevent-sys v4.1.0
       Fresh is_terminal_polyfill v1.70.2
       Fresh link-section v0.19.3
       Fresh colorchoice v1.0.5
       Fresh linktime-proc-macro v0.2.3
       Fresh smawk v0.3.3
       Fresh utf8-zero v0.8.1
       Fresh maplit v1.0.2
       Fresh anstyle-query v1.1.5
       Fresh ureq v3.4.0
       Fresh textwrap v0.16.3
       Fresh ctor v1.0.13
       Fresh dupe v0.9.1
       Fresh notify v8.2.0
       Fresh thiserror v1.0.69
       Fresh unicode_names2_generator v1.3.0
       Fresh http-body v1.1.0
       Fresh futures-executor v0.3.34
       Fresh oxc-miette-derive v3.0.1
       Fresh structmeta-derive v0.2.0
       Fresh strong_hash_derive v0.1.0
       Fresh ra-ap-rustc_index_macros v0.165.0
       Fresh pin-project-internal v1.1.13
       Fresh allocative_derive v0.3.6
       Fresh owo-colors v4.4.0
       Fresh streaming-iterator v0.1.9
       Fresh seahash v4.1.0
       Fresh atomic-waker v1.1.2
       Fresh parking v2.2.1
       Fresh base64ct v1.8.3
       Fresh fastrand v2.5.0
       Fresh oxc_data_structures v0.139.0
       Fresh phf_generator v0.14.0
       Fresh oxc_allocator v0.139.0
       Fresh futures-lite v2.6.1
       Fresh pem-rfc7468 v1.0.0
       Fresh ruff_cache v0.0.0 (https://github.com/astral-sh/ruff/?rev=db5aa0a5f1b92cb91d910bf0866a967554dd94f5#db5aa0a5)
       Fresh tree-sitter v0.27.0
       Fresh allocative v0.3.6
       Fresh oxc-miette v3.0.1
       Fresh pin-project v1.1.13
       Fresh ra-ap-rustc_index v0.165.0
       Fresh strong_hash v0.1.0
       Fresh structmeta v0.2.0
       Fresh tsz-common v0.1.75 (/Users/rmccrar6/codex-worktrees/luna-index-projection-fastpath-7382-20261008/third_party/tsz/crates/tsz-common)
       Fresh ruff_python_trivia v0.0.0 (https://github.com/astral-sh/ruff/?rev=db5aa0a5f1b92cb91d910bf0866a967554dd94f5#db5aa0a5)
       Fresh ra_ap_cfg v0.0.341
       Fresh serde_with_macros v3.24.0
       Fresh fxhash v0.2.1
       Fresh phf_shared v0.11.3
       Fresh n0-error-macros v1.0.1
       Fresh spez v0.1.2
       Fresh ra_ap_query-group-macro v0.0.341
       Fresh serde_repr v0.1.21
       Fresh ipnet v2.12.2
       Fresh rustc-stable-hash v0.1.2
       Fresh objc2-encode v4.1.0
       Fresh atomic v0.5.3
       Fresh regex-syntax v0.7.5
       Fresh const-oid v0.10.2
       Fresh try-lock v0.2.5
       Fresh oxc_estree v0.139.0
       Fresh tower-service v0.3.3
       Fresh typenum v1.20.1
       Fresh oxc_str v0.139.0
       Fresh generic-array v0.14.7
       Fresh want v0.3.1
       Fresh der v0.8.2
       Fresh parse-display-derive v0.8.2
       Fresh lock_free_hashtable v0.1.4
       Fresh objc2 v0.6.4
       Fresh ra-ap-rustc_hashes v0.165.0
       Fresh ra_ap_base_db v0.0.341
       Fresh n0-error v1.0.1
       Fresh phf v0.11.3
       Fresh starlark_map v0.14.2
       Fresh serde_with v3.24.0
       Fresh backend-compile v0.2.0 (/Users/rmccrar6/codex-worktrees/luna-index-projection-fastpath-7382-20261008/crates/compile)
       Fresh oxc_ast_macros v0.139.0
       Fresh ruff_python_ast v0.0.0 (https://github.com/astral-sh/ruff/?rev=db5aa0a5f1b92cb91d910bf0866a967554dd94f5#db5aa0a5)
       Fresh tsz-scanner v0.1.75 (/Users/rmccrar6/codex-worktrees/luna-index-projection-fastpath-7382-20261008/third_party/tsz/crates/tsz-scanner)
       Fresh psm v0.1.32
       Fresh fs-err v2.11.0
       Fresh phf_macros v0.14.0
       Fresh futures v0.3.34
       Fresh serde_bser v0.4.0
       Fresh anstyle-parse v0.2.7
       Fresh anstyle-parse v1.0.0
       Fresh ruff_diagnostics v0.0.0 (https://github.com/astral-sh/ruff/?rev=db5aa0a5f1b92cb91d910bf0866a967554dd94f5#db5aa0a5)
       Fresh ra_ap_syntax-bridge v0.0.341
       Fresh tokio-util v0.6.10
       Fresh core-foundation v0.10.0
       Fresh path-dedot v3.1.1
       Fresh os_str_bytes v7.2.1
       Fresh ucd-trie v0.1.7
       Fresh spin v0.10.1
       Fresh cow-utils v0.1.3
       Fresh cov-mark v2.2.0
       Fresh httpdate v1.0.3
       Fresh bitflags v1.3.2
       Fresh cordyceps v0.3.5
       Fresh diatomic-waker v0.2.3
       Fresh futures-buffered v0.2.13
       Fresh hyper v1.11.1
       Fresh lsp-types v0.95.2 (https://github.com/yangdanny97/lsp-types?rev=395d6bfcd6c3696a64cfe9cd93b86f981fb85112#395d6bfc)
       Fresh ra_ap_mbe v0.0.341
       Fresh argfile v0.2.1
       Fresh path-absolutize v3.1.1
       Fresh watchman_client v0.9.0
       Fresh ruff_notebook v0.0.0 (https://github.com/astral-sh/ruff/?rev=db5aa0a5f1b92cb91d910bf0866a967554dd94f5#db5aa0a5)
       Fresh anstream v0.6.21
       Fresh anstream v1.0.0
       Fresh phf v0.14.0
       Fresh unicode_names2 v1.3.0
       Fresh stacker v0.1.25
       Fresh tsz-parser v0.1.75 (/Users/rmccrar6/codex-worktrees/luna-index-projection-fastpath-7382-20261008/third_party/tsz/crates/tsz-parser)
       Fresh oxc_span v0.139.0
       Fresh ra-ap-rustc_abi v0.165.0
       Fresh parse-display v0.8.2
       Fresh static_interner v0.1.3
       Fresh spki v0.8.0
       Fresh unicode-normalization v0.1.25
       Fresh tokio-rustls v0.26.5
       Fresh get-size-derive2 v0.10.3
       Fresh compact_str v0.10.0
       Fresh security-framework-sys v2.17.0
       Fresh terminal_size v0.4.4
       Fresh sync_wrapper v1.0.2
       Fresh vec1 v1.12.1
       Fresh serde_spanned v1.1.1
       Fresh memory-stats v1.2.0
       Fresh human_bytes v0.4.3
       Fresh clap_lex v1.1.1
       Fresh yansi v1.0.1
       Fresh base16ct v1.0.0
       Fresh unicode-id-start v1.4.0
       Fresh tower-layer v0.3.3
       Fresh unicase v2.9.0
       Fresh append-only-vec v0.1.8
       Fresh index_vec v0.1.4
       Fresh nonmax v0.5.5
       Fresh toml_writer v1.1.2+spec-1.1.0
       Fresh pathdiff v0.2.3
       Fresh pyrefly_util v1.2.0-dev.1 (https://github.com/facebook/pyrefly?rev=30b5ca5250db9f2d9264d5e889662cf1224a75b7#30b5ca52)
       Fresh oxc_index v5.0.0
       Fresh clap_builder v4.6.7
       Fresh tower v0.5.3
       Fresh serdect v0.4.3
       Fresh security-framework v3.7.0
       Fresh get-size2 v0.10.3
       Fresh pkcs8 v0.11.0
       Fresh tsz-binder v0.1.75 (/Users/rmccrar6/codex-worktrees/luna-index-projection-fastpath-7382-20261008/third_party/tsz/crates/tsz-binder)
       Fresh n0-future v0.3.2
       Fresh dragonbox_ecma v0.1.12
       Fresh rustix v1.1.4
       Fresh rustc_apfloat v0.2.3+llvm-462a31f5a5ab
       Fresh ra_ap_hir_expand v0.0.341
       Fresh hyper-util v0.1.20
       Fresh oxc_diagnostics v0.139.0
       Fresh zstd-sys v2.1.0+zstd.1.5.7
       Fresh dispatch2 v0.3.1
       Fresh block2 v0.6.2
       Fresh crypto-common v0.1.7
       Fresh block-buffer v0.10.4
       Fresh clap_derive v4.6.7
       Fresh signature v3.0.0
       Fresh cobs v0.3.0
       Fresh ra-ap-rustc_type_ir_macros v0.165.0
       Fresh enum-iterator-derive v1.5.0
       Fresh postcard-derive v0.2.2
       Fresh cpufeatures v0.3.1
       Fresh ra-ap-rustc_ast_ir v0.165.0
       Fresh foldhash v0.1.5
       Fresh toml_datetime v1.1.1+spec-1.1.0
       Fresh data-encoding-macro-internal v0.1.19
       Fresh hashbrown v0.15.5
       Fresh ra-ap-rustc_type_ir v0.165.0
       Fresh postcard v1.1.3
       Fresh sha2 v0.11.0
       Fresh enum-iterator v2.3.0
       Fresh ed25519 v3.0.0
       Fresh clap v4.6.7
       Fresh digest v0.10.7
       Fresh objc2-core-foundation v0.3.2
       Fresh zstd-safe v7.3.0
       Fresh hyper-rustls v0.27.9
       Fresh oxc_regular_expression v0.139.0
       Fresh oxc_syntax v0.139.0
       Fresh tsz-solver v0.1.75 (/Users/rmccrar6/codex-worktrees/luna-index-projection-fastpath-7382-20261008/third_party/tsz/crates/tsz-solver)
       Fresh rustls-platform-verifier v0.7.0
       Fresh curve25519-dalek v5.0.0
       Fresh tower-http v0.6.11
       Fresh system-configuration-sys v0.6.0
       Fresh crunchy v0.2.4
       Fresh toml v1.1.5+spec-1.1.0
       Fresh ruff_python_parser v0.0.0 (https://github.com/astral-sh/ruff/?rev=db5aa0a5f1b92cb91d910bf0866a967554dd94f5#db5aa0a5)
       Fresh http-body-util v0.1.5
       Fresh ra-ap-rustc_parse_format v0.165.0
       Fresh fs4 v0.13.1
       Fresh ownedbytes v0.9.0
       Fresh async-trait v0.1.92
       Fresh data-encoding v2.11.1
       Fresh data-encoding-macro v0.1.21
       Fresh tantivy-common v0.11.0
       Fresh reqwest v0.13.5
       Fresh ra_ap_hir_def v0.0.341 (/Users/rmccrar6/codex-worktrees/luna-index-projection-fastpath-7382-20261008/vendor/ra_ap_hir_def)
       Fresh pyrefly_python v1.2.0-dev.1 (https://github.com/facebook/pyrefly?rev=30b5ca5250db9f2d9264d5e889662cf1224a75b7#30b5ca52)
       Fresh system-configuration v0.8.0
       Fresh bitpacking v0.9.3
       Fresh ed25519-dalek v3.0.0
       Fresh oxc_ast v0.139.0
       Fresh zstd v0.13.3
       Fresh objc2-security v0.3.2
       Fresh sha2 v0.10.9
       Fresh noq-udp v1.3.0
       Fresh nix v0.30.1
       Fresh petgraph v0.8.3
       Fresh ra-ap-rustc_next_trait_solver v0.165.0
       Fresh proc-macro-crate v3.5.0
       Fresh ra-ap-rustc_pattern_analysis v0.165.0
       Fresh ruff_text_size v0.0.8
       Fresh rustix v0.38.44
       Fresh tracing-tree v0.4.1
       Fresh rand_pcg v0.10.2
       Fresh ra_ap_macros v0.0.341
       Fresh simple-dns v0.12.0
       Fresh lru v0.18.4
       Fresh toml_datetime v0.6.11
       Fresh quick-xml v0.42.0
       Fresh serde_spanned v0.6.9
       Fresh enum-assoc v1.4.1
       Fresh oorandom v11.1.5
       Fresh ra_ap_profile v0.0.341
       Fresh sorted-index-buffer v0.2.1
       Fresh identity-hash v0.1.0
       Fresh toml_write v0.1.2
       Fresh lru-slab v0.1.3
       Fresh dissimilar v1.0.11
       Fresh utf8-ranges v1.0.5
       Fresh typed-arena v2.0.2
       Fresh ra_ap_hir_ty v0.0.341
       Fresh tantivy-fst v0.5.0
       Fresh noq-proto v1.3.0
       Fresh ra_ap_test_utils v0.0.341
       Fresh toml_edit v0.22.27
       Fresh plist v1.10.1
       Fresh n0-dns-resolver v0.1.0
       Fresh which v4.4.2
       Fresh ruff_source_file v0.0.8
       Fresh num_enum_derive v0.7.6
       Fresh backend-replication v0.2.0 (/Users/rmccrar6/codex-worktrees/luna-index-projection-fastpath-7382-20261008/crates/replication)
warning: unused import: `history::TypedV3HistoryPublicationSnapshot`
   --> crates/replication/src/ir_generation_store.rs:146:16
    |
146 | pub(crate) use history::TypedV3HistoryPublicationSnapshot;
    |                ^^^^^^^^^^^^^^^^^^^^^^^^^^^^^^^^^^^^^^^^^^
    |
    = note: `#[warn(unused_imports)]` (part of `#[warn(unused)]`) on by default

warning: unnecessary qualification
    --> crates/replication/src/ir_hydration_store/history_v3.rs:1438:26
     |
1438 |             .with_gc_pin(std::sync::Arc::new(guard))
     |                          ^^^^^^^^^^^^^^^^^^^
     |
     = note: requested on the command line with `-W unused-qualifications`
help: remove the unnecessary path segments
     |
1438 -             .with_gc_pin(std::sync::Arc::new(guard))
1438 +             .with_gc_pin(Arc::new(guard))
     |

warning: unnecessary qualification
    --> crates/replication/src/ir_hydration_store/history_v3.rs:1652:13
     |
1652 |             std::sync::Arc::new(pin.into_guard()),
     |             ^^^^^^^^^^^^^^^^^^^
     |
help: remove the unnecessary path segments
     |
1652 -             std::sync::Arc::new(pin.into_guard()),
1652 +             Arc::new(pin.into_guard()),
     |

warning: unused imports: `TypedV3HistoryAdmissionMetrics`, `TypedV3HistoryAdmission`, and `TypedV3HistoryGcPin`
  --> crates/replication/src/ir_hydration_store.rs:67:5
   |
67 |     TypedV3HistoryAdmission, TypedV3HistoryAdmissionMetrics, TypedV3HistoryGcPin,
   |     ^^^^^^^^^^^^^^^^^^^^^^^  ^^^^^^^^^^^^^^^^^^^^^^^^^^^^^^  ^^^^^^^^^^^^^^^^^^^

warning: methods `manifest_root` and `plane_root` are never used
   --> crates/replication/src/ir_generation_store.rs:232:25
    |
203 | impl HistoricalSemanticPlaneBinding {
    | ----------------------------------- methods in this implementation
...
232 |     pub(crate) const fn manifest_root(self) -> SemanticManifestRoot {
    |                         ^^^^^^^^^^^^^
...
238 |     pub(crate) const fn plane_root(self) -> SemanticPlaneRoot {
    |                         ^^^^^^^^^^
    |
    = note: `#[warn(dead_code)]` (part of `#[warn(unused)]`) on by default

warning: function `append_history_index_entry_typed` is never used
   --> crates/replication/src/ir_generation_store/history/codec.rs:679:15
    |
679 | pub(crate) fn append_history_index_entry_typed(
    |               ^^^^^^^^^^^^^^^^^^^^^^^^^^^^^^^^

warning: associated functions `from_produced` and `from_selected_native_history` are never used
   --> crates/replication/src/ir_generation_store/history/v3.rs:223:19
    |
219 | impl TypedV3HistoryLocator {
    | -------------------------- associated functions in this implementation
...
223 |     pub(crate) fn from_produced(
    |                   ^^^^^^^^^^^^^
...
233 |     pub(crate) fn from_selected_native_history(
    |                   ^^^^^^^^^^^^^^^^^^^^^^^^^^^^

warning: function `stage_typed_v3_locator_bytes` is never used
   --> crates/replication/src/ir_generation_store/history/v3.rs:501:4
    |
501 | fn stage_typed_v3_locator_bytes(
    |    ^^^^^^^^^^^^^^^^^^^^^^^^^^^^

warning: methods `stage_typed_v3_locator`, `finish_typed_v3_locator_admission`, and `typed_v3_locator` are never used
   --> crates/replication/src/ir_generation_store/history/v3.rs:665:19
    |
657 | impl LocalSemanticGenerationFiles {
    | --------------------------------- methods in this implementation
...
665 |     pub(crate) fn stage_typed_v3_locator(
    |                   ^^^^^^^^^^^^^^^^^^^^^^
...
689 |     pub(crate) fn finish_typed_v3_locator_admission(
    |                   ^^^^^^^^^^^^^^^^^^^^^^^^^^^^^^^^^
...
733 |     pub(crate) fn typed_v3_locator(
    |                   ^^^^^^^^^^^^^^^^

warning: fields `root_claim` and `metrics` are never read
   --> crates/replication/src/ir_hydration_store/history_v3.rs:743:5
    |
736 | pub(crate) struct TypedV3HistoryAdmission<'pin> {
    |                   ----------------------- fields in this struct
...
743 |     root_claim: HistoryTypedV3RootClaim,
    |     ^^^^^^^^^^
744 |     metrics: TypedV3HistoryAdmissionMetrics,
    |     ^^^^^^^

warning: methods `root_claim` and `metrics` are never used
   --> crates/replication/src/ir_hydration_store/history_v3.rs:756:25
    |
747 | impl TypedV3HistoryAdmission<'_> {
    | -------------------------------- methods in this implementation
...
756 |     pub(crate) const fn root_claim(&self) -> HistoryTypedV3RootClaim {
    |                         ^^^^^^^^^^
...
764 |     pub(crate) const fn metrics(&self) -> TypedV3HistoryAdmissionMetrics {
    |                         ^^^^^^^

warning: methods `verify_produced_typed_v3` and `verify_produced_typed_v3_content` are never used
   --> crates/replication/src/ir_hydration_store/history_v3.rs:808:19
    |
777 | impl FileSemanticRangeStore {
    | --------------------------- methods in this implementation
...
808 |     pub(crate) fn verify_produced_typed_v3<'pin>(
    |                   ^^^^^^^^^^^^^^^^^^^^^^^^
...
837 |     pub(crate) fn verify_produced_typed_v3_content<'pin>(
    |                   ^^^^^^^^^^^^^^^^^^^^^^^^^^^^^^^^

warning: fields `segment_pins`, `jumbo_pin`, `encoding_metrics`, `segment_store_metrics`, `jumbo_store_metrics`, and `verifier_io_metrics` are never read
    --> crates/replication/src/ir_producer_store.rs:1595:5
     |
1589 | pub(crate) struct ProducedSelectedNativeTypedPlaneHistoryV3 {
     |                   ----------------------------------------- fields in this struct
...
1595 |     segment_pins: Vec<DurableSemanticObjectPin>,
     |     ^^^^^^^^^^^^
1596 |     jumbo_pin: DurableSemanticObjectPin,
     |     ^^^^^^^^^
1597 |     encoding_metrics: [CanonicalPlaneEncodingMetrics; TYPED_V2_FAMILY_COUNT],
     |     ^^^^^^^^^^^^^^^^
1598 |     segment_store_metrics: [SemanticProducerStoreMetrics; TYPED_V2_FAMILY_COUNT],
     |     ^^^^^^^^^^^^^^^^^^^^^
1599 |     jumbo_store_metrics: SemanticProducerStoreMetrics,
     |     ^^^^^^^^^^^^^^^^^^^
1600 |     verifier_io_metrics: SemanticProducerVerifierIoMetrics,
     |     ^^^^^^^^^^^^^^^^^^^

warning: methods `segment_pins` and `jumbo_pin` are never used
    --> crates/replication/src/ir_producer_store.rs:1624:19
     |
1603 | impl ProducedSelectedNativeTypedPlaneHistoryV3 {
     | ---------------------------------------------- methods in this implementation
...
1624 |     pub(crate) fn segment_pins(&self) -> &[DurableSemanticObjectPin] {
     |                   ^^^^^^^^^^^^
...
1628 |     pub(crate) const fn jumbo_pin(&self) -> &DurableSemanticObjectPin {
     |                         ^^^^^^^^^

warning: field `input_witness` is never read
    --> crates/replication/src/ir_producer_store.rs:1635:5
     |
1633 | struct TypedV3ProducedArtifacts {
     |        ------------------------ field in this struct
1634 |     image_facts: SemanticImageFacts,
1635 |     input_witness: SemanticInputWitness,
     |     ^^^^^^^^^^^^^

warning: function `produce_semantic_typed_plane_v3` is never used
    --> crates/replication/src/ir_producer_store.rs:1656:15
     |
1656 | pub(crate) fn produce_semantic_typed_plane_v3<Reader: SemanticReader + ?Sized>(
     |               ^^^^^^^^^^^^^^^^^^^^^^^^^^^^^^^

warning: `backend-replication` (lib) generated 16 warnings (run `cargo fix --lib -p backend-replication` to apply 4 suggestions)
       Fresh objc2-system-configuration v0.3.2
       Fresh tantivy-bitpacker v0.10.0
       Fresh iroh-base v1.2.0
       Fresh ryu v0.2.8
       Fresh prettyplease v0.3.0
       Fresh tsz-lowering v0.1.75 (/Users/rmccrar6/codex-worktrees/luna-index-projection-fastpath-7382-20261008/third_party/tsz/crates/tsz-lowering)
       Fresh pest v2.9.0
       Fresh tokio-stream v0.1.19
       Fresh backend-discovery v0.2.0 (/Users/rmccrar6/codex-worktrees/luna-index-projection-fastpath-7382-20261008/crates/discovery)
       Fresh num-bigint v0.5.1
       Fresh xattr v1.6.1
       Fresh iroh-metrics-derive v1.0.1
       Fresh async-graphql-value v7.2.1
       Fresh cargo-platform v0.3.3
       Fresh async-stream-impl v0.3.6
       Fresh virtue v0.0.18
       Fresh mac-addr v0.3.0
       Fresh murmurhash32 v0.3.1
       Fresh itoa v0.4.8
       Fresh self_cell v1.3.0
       Fresh tantivy-stacker v0.7.0
       Fresh serde_jsonrc v0.1.0
       Fresh netdev v0.46.3
       Fresh bincode_derive v2.0.1
       Fresh async-stream v0.3.6
       Fresh cargo_metadata v0.23.1
       Fresh iroh-metrics v1.0.1
       Fresh async-graphql-parser v7.2.1
       Fresh tar v0.4.46
       Fresh oxc_ecmascript v0.139.0
       Fresh noq v1.3.0
       Fresh tsz-checker v0.1.75 (/Users/rmccrar6/codex-worktrees/luna-index-projection-fastpath-7382-20261008/third_party/tsz/crates/tsz-checker)
       Fresh bon-macros v3.10.1
       Fresh iroh-dns v1.3.0
       Fresh tantivy-sstable v0.7.0
       Fresh num_enum v0.7.6
       Fresh backend-execution v0.2.0 (/Users/rmccrar6/codex-worktrees/luna-index-projection-fastpath-7382-20261008/crates/execution)
       Fresh pyrefly_build v1.2.0-dev.1 (https://github.com/facebook/pyrefly?rev=30b5ca5250db9f2d9264d5e889662cf1224a75b7#30b5ca52)
       Fresh ruff_python_trivia v0.0.8
       Fresh tikv-jemalloc-sys v0.6.1+5.3.0-1-ge13ca993e8ccb9ba9847cc330696e02839f328f7
       Fresh toml v0.8.23
       Fresh ra_ap_test_fixture v0.0.341
       Fresh erased-serde v0.4.10
       Fresh ra_ap_hir v0.0.341
       Fresh n0-watcher v1.0.0
       Fresh char_str v0.0.2
       Fresh toml_edit v0.25.13+spec-1.1.0
       Fresh tokio-websockets v0.13.3
       Fresh json5 v1.3.1
       Fresh js-sys v0.3.104
       Fresh line-index v0.1.2
       Fresh ra_ap_toolchain v0.0.341 (/Users/rmccrar6/codex-worktrees/luna-index-projection-fastpath-7382-20261008/vendor/ra_ap_toolchain)
       Fresh nom v7.1.3
       Fresh derivative v2.2.0
       Fresh console v0.16.6
       Fresh ordered-float v5.5.0
       Fresh lsp-server v0.7.9
       Fresh convert_case v0.11.0
       Fresh opentelemetry v0.32.0
       Fresh configparser v3.3.0
       Fresh inplace-vec-builder v0.1.1
       Fresh pyrefly_derive v1.2.0-dev.1 (https://github.com/facebook/pyrefly?rev=30b5ca5250db9f2d9264d5e889662cf1224a75b7#30b5ca52)
       Fresh typetag-impl v0.2.23
       Fresh fnv v1.0.7
       Fresh seize v0.5.1
       Fresh unit-prefix v0.5.2
       Fresh fastdivide v0.4.2
       Fresh binary-merge v0.1.2
       Fresh temp-dir v0.2.0
       Fresh downcast-rs v2.0.2
       Fresh unty v0.0.4
       Fresh tantivy-columnar v0.7.0
       Fresh bincode v2.0.1
       Fresh ra_ap_project_model v0.0.341 (/Users/rmccrar6/codex-worktrees/luna-index-projection-fastpath-7382-20261008/vendor/ra_ap_project_model)
       Fresh range-collections v0.4.6
       Fresh indicatif v0.18.6
       Fresh tantivy-query-grammar v0.26.0
       Fresh papaya v0.2.5
       Fresh pyrefly_types v1.2.0-dev.1 (https://github.com/facebook/pyrefly?rev=30b5ca5250db9f2d9264d5e889662cf1224a75b7#30b5ca52)
       Fresh typetag v0.2.23
       Fresh pyrefly_config v1.2.0-dev.1 (https://github.com/facebook/pyrefly?rev=30b5ca5250db9f2d9264d5e889662cf1224a75b7#30b5ca52)
       Fresh tsp_types v1.2.0-dev.1 (https://github.com/facebook/pyrefly?rev=30b5ca5250db9f2d9264d5e889662cf1224a75b7#30b5ca52)
       Fresh ra_ap_ide_db v0.0.341
       Fresh tsz-lsp v0.1.75 (/Users/rmccrar6/codex-worktrees/luna-index-projection-fastpath-7382-20261008/third_party/tsz/crates/tsz-lsp)
       Fresh serde-wasm-bindgen v0.6.5
       Fresh iroh-relay v1.2.0
       Fresh ruff_python_ast v0.0.8
       Fresh netwatch v0.19.3
       Fresh backend-advisory v0.2.0 (/Users/rmccrar6/codex-worktrees/luna-index-projection-fastpath-7382-20261008/crates/advisory)
       Fresh tikv-jemallocator v0.6.1
       Fresh pyrefly_bundled v1.2.0-dev.1 (https://github.com/facebook/pyrefly?rev=30b5ca5250db9f2d9264d5e889662cf1224a75b7#30b5ca52)
       Fresh bon v3.10.1
       Fresh trustfall_core v0.8.1 (https://github.com/philocalyst/trustfall?rev=5a0a8607fc5d972380437289b9a4ad1aa5150b09#5a0a8607)
       Fresh paste v1.0.15
       Fresh oxc_ast_visit v0.139.0
       Fresh tsz-emitter v0.1.75 (/Users/rmccrar6/codex-worktrees/luna-index-projection-fastpath-7382-20261008/third_party/tsz/crates/tsz-emitter)
warning: method `contains_unnameable_self_referential_application` is never used
   --> third_party/tsz/crates/tsz-emitter/src/emitter/types/printer/type_printing.rs:783:19
    |
 51 | impl<'a> TypePrinter<'a> {
    | ------------------------ method in this implementation
...
783 |     pub(crate) fn contains_unnameable_self_referential_application(&self, type_id: TypeId) -> bool {
    |                   ^^^^^^^^^^^^^^^^^^^^^^^^^^^^^^^^^^^^^^^^^^^^^^^^
    |
    = note: `#[warn(dead_code)]` (part of `#[warn(unused)]`) on by default

warning: `tsz-emitter` (lib) generated 1 warning
       Fresh ra_ap_proc_macro_api v0.0.341
       Fresh pyrefly_graph v1.2.0-dev.1 (https://github.com/facebook/pyrefly?rev=30b5ca5250db9f2d9264d5e889662cf1224a75b7#30b5ca52)
       Fresh iroh-io v0.6.2
       Fresh ra_ap_vfs-notify v0.0.341
       Fresh ruff_annotate_snippets v0.1.0 (https://github.com/astral-sh/ruff/?rev=db5aa0a5f1b92cb91d910bf0866a967554dd94f5#db5aa0a5)
       Fresh lru v0.16.4
       Fresh backon v1.6.0
       Fresh fuzzy-matcher v0.3.7
       Fresh measure_time v0.9.0
       Fresh version-ranges v0.1.3
       Fresh rust-stemmers v1.2.0
       Fresh tantivy-tokenizer-api v0.7.0
       Fresh sketches-ddsketch v0.4.1
       Fresh trustfall_derive v0.3.1 (https://github.com/philocalyst/trustfall?rev=5a0a8607fc5d972380437289b9a4ad1aa5150b09#5a0a8607)
       Fresh positioned-io v0.3.5
       Fresh levenshtein_automata v0.2.1
       Fresh lz4_flex v0.13.1
       Fresh capnp v0.25.6
       Fresh faster-hex v0.6.1
       Fresh datasketches v0.2.0
       Fresh oneshot v0.1.13
       Fresh xxhash-rust v0.8.19
       Fresh census v0.4.2
       Fresh unscanny v0.1.0
       Fresh seq-macro v0.3.6
       Fresh htmlescape v0.3.1
       Fresh pep440_rs v0.7.3
       Fresh tantivy v0.26.2
       Fresh oxc_parser v0.139.0
       Fresh pyrefly v1.2.0-dev.1 (/Users/rmccrar6/codex-worktrees/luna-index-projection-fastpath-7382-20261008/vendor/pyrefly_native_1_2)
       Fresh bao-tree v0.16.0
       Fresh trustfall v0.8.1 (https://github.com/philocalyst/trustfall?rev=5a0a8607fc5d972380437289b9a4ad1aa5150b09#5a0a8607)
       Fresh iroh v1.2.0
       Fresh ra_ap_load-cargo v0.0.341
       Fresh tsz-core v0.1.75 (/Users/rmccrar6/codex-worktrees/luna-index-projection-fastpath-7382-20261008/third_party/tsz/crates/tsz-core)
       Fresh oxc_semantic v0.139.0
       Fresh backend-library v0.2.0 (/Users/rmccrar6/codex-worktrees/luna-index-projection-fastpath-7382-20261008/crates/library)
warning: unnecessary qualification
   --> crates/library/interface/compiler_fragment/nested.rs:845:32
    |
845 |     pub const fn kind(self) -> super::CompilerFragmentNestedFaultKind {
    |                                ^^^^^^^^^^^^^^^^^^^^^^^^^^^^^^^^^^^^^^
    |
    = note: requested on the command line with `-W unused-qualifications`
help: remove the unnecessary path segments
    |
845 -     pub const fn kind(self) -> super::CompilerFragmentNestedFaultKind {
845 +     pub const fn kind(self) -> CompilerFragmentNestedFaultKind {
    |

warning: unnecessary qualification
   --> crates/library/interface/compiler_fragment/nested.rs:860:28
    |
860 |     const fn kind(self) -> super::CompilerFragmentNestedFaultKind {
    |                            ^^^^^^^^^^^^^^^^^^^^^^^^^^^^^^^^^^^^^^
    |
help: remove the unnecessary path segments
    |
860 -     const fn kind(self) -> super::CompilerFragmentNestedFaultKind {
860 +     const fn kind(self) -> CompilerFragmentNestedFaultKind {
    |

warning: unnecessary qualification
   --> crates/library/interface/compiler_fragment/nested.rs:872:28
    |
872 |     const fn kind(self) -> super::CompilerFragmentNestedFaultKind {
    |                            ^^^^^^^^^^^^^^^^^^^^^^^^^^^^^^^^^^^^^^
    |
help: remove the unnecessary path segments
    |
872 -     const fn kind(self) -> super::CompilerFragmentNestedFaultKind {
872 +     const fn kind(self) -> CompilerFragmentNestedFaultKind {
    |

warning: unnecessary qualification
   --> crates/library/interface/compiler_fragment/nested.rs:884:28
    |
884 |     const fn kind(self) -> super::CompilerFragmentNestedFaultKind {
    |                            ^^^^^^^^^^^^^^^^^^^^^^^^^^^^^^^^^^^^^^
    |
help: remove the unnecessary path segments
    |
884 -     const fn kind(self) -> super::CompilerFragmentNestedFaultKind {
884 +     const fn kind(self) -> CompilerFragmentNestedFaultKind {
    |

warning: unnecessary qualification
   --> crates/library/interface/compiler_fragment/nested.rs:894:28
    |
894 |     const fn kind(self) -> super::CompilerFragmentNestedFaultKind {
    |                            ^^^^^^^^^^^^^^^^^^^^^^^^^^^^^^^^^^^^^^
    |
help: remove the unnecessary path segments
    |
894 -     const fn kind(self) -> super::CompilerFragmentNestedFaultKind {
894 +     const fn kind(self) -> CompilerFragmentNestedFaultKind {
    |

warning: unnecessary qualification
   --> crates/library/interface/compiler_fragment/nested.rs:931:28
    |
931 |     const fn kind(self) -> super::CompilerFragmentNestedFaultKind {
    |                            ^^^^^^^^^^^^^^^^^^^^^^^^^^^^^^^^^^^^^^
    |
help: remove the unnecessary path segments
    |
931 -     const fn kind(self) -> super::CompilerFragmentNestedFaultKind {
931 +     const fn kind(self) -> CompilerFragmentNestedFaultKind {
    |

warning: unnecessary qualification
   --> crates/library/interface/compiler_fragment/nested.rs:958:28
    |
958 |     const fn kind(self) -> super::CompilerFragmentNestedFaultKind {
    |                            ^^^^^^^^^^^^^^^^^^^^^^^^^^^^^^^^^^^^^^
    |
help: remove the unnecessary path segments
    |
958 -     const fn kind(self) -> super::CompilerFragmentNestedFaultKind {
958 +     const fn kind(self) -> CompilerFragmentNestedFaultKind {
    |

warning: unnecessary qualification
   --> crates/library/interface/compiler_fragment/nested.rs:980:28
    |
980 |     const fn kind(self) -> super::CompilerFragmentNestedFaultKind {
    |                            ^^^^^^^^^^^^^^^^^^^^^^^^^^^^^^^^^^^^^^
    |
help: remove the unnecessary path segments
    |
980 -     const fn kind(self) -> super::CompilerFragmentNestedFaultKind {
980 +     const fn kind(self) -> CompilerFragmentNestedFaultKind {
    |

warning: unnecessary qualification
   --> crates/library/interface/compiler_fragment/nested.rs:999:28
    |
999 |     const fn kind(self) -> super::CompilerFragmentNestedFaultKind {
    |                            ^^^^^^^^^^^^^^^^^^^^^^^^^^^^^^^^^^^^^^
    |
help: remove the unnecessary path segments
    |
999 -     const fn kind(self) -> super::CompilerFragmentNestedFaultKind {
999 +     const fn kind(self) -> CompilerFragmentNestedFaultKind {
    |

warning: unused import: `CompilerToolIssue`
 --> crates/library/surface.rs:5:53
  |
5 |     CompilerFragmentFaultKind, CompilerToolFailure, CompilerToolIssue, CompilerToolRequirement,
  |                                                     ^^^^^^^^^^^^^^^^^
  |
  = note: `#[warn(unused_imports)]` (part of `#[warn(unused)]`) on by default

warning: unused imports: `PackageAnonymousCallableAnchorFaultFacts` and `PackageAnonymousCallableAnchorPoolFact`
  --> crates/library/surface.rs:27:48
   |
27 |     CompilerNativeToolFact, CompilerStageFact, PackageAnonymousCallableAnchorFaultFacts,
   |                                                ^^^^^^^^^^^^^^^^^^^^^^^^^^^^^^^^^^^^^^^^
28 |     PackageAnonymousCallableAnchorPoolFact, PackageCompilerFailureCause,
   |     ^^^^^^^^^^^^^^^^^^^^^^^^^^^^^^^^^^^^^^

warning: unnecessary qualification
    --> crates/library/surface.rs:4416:31
     |
4416 |         let mut coordinates = std::collections::BTreeSet::new();
     |                               ^^^^^^^^^^^^^^^^^^^^^^^^^^^^^^^
     |
help: remove the unnecessary path segments
     |
4416 -         let mut coordinates = std::collections::BTreeSet::new();
4416 +         let mut coordinates = BTreeSet::new();
     |

warning: unused variable: `ordinal`
   --> crates/library/interface/compiler_fragment.rs:385:75
    |
385 |             CompilerFragmentFault::Prepare(PrepareError::OccurrenceLane { ordinal, fault }) => {
    |                                                                           ^^^^^^^ help: try ignoring the field: `ordinal: _`
    |
    = note: `#[warn(unused_variables)]` (part of `#[warn(unused)]`) on by default

warning: missing documentation for a variant
   --> crates/library/interface/compiler_fragment.rs:719:5
    |
719 |     AnonymousCallableName,
    |     ^^^^^^^^^^^^^^^^^^^^^
    |
    = note: requested on the command line with `-W missing-docs`

warning: missing documentation for a variant
   --> crates/library/interface/compiler_fragment.rs:720:5
    |
720 |     Capacity,
    |     ^^^^^^^^

warning: missing documentation for a variant
   --> crates/library/interface/compiler_fragment.rs:721:5
    |
721 |     InvalidTreeEntity,
    |     ^^^^^^^^^^^^^^^^^

warning: missing documentation for a variant
   --> crates/library/interface/compiler_fragment.rs:722:5
    |
722 |     Dangling,
    |     ^^^^^^^^

warning: missing documentation for a variant
   --> crates/library/interface/compiler_fragment.rs:723:5
    |
723 |     RecursiveType,
    |     ^^^^^^^^^^^^^

warning: missing documentation for a variant
   --> crates/library/interface/compiler_fragment.rs:724:5
    |
724 |     CallableElement,
    |     ^^^^^^^^^^^^^^^

warning: missing documentation for a variant
   --> crates/library/interface/compiler_fragment.rs:725:5
    |
725 |     MissingTypedVariadicParameter,
    |     ^^^^^^^^^^^^^^^^^^^^^^^^^^^^^

warning: missing documentation for a variant
   --> crates/library/interface/compiler_fragment.rs:726:5
    |
726 |     EmptyQualifiedPath,
    |     ^^^^^^^^^^^^^^^^^^

warning: missing documentation for a variant
   --> crates/library/interface/compiler_fragment.rs:727:5
    |
727 |     TypeParameterRequirements,
    |     ^^^^^^^^^^^^^^^^^^^^^^^^^

warning: missing documentation for a variant
   --> crates/library/interface/compiler_fragment.rs:728:5
    |
728 |     EmptyCxxQualification,
    |     ^^^^^^^^^^^^^^^^^^^^^

warning: missing documentation for a variant
   --> crates/library/interface/compiler_fragment.rs:729:5
    |
729 |     IllegalCQualifierTarget,
    |     ^^^^^^^^^^^^^^^^^^^^^^^

warning: missing documentation for a variant
   --> crates/library/interface/compiler_fragment.rs:730:5
    |
730 |     IllegalCxxMemberPointerOwner,
    |     ^^^^^^^^^^^^^^^^^^^^^^^^^^^^

warning: missing documentation for a variant
   --> crates/library/interface/compiler_fragment.rs:731:5
    |
731 |     InvalidDocumentationUtf8,
    |     ^^^^^^^^^^^^^^^^^^^^^^^^

warning: missing documentation for a variant
   --> crates/library/interface/compiler_fragment.rs:732:5
    |
732 |     InvalidOccurrenceSpan,
    |     ^^^^^^^^^^^^^^^^^^^^^

warning: missing documentation for a variant
   --> crates/library/interface/compiler_fragment.rs:733:5
    |
733 |     SignatureCarrierRoleCount,
    |     ^^^^^^^^^^^^^^^^^^^^^^^^^

warning: missing documentation for a variant
   --> crates/library/interface/compiler_fragment.rs:734:5
    |
734 |     SignatureCarrierRoleKind,
    |     ^^^^^^^^^^^^^^^^^^^^^^^^

warning: missing documentation for a variant
   --> crates/library/interface/compiler_fragment.rs:735:5
    |
735 |     SignatureCarrierRoleOwnerKind,
    |     ^^^^^^^^^^^^^^^^^^^^^^^^^^^^^

warning: missing documentation for a variant
   --> crates/library/interface/compiler_fragment.rs:736:5
    |
736 |     SignatureCarrierRoleAlreadyCaptured,
    |     ^^^^^^^^^^^^^^^^^^^^^^^^^^^^^^^^^^^

warning: missing documentation for a variant
   --> crates/library/interface/compiler_fragment.rs:737:5
    |
737 |     SignatureCarrierBindingsAlreadyCaptured,
    |     ^^^^^^^^^^^^^^^^^^^^^^^^^^^^^^^^^^^^^^^

warning: missing documentation for a variant
   --> crates/library/interface/compiler_fragment.rs:738:5
    |
738 |     SignatureCarrierBindingOwnerSet,
    |     ^^^^^^^^^^^^^^^^^^^^^^^^^^^^^^^

warning: missing documentation for a variant
   --> crates/library/interface/compiler_fragment.rs:739:5
    |
739 |     SignatureCarrierBindingSignature,
    |     ^^^^^^^^^^^^^^^^^^^^^^^^^^^^^^^^

warning: missing documentation for a variant
   --> crates/library/interface/compiler_fragment.rs:740:5
    |
740 |     SignatureCarrierBindingCounts,
    |     ^^^^^^^^^^^^^^^^^^^^^^^^^^^^^

warning: missing documentation for a variant
   --> crates/library/interface/compiler_fragment.rs:741:5
    |
741 |     SignatureCarrierBindingEdgeRole,
    |     ^^^^^^^^^^^^^^^^^^^^^^^^^^^^^^^

warning: missing documentation for a variant
   --> crates/library/interface/compiler_fragment.rs:742:5
    |
742 |     SignatureCarrierBindingTargetCount,
    |     ^^^^^^^^^^^^^^^^^^^^^^^^^^^^^^^^^^

warning: missing documentation for a variant
   --> crates/library/interface/compiler_fragment.rs:743:5
    |
743 |     SignatureCarrierBindingTargetKind,
    |     ^^^^^^^^^^^^^^^^^^^^^^^^^^^^^^^^^

warning: missing documentation for a variant
   --> crates/library/interface/compiler_fragment.rs:744:5
    |
744 |     SignatureCarrierBindingType,
    |     ^^^^^^^^^^^^^^^^^^^^^^^^^^^

warning: missing documentation for a variant
   --> crates/library/interface/compiler_fragment.rs:745:5
    |
745 |     SignatureCarrierBindingEdgeMismatch,
    |     ^^^^^^^^^^^^^^^^^^^^^^^^^^^^^^^^^^^

warning: missing documentation for a variant
   --> crates/library/interface/compiler_fragment.rs:746:5
    |
746 |     ParentCycle,
    |     ^^^^^^^^^^^

warning: missing documentation for a variant
   --> crates/library/interface/compiler_fragment.rs:747:5
    |
747 |     DeclarationKey,
    |     ^^^^^^^^^^^^^^

warning: missing documentation for a variant
   --> crates/library/interface/compiler_fragment.rs:748:5
    |
748 |     TypedDeclarationKey,
    |     ^^^^^^^^^^^^^^^^^^^

warning: missing documentation for a variant
   --> crates/library/interface/compiler_fragment.rs:749:5
    |
749 |     AnonymousCallableSourceUnavailable,
    |     ^^^^^^^^^^^^^^^^^^^^^^^^^^^^^^^^^^

warning: missing documentation for a variant
   --> crates/library/interface/compiler_fragment.rs:750:5
    |
750 |     AnonymousCallableAnchorInvalid,
    |     ^^^^^^^^^^^^^^^^^^^^^^^^^^^^^^

warning: missing documentation for a variant
   --> crates/library/interface/compiler_fragment.rs:751:5
    |
751 |     AnonymousCallableSourceCoordinate,
    |     ^^^^^^^^^^^^^^^^^^^^^^^^^^^^^^^^^

warning: missing documentation for a variant
   --> crates/library/interface/compiler_fragment.rs:752:5
    |
752 |     AnonymousCallableInstance,
    |     ^^^^^^^^^^^^^^^^^^^^^^^^^

warning: missing documentation for a variant
   --> crates/library/interface/compiler_fragment.rs:753:5
    |
753 |     ScopedDeclarationPreimage,
    |     ^^^^^^^^^^^^^^^^^^^^^^^^^

warning: missing documentation for a variant
   --> crates/library/interface/compiler_fragment.rs:754:5
    |
754 |     ForeignKeyPreimage,
    |     ^^^^^^^^^^^^^^^^^^

warning: missing documentation for a variant
   --> crates/library/interface/compiler_fragment.rs:755:5
    |
755 |     DuplicateDeclarationIdentity,
    |     ^^^^^^^^^^^^^^^^^^^^^^^^^^^^

warning: missing documentation for a variant
   --> crates/library/interface/compiler_fragment.rs:756:5
    |
756 |     TreeVersionCount,
    |     ^^^^^^^^^^^^^^^^

warning: missing documentation for a variant
   --> crates/library/interface/compiler_fragment.rs:757:5
    |
757 |     AuthorityRowCount,
    |     ^^^^^^^^^^^^^^^^^

warning: missing documentation for a variant
   --> crates/library/interface/compiler_fragment.rs:758:5
    |
758 |     OccurrenceAuthorityRowCount,
    |     ^^^^^^^^^^^^^^^^^^^^^^^^^^^

warning: missing documentation for a variant
   --> crates/library/interface/compiler_fragment.rs:759:5
    |
759 |     AuthorityFacts,
    |     ^^^^^^^^^^^^^^

warning: missing documentation for a variant
   --> crates/library/interface/compiler_fragment.rs:760:5
    |
760 |     OccurrenceAuthorityFacts,
    |     ^^^^^^^^^^^^^^^^^^^^^^^^

warning: missing documentation for a variant
   --> crates/library/interface/compiler_fragment.rs:761:5
    |
761 |     ImageProvenanceLineage,
    |     ^^^^^^^^^^^^^^^^^^^^^^

warning: missing documentation for a variant
   --> crates/library/interface/compiler_fragment.rs:762:5
    |
762 |     ImageProvenanceScope,
    |     ^^^^^^^^^^^^^^^^^^^^

warning: missing documentation for a variant
   --> crates/library/interface/compiler_fragment.rs:763:5
    |
763 |     ImageProvenanceScopePreimage,
    |     ^^^^^^^^^^^^^^^^^^^^^^^^^^^^

warning: missing documentation for a variant
   --> crates/library/interface/compiler_fragment.rs:764:5
    |
764 |     ImageProvenanceRecipe,
    |     ^^^^^^^^^^^^^^^^^^^^^

warning: missing documentation for a variant
   --> crates/library/interface/compiler_fragment.rs:765:5
    |
765 |     ImageProvenanceRebind,
    |     ^^^^^^^^^^^^^^^^^^^^^

warning: missing documentation for a variant
   --> crates/library/interface/compiler_fragment.rs:766:5
    |
766 |     LanguageExtension,
    |     ^^^^^^^^^^^^^^^^^

warning: missing documentation for a variant
   --> crates/library/interface/compiler_fragment.rs:767:5
    |
767 |     LanguageProfileMismatch,
    |     ^^^^^^^^^^^^^^^^^^^^^^^

warning: missing documentation for a variant
   --> crates/library/interface/compiler_fragment.rs:768:5
    |
768 |     LanguageProfileRebind,
    |     ^^^^^^^^^^^^^^^^^^^^^

warning: missing documentation for a variant
   --> crates/library/interface/compiler_fragment.rs:775:5
    |
775 |     Count,
    |     ^^^^^

warning: missing documentation for a variant
   --> crates/library/interface/compiler_fragment.rs:776:5
    |
776 |     AtomBytePoolOverflow,
    |     ^^^^^^^^^^^^^^^^^^^^

warning: missing documentation for a variant
   --> crates/library/interface/compiler_fragment.rs:777:5
    |
777 |     LayoutOverflow,
    |     ^^^^^^^^^^^^^^

warning: missing documentation for a variant
   --> crates/library/interface/compiler_fragment.rs:778:5
    |
778 |     NativeCount,
    |     ^^^^^^^^^^^

warning: missing documentation for a variant
   --> crates/library/interface/compiler_fragment.rs:779:5
    |
779 |     OutputLength,
    |     ^^^^^^^^^^^^

warning: missing documentation for a variant
   --> crates/library/interface/compiler_fragment.rs:780:5
    |
780 |     Entity,
    |     ^^^^^^

warning: missing documentation for a variant
   --> crates/library/interface/compiler_fragment.rs:781:5
    |
781 |     TypeNode,
    |     ^^^^^^^^

warning: missing documentation for a variant
   --> crates/library/interface/compiler_fragment.rs:782:5
    |
782 |     SemanticDataOverflow,
    |     ^^^^^^^^^^^^^^^^^^^^

warning: missing documentation for a variant
   --> crates/library/interface/compiler_fragment.rs:783:5
    |
783 |     SemanticEntityRoots,
    |     ^^^^^^^^^^^^^^^^^^^

warning: missing documentation for a variant
   --> crates/library/interface/compiler_fragment.rs:784:5
    |
784 |     SemanticAtomLength,
    |     ^^^^^^^^^^^^^^^^^^

warning: missing documentation for a variant
   --> crates/library/interface/compiler_fragment.rs:785:5
    |
785 |     SemanticData,
    |     ^^^^^^^^^^^^

warning: missing documentation for a variant
   --> crates/library/interface/compiler_fragment.rs:786:5
    |
786 |     OccurrenceLane,
    |     ^^^^^^^^^^^^^^

warning: missing documentation for a variant
   --> crates/library/interface/compiler_fragment.rs:787:5
    |
787 |     TypeFacts,
    |     ^^^^^^^^^

warning: missing documentation for a variant
   --> crates/library/interface/compiler_fragment.rs:788:5
    |
788 |     Documentation,
    |     ^^^^^^^^^^^^^

warning: missing documentation for a variant
   --> crates/library/interface/compiler_fragment.rs:789:5
    |
789 |     ExtensionPools,
    |     ^^^^^^^^^^^^^^

warning: missing documentation for a variant
   --> crates/library/interface/compiler_fragment.rs:790:5
    |
790 |     ExtensionPoolsMismatch,
    |     ^^^^^^^^^^^^^^^^^^^^^^

warning: missing documentation for a variant
   --> crates/library/interface/compiler_fragment.rs:797:5
    |
797 |     OutputTooSmall,
    |     ^^^^^^^^^^^^^^

warning: missing documentation for a variant
   --> crates/library/interface/compiler_fragment.rs:798:5
    |
798 |     ExtensionSection,
    |     ^^^^^^^^^^^^^^^^

warning: missing documentation for a variant
   --> crates/library/interface/compiler_fragment.rs:799:5
    |
799 |     AtomLength,
    |     ^^^^^^^^^^

warning: missing documentation for a variant
   --> crates/library/interface/compiler_fragment.rs:800:5
    |
800 |     AtomExtent,
    |     ^^^^^^^^^^

warning: missing documentation for a variant
   --> crates/library/interface/compiler_fragment.rs:801:5
    |
801 |     SemanticAtomLength,
    |     ^^^^^^^^^^^^^^^^^^

warning: missing documentation for a variant
   --> crates/library/interface/compiler_fragment.rs:808:5
    |
808 |     ExtensionPoolPair,
    |     ^^^^^^^^^^^^^^^^^

warning: missing documentation for a variant
   --> crates/library/interface/compiler_fragment.rs:809:5
    |
809 |     Documentation,
    |     ^^^^^^^^^^^^^

warning: missing documentation for a variant
   --> crates/library/interface/compiler_fragment.rs:810:5
    |
810 |     ExtensionPools,
    |     ^^^^^^^^^^^^^^

warning: missing documentation for a variant
   --> crates/library/interface/compiler_fragment.rs:811:5
    |
811 |     LanguageExtensions,
    |     ^^^^^^^^^^^^^^^^^^

warning: missing documentation for a variant
   --> crates/library/interface/compiler_fragment.rs:812:5
    |
812 |     TruncatedHeader,
    |     ^^^^^^^^^^^^^^^

warning: missing documentation for a variant
   --> crates/library/interface/compiler_fragment.rs:813:5
    |
813 |     Magic,
    |     ^^^^^

warning: missing documentation for a variant
   --> crates/library/interface/compiler_fragment.rs:814:5
    |
814 |     Schema,
    |     ^^^^^^

warning: missing documentation for a variant
   --> crates/library/interface/compiler_fragment.rs:815:5
    |
815 |     DeclaredLength,
    |     ^^^^^^^^^^^^^^

warning: missing documentation for a variant
   --> crates/library/interface/compiler_fragment.rs:816:5
    |
816 |     Extent,
    |     ^^^^^^

warning: missing documentation for a variant
   --> crates/library/interface/compiler_fragment.rs:817:5
    |
817 |     WireWidth,
    |     ^^^^^^^^^

warning: missing documentation for a variant
   --> crates/library/interface/compiler_fragment.rs:818:5
    |
818 |     Directory,
    |     ^^^^^^^^^

warning: missing documentation for a variant
   --> crates/library/interface/compiler_fragment.rs:819:5
    |
819 |     MissingSection,
    |     ^^^^^^^^^^^^^^

warning: missing documentation for a variant
   --> crates/library/interface/compiler_fragment.rs:820:5
    |
820 |     Entity,
    |     ^^^^^^

warning: missing documentation for a variant
   --> crates/library/interface/compiler_fragment.rs:821:5
    |
821 |     EntityRecord,
    |     ^^^^^^^^^^^^

warning: missing documentation for a variant
   --> crates/library/interface/compiler_fragment.rs:822:5
    |
822 |     Atom,
    |     ^^^^

warning: missing documentation for a variant
   --> crates/library/interface/compiler_fragment.rs:823:5
    |
823 |     TypeNode,
    |     ^^^^^^^^

warning: missing documentation for a variant
   --> crates/library/interface/compiler_fragment.rs:824:5
    |
824 |     SourceIdentity,
    |     ^^^^^^^^^^^^^^

warning: missing documentation for a variant
   --> crates/library/interface/compiler_fragment.rs:825:5
    |
825 |     RecipeFact,
    |     ^^^^^^^^^^

warning: missing documentation for a variant
   --> crates/library/interface/compiler_fragment.rs:826:5
    |
826 |     SemanticData,
    |     ^^^^^^^^^^^^

warning: missing documentation for a variant
   --> crates/library/interface/compiler_fragment.rs:827:5
    |
827 |     Occurrences,
    |     ^^^^^^^^^^^

warning: missing documentation for a variant
   --> crates/library/interface/compiler_fragment.rs:828:5
    |
828 |     TypeFacts,
    |     ^^^^^^^^^

warning: missing documentation for a variant
   --> crates/library/interface/compiler_fragment.rs:849:5
    |
849 |     Atom,
    |     ^^^^

warning: missing documentation for a variant
   --> crates/library/interface/compiler_fragment.rs:850:5
    |
850 |     Text,
    |     ^^^^

warning: missing documentation for a variant
   --> crates/library/interface/compiler_fragment.rs:851:5
    |
851 |     Type,
    |     ^^^^

warning: missing documentation for a variant
   --> crates/library/interface/compiler_fragment.rs:852:5
    |
852 |     Entity,
    |     ^^^^^^

warning: missing documentation for a variant
   --> crates/library/interface/compiler_fragment.rs:853:5
    |
853 |     External,
    |     ^^^^^^^^

warning: missing documentation for a variant
   --> crates/library/interface/compiler_fragment.rs:854:5
    |
854 |     Link,
    |     ^^^^

warning: missing documentation for a variant
   --> crates/library/interface/compiler_fragment.rs:855:5
    |
855 |     LinkOccurrence,
    |     ^^^^^^^^^^^^^^

warning: missing documentation for a variant
   --> crates/library/interface/compiler_fragment.rs:856:5
    |
856 |     TypeList,
    |     ^^^^^^^^

warning: missing documentation for a variant
   --> crates/library/interface/compiler_fragment.rs:857:5
    |
857 |     EntityList,
    |     ^^^^^^^^^^

warning: missing documentation for a variant
   --> crates/library/interface/compiler_fragment.rs:858:5
    |
858 |     AtomList,
    |     ^^^^^^^^

warning: missing documentation for a variant
   --> crates/library/interface/compiler_fragment.rs:859:5
    |
859 |     Docs,
    |     ^^^^

warning: missing documentation for a variant
   --> crates/library/interface/compiler_fragment.rs:860:5
    |
860 |     TupleElements,
    |     ^^^^^^^^^^^^^

warning: missing documentation for a variant
   --> crates/library/interface/compiler_fragment.rs:861:5
    |
861 |     ObjectMembers,
    |     ^^^^^^^^^^^^^

warning: missing documentation for a variant
   --> crates/library/interface/compiler_fragment.rs:862:5
    |
862 |     TemplateParts,
    |     ^^^^^^^^^^^^^

warning: missing documentation for a variant
   --> crates/library/interface/compiler_fragment.rs:863:5
    |
863 |     TypeParameterBounds,
    |     ^^^^^^^^^^^^^^^^^^^

warning: missing documentation for a variant
   --> crates/library/interface/compiler_fragment.rs:864:5
    |
864 |     TypeParameters,
    |     ^^^^^^^^^^^^^^

warning: missing documentation for a variant
   --> crates/library/interface/compiler_fragment.rs:865:5
    |
865 |     FreePredicates,
    |     ^^^^^^^^^^^^^^

warning: missing documentation for a variant
   --> crates/library/interface/compiler_fragment.rs:872:5
    |
872 |     Directory,
    |     ^^^^^^^^^

warning: missing documentation for a variant
   --> crates/library/interface/compiler_fragment.rs:873:5
    |
873 |     EntityLane,
    |     ^^^^^^^^^^

warning: missing documentation for a variant
   --> crates/library/interface/compiler_fragment.rs:874:5
    |
874 |     TypeNodeLane,
    |     ^^^^^^^^^^^^

warning: missing documentation for a variant
   --> crates/library/interface/compiler_fragment.rs:875:5
    |
875 |     AtomRecordLane,
    |     ^^^^^^^^^^^^^^

warning: missing documentation for a variant
   --> crates/library/interface/compiler_fragment.rs:876:5
    |
876 |     AtomByteLane,
    |     ^^^^^^^^^^^^

warning: missing documentation for a variant
   --> crates/library/interface/compiler_fragment.rs:877:5
    |
877 |     SourceIdentityLane,
    |     ^^^^^^^^^^^^^^^^^^

warning: missing documentation for a variant
   --> crates/library/interface/compiler_fragment.rs:878:5
    |
878 |     RecipeFactLane,
    |     ^^^^^^^^^^^^^^

warning: missing documentation for a variant
   --> crates/library/interface/compiler_fragment.rs:879:5
    |
879 |     SemanticData,
    |     ^^^^^^^^^^^^

warning: missing documentation for a variant
   --> crates/library/interface/compiler_fragment.rs:880:5
    |
880 |     Occurrences,
    |     ^^^^^^^^^^^

warning: missing documentation for a variant
   --> crates/library/interface/compiler_fragment.rs:881:5
    |
881 |     TypeFacts,
    |     ^^^^^^^^^

warning: missing documentation for a variant
   --> crates/library/interface/compiler_fragment.rs:882:5
    |
882 |     Documentation,
    |     ^^^^^^^^^^^^^

warning: missing documentation for a variant
   --> crates/library/interface/compiler_fragment.rs:883:5
    |
883 |     LanguageExtensions,
    |     ^^^^^^^^^^^^^^^^^^

warning: missing documentation for a variant
   --> crates/library/interface/compiler_fragment.rs:884:5
    |
884 |     ExtensionPools,
    |     ^^^^^^^^^^^^^^

warning: missing documentation for a variant
   --> crates/library/interface/compiler_fragment.rs:891:5
    |
891 |     Prepare,
    |     ^^^^^^^

warning: missing documentation for a variant
   --> crates/library/interface/compiler_fragment.rs:892:5
    |
892 |     Write,
    |     ^^^^^

warning: missing documentation for a variant
   --> crates/library/interface/compiler_fragment.rs:893:5
    |
893 |     Validate,
    |     ^^^^^^^^

warning: missing documentation for a variant
  --> crates/library/interface/compiler_fragment/nested.rs:15:5
   |
15 |     Atoms,
   |     ^^^^^

warning: missing documentation for a variant
  --> crates/library/interface/compiler_fragment/nested.rs:16:5
   |
16 |     Products,
   |     ^^^^^^^^

warning: missing documentation for a variant
  --> crates/library/interface/compiler_fragment/nested.rs:17:5
   |
17 |     Constructors,
   |     ^^^^^^^^^^^^

warning: missing documentation for a variant
  --> crates/library/interface/compiler_fragment/nested.rs:18:5
   |
18 |     Lists,
   |     ^^^^^

warning: missing documentation for a variant
  --> crates/library/interface/compiler_fragment/nested.rs:19:5
   |
19 |     Children,
   |     ^^^^^^^^

warning: missing documentation for a variant
  --> crates/library/interface/compiler_fragment/nested.rs:20:5
   |
20 |     AtomOrder,
   |     ^^^^^^^^^

warning: missing documentation for a variant
  --> crates/library/interface/compiler_fragment/nested.rs:21:5
   |
21 |     AtomMap,
   |     ^^^^^^^

warning: missing documentation for a variant
  --> crates/library/interface/compiler_fragment/nested.rs:22:5
   |
22 |     ProductOrder,
   |     ^^^^^^^^^^^^

warning: missing documentation for a variant
  --> crates/library/interface/compiler_fragment/nested.rs:23:5
   |
23 |     ProductMap,
   |     ^^^^^^^^^^

warning: missing documentation for a variant
  --> crates/library/interface/compiler_fragment/nested.rs:24:5
   |
24 |     Colors,
   |     ^^^^^^

warning: missing documentation for a variant
  --> crates/library/interface/compiler_fragment/nested.rs:25:5
   |
25 |     NextColors,
   |     ^^^^^^^^^^

warning: missing documentation for a variant
  --> crates/library/interface/compiler_fragment/nested.rs:26:5
   |
26 |     Hashes,
   |     ^^^^^^

warning: missing documentation for a variant
  --> crates/library/interface/compiler_fragment/nested.rs:27:5
   |
27 |     NextHashes,
   |     ^^^^^^^^^^

warning: missing documentation for a variant
  --> crates/library/interface/compiler_fragment/nested.rs:28:5
   |
28 |     Representatives,
   |     ^^^^^^^^^^^^^^^

warning: missing documentation for a variant
  --> crates/library/interface/compiler_fragment/nested.rs:29:5
   |
29 |     InternSlots,
   |     ^^^^^^^^^^^

warning: missing documentation for a variant
  --> crates/library/interface/compiler_fragment/nested.rs:36:5
   |
36 |     RefinementRounds,
   |     ^^^^^^^^^^^^^^^^

warning: missing documentation for a variant
  --> crates/library/interface/compiler_fragment/nested.rs:37:5
   |
37 |     SortComparisons,
   |     ^^^^^^^^^^^^^^^

warning: missing documentation for a variant
  --> crates/library/interface/compiler_fragment/nested.rs:38:5
   |
38 |     HashEvaluations,
   |     ^^^^^^^^^^^^^^^

warning: missing documentation for a variant
  --> crates/library/interface/compiler_fragment/nested.rs:39:5
   |
39 |     InternProbes,
   |     ^^^^^^^^^^^^

warning: missing documentation for a variant
  --> crates/library/interface/compiler_fragment/nested.rs:40:5
   |
40 |     Work,
   |     ^^^^

warning: missing documentation for a variant
  --> crates/library/interface/compiler_fragment/nested.rs:53:5
   |
53 |     EntityRecord(EntityRecordFaultFacts),
   |     ^^^^^^^^^^^^

warning: missing documentation for a variant
  --> crates/library/interface/compiler_fragment/nested.rs:54:5
   |
54 |     TypeNode(TypeNodeFaultFacts),
   |     ^^^^^^^^

warning: missing documentation for a variant
  --> crates/library/interface/compiler_fragment/nested.rs:55:5
   |
55 |     Atom(AtomFaultFacts),
   |     ^^^^

warning: missing documentation for a variant
  --> crates/library/interface/compiler_fragment/nested.rs:56:5
   |
56 |     CanonicalData(CanonicalDataFaultFacts),
   |     ^^^^^^^^^^^^^

warning: missing documentation for a variant
  --> crates/library/interface/compiler_fragment/nested.rs:57:5
   |
57 |     SemanticData(SemanticDataFaultFacts),
   |     ^^^^^^^^^^^^

warning: missing documentation for a variant
  --> crates/library/interface/compiler_fragment/nested.rs:58:5
   |
58 |     Occurrence(OccurrenceFaultFacts),
   |     ^^^^^^^^^^

warning: missing documentation for a variant
  --> crates/library/interface/compiler_fragment/nested.rs:59:5
   |
59 |     SignatureCarrier(SignatureCarrierFaultFacts),
   |     ^^^^^^^^^^^^^^^^

warning: missing documentation for a variant
  --> crates/library/interface/compiler_fragment/nested.rs:60:5
   |
60 |     Validation(ValidationFaultFacts),
   |     ^^^^^^^^^^

warning: missing documentation for a variant
  --> crates/library/interface/compiler_fragment/nested.rs:68:5
   |
68 |     EntityTypeReference,
   |     ^^^^^^^^^^^^^^^^^^^

warning: missing documentation for a variant
  --> crates/library/interface/compiler_fragment/nested.rs:69:5
   |
69 |     EntityNameReference,
   |     ^^^^^^^^^^^^^^^^^^^

warning: missing documentation for a variant
  --> crates/library/interface/compiler_fragment/nested.rs:70:5
   |
70 |     EntityKindTag,
   |     ^^^^^^^^^^^^^

warning: missing documentation for a variant
  --> crates/library/interface/compiler_fragment/nested.rs:71:5
   |
71 |     EntityReservedBits,
   |     ^^^^^^^^^^^^^^^^^^

warning: missing documentation for a variant
  --> crates/library/interface/compiler_fragment/nested.rs:72:5
   |
72 |     TypeNodeReservedBytes,
   |     ^^^^^^^^^^^^^^^^^^^^^

warning: missing documentation for a variant
  --> crates/library/interface/compiler_fragment/nested.rs:73:5
   |
73 |     TypeNodeTag,
   |     ^^^^^^^^^^^

warning: missing documentation for a variant
  --> crates/library/interface/compiler_fragment/nested.rs:74:5
   |
74 |     TypeNodePrimitive,
   |     ^^^^^^^^^^^^^^^^^

warning: missing documentation for a variant
  --> crates/library/interface/compiler_fragment/nested.rs:75:5
   |
75 |     TypeNodeEdge,
   |     ^^^^^^^^^^^^

warning: missing documentation for a variant
  --> crates/library/interface/compiler_fragment/nested.rs:76:5
   |
76 |     AtomRange,
   |     ^^^^^^^^^

warning: missing documentation for a variant
  --> crates/library/interface/compiler_fragment/nested.rs:77:5
   |
77 |     AtomEmpty,
   |     ^^^^^^^^^

warning: missing documentation for a variant
  --> crates/library/interface/compiler_fragment/nested.rs:78:5
   |
78 |     CanonicalDataCount,
   |     ^^^^^^^^^^^^^^^^^^

warning: missing documentation for a variant
  --> crates/library/interface/compiler_fragment/nested.rs:79:5
   |
79 |     CanonicalDataNativeCount,
   |     ^^^^^^^^^^^^^^^^^^^^^^^^

warning: missing documentation for a variant
  --> crates/library/interface/compiler_fragment/nested.rs:80:5
   |
80 |     CanonicalDataNativeWork,
   |     ^^^^^^^^^^^^^^^^^^^^^^^

warning: missing documentation for a variant
  --> crates/library/interface/compiler_fragment/nested.rs:81:5
   |
81 |     CanonicalDataCanonicalCountOverflow,
   |     ^^^^^^^^^^^^^^^^^^^^^^^^^^^^^^^^^^^

warning: missing documentation for a variant
  --> crates/library/interface/compiler_fragment/nested.rs:82:5
   |
82 |     CanonicalDataCanonicalCountMismatch,
   |     ^^^^^^^^^^^^^^^^^^^^^^^^^^^^^^^^^^^

warning: missing documentation for a variant
  --> crates/library/interface/compiler_fragment/nested.rs:83:5
   |
83 |     CanonicalDataScratch,
   |     ^^^^^^^^^^^^^^^^^^^^

warning: missing documentation for a variant
  --> crates/library/interface/compiler_fragment/nested.rs:84:5
   |
84 |     CanonicalDataOutputTooSmall,
   |     ^^^^^^^^^^^^^^^^^^^^^^^^^^^

warning: missing documentation for a variant
  --> crates/library/interface/compiler_fragment/nested.rs:85:5
   |
85 |     CanonicalDataProductHead,
   |     ^^^^^^^^^^^^^^^^^^^^^^^^

warning: missing documentation for a variant
  --> crates/library/interface/compiler_fragment/nested.rs:86:5
   |
86 |     CanonicalDataProductList,
   |     ^^^^^^^^^^^^^^^^^^^^^^^^

warning: missing documentation for a variant
  --> crates/library/interface/compiler_fragment/nested.rs:87:5
   |
87 |     CanonicalDataConstructorCount,
   |     ^^^^^^^^^^^^^^^^^^^^^^^^^^^^^

warning: missing documentation for a variant
  --> crates/library/interface/compiler_fragment/nested.rs:88:5
   |
88 |     CanonicalDataConstructorTag,
   |     ^^^^^^^^^^^^^^^^^^^^^^^^^^^

warning: missing documentation for a variant
  --> crates/library/interface/compiler_fragment/nested.rs:89:5
   |
89 |     CanonicalDataConstructorReservedPayload,
   |     ^^^^^^^^^^^^^^^^^^^^^^^^^^^^^^^^^^^^^^^

warning: missing documentation for a variant
  --> crates/library/interface/compiler_fragment/nested.rs:90:5
   |
90 |     CanonicalDataConstructorArityOverflow,
   |     ^^^^^^^^^^^^^^^^^^^^^^^^^^^^^^^^^^^^^

warning: missing documentation for a variant
  --> crates/library/interface/compiler_fragment/nested.rs:91:5
   |
91 |     CanonicalDataConstructorArity,
   |     ^^^^^^^^^^^^^^^^^^^^^^^^^^^^^

warning: missing documentation for a variant
  --> crates/library/interface/compiler_fragment/nested.rs:92:5
   |
92 |     CanonicalDataProductChildRole,
   |     ^^^^^^^^^^^^^^^^^^^^^^^^^^^^^

warning: missing documentation for a variant
  --> crates/library/interface/compiler_fragment/nested.rs:93:5
   |
93 |     CanonicalDataListExtent,
   |     ^^^^^^^^^^^^^^^^^^^^^^^

warning: missing documentation for a variant
  --> crates/library/interface/compiler_fragment/nested.rs:94:5
   |
94 |     CanonicalDataNativeExtent,
   |     ^^^^^^^^^^^^^^^^^^^^^^^^^

warning: missing documentation for a variant
  --> crates/library/interface/compiler_fragment/nested.rs:95:5
   |
95 |     CanonicalDataProductChild,
   |     ^^^^^^^^^^^^^^^^^^^^^^^^^

warning: missing documentation for a variant
  --> crates/library/interface/compiler_fragment/nested.rs:96:5
   |
96 |     CanonicalDataOutputLength,
   |     ^^^^^^^^^^^^^^^^^^^^^^^^^

warning: missing documentation for a variant
  --> crates/library/interface/compiler_fragment/nested.rs:97:5
   |
97 |     CanonicalDataCanonicalListExtent,
   |     ^^^^^^^^^^^^^^^^^^^^^^^^^^^^^^^^

warning: missing documentation for a variant
  --> crates/library/interface/compiler_fragment/nested.rs:98:5
   |
98 |     CanonicalDataCanonicalAtom,
   |     ^^^^^^^^^^^^^^^^^^^^^^^^^^

warning: missing documentation for a variant
  --> crates/library/interface/compiler_fragment/nested.rs:99:5
   |
99 |     CanonicalDataCanonicalProduct,
   |     ^^^^^^^^^^^^^^^^^^^^^^^^^^^^^

warning: missing documentation for a variant
   --> crates/library/interface/compiler_fragment/nested.rs:100:5
    |
100 |     CanonicalDataCanonicalList,
    |     ^^^^^^^^^^^^^^^^^^^^^^^^^^

warning: missing documentation for a variant
   --> crates/library/interface/compiler_fragment/nested.rs:101:5
    |
101 |     CanonicalDataRefinementBound,
    |     ^^^^^^^^^^^^^^^^^^^^^^^^^^^^

warning: missing documentation for a variant
   --> crates/library/interface/compiler_fragment/nested.rs:102:5
    |
102 |     CanonicalDataInternTableFull,
    |     ^^^^^^^^^^^^^^^^^^^^^^^^^^^^

warning: missing documentation for a variant
   --> crates/library/interface/compiler_fragment/nested.rs:103:5
    |
103 |     CanonicalDataInternEntry,
    |     ^^^^^^^^^^^^^^^^^^^^^^^^

warning: missing documentation for a variant
   --> crates/library/interface/compiler_fragment/nested.rs:104:5
    |
104 |     CanonicalDataResourceCounterOverflow,
    |     ^^^^^^^^^^^^^^^^^^^^^^^^^^^^^^^^^^^^

warning: missing documentation for a variant
   --> crates/library/interface/compiler_fragment/nested.rs:105:5
    |
105 |     CanonicalDataBudgetAdmission,
    |     ^^^^^^^^^^^^^^^^^^^^^^^^^^^^

warning: missing documentation for a variant
   --> crates/library/interface/compiler_fragment/nested.rs:106:5
    |
106 |     CanonicalDataBudgetExceeded,
    |     ^^^^^^^^^^^^^^^^^^^^^^^^^^^

warning: missing documentation for a variant
   --> crates/library/interface/compiler_fragment/nested.rs:107:5
    |
107 |     SemanticDataHeader,
    |     ^^^^^^^^^^^^^^^^^^

warning: missing documentation for a variant
   --> crates/library/interface/compiler_fragment/nested.rs:108:5
    |
108 |     SemanticDataAtomLength,
    |     ^^^^^^^^^^^^^^^^^^^^^^

warning: missing documentation for a variant
   --> crates/library/interface/compiler_fragment/nested.rs:109:5
    |
109 |     SemanticDataProductHead,
    |     ^^^^^^^^^^^^^^^^^^^^^^^

warning: missing documentation for a variant
   --> crates/library/interface/compiler_fragment/nested.rs:110:5
    |
110 |     SemanticDataProductList,
    |     ^^^^^^^^^^^^^^^^^^^^^^^

warning: missing documentation for a variant
   --> crates/library/interface/compiler_fragment/nested.rs:111:5
    |
111 |     SemanticDataConstructorCount,
    |     ^^^^^^^^^^^^^^^^^^^^^^^^^^^^

warning: missing documentation for a variant
   --> crates/library/interface/compiler_fragment/nested.rs:112:5
    |
112 |     SemanticDataEntityRootCount,
    |     ^^^^^^^^^^^^^^^^^^^^^^^^^^^

warning: missing documentation for a variant
   --> crates/library/interface/compiler_fragment/nested.rs:113:5
    |
113 |     SemanticDataEntityRoot,
    |     ^^^^^^^^^^^^^^^^^^^^^^

warning: missing documentation for a variant
   --> crates/library/interface/compiler_fragment/nested.rs:114:5
    |
114 |     SemanticDataConstructorTag,
    |     ^^^^^^^^^^^^^^^^^^^^^^^^^^

warning: missing documentation for a variant
   --> crates/library/interface/compiler_fragment/nested.rs:115:5
    |
115 |     SemanticDataConstructorReservedPayload,
    |     ^^^^^^^^^^^^^^^^^^^^^^^^^^^^^^^^^^^^^^

warning: missing documentation for a variant
   --> crates/library/interface/compiler_fragment/nested.rs:116:5
    |
116 |     SemanticDataConstructorArityOverflow,
    |     ^^^^^^^^^^^^^^^^^^^^^^^^^^^^^^^^^^^^

warning: missing documentation for a variant
   --> crates/library/interface/compiler_fragment/nested.rs:117:5
    |
117 |     SemanticDataConstructorArity,
    |     ^^^^^^^^^^^^^^^^^^^^^^^^^^^^

warning: missing documentation for a variant
   --> crates/library/interface/compiler_fragment/nested.rs:118:5
    |
118 |     SemanticDataListExtent,
    |     ^^^^^^^^^^^^^^^^^^^^^^

warning: missing documentation for a variant
   --> crates/library/interface/compiler_fragment/nested.rs:119:5
    |
119 |     SemanticDataChildRoleCode,
    |     ^^^^^^^^^^^^^^^^^^^^^^^^^

warning: missing documentation for a variant
   --> crates/library/interface/compiler_fragment/nested.rs:120:5
    |
120 |     SemanticDataChildRole,
    |     ^^^^^^^^^^^^^^^^^^^^^

warning: missing documentation for a variant
   --> crates/library/interface/compiler_fragment/nested.rs:121:5
    |
121 |     SemanticDataChildTag,
    |     ^^^^^^^^^^^^^^^^^^^^

warning: missing documentation for a variant
   --> crates/library/interface/compiler_fragment/nested.rs:122:5
    |
122 |     SemanticDataLocalChild,
    |     ^^^^^^^^^^^^^^^^^^^^^^

warning: missing documentation for a variant
   --> crates/library/interface/compiler_fragment/nested.rs:123:5
    |
123 |     SemanticDataLocalReserved,
    |     ^^^^^^^^^^^^^^^^^^^^^^^^^

warning: missing documentation for a variant
   --> crates/library/interface/compiler_fragment/nested.rs:124:5
    |
124 |     SemanticDataExternalAuthority,
    |     ^^^^^^^^^^^^^^^^^^^^^^^^^^^^^

warning: missing documentation for a variant
   --> crates/library/interface/compiler_fragment/nested.rs:125:5
    |
125 |     SemanticDataTrailing,
    |     ^^^^^^^^^^^^^^^^^^^^

warning: missing documentation for a variant
   --> crates/library/interface/compiler_fragment/nested.rs:126:5
    |
126 |     OccurrenceOwner,
    |     ^^^^^^^^^^^^^^^

warning: missing documentation for a variant
   --> crates/library/interface/compiler_fragment/nested.rs:127:5
    |
127 |     OccurrenceLocalTarget,
    |     ^^^^^^^^^^^^^^^^^^^^^

warning: missing documentation for a variant
   --> crates/library/interface/compiler_fragment/nested.rs:128:5
    |
128 |     OccurrenceTargetTag,
    |     ^^^^^^^^^^^^^^^^^^^

warning: missing documentation for a variant
   --> crates/library/interface/compiler_fragment/nested.rs:129:5
    |
129 |     OccurrenceOriginTag,
    |     ^^^^^^^^^^^^^^^^^^^

warning: missing documentation for a variant
   --> crates/library/interface/compiler_fragment/nested.rs:130:5
    |
130 |     OccurrenceReferenceKind,
    |     ^^^^^^^^^^^^^^^^^^^^^^^

warning: missing documentation for a variant
   --> crates/library/interface/compiler_fragment/nested.rs:131:5
    |
131 |     OccurrenceConfidence,
    |     ^^^^^^^^^^^^^^^^^^^^

warning: missing documentation for a variant
   --> crates/library/interface/compiler_fragment/nested.rs:132:5
    |
132 |     OccurrenceSpan,
    |     ^^^^^^^^^^^^^^

warning: missing documentation for a variant
   --> crates/library/interface/compiler_fragment/nested.rs:133:5
    |
133 |     OccurrenceKindCell,
    |     ^^^^^^^^^^^^^^^^^^

warning: missing documentation for a variant
   --> crates/library/interface/compiler_fragment/nested.rs:134:5
    |
134 |     OccurrenceEmptyPath,
    |     ^^^^^^^^^^^^^^^^^^^

warning: missing documentation for a variant
   --> crates/library/interface/compiler_fragment/nested.rs:135:5
    |
135 |     OccurrenceTruncated,
    |     ^^^^^^^^^^^^^^^^^^^

warning: missing documentation for a variant
   --> crates/library/interface/compiler_fragment/nested.rs:136:5
    |
136 |     OccurrenceTrailingBytes,
    |     ^^^^^^^^^^^^^^^^^^^^^^^

warning: missing documentation for a variant
   --> crates/library/interface/compiler_fragment/nested.rs:137:5
    |
137 |     OccurrenceLegacyStableTarget,
    |     ^^^^^^^^^^^^^^^^^^^^^^^^^^^^

warning: missing documentation for a variant
   --> crates/library/interface/compiler_fragment/nested.rs:138:5
    |
138 |     OccurrenceAuthorityDomain,
    |     ^^^^^^^^^^^^^^^^^^^^^^^^^

warning: missing documentation for a variant
   --> crates/library/interface/compiler_fragment/nested.rs:139:5
    |
139 |     OccurrenceAuthorityWidth,
    |     ^^^^^^^^^^^^^^^^^^^^^^^^

warning: missing documentation for a variant
   --> crates/library/interface/compiler_fragment/nested.rs:140:5
    |
140 |     ValidateTruncatedHeader,
    |     ^^^^^^^^^^^^^^^^^^^^^^^

warning: missing documentation for a variant
   --> crates/library/interface/compiler_fragment/nested.rs:141:5
    |
141 |     ValidateMagic,
    |     ^^^^^^^^^^^^^

warning: missing documentation for a variant
   --> crates/library/interface/compiler_fragment/nested.rs:142:5
    |
142 |     ValidateSchema,
    |     ^^^^^^^^^^^^^^

warning: missing documentation for a variant
   --> crates/library/interface/compiler_fragment/nested.rs:143:5
    |
143 |     ValidateDeclaredLength,
    |     ^^^^^^^^^^^^^^^^^^^^^^

warning: missing documentation for a variant
   --> crates/library/interface/compiler_fragment/nested.rs:144:5
    |
144 |     ValidateExtent,
    |     ^^^^^^^^^^^^^^

warning: missing documentation for a variant
   --> crates/library/interface/compiler_fragment/nested.rs:145:5
    |
145 |     ValidateWireWidth,
    |     ^^^^^^^^^^^^^^^^^

warning: missing documentation for a variant
   --> crates/library/interface/compiler_fragment/nested.rs:146:5
    |
146 |     SignatureCarrierRoleCount,
    |     ^^^^^^^^^^^^^^^^^^^^^^^^^

warning: missing documentation for a variant
   --> crates/library/interface/compiler_fragment/nested.rs:147:5
    |
147 |     SignatureCarrierRoleKind,
    |     ^^^^^^^^^^^^^^^^^^^^^^^^

warning: missing documentation for a variant
   --> crates/library/interface/compiler_fragment/nested.rs:148:5
    |
148 |     SignatureCarrierRoleOwnerKind,
    |     ^^^^^^^^^^^^^^^^^^^^^^^^^^^^^

warning: missing documentation for a variant
   --> crates/library/interface/compiler_fragment/nested.rs:149:5
    |
149 |     SignatureCarrierBindingOwnerSet,
    |     ^^^^^^^^^^^^^^^^^^^^^^^^^^^^^^^

warning: missing documentation for a variant
   --> crates/library/interface/compiler_fragment/nested.rs:150:5
    |
150 |     SignatureCarrierBindingSignature,
    |     ^^^^^^^^^^^^^^^^^^^^^^^^^^^^^^^^

warning: missing documentation for a variant
   --> crates/library/interface/compiler_fragment/nested.rs:151:5
    |
151 |     SignatureCarrierBindingCounts,
    |     ^^^^^^^^^^^^^^^^^^^^^^^^^^^^^

warning: missing documentation for a variant
   --> crates/library/interface/compiler_fragment/nested.rs:152:5
    |
152 |     SignatureCarrierBindingEdgeRole,
    |     ^^^^^^^^^^^^^^^^^^^^^^^^^^^^^^^

warning: missing documentation for a variant
   --> crates/library/interface/compiler_fragment/nested.rs:153:5
    |
153 |     SignatureCarrierBindingTargetCount,
    |     ^^^^^^^^^^^^^^^^^^^^^^^^^^^^^^^^^^

warning: missing documentation for a variant
   --> crates/library/interface/compiler_fragment/nested.rs:154:5
    |
154 |     SignatureCarrierBindingTargetKind,
    |     ^^^^^^^^^^^^^^^^^^^^^^^^^^^^^^^^^

warning: missing documentation for a variant
   --> crates/library/interface/compiler_fragment/nested.rs:155:5
    |
155 |     SignatureCarrierBindingType,
    |     ^^^^^^^^^^^^^^^^^^^^^^^^^^^

warning: missing documentation for a variant
   --> crates/library/interface/compiler_fragment/nested.rs:156:5
    |
156 |     SignatureCarrierBindingEdgeMismatch,
    |     ^^^^^^^^^^^^^^^^^^^^^^^^^^^^^^^^^^^

warning: missing documentation for a variant
   --> crates/library/interface/compiler_fragment/nested.rs:168:15
    |
168 |               $($variant { $($field: $ty),* }),*
    |                 ^^^^^^^^^^^^^^^^^^^^^^^^^^^^^
...
173 | / nested_fault_enum! {
174 | |     /// Entity-record and entity-coordinate validation subcauses.
175 | |     EntityRecordFaultFacts {
176 | |         TypeReference { ordinal: u32, target: u32, node_count: u32 },
...   |
181 | | }
    | |_- in this macro invocation
    |
    = note: this warning originates in the macro `nested_fault_enum` (in Nightly builds, run with -Z macro-backtrace for more info)

warning: missing documentation for a struct field
   --> crates/library/interface/compiler_fragment/nested.rs:168:28
    |
168 |               $($variant { $($field: $ty),* }),*
    |                              ^^^^^^^^^^^
...
173 | / nested_fault_enum! {
174 | |     /// Entity-record and entity-coordinate validation subcauses.
175 | |     EntityRecordFaultFacts {
176 | |         TypeReference { ordinal: u32, target: u32, node_count: u32 },
...   |
181 | | }
    | |_- in this macro invocation
    |
    = note: this warning originates in the macro `nested_fault_enum` (in Nightly builds, run with -Z macro-backtrace for more info)

warning: missing documentation for a variant
    --> crates/library/interface/compiler_fragment/nested.rs:168:15
     |
 168 |               $($variant { $($field: $ty),* }),*
     |                 ^^^^^^^^^^^^^^^^^^^^^^^^^^^^^
...
1017 | / nested_fault_enum! {
1018 | |     /// Type-node validation subcauses.
1019 | |     TypeNodeFaultFacts {
1020 | |         ReservedBytes { ordinal: u32, packed: u32 },
...    |
1025 | | }
     | |_- in this macro invocation
     |
     = note: this warning originates in the macro `nested_fault_enum` (in Nightly builds, run with -Z macro-backtrace for more info)

warning: missing documentation for a struct field
    --> crates/library/interface/compiler_fragment/nested.rs:168:28
     |
 168 |               $($variant { $($field: $ty),* }),*
     |                              ^^^^^^^^^^^
...
1017 | / nested_fault_enum! {
1018 | |     /// Type-node validation subcauses.
1019 | |     TypeNodeFaultFacts {
1020 | |         ReservedBytes { ordinal: u32, packed: u32 },
...    |
1025 | | }
     | |_- in this macro invocation
     |
     = note: this warning originates in the macro `nested_fault_enum` (in Nightly builds, run with -Z macro-backtrace for more info)

warning: missing documentation for a variant
    --> crates/library/interface/compiler_fragment/nested.rs:168:15
     |
 168 |               $($variant { $($field: $ty),* }),*
     |                 ^^^^^^^^^^^^^^^^^^^^^^^^^^^^^
...
1027 | / nested_fault_enum! {
1028 | |     /// Atom-record validation subcauses.
1029 | |     AtomFaultFacts {
1030 | |         Range { ordinal: u32, start: u32, length: u32, byte_count: u32 },
...    |
1033 | | }
     | |_- in this macro invocation
     |
     = note: this warning originates in the macro `nested_fault_enum` (in Nightly builds, run with -Z macro-backtrace for more info)

warning: missing documentation for a struct field
    --> crates/library/interface/compiler_fragment/nested.rs:168:28
     |
 168 |               $($variant { $($field: $ty),* }),*
     |                              ^^^^^^^^^^^
...
1027 | / nested_fault_enum! {
1028 | |     /// Atom-record validation subcauses.
1029 | |     AtomFaultFacts {
1030 | |         Range { ordinal: u32, start: u32, length: u32, byte_count: u32 },
...    |
1033 | | }
     | |_- in this macro invocation
     |
     = note: this warning originates in the macro `nested_fault_enum` (in Nightly builds, run with -Z macro-backtrace for more info)

warning: missing documentation for a variant
    --> crates/library/interface/compiler_fragment/nested.rs:168:15
     |
 168 |               $($variant { $($field: $ty),* }),*
     |                 ^^^^^^^^^^^^^^^^^^^^^^^^^^^^^
...
1035 | / nested_fault_enum! {
1036 | |     /// Canonical semantic graph preparation subcauses.
1037 | |     CanonicalDataFaultFacts {
1038 | |         Count { lane: Lane, actual: u64 },
...    |
1068 | | }
     | |_- in this macro invocation
     |
     = note: this warning originates in the macro `nested_fault_enum` (in Nightly builds, run with -Z macro-backtrace for more info)

warning: missing documentation for a struct field
    --> crates/library/interface/compiler_fragment/nested.rs:168:28
     |
 168 |               $($variant { $($field: $ty),* }),*
     |                              ^^^^^^^^^^^
...
1035 | / nested_fault_enum! {
1036 | |     /// Canonical semantic graph preparation subcauses.
1037 | |     CanonicalDataFaultFacts {
1038 | |         Count { lane: Lane, actual: u64 },
...    |
1068 | | }
     | |_- in this macro invocation
     |
     = note: this warning originates in the macro `nested_fault_enum` (in Nightly builds, run with -Z macro-backtrace for more info)

warning: missing documentation for a variant
    --> crates/library/interface/compiler_fragment/nested.rs:168:15
     |
 168 |               $($variant { $($field: $ty),* }),*
     |                 ^^^^^^^^^^^^^^^^^^^^^^^^^^^^^
...
1070 | / nested_fault_enum! {
1071 | |     /// Semantic-data reopening subcauses.
1072 | |     SemanticDataFaultFacts {
1073 | |         Header { required: u64, actual: u64 },
...    |
1093 | | }
     | |_- in this macro invocation
     |
     = note: this warning originates in the macro `nested_fault_enum` (in Nightly builds, run with -Z macro-backtrace for more info)

warning: missing documentation for a struct field
    --> crates/library/interface/compiler_fragment/nested.rs:168:28
     |
 168 |               $($variant { $($field: $ty),* }),*
     |                              ^^^^^^^^^^^
...
1070 | / nested_fault_enum! {
1071 | |     /// Semantic-data reopening subcauses.
1072 | |     SemanticDataFaultFacts {
1073 | |         Header { required: u64, actual: u64 },
...    |
1093 | | }
     | |_- in this macro invocation
     |
     = note: this warning originates in the macro `nested_fault_enum` (in Nightly builds, run with -Z macro-backtrace for more info)

warning: missing documentation for a variant
    --> crates/library/interface/compiler_fragment/nested.rs:168:15
     |
 168 |               $($variant { $($field: $ty),* }),*
     |                 ^^^^^^^^^^^^^^^^^^^^^^^^^^^^^
...
1095 | / nested_fault_enum! {
1096 | |     /// Occurrence-plane reopening subcauses.
1097 | |     OccurrenceFaultFacts {
1098 | |         Owner { ordinal: u32, owner: u32, entity_count: u32 },
...    |
1113 | | }
     | |_- in this macro invocation
     |
     = note: this warning originates in the macro `nested_fault_enum` (in Nightly builds, run with -Z macro-backtrace for more info)

warning: missing documentation for a struct field
    --> crates/library/interface/compiler_fragment/nested.rs:168:28
     |
 168 |               $($variant { $($field: $ty),* }),*
     |                              ^^^^^^^^^^^
...
1095 | / nested_fault_enum! {
1096 | |     /// Occurrence-plane reopening subcauses.
1097 | |     OccurrenceFaultFacts {
1098 | |         Owner { ordinal: u32, owner: u32, entity_count: u32 },
...    |
1113 | | }
     | |_- in this macro invocation
     |
     = note: this warning originates in the macro `nested_fault_enum` (in Nightly builds, run with -Z macro-backtrace for more info)

warning: missing documentation for a variant
    --> crates/library/interface/compiler_fragment/nested.rs:168:15
     |
 168 |               $($variant { $($field: $ty),* }),*
     |                 ^^^^^^^^^^^^^^^^^^^^^^^^^^^^^
...
1115 | / nested_fault_enum! {
1116 | |     /// Signature-carrier binding subcauses.
1117 | |     SignatureCarrierFaultFacts {
1118 | |         RoleCount { expected: u64, observed: u64 },
...    |
1130 | | }
     | |_- in this macro invocation
     |
     = note: this warning originates in the macro `nested_fault_enum` (in Nightly builds, run with -Z macro-backtrace for more info)

warning: missing documentation for a struct field
    --> crates/library/interface/compiler_fragment/nested.rs:168:28
     |
 168 |               $($variant { $($field: $ty),* }),*
     |                              ^^^^^^^^^^^
...
1115 | / nested_fault_enum! {
1116 | |     /// Signature-carrier binding subcauses.
1117 | |     SignatureCarrierFaultFacts {
1118 | |         RoleCount { expected: u64, observed: u64 },
...    |
1130 | | }
     | |_- in this macro invocation
     |
     = note: this warning originates in the macro `nested_fault_enum` (in Nightly builds, run with -Z macro-backtrace for more info)

warning: missing documentation for a variant
    --> crates/library/interface/compiler_fragment/nested.rs:168:15
     |
 168 |               $($variant { $($field: $ty),* }),*
     |                 ^^^^^^^^^^^^^^^^^^^^^^^^^^^^^
...
1132 | / nested_fault_enum! {
1133 | |     /// Fragment header and extent validation subcauses.
1134 | |     ValidationFaultFacts {
1135 | |         TruncatedHeader { required: u64, actual: u64 },
...    |
1147 | | }
     | |_- in this macro invocation
     |
     = note: this warning originates in the macro `nested_fault_enum` (in Nightly builds, run with -Z macro-backtrace for more info)

warning: missing documentation for a struct field
    --> crates/library/interface/compiler_fragment/nested.rs:168:28
     |
 168 |               $($variant { $($field: $ty),* }),*
     |                              ^^^^^^^^^^^
...
1132 | / nested_fault_enum! {
1133 | |     /// Fragment header and extent validation subcauses.
1134 | |     ValidationFaultFacts {
1135 | |         TruncatedHeader { required: u64, actual: u64 },
...    |
1147 | | }
     | |_- in this macro invocation
     |
     = note: this warning originates in the macro `nested_fault_enum` (in Nightly builds, run with -Z macro-backtrace for more info)

warning: unreachable `pub` item
  --> crates/library/surface.rs:27:48
   |
25 | pub use package_compiler_failure::{
   | --- help: consider restricting its visibility: `pub(crate)`
26 |     AuthorityClassFact, AuthorityPhaseFact, CompilerAuthorityDiagnosticFacts, CompilerLanguageFact,
27 |     CompilerNativeToolFact, CompilerStageFact, PackageAnonymousCallableAnchorFaultFacts,
   |                                                ^^^^^^^^^^^^^^^^^^^^^^^^^^^^^^^^^^^^^^^^
   |
   = help: or consider exporting it for use by other crates
   = note: requested on the command line with `-W unreachable-pub`

warning: unreachable `pub` item
  --> crates/library/surface.rs:28:5
   |
25 | pub use package_compiler_failure::{
   | --- help: consider restricting its visibility: `pub(crate)`
...
28 |     PackageAnonymousCallableAnchorPoolFact, PackageCompilerFailureCause,
   |     ^^^^^^^^^^^^^^^^^^^^^^^^^^^^^^^^^^^^^^
   |
   = help: or consider exporting it for use by other crates

warning: missing documentation for a variant
  --> crates/library/surface/package_compiler_failure.rs:28:5
   |
28 |     Prepare,
   |     ^^^^^^^

warning: missing documentation for a variant
  --> crates/library/surface/package_compiler_failure.rs:29:5
   |
29 |     Write,
   |     ^^^^^

warning: missing documentation for a variant
  --> crates/library/surface/package_compiler_failure.rs:30:5
   |
30 |     Validate,
   |     ^^^^^^^^

warning: missing documentation for a variant
  --> crates/library/surface/package_compiler_failure.rs:31:5
   |
31 |     Setup,
   |     ^^^^^

warning: missing documentation for a variant
  --> crates/library/surface/package_compiler_failure.rs:32:5
   |
32 |     Lowering,
   |     ^^^^^^^^

warning: missing documentation for a variant
  --> crates/library/surface/package_compiler_failure.rs:33:5
   |
33 |     Authority,
   |     ^^^^^^^^^

warning: missing documentation for a variant
  --> crates/library/surface/package_compiler_failure.rs:40:5
   |
40 |     Rust,
   |     ^^^^

warning: missing documentation for a variant
  --> crates/library/surface/package_compiler_failure.rs:41:5
   |
41 |     TypeScript,
   |     ^^^^^^^^^^

warning: missing documentation for a variant
  --> crates/library/surface/package_compiler_failure.rs:42:5
   |
42 |     Python,
   |     ^^^^^^

warning: missing documentation for a variant
  --> crates/library/surface/package_compiler_failure.rs:43:5
   |
43 |     Go,
   |     ^^

warning: missing documentation for a variant
  --> crates/library/surface/package_compiler_failure.rs:44:5
   |
44 |     Java,
   |     ^^^^

warning: missing documentation for a variant
  --> crates/library/surface/package_compiler_failure.rs:45:5
   |
45 |     CSharp,
   |     ^^^^^^

warning: missing documentation for a variant
  --> crates/library/surface/package_compiler_failure.rs:46:5
   |
46 |     Clang,
   |     ^^^^^

warning: missing documentation for a variant
  --> crates/library/surface/package_compiler_failure.rs:53:5
   |
53 |     Parse,
   |     ^^^^^

warning: missing documentation for a variant
  --> crates/library/surface/package_compiler_failure.rs:54:5
   |
54 |     LowerIr,
   |     ^^^^^^^

warning: missing documentation for a variant
  --> crates/library/surface/package_compiler_failure.rs:61:5
   |
61 |     Rustc,
   |     ^^^^^

warning: missing documentation for a variant
  --> crates/library/surface/package_compiler_failure.rs:62:5
   |
62 |     Clang,
   |     ^^^^^

warning: missing documentation for a variant
  --> crates/library/surface/package_compiler_failure.rs:63:5
   |
63 |     Python,
   |     ^^^^^^

warning: missing documentation for a variant
  --> crates/library/surface/package_compiler_failure.rs:64:5
   |
64 |     TypeScriptCompiler,
   |     ^^^^^^^^^^^^^^^^^^

warning: missing documentation for a variant
  --> crates/library/surface/package_compiler_failure.rs:65:5
   |
65 |     GoCompiler,
   |     ^^^^^^^^^^

warning: missing documentation for a variant
  --> crates/library/surface/package_compiler_failure.rs:66:5
   |
66 |     JavaCompiler,
   |     ^^^^^^^^^^^^

warning: missing documentation for a variant
  --> crates/library/surface/package_compiler_failure.rs:67:5
   |
67 |     CSharpCompiler,
   |     ^^^^^^^^^^^^^^

warning: missing documentation for a struct field
   --> crates/library/surface/package_compiler_failure.rs:128:9
    |
128 |         language: CompilerLanguageFact,
    |         ^^^^^^^^^^^^^^^^^^^^^^^^^^^^^^

warning: missing documentation for a struct field
   --> crates/library/surface/package_compiler_failure.rs:129:9
    |
129 |         stage: CompilerStageFact,
    |         ^^^^^^^^^^^^^^^^^^^^^^^^

warning: missing documentation for a struct field
   --> crates/library/surface/package_compiler_failure.rs:130:9
    |
130 |         selected: CompilerNativeToolFact,
    |         ^^^^^^^^^^^^^^^^^^^^^^^^^^^^^^^^

warning: missing documentation for a struct field
   --> crates/library/surface/package_compiler_failure.rs:131:9
    |
131 |         configured: Option<CompilerNativeToolFact>,
    |         ^^^^^^^^^^^^^^^^^^^^^^^^^^^^^^^^^^^^^^^^^^

warning: missing documentation for a struct field
   --> crates/library/surface/package_compiler_failure.rs:135:9
    |
135 |         language: CompilerLanguageFact,
    |         ^^^^^^^^^^^^^^^^^^^^^^^^^^^^^^

warning: missing documentation for a struct field
   --> crates/library/surface/package_compiler_failure.rs:136:9
    |
136 |         stage: CompilerStageFact,
    |         ^^^^^^^^^^^^^^^^^^^^^^^^

warning: missing documentation for a struct field
   --> crates/library/surface/package_compiler_failure.rs:137:9
    |
137 |         tool: CompilerNativeToolFact,
    |         ^^^^^^^^^^^^^^^^^^^^^^^^^^^^

warning: missing documentation for a struct field
   --> crates/library/surface/package_compiler_failure.rs:141:9
    |
141 |         language: CompilerLanguageFact,
    |         ^^^^^^^^^^^^^^^^^^^^^^^^^^^^^^

warning: missing documentation for a struct field
   --> crates/library/surface/package_compiler_failure.rs:142:9
    |
142 |         stage: CompilerStageFact,
    |         ^^^^^^^^^^^^^^^^^^^^^^^^

warning: missing documentation for a struct field
   --> crates/library/surface/package_compiler_failure.rs:143:9
    |
143 |         issue: CompilerToolIssue,
    |         ^^^^^^^^^^^^^^^^^^^^^^^^

warning: missing documentation for a struct field
   --> crates/library/surface/package_compiler_failure.rs:149:9
    |
149 |         phase: AuthorityPhaseFact,
    |         ^^^^^^^^^^^^^^^^^^^^^^^^^

warning: missing documentation for a struct field
   --> crates/library/surface/package_compiler_failure.rs:150:9
    |
150 |         class: AuthorityClassFact,
    |         ^^^^^^^^^^^^^^^^^^^^^^^^^

warning: missing documentation for a struct field
   --> crates/library/surface/package_compiler_failure.rs:151:9
    |
151 |         diagnostic: Option<CompilerAuthorityDiagnosticFacts>,
    |         ^^^^^^^^^^^^^^^^^^^^^^^^^^^^^^^^^^^^^^^^^^^^^^^^^^^^

warning: missing documentation for a variant
   --> crates/library/surface/package_compiler_failure.rs:356:5
    |
356 |     Open,
    |     ^^^^

warning: missing documentation for a variant
   --> crates/library/surface/package_compiler_failure.rs:357:5
    |
357 |     Parse,
    |     ^^^^^

warning: missing documentation for a variant
   --> crates/library/surface/package_compiler_failure.rs:358:5
    |
358 |     Resolve,
    |     ^^^^^^^

warning: missing documentation for a variant
   --> crates/library/surface/package_compiler_failure.rs:359:5
    |
359 |     TypeCheck,
    |     ^^^^^^^^^

warning: missing documentation for a variant
   --> crates/library/surface/package_compiler_failure.rs:360:5
    |
360 |     Project,
    |     ^^^^^^^

warning: missing documentation for a variant
   --> crates/library/surface/package_compiler_failure.rs:367:5
    |
367 |     Syntax,
    |     ^^^^^^

warning: missing documentation for a variant
   --> crates/library/surface/package_compiler_failure.rs:368:5
    |
368 |     Binding,
    |     ^^^^^^^

warning: missing documentation for a variant
   --> crates/library/surface/package_compiler_failure.rs:369:5
    |
369 |     SourceScope,
    |     ^^^^^^^^^^^

warning: missing documentation for a variant
   --> crates/library/surface/package_compiler_failure.rs:370:5
    |
370 |     Type,
    |     ^^^^

warning: missing documentation for a variant
   --> crates/library/surface/package_compiler_failure.rs:371:5
    |
371 |     Authority,
    |     ^^^^^^^^^

warning: missing documentation for a variant
   --> crates/library/surface/package_compiler_failure.rs:372:5
    |
372 |     Projection,
    |     ^^^^^^^^^^

warning: missing documentation for a struct field
   --> crates/library/surface/package_compiler_failure.rs:379:5
    |
379 |     pub retained_bytes: u32,
    |     ^^^^^^^^^^^^^^^^^^^^^^^

warning: missing documentation for a struct field
   --> crates/library/surface/package_compiler_failure.rs:380:5
    |
380 |     pub observed_bytes: u64,
    |     ^^^^^^^^^^^^^^^^^^^^^^^

warning: missing documentation for a struct field
   --> crates/library/surface/package_compiler_failure.rs:381:5
    |
381 |     pub truncated: bool,
    |     ^^^^^^^^^^^^^^^^^^^

warning: missing documentation for a variant
   --> crates/library/surface/package_compiler_failure.rs:399:5
    |
399 |     NoSupportedDeclaration,
    |     ^^^^^^^^^^^^^^^^^^^^^^

warning: missing documentation for a variant
   --> crates/library/surface/package_compiler_failure.rs:400:5
    |
400 |     ExtensionAtomUnbound {
    |     ^^^^^^^^^^^^^^^^^^^^

warning: missing documentation for a struct field
   --> crates/library/surface/package_compiler_failure.rs:401:9
    |
401 |         row: u32,
    |         ^^^^^^^^

warning: missing documentation for a struct field
   --> crates/library/surface/package_compiler_failure.rs:402:9
    |
402 |         provisional: u32,
    |         ^^^^^^^^^^^^^^^^

warning: missing documentation for a struct field
   --> crates/library/surface/package_compiler_failure.rs:403:9
    |
403 |         atom_count: u32,
    |         ^^^^^^^^^^^^^^^

warning: missing documentation for a variant
   --> crates/library/surface/package_compiler_failure.rs:405:5
    |
405 |     ExtensionTypeParametersUnbound {
    |     ^^^^^^^^^^^^^^^^^^^^^^^^^^^^^^

warning: missing documentation for a struct field
   --> crates/library/surface/package_compiler_failure.rs:406:9
    |
406 |         row: u32,
    |         ^^^^^^^^

warning: missing documentation for a struct field
   --> crates/library/surface/package_compiler_failure.rs:407:9
    |
407 |         start: u32,
    |         ^^^^^^^^^^

warning: missing documentation for a struct field
   --> crates/library/surface/package_compiler_failure.rs:408:9
    |
408 |         length: u32,
    |         ^^^^^^^^^^^

warning: missing documentation for a struct field
   --> crates/library/surface/package_compiler_failure.rs:409:9
    |
409 |         element_count: u32,
    |         ^^^^^^^^^^^^^^^^^^

warning: missing documentation for a variant
   --> crates/library/surface/package_compiler_failure.rs:411:5
    |
411 |     FactRejected {
    |     ^^^^^^^^^^^^

warning: missing documentation for a struct field
   --> crates/library/surface/package_compiler_failure.rs:412:9
    |
412 |         fact: u64,
    |         ^^^^^^^^^

warning: missing documentation for a struct field
   --> crates/library/surface/package_compiler_failure.rs:413:9
    |
413 |         name_len: u64,
    |         ^^^^^^^^^^^^^

warning: missing documentation for a struct field
   --> crates/library/surface/package_compiler_failure.rs:414:9
    |
414 |         cause: PackageProjectionAdmissionFaultFacts,
    |         ^^^^^^^^^^^^^^^^^^^^^^^^^^^^^^^^^^^^^^^^^^^

warning: missing documentation for a variant
   --> crates/library/surface/package_compiler_failure.rs:416:5
    |
416 |     RustFunction,
    |     ^^^^^^^^^^^^

warning: missing documentation for a variant
   --> crates/library/surface/package_compiler_failure.rs:417:5
    |
417 |     RustConstantType,
    |     ^^^^^^^^^^^^^^^^

warning: missing documentation for a variant
   --> crates/library/surface/package_compiler_failure.rs:418:5
    |
418 |     RustGenericParameter,
    |     ^^^^^^^^^^^^^^^^^^^^

warning: missing documentation for a variant
   --> crates/library/surface/package_compiler_failure.rs:419:5
    |
419 |     PythonAssignmentName,
    |     ^^^^^^^^^^^^^^^^^^^^

warning: missing documentation for a variant
   --> crates/library/surface/package_compiler_failure.rs:420:5
    |
420 |     PythonAssignmentValue,
    |     ^^^^^^^^^^^^^^^^^^^^^

warning: missing documentation for a variant
   --> crates/library/surface/package_compiler_failure.rs:421:5
    |
421 |     ClangDeclarationForm,
    |     ^^^^^^^^^^^^^^^^^^^^

warning: missing documentation for a variant
   --> crates/library/surface/package_compiler_failure.rs:422:5
    |
422 |     TypeScriptDeclarationForm,
    |     ^^^^^^^^^^^^^^^^^^^^^^^^^

warning: missing documentation for a variant
   --> crates/library/surface/package_compiler_failure.rs:423:5
    |
423 |     TypeScriptDeclarationType,
    |     ^^^^^^^^^^^^^^^^^^^^^^^^^

warning: missing documentation for a variant
   --> crates/library/surface/package_compiler_failure.rs:424:5
    |
424 |     CSharpDeclarationForm,
    |     ^^^^^^^^^^^^^^^^^^^^^

warning: missing documentation for a variant
   --> crates/library/surface/package_compiler_failure.rs:425:5
    |
425 |     CSharpDeclarationType,
    |     ^^^^^^^^^^^^^^^^^^^^^

warning: missing documentation for a variant
   --> crates/library/surface/package_compiler_failure.rs:426:5
    |
426 |     GoDeclarationForm,
    |     ^^^^^^^^^^^^^^^^^

warning: missing documentation for a variant
   --> crates/library/surface/package_compiler_failure.rs:427:5
    |
427 |     GoDeclarationType,
    |     ^^^^^^^^^^^^^^^^^

warning: missing documentation for a variant
   --> crates/library/surface/package_compiler_failure.rs:428:5
    |
428 |     JavaDeclarationForm,
    |     ^^^^^^^^^^^^^^^^^^^

warning: missing documentation for a variant
   --> crates/library/surface/package_compiler_failure.rs:429:5
    |
429 |     JavaProjection {
    |     ^^^^^^^^^^^^^^

warning: missing documentation for a struct field
   --> crates/library/surface/package_compiler_failure.rs:430:9
    |
430 |         fault: PackageLanguageProjectionFault,
    |         ^^^^^^^^^^^^^^^^^^^^^^^^^^^^^^^^^^^^^

warning: missing documentation for a variant
   --> crates/library/surface/package_compiler_failure.rs:432:5
    |
432 |     GoProjection {
    |     ^^^^^^^^^^^^

warning: missing documentation for a struct field
   --> crates/library/surface/package_compiler_failure.rs:433:9
    |
433 |         fault: PackageLanguageProjectionFault,
    |         ^^^^^^^^^^^^^^^^^^^^^^^^^^^^^^^^^^^^^

warning: missing documentation for a variant
   --> crates/library/surface/package_compiler_failure.rs:435:5
    |
435 |     TypeScriptProjection {
    |     ^^^^^^^^^^^^^^^^^^^^

warning: missing documentation for a struct field
   --> crates/library/surface/package_compiler_failure.rs:436:9
    |
436 |         fault: PackageTypeScriptProjectionFaultFacts,
    |         ^^^^^^^^^^^^^^^^^^^^^^^^^^^^^^^^^^^^^^^^^^^^

warning: missing documentation for a variant
   --> crates/library/surface/package_compiler_failure.rs:438:5
    |
438 |     PythonProjection {
    |     ^^^^^^^^^^^^^^^^

warning: missing documentation for a struct field
   --> crates/library/surface/package_compiler_failure.rs:439:9
    |
439 |         fault: PackageLanguageProjectionFault,
    |         ^^^^^^^^^^^^^^^^^^^^^^^^^^^^^^^^^^^^^

warning: missing documentation for a variant
   --> crates/library/surface/package_compiler_failure.rs:441:5
    |
441 |     CSharpProjection {
    |     ^^^^^^^^^^^^^^^^

warning: missing documentation for a struct field
   --> crates/library/surface/package_compiler_failure.rs:442:9
    |
442 |         fault: PackageLanguageProjectionFault,
    |         ^^^^^^^^^^^^^^^^^^^^^^^^^^^^^^^^^^^^^

warning: missing documentation for a variant
   --> crates/library/surface/package_compiler_failure.rs:444:5
    |
444 |     ClangProjection {
    |     ^^^^^^^^^^^^^^^

warning: missing documentation for a struct field
   --> crates/library/surface/package_compiler_failure.rs:445:9
    |
445 |         fault: PackageLanguageProjectionFault,
    |         ^^^^^^^^^^^^^^^^^^^^^^^^^^^^^^^^^^^^^

warning: missing documentation for a variant
   --> crates/library/surface/package_compiler_failure.rs:487:5
    |
487 |     ForeignKey {
    |     ^^^^^^^^^^

warning: missing documentation for a struct field
   --> crates/library/surface/package_compiler_failure.rs:488:9
    |
488 |         start: u32,
    |         ^^^^^^^^^^

warning: missing documentation for a struct field
   --> crates/library/surface/package_compiler_failure.rs:489:9
    |
489 |         end: u32,
    |         ^^^^^^^^

warning: missing documentation for a struct field
   --> crates/library/surface/package_compiler_failure.rs:490:9
    |
490 |         cause: PackageForeignKeyFaultFacts,
    |         ^^^^^^^^^^^^^^^^^^^^^^^^^^^^^^^^^^

warning: missing documentation for a variant
   --> crates/library/surface/package_compiler_failure.rs:492:5
    |
492 |     PackageLineage {
    |     ^^^^^^^^^^^^^^

warning: missing documentation for a struct field
   --> crates/library/surface/package_compiler_failure.rs:493:9
    |
493 |         start: u32,
    |         ^^^^^^^^^^

warning: missing documentation for a struct field
   --> crates/library/surface/package_compiler_failure.rs:494:9
    |
494 |         end: u32,
    |         ^^^^^^^^

warning: missing documentation for a struct field
   --> crates/library/surface/package_compiler_failure.rs:495:9
    |
495 |         cause: PackageLineageFaultFacts,
    |         ^^^^^^^^^^^^^^^^^^^^^^^^^^^^^^^

warning: missing documentation for a variant
   --> crates/library/surface/package_compiler_failure.rs:497:5
    |
497 |     CoordinateOverflow {
    |     ^^^^^^^^^^^^^^^^^^

warning: missing documentation for a struct field
   --> crates/library/surface/package_compiler_failure.rs:498:9
    |
498 |         value: u64,
    |         ^^^^^^^^^^

warning: missing documentation for a variant
   --> crates/library/surface/package_compiler_failure.rs:500:5
    |
500 |     MissingImportBinding {
    |     ^^^^^^^^^^^^^^^^^^^^

warning: missing documentation for a struct field
   --> crates/library/surface/package_compiler_failure.rs:501:9
    |
501 |         fact: u32,
    |         ^^^^^^^^^

warning: missing documentation for a variant
   --> crates/library/surface/package_compiler_failure.rs:557:5
    |
557 |     JavaImage,
    |     ^^^^^^^^^

warning: missing documentation for a variant
   --> crates/library/surface/package_compiler_failure.rs:558:5
    |
558 |     JavaDepth,
    |     ^^^^^^^^^

warning: missing documentation for a variant
   --> crates/library/surface/package_compiler_failure.rs:559:5
    |
559 |     JavaMalformedType,
    |     ^^^^^^^^^^^^^^^^^

warning: missing documentation for a variant
   --> crates/library/surface/package_compiler_failure.rs:560:5
    |
560 |     JavaPrimitive,
    |     ^^^^^^^^^^^^^

warning: missing documentation for a variant
   --> crates/library/surface/package_compiler_failure.rs:561:5
    |
561 |     JavaAtomUtf8,
    |     ^^^^^^^^^^^^

warning: missing documentation for a variant
   --> crates/library/surface/package_compiler_failure.rs:562:5
    |
562 |     JavaSourceUtf8,
    |     ^^^^^^^^^^^^^^

warning: missing documentation for a variant
   --> crates/library/surface/package_compiler_failure.rs:563:5
    |
563 |     JavaUtf16Offset,
    |     ^^^^^^^^^^^^^^^

warning: missing documentation for a variant
   --> crates/library/surface/package_compiler_failure.rs:564:5
    |
564 |     JavaUtf16Range,
    |     ^^^^^^^^^^^^^^

warning: missing documentation for a variant
   --> crates/library/surface/package_compiler_failure.rs:565:5
    |
565 |     JavaOrphanOwner,
    |     ^^^^^^^^^^^^^^^

warning: missing documentation for a variant
   --> crates/library/surface/package_compiler_failure.rs:566:5
    |
566 |     JavaForeignKey,
    |     ^^^^^^^^^^^^^^

warning: missing documentation for a variant
   --> crates/library/surface/package_compiler_failure.rs:567:5
    |
567 |     JavaSiblingCapacity,
    |     ^^^^^^^^^^^^^^^^^^^

warning: missing documentation for a variant
   --> crates/library/surface/package_compiler_failure.rs:568:5
    |
568 |     JavaIndexCapacity,
    |     ^^^^^^^^^^^^^^^^^

warning: missing documentation for a variant
   --> crates/library/surface/package_compiler_failure.rs:569:5
    |
569 |     GoImage,
    |     ^^^^^^^

warning: missing documentation for a variant
   --> crates/library/surface/package_compiler_failure.rs:570:5
    |
570 |     GoIndexCapacity,
    |     ^^^^^^^^^^^^^^^

warning: missing documentation for a variant
   --> crates/library/surface/package_compiler_failure.rs:571:5
    |
571 |     GoDepth,
    |     ^^^^^^^

warning: missing documentation for a variant
   --> crates/library/surface/package_compiler_failure.rs:572:5
    |
572 |     GoVariadicWithoutParameter,
    |     ^^^^^^^^^^^^^^^^^^^^^^^^^^

warning: missing documentation for a variant
   --> crates/library/surface/package_compiler_failure.rs:573:5
    |
573 |     GoAnchor,
    |     ^^^^^^^^

warning: missing documentation for a variant
   --> crates/library/surface/package_compiler_failure.rs:574:5
    |
574 |     GoListCapacity,
    |     ^^^^^^^^^^^^^^

warning: missing documentation for a variant
   --> crates/library/surface/package_compiler_failure.rs:575:5
    |
575 |     GoOrphanTarget,
    |     ^^^^^^^^^^^^^^

warning: missing documentation for a variant
   --> crates/library/surface/package_compiler_failure.rs:576:5
    |
576 |     GoForeignKey,
    |     ^^^^^^^^^^^^

warning: missing documentation for a variant
   --> crates/library/surface/package_compiler_failure.rs:577:5
    |
577 |     GoPackageLineage,
    |     ^^^^^^^^^^^^^^^^

warning: missing documentation for a variant
   --> crates/library/surface/package_compiler_failure.rs:578:5
    |
578 |     GoAtomUtf8,
    |     ^^^^^^^^^^

warning: missing documentation for a variant
   --> crates/library/surface/package_compiler_failure.rs:579:5
    |
579 |     GoRelativeSpan,
    |     ^^^^^^^^^^^^^^

warning: missing documentation for a variant
   --> crates/library/surface/package_compiler_failure.rs:580:5
    |
580 |     GoOrphanOwner,
    |     ^^^^^^^^^^^^^

warning: missing documentation for a variant
   --> crates/library/surface/package_compiler_failure.rs:581:5
    |
581 |     GoAdmission,
    |     ^^^^^^^^^^^

warning: missing documentation for a variant
   --> crates/library/surface/package_compiler_failure.rs:582:5
    |
582 |     PythonForeignSpellingUtf8,
    |     ^^^^^^^^^^^^^^^^^^^^^^^^^

warning: missing documentation for a variant
   --> crates/library/surface/package_compiler_failure.rs:583:5
    |
583 |     PythonForeignKey,
    |     ^^^^^^^^^^^^^^^^

warning: missing documentation for a variant
   --> crates/library/surface/package_compiler_failure.rs:584:5
    |
584 |     PythonPackageLineage,
    |     ^^^^^^^^^^^^^^^^^^^^

warning: missing documentation for a variant
   --> crates/library/surface/package_compiler_failure.rs:585:5
    |
585 |     PythonContainment,
    |     ^^^^^^^^^^^^^^^^^

warning: missing documentation for a variant
   --> crates/library/surface/package_compiler_failure.rs:586:5
    |
586 |     CSharpImage,
    |     ^^^^^^^^^^^

warning: missing documentation for a variant
   --> crates/library/surface/package_compiler_failure.rs:587:5
    |
587 |     CSharpDepth,
    |     ^^^^^^^^^^^

warning: missing documentation for a variant
   --> crates/library/surface/package_compiler_failure.rs:588:5
    |
588 |     CSharpNameSpan,
    |     ^^^^^^^^^^^^^^

warning: missing documentation for a variant
   --> crates/library/surface/package_compiler_failure.rs:589:5
    |
589 |     CSharpOwnerOrder,
    |     ^^^^^^^^^^^^^^^^

warning: missing documentation for a variant
   --> crates/library/surface/package_compiler_failure.rs:590:5
    |
590 |     CSharpAnchor,
    |     ^^^^^^^^^^^^

warning: missing documentation for a variant
   --> crates/library/surface/package_compiler_failure.rs:591:5
    |
591 |     CSharpForeign,
    |     ^^^^^^^^^^^^^

warning: missing documentation for a variant
   --> crates/library/surface/package_compiler_failure.rs:592:5
    |
592 |     CSharpAttributeCapacity,
    |     ^^^^^^^^^^^^^^^^^^^^^^^

warning: missing documentation for a variant
   --> crates/library/surface/package_compiler_failure.rs:593:5
    |
593 |     CSharpIndexCapacity,
    |     ^^^^^^^^^^^^^^^^^^^

warning: missing documentation for a variant
   --> crates/library/surface/package_compiler_failure.rs:594:5
    |
594 |     CSharpHeterogeneousArrayRank,
    |     ^^^^^^^^^^^^^^^^^^^^^^^^^^^^

warning: missing documentation for a variant
   --> crates/library/surface/package_compiler_failure.rs:595:5
    |
595 |     CSharpResultName,
    |     ^^^^^^^^^^^^^^^^

warning: missing documentation for a variant
   --> crates/library/surface/package_compiler_failure.rs:596:5
    |
596 |     CSharpAdmission,
    |     ^^^^^^^^^^^^^^^

warning: missing documentation for a variant
   --> crates/library/surface/package_compiler_failure.rs:597:5
    |
597 |     ClangSpan,
    |     ^^^^^^^^^

warning: missing documentation for a variant
   --> crates/library/surface/package_compiler_failure.rs:598:5
    |
598 |     ClangNameless,
    |     ^^^^^^^^^^^^^

warning: missing documentation for a variant
   --> crates/library/surface/package_compiler_failure.rs:599:5
    |
599 |     ClangAnchor,
    |     ^^^^^^^^^^^

warning: missing documentation for a variant
   --> crates/library/surface/package_compiler_failure.rs:600:5
    |
600 |     ClangIndexCapacity,
    |     ^^^^^^^^^^^^^^^^^^

warning: missing documentation for a variant
   --> crates/library/surface/package_compiler_failure.rs:601:5
    |
601 |     ClangForeignOverride,
    |     ^^^^^^^^^^^^^^^^^^^^

warning: missing documentation for a variant
   --> crates/library/surface/package_compiler_failure.rs:602:5
    |
602 |     ClangForeignReference,
    |     ^^^^^^^^^^^^^^^^^^^^^

warning: missing documentation for a variant
   --> crates/library/surface/package_compiler_failure.rs:603:5
    |
603 |     ClangIllegalQualifierTarget,
    |     ^^^^^^^^^^^^^^^^^^^^^^^^^^^

warning: missing documentation for a variant
   --> crates/library/surface/package_compiler_failure.rs:604:5
    |
604 |     ClangIllegalMemberPointerOwner,
    |     ^^^^^^^^^^^^^^^^^^^^^^^^^^^^^^

warning: missing documentation for a variant
   --> crates/library/surface/package_compiler_failure.rs:672:5
    |
672 |     Tag {
    |     ^^^

warning: missing documentation for a struct field
   --> crates/library/surface/package_compiler_failure.rs:673:9
    |
673 |         actual: u32,
    |         ^^^^^^^^^^^

warning: missing documentation for a variant
   --> crates/library/surface/package_compiler_failure.rs:675:5
    |
675 |     ReservedPayload {
    |     ^^^^^^^^^^^^^^^

warning: missing documentation for a struct field
   --> crates/library/surface/package_compiler_failure.rs:676:9
    |
676 |         tag: u8,
    |         ^^^^^^^

warning: missing documentation for a struct field
   --> crates/library/surface/package_compiler_failure.rs:677:9
    |
677 |         payload0: u32,
    |         ^^^^^^^^^^^^^

warning: missing documentation for a struct field
   --> crates/library/surface/package_compiler_failure.rs:678:9
    |
678 |         payload1: u32,
    |         ^^^^^^^^^^^^^

warning: missing documentation for a variant
   --> crates/library/surface/package_compiler_failure.rs:680:5
    |
680 |     ArityOverflow {
    |     ^^^^^^^^^^^^^

warning: missing documentation for a struct field
   --> crates/library/surface/package_compiler_failure.rs:681:9
    |
681 |         tag: u8,
    |         ^^^^^^^

warning: missing documentation for a struct field
   --> crates/library/surface/package_compiler_failure.rs:682:9
    |
682 |         payload0: u32,
    |         ^^^^^^^^^^^^^

warning: missing documentation for a struct field
   --> crates/library/surface/package_compiler_failure.rs:683:9
    |
683 |         payload1: u32,
    |         ^^^^^^^^^^^^^

warning: missing documentation for a variant
   --> crates/library/surface/package_compiler_failure.rs:685:5
    |
685 |     Arity {
    |     ^^^^^

warning: missing documentation for a struct field
   --> crates/library/surface/package_compiler_failure.rs:686:9
    |
686 |         tag: u8,
    |         ^^^^^^^

warning: missing documentation for a struct field
   --> crates/library/surface/package_compiler_failure.rs:687:9
    |
687 |         expected: u32,
    |         ^^^^^^^^^^^^^

warning: missing documentation for a struct field
   --> crates/library/surface/package_compiler_failure.rs:688:9
    |
688 |         actual: u32,
    |         ^^^^^^^^^^^

warning: missing documentation for a variant
   --> crates/library/surface/package_compiler_failure.rs:707:5
    |
707 |     Tag {
    |     ^^^

warning: missing documentation for a struct field
   --> crates/library/surface/package_compiler_failure.rs:708:9
    |
708 |         actual: u8,
    |         ^^^^^^^^^^

warning: missing documentation for a variant
   --> crates/library/surface/package_compiler_failure.rs:710:5
    |
710 |     ReservedCell {
    |     ^^^^^^^^^^^^

warning: missing documentation for a struct field
   --> crates/library/surface/package_compiler_failure.rs:711:9
    |
711 |         tag: PackageTypeTagFact,
    |         ^^^^^^^^^^^^^^^^^^^^^^^

warning: missing documentation for a struct field
   --> crates/library/surface/package_compiler_failure.rs:712:9
    |
712 |         cell: PackageTypeCellFact,
    |         ^^^^^^^^^^^^^^^^^^^^^^^^^

warning: missing documentation for a struct field
   --> crates/library/surface/package_compiler_failure.rs:713:9
    |
713 |         actual: u32,
    |         ^^^^^^^^^^^

warning: missing documentation for a variant
   --> crates/library/surface/package_compiler_failure.rs:715:5
    |
715 |     MissingCell {
    |     ^^^^^^^^^^^

warning: missing documentation for a struct field
   --> crates/library/surface/package_compiler_failure.rs:716:9
    |
716 |         tag: PackageTypeTagFact,
    |         ^^^^^^^^^^^^^^^^^^^^^^^

warning: missing documentation for a struct field
   --> crates/library/surface/package_compiler_failure.rs:717:9
    |
717 |         cell: PackageTypeCellFact,
    |         ^^^^^^^^^^^^^^^^^^^^^^^^^

warning: missing documentation for a variant
   --> crates/library/surface/package_compiler_failure.rs:719:5
    |
719 |     Reason {
    |     ^^^^^^

warning: missing documentation for a struct field
   --> crates/library/surface/package_compiler_failure.rs:720:9
    |
720 |         actual: u32,
    |         ^^^^^^^^^^^

warning: missing documentation for a variant
   --> crates/library/surface/package_compiler_failure.rs:722:5
    |
722 |     PrimitiveShape {
    |     ^^^^^^^^^^^^^^

warning: missing documentation for a struct field
   --> crates/library/surface/package_compiler_failure.rs:723:9
    |
723 |         actual: u32,
    |         ^^^^^^^^^^^

warning: missing documentation for a variant
   --> crates/library/surface/package_compiler_failure.rs:725:5
    |
725 |     CvQualifiers {
    |     ^^^^^^^^^^^^

warning: missing documentation for a struct field
   --> crates/library/surface/package_compiler_failure.rs:726:9
    |
726 |         actual: u32,
    |         ^^^^^^^^^^^

warning: missing documentation for a variant
   --> crates/library/surface/package_compiler_failure.rs:728:5
    |
728 |     Width {
    |     ^^^^^

warning: missing documentation for a struct field
   --> crates/library/surface/package_compiler_failure.rs:729:9
    |
729 |         actual: u32,
    |         ^^^^^^^^^^^

warning: missing documentation for a variant
   --> crates/library/surface/package_compiler_failure.rs:731:5
    |
731 |     ChildCount {
    |     ^^^^^^^^^^

warning: missing documentation for a struct field
   --> crates/library/surface/package_compiler_failure.rs:732:9
    |
732 |         tag: PackageTypeTagFact,
    |         ^^^^^^^^^^^^^^^^^^^^^^^

warning: missing documentation for a struct field
   --> crates/library/surface/package_compiler_failure.rs:733:9
    |
733 |         min: u32,
    |         ^^^^^^^^

warning: missing documentation for a struct field
   --> crates/library/surface/package_compiler_failure.rs:734:9
    |
734 |         max: u32,
    |         ^^^^^^^^

warning: missing documentation for a struct field
   --> crates/library/surface/package_compiler_failure.rs:735:9
    |
735 |         actual: u32,
    |         ^^^^^^^^^^^

warning: missing documentation for a variant
   --> crates/library/surface/package_compiler_failure.rs:737:5
    |
737 |     ChildNameForbidden {
    |     ^^^^^^^^^^^^^^^^^^

warning: missing documentation for a struct field
   --> crates/library/surface/package_compiler_failure.rs:738:9
    |
738 |         tag: PackageTypeTagFact,
    |         ^^^^^^^^^^^^^^^^^^^^^^^

warning: missing documentation for a struct field
   --> crates/library/surface/package_compiler_failure.rs:739:9
    |
739 |         position: u32,
    |         ^^^^^^^^^^^^^

warning: missing documentation for a variant
   --> crates/library/surface/package_compiler_failure.rs:741:5
    |
741 |     ChildNameRequired {
    |     ^^^^^^^^^^^^^^^^^

warning: missing documentation for a struct field
   --> crates/library/surface/package_compiler_failure.rs:742:9
    |
742 |         tag: PackageTypeTagFact,
    |         ^^^^^^^^^^^^^^^^^^^^^^^

warning: missing documentation for a struct field
   --> crates/library/surface/package_compiler_failure.rs:743:9
    |
743 |         position: u32,
    |         ^^^^^^^^^^^^^

warning: missing documentation for a variant
   --> crates/library/surface/package_compiler_failure.rs:745:5
    |
745 |     ChildFlagsForbidden {
    |     ^^^^^^^^^^^^^^^^^^^

warning: missing documentation for a struct field
   --> crates/library/surface/package_compiler_failure.rs:746:9
    |
746 |         tag: PackageTypeTagFact,
    |         ^^^^^^^^^^^^^^^^^^^^^^^

warning: missing documentation for a struct field
   --> crates/library/surface/package_compiler_failure.rs:747:9
    |
747 |         position: u32,
    |         ^^^^^^^^^^^^^

warning: missing documentation for a struct field
   --> crates/library/surface/package_compiler_failure.rs:748:9
    |
748 |         actual: u8,
    |         ^^^^^^^^^^

warning: missing documentation for a variant
   --> crates/library/surface/package_compiler_failure.rs:750:5
    |
750 |     VariadicParameter {
    |     ^^^^^^^^^^^^^^^^^

warning: missing documentation for a struct field
   --> crates/library/surface/package_compiler_failure.rs:751:9
    |
751 |         position: u32,
    |         ^^^^^^^^^^^^^

warning: missing documentation for a struct field
   --> crates/library/surface/package_compiler_failure.rs:752:9
    |
752 |         actual: u8,
    |         ^^^^^^^^^^

warning: missing documentation for a variant
   --> crates/library/surface/package_compiler_failure.rs:754:5
    |
754 |     ChildTextForbidden {
    |     ^^^^^^^^^^^^^^^^^^

warning: missing documentation for a struct field
   --> crates/library/surface/package_compiler_failure.rs:755:9
    |
755 |         tag: PackageTypeTagFact,
    |         ^^^^^^^^^^^^^^^^^^^^^^^

warning: missing documentation for a struct field
   --> crates/library/surface/package_compiler_failure.rs:756:9
    |
756 |         position: u32,
    |         ^^^^^^^^^^^^^

warning: missing documentation for a variant
   --> crates/library/surface/package_compiler_failure.rs:784:5
    |
784 |     SelfType,
    |     ^^^^^^^^

warning: missing documentation for a variant
   --> crates/library/surface/package_compiler_failure.rs:785:5
    |
785 |     Primitive,
    |     ^^^^^^^^^

warning: missing documentation for a variant
   --> crates/library/surface/package_compiler_failure.rs:786:5
    |
786 |     Tuple,
    |     ^^^^^

warning: missing documentation for a variant
   --> crates/library/surface/package_compiler_failure.rs:787:5
    |
787 |     Slice,
    |     ^^^^^

warning: missing documentation for a variant
   --> crates/library/surface/package_compiler_failure.rs:788:5
    |
788 |     Array,
    |     ^^^^^

warning: missing documentation for a variant
   --> crates/library/surface/package_compiler_failure.rs:789:5
    |
789 |     Union,
    |     ^^^^^

warning: missing documentation for a variant
   --> crates/library/surface/package_compiler_failure.rs:790:5
    |
790 |     Intersection,
    |     ^^^^^^^^^^^^

warning: missing documentation for a variant
   --> crates/library/surface/package_compiler_failure.rs:791:5
    |
791 |     Never,
    |     ^^^^^

warning: missing documentation for a variant
   --> crates/library/surface/package_compiler_failure.rs:792:5
    |
792 |     Any,
    |     ^^^

warning: missing documentation for a variant
   --> crates/library/surface/package_compiler_failure.rs:793:5
    |
793 |     Unknown,
    |     ^^^^^^^

warning: missing documentation for a variant
   --> crates/library/surface/package_compiler_failure.rs:794:5
    |
794 |     Nominal,
    |     ^^^^^^^

warning: missing documentation for a variant
   --> crates/library/surface/package_compiler_failure.rs:795:5
    |
795 |     Apply,
    |     ^^^^^

warning: missing documentation for a variant
   --> crates/library/surface/package_compiler_failure.rs:796:5
    |
796 |     TypeVar,
    |     ^^^^^^^

warning: missing documentation for a variant
   --> crates/library/surface/package_compiler_failure.rs:797:5
    |
797 |     Wildcard,
    |     ^^^^^^^^

warning: missing documentation for a variant
   --> crates/library/surface/package_compiler_failure.rs:798:5
    |
798 |     FunctionPointer,
    |     ^^^^^^^^^^^^^^^

warning: missing documentation for a variant
   --> crates/library/surface/package_compiler_failure.rs:799:5
    |
799 |     Annotated,
    |     ^^^^^^^^^

warning: missing documentation for a variant
   --> crates/library/surface/package_compiler_failure.rs:800:5
    |
800 |     Conditional,
    |     ^^^^^^^^^^^

warning: missing documentation for a variant
   --> crates/library/surface/package_compiler_failure.rs:801:5
    |
801 |     Mapped,
    |     ^^^^^^

warning: missing documentation for a variant
   --> crates/library/surface/package_compiler_failure.rs:802:5
    |
802 |     TemplateLiteral,
    |     ^^^^^^^^^^^^^^^

warning: missing documentation for a variant
   --> crates/library/surface/package_compiler_failure.rs:803:5
    |
803 |     AnonymousRecord,
    |     ^^^^^^^^^^^^^^^

warning: missing documentation for a variant
   --> crates/library/surface/package_compiler_failure.rs:804:5
    |
804 |     ImplTrait,
    |     ^^^^^^^^^

warning: missing documentation for a variant
   --> crates/library/surface/package_compiler_failure.rs:805:5
    |
805 |     DynTrait,
    |     ^^^^^^^^

warning: missing documentation for a variant
   --> crates/library/surface/package_compiler_failure.rs:806:5
    |
806 |     Inferred,
    |     ^^^^^^^^

warning: missing documentation for a variant
   --> crates/library/surface/package_compiler_failure.rs:807:5
    |
807 |     QualifiedPath,
    |     ^^^^^^^^^^^^^

warning: missing documentation for a variant
   --> crates/library/surface/package_compiler_failure.rs:808:5
    |
808 |     Map,
    |     ^^^

warning: missing documentation for a variant
   --> crates/library/surface/package_compiler_failure.rs:809:5
    |
809 |     Channel,
    |     ^^^^^^^

warning: missing documentation for a variant
   --> crates/library/surface/package_compiler_failure.rs:810:5
    |
810 |     ArraySequence,
    |     ^^^^^^^^^^^^^

warning: missing documentation for a variant
   --> crates/library/surface/package_compiler_failure.rs:811:5
    |
811 |     ArrayRectangular,
    |     ^^^^^^^^^^^^^^^^

warning: missing documentation for a variant
   --> crates/library/surface/package_compiler_failure.rs:812:5
    |
812 |     ArrayFixed,
    |     ^^^^^^^^^^

warning: missing documentation for a variant
   --> crates/library/surface/package_compiler_failure.rs:813:5
    |
813 |     ArrayConstExpression,
    |     ^^^^^^^^^^^^^^^^^^^^

warning: missing documentation for a variant
   --> crates/library/surface/package_compiler_failure.rs:814:5
    |
814 |     ArrayIncomplete,
    |     ^^^^^^^^^^^^^^^

warning: missing documentation for a variant
   --> crates/library/surface/package_compiler_failure.rs:815:5
    |
815 |     CQualified,
    |     ^^^^^^^^^^

warning: missing documentation for a variant
   --> crates/library/surface/package_compiler_failure.rs:816:5
    |
816 |     KeyOf,
    |     ^^^^^

warning: missing documentation for a variant
   --> crates/library/surface/package_compiler_failure.rs:817:5
    |
817 |     IndexedAccess,
    |     ^^^^^^^^^^^^^

warning: missing documentation for a variant
   --> crates/library/surface/package_compiler_failure.rs:818:5
    |
818 |     TypeOf,
    |     ^^^^^^

warning: missing documentation for a variant
   --> crates/library/surface/package_compiler_failure.rs:825:5
    |
825 |     Payload0,
    |     ^^^^^^^^

warning: missing documentation for a variant
   --> crates/library/surface/package_compiler_failure.rs:826:5
    |
826 |     Payload1,
    |     ^^^^^^^^

warning: missing documentation for a variant
   --> crates/library/surface/package_compiler_failure.rs:827:5
    |
827 |     Text,
    |     ^^^^

warning: missing documentation for a variant
   --> crates/library/surface/package_compiler_failure.rs:828:5
    |
828 |     Text2,
    |     ^^^^^

warning: missing documentation for a variant
   --> crates/library/surface/package_compiler_failure.rs:829:5
    |
829 |     Nominal,
    |     ^^^^^^^

warning: missing documentation for a variant
   --> crates/library/surface/package_compiler_failure.rs:837:5
    |
837 |     EmptyName,
    |     ^^^^^^^^^

warning: missing documentation for a variant
   --> crates/library/surface/package_compiler_failure.rs:838:5
    |
838 |     AnonymousCallableAnchor {
    |     ^^^^^^^^^^^^^^^^^^^^^^^

warning: missing documentation for a struct field
   --> crates/library/surface/package_compiler_failure.rs:839:9
    |
839 |         cause: PackageAnonymousCallableAnchorFaultFacts,
    |         ^^^^^^^^^^^^^^^^^^^^^^^^^^^^^^^^^^^^^^^^^^^^^^^

warning: missing documentation for a variant
   --> crates/library/surface/package_compiler_failure.rs:841:5
    |
841 |     AnonymousCallableAnchorPoolCapacity {
    |     ^^^^^^^^^^^^^^^^^^^^^^^^^^^^^^^^^^^

warning: missing documentation for a struct field
   --> crates/library/surface/package_compiler_failure.rs:842:9
    |
842 |         pool: PackageAnonymousCallableAnchorPoolFact,
    |         ^^^^^^^^^^^^^^^^^^^^^^^^^^^^^^^^^^^^^^^^^^^^

warning: missing documentation for a struct field
   --> crates/library/surface/package_compiler_failure.rs:843:9
    |
843 |         used: u64,
    |         ^^^^^^^^^

warning: missing documentation for a struct field
   --> crates/library/surface/package_compiler_failure.rs:844:9
    |
844 |         requested: u64,
    |         ^^^^^^^^^^^^^^

warning: missing documentation for a struct field
   --> crates/library/surface/package_compiler_failure.rs:845:9
    |
845 |         capacity: u64,
    |         ^^^^^^^^^^^^^

warning: missing documentation for a variant
   --> crates/library/surface/package_compiler_failure.rs:847:5
    |
847 |     Capacity,
    |     ^^^^^^^^

warning: missing documentation for a variant
   --> crates/library/surface/package_compiler_failure.rs:848:5
    |
848 |     ChildCapacity,
    |     ^^^^^^^^^^^^^

warning: missing documentation for a variant
   --> crates/library/surface/package_compiler_failure.rs:849:5
    |
849 |     ProductChildPoolCapacity {
    |     ^^^^^^^^^^^^^^^^^^^^^^^^

warning: missing documentation for a struct field
   --> crates/library/surface/package_compiler_failure.rs:850:9
    |
850 |         used: u64,
    |         ^^^^^^^^^

warning: missing documentation for a struct field
   --> crates/library/surface/package_compiler_failure.rs:851:9
    |
851 |         requested: u64,
    |         ^^^^^^^^^^^^^^

warning: missing documentation for a struct field
   --> crates/library/surface/package_compiler_failure.rs:852:9
    |
852 |         capacity: u64,
    |         ^^^^^^^^^^^^^

warning: missing documentation for a variant
   --> crates/library/surface/package_compiler_failure.rs:854:5
    |
854 |     Constructor {
    |     ^^^^^^^^^^^

warning: missing documentation for a struct field
   --> crates/library/surface/package_compiler_failure.rs:855:9
    |
855 |         cause: PackageProjectionConstructorFaultFacts,
    |         ^^^^^^^^^^^^^^^^^^^^^^^^^^^^^^^^^^^^^^^^^^^^^

warning: missing documentation for a variant
   --> crates/library/surface/package_compiler_failure.rs:857:5
    |
857 |     ChildRole {
    |     ^^^^^^^^^

warning: missing documentation for a struct field
   --> crates/library/surface/package_compiler_failure.rs:858:9
    |
858 |         position: u64,
    |         ^^^^^^^^^^^^^

warning: missing documentation for a struct field
   --> crates/library/surface/package_compiler_failure.rs:859:9
    |
859 |         expected: u8,
    |         ^^^^^^^^^^^^

warning: missing documentation for a struct field
   --> crates/library/surface/package_compiler_failure.rs:860:9
    |
860 |         actual: u8,
    |         ^^^^^^^^^^

warning: missing documentation for a variant
   --> crates/library/surface/package_compiler_failure.rs:862:5
    |
862 |     ChildTarget {
    |     ^^^^^^^^^^^

warning: missing documentation for a struct field
   --> crates/library/surface/package_compiler_failure.rs:863:9
    |
863 |         position: u64,
    |         ^^^^^^^^^^^^^

warning: missing documentation for a struct field
   --> crates/library/surface/package_compiler_failure.rs:864:9
    |
864 |         target: u32,
    |         ^^^^^^^^^^^

warning: missing documentation for a struct field
   --> crates/library/surface/package_compiler_failure.rs:865:9
    |
865 |         fact_count: u64,
    |         ^^^^^^^^^^^^^^^

warning: missing documentation for a variant
   --> crates/library/surface/package_compiler_failure.rs:867:5
    |
867 |     TypeRecord {
    |     ^^^^^^^^^^

warning: missing documentation for a struct field
   --> crates/library/surface/package_compiler_failure.rs:868:9
    |
868 |         cause: PackageProjectionSemanticTypeFaultFacts,
    |         ^^^^^^^^^^^^^^^^^^^^^^^^^^^^^^^^^^^^^^^^^^^^^^

warning: missing documentation for a variant
   --> crates/library/surface/package_compiler_failure.rs:870:5
    |
870 |     TypeChild {
    |     ^^^^^^^^^

warning: missing documentation for a struct field
   --> crates/library/surface/package_compiler_failure.rs:871:9
    |
871 |         position: u64,
    |         ^^^^^^^^^^^^^

warning: missing documentation for a struct field
   --> crates/library/surface/package_compiler_failure.rs:872:9
    |
872 |         cause: PackageProjectionSemanticTypeFaultFacts,
    |         ^^^^^^^^^^^^^^^^^^^^^^^^^^^^^^^^^^^^^^^^^^^^^^

warning: missing documentation for a variant
   --> crates/library/surface/package_compiler_failure.rs:874:5
    |
874 |     TypeChildTarget {
    |     ^^^^^^^^^^^^^^^

warning: missing documentation for a struct field
   --> crates/library/surface/package_compiler_failure.rs:875:9
    |
875 |         position: u64,
    |         ^^^^^^^^^^^^^

warning: missing documentation for a struct field
   --> crates/library/surface/package_compiler_failure.rs:876:9
    |
876 |         target: u32,
    |         ^^^^^^^^^^^

warning: missing documentation for a struct field
   --> crates/library/surface/package_compiler_failure.rs:877:9
    |
877 |         fact_count: u64,
    |         ^^^^^^^^^^^^^^^

warning: missing documentation for a variant
   --> crates/library/surface/package_compiler_failure.rs:879:5
    |
879 |     TypeChildCapacity,
    |     ^^^^^^^^^^^^^^^^^

warning: missing documentation for a variant
   --> crates/library/surface/package_compiler_failure.rs:880:5
    |
880 |     TypeChildPoolCapacity {
    |     ^^^^^^^^^^^^^^^^^^^^^

warning: missing documentation for a struct field
   --> crates/library/surface/package_compiler_failure.rs:881:9
    |
881 |         lane: u8,
    |         ^^^^^^^^

warning: missing documentation for a struct field
   --> crates/library/surface/package_compiler_failure.rs:882:9
    |
882 |         used: u64,
    |         ^^^^^^^^^

warning: missing documentation for a struct field
   --> crates/library/surface/package_compiler_failure.rs:883:9
    |
883 |         requested: u64,
    |         ^^^^^^^^^^^^^^

warning: missing documentation for a struct field
   --> crates/library/surface/package_compiler_failure.rs:884:9
    |
884 |         capacity: u64,
    |         ^^^^^^^^^^^^^

warning: missing documentation for a variant
   --> crates/library/surface/package_compiler_failure.rs:886:5
    |
886 |     TypeRowCapacity,
    |     ^^^^^^^^^^^^^^^

warning: missing documentation for a variant
   --> crates/library/surface/package_compiler_failure.rs:887:5
    |
887 |     ComputedRowCapacity,
    |     ^^^^^^^^^^^^^^^^^^^

warning: missing documentation for a variant
   --> crates/library/surface/package_compiler_failure.rs:888:5
    |
888 |     TypeProjectionDepthLimit {
    |     ^^^^^^^^^^^^^^^^^^^^^^^^

warning: missing documentation for a struct field
   --> crates/library/surface/package_compiler_failure.rs:889:9
    |
889 |         depth: u64,
    |         ^^^^^^^^^^

warning: missing documentation for a struct field
   --> crates/library/surface/package_compiler_failure.rs:890:9
    |
890 |         maximum: u64,
    |         ^^^^^^^^^^^^

warning: missing documentation for a variant
   --> crates/library/surface/package_compiler_failure.rs:892:5
    |
892 |     TypeProjectionCycle {
    |     ^^^^^^^^^^^^^^^^^^^

warning: missing documentation for a struct field
   --> crates/library/surface/package_compiler_failure.rs:893:9
    |
893 |         type_id: u32,
    |         ^^^^^^^^^^^^

warning: missing documentation for a variant
   --> crates/library/surface/package_compiler_failure.rs:895:5
    |
895 |     TypeProjectionRecursiveReference {
    |     ^^^^^^^^^^^^^^^^^^^^^^^^^^^^^^^^

warning: missing documentation for a struct field
   --> crates/library/surface/package_compiler_failure.rs:896:9
    |
896 |         distance: u32,
    |         ^^^^^^^^^^^^^

warning: missing documentation for a variant
   --> crates/library/surface/package_compiler_failure.rs:898:5
    |
898 |     TypeProjectionWidth {
    |     ^^^^^^^^^^^^^^^^^^^

warning: missing documentation for a struct field
   --> crates/library/surface/package_compiler_failure.rs:899:9
    |
899 |         actual: u64,
    |         ^^^^^^^^^^^

warning: missing documentation for a struct field
   --> crates/library/surface/package_compiler_failure.rs:900:9
    |
900 |         maximum: u64,
    |         ^^^^^^^^^^^^

warning: missing documentation for a variant
   --> crates/library/surface/package_compiler_failure.rs:902:5
    |
902 |     OccurrenceOwner {
    |     ^^^^^^^^^^^^^^^

warning: missing documentation for a struct field
   --> crates/library/surface/package_compiler_failure.rs:903:9
    |
903 |         owner: u32,
    |         ^^^^^^^^^^

warning: missing documentation for a struct field
   --> crates/library/surface/package_compiler_failure.rs:904:9
    |
904 |         fact_count: u64,
    |         ^^^^^^^^^^^^^^^

warning: missing documentation for a variant
   --> crates/library/surface/package_compiler_failure.rs:906:5
    |
906 |     OccurrenceCapacity,
    |     ^^^^^^^^^^^^^^^^^^

warning: missing documentation for a variant
   --> crates/library/surface/package_compiler_failure.rs:907:5
    |
907 |     DocOwner {
    |     ^^^^^^^^

warning: missing documentation for a struct field
   --> crates/library/surface/package_compiler_failure.rs:908:9
    |
908 |         owner: u32,
    |         ^^^^^^^^^^

warning: missing documentation for a struct field
   --> crates/library/surface/package_compiler_failure.rs:909:9
    |
909 |         fact_count: u64,
    |         ^^^^^^^^^^^^^^^

warning: missing documentation for a variant
   --> crates/library/surface/package_compiler_failure.rs:911:5
    |
911 |     DocCapacity,
    |     ^^^^^^^^^^^

warning: missing documentation for a variant
   --> crates/library/surface/package_compiler_failure.rs:912:5
    |
912 |     ExtensionAtomCapacity,
    |     ^^^^^^^^^^^^^^^^^^^^^

warning: missing documentation for a variant
   --> crates/library/surface/package_compiler_failure.rs:913:5
    |
913 |     TypeParameterCapacity,
    |     ^^^^^^^^^^^^^^^^^^^^^

warning: missing documentation for a variant
   --> crates/library/surface/package_compiler_failure.rs:914:5
    |
914 |     TypeParameterBoundCapacity {
    |     ^^^^^^^^^^^^^^^^^^^^^^^^^^

warning: missing documentation for a struct field
   --> crates/library/surface/package_compiler_failure.rs:915:9
    |
915 |         requested: u64,
    |         ^^^^^^^^^^^^^^

warning: missing documentation for a struct field
   --> crates/library/surface/package_compiler_failure.rs:916:9
    |
916 |         available: u64,
    |         ^^^^^^^^^^^^^^

warning: missing documentation for a variant
   --> crates/library/surface/package_compiler_failure.rs:918:5
    |
918 |     RefListCapacity,
    |     ^^^^^^^^^^^^^^^

warning: missing documentation for a variant
   --> crates/library/surface/package_compiler_failure.rs:919:5
    |
919 |     RefListElements,
    |     ^^^^^^^^^^^^^^^

warning: missing documentation for a variant
   --> crates/library/surface/package_compiler_failure.rs:920:5
    |
920 |     RefTarget {
    |     ^^^^^^^^^

warning: missing documentation for a struct field
   --> crates/library/surface/package_compiler_failure.rs:921:9
    |
921 |         lane: u8,
    |         ^^^^^^^^

warning: missing documentation for a struct field
   --> crates/library/surface/package_compiler_failure.rs:922:9
    |
922 |         raw: u32,
    |         ^^^^^^^^

warning: missing documentation for a struct field
   --> crates/library/surface/package_compiler_failure.rs:923:9
    |
923 |         fact_count: u64,
    |         ^^^^^^^^^^^^^^^

warning: missing documentation for a variant
   --> crates/library/surface/package_compiler_failure.rs:925:5
    |
925 |     SourceSpan {
    |     ^^^^^^^^^^

warning: missing documentation for a struct field
   --> crates/library/surface/package_compiler_failure.rs:926:9
    |
926 |         entity: u32,
    |         ^^^^^^^^^^^

warning: missing documentation for a struct field
   --> crates/library/surface/package_compiler_failure.rs:927:9
    |
927 |         start: u32,
    |         ^^^^^^^^^^

warning: missing documentation for a struct field
   --> crates/library/surface/package_compiler_failure.rs:928:9
    |
928 |         end: u32,
    |         ^^^^^^^^

warning: missing documentation for a struct field
   --> crates/library/surface/package_compiler_failure.rs:929:9
    |
929 |         source_len: u32,
    |         ^^^^^^^^^^^^^^^

warning: missing documentation for a variant
   --> crates/library/surface/package_compiler_failure.rs:931:5
    |
931 |     ConflictingSourceSpan {
    |     ^^^^^^^^^^^^^^^^^^^^^

warning: missing documentation for a struct field
   --> crates/library/surface/package_compiler_failure.rs:932:9
    |
932 |         entity: u32,
    |         ^^^^^^^^^^^

warning: missing documentation for a struct field
   --> crates/library/surface/package_compiler_failure.rs:933:9
    |
933 |         existing_start: u32,
    |         ^^^^^^^^^^^^^^^^^^^

warning: missing documentation for a struct field
   --> crates/library/surface/package_compiler_failure.rs:934:9
    |
934 |         existing_end: u32,
    |         ^^^^^^^^^^^^^^^^^

warning: missing documentation for a struct field
   --> crates/library/surface/package_compiler_failure.rs:935:9
    |
935 |         requested_start: u32,
    |         ^^^^^^^^^^^^^^^^^^^^

warning: missing documentation for a struct field
   --> crates/library/surface/package_compiler_failure.rs:936:9
    |
936 |         requested_end: u32,
    |         ^^^^^^^^^^^^^^^^^^

warning: missing documentation for a variant
   --> crates/library/surface/package_compiler_failure.rs:938:5
    |
938 |     ConflictingParentage {
    |     ^^^^^^^^^^^^^^^^^^^^

warning: missing documentation for a struct field
   --> crates/library/surface/package_compiler_failure.rs:939:9
    |
939 |         entity: u32,
    |         ^^^^^^^^^^^

warning: missing documentation for a struct field
   --> crates/library/surface/package_compiler_failure.rs:940:9
    |
940 |         existing: PackageParentageFact,
    |         ^^^^^^^^^^^^^^^^^^^^^^^^^^^^^^

warning: missing documentation for a struct field
   --> crates/library/surface/package_compiler_failure.rs:941:9
    |
941 |         requested: PackageParentageFact,
    |         ^^^^^^^^^^^^^^^^^^^^^^^^^^^^^^^

warning: missing documentation for a variant
   --> crates/library/surface/package_compiler_failure.rs:943:5
    |
943 |     ConflictingMemberInventory {
    |     ^^^^^^^^^^^^^^^^^^^^^^^^^^

warning: missing documentation for a struct field
   --> crates/library/surface/package_compiler_failure.rs:944:9
    |
944 |         entity: u32,
    |         ^^^^^^^^^^^

warning: missing documentation for a struct field
   --> crates/library/surface/package_compiler_failure.rs:945:9
    |
945 |         existing_count: u64,
    |         ^^^^^^^^^^^^^^^^^^^

warning: missing documentation for a struct field
   --> crates/library/surface/package_compiler_failure.rs:946:9
    |
946 |         requested_count: u64,
    |         ^^^^^^^^^^^^^^^^^^^^

warning: missing documentation for a struct field
   --> crates/library/surface/package_compiler_failure.rs:947:9
    |
947 |         first_difference: u64,
    |         ^^^^^^^^^^^^^^^^^^^^^

warning: missing documentation for a struct field
   --> crates/library/surface/package_compiler_failure.rs:948:9
    |
948 |         existing_member: Option<u32>,
    |         ^^^^^^^^^^^^^^^^^^^^^^^^^^^^

warning: missing documentation for a struct field
   --> crates/library/surface/package_compiler_failure.rs:949:9
    |
949 |         requested_member: Option<u32>,
    |         ^^^^^^^^^^^^^^^^^^^^^^^^^^^^^

warning: missing documentation for a variant
    --> crates/library/surface/package_compiler_failure.rs:1045:5
     |
1045 |     Unavailable,
     |     ^^^^^^^^^^^

warning: missing documentation for a variant
    --> crates/library/surface/package_compiler_failure.rs:1046:5
     |
1046 |     Root,
     |     ^^^^

warning: missing documentation for a variant
    --> crates/library/surface/package_compiler_failure.rs:1047:5
     |
1047 |     Bound { parent: u32 },
     |     ^^^^^

warning: missing documentation for a struct field
    --> crates/library/surface/package_compiler_failure.rs:1047:13
     |
1047 |     Bound { parent: u32 },
     |             ^^^^^^^^^^^

warning: missing documentation for a variant
    --> crates/library/surface/package_compiler_failure.rs:1048:5
     |
1048 |     UnrepresentedAuthorityOwner { identity: [u8; 16] },
     |     ^^^^^^^^^^^^^^^^^^^^^^^^^^^

warning: missing documentation for a struct field
    --> crates/library/surface/package_compiler_failure.rs:1048:35
     |
1048 |     UnrepresentedAuthorityOwner { identity: [u8; 16] },
     |                                   ^^^^^^^^^^^^^^^^^^

warning: missing documentation for a variant
    --> crates/library/surface/package_compiler_failure.rs:1055:5
     |
1055 |     EmptyPath,
     |     ^^^^^^^^^

warning: missing documentation for a variant
    --> crates/library/surface/package_compiler_failure.rs:1056:5
     |
1056 |     BackslashInPath,
     |     ^^^^^^^^^^^^^^^

warning: missing documentation for a variant
    --> crates/library/surface/package_compiler_failure.rs:1063:5
     |
1063 |     EmptyEcosystem,
     |     ^^^^^^^^^^^^^^

warning: missing documentation for a variant
    --> crates/library/surface/package_compiler_failure.rs:1064:5
     |
1064 |     EmptyPackage,
     |     ^^^^^^^^^^^^

warning: missing documentation for a variant
    --> crates/library/surface/package_compiler_failure.rs:1065:5
     |
1065 |     SeparatorInEcosystem,
     |     ^^^^^^^^^^^^^^^^^^^^

warning: missing documentation for a variant
    --> crates/library/surface/package_compiler_failure.rs:1066:5
     |
1066 |     SeparatorInPackage,
     |     ^^^^^^^^^^^^^^^^^^

warning: missing documentation for a variant
    --> crates/library/surface/package_compiler_failure.rs:1067:5
     |
1067 |     BackslashEcosystem,
     |     ^^^^^^^^^^^^^^^^^^

warning: missing documentation for a variant
    --> crates/library/surface/package_compiler_failure.rs:1068:5
     |
1068 |     BackslashPackage,
     |     ^^^^^^^^^^^^^^^^

warning: missing documentation for a variant
    --> crates/library/surface/package_compiler_failure.rs:1069:5
     |
1069 |     BackslashInvalid { segment: u8 },
     |     ^^^^^^^^^^^^^^^^

warning: missing documentation for a struct field
    --> crates/library/surface/package_compiler_failure.rs:1069:24
     |
1069 |     BackslashInvalid { segment: u8 },
     |                        ^^^^^^^^^^^

       Fresh ruff_python_parser v0.0.8
warning: `backend-library` (lib) generated 621 warnings (run `cargo fix --lib -p backend-library` to apply 15 suggestions)
       Fresh clang-sys v1.9.1
       Fresh tree-sitter-java v0.23.5
       Fresh tree-sitter-c-sharp v0.23.5
       Fresh tree-sitter-rust v0.24.2
       Fresh tree-sitter-cpp v0.23.4
       Fresh tree-sitter-go v0.25.0
       Fresh tree-sitter-python v0.25.0
       Fresh tree-sitter-typescript v0.23.2
       Fresh zopfli v0.8.3
       Fresh itertools v0.13.0
       Fresh urlencoding v2.1.3
       Fresh zip v4.6.1
       Fresh pep508_rs v0.9.2
       Fresh backend-frontend-typescript v0.2.0 (/Users/rmccrar6/codex-worktrees/luna-index-projection-fastpath-7382-20261008/frontends/typescript)
warning: unnecessary qualification
    --> frontends/typescript/src/legacy/checker.rs:1178:15
     |
1178 |         match std::fs::remove_dir_all(&work) {
     |               ^^^^^^^^^^^^^^^^^^^^^^^
     |
     = note: requested on the command line with `-W unused-qualifications`
help: remove the unnecessary path segments
     |
1178 -         match std::fs::remove_dir_all(&work) {
1178 +         match fs::remove_dir_all(&work) {
     |

warning: unnecessary qualification
    --> frontends/typescript/src/legacy/checker.rs:1256:17
     |
1256 |                 std::fs::write(&file, source).map_err(|cause| CheckerError::Work {
     |                 ^^^^^^^^^^^^^^
     |
help: remove the unnecessary path segments
     |
1256 -                 std::fs::write(&file, source).map_err(|cause| CheckerError::Work {
1256 +                 fs::write(&file, source).map_err(|cause| CheckerError::Work {
     |

warning: unnecessary qualification
    --> frontends/typescript/src/legacy/checker.rs:1277:15
     |
1277 |         match std::fs::remove_dir_all(&work) {
     |               ^^^^^^^^^^^^^^^^^^^^^^^
     |
help: remove the unnecessary path segments
     |
1277 -         match std::fs::remove_dir_all(&work) {
1277 +         match fs::remove_dir_all(&work) {
     |

warning: unnecessary qualification
    --> frontends/typescript/src/legacy/checker.rs:1333:17
     |
1333 |                 std::fs::write(&file, source).map_err(|cause| CheckerError::Work {
     |                 ^^^^^^^^^^^^^^
     |
help: remove the unnecessary path segments
     |
1333 -                 std::fs::write(&file, source).map_err(|cause| CheckerError::Work {
1333 +                 fs::write(&file, source).map_err(|cause| CheckerError::Work {
     |

warning: unnecessary qualification
    --> frontends/typescript/src/legacy/checker.rs:1342:15
     |
1342 |         match std::fs::remove_dir_all(&work) {
     |               ^^^^^^^^^^^^^^^^^^^^^^^
     |
help: remove the unnecessary path segments
     |
1342 -         match std::fs::remove_dir_all(&work) {
1342 +         match fs::remove_dir_all(&work) {
     |

warning: unnecessary qualification
    --> frontends/typescript/src/legacy/checker.rs:1377:15
     |
1377 |         match std::fs::remove_dir_all(&work) {
     |               ^^^^^^^^^^^^^^^^^^^^^^^
     |
help: remove the unnecessary path segments
     |
1377 -         match std::fs::remove_dir_all(&work) {
1377 +         match fs::remove_dir_all(&work) {
     |

warning: unnecessary qualification
    --> frontends/typescript/src/legacy/checker.rs:1397:9
     |
1397 |         std::fs::write(&file, source).map_err(|cause| CheckerError::Work {
     |         ^^^^^^^^^^^^^^
     |
help: remove the unnecessary path segments
     |
1397 -         std::fs::write(&file, source).map_err(|cause| CheckerError::Work {
1397 +         fs::write(&file, source).map_err(|cause| CheckerError::Work {
     |

warning: unnecessary qualification
    --> frontends/typescript/src/legacy/checker.rs:1424:9
     |
1424 |         std::fs::write(&file, source).map_err(|cause| CheckerError::Work {
     |         ^^^^^^^^^^^^^^
     |
help: remove the unnecessary path segments
     |
1424 -         std::fs::write(&file, source).map_err(|cause| CheckerError::Work {
1424 +         fs::write(&file, source).map_err(|cause| CheckerError::Work {
     |

warning: unnecessary qualification
    --> frontends/typescript/src/legacy/checker.rs:1443:13
     |
1443 |             std::fs::write(&file, source).map_err(|cause| CheckerError::Work {
     |             ^^^^^^^^^^^^^^
     |
help: remove the unnecessary path segments
     |
1443 -             std::fs::write(&file, source).map_err(|cause| CheckerError::Work {
1443 +             fs::write(&file, source).map_err(|cause| CheckerError::Work {
     |

warning: unnecessary qualification
    --> frontends/typescript/src/legacy/checker.rs:1449:15
     |
1449 |         match std::fs::remove_dir_all(&work) {
     |               ^^^^^^^^^^^^^^^^^^^^^^^
     |
help: remove the unnecessary path segments
     |
1449 -         match std::fs::remove_dir_all(&work) {
1449 +         match fs::remove_dir_all(&work) {
     |

warning: unnecessary qualification
    --> frontends/typescript/src/legacy/checker.rs:1740:20
     |
1740 |     let metadata = std::fs::symlink_metadata(source).map_err(|cause| CheckerError::Work {
     |                    ^^^^^^^^^^^^^^^^^^^^^^^^^
     |
help: remove the unnecessary path segments
     |
1740 -     let metadata = std::fs::symlink_metadata(source).map_err(|cause| CheckerError::Work {
1740 +     let metadata = fs::symlink_metadata(source).map_err(|cause| CheckerError::Work {
     |

warning: unnecessary qualification
    --> frontends/typescript/src/legacy/checker.rs:1750:5
     |
1750 |     std::fs::create_dir_all(destination).map_err(|cause| CheckerError::Work {
     |     ^^^^^^^^^^^^^^^^^^^^^^^
     |
help: remove the unnecessary path segments
     |
1750 -     std::fs::create_dir_all(destination).map_err(|cause| CheckerError::Work {
1750 +     fs::create_dir_all(destination).map_err(|cause| CheckerError::Work {
     |

warning: unnecessary qualification
    --> frontends/typescript/src/legacy/checker.rs:1754:18
     |
1754 |     for entry in std::fs::read_dir(source).map_err(|cause| CheckerError::Work {
     |                  ^^^^^^^^^^^^^^^^^
     |
help: remove the unnecessary path segments
     |
1754 -     for entry in std::fs::read_dir(source).map_err(|cause| CheckerError::Work {
1754 +     for entry in fs::read_dir(source).map_err(|cause| CheckerError::Work {
     |

warning: unnecessary qualification
    --> frontends/typescript/src/legacy/checker.rs:1771:24
     |
1771 |         let metadata = std::fs::symlink_metadata(&child).map_err(|cause| CheckerError::Work {
     |                        ^^^^^^^^^^^^^^^^^^^^^^^^^
     |
help: remove the unnecessary path segments
     |
1771 -         let metadata = std::fs::symlink_metadata(&child).map_err(|cause| CheckerError::Work {
1771 +         let metadata = fs::symlink_metadata(&child).map_err(|cause| CheckerError::Work {
     |

warning: unnecessary qualification
    --> frontends/typescript/src/legacy/checker.rs:1808:13
     |
1808 |             std::fs::File::open(&child)
     |             ^^^^^^^^^^^^^^^^^^^
     |
help: remove the unnecessary path segments
     |
1808 -             std::fs::File::open(&child)
1808 +             fs::File::open(&child)
     |

warning: unnecessary qualification
    --> frontends/typescript/src/legacy/checker.rs:1844:13
     |
1844 |             std::fs::write(&target, bytes).map_err(|cause| CheckerError::Work {
     |             ^^^^^^^^^^^^^^
     |
help: remove the unnecessary path segments
     |
1844 -             std::fs::write(&target, bytes).map_err(|cause| CheckerError::Work {
1844 +             fs::write(&target, bytes).map_err(|cause| CheckerError::Work {
     |

warning: `backend-frontend-typescript` (lib) generated 16 warnings (run `cargo fix --lib -p backend-frontend-typescript` to apply 16 suggestions)
       Fresh backend-frontend-python v0.2.0 (/Users/rmccrar6/codex-worktrees/luna-index-projection-fastpath-7382-20261008/frontends/python)
       Fresh backend-frontend-clang v0.2.0 (/Users/rmccrar6/codex-worktrees/luna-index-projection-fastpath-7382-20261008/frontends/clang)
       Fresh backend-frontend-go v0.2.0 (/Users/rmccrar6/codex-worktrees/luna-index-projection-fastpath-7382-20261008/frontends/go)
       Fresh backend-frontend-csharp v0.2.0 (/Users/rmccrar6/codex-worktrees/luna-index-projection-fastpath-7382-20261008/frontends/csharp)
       Fresh backend-frontend-rust v0.2.0 (/Users/rmccrar6/codex-worktrees/luna-index-projection-fastpath-7382-20261008/frontends/rust)
       Fresh backend-frontend-java v0.2.0 (/Users/rmccrar6/codex-worktrees/luna-index-projection-fastpath-7382-20261008/frontends/java)
       Fresh backend-extension-trustfall v0.2.0 (/Users/rmccrar6/codex-worktrees/luna-index-projection-fastpath-7382-20261008/extensions/trustfall)
       Fresh backend-cluster-transport v0.2.0 (/Users/rmccrar6/codex-worktrees/luna-index-projection-fastpath-7382-20261008/crates/cluster-transport)
       Fresh backend-extension-tantivy v0.2.0 (/Users/rmccrar6/codex-worktrees/luna-index-projection-fastpath-7382-20261008/extensions/tantivy)
       Fresh opentelemetry-appender-tracing v0.32.0
       Fresh tracing-opentelemetry v0.33.0
       Fresh opentelemetry_sdk v0.32.1
       Fresh backend-extension-qdrant v0.2.0 (/Users/rmccrar6/codex-worktrees/luna-index-projection-fastpath-7382-20261008/extensions/qdrant)
       Fresh backend-runtime v0.2.0 (/Users/rmccrar6/codex-worktrees/luna-index-projection-fastpath-7382-20261008/crates/runtime)
       Fresh sha1 v0.10.7
       Fresh quick-xml v0.41.0
       Fresh allocation-counter v0.8.1
       Fresh backend-engine v0.2.0 (/Users/rmccrar6/codex-worktrees/luna-index-projection-fastpath-7382-20261008/crates/engine)
warning: unnecessary qualification
    --> crates/engine/src/acquisition/content_addressed.rs:2354:24
     |
2354 |             .set_times(std::fs::FileTimes::new().set_modified(UNIX_EPOCH))
     |                        ^^^^^^^^^^^^^^^^^^^^^^^
     |
     = note: requested on the command line with `-W unused-qualifications`
help: remove the unnecessary path segments
     |
2354 -             .set_times(std::fs::FileTimes::new().set_modified(UNIX_EPOCH))
2354 +             .set_times(fs::FileTimes::new().set_modified(UNIX_EPOCH))
     |

warning: unnecessary qualification
   --> crates/engine/src/acquisition/owned_file.rs:301:9
    |
301 |         std::io::stdout().flush().expect("flush readiness");
    |         ^^^^^^^^^^^^^^^
    |
help: remove the unnecessary path segments
    |
301 -         std::io::stdout().flush().expect("flush readiness");
301 +         io::stdout().flush().expect("flush readiness");
    |

warning: unnecessary qualification
   --> crates/engine/src/acquisition/owned_file.rs:303:17
    |
303 |         let _ = std::io::stdin().read_to_end(&mut input);
    |                 ^^^^^^^^^^^^^^
    |
help: remove the unnecessary path segments
    |
303 -         let _ = std::io::stdin().read_to_end(&mut input);
303 +         let _ = io::stdin().read_to_end(&mut input);
    |

warning: unused import: `Policy`
    --> crates/engine/src/acquisition/receipt_store.rs:1048:40
     |
1048 |         ManifestEntry, MetadataRecord, Policy, ReleaseClaim, Resolve, TreeManifest,
     |                                        ^^^^^^
     |
     = note: `#[warn(unused_imports)]` (part of `#[warn(unused)]`) on by default

warning: unnecessary qualification
    --> crates/engine/src/acquisition/receipt_store.rs:1062:9
     |
1062 |         std::io::stdin()
     |         ^^^^^^^^^^^^^^
     |
help: remove the unnecessary path segments
     |
1062 -         std::io::stdin()
1062 +         io::stdin()
     |

warning: unnecessary qualification
    --> crates/engine/src/acquisition/receipt_store.rs:1397:73
     |
1397 |     fn lease(root: &Path, request: &AcquisitionRequest) -> (LeaseStore, super::super::LeaseGuard) {
     |                                                                         ^^^^^^^^^^^^^^^^^^^^^^^^
     |
help: remove the unnecessary path segments
     |
1397 -     fn lease(root: &Path, request: &AcquisitionRequest) -> (LeaseStore, super::super::LeaseGuard) {
1397 +     fn lease(root: &Path, request: &AcquisitionRequest) -> (LeaseStore, LeaseGuard) {
     |

warning: unused import: `CompilationManifestFormat`
  --> crates/engine/src/application/cluster_coordinator/admission.rs:19:31
   |
19 |     CompilationManifestFacts, CompilationManifestFormat, CompilationManifestView,
   |                               ^^^^^^^^^^^^^^^^^^^^^^^^^

warning: unnecessary qualification
    --> crates/engine/src/application/cluster_coordinator/admission.rs:1374:17
     |
1374 |                 std::io::Error::other(format!("parse recipe fixture package URL: {error:?}"))
     |                 ^^^^^^^^^^^^^^^^^^^^^
     |
help: remove the unnecessary path segments
     |
1374 -                 std::io::Error::other(format!("parse recipe fixture package URL: {error:?}"))
1374 +                 io::Error::other(format!("parse recipe fixture package URL: {error:?}"))
     |

warning: unnecessary qualification
    --> crates/engine/src/application/cluster_coordinator/admission.rs:1385:13
     |
1385 |             std::io::Error::other(format!("create recipe fixture request: {error:?}"))
     |             ^^^^^^^^^^^^^^^^^^^^^
     |
help: remove the unnecessary path segments
     |
1385 -             std::io::Error::other(format!("create recipe fixture request: {error:?}"))
1385 +             io::Error::other(format!("create recipe fixture request: {error:?}"))
     |

warning: unnecessary qualification
    --> crates/engine/src/application/cluster_coordinator/admission.rs:1514:30
     |
1514 |             .map_err(|error| std::io::Error::other(format!("open result store: {error:?}")))?;
     |                              ^^^^^^^^^^^^^^^^^^^^^
     |
help: remove the unnecessary path segments
     |
1514 -             .map_err(|error| std::io::Error::other(format!("open result store: {error:?}")))?;
1514 +             .map_err(|error| io::Error::other(format!("open result store: {error:?}")))?;
     |

warning: unnecessary qualification
    --> crates/engine/src/application/cluster_coordinator/admission.rs:1517:30
     |
1517 |             .map_err(|error| std::io::Error::other(format!("store result closure: {error:?}")))?;
     |                              ^^^^^^^^^^^^^^^^^^^^^
     |
help: remove the unnecessary path segments
     |
1517 -             .map_err(|error| std::io::Error::other(format!("store result closure: {error:?}")))?;
1517 +             .map_err(|error| io::Error::other(format!("store result closure: {error:?}")))?;
     |

warning: unnecessary qualification
    --> crates/engine/src/application/cluster_coordinator/admission.rs:1520:30
     |
1520 |             .map_err(|error| std::io::Error::other(format!("open result closure: {error:?}")))?;
     |                              ^^^^^^^^^^^^^^^^^^^^^
     |
help: remove the unnecessary path segments
     |
1520 -             .map_err(|error| std::io::Error::other(format!("open result closure: {error:?}")))?;
1520 +             .map_err(|error| io::Error::other(format!("open result closure: {error:?}")))?;
     |

warning: unnecessary qualification
    --> crates/engine/src/application/cluster_coordinator/admission.rs:1561:26
     |
1561 |         .map_err(|error| std::io::Error::other(format!("admit baseline result: {error:?}")))?;
     |                          ^^^^^^^^^^^^^^^^^^^^^
     |
help: remove the unnecessary path segments
     |
1561 -         .map_err(|error| std::io::Error::other(format!("admit baseline result: {error:?}")))?;
1561 +         .map_err(|error| io::Error::other(format!("admit baseline result: {error:?}")))?;
     |

warning: unnecessary qualification
    --> crates/engine/src/application/cluster_coordinator/admission.rs:1663:17
     |
1663 |                 std::io::Error::other(format!("store generic-plane result: {error:?}"))
     |                 ^^^^^^^^^^^^^^^^^^^^^
     |
help: remove the unnecessary path segments
     |
1663 -                 std::io::Error::other(format!("store generic-plane result: {error:?}"))
1663 +                 io::Error::other(format!("store generic-plane result: {error:?}"))
     |

warning: unnecessary qualification
    --> crates/engine/src/application/cluster_coordinator/admission.rs:1669:21
     |
1669 |                     std::io::Error::other(format!("open generic-plane result: {error:?}"))
     |                     ^^^^^^^^^^^^^^^^^^^^^
     |
help: remove the unnecessary path segments
     |
1669 -                     std::io::Error::other(format!("open generic-plane result: {error:?}"))
1669 +                     io::Error::other(format!("open generic-plane result: {error:?}"))
     |

warning: unnecessary qualification
    --> crates/engine/src/application/cluster_coordinator/admission.rs:1711:21
     |
1711 |                     std::io::Error::other(format!("store embedding result closure: {error:?}"))
     |                     ^^^^^^^^^^^^^^^^^^^^^
     |
help: remove the unnecessary path segments
     |
1711 -                     std::io::Error::other(format!("store embedding result closure: {error:?}"))
1711 +                     io::Error::other(format!("store embedding result closure: {error:?}"))
     |

warning: unnecessary qualification
    --> crates/engine/src/application/cluster_coordinator/admission.rs:1714:13
     |
1714 |             std::io::Error::other(format!("open embedding result closure: {error:?}"))
     |             ^^^^^^^^^^^^^^^^^^^^^
     |
help: remove the unnecessary path segments
     |
1714 -             std::io::Error::other(format!("open embedding result closure: {error:?}"))
1714 +             io::Error::other(format!("open embedding result closure: {error:?}"))
     |

warning: unnecessary qualification
    --> crates/engine/src/application/cluster_coordinator/admission.rs:1728:26
     |
1728 |         .map_err(|error| std::io::Error::other(format!("admit embedding result: {error:?}")))?;
     |                          ^^^^^^^^^^^^^^^^^^^^^
     |
help: remove the unnecessary path segments
     |
1728 -         .map_err(|error| std::io::Error::other(format!("admit embedding result: {error:?}")))?;
1728 +         .map_err(|error| io::Error::other(format!("admit embedding result: {error:?}")))?;
     |

warning: unnecessary qualification
    --> crates/engine/src/application/cluster_coordinator/admission.rs:1802:21
     |
1802 |                     std::io::Error::other(format!("store cross-artifact plane result: {error:?}"))
     |                     ^^^^^^^^^^^^^^^^^^^^^
     |
help: remove the unnecessary path segments
     |
1802 -                     std::io::Error::other(format!("store cross-artifact plane result: {error:?}"))
1802 +                     io::Error::other(format!("store cross-artifact plane result: {error:?}"))
     |

warning: unnecessary qualification
    --> crates/engine/src/application/cluster_coordinator/admission.rs:1808:21
     |
1808 |                     std::io::Error::other(format!("open cross-artifact plane result: {error:?}"))
     |                     ^^^^^^^^^^^^^^^^^^^^^
     |
help: remove the unnecessary path segments
     |
1808 -                     std::io::Error::other(format!("open cross-artifact plane result: {error:?}"))
1808 +                     io::Error::other(format!("open cross-artifact plane result: {error:?}"))
     |

warning: unnecessary qualification
    --> crates/engine/src/application/cluster_coordinator/admission.rs:1867:17
     |
1867 |                 std::io::Error::other(format!("store incomplete plane closure: {error:?}"))
     |                 ^^^^^^^^^^^^^^^^^^^^^
     |
help: remove the unnecessary path segments
     |
1867 -                 std::io::Error::other(format!("store incomplete plane closure: {error:?}"))
1867 +                 io::Error::other(format!("store incomplete plane closure: {error:?}"))
     |

warning: unnecessary qualification
    --> crates/engine/src/application/cluster_coordinator/admission.rs:1873:21
     |
1873 |                     std::io::Error::other(format!("open incomplete plane closure: {error:?}"))
     |                     ^^^^^^^^^^^^^^^^^^^^^
     |
help: remove the unnecessary path segments
     |
1873 -                     std::io::Error::other(format!("open incomplete plane closure: {error:?}"))
1873 +                     io::Error::other(format!("open incomplete plane closure: {error:?}"))
     |

warning: unnecessary qualification
    --> crates/engine/src/application/cluster_coordinator/admission.rs:1940:21
     |
1940 |                     std::io::Error::other(format!("store mutated result closure: {error:?}"))
     |                     ^^^^^^^^^^^^^^^^^^^^^
     |
help: remove the unnecessary path segments
     |
1940 -                     std::io::Error::other(format!("store mutated result closure: {error:?}"))
1940 +                     io::Error::other(format!("store mutated result closure: {error:?}"))
     |

warning: unnecessary qualification
    --> crates/engine/src/application/cluster_coordinator/admission.rs:1943:13
     |
1943 |             std::io::Error::other(format!("open mutated result closure: {error:?}"))
     |             ^^^^^^^^^^^^^^^^^^^^^
     |
help: remove the unnecessary path segments
     |
1943 -             std::io::Error::other(format!("open mutated result closure: {error:?}"))
1943 +             io::Error::other(format!("open mutated result closure: {error:?}"))
     |

warning: unnecessary qualification
    --> crates/engine/src/application/cluster_coordinator/admission.rs:1966:34
     |
1966 |         fn new() -> Result<Self, std::io::Error> {
     |                                  ^^^^^^^^^^^^^^
     |
help: remove the unnecessary path segments
     |
1966 -         fn new() -> Result<Self, std::io::Error> {
1966 +         fn new() -> Result<Self, io::Error> {
     |

warning: unnecessary qualification
    --> crates/engine/src/application/cluster_coordinator/admission.rs:1969:26
     |
1969 |                 .map_err(std::io::Error::other)?
     |                          ^^^^^^^^^^^^^^^^^^^^^
     |
help: remove the unnecessary path segments
     |
1969 -                 .map_err(std::io::Error::other)?
1969 +                 .map_err(io::Error::other)?
     |

warning: unnecessary qualification
    --> crates/engine/src/application/cluster_coordinator/admission.rs:2038:30
     |
2038 |             .map_err(|error| std::io::Error::other(format!("build result closure: {error:?}")))
     |                              ^^^^^^^^^^^^^^^^^^^^^
     |
help: remove the unnecessary path segments
     |
2038 -             .map_err(|error| std::io::Error::other(format!("build result closure: {error:?}")))
2038 +             .map_err(|error| io::Error::other(format!("build result closure: {error:?}")))
     |

warning: unnecessary qualification
    --> crates/engine/src/application/cluster_coordinator/admission.rs:2171:13
     |
2171 |             std::io::Error::other(format!("rebuild semantic generation: {error:?}"))
     |             ^^^^^^^^^^^^^^^^^^^^^
     |
help: remove the unnecessary path segments
     |
2171 -             std::io::Error::other(format!("rebuild semantic generation: {error:?}"))
2171 +             io::Error::other(format!("rebuild semantic generation: {error:?}"))
     |

warning: unused imports: `CompilationManifestFacts` and `CompilationManifestView`
 --> crates/engine/src/application/cluster_coordinator/result_wire.rs:9:5
  |
9 |     CompilationManifestFacts, CompilationManifestIdentity, CompilationManifestView,
  |     ^^^^^^^^^^^^^^^^^^^^^^^^                               ^^^^^^^^^^^^^^^^^^^^^^^

warning: unnecessary qualification
    --> crates/engine/src/application/cluster_coordinator/result_wire.rs:1618:28
     |
1618 |             member_slots * std::mem::size_of::<super::CompilerResultMemberV1>() < 16 * 1024 * 1024,
     |                            ^^^^^^^^^^^^^^^^^^^^^^^^^^^^^^^^^^^^^^^^^^^^^^^^^^
     |
help: remove the unnecessary path segments
     |
1618 -             member_slots * std::mem::size_of::<super::CompilerResultMemberV1>() < 16 * 1024 * 1024,
1618 +             member_slots * size_of::<super::CompilerResultMemberV1>() < 16 * 1024 * 1024,
     |

warning: unused imports: `TszCheckerOptions`, `TszEnvironmentFingerprint`, `TszFileInput`, `TszProjectOptions`, `TszProject`, and `TszSourceError`
  --> crates/engine/src/application/compiler.rs:39:5
   |
39 |     TszCheckerOptions, TszEnvironmentFingerprint, TszFileInput, TszProject, TszProjectAuthority,
   |     ^^^^^^^^^^^^^^^^^  ^^^^^^^^^^^^^^^^^^^^^^^^^  ^^^^^^^^^^^^  ^^^^^^^^^^
40 |     TszProjectExecutionBudget, TszProjectOptions, TszSourceError,
   |                                ^^^^^^^^^^^^^^^^^  ^^^^^^^^^^^^^^

warning: unused import: `FragmentCause`
  --> crates/engine/src/application/compiler.rs:44:70
   |
44 |     CompilerRequest as ApplicationCompilerRequest, CompilerTerminal, FragmentCause,
   |                                                                      ^^^^^^^^^^^^^

warning: unnecessary qualification
    --> crates/engine/src/application/compiler.rs:1782:15
     |
1782 |     deadline: std::time::Instant,
     |               ^^^^^^^^^^^^^^^^^^
     |
help: remove the unnecessary path segments
     |
1782 -     deadline: std::time::Instant,
1782 +     deadline: Instant,
     |

warning: unnecessary qualification
    --> crates/engine/src/application/compiler.rs:2065:37
     |
2065 |         let mut tsz_package_paths = std::collections::BTreeMap::<Box<str>, Box<str>>::new();
     |                                     ^^^^^^^^^^^^^^^^^^^^^^^^^^^^^^^^^^^^^^^^^^^^^^^^^^^^^
     |
help: remove the unnecessary path segments
     |
2065 -         let mut tsz_package_paths = std::collections::BTreeMap::<Box<str>, Box<str>>::new();
2065 +         let mut tsz_package_paths = BTreeMap::<Box<str>, Box<str>>::new();
     |

warning: unused imports: `AtomicBool` and `Ordering`
    --> crates/engine/src/application/compiler.rs:4555:22
     |
4555 |             atomic::{AtomicBool, Ordering},
     |                      ^^^^^^^^^^  ^^^^^^^^

warning: unnecessary qualification
    --> crates/engine/src/application/compiler.rs:4755:22
     |
4755 | ...   let target = backend_version::ContentId::<backend_version::CompilationTargetDomain>::from_canonical_bytes(b"cancelled-ts-tar...
     |                    ^^^^^^^^^^^^^^^^^^^^^^^^^^^^^^^^^^^^^^^^^^^^^^^^^^^^^^^^^^^^^^^^^^^^^^^^^^^^^^^^^^^^^^^^^^^^
     |
help: remove the unnecessary path segments
     |
4755 -         let target = backend_version::ContentId::<backend_version::CompilationTargetDomain>::from_canonical_bytes(b"cancelled-ts-target");
4755 +         let target = ContentId::<backend_version::CompilationTargetDomain>::from_canonical_bytes(b"cancelled-ts-target");
     |

warning: unnecessary qualification
    --> crates/engine/src/application/embedding_provision.rs:1350:17
     |
1350 |         assert!(std::sync::Arc::ptr_eq(
     |                 ^^^^^^^^^^^^^^^^^^^^^^
     |
help: remove the unnecessary path segments
     |
1350 -         assert!(std::sync::Arc::ptr_eq(
1350 +         assert!(Arc::ptr_eq(
     |

warning: unnecessary qualification
   --> crates/engine/src/application/host/authority.rs:382:24
    |
382 |             directory: super::LocalHostDirectory::GoModuleCache,
    |                        ^^^^^^^^^^^^^^^^^^^^^^^^^^^^^^^^^^^^^^^^
    |
help: remove the unnecessary path segments
    |
382 -             directory: super::LocalHostDirectory::GoModuleCache,
382 +             directory: LocalHostDirectory::GoModuleCache,
    |

warning: unnecessary qualification
   --> crates/engine/src/application/host/authority.rs:545:25
    |
545 |                         crate::application::ToolchainProbeError::TypeScriptInterpreterUnavailable {
    |                         ^^^^^^^^^^^^^^^^^^^^^^^^^^^^^^^^^^^^^^^^^^^^^^^^^^^^^^^^^^^^^^^^^^^^^^^^^
    |
help: remove the unnecessary path segments
    |
545 -                         crate::application::ToolchainProbeError::TypeScriptInterpreterUnavailable {
545 +                         ToolchainProbeError::TypeScriptInterpreterUnavailable {
    |

warning: unnecessary qualification
   --> crates/engine/src/application/host/authority.rs:552:29
    |
552 | ...                   crate::application::ToolchainProbeError::TypeScriptModuleRootUnavailable {
    |                       ^^^^^^^^^^^^^^^^^^^^^^^^^^^^^^^^^^^^^^^^^^^^^^^^^^^^^^^^^^^^^^^^^^^^^^^^
    |
help: remove the unnecessary path segments
    |
552 -                             crate::application::ToolchainProbeError::TypeScriptModuleRootUnavailable {
552 +                             ToolchainProbeError::TypeScriptModuleRootUnavailable {
    |

warning: unnecessary qualification
    --> crates/engine/src/application/runtime.rs:5442:30
     |
5442 |                 let result = std::panic::catch_unwind(AssertUnwindSafe(|| {
     |                              ^^^^^^^^^^^^^^^^^^^^^^^^
     |
help: remove the unnecessary path segments
     |
5442 -                 let result = std::panic::catch_unwind(AssertUnwindSafe(|| {
5442 +                 let result = catch_unwind(AssertUnwindSafe(|| {
     |

warning: unnecessary qualification
   --> crates/engine/src/application/terminal/native.rs:456:23
    |
456 |         let failure = crate::driver::CompileFailure::ExtensionAtomUnbound {
    |                       ^^^^^^^^^^^^^^^^^^^^^^^^^^^^^^^^^^^^^^^^^^^^^^^^^^^
    |
help: remove the unnecessary path segments
    |
456 -         let failure = crate::driver::CompileFailure::ExtensionAtomUnbound {
456 +         let failure = CompileFailure::ExtensionAtomUnbound {
    |

warning: unnecessary qualification
   --> crates/engine/src/application/terminal/native.rs:463:36
    |
463 |         let cause = lowering_cause(super::compile_terminal(failure))?;
    |                                    ^^^^^^^^^^^^^^^^^^^^^^^
    |
help: remove the unnecessary path segments
    |
463 -         let cause = lowering_cause(super::compile_terminal(failure))?;
463 +         let cause = lowering_cause(compile_terminal(failure))?;
    |

warning: unnecessary qualification
   --> crates/engine/src/application/terminal/native.rs:481:23
    |
481 |         let failure = crate::driver::CompileFailure::LoweringUnsupported {
    |                       ^^^^^^^^^^^^^^^^^^^^^^^^^^^^^^^^^^^^^^^^^^^^^^^^^^
    |
help: remove the unnecessary path segments
    |
481 -         let failure = crate::driver::CompileFailure::LoweringUnsupported {
481 +         let failure = CompileFailure::LoweringUnsupported {
    |

warning: unnecessary qualification
   --> crates/engine/src/application/terminal/native.rs:490:36
    |
490 |         let cause = lowering_cause(super::compile_terminal(failure))?;
    |                                    ^^^^^^^^^^^^^^^^^^^^^^^
    |
help: remove the unnecessary path segments
    |
490 -         let cause = lowering_cause(super::compile_terminal(failure))?;
490 +         let cause = lowering_cause(compile_terminal(failure))?;
    |

warning: unnecessary qualification
    --> crates/engine/src/application/typescript_host.rs:2081:20
     |
2081 |     _file: Option<&fs::File>,
     |                    ^^^^^^^^
     |
help: remove the unnecessary path segments
     |
2081 -     _file: Option<&fs::File>,
2081 +     _file: Option<&File>,
     |

warning: unnecessary qualification
    --> crates/engine/src/application/typescript_host.rs:3457:45
     |
3457 |             Err(source) if source.kind() == std::io::ErrorKind::NotFound => {}
     |                                             ^^^^^^^^^^^^^^^^^^^^^^^^^^^^
     |
help: remove the unnecessary path segments
     |
3457 -             Err(source) if source.kind() == std::io::ErrorKind::NotFound => {}
3457 +             Err(source) if source.kind() == io::ErrorKind::NotFound => {}
     |

warning: unnecessary qualification
    --> crates/engine/src/application/typescript_host.rs:3557:41
     |
3557 |         Err(source) if source.kind() == std::io::ErrorKind::NotFound => {}
     |                                         ^^^^^^^^^^^^^^^^^^^^^^^^^^^^
     |
help: remove the unnecessary path segments
     |
3557 -         Err(source) if source.kind() == std::io::ErrorKind::NotFound => {}
3557 +         Err(source) if source.kind() == io::ErrorKind::NotFound => {}
     |

warning: unnecessary qualification
    --> crates/engine/src/application/typescript_host.rs:3964:17
     |
3964 |         source: std::io::Error,
     |                 ^^^^^^^^^^^^^^
     |
help: remove the unnecessary path segments
     |
3964 -         source: std::io::Error,
3964 +         source: io::Error,
     |

warning: unnecessary qualification
    --> crates/engine/src/application/typescript_host.rs:3970:17
     |
3970 |         source: std::io::Error,
     |                 ^^^^^^^^^^^^^^
     |
help: remove the unnecessary path segments
     |
3970 -         source: std::io::Error,
3970 +         source: io::Error,
     |

warning: unnecessary qualification
    --> crates/engine/src/application/typescript_host.rs:3990:17
     |
3990 |         source: std::io::Error,
     |                 ^^^^^^^^^^^^^^
     |
help: remove the unnecessary path segments
     |
3990 -         source: std::io::Error,
3990 +         source: io::Error,
     |

warning: unnecessary qualification
    --> crates/engine/src/application/typescript_host.rs:3998:17
     |
3998 |         source: std::io::Error,
     |                 ^^^^^^^^^^^^^^
     |
help: remove the unnecessary path segments
     |
3998 -         source: std::io::Error,
3998 +         source: io::Error,
     |

warning: unnecessary qualification
    --> crates/engine/src/application/typescript_host.rs:4332:17
     |
4332 |             Err(crate::driver::ToolchainResolutionError::CompilerModuleMismatch)
     |                 ^^^^^^^^^^^^^^^^^^^^^^^^^^^^^^^^^^^^^^^^^^^^^^^^^^^^^^^^^^^^^^^
     |
help: remove the unnecessary path segments
     |
4332 -             Err(crate::driver::ToolchainResolutionError::CompilerModuleMismatch)
4332 +             Err(ToolchainResolutionError::CompilerModuleMismatch)
     |

warning: unnecessary qualification
    --> crates/engine/src/application/typescript_host.rs:4344:29
     |
4344 |                     source: crate::driver::ToolchainResolutionError::CompilerModuleMismatch
     |                             ^^^^^^^^^^^^^^^^^^^^^^^^^^^^^^^^^^^^^^^^^^^^^^^^^^^^^^^^^^^^^^^
     |
help: remove the unnecessary path segments
     |
4344 -                     source: crate::driver::ToolchainResolutionError::CompilerModuleMismatch
4344 +                     source: ToolchainResolutionError::CompilerModuleMismatch
     |

warning: unused import: `Duration`
  --> crates/engine/src/application/typescript_program.rs:13:12
   |
13 |     time::{Duration, Instant},
   |            ^^^^^^^^

warning: unused import: `std::path::PathBuf`
    --> crates/engine/src/application/unit_authority_v2.rs:1499:13
     |
1499 |         use std::path::PathBuf;
     |             ^^^^^^^^^^^^^^^^^^

warning: unused import: `ProductSourceRelation`
  --> crates/engine/src/builtin/file_facts_relation.rs:13:70
   |
13 |     Container, DeclarationKind, ProductFileRef, ProductSourceRecord, ProductSourceRelation,
   |                                                                      ^^^^^^^^^^^^^^^^^^^^^

warning: unnecessary parentheses around function argument
    --> crates/engine/src/builtin/file_facts_relation.rs:2017:41
     |
2017 |         let source = tsx_catalog_source((0..900), false);
     |                                         ^      ^
     |
     = note: `#[warn(unused_parens)]` (part of `#[warn(unused)]`) on by default
help: remove these parentheses
     |
2017 -         let source = tsx_catalog_source((0..900), false);
2017 +         let source = tsx_catalog_source(0..900, false);
     |

warning: unnecessary parentheses around function argument
    --> crates/engine/src/builtin/file_facts_relation.rs:2037:50
     |
2037 |         let prefixed_source = tsx_catalog_source((0..900), true);
     |                                                  ^      ^
     |
help: remove these parentheses
     |
2037 -         let prefixed_source = tsx_catalog_source((0..900), true);
2037 +         let prefixed_source = tsx_catalog_source(0..900, true);
     |

warning: unnecessary qualification
    --> crates/engine/src/builtin/relation.rs:3234:13
     |
3234 |             super::ProductProjectFileMembership::Inline(keys.as_slice())
     |             ^^^^^^^^^^^^^^^^^^^^^^^^^^^^^^^^^^^^^^^^^^^
     |
help: remove the unnecessary path segments
     |
3234 -             super::ProductProjectFileMembership::Inline(keys.as_slice())
3234 +             ProductProjectFileMembership::Inline(keys.as_slice())
     |

warning: unnecessary qualification
   --> crates/engine/src/compiler_read_observation_v2.rs:629:13
    |
629 |             crate::compiler_attempt_v2::CompilationAttemptId::mint().expect("attempt identity"),
    |             ^^^^^^^^^^^^^^^^^^^^^^^^^^^^^^^^^^^^^^^^^^^^^^^^^^^^^^
    |
help: remove the unnecessary path segments
    |
629 -             crate::compiler_attempt_v2::CompilationAttemptId::mint().expect("attempt identity"),
629 +             CompilationAttemptId::mint().expect("attempt identity"),
    |

warning: unnecessary qualification
   --> crates/engine/src/compiler_read_observation_v2.rs:636:13
    |
636 |             crate::compiler_attempt_v2::CompilationAttemptId::mint().expect("attempt identity");
    |             ^^^^^^^^^^^^^^^^^^^^^^^^^^^^^^^^^^^^^^^^^^^^^^^^^^^^^^
    |
help: remove the unnecessary path segments
    |
636 -             crate::compiler_attempt_v2::CompilationAttemptId::mint().expect("attempt identity");
636 +             CompilationAttemptId::mint().expect("attempt identity");
    |

warning: unnecessary qualification
   --> crates/engine/src/compiler_read_observation_v2.rs:779:13
    |
779 |             crate::compiler_attempt_v2::CompilationAttemptId::mint().expect("attempt identity");
    |             ^^^^^^^^^^^^^^^^^^^^^^^^^^^^^^^^^^^^^^^^^^^^^^^^^^^^^^
    |
help: remove the unnecessary path segments
    |
779 -             crate::compiler_attempt_v2::CompilationAttemptId::mint().expect("attempt identity");
779 +             CompilationAttemptId::mint().expect("attempt identity");
    |

warning: unnecessary qualification
    --> crates/engine/src/driver/lower/csharp.rs:4808:38
     |
4808 |                 if rejection.fact == crate::driver::lower::MAX_EMISSION_FACTS
     |                                      ^^^^^^^^^^^^^^^^^^^^^^^^^^^^^^^^^^^^^^^^
     |
help: remove the unnecessary path segments
     |
4808 -                 if rejection.fact == crate::driver::lower::MAX_EMISSION_FACTS
4808 +                 if rejection.fact == MAX_EMISSION_FACTS
     |

warning: unnecessary qualification
    --> crates/engine/src/driver/lower/go.rs:4955:17
     |
4955 |     ) -> Result<backend_semantic::ir::GoFacts, TestError> {
     |                 ^^^^^^^^^^^^^^^^^^^^^^^^^^^^^
     |
help: remove the unnecessary path segments
     |
4955 -     ) -> Result<backend_semantic::ir::GoFacts, TestError> {
4955 +     ) -> Result<GoFacts, TestError> {
     |

warning: unnecessary qualification
    --> crates/engine/src/driver/lower/java.rs:3051:35
     |
3051 |             LanguageProfile::Java(backend_semantic::vocabulary::JavaRelease::Java21),
     |                                   ^^^^^^^^^^^^^^^^^^^^^^^^^^^^^^^^^^^^^^^^^^^^^^^^^
     |
help: remove the unnecessary path segments
     |
3051 -             LanguageProfile::Java(backend_semantic::vocabulary::JavaRelease::Java21),
3051 +             LanguageProfile::Java(JavaRelease::Java21),
     |

warning: unnecessary qualification
    --> crates/engine/src/driver/lower/java.rs:3081:35
     |
3081 |             LanguageProfile::Java(backend_semantic::vocabulary::JavaRelease::Java21),
     |                                   ^^^^^^^^^^^^^^^^^^^^^^^^^^^^^^^^^^^^^^^^^^^^^^^^^
     |
help: remove the unnecessary path segments
     |
3081 -             LanguageProfile::Java(backend_semantic::vocabulary::JavaRelease::Java21),
3081 +             LanguageProfile::Java(JavaRelease::Java21),
     |

warning: unnecessary qualification
    --> crates/engine/src/driver/lower/java.rs:3089:39
     |
3089 |                 LanguageProfile::Java(backend_semantic::vocabulary::JavaRelease::Java21),
     |                                       ^^^^^^^^^^^^^^^^^^^^^^^^^^^^^^^^^^^^^^^^^^^^^^^^^
     |
help: remove the unnecessary path segments
     |
3089 -                 LanguageProfile::Java(backend_semantic::vocabulary::JavaRelease::Java21),
3089 +                 LanguageProfile::Java(JavaRelease::Java21),
     |

warning: unnecessary qualification
    --> crates/engine/src/driver/lower/java.rs:3393:22
     |
3393 |             |entity: backend_semantic::ir::EntityId| -> Result<Vec<Vec<u8>>, TestError> {
     |                      ^^^^^^^^^^^^^^^^^^^^^^^^^^^^^^
     |
help: remove the unnecessary path segments
     |
3393 -             |entity: backend_semantic::ir::EntityId| -> Result<Vec<Vec<u8>>, TestError> {
3393 +             |entity: EntityId| -> Result<Vec<Vec<u8>>, TestError> {
     |

warning: unnecessary qualification
    --> crates/engine/src/driver/lower/java.rs:4381:25
     |
4381 |         for index in 0..crate::driver::lower::MAX_EMISSION_FACTS + 1 {
     |                         ^^^^^^^^^^^^^^^^^^^^^^^^^^^^^^^^^^^^^^^^
     |
help: remove the unnecessary path segments
     |
4381 -         for index in 0..crate::driver::lower::MAX_EMISSION_FACTS + 1 {
4381 +         for index in 0..MAX_EMISSION_FACTS + 1 {
     |

warning: unnecessary qualification
    --> crates/engine/src/driver/lower/java.rs:4399:38
     |
4399 |                 if rejection.fact == crate::driver::lower::MAX_EMISSION_FACTS
     |                                      ^^^^^^^^^^^^^^^^^^^^^^^^^^^^^^^^^^^^^^^^
     |
help: remove the unnecessary path segments
     |
4399 -                 if rejection.fact == crate::driver::lower::MAX_EMISSION_FACTS
4399 +                 if rejection.fact == MAX_EMISSION_FACTS
     |

warning: unnecessary qualification
    --> crates/engine/src/driver/lower/java.rs:4419:17
     |
4419 |             != (backend_semantic::vocabulary::JavaProjectionFault::Utf16Offset {
     |                 ^^^^^^^^^^^^^^^^^^^^^^^^^^^^^^^^^^^^^^^^^^^^^^^^^^^^^^^^^^^^^^
     |
help: remove the unnecessary path segments
     |
4419 -             != (backend_semantic::vocabulary::JavaProjectionFault::Utf16Offset {
4419 +             != (JavaProjectionFault::Utf16Offset {
     |

warning: unnecessary qualification
    --> crates/engine/src/driver/lower/java.rs:4436:22
     |
4436 |         if fault != (backend_semantic::vocabulary::JavaProjectionFault::Primitive { type_row: 17 })
     |                      ^^^^^^^^^^^^^^^^^^^^^^^^^^^^^^^^^^^^^^^^^^^^^^^^^^^^^^^^^^^^
     |
help: remove the unnecessary path segments
     |
4436 -         if fault != (backend_semantic::vocabulary::JavaProjectionFault::Primitive { type_row: 17 })
4436 +         if fault != (JavaProjectionFault::Primitive { type_row: 17 })
     |

warning: unnecessary qualification
    --> crates/engine/src/driver/lower/java.rs:4446:22
     |
4446 |         if fault != (backend_semantic::vocabulary::JavaProjectionFault::Depth { type_row: 23 }) {
     |                      ^^^^^^^^^^^^^^^^^^^^^^^^^^^^^^^^^^^^^^^^^^^^^^^^^^^^^^^^
     |
help: remove the unnecessary path segments
     |
4446 -         if fault != (backend_semantic::vocabulary::JavaProjectionFault::Depth { type_row: 23 }) {
4446 +         if fault != (JavaProjectionFault::Depth { type_row: 23 }) {
     |

warning: unnecessary qualification
    --> crates/engine/src/driver/lower/java.rs:4459:17
     |
4459 |             != (backend_semantic::vocabulary::JavaProjectionFault::MalformedType {
     |                 ^^^^^^^^^^^^^^^^^^^^^^^^^^^^^^^^^^^^^^^^^^^^^^^^^^^^^^^^^^^^^^^^
     |
help: remove the unnecessary path segments
     |
4459 -             != (backend_semantic::vocabulary::JavaProjectionFault::MalformedType {
4459 +             != (JavaProjectionFault::MalformedType {
     |

warning: unnecessary qualification
    --> crates/engine/src/driver/lower/java.rs:4461:23
     |
4461 |                 kind: backend_semantic::vocabulary::JavaProjectionTypeKind::Array,
     |                       ^^^^^^^^^^^^^^^^^^^^^^^^^^^^^^^^^^^^^^^^^^^^^^^^^^^^^^^^^^^
     |
help: remove the unnecessary path segments
     |
4461 -                 kind: backend_semantic::vocabulary::JavaProjectionTypeKind::Array,
4461 +                 kind: JavaProjectionTypeKind::Array,
     |

warning: unnecessary qualification
    --> crates/engine/src/driver/lower/java.rs:4485:21
     |
4485 |         let owner = backend_frontend_java::legacy::JavaAuthorityImage::open(&bytes)
     |                     ^^^^^^^^^^^^^^^^^^^^^^^^^^^^^^^^^^^^^^^^^^^^^^^^^^^^^^^
     |
help: remove the unnecessary path segments
     |
4485 -         let owner = backend_frontend_java::legacy::JavaAuthorityImage::open(&bytes)
4485 +         let owner = JavaAuthorityImage::open(&bytes)
     |

warning: unnecessary qualification
    --> crates/engine/src/driver/lower/java.rs:4499:22
     |
4499 |         if fault != (backend_semantic::vocabulary::JavaProjectionFault::OrphanOwner { owner: 0 }) {
     |                      ^^^^^^^^^^^^^^^^^^^^^^^^^^^^^^^^^^^^^^^^^^^^^^^^^^^^^^^^^^^^^^
     |
help: remove the unnecessary path segments
     |
4499 -         if fault != (backend_semantic::vocabulary::JavaProjectionFault::OrphanOwner { owner: 0 }) {
4499 +         if fault != (JavaProjectionFault::OrphanOwner { owner: 0 }) {
     |

warning: unnecessary qualification
    --> crates/engine/src/driver/lower/java.rs:4506:23
     |
4506 |                 atom: backend_semantic::vocabulary::JavaSymbolAtom::Name,
     |                       ^^^^^^^^^^^^^^^^^^^^^^^^^^^^^^^^^^^^^^^^^^^^^^^^^^
     |
help: remove the unnecessary path segments
     |
4506 -                 atom: backend_semantic::vocabulary::JavaSymbolAtom::Name,
4506 +                 atom: JavaSymbolAtom::Name,
     |

warning: unnecessary qualification
    --> crates/engine/src/driver/lower/java.rs:4512:17
     |
4512 |             != (backend_semantic::vocabulary::JavaProjectionFault::AtomUtf8 {
     |                 ^^^^^^^^^^^^^^^^^^^^^^^^^^^^^^^^^^^^^^^^^^^^^^^^^^^^^^^^^^^
     |
help: remove the unnecessary path segments
     |
4512 -             != (backend_semantic::vocabulary::JavaProjectionFault::AtomUtf8 {
4512 +             != (JavaProjectionFault::AtomUtf8 {
     |

warning: unnecessary qualification
    --> crates/engine/src/driver/lower/java.rs:4514:23
     |
4514 |                 atom: backend_semantic::vocabulary::JavaSymbolAtom::Name,
     |                       ^^^^^^^^^^^^^^^^^^^^^^^^^^^^^^^^^^^^^^^^^^^^^^^^^^
     |
help: remove the unnecessary path segments
     |
4514 -                 atom: backend_semantic::vocabulary::JavaSymbolAtom::Name,
4514 +                 atom: JavaSymbolAtom::Name,
     |

warning: unnecessary qualification
    --> crates/engine/src/driver/lower/java.rs:4535:17
     |
4535 |             != (backend_semantic::vocabulary::JavaProjectionFault::Image {
     |                 ^^^^^^^^^^^^^^^^^^^^^^^^^^^^^^^^^^^^^^^^^^^^^^^^^^^^^^^^
     |
help: remove the unnecessary path segments
     |
4535 -             != (backend_semantic::vocabulary::JavaProjectionFault::Image {
4535 +             != (JavaProjectionFault::Image {
     |

warning: unnecessary qualification
    --> crates/engine/src/driver/lower/java.rs:4536:24
     |
4536 |                 cause: backend_semantic::vocabulary::JavaImageFault::ChildRange {
     |                        ^^^^^^^^^^^^^^^^^^^^^^^^^^^^^^^^^^^^^^^^^^^^^^^^^^^^^^^^
     |
help: remove the unnecessary path segments
     |
4536 -                 cause: backend_semantic::vocabulary::JavaImageFault::ChildRange {
4536 +                 cause: JavaImageFault::ChildRange {
     |

warning: unnecessary qualification
    --> crates/engine/src/driver/lower/java.rs:4537:28
     |
4537 |                     plane: backend_semantic::vocabulary::JavaImagePlane::TypeChildren,
     |                            ^^^^^^^^^^^^^^^^^^^^^^^^^^^^^^^^^^^^^^^^^^^^^^^^^^^^^^^^^^
     |
help: remove the unnecessary path segments
     |
4537 -                     plane: backend_semantic::vocabulary::JavaImagePlane::TypeChildren,
4537 +                     plane: JavaImagePlane::TypeChildren,
     |

warning: unnecessary qualification
    --> crates/engine/src/driver/lower/java.rs:4556:17
     |
4556 |             != (backend_semantic::vocabulary::JavaProjectionFault::Image {
     |                 ^^^^^^^^^^^^^^^^^^^^^^^^^^^^^^^^^^^^^^^^^^^^^^^^^^^^^^^^
     |
help: remove the unnecessary path segments
     |
4556 -             != (backend_semantic::vocabulary::JavaProjectionFault::Image {
4556 +             != (JavaProjectionFault::Image {
     |

warning: unnecessary qualification
    --> crates/engine/src/driver/lower/java.rs:4557:24
     |
4557 |                 cause: backend_semantic::vocabulary::JavaImageFault::Header {
     |                        ^^^^^^^^^^^^^^^^^^^^^^^^^^^^^^^^^^^^^^^^^^^^^^^^^^^^
     |
help: remove the unnecessary path segments
     |
4557 -                 cause: backend_semantic::vocabulary::JavaImageFault::Header {
4557 +                 cause: JavaImageFault::Header {
     |

warning: unnecessary qualification
    --> crates/engine/src/driver/lower/java.rs:4558:28
     |
4558 |                     cause: backend_semantic::vocabulary::JavaImageHeaderFault::BodyLength {
     |                            ^^^^^^^^^^^^^^^^^^^^^^^^^^^^^^^^^^^^^^^^^^^^^^^^^^^^^^^^^^^^^^
     |
help: remove the unnecessary path segments
     |
4558 -                     cause: backend_semantic::vocabulary::JavaImageHeaderFault::BodyLength {
4558 +                     cause: JavaImageHeaderFault::BodyLength {
     |

warning: unnecessary qualification
    --> crates/engine/src/driver/lower/java.rs:4580:17
     |
4580 |             != (backend_semantic::vocabulary::JavaProjectionFault::IndexCapacity {
     |                 ^^^^^^^^^^^^^^^^^^^^^^^^^^^^^^^^^^^^^^^^^^^^^^^^^^^^^^^^^^^^^^^^
     |
help: remove the unnecessary path segments
     |
4580 -             != (backend_semantic::vocabulary::JavaProjectionFault::IndexCapacity {
4580 +             != (JavaProjectionFault::IndexCapacity {
     |

warning: unnecessary qualification
    --> crates/engine/src/driver/lower/java.rs:4581:24
     |
4581 |                 phase: backend_semantic::vocabulary::JavaProjectionIndexPhase::FactOrdinal,
     |                        ^^^^^^^^^^^^^^^^^^^^^^^^^^^^^^^^^^^^^^^^^^^^^^^^^^^^^^^^^^^^^^^^^^^
     |
help: remove the unnecessary path segments
     |
4581 -                 phase: backend_semantic::vocabulary::JavaProjectionIndexPhase::FactOrdinal,
4581 +                 phase: JavaProjectionIndexPhase::FactOrdinal,
     |

warning: unnecessary qualification
    --> crates/engine/src/driver/lower/java.rs:4598:17
     |
4598 |             != (backend_semantic::vocabulary::JavaProjectionFault::ForeignKey {
     |                 ^^^^^^^^^^^^^^^^^^^^^^^^^^^^^^^^^^^^^^^^^^^^^^^^^^^^^^^^^^^^^
     |
help: remove the unnecessary path segments
     |
4598 -             != (backend_semantic::vocabulary::JavaProjectionFault::ForeignKey {
4598 +             != (JavaProjectionFault::ForeignKey {
     |

warning: unnecessary qualification
    --> crates/engine/src/driver/lower/java.rs:4599:24
     |
4599 |                 cause: backend_semantic::vocabulary::JavaForeignKeyFault::BackslashInPath,
     |                        ^^^^^^^^^^^^^^^^^^^^^^^^^^^^^^^^^^^^^^^^^^^^^^^^^^^^^^^^^^^^^^^^^^
     |
help: remove the unnecessary path segments
     |
4599 -                 cause: backend_semantic::vocabulary::JavaForeignKeyFault::BackslashInPath,
4599 +                 cause: JavaForeignKeyFault::BackslashInPath,
     |

warning: unnecessary qualification
    --> crates/engine/src/driver/lower/rust.rs:4810:17
     |
4810 |         record: backend_semantic::ir::SemanticTypeRecord<'_>,
     |                 ^^^^^^^^^^^^^^^^^^^^^^^^^^^^^^^^^^^^^^^^^^^^
     |
help: remove the unnecessary path segments
     |
4810 -         record: backend_semantic::ir::SemanticTypeRecord<'_>,
4810 +         record: SemanticTypeRecord<'_>,
     |

warning: unnecessary qualification
    --> crates/engine/src/driver/lower/rust.rs:4947:43
     |
4947 |             || f32_row.record.payload1 != backend_semantic::ir::TypeWidth::Fixed(32).to_cell()
     |                                           ^^^^^^^^^^^^^^^^^^^^^^^^^^^^^^^^^^^^^^
     |
help: remove the unnecessary path segments
     |
4947 -             || f32_row.record.payload1 != backend_semantic::ir::TypeWidth::Fixed(32).to_cell()
4947 +             || f32_row.record.payload1 != TypeWidth::Fixed(32).to_cell()
     |

warning: unnecessary qualification
    --> crates/engine/src/driver/lower/rust.rs:4980:43
     |
4980 |                 != Some(NominalRef::Local(backend_semantic::ir::EntityId::new(
     |                                           ^^^^^^^^^^^^^^^^^^^^^^^^^^^^^^^^^^^
     |
help: remove the unnecessary path segments
     |
4980 -                 != Some(NominalRef::Local(backend_semantic::ir::EntityId::new(
4980 +                 != Some(NominalRef::Local(EntityId::new(
     |

warning: unnecessary qualification
    --> crates/engine/src/driver/lower/rust.rs:5043:43
     |
5043 |                 != Some(NominalRef::Local(backend_semantic::ir::EntityId::new(cafe)))
     |                                           ^^^^^^^^^^^^^^^^^^^^^^^^^^^^^^^^^^^
     |
help: remove the unnecessary path segments
     |
5043 -                 != Some(NominalRef::Local(backend_semantic::ir::EntityId::new(cafe)))
5043 +                 != Some(NominalRef::Local(EntityId::new(cafe)))
     |

warning: unnecessary qualification
    --> crates/engine/src/driver/lower/rust.rs:5231:40
     |
5231 |             != OccurrenceTarget::Local(backend_semantic::ir::EntityId::new(service))
     |                                        ^^^^^^^^^^^^^^^^^^^^^^^^^^^^^^^^^^^
     |
help: remove the unnecessary path segments
     |
5231 -             != OccurrenceTarget::Local(backend_semantic::ir::EntityId::new(service))
5231 +             != OccurrenceTarget::Local(EntityId::new(service))
     |

warning: unnecessary qualification
    --> crates/engine/src/driver/lower/rust.rs:5282:55
     |
5282 |         if access.1.target != OccurrenceTarget::Local(backend_semantic::ir::EntityId::new(score))
     |                                                       ^^^^^^^^^^^^^^^^^^^^^^^^^^^^^^^^^^^
     |
help: remove the unnecessary path segments
     |
5282 -         if access.1.target != OccurrenceTarget::Local(backend_semantic::ir::EntityId::new(score))
5282 +         if access.1.target != OccurrenceTarget::Local(EntityId::new(score))
     |

warning: unnecessary qualification
    --> crates/engine/src/driver/lower/rust.rs:5322:39
     |
5322 |             != Some(NominalRef::Local(backend_semantic::ir::EntityId::new(
     |                                       ^^^^^^^^^^^^^^^^^^^^^^^^^^^^^^^^^^^
     |
help: remove the unnecessary path segments
     |
5322 -             != Some(NominalRef::Local(backend_semantic::ir::EntityId::new(
5322 +             != Some(NominalRef::Local(EntityId::new(
     |

warning: unnecessary qualification
    --> crates/engine/src/driver/lower/rust.rs:5463:17
     |
5463 |                 backend_semantic::vocabulary::LoweringUnsupported::FactRejected { fact, .. },
     |                 ^^^^^^^^^^^^^^^^^^^^^^^^^^^^^^^^^^^^^^^^^^^^^^^^^^^^^^^^^^^^^^^
     |
help: remove the unnecessary path segments
     |
5463 -                 backend_semantic::vocabulary::LoweringUnsupported::FactRejected { fact, .. },
5463 +                 LoweringUnsupported::FactRejected { fact, .. },
     |

warning: unnecessary qualification
    --> crates/engine/src/driver/lower/rust.rs:5465:20
     |
5465 |                 == crate::driver::lower::portable_count(
     |                    ^^^^^^^^^^^^^^^^^^^^^^^^^^^^^^^^^^^^
     |
help: remove the unnecessary path segments
     |
5465 -                 == crate::driver::lower::portable_count(
5465 +                 == portable_count(
     |

warning: unnecessary qualification
    --> crates/engine/src/driver/lower/rust.rs:5633:55
     |
5633 |         if access.1.target != OccurrenceTarget::Local(backend_semantic::ir::EntityId::new(score))
     |                                                       ^^^^^^^^^^^^^^^^^^^^^^^^^^^^^^^^^^^
     |
help: remove the unnecessary path segments
     |
5633 -         if access.1.target != OccurrenceTarget::Local(backend_semantic::ir::EntityId::new(score))
5633 +         if access.1.target != OccurrenceTarget::Local(EntityId::new(score))
     |

warning: unnecessary qualification
    --> crates/engine/src/driver/lower/rust.rs:5698:53
     |
5698 |         if access.target != OccurrenceTarget::Local(backend_semantic::ir::EntityId::new(score))
     |                                                     ^^^^^^^^^^^^^^^^^^^^^^^^^^^^^^^^^^^
     |
help: remove the unnecessary path segments
     |
5698 -         if access.target != OccurrenceTarget::Local(backend_semantic::ir::EntityId::new(score))
5698 +         if access.target != OccurrenceTarget::Local(EntityId::new(score))
     |

warning: unnecessary qualification
    --> crates/engine/src/driver/lower/rust.rs:5722:13
     |
5722 |         let backend_semantic::ir::OccurrenceTarget::Foreign(key) = path.1.target else {
     |             ^^^^^^^^^^^^^^^^^^^^^^^^^^^^^^^^^^^^^^^^^^^^^^^
     |
help: remove the unnecessary path segments
     |
5722 -         let backend_semantic::ir::OccurrenceTarget::Foreign(key) = path.1.target else {
5722 +         let OccurrenceTarget::Foreign(key) = path.1.target else {
     |

warning: unnecessary qualification
    --> crates/engine/src/driver/lower/rust.rs:5727:13
     |
5727 |             backend_semantic::ir::ForeignOrigin::Universe { ecosystem: "cargo" }
     |             ^^^^^^^^^^^^^^^^^^^^^^^^^^^^^^^^^^^^^^^^^^^^^
     |
help: remove the unnecessary path segments
     |
5727 -             backend_semantic::ir::ForeignOrigin::Universe { ecosystem: "cargo" }
5727 +             ForeignOrigin::Universe { ecosystem: "cargo" }
     |

warning: unnecessary qualification
    --> crates/engine/src/driver/lower/rust.rs:5764:44
     |
5764 |                 != OccurrenceTarget::Local(backend_semantic::ir::EntityId::new(my_macro))
     |                                            ^^^^^^^^^^^^^^^^^^^^^^^^^^^^^^^^^^^
     |
help: remove the unnecessary path segments
     |
5764 -                 != OccurrenceTarget::Local(backend_semantic::ir::EntityId::new(my_macro))
5764 +                 != OccurrenceTarget::Local(EntityId::new(my_macro))
     |

warning: unnecessary qualification
    --> crates/engine/src/driver/lower/rust.rs:5798:13
     |
5798 |         let backend_semantic::ir::OccurrenceTarget::Foreign(key) = invocation.1.target else {
     |             ^^^^^^^^^^^^^^^^^^^^^^^^^^^^^^^^^^^^^^^^^^^^^^^
     |
help: remove the unnecessary path segments
     |
5798 -         let backend_semantic::ir::OccurrenceTarget::Foreign(key) = invocation.1.target else {
5798 +         let OccurrenceTarget::Foreign(key) = invocation.1.target else {
     |

warning: unnecessary qualification
    --> crates/engine/src/driver/lower/rust.rs:5803:13
     |
5803 |             backend_semantic::ir::ForeignOrigin::Universe { ecosystem: "cargo" }
     |             ^^^^^^^^^^^^^^^^^^^^^^^^^^^^^^^^^^^^^^^^^^^^^
     |
help: remove the unnecessary path segments
     |
5803 -             backend_semantic::ir::ForeignOrigin::Universe { ecosystem: "cargo" }
5803 +             ForeignOrigin::Universe { ecosystem: "cargo" }
     |

warning: unnecessary qualification
    --> crates/engine/src/driver/lower/rust.rs:5834:13
     |
5834 |         let backend_semantic::ir::OccurrenceTarget::Foreign(key) = invocation.1.target else {
     |             ^^^^^^^^^^^^^^^^^^^^^^^^^^^^^^^^^^^^^^^^^^^^^^^
     |
help: remove the unnecessary path segments
     |
5834 -         let backend_semantic::ir::OccurrenceTarget::Foreign(key) = invocation.1.target else {
5834 +         let OccurrenceTarget::Foreign(key) = invocation.1.target else {
     |

warning: unnecessary qualification
    --> crates/engine/src/driver/lower/rust.rs:5839:13
     |
5839 |             backend_semantic::ir::ForeignOrigin::Universe { ecosystem: "cargo" }
     |             ^^^^^^^^^^^^^^^^^^^^^^^^^^^^^^^^^^^^^^^^^^^^^
     |
help: remove the unnecessary path segments
     |
5839 -             backend_semantic::ir::ForeignOrigin::Universe { ecosystem: "cargo" }
5839 +             ForeignOrigin::Universe { ecosystem: "cargo" }
     |

warning: unnecessary qualification
    --> crates/engine/src/driver/lower/typescript.rs:4252:14
     |
4252 |     binder: &backend_frontend_typescript::TszBinderState,
     |              ^^^^^^^^^^^^^^^^^^^^^^^^^^^^^^^^^^^^^^^^^^^
     |
help: remove the unnecessary path segments
     |
4252 -     binder: &backend_frontend_typescript::TszBinderState,
4252 +     binder: &TszBinderState,
     |

warning: unnecessary qualification
    --> crates/engine/src/driver/lower/typescript.rs:4584:14
     |
4584 |     binder: &backend_frontend_typescript::TszBinderState,
     |              ^^^^^^^^^^^^^^^^^^^^^^^^^^^^^^^^^^^^^^^^^^^
     |
help: remove the unnecessary path segments
     |
4584 -     binder: &backend_frontend_typescript::TszBinderState,
4584 +     binder: &TszBinderState,
     |

warning: unnecessary qualification
    --> crates/engine/src/driver/lower/typescript.rs:4934:41
     |
4934 | ...                   entity: backend_semantic::ir::EntityId::new(member),
     |                               ^^^^^^^^^^^^^^^^^^^^^^^^^^^^^^^^^^^
     |
help: remove the unnecessary path segments
     |
4934 -                                 entity: backend_semantic::ir::EntityId::new(member),
4934 +                                 entity: EntityId::new(member),
     |

warning: unnecessary qualification
    --> crates/engine/src/driver/lower/typescript.rs:4936:45
     |
4936 | ...                   parent: backend_semantic::ir::EntityId::new(existing),
     |                               ^^^^^^^^^^^^^^^^^^^^^^^^^^^^^^^^^^^
     |
help: remove the unnecessary path segments
     |
4936 -                                     parent: backend_semantic::ir::EntityId::new(existing),
4936 +                                     parent: EntityId::new(existing),
     |

warning: unnecessary qualification
    --> crates/engine/src/driver/lower/typescript.rs:4939:45
     |
4939 | ...                   parent: backend_semantic::ir::EntityId::new(owner),
     |                               ^^^^^^^^^^^^^^^^^^^^^^^^^^^^^^^^^^^
     |
help: remove the unnecessary path segments
     |
4939 -                                     parent: backend_semantic::ir::EntityId::new(owner),
4939 +                                     parent: EntityId::new(owner),
     |

warning: unnecessary qualification
    --> crates/engine/src/driver/lower/typescript.rs:6162:18
     |
6162 |         binder: &backend_frontend_typescript::TszBinderState,
     |                  ^^^^^^^^^^^^^^^^^^^^^^^^^^^^^^^^^^^^^^^^^^^
     |
help: remove the unnecessary path segments
     |
6162 -         binder: &backend_frontend_typescript::TszBinderState,
6162 +         binder: &TszBinderState,
     |

warning: unnecessary qualification
     --> crates/engine/src/driver/lower/typescript.rs:12172:36
      |
12172 |         if matches!(observed_type, backend_semantic::ir::TypeExpr::Unknown(_)) {
      |                                    ^^^^^^^^^^^^^^^^^^^^^^^^^^^^^^^^^^^^^^^
      |
help: remove the unnecessary path segments
      |
12172 -         if matches!(observed_type, backend_semantic::ir::TypeExpr::Unknown(_)) {
12172 +         if matches!(observed_type, TypeExpr::Unknown(_)) {
      |

warning: unnecessary qualification
     --> crates/engine/src/driver/lower/typescript.rs:12196:18
      |
12196 |             Some(backend_semantic::ir::TypeExpr::Computed(
      |                  ^^^^^^^^^^^^^^^^^^^^^^^^^^^^^^^^^^^^^^^^
      |
help: remove the unnecessary path segments
      |
12196 -             Some(backend_semantic::ir::TypeExpr::Computed(
12196 +             Some(TypeExpr::Computed(
      |

warning: unnecessary qualification
     --> crates/engine/src/driver/lower/typescript.rs:12197:17
      |
12197 |                 backend_semantic::ir::ComputedType::Mapped { .. }
      |                 ^^^^^^^^^^^^^^^^^^^^^^^^^^^^^^^^^^^^^^^^^^
      |
help: remove the unnecessary path segments
      |
12197 -                 backend_semantic::ir::ComputedType::Mapped { .. }
12197 +                 ComputedType::Mapped { .. }
      |

warning: unnecessary qualification
     --> crates/engine/src/driver/lower/typescript.rs:12706:17
      |
12706 |             let backend_semantic::ir::OccurrenceTarget::Foreign(key) = occurrence.target else {
      |                 ^^^^^^^^^^^^^^^^^^^^^^^^^^^^^^^^^^^^^^^^^^^^^^^
      |
help: remove the unnecessary path segments
      |
12706 -             let backend_semantic::ir::OccurrenceTarget::Foreign(key) = occurrence.target else {
12706 +             let OccurrenceTarget::Foreign(key) = occurrence.target else {
      |

warning: unnecessary qualification
     --> crates/engine/src/driver/lower/typescript.rs:12725:35
      |
12725 |             if occurrence.kind != backend_semantic::ir::ReferenceKind::TypeReference {
      |                                   ^^^^^^^^^^^^^^^^^^^^^^^^^^^^^^^^^^^^^^^^^^^^^^^^^^
      |
help: remove the unnecessary path segments
      |
12725 -             if occurrence.kind != backend_semantic::ir::ReferenceKind::TypeReference {
12725 +             if occurrence.kind != ReferenceKind::TypeReference {
      |

warning: unnecessary qualification
     --> crates/engine/src/driver/lower/typescript.rs:12748:17
      |
12748 |             let backend_semantic::ir::OccurrenceTarget::Foreign(key) = occurrence.target else {
      |                 ^^^^^^^^^^^^^^^^^^^^^^^^^^^^^^^^^^^^^^^^^^^^^^^
      |
help: remove the unnecessary path segments
      |
12748 -             let backend_semantic::ir::OccurrenceTarget::Foreign(key) = occurrence.target else {
12748 +             let OccurrenceTarget::Foreign(key) = occurrence.target else {
      |

warning: unnecessary qualification
     --> crates/engine/src/driver/lower/typescript.rs:12825:35
      |
12825 |             if occurrence.kind != backend_semantic::ir::ReferenceKind::VariableUse {
      |                                   ^^^^^^^^^^^^^^^^^^^^^^^^^^^^^^^^^^^^^^^^^^^^^^^^
      |
help: remove the unnecessary path segments
      |
12825 -             if occurrence.kind != backend_semantic::ir::ReferenceKind::VariableUse {
12825 +             if occurrence.kind != ReferenceKind::VariableUse {
      |

warning: unnecessary qualification
     --> crates/engine/src/driver/lower/typescript.rs:12829:20
      |
12829 |                 != backend_semantic::ir::OccurrenceTarget::Local(
      |                    ^^^^^^^^^^^^^^^^^^^^^^^^^^^^^^^^^^^^^^^^^^^^^
      |
help: remove the unnecessary path segments
      |
12829 -                 != backend_semantic::ir::OccurrenceTarget::Local(
12829 +                 != OccurrenceTarget::Local(
      |

warning: unnecessary qualification
     --> crates/engine/src/driver/lower/typescript.rs:12830:21
      |
12830 |                     backend_semantic::ir::EntityId::new(second_value),
      |                     ^^^^^^^^^^^^^^^^^^^^^^^^^^^^^^^^^^^
      |
help: remove the unnecessary path segments
      |
12830 -                     backend_semantic::ir::EntityId::new(second_value),
12830 +                     EntityId::new(second_value),
      |

warning: unnecessary qualification
     --> crates/engine/src/driver/lower/typescript.rs:13045:13
      |
13045 |         let backend_semantic::ir::TypeExpr::Concrete(
      |             ^^^^^^^^^^^^^^^^^^^^^^^^^^^^^^^^^^^^^^^^
      |
help: remove the unnecessary path segments
      |
13045 -         let backend_semantic::ir::TypeExpr::Concrete(
13045 +         let TypeExpr::Concrete(
      |

warning: unnecessary qualification
     --> crates/engine/src/driver/lower/typescript.rs:13105:25
      |
13105 |                 != Some(backend_semantic::ir::TypeExpr::Concrete(
      |                         ^^^^^^^^^^^^^^^^^^^^^^^^^^^^^^^^^^^^^^^^
      |
help: remove the unnecessary path segments
      |
13105 -                 != Some(backend_semantic::ir::TypeExpr::Concrete(
13105 +                 != Some(TypeExpr::Concrete(
      |

warning: unnecessary qualification
     --> crates/engine/src/driver/lower/typescript.rs:13277:13
      |
13277 |             backend_semantic::ir::TypeExpr::Concrete(backend_semantic::ir::ConcreteType::Nominal(
      |             ^^^^^^^^^^^^^^^^^^^^^^^^^^^^^^^^^^^^^^^^
      |
help: remove the unnecessary path segments
      |
13277 -             backend_semantic::ir::TypeExpr::Concrete(backend_semantic::ir::ConcreteType::Nominal(
13277 +             TypeExpr::Concrete(backend_semantic::ir::ConcreteType::Nominal(
      |

warning: unnecessary qualification
     --> crates/engine/src/driver/lower/typescript.rs:13282:13
      |
13282 |             backend_semantic::ir::TypeExpr,
      |             ^^^^^^^^^^^^^^^^^^^^^^^^^^^^^^
      |
help: remove the unnecessary path segments
      |
13282 -             backend_semantic::ir::TypeExpr,
13282 +             TypeExpr,
      |

warning: unnecessary qualification
     --> crates/engine/src/driver/lower/typescript.rs:13291:17
      |
13291 |             let backend_semantic::ir::TypeExpr::Concrete(
      |                 ^^^^^^^^^^^^^^^^^^^^^^^^^^^^^^^^^^^^^^^^
      |
help: remove the unnecessary path segments
      |
13291 -             let backend_semantic::ir::TypeExpr::Concrete(
13291 +             let TypeExpr::Concrete(
      |

warning: unnecessary qualification
   --> crates/engine/src/driver/lower/tests.rs:450:17
    |
450 |         target: backend_semantic::ir::OccurrenceTarget::Foreign(backend_semantic::ir::ForeignKey {
    |                 ^^^^^^^^^^^^^^^^^^^^^^^^^^^^^^^^^^^^^^^^^^^^^^^
    |
help: remove the unnecessary path segments
    |
450 -         target: backend_semantic::ir::OccurrenceTarget::Foreign(backend_semantic::ir::ForeignKey {
450 +         target: OccurrenceTarget::Foreign(backend_semantic::ir::ForeignKey {
    |

warning: unnecessary qualification
   --> crates/engine/src/driver/lower/tests.rs:451:21
    |
451 |             origin: backend_semantic::ir::ForeignOrigin::Universe { ecosystem: "c" },
    |                     ^^^^^^^^^^^^^^^^^^^^^^^^^^^^^^^^^^^^^^^^^^^^^
    |
help: remove the unnecessary path segments
    |
451 -             origin: backend_semantic::ir::ForeignOrigin::Universe { ecosystem: "c" },
451 +             origin: ForeignOrigin::Universe { ecosystem: "c" },
    |

warning: unnecessary qualification
   --> crates/engine/src/driver/lower/tests.rs:456:15
    |
456 |         kind: backend_semantic::ir::ReferenceKind::VariableUse,
    |               ^^^^^^^^^^^^^^^^^^^^^^^^^^^^^^^^^^^^^^^^^^^^^^^^
    |
help: remove the unnecessary path segments
    |
456 -         kind: backend_semantic::ir::ReferenceKind::VariableUse,
456 +         kind: ReferenceKind::VariableUse,
    |

warning: unnecessary qualification
   --> crates/engine/src/driver/lower/tests.rs:457:21
    |
457 |         confidence: backend_semantic::ir::OccurrenceConfidence::Syntactic,
    |                     ^^^^^^^^^^^^^^^^^^^^^^^^^^^^^^^^^^^^^^^^^^^^^^^^^^^^^
    |
help: remove the unnecessary path segments
    |
457 -         confidence: backend_semantic::ir::OccurrenceConfidence::Syntactic,
457 +         confidence: OccurrenceConfidence::Syntactic,
    |

warning: unnecessary qualification
   --> crates/engine/src/driver/lower/tests.rs:458:15
    |
458 |         span: backend_semantic::ir::RelSpan { start: 0, end: 0 },
    |               ^^^^^^^^^^^^^^^^^^^^^^^^^^^^^
    |
help: remove the unnecessary path segments
    |
458 -         span: backend_semantic::ir::RelSpan { start: 0, end: 0 },
458 +         span: RelSpan { start: 0, end: 0 },
    |

warning: unnecessary qualification
    --> crates/engine/src/driver/lower/tests.rs:1238:17
     |
1238 |         target: backend_semantic::ir::OccurrenceTarget::Foreign(backend_semantic::ir::ForeignKey {
     |                 ^^^^^^^^^^^^^^^^^^^^^^^^^^^^^^^^^^^^^^^^^^^^^^^
     |
help: remove the unnecessary path segments
     |
1238 -         target: backend_semantic::ir::OccurrenceTarget::Foreign(backend_semantic::ir::ForeignKey {
1238 +         target: OccurrenceTarget::Foreign(backend_semantic::ir::ForeignKey {
     |

warning: unnecessary qualification
    --> crates/engine/src/driver/lower/tests.rs:1239:21
     |
1239 |             origin: backend_semantic::ir::ForeignOrigin::Universe {
     |                     ^^^^^^^^^^^^^^^^^^^^^^^^^^^^^^^^^^^^^^^^^^^^^
     |
help: remove the unnecessary path segments
     |
1239 -             origin: backend_semantic::ir::ForeignOrigin::Universe {
1239 +             origin: ForeignOrigin::Universe {
     |

warning: unnecessary qualification
    --> crates/engine/src/driver/lower/tests.rs:1246:15
     |
1246 |         kind: backend_semantic::ir::ReferenceKind::FunctionCall,
     |               ^^^^^^^^^^^^^^^^^^^^^^^^^^^^^^^^^^^^^^^^^^^^^^^^^
     |
help: remove the unnecessary path segments
     |
1246 -         kind: backend_semantic::ir::ReferenceKind::FunctionCall,
1246 +         kind: ReferenceKind::FunctionCall,
     |

warning: unnecessary qualification
    --> crates/engine/src/driver/lower/tests.rs:1247:21
     |
1247 |         confidence: backend_semantic::ir::OccurrenceConfidence::Syntactic,
     |                     ^^^^^^^^^^^^^^^^^^^^^^^^^^^^^^^^^^^^^^^^^^^^^^^^^^^^^
     |
help: remove the unnecessary path segments
     |
1247 -         confidence: backend_semantic::ir::OccurrenceConfidence::Syntactic,
1247 +         confidence: OccurrenceConfidence::Syntactic,
     |

warning: unnecessary qualification
    --> crates/engine/src/driver/lower/tests.rs:1248:15
     |
1248 |         span: backend_semantic::ir::RelSpan { start: 0, end: 0 },
     |               ^^^^^^^^^^^^^^^^^^^^^^^^^^^^^
     |
help: remove the unnecessary path segments
     |
1248 -         span: backend_semantic::ir::RelSpan { start: 0, end: 0 },
1248 +         span: RelSpan { start: 0, end: 0 },
     |

warning: unnecessary qualification
   --> crates/engine/src/driver/types/toolchain.rs:125:19
    |
125 |         path: Box<std::path::Path>,
    |                   ^^^^^^^^^^^^^^^
    |
help: remove the unnecessary path segments
    |
125 -         path: Box<std::path::Path>,
125 +         path: Box<Path>,
    |

warning: unnecessary qualification
   --> crates/engine/src/driver/types/toolchain.rs:136:19
    |
136 |         path: Box<std::path::Path>,
    |                   ^^^^^^^^^^^^^^^
    |
help: remove the unnecessary path segments
    |
136 -         path: Box<std::path::Path>,
136 +         path: Box<Path>,
    |

warning: unnecessary qualification
   --> crates/engine/src/forge/manifest.rs:460:22
    |
460 |         let files = [super::super::archive::ArchiveFile {
    |                      ^^^^^^^^^^^^^^^^^^^^^^^^^^^^^^^^^^
    |
help: remove the unnecessary path segments
    |
460 -         let files = [super::super::archive::ArchiveFile {
460 +         let files = [ArchiveFile {
    |

warning: unnecessary qualification
   --> crates/engine/src/forge/manifest.rs:474:13
    |
474 |             super::ForgeFact::Recorded(
    |             ^^^^^^^^^^^^^^^^^^^^^^^^^^
    |
help: remove the unnecessary path segments
    |
474 -             super::ForgeFact::Recorded(
474 +             ForgeFact::Recorded(
    |

warning: unnecessary qualification
   --> crates/engine/src/forge/manifest.rs:475:17
    |
475 |                 backend_library::ProductText::new("legacy-demo").expect("name")
    |                 ^^^^^^^^^^^^^^^^^^^^^^^^^^^^^^^^^
    |
help: remove the unnecessary path segments
    |
475 -                 backend_library::ProductText::new("legacy-demo").expect("name")
475 +                 ProductText::new("legacy-demo").expect("name")
    |

warning: unnecessary qualification
   --> crates/engine/src/forge/manifest.rs:480:13
    |
480 |             super::ForgeFact::Recorded(
    |             ^^^^^^^^^^^^^^^^^^^^^^^^^^
    |
help: remove the unnecessary path segments
    |
480 -             super::ForgeFact::Recorded(
480 +             ForgeFact::Recorded(
    |

warning: unnecessary qualification
   --> crates/engine/src/forge/manifest.rs:481:17
    |
481 |                 backend_library::ProductText::new("2.1.0").expect("version")
    |                 ^^^^^^^^^^^^^^^^^^^^^^^^^^^^^^^^^
    |
help: remove the unnecessary path segments
    |
481 -                 backend_library::ProductText::new("2.1.0").expect("version")
481 +                 ProductText::new("2.1.0").expect("version")
    |

warning: unnecessary qualification
   --> crates/engine/src/forge/manifest.rs:580:22
    |
580 |         let files = [super::super::archive::ArchiveFile {
    |                      ^^^^^^^^^^^^^^^^^^^^^^^^^^^^^^^^^^
    |
help: remove the unnecessary path segments
    |
580 -         let files = [super::super::archive::ArchiveFile {
580 +         let files = [ArchiveFile {
    |

warning: unnecessary qualification
  --> crates/engine/src/forge/tests.rs:90:36
   |
90 |             .set_read_timeout(Some(std::time::Duration::from_secs(10)))
   |                                    ^^^^^^^^^^^^^^^^^^^^^^^^^^^^^^
   |
help: remove the unnecessary path segments
   |
90 -             .set_read_timeout(Some(std::time::Duration::from_secs(10)))
90 +             .set_read_timeout(Some(Duration::from_secs(10)))
   |

warning: unnecessary qualification
   --> crates/engine/src/forge/tests.rs:161:47
    |
161 |                 Err(error) if error.kind() == std::io::ErrorKind::WouldBlock => {
    |                                               ^^^^^^^^^^^^^^^^^^^^^^^^^^^^^^
    |
help: remove the unnecessary path segments
    |
161 -                 Err(error) if error.kind() == std::io::ErrorKind::WouldBlock => {
161 +                 Err(error) if error.kind() == io::ErrorKind::WouldBlock => {
    |

warning: unnecessary qualification
   --> crates/engine/src/forge/tests.rs:164:47
    |
164 |                 Err(error) if error.kind() == std::io::ErrorKind::Interrupted => {
    |                                               ^^^^^^^^^^^^^^^^^^^^^^^^^^^^^^^
    |
help: remove the unnecessary path segments
    |
164 -                 Err(error) if error.kind() == std::io::ErrorKind::Interrupted => {
164 +                 Err(error) if error.kind() == io::ErrorKind::Interrupted => {
    |

warning: unnecessary qualification
   --> crates/engine/src/forge/tests.rs:472:48
    |
472 |     let deadline = std::time::Instant::now() + std::time::Duration::from_secs(5);
    |                                                ^^^^^^^^^^^^^^^^^^^^^^^^^^^^^^
    |
help: remove the unnecessary path segments
    |
472 -     let deadline = std::time::Instant::now() + std::time::Duration::from_secs(5);
472 +     let deadline = std::time::Instant::now() + Duration::from_secs(5);
    |

warning: unnecessary qualification
   --> crates/engine/src/forge/tests.rs:486:23
    |
486 |         thread::sleep(std::time::Duration::from_millis(1));
    |                       ^^^^^^^^^^^^^^^^^^^^^^^^^^^^^^^^
    |
help: remove the unnecessary path segments
    |
486 -         thread::sleep(std::time::Duration::from_millis(1));
486 +         thread::sleep(Duration::from_millis(1));
    |

warning: unnecessary qualification
   --> crates/engine/src/forge/tests.rs:510:17
    |
510 |     let stdin = std::io::stdin();
    |                 ^^^^^^^^^^^^^^
    |
help: remove the unnecessary path segments
    |
510 -     let stdin = std::io::stdin();
510 +     let stdin = io::stdin();
    |

warning: unnecessary qualification
   --> crates/engine/src/forge/tests.rs:651:56
    |
651 |             let deadline = std::time::Instant::now() + std::time::Duration::from_secs(10);
    |                                                        ^^^^^^^^^^^^^^^^^^^^^^^^^^^^^^
    |
help: remove the unnecessary path segments
    |
651 -             let deadline = std::time::Instant::now() + std::time::Duration::from_secs(10);
651 +             let deadline = std::time::Instant::now() + Duration::from_secs(10);
    |

warning: unnecessary qualification
   --> crates/engine/src/forge/tests.rs:656:31
    |
656 |                 thread::sleep(std::time::Duration::from_millis(5));
    |                               ^^^^^^^^^^^^^^^^^^^^^^^^^^^^^^^^
    |
help: remove the unnecessary path segments
    |
656 -                 thread::sleep(std::time::Duration::from_millis(5));
656 +                 thread::sleep(Duration::from_millis(5));
    |

warning: unnecessary qualification
   --> crates/engine/src/forge/tests.rs:982:42
    |
982 |     let _ = stream.set_read_timeout(Some(std::time::Duration::from_secs(30)));
    |                                          ^^^^^^^^^^^^^^^^^^^^^^^^^^^^^^
    |
help: remove the unnecessary path segments
    |
982 -     let _ = stream.set_read_timeout(Some(std::time::Duration::from_secs(30)));
982 +     let _ = stream.set_read_timeout(Some(Duration::from_secs(30)));
    |

warning: unnecessary qualification
   --> crates/engine/src/forge/tests.rs:983:43
    |
983 |     let _ = stream.set_write_timeout(Some(std::time::Duration::from_secs(30)));
    |                                           ^^^^^^^^^^^^^^^^^^^^^^^^^^^^^^
    |
help: remove the unnecessary path segments
    |
983 -     let _ = stream.set_write_timeout(Some(std::time::Duration::from_secs(30)));
983 +     let _ = stream.set_write_timeout(Some(Duration::from_secs(30)));
    |

warning: unnecessary qualification
    --> crates/engine/src/forge/tests.rs:1119:40
     |
1119 |                     if error.kind() == std::io::ErrorKind::WouldBlock
     |                                        ^^^^^^^^^^^^^^^^^^^^^^^^^^^^^^
     |
help: remove the unnecessary path segments
     |
1119 -                     if error.kind() == std::io::ErrorKind::WouldBlock
1119 +                     if error.kind() == io::ErrorKind::WouldBlock
     |

warning: unnecessary qualification
    --> crates/engine/src/forge/tests.rs:1120:44
     |
1120 |                         || error.kind() == std::io::ErrorKind::Interrupted =>
     |                                            ^^^^^^^^^^^^^^^^^^^^^^^^^^^^^^^
     |
help: remove the unnecessary path segments
     |
1120 -                         || error.kind() == std::io::ErrorKind::Interrupted =>
1120 +                         || error.kind() == io::ErrorKind::Interrupted =>
     |

warning: unnecessary qualification
   --> crates/engine/src/journal/tests.rs:161:21
    |
161 |             |_| Err(std::io::Error::other("injected sync failure")),
    |                     ^^^^^^^^^^^^^^^^^^^^^
    |
help: remove the unnecessary path segments
    |
161 -             |_| Err(std::io::Error::other("injected sync failure")),
161 +             |_| Err(io::Error::other("injected sync failure")),
    |

warning: unnecessary qualification
   --> crates/engine/src/journal/tests.rs:307:17
    |
307 |         |_| Err(std::io::Error::other("injected cold-open sync failure")),
    |                 ^^^^^^^^^^^^^^^^^^^^^
    |
help: remove the unnecessary path segments
    |
307 -         |_| Err(std::io::Error::other("injected cold-open sync failure")),
307 +         |_| Err(io::Error::other("injected cold-open sync failure")),
    |

warning: unnecessary qualification
  --> crates/engine/src/registry/tests.rs:76:13
   |
76 | ) -> Result<super::AcquisitionOutcome, AcquisitionError> {
   |             ^^^^^^^^^^^^^^^^^^^^^^^^^
   |
help: remove the unnecessary path segments
   |
76 - ) -> Result<super::AcquisitionOutcome, AcquisitionError> {
76 + ) -> Result<AcquisitionOutcome, AcquisitionError> {
   |

warning: unnecessary qualification
   --> crates/engine/src/registry/tests.rs:856:50
    |
856 |         fn read(&mut self, buffer: &mut [u8]) -> std::io::Result<usize> {
    |                                                  ^^^^^^^^^^^^^^^^^^^^^^
    |
help: remove the unnecessary path segments
    |
856 -         fn read(&mut self, buffer: &mut [u8]) -> std::io::Result<usize> {
856 +         fn read(&mut self, buffer: &mut [u8]) -> io::Result<usize> {
    |

warning: unnecessary qualification
   --> crates/engine/src/registry/tests.rs:869:51
    |
869 |         fn seek(&mut self, position: SeekFrom) -> std::io::Result<u64> {
    |                                                   ^^^^^^^^^^^^^^^^^^^^
    |
help: remove the unnecessary path segments
    |
869 -         fn seek(&mut self, position: SeekFrom) -> std::io::Result<u64> {
869 +         fn seek(&mut self, position: SeekFrom) -> io::Result<u64> {
    |

warning: unnecessary qualification
   --> crates/engine/src/registry/tests.rs:874:36
    |
874 |                     .ok_or_else(|| std::io::Error::other("seek overflow"))?
    |                                    ^^^^^^^^^^^^^^^^^^^^^
    |
help: remove the unnecessary path segments
    |
874 -                     .ok_or_else(|| std::io::Error::other("seek overflow"))?
874 +                     .ok_or_else(|| io::Error::other("seek overflow"))?
    |

warning: unnecessary qualification
   --> crates/engine/src/registry/tests.rs:878:36
    |
878 |                     .ok_or_else(|| std::io::Error::other("seek overflow"))?
    |                                    ^^^^^^^^^^^^^^^^^^^^^
    |
help: remove the unnecessary path segments
    |
878 -                     .ok_or_else(|| std::io::Error::other("seek overflow"))?
878 +                     .ok_or_else(|| io::Error::other("seek overflow"))?
    |

warning: unnecessary qualification
   --> crates/engine/src/registry/tests.rs:882:53
    |
882 |                 usize::try_from(target).map_err(|_| std::io::Error::other("seek overflow"))?;
    |                                                     ^^^^^^^^^^^^^^^^^^^^^
    |
help: remove the unnecessary path segments
    |
882 -                 usize::try_from(target).map_err(|_| std::io::Error::other("seek overflow"))?;
882 +                 usize::try_from(target).map_err(|_| io::Error::other("seek overflow"))?;
    |

warning: unnecessary qualification
   --> crates/engine/src/registry/tests.rs:897:22
    |
897 |         archive_url: std::sync::Arc::from("https://registry.example.test/large.crate"),
    |                      ^^^^^^^^^^^^^^^^^^^^
    |
help: remove the unnecessary path segments
    |
897 -         archive_url: std::sync::Arc::from("https://registry.example.test/large.crate"),
897 +         archive_url: Arc::from("https://registry.example.test/large.crate"),
    |

warning: unnecessary qualification
   --> crates/engine/src/registry/tests.rs:904:20
    |
904 |     let mut sink = std::io::sink();
    |                    ^^^^^^^^^^^^^
    |
help: remove the unnecessary path segments
    |
904 -     let mut sink = std::io::sink();
904 +     let mut sink = io::sink();
    |

warning: unnecessary qualification
   --> crates/engine/src/registry/tests.rs:942:18
    |
942 |     let faults = std::sync::Arc::new(Faults::default());
    |                  ^^^^^^^^^^^^^^^^^^^
    |
help: remove the unnecessary path segments
    |
942 -     let faults = std::sync::Arc::new(Faults::default());
942 +     let faults = Arc::new(Faults::default());
    |

warning: unnecessary qualification
    --> crates/engine/src/registry/tests.rs:1776:34
     |
1776 |                     archive_url: std::sync::Arc::from("https://registry.example.test/demo.crate"),
     |                                  ^^^^^^^^^^^^^^^^^^^^
     |
help: remove the unnecessary path segments
     |
1776 -                     archive_url: std::sync::Arc::from("https://registry.example.test/demo.crate"),
1776 +                     archive_url: Arc::from("https://registry.example.test/demo.crate"),
     |

warning: unnecessary qualification
    --> crates/engine/src/registry/tests.rs:1844:34
     |
1844 |                     archive_url: std::sync::Arc::from("https://registry.example.test/demo.crate"),
     |                                  ^^^^^^^^^^^^^^^^^^^^
     |
help: remove the unnecessary path segments
     |
1844 -                     archive_url: std::sync::Arc::from("https://registry.example.test/demo.crate"),
1844 +                     archive_url: Arc::from("https://registry.example.test/demo.crate"),
     |

warning: unnecessary qualification
    --> crates/engine/src/registry/tests.rs:2875:64
     |
2875 |             Ok(TransportResult::RetryAfter(delay)) if delay == std::time::Duration::from_secs(expected)
     |                                                                ^^^^^^^^^^^^^^^^^^^^^^^^^^^^^^
     |
help: remove the unnecessary path segments
     |
2875 -             Ok(TransportResult::RetryAfter(delay)) if delay == std::time::Duration::from_secs(expected)
2875 +             Ok(TransportResult::RetryAfter(delay)) if delay == Duration::from_secs(expected)
     |

warning: unnecessary qualification
    --> crates/engine/src/registry/tests.rs:2904:60
     |
2904 |         Ok(TransportResult::RetryAfter(delay)) if delay == std::time::Duration::from_secs(17)
     |                                                            ^^^^^^^^^^^^^^^^^^^^^^^^^^^^^^
     |
help: remove the unnecessary path segments
     |
2904 -         Ok(TransportResult::RetryAfter(delay)) if delay == std::time::Duration::from_secs(17)
2904 +         Ok(TransportResult::RetryAfter(delay)) if delay == Duration::from_secs(17)
     |

warning: unnecessary qualification
  --> crates/engine/src/workspace/head.rs:99:22
   |
99 |         let schema = backend_version::SchemaIdentity::of_relation::<R>();
   |                      ^^^^^^^^^^^^^^^^^^^^^^^^^^^^^^^^^^^^^^^^^^^^^^^^^
   |
help: remove the unnecessary path segments
   |
99 -         let schema = backend_version::SchemaIdentity::of_relation::<R>();
99 +         let schema = SchemaIdentity::of_relation::<R>();
   |

warning: unnecessary qualification
   --> crates/engine/src/workspace/head.rs:239:22
    |
239 |         let schema = backend_version::SchemaIdentity::of_relation::<R>();
    |                      ^^^^^^^^^^^^^^^^^^^^^^^^^^^^^^^^^^^^^^^^^^^^^^^^^
    |
help: remove the unnecessary path segments
    |
239 -         let schema = backend_version::SchemaIdentity::of_relation::<R>();
239 +         let schema = SchemaIdentity::of_relation::<R>();
    |

warning: unnecessary qualification
   --> crates/engine/src/workspace/pack.rs:174:21
    |
174 |     let canonical = backend_store::encode_pack(&map, expected_layout, pack.bytes().len())
    |                     ^^^^^^^^^^^^^^^^^^^^^^^^^^
    |
help: remove the unnecessary path segments
    |
174 -     let canonical = backend_store::encode_pack(&map, expected_layout, pack.bytes().len())
174 +     let canonical = encode_pack(&map, expected_layout, pack.bytes().len())
    |

warning: unused import: `error::Error`
  --> crates/engine/src/application/compiler.rs:70:5
   |
70 |     error::Error as _,
   |     ^^^^^^^^^^^^

warning: unused import: `SemanticCoreReader`
    --> crates/engine/src/driver/lower/java.rs:2670:46
     |
2670 |     use backend_semantic::ir::{FragmentView, SemanticCoreReader, SemanticReader, SourceIdentity};
     |                                              ^^^^^^^^^^^^^^^^^^

warning: variable does not need to be mutable
   --> crates/engine/src/acquisition/lease_tests.rs:225:9
    |
225 |     let mut successor = reopened
    |         ----^^^^^^^^^
    |         |
    |         help: remove this `mut`
    |
    = note: `#[warn(unused_mut)]` (part of `#[warn(unused)]`) on by default

warning: variable does not need to be mutable
    --> crates/engine/src/driver/lower/csharp.rs:3809:13
     |
3809 |         let mut occurrences = view
     |             ----^^^^^^^^^^^
     |             |
     |             help: remove this `mut`

warning: unused variable: `units`
    --> crates/engine/src/driver/lower/java.rs:4128:17
     |
4128 |             let units: usize = source_text.chars().map(char::len_utf16).sum();
     |                 ^^^^^ help: if this is intentional, prefix it with an underscore: `_units`
     |
     = note: `#[warn(unused_variables)]` (part of `#[warn(unused)]`) on by default

warning: variable does not need to be mutable
    --> crates/engine/src/driver/lower/typescript.rs:9983:17
     |
9983 |             let mut record = SemanticTypeRecord::leaf(SemanticTypeTag::TemplateLiteral);
     |                 ----^^^^^^
     |                 |
     |                 help: remove this `mut`

warning: variable does not need to be mutable
    --> crates/engine/src/registry/tests.rs:5605:10
     |
5605 |     let (mut source, _) =
     |          ----^^^^^^
     |          |
     |          help: remove this `mut`

warning: type `ToolchainProbeFileRole` is more private than the item `toolchain_probe::ToolchainProbeError::ExecutableWitness::role`
   --> crates/engine/src/application/toolchain_probe.rs:627:9
    |
627 |         role: ToolchainProbeFileRole,
    |         ^^^^^^^^^^^^^^^^^^^^^^^^^^^^ field `toolchain_probe::ToolchainProbeError::ExecutableWitness::role` is reachable at visibility `pub`
    |
note: but type `ToolchainProbeFileRole` is only usable at visibility `pub(crate)`
   --> crates/engine/src/application/toolchain_probe.rs:777:1
    |
777 | pub(crate) enum ToolchainProbeFileRole {
    | ^^^^^^^^^^^^^^^^^^^^^^^^^^^^^^^^^^^^^^
    = note: `#[warn(private_interfaces)]` on by default

warning: type `ToolchainProbeFileRole` is more private than the item `toolchain_probe::ToolchainProbeError::ExecutableChanged::role`
   --> crates/engine/src/application/toolchain_probe.rs:638:9
    |
638 |         role: ToolchainProbeFileRole,
    |         ^^^^^^^^^^^^^^^^^^^^^^^^^^^^ field `toolchain_probe::ToolchainProbeError::ExecutableChanged::role` is reachable at visibility `pub`
    |
note: but type `ToolchainProbeFileRole` is only usable at visibility `pub(crate)`
   --> crates/engine/src/application/toolchain_probe.rs:777:1
    |
777 | pub(crate) enum ToolchainProbeFileRole {
    | ^^^^^^^^^^^^^^^^^^^^^^^^^^^^^^^^^^^^^^

warning: associated functions `derive_with_streamed_field` and `from_encoded` are never used
   --> crates/engine/src/acquisition/identity.rs:113:27
    |
108 |         impl $name {
    |         ---------- associated functions in this implementation
...
113 |             pub(super) fn derive_with_streamed_field(
    |                           ^^^^^^^^^^^^^^^^^^^^^^^^^^
...
141 |             pub(crate) const fn from_encoded(bytes: [u8; ID_BYTES]) -> Self {
    |                                 ^^^^^^^^^^^^
...
158 | identity!(ReleaseClaimId, b"release-claim");
    | ------------------------------------------- in this macro invocation
    |
    = note: `#[warn(dead_code)]` (part of `#[warn(unused)]`) on by default
    = note: this warning originates in the macro `identity` (in Nightly builds, run with -Z macro-backtrace for more info)

warning: associated function `derive_with_streamed_field` is never used
   --> crates/engine/src/acquisition/identity.rs:113:27
    |
108 |         impl $name {
    |         ---------- associated function in this implementation
...
113 |             pub(super) fn derive_with_streamed_field(
    |                           ^^^^^^^^^^^^^^^^^^^^^^^^^^
...
159 | identity!(RawArchiveObjectId, b"raw-archive-object");
    | ---------------------------------------------------- in this macro invocation
    |
    = note: this warning originates in the macro `identity` (in Nightly builds, run with -Z macro-backtrace for more info)

warning: associated functions `derive_with_streamed_field` and `from_encoded` are never used
   --> crates/engine/src/acquisition/identity.rs:113:27
    |
108 |         impl $name {
    |         ---------- associated functions in this implementation
...
113 |             pub(super) fn derive_with_streamed_field(
    |                           ^^^^^^^^^^^^^^^^^^^^^^^^^^
...
141 |             pub(crate) const fn from_encoded(bytes: [u8; ID_BYTES]) -> Self {
    |                                 ^^^^^^^^^^^^
...
160 | identity!(TreeManifestId, b"tree-manifest");
    | ------------------------------------------- in this macro invocation
    |
    = note: this warning originates in the macro `identity` (in Nightly builds, run with -Z macro-backtrace for more info)

warning: associated functions `derive_with_streamed_field` and `from_encoded` are never used
   --> crates/engine/src/acquisition/identity.rs:113:27
    |
108 |         impl $name {
    |         ---------- associated functions in this implementation
...
113 |             pub(super) fn derive_with_streamed_field(
    |                           ^^^^^^^^^^^^^^^^^^^^^^^^^^
...
141 |             pub(crate) const fn from_encoded(bytes: [u8; ID_BYTES]) -> Self {
    |                                 ^^^^^^^^^^^^
...
161 | identity!(SourceSnapshotId, b"source-snapshot");
    | ----------------------------------------------- in this macro invocation
    |
    = note: this warning originates in the macro `identity` (in Nightly builds, run with -Z macro-backtrace for more info)

warning: associated functions `derive_with_streamed_field` and `from_encoded` are never used
   --> crates/engine/src/acquisition/identity.rs:113:27
    |
108 |         impl $name {
    |         ---------- associated functions in this implementation
...
113 |             pub(super) fn derive_with_streamed_field(
    |                           ^^^^^^^^^^^^^^^^^^^^^^^^^^
...
141 |             pub(crate) const fn from_encoded(bytes: [u8; ID_BYTES]) -> Self {
    |                                 ^^^^^^^^^^^^
...
162 | identity!(AcquisitionDeltaId, b"acquisition-delta");
    | --------------------------------------------------- in this macro invocation
    |
    = note: this warning originates in the macro `identity` (in Nightly builds, run with -Z macro-backtrace for more info)

warning: associated functions `derive_with_streamed_field` and `from_encoded` are never used
   --> crates/engine/src/acquisition/identity.rs:113:27
    |
108 |         impl $name {
    |         ---------- associated functions in this implementation
...
113 |             pub(super) fn derive_with_streamed_field(
    |                           ^^^^^^^^^^^^^^^^^^^^^^^^^^
...
141 |             pub(crate) const fn from_encoded(bytes: [u8; ID_BYTES]) -> Self {
    |                                 ^^^^^^^^^^^^
...
163 | identity!(AcquisitionReceiptId, b"acquisition-receipt");
    | ------------------------------------------------------- in this macro invocation
    |
    = note: this warning originates in the macro `identity` (in Nightly builds, run with -Z macro-backtrace for more info)

warning: associated function `derive_with_streamed_field` is never used
   --> crates/engine/src/acquisition/identity.rs:113:27
    |
108 |         impl $name {
    |         ---------- associated function in this implementation
...
113 |             pub(super) fn derive_with_streamed_field(
    |                           ^^^^^^^^^^^^^^^^^^^^^^^^^^
...
165 | identity!(PublicationRootId, b"publication-root");
    | ------------------------------------------------- in this macro invocation
    |
    = note: this warning originates in the macro `identity` (in Nightly builds, run with -Z macro-backtrace for more info)

warning: struct `PrivateTestDirectory` is never constructed
   --> crates/engine/src/application/host.rs:928:12
    |
928 |     struct PrivateTestDirectory(PathBuf);
    |            ^^^^^^^^^^^^^^^^^^^^

warning: associated items `create` and `path` are never used
   --> crates/engine/src/application/host.rs:931:12
    |
930 |     impl PrivateTestDirectory {
    |     ------------------------- associated items in this implementation
931 |         fn create(label: &str) -> io::Result<Self> {
    |            ^^^^^^
...
946 |         fn path(&self) -> &Path {
    |            ^^^^

warning: field `request` is never read
    --> crates/engine/src/application/runtime.rs:3404:9
     |
3402 |     PackageSources {
     |     -------------- field in this variant
3403 |         facts: RequestFacts,
3404 |         request: OwnedPackageSourceSet,
     |         ^^^^^^^

warning: function `fragment_terminal` is never used
   --> crates/engine/src/application/terminal/native.rs:291:10
    |
291 | const fn fragment_terminal(
    |          ^^^^^^^^^^^^^^^^^

warning: field `selected_build_config_paths` is never read
   --> crates/engine/src/application/typescript_host.rs:192:16
    |
180 | pub(crate) struct TypeScriptProjectInputs<'a> {
    |                   ----------------------- field in this struct
...
192 |     pub(crate) selected_build_config_paths: &'a [Box<Path>],
    |                ^^^^^^^^^^^^^^^^^^^^^^^^^^^
    |
    = note: `TypeScriptProjectInputs` has derived impls for the traits `Debug` and `Clone`, but these are intentionally ignored during dead code analysis

warning: method `validate_current` is never used
   --> crates/engine/src/application/typescript_host.rs:229:19
    |
213 | impl TypeScriptProjectInputs<'_> {
    | -------------------------------- method in this implementation
...
229 |     pub(crate) fn validate_current(&self) -> Result<(), TypeScriptProjectHostError> {
    |                   ^^^^^^^^^^^^^^^^

warning: field `nearest_existing_parent` is never read
   --> crates/engine/src/application/typescript_host.rs:258:9
    |
256 |     MissingPath {
    |     ----------- field in this variant
257 |         path: &'a Path,
258 |         nearest_existing_parent: Option<&'a Path>,
    |         ^^^^^^^^^^^^^^^^^^^^^^^
    |
    = note: `TypeScriptResolverObservationRef` has derived impls for the traits `Debug` and `Clone`, but these are intentionally ignored during dead code analysis

warning: fields `identity` and `entries` are never read
   --> crates/engine/src/application/typescript_host.rs:262:9
    |
260 |     Directory {
    |     --------- fields in this variant
261 |         path: &'a Path,
262 |         identity: FileIdentity,
    |         ^^^^^^^^
263 |         entries: &'a [TypeScriptDirectoryEntry],
    |         ^^^^^^^
    |
    = note: `TypeScriptResolverObservationRef` has derived impls for the traits `Debug` and `Clone`, but these are intentionally ignored during dead code analysis

warning: fields `canonical_path` and `identity` are never read
   --> crates/engine/src/application/typescript_host.rs:267:9
    |
265 |     Realpath {
    |     -------- fields in this variant
266 |         path: &'a Path,
267 |         canonical_path: Option<&'a Path>,
    |         ^^^^^^^^^^^^^^
268 |         identity: Option<FileIdentity>,
    |         ^^^^^^^^
    |
    = note: `TypeScriptResolverObservationRef` has derived impls for the traits `Debug` and `Clone`, but these are intentionally ignored during dead code analysis

warning: variants `CargoProject`, `ToolchainInput`, and `ExternalInput` are never constructed
   --> crates/engine/src/compiler_read_observation_v2.rs:97:5
    |
 85 | pub(crate) enum CompilerReadObservationEventClassV2 {
    |                 ----------------------------------- variants in this enum
...
 97 |     CargoProject = 6,
    |     ^^^^^^^^^^^^
...
101 |     ToolchainInput = 8,
    |     ^^^^^^^^^^^^^^
...
105 |     ExternalInput = 10,
    |     ^^^^^^^^^^^^^
    |
    = note: `CompilerReadObservationEventClassV2` has derived impls for the traits `Debug` and `Clone`, but these are intentionally ignored during dead code analysis

warning: methods `release` and `admit_releases` are never used
    --> crates/engine/src/registry/ecosystem.rs:1011:8
     |
 804 | impl EcosystemAdapter {
     | --------------------- methods in this implementation
...
1011 |     fn release(
     |        ^^^^^^^
...
1151 |     pub(crate) fn admit_releases(
     |                   ^^^^^^^^^^^^^^

warning: methods `maven_release`, `maven_archive_url`, `maven_source_archive_url`, `maven_archive_url_with_classifier`, and `conan_archive_name` are never used
   --> crates/engine/src/registry/ecosystem_decoders.rs:639:19
    |
220 | impl EcosystemAdapter {
    | --------------------- methods in this implementation
...
639 |     pub(crate) fn maven_release(
    |                   ^^^^^^^^^^^^^
...
683 |     pub(crate) fn maven_archive_url(&self, version: &str) -> String {
    |                   ^^^^^^^^^^^^^^^^^
...
687 |     pub(crate) fn maven_source_archive_url(&self, version: &str) -> String {
    |                   ^^^^^^^^^^^^^^^^^^^^^^^^
...
707 |     fn maven_archive_url_with_classifier(&self, version: &str, classifier: &str) -> String {
    |        ^^^^^^^^^^^^^^^^^^^^^^^^^^^^^^^^^
...
996 |     pub(crate) fn conan_archive_name(&self, bytes: &[u8]) -> Result<String, TransportFailure> {
    |                   ^^^^^^^^^^^^^^^^^^

warning: function `is_sdist` is never used
    --> crates/engine/src/registry/ecosystem_decoders.rs:2661:4
     |
2661 | fn is_sdist(filename: &str) -> bool {
     |    ^^^^^^^^

warning: function `is_wheel` is never used
    --> crates/engine/src/registry/ecosystem_decoders.rs:2667:4
     |
2667 | fn is_wheel(filename: &str) -> bool {
     |    ^^^^^^^^

warning: method `admit_reader` is never used
  --> crates/engine/src/registry/identity.rs:66:19
   |
37 | impl PublishedArtifactClaim {
   | --------------------------- method in this implementation
...
66 |     pub(crate) fn admit_reader<R: Read>(
   |                   ^^^^^^^^^^^^

warning: method `verify_and_store` is never used
    --> crates/engine/src/registry/owner.rs:1288:19
     |
 435 | impl RegistryOwner {
     | ------------------ method in this implementation
...
1288 |     pub(crate) fn verify_and_store(
     |                   ^^^^^^^^^^^^^^^^

warning: methods `verify_archive` and `canonical_digest` are never used
   --> crates/engine/src/registry/transport.rs:406:19
    |
405 | impl RemotePackage {
    | ------------------ methods in this implementation
406 |     pub(crate) fn verify_archive(
    |                   ^^^^^^^^^^^^^^
...
513 |     pub(crate) const fn canonical_digest(&self) -> Option<[u8; 32]> {
    |                         ^^^^^^^^^^^^^^^^

warning: method `maven_checksum` is never used
    --> crates/engine/src/registry/transport.rs:1518:8
     |
 675 | impl HttpRegistryTransport {
     | -------------------------- method in this implementation
...
1518 |     fn maven_checksum(
     |        ^^^^^^^^^^^^^^

warning: missing documentation for a method
   --> crates/engine/src/application/cluster_coordinator/result_wire.rs:109:5
    |
109 |     pub const fn role(self) -> CompilerResultMemberRole {
    |     ^^^^^^^^^^^^^^^^^^^^^^^^^^^^^^^^^^^^^^^^^^^^^^^^^^^
    |
    = note: requested on the command line with `-W missing-docs`

warning: missing documentation for a method
   --> crates/engine/src/application/cluster_coordinator/result_wire.rs:114:5
    |
114 |     pub const fn reference(self) -> ObjectRef<ObjectDomain> {
    |     ^^^^^^^^^^^^^^^^^^^^^^^^^^^^^^^^^^^^^^^^^^^^^^^^^^^^^^^

warning: missing documentation for a method
   --> crates/engine/src/application/cluster_coordinator/result_wire.rs:119:5
    |
119 |     pub const fn key(self) -> u64 {
    |     ^^^^^^^^^^^^^^^^^^^^^^^^^^^^^

warning: missing documentation for a method
   --> crates/engine/src/application/cluster_coordinator/result_wire.rs:124:5
    |
124 |     pub const fn parent(self) -> Option<u64> {
    |     ^^^^^^^^^^^^^^^^^^^^^^^^^^^^^^^^^^^^^^^^

warning: missing documentation for a struct field
   --> crates/engine/src/application/host/rust_selection.rs:221:9
    |
221 |         rustc: PathBuf,
    |         ^^^^^^^^^^^^^^

warning: missing documentation for a struct field
   --> crates/engine/src/application/host/rust_selection.rs:222:9
    |
222 |         place: InstalledToolPlace,
    |         ^^^^^^^^^^^^^^^^^^^^^^^^^

warning: missing documentation for a method
   --> crates/engine/src/builtin/semantic_relation.rs:474:5
    |
474 |     pub const fn completed(self) -> NonZeroU32 {
    |     ^^^^^^^^^^^^^^^^^^^^^^^^^^^^^^^^^^^^^^^^^^

warning: missing documentation for a method
   --> crates/engine/src/builtin/semantic_relation.rs:478:5
    |
478 |     pub const fn total(self) -> NonZeroU32 {
    |     ^^^^^^^^^^^^^^^^^^^^^^^^^^^^^^^^^^^^^^

warning: missing documentation for a struct field
   --> crates/engine/src/driver/types/lowering.rs:183:32
    |
183 |     TypeProjectionDepthLimit { depth: u8, maximum: u8 },
    |                                ^^^^^^^^^

warning: missing documentation for a struct field
   --> crates/engine/src/driver/types/lowering.rs:183:43
    |
183 |     TypeProjectionDepthLimit { depth: u8, maximum: u8 },
    |                                           ^^^^^^^^^^^

warning: missing documentation for a struct field
   --> crates/engine/src/driver/types/lowering.rs:185:27
    |
185 |     TypeProjectionCycle { type_id: u32 },
    |                           ^^^^^^^^^^^^

warning: missing documentation for a struct field
   --> crates/engine/src/driver/types/lowering.rs:187:40
    |
187 |     TypeProjectionRecursiveReference { distance: u32 },
    |                                        ^^^^^^^^^^^^^

warning: missing documentation for a struct field
   --> crates/engine/src/driver/types/lowering.rs:189:27
    |
189 |     TypeProjectionWidth { actual: usize, maximum: usize },
    |                           ^^^^^^^^^^^^^

warning: missing documentation for a struct field
   --> crates/engine/src/driver/types/lowering.rs:189:42
    |
189 |     TypeProjectionWidth { actual: usize, maximum: usize },
    |                                          ^^^^^^^^^^^^^^

warning: `backend-engine` (lib test) generated 225 warnings (run `cargo fix --lib -p backend-engine --tests` to apply 182 suggestions)
    Finished `test` profile [unoptimized + debuginfo] target(s) in 1.76s
     Running `/Users/rmccrar6/codex-worktrees/luna-clippy-warning-cleanup-20261007/.local/build/clippy-current-canonical-20261007/debug/deps/backend_engine-b4955c870b705815 forge_search_snapshot_keeps_publication_gate_until_capture_finishes --test-threads=1 --nocapture`
