warning: resolver for the non root package will be ignored, specify resolver at the workspace root:
package:   /Users/mileswirht/Downloads/nudox-active-20261005/typescript-global-probe/vendor/gpui_ce_components/Cargo.toml
workspace: /Users/mileswirht/Downloads/nudox-active-20261005/typescript-global-probe/Cargo.toml
warning: unused import: `history::TypedV3HistoryPublicationSnapshot`
   --> crates/replication/src/ir_generation_store.rs:146:16
    |
146 | pub(crate) use history::TypedV3HistoryPublicationSnapshot;
    |                ^^^^^^^^^^^^^^^^^^^^^^^^^^^^^^^^^^^^^^^^^^
    |
    = note: `#[warn(unused_imports)]` (part of `#[warn(unused)]`) on by default

warning: unnecessary qualification
    --> crates/replication/src/ir_hydration_store/history_v3.rs:1407:26
     |
1407 |             .with_gc_pin(std::sync::Arc::new(guard))
     |                          ^^^^^^^^^^^^^^^^^^^
     |
     = note: requested on the command line with `-W unused-qualifications`
help: remove the unnecessary path segments
     |
1407 -             .with_gc_pin(std::sync::Arc::new(guard))
1407 +             .with_gc_pin(Arc::new(guard))
     |

warning: unnecessary qualification
    --> crates/replication/src/ir_hydration_store/history_v3.rs:1621:13
     |
1621 |             std::sync::Arc::new(pin.into_guard()),
     |             ^^^^^^^^^^^^^^^^^^^
     |
help: remove the unnecessary path segments
     |
1621 -             std::sync::Arc::new(pin.into_guard()),
1621 +             Arc::new(pin.into_guard()),
     |

warning: unused imports: `TypedV3HistoryAdmissionMetrics`, `TypedV3HistoryAdmission`, and `TypedV3HistoryGcPin`
  --> crates/replication/src/ir_hydration_store.rs:65:5
   |
65 |     TypedV3HistoryAdmission, TypedV3HistoryAdmissionMetrics, TypedV3HistoryGcPin,
   |     ^^^^^^^^^^^^^^^^^^^^^^^  ^^^^^^^^^^^^^^^^^^^^^^^^^^^^^^  ^^^^^^^^^^^^^^^^^^^

warning: methods `manifest_root` and `plane_root` are never used
   --> crates/replication/src/ir_generation_store.rs:232:25
    |
203 | impl HistoricalSemanticPlaneBinding {
    | ----------------------------------- methods in this implementation
...
232 |     pub(crate) const fn manifest_root(self) -> SemanticManifestRoot {
    |                         ^^^^^^^^^^^^^
...
238 |     pub(crate) const fn plane_root(self) -> SemanticPlaneRoot {
    |                         ^^^^^^^^^^
    |
    = note: `#[warn(dead_code)]` (part of `#[warn(unused)]`) on by default

warning: function `append_history_index_entry_typed` is never used
   --> crates/replication/src/ir_generation_store/history/codec.rs:679:15
    |
679 | pub(crate) fn append_history_index_entry_typed(
    |               ^^^^^^^^^^^^^^^^^^^^^^^^^^^^^^^^

warning: associated functions `from_produced` and `from_selected_native_history` are never used
   --> crates/replication/src/ir_generation_store/history/v3.rs:223:19
    |
219 | impl TypedV3HistoryLocator {
    | -------------------------- associated functions in this implementation
...
223 |     pub(crate) fn from_produced(
    |                   ^^^^^^^^^^^^^
...
233 |     pub(crate) fn from_selected_native_history(
    |                   ^^^^^^^^^^^^^^^^^^^^^^^^^^^^

warning: function `stage_typed_v3_locator_bytes` is never used
   --> crates/replication/src/ir_generation_store/history/v3.rs:501:4
    |
501 | fn stage_typed_v3_locator_bytes(
    |    ^^^^^^^^^^^^^^^^^^^^^^^^^^^^

warning: methods `stage_typed_v3_locator`, `finish_typed_v3_locator_admission`, and `typed_v3_locator` are never used
   --> crates/replication/src/ir_generation_store/history/v3.rs:665:19
    |
657 | impl LocalSemanticGenerationFiles {
    | --------------------------------- methods in this implementation
...
665 |     pub(crate) fn stage_typed_v3_locator(
    |                   ^^^^^^^^^^^^^^^^^^^^^^
...
689 |     pub(crate) fn finish_typed_v3_locator_admission(
    |                   ^^^^^^^^^^^^^^^^^^^^^^^^^^^^^^^^^
...
733 |     pub(crate) fn typed_v3_locator(
    |                   ^^^^^^^^^^^^^^^^

warning: fields `root_claim` and `metrics` are never read
   --> crates/replication/src/ir_hydration_store/history_v3.rs:745:5
    |
738 | pub(crate) struct TypedV3HistoryAdmission<'pin> {
    |                   ----------------------- fields in this struct
...
745 |     root_claim: HistoryTypedV3RootClaim,
    |     ^^^^^^^^^^
746 |     metrics: TypedV3HistoryAdmissionMetrics,
    |     ^^^^^^^

warning: methods `root_claim` and `metrics` are never used
   --> crates/replication/src/ir_hydration_store/history_v3.rs:758:25
    |
749 | impl TypedV3HistoryAdmission<'_> {
    | -------------------------------- methods in this implementation
...
758 |     pub(crate) const fn root_claim(&self) -> HistoryTypedV3RootClaim {
    |                         ^^^^^^^^^^
...
766 |     pub(crate) const fn metrics(&self) -> TypedV3HistoryAdmissionMetrics {
    |                         ^^^^^^^

warning: methods `verify_produced_typed_v3` and `verify_produced_typed_v3_content` are never used
   --> crates/replication/src/ir_hydration_store/history_v3.rs:810:19
    |
779 | impl FileSemanticRangeStore {
    | --------------------------- methods in this implementation
...
810 |     pub(crate) fn verify_produced_typed_v3<'pin>(
    |                   ^^^^^^^^^^^^^^^^^^^^^^^^
...
839 |     pub(crate) fn verify_produced_typed_v3_content<'pin>(
    |                   ^^^^^^^^^^^^^^^^^^^^^^^^^^^^^^^^

warning: fields `segment_pins`, `jumbo_pin`, `encoding_metrics`, `segment_store_metrics`, `jumbo_store_metrics`, and `verifier_io_metrics` are never read
    --> crates/replication/src/ir_producer_store.rs:1595:5
     |
1589 | pub(crate) struct ProducedSelectedNativeTypedPlaneHistoryV3 {
     |                   ----------------------------------------- fields in this struct
...
1595 |     segment_pins: Vec<DurableSemanticObjectPin>,
     |     ^^^^^^^^^^^^
1596 |     jumbo_pin: DurableSemanticObjectPin,
     |     ^^^^^^^^^
1597 |     encoding_metrics: [CanonicalPlaneEncodingMetrics; TYPED_V2_FAMILY_COUNT],
     |     ^^^^^^^^^^^^^^^^
1598 |     segment_store_metrics: [SemanticProducerStoreMetrics; TYPED_V2_FAMILY_COUNT],
     |     ^^^^^^^^^^^^^^^^^^^^^
1599 |     jumbo_store_metrics: SemanticProducerStoreMetrics,
     |     ^^^^^^^^^^^^^^^^^^^
1600 |     verifier_io_metrics: SemanticProducerVerifierIoMetrics,
     |     ^^^^^^^^^^^^^^^^^^^

warning: methods `segment_pins` and `jumbo_pin` are never used
    --> crates/replication/src/ir_producer_store.rs:1624:19
     |
1603 | impl ProducedSelectedNativeTypedPlaneHistoryV3 {
     | ---------------------------------------------- methods in this implementation
...
1624 |     pub(crate) fn segment_pins(&self) -> &[DurableSemanticObjectPin] {
     |                   ^^^^^^^^^^^^
...
1628 |     pub(crate) const fn jumbo_pin(&self) -> &DurableSemanticObjectPin {
     |                         ^^^^^^^^^

warning: field `input_witness` is never read
    --> crates/replication/src/ir_producer_store.rs:1635:5
     |
1633 | struct TypedV3ProducedArtifacts {
     |        ------------------------ field in this struct
1634 |     image_facts: SemanticImageFacts,
1635 |     input_witness: SemanticInputWitness,
     |     ^^^^^^^^^^^^^

warning: function `produce_semantic_typed_plane_v3` is never used
    --> crates/replication/src/ir_producer_store.rs:1656:15
     |
1656 | pub(crate) fn produce_semantic_typed_plane_v3<Reader: SemanticReader + ?Sized>(
     |               ^^^^^^^^^^^^^^^^^^^^^^^^^^^^^^^

warning: `backend-replication` (lib) generated 16 warnings (run `cargo fix --lib -p backend-replication` to apply 4 suggestions)
warning: unnecessary qualification
   --> crates/library/interface/compiler_fragment/nested.rs:845:32
    |
845 |     pub const fn kind(self) -> super::CompilerFragmentNestedFaultKind {
    |                                ^^^^^^^^^^^^^^^^^^^^^^^^^^^^^^^^^^^^^^
    |
    = note: requested on the command line with `-W unused-qualifications`
help: remove the unnecessary path segments
    |
845 -     pub const fn kind(self) -> super::CompilerFragmentNestedFaultKind {
845 +     pub const fn kind(self) -> CompilerFragmentNestedFaultKind {
    |

warning: unnecessary qualification
   --> crates/library/interface/compiler_fragment/nested.rs:860:28
    |
860 |     const fn kind(self) -> super::CompilerFragmentNestedFaultKind {
    |                            ^^^^^^^^^^^^^^^^^^^^^^^^^^^^^^^^^^^^^^
    |
help: remove the unnecessary path segments
    |
860 -     const fn kind(self) -> super::CompilerFragmentNestedFaultKind {
860 +     const fn kind(self) -> CompilerFragmentNestedFaultKind {
    |

warning: unnecessary qualification
   --> crates/library/interface/compiler_fragment/nested.rs:872:28
    |
872 |     const fn kind(self) -> super::CompilerFragmentNestedFaultKind {
    |                            ^^^^^^^^^^^^^^^^^^^^^^^^^^^^^^^^^^^^^^
    |
help: remove the unnecessary path segments
    |
872 -     const fn kind(self) -> super::CompilerFragmentNestedFaultKind {
872 +     const fn kind(self) -> CompilerFragmentNestedFaultKind {
    |

warning: unnecessary qualification
   --> crates/library/interface/compiler_fragment/nested.rs:884:28
    |
884 |     const fn kind(self) -> super::CompilerFragmentNestedFaultKind {
    |                            ^^^^^^^^^^^^^^^^^^^^^^^^^^^^^^^^^^^^^^
    |
help: remove the unnecessary path segments
    |
884 -     const fn kind(self) -> super::CompilerFragmentNestedFaultKind {
884 +     const fn kind(self) -> CompilerFragmentNestedFaultKind {
    |

warning: unnecessary qualification
   --> crates/library/interface/compiler_fragment/nested.rs:894:28
    |
894 |     const fn kind(self) -> super::CompilerFragmentNestedFaultKind {
    |                            ^^^^^^^^^^^^^^^^^^^^^^^^^^^^^^^^^^^^^^
    |
help: remove the unnecessary path segments
    |
894 -     const fn kind(self) -> super::CompilerFragmentNestedFaultKind {
894 +     const fn kind(self) -> CompilerFragmentNestedFaultKind {
    |

warning: unnecessary qualification
   --> crates/library/interface/compiler_fragment/nested.rs:931:28
    |
931 |     const fn kind(self) -> super::CompilerFragmentNestedFaultKind {
    |                            ^^^^^^^^^^^^^^^^^^^^^^^^^^^^^^^^^^^^^^
    |
help: remove the unnecessary path segments
    |
931 -     const fn kind(self) -> super::CompilerFragmentNestedFaultKind {
931 +     const fn kind(self) -> CompilerFragmentNestedFaultKind {
    |

warning: unnecessary qualification
   --> crates/library/interface/compiler_fragment/nested.rs:958:28
    |
958 |     const fn kind(self) -> super::CompilerFragmentNestedFaultKind {
    |                            ^^^^^^^^^^^^^^^^^^^^^^^^^^^^^^^^^^^^^^
    |
help: remove the unnecessary path segments
    |
958 -     const fn kind(self) -> super::CompilerFragmentNestedFaultKind {
958 +     const fn kind(self) -> CompilerFragmentNestedFaultKind {
    |

warning: unnecessary qualification
   --> crates/library/interface/compiler_fragment/nested.rs:980:28
    |
980 |     const fn kind(self) -> super::CompilerFragmentNestedFaultKind {
    |                            ^^^^^^^^^^^^^^^^^^^^^^^^^^^^^^^^^^^^^^
    |
help: remove the unnecessary path segments
    |
980 -     const fn kind(self) -> super::CompilerFragmentNestedFaultKind {
980 +     const fn kind(self) -> CompilerFragmentNestedFaultKind {
    |

warning: unnecessary qualification
   --> crates/library/interface/compiler_fragment/nested.rs:999:28
    |
999 |     const fn kind(self) -> super::CompilerFragmentNestedFaultKind {
    |                            ^^^^^^^^^^^^^^^^^^^^^^^^^^^^^^^^^^^^^^
    |
help: remove the unnecessary path segments
    |
999 -     const fn kind(self) -> super::CompilerFragmentNestedFaultKind {
999 +     const fn kind(self) -> CompilerFragmentNestedFaultKind {
    |

warning: unused import: `CompilerToolIssue`
 --> crates/library/surface.rs:5:53
  |
5 |     CompilerFragmentFaultKind, CompilerToolFailure, CompilerToolIssue, CompilerToolRequirement,
  |                                                     ^^^^^^^^^^^^^^^^^
  |
  = note: `#[warn(unused_imports)]` (part of `#[warn(unused)]`) on by default

warning: unnecessary qualification
    --> crates/library/surface.rs:3947:31
     |
3947 |         let mut coordinates = std::collections::BTreeSet::new();
     |                               ^^^^^^^^^^^^^^^^^^^^^^^^^^^^^^^
     |
help: remove the unnecessary path segments
     |
3947 -         let mut coordinates = std::collections::BTreeSet::new();
3947 +         let mut coordinates = BTreeSet::new();
     |

warning: unused variable: `ordinal`
   --> crates/library/interface/compiler_fragment.rs:371:75
    |
371 |             CompilerFragmentFault::Prepare(PrepareError::OccurrenceLane { ordinal, fault }) => {
    |                                                                           ^^^^^^^ help: try ignoring the field: `ordinal: _`
    |
    = note: `#[warn(unused_variables)]` (part of `#[warn(unused)]`) on by default

warning: missing documentation for a variant
   --> crates/library/interface/compiler_fragment.rs:699:5
    |
699 |     Capacity,
    |     ^^^^^^^^
    |
    = note: requested on the command line with `-W missing-docs`

warning: missing documentation for a variant
   --> crates/library/interface/compiler_fragment.rs:700:5
    |
700 |     InvalidTreeEntity,
    |     ^^^^^^^^^^^^^^^^^

warning: missing documentation for a variant
   --> crates/library/interface/compiler_fragment.rs:701:5
    |
701 |     Dangling,
    |     ^^^^^^^^

warning: missing documentation for a variant
   --> crates/library/interface/compiler_fragment.rs:702:5
    |
702 |     RecursiveType,
    |     ^^^^^^^^^^^^^

warning: missing documentation for a variant
   --> crates/library/interface/compiler_fragment.rs:703:5
    |
703 |     CallableElement,
    |     ^^^^^^^^^^^^^^^

warning: missing documentation for a variant
   --> crates/library/interface/compiler_fragment.rs:704:5
    |
704 |     MissingTypedVariadicParameter,
    |     ^^^^^^^^^^^^^^^^^^^^^^^^^^^^^

warning: missing documentation for a variant
   --> crates/library/interface/compiler_fragment.rs:705:5
    |
705 |     EmptyQualifiedPath,
    |     ^^^^^^^^^^^^^^^^^^

warning: missing documentation for a variant
   --> crates/library/interface/compiler_fragment.rs:706:5
    |
706 |     TypeParameterRequirements,
    |     ^^^^^^^^^^^^^^^^^^^^^^^^^

warning: missing documentation for a variant
   --> crates/library/interface/compiler_fragment.rs:707:5
    |
707 |     EmptyCxxQualification,
    |     ^^^^^^^^^^^^^^^^^^^^^

warning: missing documentation for a variant
   --> crates/library/interface/compiler_fragment.rs:708:5
    |
708 |     IllegalCQualifierTarget,
    |     ^^^^^^^^^^^^^^^^^^^^^^^

warning: missing documentation for a variant
   --> crates/library/interface/compiler_fragment.rs:709:5
    |
709 |     IllegalCxxMemberPointerOwner,
    |     ^^^^^^^^^^^^^^^^^^^^^^^^^^^^

warning: missing documentation for a variant
   --> crates/library/interface/compiler_fragment.rs:710:5
    |
710 |     InvalidDocumentationUtf8,
    |     ^^^^^^^^^^^^^^^^^^^^^^^^

warning: missing documentation for a variant
   --> crates/library/interface/compiler_fragment.rs:711:5
    |
711 |     InvalidOccurrenceSpan,
    |     ^^^^^^^^^^^^^^^^^^^^^

warning: missing documentation for a variant
   --> crates/library/interface/compiler_fragment.rs:712:5
    |
712 |     SignatureCarrierRoleCount,
    |     ^^^^^^^^^^^^^^^^^^^^^^^^^

warning: missing documentation for a variant
   --> crates/library/interface/compiler_fragment.rs:713:5
    |
713 |     SignatureCarrierRoleKind,
    |     ^^^^^^^^^^^^^^^^^^^^^^^^

warning: missing documentation for a variant
   --> crates/library/interface/compiler_fragment.rs:714:5
    |
714 |     SignatureCarrierRoleOwnerKind,
    |     ^^^^^^^^^^^^^^^^^^^^^^^^^^^^^

warning: missing documentation for a variant
   --> crates/library/interface/compiler_fragment.rs:715:5
    |
715 |     SignatureCarrierRoleAlreadyCaptured,
    |     ^^^^^^^^^^^^^^^^^^^^^^^^^^^^^^^^^^^

warning: missing documentation for a variant
   --> crates/library/interface/compiler_fragment.rs:716:5
    |
716 |     SignatureCarrierBindingsAlreadyCaptured,
    |     ^^^^^^^^^^^^^^^^^^^^^^^^^^^^^^^^^^^^^^^

warning: missing documentation for a variant
   --> crates/library/interface/compiler_fragment.rs:717:5
    |
717 |     SignatureCarrierBindingOwnerSet,
    |     ^^^^^^^^^^^^^^^^^^^^^^^^^^^^^^^

warning: missing documentation for a variant
   --> crates/library/interface/compiler_fragment.rs:718:5
    |
718 |     SignatureCarrierBindingSignature,
    |     ^^^^^^^^^^^^^^^^^^^^^^^^^^^^^^^^

warning: missing documentation for a variant
   --> crates/library/interface/compiler_fragment.rs:719:5
    |
719 |     SignatureCarrierBindingCounts,
    |     ^^^^^^^^^^^^^^^^^^^^^^^^^^^^^

warning: missing documentation for a variant
   --> crates/library/interface/compiler_fragment.rs:720:5
    |
720 |     SignatureCarrierBindingEdgeRole,
    |     ^^^^^^^^^^^^^^^^^^^^^^^^^^^^^^^

warning: missing documentation for a variant
   --> crates/library/interface/compiler_fragment.rs:721:5
    |
721 |     SignatureCarrierBindingTargetCount,
    |     ^^^^^^^^^^^^^^^^^^^^^^^^^^^^^^^^^^

warning: missing documentation for a variant
   --> crates/library/interface/compiler_fragment.rs:722:5
    |
722 |     SignatureCarrierBindingTargetKind,
    |     ^^^^^^^^^^^^^^^^^^^^^^^^^^^^^^^^^

warning: missing documentation for a variant
   --> crates/library/interface/compiler_fragment.rs:723:5
    |
723 |     SignatureCarrierBindingType,
    |     ^^^^^^^^^^^^^^^^^^^^^^^^^^^

warning: missing documentation for a variant
   --> crates/library/interface/compiler_fragment.rs:724:5
    |
724 |     SignatureCarrierBindingEdgeMismatch,
    |     ^^^^^^^^^^^^^^^^^^^^^^^^^^^^^^^^^^^

warning: missing documentation for a variant
   --> crates/library/interface/compiler_fragment.rs:725:5
    |
725 |     ParentCycle,
    |     ^^^^^^^^^^^

warning: missing documentation for a variant
   --> crates/library/interface/compiler_fragment.rs:726:5
    |
726 |     DeclarationKey,
    |     ^^^^^^^^^^^^^^

warning: missing documentation for a variant
   --> crates/library/interface/compiler_fragment.rs:727:5
    |
727 |     ScopedDeclarationPreimage,
    |     ^^^^^^^^^^^^^^^^^^^^^^^^^

warning: missing documentation for a variant
   --> crates/library/interface/compiler_fragment.rs:728:5
    |
728 |     ForeignKeyPreimage,
    |     ^^^^^^^^^^^^^^^^^^

warning: missing documentation for a variant
   --> crates/library/interface/compiler_fragment.rs:729:5
    |
729 |     DuplicateDeclarationIdentity,
    |     ^^^^^^^^^^^^^^^^^^^^^^^^^^^^

warning: missing documentation for a variant
   --> crates/library/interface/compiler_fragment.rs:730:5
    |
730 |     TreeVersionCount,
    |     ^^^^^^^^^^^^^^^^

warning: missing documentation for a variant
   --> crates/library/interface/compiler_fragment.rs:731:5
    |
731 |     AuthorityRowCount,
    |     ^^^^^^^^^^^^^^^^^

warning: missing documentation for a variant
   --> crates/library/interface/compiler_fragment.rs:732:5
    |
732 |     OccurrenceAuthorityRowCount,
    |     ^^^^^^^^^^^^^^^^^^^^^^^^^^^

warning: missing documentation for a variant
   --> crates/library/interface/compiler_fragment.rs:733:5
    |
733 |     AuthorityFacts,
    |     ^^^^^^^^^^^^^^

warning: missing documentation for a variant
   --> crates/library/interface/compiler_fragment.rs:734:5
    |
734 |     OccurrenceAuthorityFacts,
    |     ^^^^^^^^^^^^^^^^^^^^^^^^

warning: missing documentation for a variant
   --> crates/library/interface/compiler_fragment.rs:735:5
    |
735 |     ImageProvenanceLineage,
    |     ^^^^^^^^^^^^^^^^^^^^^^

warning: missing documentation for a variant
   --> crates/library/interface/compiler_fragment.rs:736:5
    |
736 |     ImageProvenanceScope,
    |     ^^^^^^^^^^^^^^^^^^^^

warning: missing documentation for a variant
   --> crates/library/interface/compiler_fragment.rs:737:5
    |
737 |     ImageProvenanceScopePreimage,
    |     ^^^^^^^^^^^^^^^^^^^^^^^^^^^^

warning: missing documentation for a variant
   --> crates/library/interface/compiler_fragment.rs:738:5
    |
738 |     ImageProvenanceRecipe,
    |     ^^^^^^^^^^^^^^^^^^^^^

warning: missing documentation for a variant
   --> crates/library/interface/compiler_fragment.rs:739:5
    |
739 |     ImageProvenanceRebind,
    |     ^^^^^^^^^^^^^^^^^^^^^

warning: missing documentation for a variant
   --> crates/library/interface/compiler_fragment.rs:740:5
    |
740 |     LanguageExtension,
    |     ^^^^^^^^^^^^^^^^^

warning: missing documentation for a variant
   --> crates/library/interface/compiler_fragment.rs:741:5
    |
741 |     LanguageProfileMismatch,
    |     ^^^^^^^^^^^^^^^^^^^^^^^

warning: missing documentation for a variant
   --> crates/library/interface/compiler_fragment.rs:742:5
    |
742 |     LanguageProfileRebind,
    |     ^^^^^^^^^^^^^^^^^^^^^

warning: missing documentation for a variant
   --> crates/library/interface/compiler_fragment.rs:749:5
    |
749 |     Count,
    |     ^^^^^

warning: missing documentation for a variant
   --> crates/library/interface/compiler_fragment.rs:750:5
    |
750 |     AtomBytePoolOverflow,
    |     ^^^^^^^^^^^^^^^^^^^^

warning: missing documentation for a variant
   --> crates/library/interface/compiler_fragment.rs:751:5
    |
751 |     LayoutOverflow,
    |     ^^^^^^^^^^^^^^

warning: missing documentation for a variant
   --> crates/library/interface/compiler_fragment.rs:752:5
    |
752 |     NativeCount,
    |     ^^^^^^^^^^^

warning: missing documentation for a variant
   --> crates/library/interface/compiler_fragment.rs:753:5
    |
753 |     OutputLength,
    |     ^^^^^^^^^^^^

warning: missing documentation for a variant
   --> crates/library/interface/compiler_fragment.rs:754:5
    |
754 |     Entity,
    |     ^^^^^^

warning: missing documentation for a variant
   --> crates/library/interface/compiler_fragment.rs:755:5
    |
755 |     TypeNode,
    |     ^^^^^^^^

warning: missing documentation for a variant
   --> crates/library/interface/compiler_fragment.rs:756:5
    |
756 |     SemanticDataOverflow,
    |     ^^^^^^^^^^^^^^^^^^^^

warning: missing documentation for a variant
   --> crates/library/interface/compiler_fragment.rs:757:5
    |
757 |     SemanticEntityRoots,
    |     ^^^^^^^^^^^^^^^^^^^

warning: missing documentation for a variant
   --> crates/library/interface/compiler_fragment.rs:758:5
    |
758 |     SemanticAtomLength,
    |     ^^^^^^^^^^^^^^^^^^

warning: missing documentation for a variant
   --> crates/library/interface/compiler_fragment.rs:759:5
    |
759 |     SemanticData,
    |     ^^^^^^^^^^^^

warning: missing documentation for a variant
   --> crates/library/interface/compiler_fragment.rs:760:5
    |
760 |     OccurrenceLane,
    |     ^^^^^^^^^^^^^^

warning: missing documentation for a variant
   --> crates/library/interface/compiler_fragment.rs:761:5
    |
761 |     TypeFacts,
    |     ^^^^^^^^^

warning: missing documentation for a variant
   --> crates/library/interface/compiler_fragment.rs:762:5
    |
762 |     Documentation,
    |     ^^^^^^^^^^^^^

warning: missing documentation for a variant
   --> crates/library/interface/compiler_fragment.rs:763:5
    |
763 |     ExtensionPools,
    |     ^^^^^^^^^^^^^^

warning: missing documentation for a variant
   --> crates/library/interface/compiler_fragment.rs:764:5
    |
764 |     ExtensionPoolsMismatch,
    |     ^^^^^^^^^^^^^^^^^^^^^^

warning: missing documentation for a variant
   --> crates/library/interface/compiler_fragment.rs:771:5
    |
771 |     OutputTooSmall,
    |     ^^^^^^^^^^^^^^

warning: missing documentation for a variant
   --> crates/library/interface/compiler_fragment.rs:772:5
    |
772 |     ExtensionSection,
    |     ^^^^^^^^^^^^^^^^

warning: missing documentation for a variant
   --> crates/library/interface/compiler_fragment.rs:773:5
    |
773 |     AtomLength,
    |     ^^^^^^^^^^

warning: missing documentation for a variant
   --> crates/library/interface/compiler_fragment.rs:774:5
    |
774 |     AtomExtent,
    |     ^^^^^^^^^^

warning: missing documentation for a variant
   --> crates/library/interface/compiler_fragment.rs:775:5
    |
775 |     SemanticAtomLength,
    |     ^^^^^^^^^^^^^^^^^^

warning: missing documentation for a variant
   --> crates/library/interface/compiler_fragment.rs:782:5
    |
782 |     ExtensionPoolPair,
    |     ^^^^^^^^^^^^^^^^^

warning: missing documentation for a variant
   --> crates/library/interface/compiler_fragment.rs:783:5
    |
783 |     Documentation,
    |     ^^^^^^^^^^^^^

warning: missing documentation for a variant
   --> crates/library/interface/compiler_fragment.rs:784:5
    |
784 |     ExtensionPools,
    |     ^^^^^^^^^^^^^^

warning: missing documentation for a variant
   --> crates/library/interface/compiler_fragment.rs:785:5
    |
785 |     LanguageExtensions,
    |     ^^^^^^^^^^^^^^^^^^

warning: missing documentation for a variant
   --> crates/library/interface/compiler_fragment.rs:786:5
    |
786 |     TruncatedHeader,
    |     ^^^^^^^^^^^^^^^

warning: missing documentation for a variant
   --> crates/library/interface/compiler_fragment.rs:787:5
    |
787 |     Magic,
    |     ^^^^^

warning: missing documentation for a variant
   --> crates/library/interface/compiler_fragment.rs:788:5
    |
788 |     Schema,
    |     ^^^^^^

warning: missing documentation for a variant
   --> crates/library/interface/compiler_fragment.rs:789:5
    |
789 |     DeclaredLength,
    |     ^^^^^^^^^^^^^^

warning: missing documentation for a variant
   --> crates/library/interface/compiler_fragment.rs:790:5
    |
790 |     Extent,
    |     ^^^^^^

warning: missing documentation for a variant
   --> crates/library/interface/compiler_fragment.rs:791:5
    |
791 |     WireWidth,
    |     ^^^^^^^^^

warning: missing documentation for a variant
   --> crates/library/interface/compiler_fragment.rs:792:5
    |
792 |     Directory,
    |     ^^^^^^^^^

warning: missing documentation for a variant
   --> crates/library/interface/compiler_fragment.rs:793:5
    |
793 |     MissingSection,
    |     ^^^^^^^^^^^^^^

warning: missing documentation for a variant
   --> crates/library/interface/compiler_fragment.rs:794:5
    |
794 |     Entity,
    |     ^^^^^^

warning: missing documentation for a variant
   --> crates/library/interface/compiler_fragment.rs:795:5
    |
795 |     EntityRecord,
    |     ^^^^^^^^^^^^

warning: missing documentation for a variant
   --> crates/library/interface/compiler_fragment.rs:796:5
    |
796 |     Atom,
    |     ^^^^

warning: missing documentation for a variant
   --> crates/library/interface/compiler_fragment.rs:797:5
    |
797 |     TypeNode,
    |     ^^^^^^^^

warning: missing documentation for a variant
   --> crates/library/interface/compiler_fragment.rs:798:5
    |
798 |     SourceIdentity,
    |     ^^^^^^^^^^^^^^

warning: missing documentation for a variant
   --> crates/library/interface/compiler_fragment.rs:799:5
    |
799 |     RecipeFact,
    |     ^^^^^^^^^^

warning: missing documentation for a variant
   --> crates/library/interface/compiler_fragment.rs:800:5
    |
800 |     SemanticData,
    |     ^^^^^^^^^^^^

warning: missing documentation for a variant
   --> crates/library/interface/compiler_fragment.rs:801:5
    |
801 |     Occurrences,
    |     ^^^^^^^^^^^

warning: missing documentation for a variant
   --> crates/library/interface/compiler_fragment.rs:802:5
    |
802 |     TypeFacts,
    |     ^^^^^^^^^

warning: missing documentation for a variant
   --> crates/library/interface/compiler_fragment.rs:823:5
    |
823 |     Atom,
    |     ^^^^

warning: missing documentation for a variant
   --> crates/library/interface/compiler_fragment.rs:824:5
    |
824 |     Text,
    |     ^^^^

warning: missing documentation for a variant
   --> crates/library/interface/compiler_fragment.rs:825:5
    |
825 |     Type,
    |     ^^^^

warning: missing documentation for a variant
   --> crates/library/interface/compiler_fragment.rs:826:5
    |
826 |     Entity,
    |     ^^^^^^

warning: missing documentation for a variant
   --> crates/library/interface/compiler_fragment.rs:827:5
    |
827 |     External,
    |     ^^^^^^^^

warning: missing documentation for a variant
   --> crates/library/interface/compiler_fragment.rs:828:5
    |
828 |     Link,
    |     ^^^^

warning: missing documentation for a variant
   --> crates/library/interface/compiler_fragment.rs:829:5
    |
829 |     LinkOccurrence,
    |     ^^^^^^^^^^^^^^

warning: missing documentation for a variant
   --> crates/library/interface/compiler_fragment.rs:830:5
    |
830 |     TypeList,
    |     ^^^^^^^^

warning: missing documentation for a variant
   --> crates/library/interface/compiler_fragment.rs:831:5
    |
831 |     EntityList,
    |     ^^^^^^^^^^

warning: missing documentation for a variant
   --> crates/library/interface/compiler_fragment.rs:832:5
    |
832 |     AtomList,
    |     ^^^^^^^^

warning: missing documentation for a variant
   --> crates/library/interface/compiler_fragment.rs:833:5
    |
833 |     Docs,
    |     ^^^^

warning: missing documentation for a variant
   --> crates/library/interface/compiler_fragment.rs:834:5
    |
834 |     TupleElements,
    |     ^^^^^^^^^^^^^

warning: missing documentation for a variant
   --> crates/library/interface/compiler_fragment.rs:835:5
    |
835 |     ObjectMembers,
    |     ^^^^^^^^^^^^^

warning: missing documentation for a variant
   --> crates/library/interface/compiler_fragment.rs:836:5
    |
836 |     TemplateParts,
    |     ^^^^^^^^^^^^^

warning: missing documentation for a variant
   --> crates/library/interface/compiler_fragment.rs:837:5
    |
837 |     TypeParameterBounds,
    |     ^^^^^^^^^^^^^^^^^^^

warning: missing documentation for a variant
   --> crates/library/interface/compiler_fragment.rs:838:5
    |
838 |     TypeParameters,
    |     ^^^^^^^^^^^^^^

warning: missing documentation for a variant
   --> crates/library/interface/compiler_fragment.rs:839:5
    |
839 |     FreePredicates,
    |     ^^^^^^^^^^^^^^

warning: missing documentation for a variant
   --> crates/library/interface/compiler_fragment.rs:846:5
    |
846 |     Directory,
    |     ^^^^^^^^^

warning: missing documentation for a variant
   --> crates/library/interface/compiler_fragment.rs:847:5
    |
847 |     EntityLane,
    |     ^^^^^^^^^^

warning: missing documentation for a variant
   --> crates/library/interface/compiler_fragment.rs:848:5
    |
848 |     TypeNodeLane,
    |     ^^^^^^^^^^^^

warning: missing documentation for a variant
   --> crates/library/interface/compiler_fragment.rs:849:5
    |
849 |     AtomRecordLane,
    |     ^^^^^^^^^^^^^^

warning: missing documentation for a variant
   --> crates/library/interface/compiler_fragment.rs:850:5
    |
850 |     AtomByteLane,
    |     ^^^^^^^^^^^^

warning: missing documentation for a variant
   --> crates/library/interface/compiler_fragment.rs:851:5
    |
851 |     SourceIdentityLane,
    |     ^^^^^^^^^^^^^^^^^^

warning: missing documentation for a variant
   --> crates/library/interface/compiler_fragment.rs:852:5
    |
852 |     RecipeFactLane,
    |     ^^^^^^^^^^^^^^

warning: missing documentation for a variant
   --> crates/library/interface/compiler_fragment.rs:853:5
    |
853 |     SemanticData,
    |     ^^^^^^^^^^^^

warning: missing documentation for a variant
   --> crates/library/interface/compiler_fragment.rs:854:5
    |
854 |     Occurrences,
    |     ^^^^^^^^^^^

warning: missing documentation for a variant
   --> crates/library/interface/compiler_fragment.rs:855:5
    |
855 |     TypeFacts,
    |     ^^^^^^^^^

warning: missing documentation for a variant
   --> crates/library/interface/compiler_fragment.rs:856:5
    |
856 |     Documentation,
    |     ^^^^^^^^^^^^^

warning: missing documentation for a variant
   --> crates/library/interface/compiler_fragment.rs:857:5
    |
857 |     LanguageExtensions,
    |     ^^^^^^^^^^^^^^^^^^

warning: missing documentation for a variant
   --> crates/library/interface/compiler_fragment.rs:858:5
    |
858 |     ExtensionPools,
    |     ^^^^^^^^^^^^^^

warning: missing documentation for a variant
   --> crates/library/interface/compiler_fragment.rs:865:5
    |
865 |     Prepare,
    |     ^^^^^^^

warning: missing documentation for a variant
   --> crates/library/interface/compiler_fragment.rs:866:5
    |
866 |     Write,
    |     ^^^^^

warning: missing documentation for a variant
   --> crates/library/interface/compiler_fragment.rs:867:5
    |
867 |     Validate,
    |     ^^^^^^^^

warning: missing documentation for a variant
  --> crates/library/interface/compiler_fragment/nested.rs:15:5
   |
15 |     Atoms,
   |     ^^^^^

warning: missing documentation for a variant
  --> crates/library/interface/compiler_fragment/nested.rs:16:5
   |
16 |     Products,
   |     ^^^^^^^^

warning: missing documentation for a variant
  --> crates/library/interface/compiler_fragment/nested.rs:17:5
   |
17 |     Constructors,
   |     ^^^^^^^^^^^^

warning: missing documentation for a variant
  --> crates/library/interface/compiler_fragment/nested.rs:18:5
   |
18 |     Lists,
   |     ^^^^^

warning: missing documentation for a variant
  --> crates/library/interface/compiler_fragment/nested.rs:19:5
   |
19 |     Children,
   |     ^^^^^^^^

warning: missing documentation for a variant
  --> crates/library/interface/compiler_fragment/nested.rs:20:5
   |
20 |     AtomOrder,
   |     ^^^^^^^^^

warning: missing documentation for a variant
  --> crates/library/interface/compiler_fragment/nested.rs:21:5
   |
21 |     AtomMap,
   |     ^^^^^^^

warning: missing documentation for a variant
  --> crates/library/interface/compiler_fragment/nested.rs:22:5
   |
22 |     ProductOrder,
   |     ^^^^^^^^^^^^

warning: missing documentation for a variant
  --> crates/library/interface/compiler_fragment/nested.rs:23:5
   |
23 |     ProductMap,
   |     ^^^^^^^^^^

warning: missing documentation for a variant
  --> crates/library/interface/compiler_fragment/nested.rs:24:5
   |
24 |     Colors,
   |     ^^^^^^

warning: missing documentation for a variant
  --> crates/library/interface/compiler_fragment/nested.rs:25:5
   |
25 |     NextColors,
   |     ^^^^^^^^^^

warning: missing documentation for a variant
  --> crates/library/interface/compiler_fragment/nested.rs:26:5
   |
26 |     Hashes,
   |     ^^^^^^

warning: missing documentation for a variant
  --> crates/library/interface/compiler_fragment/nested.rs:27:5
   |
27 |     NextHashes,
   |     ^^^^^^^^^^

warning: missing documentation for a variant
  --> crates/library/interface/compiler_fragment/nested.rs:28:5
   |
28 |     Representatives,
   |     ^^^^^^^^^^^^^^^

warning: missing documentation for a variant
  --> crates/library/interface/compiler_fragment/nested.rs:29:5
   |
29 |     InternSlots,
   |     ^^^^^^^^^^^

warning: missing documentation for a variant
  --> crates/library/interface/compiler_fragment/nested.rs:36:5
   |
36 |     RefinementRounds,
   |     ^^^^^^^^^^^^^^^^

warning: missing documentation for a variant
  --> crates/library/interface/compiler_fragment/nested.rs:37:5
   |
37 |     SortComparisons,
   |     ^^^^^^^^^^^^^^^

warning: missing documentation for a variant
  --> crates/library/interface/compiler_fragment/nested.rs:38:5
   |
38 |     HashEvaluations,
   |     ^^^^^^^^^^^^^^^

warning: missing documentation for a variant
  --> crates/library/interface/compiler_fragment/nested.rs:39:5
   |
39 |     InternProbes,
   |     ^^^^^^^^^^^^

warning: missing documentation for a variant
  --> crates/library/interface/compiler_fragment/nested.rs:40:5
   |
40 |     Work,
   |     ^^^^

warning: missing documentation for a variant
  --> crates/library/interface/compiler_fragment/nested.rs:53:5
   |
53 |     EntityRecord(EntityRecordFaultFacts),
   |     ^^^^^^^^^^^^

warning: missing documentation for a variant
  --> crates/library/interface/compiler_fragment/nested.rs:54:5
   |
54 |     TypeNode(TypeNodeFaultFacts),
   |     ^^^^^^^^

warning: missing documentation for a variant
  --> crates/library/interface/compiler_fragment/nested.rs:55:5
   |
55 |     Atom(AtomFaultFacts),
   |     ^^^^

warning: missing documentation for a variant
  --> crates/library/interface/compiler_fragment/nested.rs:56:5
   |
56 |     CanonicalData(CanonicalDataFaultFacts),
   |     ^^^^^^^^^^^^^

warning: missing documentation for a variant
  --> crates/library/interface/compiler_fragment/nested.rs:57:5
   |
57 |     SemanticData(SemanticDataFaultFacts),
   |     ^^^^^^^^^^^^

warning: missing documentation for a variant
  --> crates/library/interface/compiler_fragment/nested.rs:58:5
   |
58 |     Occurrence(OccurrenceFaultFacts),
   |     ^^^^^^^^^^

warning: missing documentation for a variant
  --> crates/library/interface/compiler_fragment/nested.rs:59:5
   |
59 |     SignatureCarrier(SignatureCarrierFaultFacts),
   |     ^^^^^^^^^^^^^^^^

warning: missing documentation for a variant
  --> crates/library/interface/compiler_fragment/nested.rs:60:5
   |
60 |     Validation(ValidationFaultFacts),
   |     ^^^^^^^^^^

warning: missing documentation for a variant
  --> crates/library/interface/compiler_fragment/nested.rs:68:5
   |
68 |     EntityTypeReference,
   |     ^^^^^^^^^^^^^^^^^^^

warning: missing documentation for a variant
  --> crates/library/interface/compiler_fragment/nested.rs:69:5
   |
69 |     EntityNameReference,
   |     ^^^^^^^^^^^^^^^^^^^

warning: missing documentation for a variant
  --> crates/library/interface/compiler_fragment/nested.rs:70:5
   |
70 |     EntityKindTag,
   |     ^^^^^^^^^^^^^

warning: missing documentation for a variant
  --> crates/library/interface/compiler_fragment/nested.rs:71:5
   |
71 |     EntityReservedBits,
   |     ^^^^^^^^^^^^^^^^^^

warning: missing documentation for a variant
  --> crates/library/interface/compiler_fragment/nested.rs:72:5
   |
72 |     TypeNodeReservedBytes,
   |     ^^^^^^^^^^^^^^^^^^^^^

warning: missing documentation for a variant
  --> crates/library/interface/compiler_fragment/nested.rs:73:5
   |
73 |     TypeNodeTag,
   |     ^^^^^^^^^^^

warning: missing documentation for a variant
  --> crates/library/interface/compiler_fragment/nested.rs:74:5
   |
74 |     TypeNodePrimitive,
   |     ^^^^^^^^^^^^^^^^^

warning: missing documentation for a variant
  --> crates/library/interface/compiler_fragment/nested.rs:75:5
   |
75 |     TypeNodeEdge,
   |     ^^^^^^^^^^^^

warning: missing documentation for a variant
  --> crates/library/interface/compiler_fragment/nested.rs:76:5
   |
76 |     AtomRange,
   |     ^^^^^^^^^

warning: missing documentation for a variant
  --> crates/library/interface/compiler_fragment/nested.rs:77:5
   |
77 |     AtomEmpty,
   |     ^^^^^^^^^

warning: missing documentation for a variant
  --> crates/library/interface/compiler_fragment/nested.rs:78:5
   |
78 |     CanonicalDataCount,
   |     ^^^^^^^^^^^^^^^^^^

warning: missing documentation for a variant
  --> crates/library/interface/compiler_fragment/nested.rs:79:5
   |
79 |     CanonicalDataNativeCount,
   |     ^^^^^^^^^^^^^^^^^^^^^^^^

warning: missing documentation for a variant
  --> crates/library/interface/compiler_fragment/nested.rs:80:5
   |
80 |     CanonicalDataNativeWork,
   |     ^^^^^^^^^^^^^^^^^^^^^^^

warning: missing documentation for a variant
  --> crates/library/interface/compiler_fragment/nested.rs:81:5
   |
81 |     CanonicalDataCanonicalCountOverflow,
   |     ^^^^^^^^^^^^^^^^^^^^^^^^^^^^^^^^^^^

warning: missing documentation for a variant
  --> crates/library/interface/compiler_fragment/nested.rs:82:5
   |
82 |     CanonicalDataCanonicalCountMismatch,
   |     ^^^^^^^^^^^^^^^^^^^^^^^^^^^^^^^^^^^

warning: missing documentation for a variant
  --> crates/library/interface/compiler_fragment/nested.rs:83:5
   |
83 |     CanonicalDataScratch,
   |     ^^^^^^^^^^^^^^^^^^^^

warning: missing documentation for a variant
  --> crates/library/interface/compiler_fragment/nested.rs:84:5
   |
84 |     CanonicalDataOutputTooSmall,
   |     ^^^^^^^^^^^^^^^^^^^^^^^^^^^

warning: missing documentation for a variant
  --> crates/library/interface/compiler_fragment/nested.rs:85:5
   |
85 |     CanonicalDataProductHead,
   |     ^^^^^^^^^^^^^^^^^^^^^^^^

warning: missing documentation for a variant
  --> crates/library/interface/compiler_fragment/nested.rs:86:5
   |
86 |     CanonicalDataProductList,
   |     ^^^^^^^^^^^^^^^^^^^^^^^^

warning: missing documentation for a variant
  --> crates/library/interface/compiler_fragment/nested.rs:87:5
   |
87 |     CanonicalDataConstructorCount,
   |     ^^^^^^^^^^^^^^^^^^^^^^^^^^^^^

warning: missing documentation for a variant
  --> crates/library/interface/compiler_fragment/nested.rs:88:5
   |
88 |     CanonicalDataConstructorTag,
   |     ^^^^^^^^^^^^^^^^^^^^^^^^^^^

warning: missing documentation for a variant
  --> crates/library/interface/compiler_fragment/nested.rs:89:5
   |
89 |     CanonicalDataConstructorReservedPayload,
   |     ^^^^^^^^^^^^^^^^^^^^^^^^^^^^^^^^^^^^^^^

warning: missing documentation for a variant
  --> crates/library/interface/compiler_fragment/nested.rs:90:5
   |
90 |     CanonicalDataConstructorArityOverflow,
   |     ^^^^^^^^^^^^^^^^^^^^^^^^^^^^^^^^^^^^^

warning: missing documentation for a variant
  --> crates/library/interface/compiler_fragment/nested.rs:91:5
   |
91 |     CanonicalDataConstructorArity,
   |     ^^^^^^^^^^^^^^^^^^^^^^^^^^^^^

warning: missing documentation for a variant
  --> crates/library/interface/compiler_fragment/nested.rs:92:5
   |
92 |     CanonicalDataProductChildRole,
   |     ^^^^^^^^^^^^^^^^^^^^^^^^^^^^^

warning: missing documentation for a variant
  --> crates/library/interface/compiler_fragment/nested.rs:93:5
   |
93 |     CanonicalDataListExtent,
   |     ^^^^^^^^^^^^^^^^^^^^^^^

warning: missing documentation for a variant
  --> crates/library/interface/compiler_fragment/nested.rs:94:5
   |
94 |     CanonicalDataNativeExtent,
   |     ^^^^^^^^^^^^^^^^^^^^^^^^^

warning: missing documentation for a variant
  --> crates/library/interface/compiler_fragment/nested.rs:95:5
   |
95 |     CanonicalDataProductChild,
   |     ^^^^^^^^^^^^^^^^^^^^^^^^^

warning: missing documentation for a variant
  --> crates/library/interface/compiler_fragment/nested.rs:96:5
   |
96 |     CanonicalDataOutputLength,
   |     ^^^^^^^^^^^^^^^^^^^^^^^^^

warning: missing documentation for a variant
  --> crates/library/interface/compiler_fragment/nested.rs:97:5
   |
97 |     CanonicalDataCanonicalListExtent,
   |     ^^^^^^^^^^^^^^^^^^^^^^^^^^^^^^^^

warning: missing documentation for a variant
  --> crates/library/interface/compiler_fragment/nested.rs:98:5
   |
98 |     CanonicalDataCanonicalAtom,
   |     ^^^^^^^^^^^^^^^^^^^^^^^^^^

warning: missing documentation for a variant
  --> crates/library/interface/compiler_fragment/nested.rs:99:5
   |
99 |     CanonicalDataCanonicalProduct,
   |     ^^^^^^^^^^^^^^^^^^^^^^^^^^^^^

warning: missing documentation for a variant
   --> crates/library/interface/compiler_fragment/nested.rs:100:5
    |
100 |     CanonicalDataCanonicalList,
    |     ^^^^^^^^^^^^^^^^^^^^^^^^^^

warning: missing documentation for a variant
   --> crates/library/interface/compiler_fragment/nested.rs:101:5
    |
101 |     CanonicalDataRefinementBound,
    |     ^^^^^^^^^^^^^^^^^^^^^^^^^^^^

warning: missing documentation for a variant
   --> crates/library/interface/compiler_fragment/nested.rs:102:5
    |
102 |     CanonicalDataInternTableFull,
    |     ^^^^^^^^^^^^^^^^^^^^^^^^^^^^

warning: missing documentation for a variant
   --> crates/library/interface/compiler_fragment/nested.rs:103:5
    |
103 |     CanonicalDataInternEntry,
    |     ^^^^^^^^^^^^^^^^^^^^^^^^

warning: missing documentation for a variant
   --> crates/library/interface/compiler_fragment/nested.rs:104:5
    |
104 |     CanonicalDataResourceCounterOverflow,
    |     ^^^^^^^^^^^^^^^^^^^^^^^^^^^^^^^^^^^^

warning: missing documentation for a variant
   --> crates/library/interface/compiler_fragment/nested.rs:105:5
    |
105 |     CanonicalDataBudgetAdmission,
    |     ^^^^^^^^^^^^^^^^^^^^^^^^^^^^

warning: missing documentation for a variant
   --> crates/library/interface/compiler_fragment/nested.rs:106:5
    |
106 |     CanonicalDataBudgetExceeded,
    |     ^^^^^^^^^^^^^^^^^^^^^^^^^^^

warning: missing documentation for a variant
   --> crates/library/interface/compiler_fragment/nested.rs:107:5
    |
107 |     SemanticDataHeader,
    |     ^^^^^^^^^^^^^^^^^^

warning: missing documentation for a variant
   --> crates/library/interface/compiler_fragment/nested.rs:108:5
    |
108 |     SemanticDataAtomLength,
    |     ^^^^^^^^^^^^^^^^^^^^^^

warning: missing documentation for a variant
   --> crates/library/interface/compiler_fragment/nested.rs:109:5
    |
109 |     SemanticDataProductHead,
    |     ^^^^^^^^^^^^^^^^^^^^^^^

warning: missing documentation for a variant
   --> crates/library/interface/compiler_fragment/nested.rs:110:5
    |
110 |     SemanticDataProductList,
    |     ^^^^^^^^^^^^^^^^^^^^^^^

warning: missing documentation for a variant
   --> crates/library/interface/compiler_fragment/nested.rs:111:5
    |
111 |     SemanticDataConstructorCount,
    |     ^^^^^^^^^^^^^^^^^^^^^^^^^^^^

warning: missing documentation for a variant
   --> crates/library/interface/compiler_fragment/nested.rs:112:5
    |
112 |     SemanticDataEntityRootCount,
    |     ^^^^^^^^^^^^^^^^^^^^^^^^^^^

warning: missing documentation for a variant
   --> crates/library/interface/compiler_fragment/nested.rs:113:5
    |
113 |     SemanticDataEntityRoot,
    |     ^^^^^^^^^^^^^^^^^^^^^^

warning: missing documentation for a variant
   --> crates/library/interface/compiler_fragment/nested.rs:114:5
    |
114 |     SemanticDataConstructorTag,
    |     ^^^^^^^^^^^^^^^^^^^^^^^^^^

warning: missing documentation for a variant
   --> crates/library/interface/compiler_fragment/nested.rs:115:5
    |
115 |     SemanticDataConstructorReservedPayload,
    |     ^^^^^^^^^^^^^^^^^^^^^^^^^^^^^^^^^^^^^^

warning: missing documentation for a variant
   --> crates/library/interface/compiler_fragment/nested.rs:116:5
    |
116 |     SemanticDataConstructorArityOverflow,
    |     ^^^^^^^^^^^^^^^^^^^^^^^^^^^^^^^^^^^^

warning: missing documentation for a variant
   --> crates/library/interface/compiler_fragment/nested.rs:117:5
    |
117 |     SemanticDataConstructorArity,
    |     ^^^^^^^^^^^^^^^^^^^^^^^^^^^^

warning: missing documentation for a variant
   --> crates/library/interface/compiler_fragment/nested.rs:118:5
    |
118 |     SemanticDataListExtent,
    |     ^^^^^^^^^^^^^^^^^^^^^^

warning: missing documentation for a variant
   --> crates/library/interface/compiler_fragment/nested.rs:119:5
    |
119 |     SemanticDataChildRoleCode,
    |     ^^^^^^^^^^^^^^^^^^^^^^^^^

warning: missing documentation for a variant
   --> crates/library/interface/compiler_fragment/nested.rs:120:5
    |
120 |     SemanticDataChildRole,
    |     ^^^^^^^^^^^^^^^^^^^^^

warning: missing documentation for a variant
   --> crates/library/interface/compiler_fragment/nested.rs:121:5
    |
121 |     SemanticDataChildTag,
    |     ^^^^^^^^^^^^^^^^^^^^

warning: missing documentation for a variant
   --> crates/library/interface/compiler_fragment/nested.rs:122:5
    |
122 |     SemanticDataLocalChild,
    |     ^^^^^^^^^^^^^^^^^^^^^^

warning: missing documentation for a variant
   --> crates/library/interface/compiler_fragment/nested.rs:123:5
    |
123 |     SemanticDataLocalReserved,
    |     ^^^^^^^^^^^^^^^^^^^^^^^^^

warning: missing documentation for a variant
   --> crates/library/interface/compiler_fragment/nested.rs:124:5
    |
124 |     SemanticDataExternalAuthority,
    |     ^^^^^^^^^^^^^^^^^^^^^^^^^^^^^

warning: missing documentation for a variant
   --> crates/library/interface/compiler_fragment/nested.rs:125:5
    |
125 |     SemanticDataTrailing,
    |     ^^^^^^^^^^^^^^^^^^^^

warning: missing documentation for a variant
   --> crates/library/interface/compiler_fragment/nested.rs:126:5
    |
126 |     OccurrenceOwner,
    |     ^^^^^^^^^^^^^^^

warning: missing documentation for a variant
   --> crates/library/interface/compiler_fragment/nested.rs:127:5
    |
127 |     OccurrenceLocalTarget,
    |     ^^^^^^^^^^^^^^^^^^^^^

warning: missing documentation for a variant
   --> crates/library/interface/compiler_fragment/nested.rs:128:5
    |
128 |     OccurrenceTargetTag,
    |     ^^^^^^^^^^^^^^^^^^^

warning: missing documentation for a variant
   --> crates/library/interface/compiler_fragment/nested.rs:129:5
    |
129 |     OccurrenceOriginTag,
    |     ^^^^^^^^^^^^^^^^^^^

warning: missing documentation for a variant
   --> crates/library/interface/compiler_fragment/nested.rs:130:5
    |
130 |     OccurrenceReferenceKind,
    |     ^^^^^^^^^^^^^^^^^^^^^^^

warning: missing documentation for a variant
   --> crates/library/interface/compiler_fragment/nested.rs:131:5
    |
131 |     OccurrenceConfidence,
    |     ^^^^^^^^^^^^^^^^^^^^

warning: missing documentation for a variant
   --> crates/library/interface/compiler_fragment/nested.rs:132:5
    |
132 |     OccurrenceSpan,
    |     ^^^^^^^^^^^^^^

warning: missing documentation for a variant
   --> crates/library/interface/compiler_fragment/nested.rs:133:5
    |
133 |     OccurrenceKindCell,
    |     ^^^^^^^^^^^^^^^^^^

warning: missing documentation for a variant
   --> crates/library/interface/compiler_fragment/nested.rs:134:5
    |
134 |     OccurrenceEmptyPath,
    |     ^^^^^^^^^^^^^^^^^^^

warning: missing documentation for a variant
   --> crates/library/interface/compiler_fragment/nested.rs:135:5
    |
135 |     OccurrenceTruncated,
    |     ^^^^^^^^^^^^^^^^^^^

warning: missing documentation for a variant
   --> crates/library/interface/compiler_fragment/nested.rs:136:5
    |
136 |     OccurrenceTrailingBytes,
    |     ^^^^^^^^^^^^^^^^^^^^^^^

warning: missing documentation for a variant
   --> crates/library/interface/compiler_fragment/nested.rs:137:5
    |
137 |     OccurrenceLegacyStableTarget,
    |     ^^^^^^^^^^^^^^^^^^^^^^^^^^^^

warning: missing documentation for a variant
   --> crates/library/interface/compiler_fragment/nested.rs:138:5
    |
138 |     OccurrenceAuthorityDomain,
    |     ^^^^^^^^^^^^^^^^^^^^^^^^^

warning: missing documentation for a variant
   --> crates/library/interface/compiler_fragment/nested.rs:139:5
    |
139 |     OccurrenceAuthorityWidth,
    |     ^^^^^^^^^^^^^^^^^^^^^^^^

warning: missing documentation for a variant
   --> crates/library/interface/compiler_fragment/nested.rs:140:5
    |
140 |     ValidateTruncatedHeader,
    |     ^^^^^^^^^^^^^^^^^^^^^^^

warning: missing documentation for a variant
   --> crates/library/interface/compiler_fragment/nested.rs:141:5
    |
141 |     ValidateMagic,
    |     ^^^^^^^^^^^^^

warning: missing documentation for a variant
   --> crates/library/interface/compiler_fragment/nested.rs:142:5
    |
142 |     ValidateSchema,
    |     ^^^^^^^^^^^^^^

warning: missing documentation for a variant
   --> crates/library/interface/compiler_fragment/nested.rs:143:5
    |
143 |     ValidateDeclaredLength,
    |     ^^^^^^^^^^^^^^^^^^^^^^

warning: missing documentation for a variant
   --> crates/library/interface/compiler_fragment/nested.rs:144:5
    |
144 |     ValidateExtent,
    |     ^^^^^^^^^^^^^^

warning: missing documentation for a variant
   --> crates/library/interface/compiler_fragment/nested.rs:145:5
    |
145 |     ValidateWireWidth,
    |     ^^^^^^^^^^^^^^^^^

warning: missing documentation for a variant
   --> crates/library/interface/compiler_fragment/nested.rs:146:5
    |
146 |     SignatureCarrierRoleCount,
    |     ^^^^^^^^^^^^^^^^^^^^^^^^^

warning: missing documentation for a variant
   --> crates/library/interface/compiler_fragment/nested.rs:147:5
    |
147 |     SignatureCarrierRoleKind,
    |     ^^^^^^^^^^^^^^^^^^^^^^^^

warning: missing documentation for a variant
   --> crates/library/interface/compiler_fragment/nested.rs:148:5
    |
148 |     SignatureCarrierRoleOwnerKind,
    |     ^^^^^^^^^^^^^^^^^^^^^^^^^^^^^

warning: missing documentation for a variant
   --> crates/library/interface/compiler_fragment/nested.rs:149:5
    |
149 |     SignatureCarrierBindingOwnerSet,
    |     ^^^^^^^^^^^^^^^^^^^^^^^^^^^^^^^

warning: missing documentation for a variant
   --> crates/library/interface/compiler_fragment/nested.rs:150:5
    |
150 |     SignatureCarrierBindingSignature,
    |     ^^^^^^^^^^^^^^^^^^^^^^^^^^^^^^^^

warning: missing documentation for a variant
   --> crates/library/interface/compiler_fragment/nested.rs:151:5
    |
151 |     SignatureCarrierBindingCounts,
    |     ^^^^^^^^^^^^^^^^^^^^^^^^^^^^^

warning: missing documentation for a variant
   --> crates/library/interface/compiler_fragment/nested.rs:152:5
    |
152 |     SignatureCarrierBindingEdgeRole,
    |     ^^^^^^^^^^^^^^^^^^^^^^^^^^^^^^^

warning: missing documentation for a variant
   --> crates/library/interface/compiler_fragment/nested.rs:153:5
    |
153 |     SignatureCarrierBindingTargetCount,
    |     ^^^^^^^^^^^^^^^^^^^^^^^^^^^^^^^^^^

warning: missing documentation for a variant
   --> crates/library/interface/compiler_fragment/nested.rs:154:5
    |
154 |     SignatureCarrierBindingTargetKind,
    |     ^^^^^^^^^^^^^^^^^^^^^^^^^^^^^^^^^

warning: missing documentation for a variant
   --> crates/library/interface/compiler_fragment/nested.rs:155:5
    |
155 |     SignatureCarrierBindingType,
    |     ^^^^^^^^^^^^^^^^^^^^^^^^^^^

warning: missing documentation for a variant
   --> crates/library/interface/compiler_fragment/nested.rs:156:5
    |
156 |     SignatureCarrierBindingEdgeMismatch,
    |     ^^^^^^^^^^^^^^^^^^^^^^^^^^^^^^^^^^^

warning: missing documentation for a variant
   --> crates/library/interface/compiler_fragment/nested.rs:168:15
    |
168 |               $($variant { $($field: $ty),* }),*
    |                 ^^^^^^^^^^^^^^^^^^^^^^^^^^^^^
...
173 | / nested_fault_enum! {
174 | |     /// Entity-record and entity-coordinate validation subcauses.
175 | |     EntityRecordFaultFacts {
176 | |         TypeReference { ordinal: u32, target: u32, node_count: u32 },
...   |
181 | | }
    | |_- in this macro invocation
    |
    = note: this warning originates in the macro `nested_fault_enum` (in Nightly builds, run with -Z macro-backtrace for more info)

warning: missing documentation for a struct field
   --> crates/library/interface/compiler_fragment/nested.rs:168:28
    |
168 |               $($variant { $($field: $ty),* }),*
    |                              ^^^^^^^^^^^
...
173 | / nested_fault_enum! {
174 | |     /// Entity-record and entity-coordinate validation subcauses.
175 | |     EntityRecordFaultFacts {
176 | |         TypeReference { ordinal: u32, target: u32, node_count: u32 },
...   |
181 | | }
    | |_- in this macro invocation
    |
    = note: this warning originates in the macro `nested_fault_enum` (in Nightly builds, run with -Z macro-backtrace for more info)

warning: missing documentation for a variant
    --> crates/library/interface/compiler_fragment/nested.rs:168:15
     |
 168 |               $($variant { $($field: $ty),* }),*
     |                 ^^^^^^^^^^^^^^^^^^^^^^^^^^^^^
...
1017 | / nested_fault_enum! {
1018 | |     /// Type-node validation subcauses.
1019 | |     TypeNodeFaultFacts {
1020 | |         ReservedBytes { ordinal: u32, packed: u32 },
...    |
1025 | | }
     | |_- in this macro invocation
     |
     = note: this warning originates in the macro `nested_fault_enum` (in Nightly builds, run with -Z macro-backtrace for more info)

warning: missing documentation for a struct field
    --> crates/library/interface/compiler_fragment/nested.rs:168:28
     |
 168 |               $($variant { $($field: $ty),* }),*
     |                              ^^^^^^^^^^^
...
1017 | / nested_fault_enum! {
1018 | |     /// Type-node validation subcauses.
1019 | |     TypeNodeFaultFacts {
1020 | |         ReservedBytes { ordinal: u32, packed: u32 },
...    |
1025 | | }
     | |_- in this macro invocation
     |
     = note: this warning originates in the macro `nested_fault_enum` (in Nightly builds, run with -Z macro-backtrace for more info)

warning: missing documentation for a variant
    --> crates/library/interface/compiler_fragment/nested.rs:168:15
     |
 168 |               $($variant { $($field: $ty),* }),*
     |                 ^^^^^^^^^^^^^^^^^^^^^^^^^^^^^
...
1027 | / nested_fault_enum! {
1028 | |     /// Atom-record validation subcauses.
1029 | |     AtomFaultFacts {
1030 | |         Range { ordinal: u32, start: u32, length: u32, byte_count: u32 },
...    |
1033 | | }
     | |_- in this macro invocation
     |
     = note: this warning originates in the macro `nested_fault_enum` (in Nightly builds, run with -Z macro-backtrace for more info)

warning: missing documentation for a struct field
    --> crates/library/interface/compiler_fragment/nested.rs:168:28
     |
 168 |               $($variant { $($field: $ty),* }),*
     |                              ^^^^^^^^^^^
...
1027 | / nested_fault_enum! {
1028 | |     /// Atom-record validation subcauses.
1029 | |     AtomFaultFacts {
1030 | |         Range { ordinal: u32, start: u32, length: u32, byte_count: u32 },
...    |
1033 | | }
     | |_- in this macro invocation
     |
     = note: this warning originates in the macro `nested_fault_enum` (in Nightly builds, run with -Z macro-backtrace for more info)

warning: missing documentation for a variant
    --> crates/library/interface/compiler_fragment/nested.rs:168:15
     |
 168 |               $($variant { $($field: $ty),* }),*
     |                 ^^^^^^^^^^^^^^^^^^^^^^^^^^^^^
...
1035 | / nested_fault_enum! {
1036 | |     /// Canonical semantic graph preparation subcauses.
1037 | |     CanonicalDataFaultFacts {
1038 | |         Count { lane: Lane, actual: u64 },
...    |
1068 | | }
     | |_- in this macro invocation
     |
     = note: this warning originates in the macro `nested_fault_enum` (in Nightly builds, run with -Z macro-backtrace for more info)

warning: missing documentation for a struct field
    --> crates/library/interface/compiler_fragment/nested.rs:168:28
     |
 168 |               $($variant { $($field: $ty),* }),*
     |                              ^^^^^^^^^^^
...
1035 | / nested_fault_enum! {
1036 | |     /// Canonical semantic graph preparation subcauses.
1037 | |     CanonicalDataFaultFacts {
1038 | |         Count { lane: Lane, actual: u64 },
...    |
1068 | | }
     | |_- in this macro invocation
     |
     = note: this warning originates in the macro `nested_fault_enum` (in Nightly builds, run with -Z macro-backtrace for more info)

warning: missing documentation for a variant
    --> crates/library/interface/compiler_fragment/nested.rs:168:15
     |
 168 |               $($variant { $($field: $ty),* }),*
     |                 ^^^^^^^^^^^^^^^^^^^^^^^^^^^^^
...
1070 | / nested_fault_enum! {
1071 | |     /// Semantic-data reopening subcauses.
1072 | |     SemanticDataFaultFacts {
1073 | |         Header { required: u64, actual: u64 },
...    |
1093 | | }
     | |_- in this macro invocation
     |
     = note: this warning originates in the macro `nested_fault_enum` (in Nightly builds, run with -Z macro-backtrace for more info)

warning: missing documentation for a struct field
    --> crates/library/interface/compiler_fragment/nested.rs:168:28
     |
 168 |               $($variant { $($field: $ty),* }),*
     |                              ^^^^^^^^^^^
...
1070 | / nested_fault_enum! {
1071 | |     /// Semantic-data reopening subcauses.
1072 | |     SemanticDataFaultFacts {
1073 | |         Header { required: u64, actual: u64 },
...    |
1093 | | }
     | |_- in this macro invocation
     |
     = note: this warning originates in the macro `nested_fault_enum` (in Nightly builds, run with -Z macro-backtrace for more info)

warning: missing documentation for a variant
    --> crates/library/interface/compiler_fragment/nested.rs:168:15
     |
 168 |               $($variant { $($field: $ty),* }),*
     |                 ^^^^^^^^^^^^^^^^^^^^^^^^^^^^^
...
1095 | / nested_fault_enum! {
1096 | |     /// Occurrence-plane reopening subcauses.
1097 | |     OccurrenceFaultFacts {
1098 | |         Owner { ordinal: u32, owner: u32, entity_count: u32 },
...    |
1113 | | }
     | |_- in this macro invocation
     |
     = note: this warning originates in the macro `nested_fault_enum` (in Nightly builds, run with -Z macro-backtrace for more info)

warning: missing documentation for a struct field
    --> crates/library/interface/compiler_fragment/nested.rs:168:28
     |
 168 |               $($variant { $($field: $ty),* }),*
     |                              ^^^^^^^^^^^
...
1095 | / nested_fault_enum! {
1096 | |     /// Occurrence-plane reopening subcauses.
1097 | |     OccurrenceFaultFacts {
1098 | |         Owner { ordinal: u32, owner: u32, entity_count: u32 },
...    |
1113 | | }
     | |_- in this macro invocation
     |
     = note: this warning originates in the macro `nested_fault_enum` (in Nightly builds, run with -Z macro-backtrace for more info)

warning: missing documentation for a variant
    --> crates/library/interface/compiler_fragment/nested.rs:168:15
     |
 168 |               $($variant { $($field: $ty),* }),*
     |                 ^^^^^^^^^^^^^^^^^^^^^^^^^^^^^
...
1115 | / nested_fault_enum! {
1116 | |     /// Signature-carrier binding subcauses.
1117 | |     SignatureCarrierFaultFacts {
1118 | |         RoleCount { expected: u64, observed: u64 },
...    |
1130 | | }
     | |_- in this macro invocation
     |
     = note: this warning originates in the macro `nested_fault_enum` (in Nightly builds, run with -Z macro-backtrace for more info)

warning: missing documentation for a struct field
    --> crates/library/interface/compiler_fragment/nested.rs:168:28
     |
 168 |               $($variant { $($field: $ty),* }),*
     |                              ^^^^^^^^^^^
...
1115 | / nested_fault_enum! {
1116 | |     /// Signature-carrier binding subcauses.
1117 | |     SignatureCarrierFaultFacts {
1118 | |         RoleCount { expected: u64, observed: u64 },
...    |
1130 | | }
     | |_- in this macro invocation
     |
     = note: this warning originates in the macro `nested_fault_enum` (in Nightly builds, run with -Z macro-backtrace for more info)

warning: missing documentation for a variant
    --> crates/library/interface/compiler_fragment/nested.rs:168:15
     |
 168 |               $($variant { $($field: $ty),* }),*
     |                 ^^^^^^^^^^^^^^^^^^^^^^^^^^^^^
...
1132 | / nested_fault_enum! {
1133 | |     /// Fragment header and extent validation subcauses.
1134 | |     ValidationFaultFacts {
1135 | |         TruncatedHeader { required: u64, actual: u64 },
...    |
1147 | | }
     | |_- in this macro invocation
     |
     = note: this warning originates in the macro `nested_fault_enum` (in Nightly builds, run with -Z macro-backtrace for more info)

warning: missing documentation for a struct field
    --> crates/library/interface/compiler_fragment/nested.rs:168:28
     |
 168 |               $($variant { $($field: $ty),* }),*
     |                              ^^^^^^^^^^^
...
1132 | / nested_fault_enum! {
1133 | |     /// Fragment header and extent validation subcauses.
1134 | |     ValidationFaultFacts {
1135 | |         TruncatedHeader { required: u64, actual: u64 },
...    |
1147 | | }
     | |_- in this macro invocation
     |
     = note: this warning originates in the macro `nested_fault_enum` (in Nightly builds, run with -Z macro-backtrace for more info)

warning: missing documentation for a variant
  --> crates/library/surface/package_compiler_failure.rs:27:5
   |
27 |     Prepare,
   |     ^^^^^^^

warning: missing documentation for a variant
  --> crates/library/surface/package_compiler_failure.rs:28:5
   |
28 |     Write,
   |     ^^^^^

warning: missing documentation for a variant
  --> crates/library/surface/package_compiler_failure.rs:29:5
   |
29 |     Validate,
   |     ^^^^^^^^

warning: missing documentation for a variant
  --> crates/library/surface/package_compiler_failure.rs:30:5
   |
30 |     Setup,
   |     ^^^^^

warning: missing documentation for a variant
  --> crates/library/surface/package_compiler_failure.rs:31:5
   |
31 |     Lowering,
   |     ^^^^^^^^

warning: missing documentation for a variant
  --> crates/library/surface/package_compiler_failure.rs:32:5
   |
32 |     Authority,
   |     ^^^^^^^^^

warning: missing documentation for a variant
  --> crates/library/surface/package_compiler_failure.rs:39:5
   |
39 |     Rust,
   |     ^^^^

warning: missing documentation for a variant
  --> crates/library/surface/package_compiler_failure.rs:40:5
   |
40 |     TypeScript,
   |     ^^^^^^^^^^

warning: missing documentation for a variant
  --> crates/library/surface/package_compiler_failure.rs:41:5
   |
41 |     Python,
   |     ^^^^^^

warning: missing documentation for a variant
  --> crates/library/surface/package_compiler_failure.rs:42:5
   |
42 |     Go,
   |     ^^

warning: missing documentation for a variant
  --> crates/library/surface/package_compiler_failure.rs:43:5
   |
43 |     Java,
   |     ^^^^

warning: missing documentation for a variant
  --> crates/library/surface/package_compiler_failure.rs:44:5
   |
44 |     CSharp,
   |     ^^^^^^

warning: missing documentation for a variant
  --> crates/library/surface/package_compiler_failure.rs:45:5
   |
45 |     Clang,
   |     ^^^^^

warning: missing documentation for a variant
  --> crates/library/surface/package_compiler_failure.rs:52:5
   |
52 |     Parse,
   |     ^^^^^

warning: missing documentation for a variant
  --> crates/library/surface/package_compiler_failure.rs:53:5
   |
53 |     LowerIr,
   |     ^^^^^^^

warning: missing documentation for a variant
  --> crates/library/surface/package_compiler_failure.rs:60:5
   |
60 |     Rustc,
   |     ^^^^^

warning: missing documentation for a variant
  --> crates/library/surface/package_compiler_failure.rs:61:5
   |
61 |     Clang,
   |     ^^^^^

warning: missing documentation for a variant
  --> crates/library/surface/package_compiler_failure.rs:62:5
   |
62 |     Python,
   |     ^^^^^^

warning: missing documentation for a variant
  --> crates/library/surface/package_compiler_failure.rs:63:5
   |
63 |     TypeScriptCompiler,
   |     ^^^^^^^^^^^^^^^^^^

warning: missing documentation for a variant
  --> crates/library/surface/package_compiler_failure.rs:64:5
   |
64 |     GoCompiler,
   |     ^^^^^^^^^^

warning: missing documentation for a variant
  --> crates/library/surface/package_compiler_failure.rs:65:5
   |
65 |     JavaCompiler,
   |     ^^^^^^^^^^^^

warning: missing documentation for a variant
  --> crates/library/surface/package_compiler_failure.rs:66:5
   |
66 |     CSharpCompiler,
   |     ^^^^^^^^^^^^^^

warning: missing documentation for a struct field
   --> crates/library/surface/package_compiler_failure.rs:127:9
    |
127 |         language: CompilerLanguageFact,
    |         ^^^^^^^^^^^^^^^^^^^^^^^^^^^^^^

warning: missing documentation for a struct field
   --> crates/library/surface/package_compiler_failure.rs:128:9
    |
128 |         stage: CompilerStageFact,
    |         ^^^^^^^^^^^^^^^^^^^^^^^^

warning: missing documentation for a struct field
   --> crates/library/surface/package_compiler_failure.rs:129:9
    |
129 |         selected: CompilerNativeToolFact,
    |         ^^^^^^^^^^^^^^^^^^^^^^^^^^^^^^^^

warning: missing documentation for a struct field
   --> crates/library/surface/package_compiler_failure.rs:130:9
    |
130 |         configured: Option<CompilerNativeToolFact>,
    |         ^^^^^^^^^^^^^^^^^^^^^^^^^^^^^^^^^^^^^^^^^^

warning: missing documentation for a struct field
   --> crates/library/surface/package_compiler_failure.rs:134:9
    |
134 |         language: CompilerLanguageFact,
    |         ^^^^^^^^^^^^^^^^^^^^^^^^^^^^^^

warning: missing documentation for a struct field
   --> crates/library/surface/package_compiler_failure.rs:135:9
    |
135 |         stage: CompilerStageFact,
    |         ^^^^^^^^^^^^^^^^^^^^^^^^

warning: missing documentation for a struct field
   --> crates/library/surface/package_compiler_failure.rs:136:9
    |
136 |         tool: CompilerNativeToolFact,
    |         ^^^^^^^^^^^^^^^^^^^^^^^^^^^^

warning: missing documentation for a struct field
   --> crates/library/surface/package_compiler_failure.rs:140:9
    |
140 |         language: CompilerLanguageFact,
    |         ^^^^^^^^^^^^^^^^^^^^^^^^^^^^^^

warning: missing documentation for a struct field
   --> crates/library/surface/package_compiler_failure.rs:141:9
    |
141 |         stage: CompilerStageFact,
    |         ^^^^^^^^^^^^^^^^^^^^^^^^

warning: missing documentation for a struct field
   --> crates/library/surface/package_compiler_failure.rs:142:9
    |
142 |         issue: CompilerToolIssue,
    |         ^^^^^^^^^^^^^^^^^^^^^^^^

warning: missing documentation for a struct field
   --> crates/library/surface/package_compiler_failure.rs:148:9
    |
148 |         phase: AuthorityPhaseFact,
    |         ^^^^^^^^^^^^^^^^^^^^^^^^^

warning: missing documentation for a struct field
   --> crates/library/surface/package_compiler_failure.rs:149:9
    |
149 |         class: AuthorityClassFact,
    |         ^^^^^^^^^^^^^^^^^^^^^^^^^

warning: missing documentation for a struct field
   --> crates/library/surface/package_compiler_failure.rs:150:9
    |
150 |         diagnostic: Option<CompilerAuthorityDiagnosticFacts>,
    |         ^^^^^^^^^^^^^^^^^^^^^^^^^^^^^^^^^^^^^^^^^^^^^^^^^^^^

warning: missing documentation for a variant
   --> crates/library/surface/package_compiler_failure.rs:335:5
    |
335 |     Open,
    |     ^^^^

warning: missing documentation for a variant
   --> crates/library/surface/package_compiler_failure.rs:336:5
    |
336 |     Parse,
    |     ^^^^^

warning: missing documentation for a variant
   --> crates/library/surface/package_compiler_failure.rs:337:5
    |
337 |     Resolve,
    |     ^^^^^^^

warning: missing documentation for a variant
   --> crates/library/surface/package_compiler_failure.rs:338:5
    |
338 |     TypeCheck,
    |     ^^^^^^^^^

warning: missing documentation for a variant
   --> crates/library/surface/package_compiler_failure.rs:339:5
    |
339 |     Project,
    |     ^^^^^^^

warning: missing documentation for a variant
   --> crates/library/surface/package_compiler_failure.rs:346:5
    |
346 |     Syntax,
    |     ^^^^^^

warning: missing documentation for a variant
   --> crates/library/surface/package_compiler_failure.rs:347:5
    |
347 |     Binding,
    |     ^^^^^^^

warning: missing documentation for a variant
   --> crates/library/surface/package_compiler_failure.rs:348:5
    |
348 |     SourceScope,
    |     ^^^^^^^^^^^

warning: missing documentation for a variant
   --> crates/library/surface/package_compiler_failure.rs:349:5
    |
349 |     Type,
    |     ^^^^

warning: missing documentation for a variant
   --> crates/library/surface/package_compiler_failure.rs:350:5
    |
350 |     Authority,
    |     ^^^^^^^^^

warning: missing documentation for a variant
   --> crates/library/surface/package_compiler_failure.rs:351:5
    |
351 |     Projection,
    |     ^^^^^^^^^^

warning: missing documentation for a struct field
   --> crates/library/surface/package_compiler_failure.rs:358:5
    |
358 |     pub retained_bytes: u32,
    |     ^^^^^^^^^^^^^^^^^^^^^^^

warning: missing documentation for a struct field
   --> crates/library/surface/package_compiler_failure.rs:359:5
    |
359 |     pub observed_bytes: u64,
    |     ^^^^^^^^^^^^^^^^^^^^^^^

warning: missing documentation for a struct field
   --> crates/library/surface/package_compiler_failure.rs:360:5
    |
360 |     pub truncated: bool,
    |     ^^^^^^^^^^^^^^^^^^^

warning: missing documentation for a variant
   --> crates/library/surface/package_compiler_failure.rs:368:5
    |
368 |     NoSupportedDeclaration,
    |     ^^^^^^^^^^^^^^^^^^^^^^

warning: missing documentation for a variant
   --> crates/library/surface/package_compiler_failure.rs:369:5
    |
369 |     ExtensionAtomUnbound {
    |     ^^^^^^^^^^^^^^^^^^^^

warning: missing documentation for a struct field
   --> crates/library/surface/package_compiler_failure.rs:370:9
    |
370 |         row: u32,
    |         ^^^^^^^^

warning: missing documentation for a struct field
   --> crates/library/surface/package_compiler_failure.rs:371:9
    |
371 |         provisional: u32,
    |         ^^^^^^^^^^^^^^^^

warning: missing documentation for a struct field
   --> crates/library/surface/package_compiler_failure.rs:372:9
    |
372 |         atom_count: u32,
    |         ^^^^^^^^^^^^^^^

warning: missing documentation for a variant
   --> crates/library/surface/package_compiler_failure.rs:374:5
    |
374 |     ExtensionTypeParametersUnbound {
    |     ^^^^^^^^^^^^^^^^^^^^^^^^^^^^^^

warning: missing documentation for a struct field
   --> crates/library/surface/package_compiler_failure.rs:375:9
    |
375 |         row: u32,
    |         ^^^^^^^^

warning: missing documentation for a struct field
   --> crates/library/surface/package_compiler_failure.rs:376:9
    |
376 |         start: u32,
    |         ^^^^^^^^^^

warning: missing documentation for a struct field
   --> crates/library/surface/package_compiler_failure.rs:377:9
    |
377 |         length: u32,
    |         ^^^^^^^^^^^

warning: missing documentation for a struct field
   --> crates/library/surface/package_compiler_failure.rs:378:9
    |
378 |         element_count: u32,
    |         ^^^^^^^^^^^^^^^^^^

warning: missing documentation for a variant
   --> crates/library/surface/package_compiler_failure.rs:380:5
    |
380 |     FactRejected {
    |     ^^^^^^^^^^^^

warning: missing documentation for a struct field
   --> crates/library/surface/package_compiler_failure.rs:381:9
    |
381 |         fact: u64,
    |         ^^^^^^^^^

warning: missing documentation for a struct field
   --> crates/library/surface/package_compiler_failure.rs:382:9
    |
382 |         name_len: u64,
    |         ^^^^^^^^^^^^^

warning: missing documentation for a struct field
   --> crates/library/surface/package_compiler_failure.rs:383:9
    |
383 |         cause: PackageProjectionAdmissionFaultFacts,
    |         ^^^^^^^^^^^^^^^^^^^^^^^^^^^^^^^^^^^^^^^^^^^

warning: missing documentation for a variant
   --> crates/library/surface/package_compiler_failure.rs:385:5
    |
385 |     RustFunction,
    |     ^^^^^^^^^^^^

warning: missing documentation for a variant
   --> crates/library/surface/package_compiler_failure.rs:386:5
    |
386 |     RustConstantType,
    |     ^^^^^^^^^^^^^^^^

warning: missing documentation for a variant
   --> crates/library/surface/package_compiler_failure.rs:387:5
    |
387 |     RustGenericParameter,
    |     ^^^^^^^^^^^^^^^^^^^^

warning: missing documentation for a variant
   --> crates/library/surface/package_compiler_failure.rs:388:5
    |
388 |     PythonAssignmentName,
    |     ^^^^^^^^^^^^^^^^^^^^

warning: missing documentation for a variant
   --> crates/library/surface/package_compiler_failure.rs:389:5
    |
389 |     PythonAssignmentValue,
    |     ^^^^^^^^^^^^^^^^^^^^^

warning: missing documentation for a variant
   --> crates/library/surface/package_compiler_failure.rs:390:5
    |
390 |     ClangDeclarationForm,
    |     ^^^^^^^^^^^^^^^^^^^^

warning: missing documentation for a variant
   --> crates/library/surface/package_compiler_failure.rs:391:5
    |
391 |     TypeScriptDeclarationForm,
    |     ^^^^^^^^^^^^^^^^^^^^^^^^^

warning: missing documentation for a variant
   --> crates/library/surface/package_compiler_failure.rs:392:5
    |
392 |     TypeScriptDeclarationType,
    |     ^^^^^^^^^^^^^^^^^^^^^^^^^

warning: missing documentation for a variant
   --> crates/library/surface/package_compiler_failure.rs:393:5
    |
393 |     CSharpDeclarationForm,
    |     ^^^^^^^^^^^^^^^^^^^^^

warning: missing documentation for a variant
   --> crates/library/surface/package_compiler_failure.rs:394:5
    |
394 |     CSharpDeclarationType,
    |     ^^^^^^^^^^^^^^^^^^^^^

warning: missing documentation for a variant
   --> crates/library/surface/package_compiler_failure.rs:395:5
    |
395 |     GoDeclarationForm,
    |     ^^^^^^^^^^^^^^^^^

warning: missing documentation for a variant
   --> crates/library/surface/package_compiler_failure.rs:396:5
    |
396 |     GoDeclarationType,
    |     ^^^^^^^^^^^^^^^^^

warning: missing documentation for a variant
   --> crates/library/surface/package_compiler_failure.rs:397:5
    |
397 |     JavaDeclarationForm,
    |     ^^^^^^^^^^^^^^^^^^^

warning: missing documentation for a variant
   --> crates/library/surface/package_compiler_failure.rs:398:5
    |
398 |     JavaProjection {
    |     ^^^^^^^^^^^^^^

warning: missing documentation for a struct field
   --> crates/library/surface/package_compiler_failure.rs:399:9
    |
399 |         fault: PackageLanguageProjectionFault,
    |         ^^^^^^^^^^^^^^^^^^^^^^^^^^^^^^^^^^^^^

warning: missing documentation for a variant
   --> crates/library/surface/package_compiler_failure.rs:401:5
    |
401 |     GoProjection {
    |     ^^^^^^^^^^^^

warning: missing documentation for a struct field
   --> crates/library/surface/package_compiler_failure.rs:402:9
    |
402 |         fault: PackageLanguageProjectionFault,
    |         ^^^^^^^^^^^^^^^^^^^^^^^^^^^^^^^^^^^^^

warning: missing documentation for a variant
   --> crates/library/surface/package_compiler_failure.rs:404:5
    |
404 |     TypeScriptProjection {
    |     ^^^^^^^^^^^^^^^^^^^^

warning: missing documentation for a struct field
   --> crates/library/surface/package_compiler_failure.rs:405:9
    |
405 |         fault: PackageTypeScriptProjectionFaultFacts,
    |         ^^^^^^^^^^^^^^^^^^^^^^^^^^^^^^^^^^^^^^^^^^^^

warning: missing documentation for a variant
   --> crates/library/surface/package_compiler_failure.rs:407:5
    |
407 |     PythonProjection {
    |     ^^^^^^^^^^^^^^^^

warning: missing documentation for a struct field
   --> crates/library/surface/package_compiler_failure.rs:408:9
    |
408 |         fault: PackageLanguageProjectionFault,
    |         ^^^^^^^^^^^^^^^^^^^^^^^^^^^^^^^^^^^^^

warning: missing documentation for a variant
   --> crates/library/surface/package_compiler_failure.rs:410:5
    |
410 |     CSharpProjection {
    |     ^^^^^^^^^^^^^^^^

warning: missing documentation for a struct field
   --> crates/library/surface/package_compiler_failure.rs:411:9
    |
411 |         fault: PackageLanguageProjectionFault,
    |         ^^^^^^^^^^^^^^^^^^^^^^^^^^^^^^^^^^^^^

warning: missing documentation for a variant
   --> crates/library/surface/package_compiler_failure.rs:413:5
    |
413 |     ClangProjection {
    |     ^^^^^^^^^^^^^^^

warning: missing documentation for a struct field
   --> crates/library/surface/package_compiler_failure.rs:414:9
    |
414 |         fault: PackageLanguageProjectionFault,
    |         ^^^^^^^^^^^^^^^^^^^^^^^^^^^^^^^^^^^^^

warning: missing documentation for a variant
   --> crates/library/surface/package_compiler_failure.rs:456:5
    |
456 |     ForeignKey {
    |     ^^^^^^^^^^

warning: missing documentation for a struct field
   --> crates/library/surface/package_compiler_failure.rs:457:9
    |
457 |         start: u32,
    |         ^^^^^^^^^^

warning: missing documentation for a struct field
   --> crates/library/surface/package_compiler_failure.rs:458:9
    |
458 |         end: u32,
    |         ^^^^^^^^

warning: missing documentation for a struct field
   --> crates/library/surface/package_compiler_failure.rs:459:9
    |
459 |         cause: PackageForeignKeyFaultFacts,
    |         ^^^^^^^^^^^^^^^^^^^^^^^^^^^^^^^^^^

warning: missing documentation for a variant
   --> crates/library/surface/package_compiler_failure.rs:461:5
    |
461 |     PackageLineage {
    |     ^^^^^^^^^^^^^^

warning: missing documentation for a struct field
   --> crates/library/surface/package_compiler_failure.rs:462:9
    |
462 |         start: u32,
    |         ^^^^^^^^^^

warning: missing documentation for a struct field
   --> crates/library/surface/package_compiler_failure.rs:463:9
    |
463 |         end: u32,
    |         ^^^^^^^^

warning: missing documentation for a struct field
   --> crates/library/surface/package_compiler_failure.rs:464:9
    |
464 |         cause: PackageLineageFaultFacts,
    |         ^^^^^^^^^^^^^^^^^^^^^^^^^^^^^^^

warning: missing documentation for a variant
   --> crates/library/surface/package_compiler_failure.rs:466:5
    |
466 |     CoordinateOverflow {
    |     ^^^^^^^^^^^^^^^^^^

warning: missing documentation for a struct field
   --> crates/library/surface/package_compiler_failure.rs:467:9
    |
467 |         value: u64,
    |         ^^^^^^^^^^

warning: missing documentation for a variant
   --> crates/library/surface/package_compiler_failure.rs:469:5
    |
469 |     MissingImportBinding {
    |     ^^^^^^^^^^^^^^^^^^^^

warning: missing documentation for a struct field
   --> crates/library/surface/package_compiler_failure.rs:470:9
    |
470 |         fact: u32,
    |         ^^^^^^^^^

warning: missing documentation for a variant
   --> crates/library/surface/package_compiler_failure.rs:526:5
    |
526 |     JavaImage,
    |     ^^^^^^^^^

warning: missing documentation for a variant
   --> crates/library/surface/package_compiler_failure.rs:527:5
    |
527 |     JavaDepth,
    |     ^^^^^^^^^

warning: missing documentation for a variant
   --> crates/library/surface/package_compiler_failure.rs:528:5
    |
528 |     JavaMalformedType,
    |     ^^^^^^^^^^^^^^^^^

warning: missing documentation for a variant
   --> crates/library/surface/package_compiler_failure.rs:529:5
    |
529 |     JavaPrimitive,
    |     ^^^^^^^^^^^^^

warning: missing documentation for a variant
   --> crates/library/surface/package_compiler_failure.rs:530:5
    |
530 |     JavaAtomUtf8,
    |     ^^^^^^^^^^^^

warning: missing documentation for a variant
   --> crates/library/surface/package_compiler_failure.rs:531:5
    |
531 |     JavaSourceUtf8,
    |     ^^^^^^^^^^^^^^

warning: missing documentation for a variant
   --> crates/library/surface/package_compiler_failure.rs:532:5
    |
532 |     JavaUtf16Offset,
    |     ^^^^^^^^^^^^^^^

warning: missing documentation for a variant
   --> crates/library/surface/package_compiler_failure.rs:533:5
    |
533 |     JavaUtf16Range,
    |     ^^^^^^^^^^^^^^

warning: missing documentation for a variant
   --> crates/library/surface/package_compiler_failure.rs:534:5
    |
534 |     JavaOrphanOwner,
    |     ^^^^^^^^^^^^^^^

warning: missing documentation for a variant
   --> crates/library/surface/package_compiler_failure.rs:535:5
    |
535 |     JavaForeignKey,
    |     ^^^^^^^^^^^^^^

warning: missing documentation for a variant
   --> crates/library/surface/package_compiler_failure.rs:536:5
    |
536 |     JavaSiblingCapacity,
    |     ^^^^^^^^^^^^^^^^^^^

warning: missing documentation for a variant
   --> crates/library/surface/package_compiler_failure.rs:537:5
    |
537 |     JavaIndexCapacity,
    |     ^^^^^^^^^^^^^^^^^

warning: missing documentation for a variant
   --> crates/library/surface/package_compiler_failure.rs:538:5
    |
538 |     GoImage,
    |     ^^^^^^^

warning: missing documentation for a variant
   --> crates/library/surface/package_compiler_failure.rs:539:5
    |
539 |     GoIndexCapacity,
    |     ^^^^^^^^^^^^^^^

warning: missing documentation for a variant
   --> crates/library/surface/package_compiler_failure.rs:540:5
    |
540 |     GoDepth,
    |     ^^^^^^^

warning: missing documentation for a variant
   --> crates/library/surface/package_compiler_failure.rs:541:5
    |
541 |     GoVariadicWithoutParameter,
    |     ^^^^^^^^^^^^^^^^^^^^^^^^^^

warning: missing documentation for a variant
   --> crates/library/surface/package_compiler_failure.rs:542:5
    |
542 |     GoAnchor,
    |     ^^^^^^^^

warning: missing documentation for a variant
   --> crates/library/surface/package_compiler_failure.rs:543:5
    |
543 |     GoListCapacity,
    |     ^^^^^^^^^^^^^^

warning: missing documentation for a variant
   --> crates/library/surface/package_compiler_failure.rs:544:5
    |
544 |     GoOrphanTarget,
    |     ^^^^^^^^^^^^^^

warning: missing documentation for a variant
   --> crates/library/surface/package_compiler_failure.rs:545:5
    |
545 |     GoForeignKey,
    |     ^^^^^^^^^^^^

warning: missing documentation for a variant
   --> crates/library/surface/package_compiler_failure.rs:546:5
    |
546 |     GoPackageLineage,
    |     ^^^^^^^^^^^^^^^^

warning: missing documentation for a variant
   --> crates/library/surface/package_compiler_failure.rs:547:5
    |
547 |     GoAtomUtf8,
    |     ^^^^^^^^^^

warning: missing documentation for a variant
   --> crates/library/surface/package_compiler_failure.rs:548:5
    |
548 |     GoRelativeSpan,
    |     ^^^^^^^^^^^^^^

warning: missing documentation for a variant
   --> crates/library/surface/package_compiler_failure.rs:549:5
    |
549 |     GoOrphanOwner,
    |     ^^^^^^^^^^^^^

warning: missing documentation for a variant
   --> crates/library/surface/package_compiler_failure.rs:550:5
    |
550 |     GoAdmission,
    |     ^^^^^^^^^^^

warning: missing documentation for a variant
   --> crates/library/surface/package_compiler_failure.rs:551:5
    |
551 |     PythonForeignSpellingUtf8,
    |     ^^^^^^^^^^^^^^^^^^^^^^^^^

warning: missing documentation for a variant
   --> crates/library/surface/package_compiler_failure.rs:552:5
    |
552 |     PythonForeignKey,
    |     ^^^^^^^^^^^^^^^^

warning: missing documentation for a variant
   --> crates/library/surface/package_compiler_failure.rs:553:5
    |
553 |     PythonPackageLineage,
    |     ^^^^^^^^^^^^^^^^^^^^

warning: missing documentation for a variant
   --> crates/library/surface/package_compiler_failure.rs:554:5
    |
554 |     PythonContainment,
    |     ^^^^^^^^^^^^^^^^^

warning: missing documentation for a variant
   --> crates/library/surface/package_compiler_failure.rs:555:5
    |
555 |     CSharpImage,
    |     ^^^^^^^^^^^

warning: missing documentation for a variant
   --> crates/library/surface/package_compiler_failure.rs:556:5
    |
556 |     CSharpDepth,
    |     ^^^^^^^^^^^

warning: missing documentation for a variant
   --> crates/library/surface/package_compiler_failure.rs:557:5
    |
557 |     CSharpNameSpan,
    |     ^^^^^^^^^^^^^^

warning: missing documentation for a variant
   --> crates/library/surface/package_compiler_failure.rs:558:5
    |
558 |     CSharpOwnerOrder,
    |     ^^^^^^^^^^^^^^^^

warning: missing documentation for a variant
   --> crates/library/surface/package_compiler_failure.rs:559:5
    |
559 |     CSharpAnchor,
    |     ^^^^^^^^^^^^

warning: missing documentation for a variant
   --> crates/library/surface/package_compiler_failure.rs:560:5
    |
560 |     CSharpForeign,
    |     ^^^^^^^^^^^^^

warning: missing documentation for a variant
   --> crates/library/surface/package_compiler_failure.rs:561:5
    |
561 |     CSharpAttributeCapacity,
    |     ^^^^^^^^^^^^^^^^^^^^^^^

warning: missing documentation for a variant
   --> crates/library/surface/package_compiler_failure.rs:562:5
    |
562 |     CSharpIndexCapacity,
    |     ^^^^^^^^^^^^^^^^^^^

warning: missing documentation for a variant
   --> crates/library/surface/package_compiler_failure.rs:563:5
    |
563 |     CSharpHeterogeneousArrayRank,
    |     ^^^^^^^^^^^^^^^^^^^^^^^^^^^^

warning: missing documentation for a variant
   --> crates/library/surface/package_compiler_failure.rs:564:5
    |
564 |     CSharpResultName,
    |     ^^^^^^^^^^^^^^^^

warning: missing documentation for a variant
   --> crates/library/surface/package_compiler_failure.rs:565:5
    |
565 |     CSharpAdmission,
    |     ^^^^^^^^^^^^^^^

warning: missing documentation for a variant
   --> crates/library/surface/package_compiler_failure.rs:566:5
    |
566 |     ClangSpan,
    |     ^^^^^^^^^

warning: missing documentation for a variant
   --> crates/library/surface/package_compiler_failure.rs:567:5
    |
567 |     ClangNameless,
    |     ^^^^^^^^^^^^^

warning: missing documentation for a variant
   --> crates/library/surface/package_compiler_failure.rs:568:5
    |
568 |     ClangAnchor,
    |     ^^^^^^^^^^^

warning: missing documentation for a variant
   --> crates/library/surface/package_compiler_failure.rs:569:5
    |
569 |     ClangIndexCapacity,
    |     ^^^^^^^^^^^^^^^^^^

warning: missing documentation for a variant
   --> crates/library/surface/package_compiler_failure.rs:570:5
    |
570 |     ClangForeignOverride,
    |     ^^^^^^^^^^^^^^^^^^^^

warning: missing documentation for a variant
   --> crates/library/surface/package_compiler_failure.rs:571:5
    |
571 |     ClangForeignReference,
    |     ^^^^^^^^^^^^^^^^^^^^^

warning: missing documentation for a variant
   --> crates/library/surface/package_compiler_failure.rs:572:5
    |
572 |     ClangIllegalQualifierTarget,
    |     ^^^^^^^^^^^^^^^^^^^^^^^^^^^

warning: missing documentation for a variant
   --> crates/library/surface/package_compiler_failure.rs:573:5
    |
573 |     ClangIllegalMemberPointerOwner,
    |     ^^^^^^^^^^^^^^^^^^^^^^^^^^^^^^

warning: missing documentation for a variant
   --> crates/library/surface/package_compiler_failure.rs:641:5
    |
641 |     Tag {
    |     ^^^

warning: missing documentation for a struct field
   --> crates/library/surface/package_compiler_failure.rs:642:9
    |
642 |         actual: u32,
    |         ^^^^^^^^^^^

warning: missing documentation for a variant
   --> crates/library/surface/package_compiler_failure.rs:644:5
    |
644 |     ReservedPayload {
    |     ^^^^^^^^^^^^^^^

warning: missing documentation for a struct field
   --> crates/library/surface/package_compiler_failure.rs:645:9
    |
645 |         tag: u8,
    |         ^^^^^^^

warning: missing documentation for a struct field
   --> crates/library/surface/package_compiler_failure.rs:646:9
    |
646 |         payload0: u32,
    |         ^^^^^^^^^^^^^

warning: missing documentation for a struct field
   --> crates/library/surface/package_compiler_failure.rs:647:9
    |
647 |         payload1: u32,
    |         ^^^^^^^^^^^^^

warning: missing documentation for a variant
   --> crates/library/surface/package_compiler_failure.rs:649:5
    |
649 |     ArityOverflow {
    |     ^^^^^^^^^^^^^

warning: missing documentation for a struct field
   --> crates/library/surface/package_compiler_failure.rs:650:9
    |
650 |         tag: u8,
    |         ^^^^^^^

warning: missing documentation for a struct field
   --> crates/library/surface/package_compiler_failure.rs:651:9
    |
651 |         payload0: u32,
    |         ^^^^^^^^^^^^^

warning: missing documentation for a struct field
   --> crates/library/surface/package_compiler_failure.rs:652:9
    |
652 |         payload1: u32,
    |         ^^^^^^^^^^^^^

warning: missing documentation for a variant
   --> crates/library/surface/package_compiler_failure.rs:654:5
    |
654 |     Arity {
    |     ^^^^^

warning: missing documentation for a struct field
   --> crates/library/surface/package_compiler_failure.rs:655:9
    |
655 |         tag: u8,
    |         ^^^^^^^

warning: missing documentation for a struct field
   --> crates/library/surface/package_compiler_failure.rs:656:9
    |
656 |         expected: u32,
    |         ^^^^^^^^^^^^^

warning: missing documentation for a struct field
   --> crates/library/surface/package_compiler_failure.rs:657:9
    |
657 |         actual: u32,
    |         ^^^^^^^^^^^

warning: missing documentation for a variant
   --> crates/library/surface/package_compiler_failure.rs:676:5
    |
676 |     Tag {
    |     ^^^

warning: missing documentation for a struct field
   --> crates/library/surface/package_compiler_failure.rs:677:9
    |
677 |         actual: u8,
    |         ^^^^^^^^^^

warning: missing documentation for a variant
   --> crates/library/surface/package_compiler_failure.rs:679:5
    |
679 |     ReservedCell {
    |     ^^^^^^^^^^^^

warning: missing documentation for a struct field
   --> crates/library/surface/package_compiler_failure.rs:680:9
    |
680 |         tag: PackageTypeTagFact,
    |         ^^^^^^^^^^^^^^^^^^^^^^^

warning: missing documentation for a struct field
   --> crates/library/surface/package_compiler_failure.rs:681:9
    |
681 |         cell: PackageTypeCellFact,
    |         ^^^^^^^^^^^^^^^^^^^^^^^^^

warning: missing documentation for a struct field
   --> crates/library/surface/package_compiler_failure.rs:682:9
    |
682 |         actual: u32,
    |         ^^^^^^^^^^^

warning: missing documentation for a variant
   --> crates/library/surface/package_compiler_failure.rs:684:5
    |
684 |     MissingCell {
    |     ^^^^^^^^^^^

warning: missing documentation for a struct field
   --> crates/library/surface/package_compiler_failure.rs:685:9
    |
685 |         tag: PackageTypeTagFact,
    |         ^^^^^^^^^^^^^^^^^^^^^^^

warning: missing documentation for a struct field
   --> crates/library/surface/package_compiler_failure.rs:686:9
    |
686 |         cell: PackageTypeCellFact,
    |         ^^^^^^^^^^^^^^^^^^^^^^^^^

warning: missing documentation for a variant
   --> crates/library/surface/package_compiler_failure.rs:688:5
    |
688 |     Reason {
    |     ^^^^^^

warning: missing documentation for a struct field
   --> crates/library/surface/package_compiler_failure.rs:689:9
    |
689 |         actual: u32,
    |         ^^^^^^^^^^^

warning: missing documentation for a variant
   --> crates/library/surface/package_compiler_failure.rs:691:5
    |
691 |     PrimitiveShape {
    |     ^^^^^^^^^^^^^^

warning: missing documentation for a struct field
   --> crates/library/surface/package_compiler_failure.rs:692:9
    |
692 |         actual: u32,
    |         ^^^^^^^^^^^

warning: missing documentation for a variant
   --> crates/library/surface/package_compiler_failure.rs:694:5
    |
694 |     CvQualifiers {
    |     ^^^^^^^^^^^^

warning: missing documentation for a struct field
   --> crates/library/surface/package_compiler_failure.rs:695:9
    |
695 |         actual: u32,
    |         ^^^^^^^^^^^

warning: missing documentation for a variant
   --> crates/library/surface/package_compiler_failure.rs:697:5
    |
697 |     Width {
    |     ^^^^^

warning: missing documentation for a struct field
   --> crates/library/surface/package_compiler_failure.rs:698:9
    |
698 |         actual: u32,
    |         ^^^^^^^^^^^

warning: missing documentation for a variant
   --> crates/library/surface/package_compiler_failure.rs:700:5
    |
700 |     ChildCount {
    |     ^^^^^^^^^^

warning: missing documentation for a struct field
   --> crates/library/surface/package_compiler_failure.rs:701:9
    |
701 |         tag: PackageTypeTagFact,
    |         ^^^^^^^^^^^^^^^^^^^^^^^

warning: missing documentation for a struct field
   --> crates/library/surface/package_compiler_failure.rs:702:9
    |
702 |         min: u32,
    |         ^^^^^^^^

warning: missing documentation for a struct field
   --> crates/library/surface/package_compiler_failure.rs:703:9
    |
703 |         max: u32,
    |         ^^^^^^^^

warning: missing documentation for a struct field
   --> crates/library/surface/package_compiler_failure.rs:704:9
    |
704 |         actual: u32,
    |         ^^^^^^^^^^^

warning: missing documentation for a variant
   --> crates/library/surface/package_compiler_failure.rs:706:5
    |
706 |     ChildNameForbidden {
    |     ^^^^^^^^^^^^^^^^^^

warning: missing documentation for a struct field
   --> crates/library/surface/package_compiler_failure.rs:707:9
    |
707 |         tag: PackageTypeTagFact,
    |         ^^^^^^^^^^^^^^^^^^^^^^^

warning: missing documentation for a struct field
   --> crates/library/surface/package_compiler_failure.rs:708:9
    |
708 |         position: u32,
    |         ^^^^^^^^^^^^^

warning: missing documentation for a variant
   --> crates/library/surface/package_compiler_failure.rs:710:5
    |
710 |     ChildNameRequired {
    |     ^^^^^^^^^^^^^^^^^

warning: missing documentation for a struct field
   --> crates/library/surface/package_compiler_failure.rs:711:9
    |
711 |         tag: PackageTypeTagFact,
    |         ^^^^^^^^^^^^^^^^^^^^^^^

warning: missing documentation for a struct field
   --> crates/library/surface/package_compiler_failure.rs:712:9
    |
712 |         position: u32,
    |         ^^^^^^^^^^^^^

warning: missing documentation for a variant
   --> crates/library/surface/package_compiler_failure.rs:714:5
    |
714 |     ChildFlagsForbidden {
    |     ^^^^^^^^^^^^^^^^^^^

warning: missing documentation for a struct field
   --> crates/library/surface/package_compiler_failure.rs:715:9
    |
715 |         tag: PackageTypeTagFact,
    |         ^^^^^^^^^^^^^^^^^^^^^^^

warning: missing documentation for a struct field
   --> crates/library/surface/package_compiler_failure.rs:716:9
    |
716 |         position: u32,
    |         ^^^^^^^^^^^^^

warning: missing documentation for a struct field
   --> crates/library/surface/package_compiler_failure.rs:717:9
    |
717 |         actual: u8,
    |         ^^^^^^^^^^

warning: missing documentation for a variant
   --> crates/library/surface/package_compiler_failure.rs:719:5
    |
719 |     VariadicParameter {
    |     ^^^^^^^^^^^^^^^^^

warning: missing documentation for a struct field
   --> crates/library/surface/package_compiler_failure.rs:720:9
    |
720 |         position: u32,
    |         ^^^^^^^^^^^^^

warning: missing documentation for a struct field
   --> crates/library/surface/package_compiler_failure.rs:721:9
    |
721 |         actual: u8,
    |         ^^^^^^^^^^

warning: missing documentation for a variant
   --> crates/library/surface/package_compiler_failure.rs:723:5
    |
723 |     ChildTextForbidden {
    |     ^^^^^^^^^^^^^^^^^^

warning: missing documentation for a struct field
   --> crates/library/surface/package_compiler_failure.rs:724:9
    |
724 |         tag: PackageTypeTagFact,
    |         ^^^^^^^^^^^^^^^^^^^^^^^

warning: missing documentation for a struct field
   --> crates/library/surface/package_compiler_failure.rs:725:9
    |
725 |         position: u32,
    |         ^^^^^^^^^^^^^

warning: missing documentation for a variant
   --> crates/library/surface/package_compiler_failure.rs:753:5
    |
753 |     SelfType,
    |     ^^^^^^^^

warning: missing documentation for a variant
   --> crates/library/surface/package_compiler_failure.rs:754:5
    |
754 |     Primitive,
    |     ^^^^^^^^^

warning: missing documentation for a variant
   --> crates/library/surface/package_compiler_failure.rs:755:5
    |
755 |     Tuple,
    |     ^^^^^

warning: missing documentation for a variant
   --> crates/library/surface/package_compiler_failure.rs:756:5
    |
756 |     Slice,
    |     ^^^^^

warning: missing documentation for a variant
   --> crates/library/surface/package_compiler_failure.rs:757:5
    |
757 |     Array,
    |     ^^^^^

warning: missing documentation for a variant
   --> crates/library/surface/package_compiler_failure.rs:758:5
    |
758 |     Union,
    |     ^^^^^

warning: missing documentation for a variant
   --> crates/library/surface/package_compiler_failure.rs:759:5
    |
759 |     Intersection,
    |     ^^^^^^^^^^^^

warning: missing documentation for a variant
   --> crates/library/surface/package_compiler_failure.rs:760:5
    |
760 |     Never,
    |     ^^^^^

warning: missing documentation for a variant
   --> crates/library/surface/package_compiler_failure.rs:761:5
    |
761 |     Any,
    |     ^^^

warning: missing documentation for a variant
   --> crates/library/surface/package_compiler_failure.rs:762:5
    |
762 |     Unknown,
    |     ^^^^^^^

warning: missing documentation for a variant
   --> crates/library/surface/package_compiler_failure.rs:763:5
    |
763 |     Nominal,
    |     ^^^^^^^

warning: missing documentation for a variant
   --> crates/library/surface/package_compiler_failure.rs:764:5
    |
764 |     Apply,
    |     ^^^^^

warning: missing documentation for a variant
   --> crates/library/surface/package_compiler_failure.rs:765:5
    |
765 |     TypeVar,
    |     ^^^^^^^

warning: missing documentation for a variant
   --> crates/library/surface/package_compiler_failure.rs:766:5
    |
766 |     Wildcard,
    |     ^^^^^^^^

warning: missing documentation for a variant
   --> crates/library/surface/package_compiler_failure.rs:767:5
    |
767 |     FunctionPointer,
    |     ^^^^^^^^^^^^^^^

warning: missing documentation for a variant
   --> crates/library/surface/package_compiler_failure.rs:768:5
    |
768 |     Annotated,
    |     ^^^^^^^^^

warning: missing documentation for a variant
   --> crates/library/surface/package_compiler_failure.rs:769:5
    |
769 |     Conditional,
    |     ^^^^^^^^^^^

warning: missing documentation for a variant
   --> crates/library/surface/package_compiler_failure.rs:770:5
    |
770 |     Mapped,
    |     ^^^^^^

warning: missing documentation for a variant
   --> crates/library/surface/package_compiler_failure.rs:771:5
    |
771 |     TemplateLiteral,
    |     ^^^^^^^^^^^^^^^

warning: missing documentation for a variant
   --> crates/library/surface/package_compiler_failure.rs:772:5
    |
772 |     AnonymousRecord,
    |     ^^^^^^^^^^^^^^^

warning: missing documentation for a variant
   --> crates/library/surface/package_compiler_failure.rs:773:5
    |
773 |     ImplTrait,
    |     ^^^^^^^^^

warning: missing documentation for a variant
   --> crates/library/surface/package_compiler_failure.rs:774:5
    |
774 |     DynTrait,
    |     ^^^^^^^^

warning: missing documentation for a variant
   --> crates/library/surface/package_compiler_failure.rs:775:5
    |
775 |     Inferred,
    |     ^^^^^^^^

warning: missing documentation for a variant
   --> crates/library/surface/package_compiler_failure.rs:776:5
    |
776 |     QualifiedPath,
    |     ^^^^^^^^^^^^^

warning: missing documentation for a variant
   --> crates/library/surface/package_compiler_failure.rs:777:5
    |
777 |     Map,
    |     ^^^

warning: missing documentation for a variant
   --> crates/library/surface/package_compiler_failure.rs:778:5
    |
778 |     Channel,
    |     ^^^^^^^

warning: missing documentation for a variant
   --> crates/library/surface/package_compiler_failure.rs:779:5
    |
779 |     ArraySequence,
    |     ^^^^^^^^^^^^^

warning: missing documentation for a variant
   --> crates/library/surface/package_compiler_failure.rs:780:5
    |
780 |     ArrayRectangular,
    |     ^^^^^^^^^^^^^^^^

warning: missing documentation for a variant
   --> crates/library/surface/package_compiler_failure.rs:781:5
    |
781 |     ArrayFixed,
    |     ^^^^^^^^^^

warning: missing documentation for a variant
   --> crates/library/surface/package_compiler_failure.rs:782:5
    |
782 |     ArrayConstExpression,
    |     ^^^^^^^^^^^^^^^^^^^^

warning: missing documentation for a variant
   --> crates/library/surface/package_compiler_failure.rs:783:5
    |
783 |     ArrayIncomplete,
    |     ^^^^^^^^^^^^^^^

warning: missing documentation for a variant
   --> crates/library/surface/package_compiler_failure.rs:784:5
    |
784 |     CQualified,
    |     ^^^^^^^^^^

warning: missing documentation for a variant
   --> crates/library/surface/package_compiler_failure.rs:791:5
    |
791 |     Payload0,
    |     ^^^^^^^^

warning: missing documentation for a variant
   --> crates/library/surface/package_compiler_failure.rs:792:5
    |
792 |     Payload1,
    |     ^^^^^^^^

warning: missing documentation for a variant
   --> crates/library/surface/package_compiler_failure.rs:793:5
    |
793 |     Text,
    |     ^^^^

warning: missing documentation for a variant
   --> crates/library/surface/package_compiler_failure.rs:794:5
    |
794 |     Text2,
    |     ^^^^^

warning: missing documentation for a variant
   --> crates/library/surface/package_compiler_failure.rs:795:5
    |
795 |     Nominal,
    |     ^^^^^^^

warning: missing documentation for a variant
   --> crates/library/surface/package_compiler_failure.rs:803:5
    |
803 |     EmptyName,
    |     ^^^^^^^^^

warning: missing documentation for a variant
   --> crates/library/surface/package_compiler_failure.rs:804:5
    |
804 |     Capacity,
    |     ^^^^^^^^

warning: missing documentation for a variant
   --> crates/library/surface/package_compiler_failure.rs:805:5
    |
805 |     ChildCapacity,
    |     ^^^^^^^^^^^^^

warning: missing documentation for a variant
   --> crates/library/surface/package_compiler_failure.rs:806:5
    |
806 |     ProductChildPoolCapacity {
    |     ^^^^^^^^^^^^^^^^^^^^^^^^

warning: missing documentation for a struct field
   --> crates/library/surface/package_compiler_failure.rs:807:9
    |
807 |         used: u64,
    |         ^^^^^^^^^

warning: missing documentation for a struct field
   --> crates/library/surface/package_compiler_failure.rs:808:9
    |
808 |         requested: u64,
    |         ^^^^^^^^^^^^^^

warning: missing documentation for a struct field
   --> crates/library/surface/package_compiler_failure.rs:809:9
    |
809 |         capacity: u64,
    |         ^^^^^^^^^^^^^

warning: missing documentation for a variant
   --> crates/library/surface/package_compiler_failure.rs:811:5
    |
811 |     Constructor {
    |     ^^^^^^^^^^^

warning: missing documentation for a struct field
   --> crates/library/surface/package_compiler_failure.rs:812:9
    |
812 |         cause: PackageProjectionConstructorFaultFacts,
    |         ^^^^^^^^^^^^^^^^^^^^^^^^^^^^^^^^^^^^^^^^^^^^^

warning: missing documentation for a variant
   --> crates/library/surface/package_compiler_failure.rs:814:5
    |
814 |     ChildRole {
    |     ^^^^^^^^^

warning: missing documentation for a struct field
   --> crates/library/surface/package_compiler_failure.rs:815:9
    |
815 |         position: u64,
    |         ^^^^^^^^^^^^^

warning: missing documentation for a struct field
   --> crates/library/surface/package_compiler_failure.rs:816:9
    |
816 |         expected: u8,
    |         ^^^^^^^^^^^^

warning: missing documentation for a struct field
   --> crates/library/surface/package_compiler_failure.rs:817:9
    |
817 |         actual: u8,
    |         ^^^^^^^^^^

warning: missing documentation for a variant
   --> crates/library/surface/package_compiler_failure.rs:819:5
    |
819 |     ChildTarget {
    |     ^^^^^^^^^^^

warning: missing documentation for a struct field
   --> crates/library/surface/package_compiler_failure.rs:820:9
    |
820 |         position: u64,
    |         ^^^^^^^^^^^^^

warning: missing documentation for a struct field
   --> crates/library/surface/package_compiler_failure.rs:821:9
    |
821 |         target: u32,
    |         ^^^^^^^^^^^

warning: missing documentation for a struct field
   --> crates/library/surface/package_compiler_failure.rs:822:9
    |
822 |         fact_count: u64,
    |         ^^^^^^^^^^^^^^^

warning: missing documentation for a variant
   --> crates/library/surface/package_compiler_failure.rs:824:5
    |
824 |     TypeRecord {
    |     ^^^^^^^^^^

warning: missing documentation for a struct field
   --> crates/library/surface/package_compiler_failure.rs:825:9
    |
825 |         cause: PackageProjectionSemanticTypeFaultFacts,
    |         ^^^^^^^^^^^^^^^^^^^^^^^^^^^^^^^^^^^^^^^^^^^^^^

warning: missing documentation for a variant
   --> crates/library/surface/package_compiler_failure.rs:827:5
    |
827 |     TypeChild {
    |     ^^^^^^^^^

warning: missing documentation for a struct field
   --> crates/library/surface/package_compiler_failure.rs:828:9
    |
828 |         position: u64,
    |         ^^^^^^^^^^^^^

warning: missing documentation for a struct field
   --> crates/library/surface/package_compiler_failure.rs:829:9
    |
829 |         cause: PackageProjectionSemanticTypeFaultFacts,
    |         ^^^^^^^^^^^^^^^^^^^^^^^^^^^^^^^^^^^^^^^^^^^^^^

warning: missing documentation for a variant
   --> crates/library/surface/package_compiler_failure.rs:831:5
    |
831 |     TypeChildTarget {
    |     ^^^^^^^^^^^^^^^

warning: missing documentation for a struct field
   --> crates/library/surface/package_compiler_failure.rs:832:9
    |
832 |         position: u64,
    |         ^^^^^^^^^^^^^

warning: missing documentation for a struct field
   --> crates/library/surface/package_compiler_failure.rs:833:9
    |
833 |         target: u32,
    |         ^^^^^^^^^^^

warning: missing documentation for a struct field
   --> crates/library/surface/package_compiler_failure.rs:834:9
    |
834 |         fact_count: u64,
    |         ^^^^^^^^^^^^^^^

warning: missing documentation for a variant
   --> crates/library/surface/package_compiler_failure.rs:836:5
    |
836 |     TypeChildCapacity,
    |     ^^^^^^^^^^^^^^^^^

warning: missing documentation for a variant
   --> crates/library/surface/package_compiler_failure.rs:837:5
    |
837 |     TypeChildPoolCapacity {
    |     ^^^^^^^^^^^^^^^^^^^^^

warning: missing documentation for a struct field
   --> crates/library/surface/package_compiler_failure.rs:838:9
    |
838 |         lane: u8,
    |         ^^^^^^^^

warning: missing documentation for a struct field
   --> crates/library/surface/package_compiler_failure.rs:839:9
    |
839 |         used: u64,
    |         ^^^^^^^^^

warning: missing documentation for a struct field
   --> crates/library/surface/package_compiler_failure.rs:840:9
    |
840 |         requested: u64,
    |         ^^^^^^^^^^^^^^

warning: missing documentation for a struct field
   --> crates/library/surface/package_compiler_failure.rs:841:9
    |
841 |         capacity: u64,
    |         ^^^^^^^^^^^^^

warning: missing documentation for a variant
   --> crates/library/surface/package_compiler_failure.rs:843:5
    |
843 |     TypeRowCapacity,
    |     ^^^^^^^^^^^^^^^

warning: missing documentation for a variant
   --> crates/library/surface/package_compiler_failure.rs:844:5
    |
844 |     ComputedRowCapacity,
    |     ^^^^^^^^^^^^^^^^^^^

warning: missing documentation for a variant
   --> crates/library/surface/package_compiler_failure.rs:845:5
    |
845 |     OccurrenceOwner {
    |     ^^^^^^^^^^^^^^^

warning: missing documentation for a struct field
   --> crates/library/surface/package_compiler_failure.rs:846:9
    |
846 |         owner: u32,
    |         ^^^^^^^^^^

warning: missing documentation for a struct field
   --> crates/library/surface/package_compiler_failure.rs:847:9
    |
847 |         fact_count: u64,
    |         ^^^^^^^^^^^^^^^

warning: missing documentation for a variant
   --> crates/library/surface/package_compiler_failure.rs:849:5
    |
849 |     OccurrenceCapacity,
    |     ^^^^^^^^^^^^^^^^^^

warning: missing documentation for a variant
   --> crates/library/surface/package_compiler_failure.rs:850:5
    |
850 |     DocOwner {
    |     ^^^^^^^^

warning: missing documentation for a struct field
   --> crates/library/surface/package_compiler_failure.rs:851:9
    |
851 |         owner: u32,
    |         ^^^^^^^^^^

warning: missing documentation for a struct field
   --> crates/library/surface/package_compiler_failure.rs:852:9
    |
852 |         fact_count: u64,
    |         ^^^^^^^^^^^^^^^

warning: missing documentation for a variant
   --> crates/library/surface/package_compiler_failure.rs:854:5
    |
854 |     DocCapacity,
    |     ^^^^^^^^^^^

warning: missing documentation for a variant
   --> crates/library/surface/package_compiler_failure.rs:855:5
    |
855 |     ExtensionAtomCapacity,
    |     ^^^^^^^^^^^^^^^^^^^^^

warning: missing documentation for a variant
   --> crates/library/surface/package_compiler_failure.rs:856:5
    |
856 |     TypeParameterCapacity,
    |     ^^^^^^^^^^^^^^^^^^^^^

warning: missing documentation for a variant
   --> crates/library/surface/package_compiler_failure.rs:857:5
    |
857 |     TypeParameterBoundCapacity {
    |     ^^^^^^^^^^^^^^^^^^^^^^^^^^

warning: missing documentation for a struct field
   --> crates/library/surface/package_compiler_failure.rs:858:9
    |
858 |         requested: u64,
    |         ^^^^^^^^^^^^^^

warning: missing documentation for a struct field
   --> crates/library/surface/package_compiler_failure.rs:859:9
    |
859 |         available: u64,
    |         ^^^^^^^^^^^^^^

warning: missing documentation for a variant
   --> crates/library/surface/package_compiler_failure.rs:861:5
    |
861 |     RefListCapacity,
    |     ^^^^^^^^^^^^^^^

warning: missing documentation for a variant
   --> crates/library/surface/package_compiler_failure.rs:862:5
    |
862 |     RefListElements,
    |     ^^^^^^^^^^^^^^^

warning: missing documentation for a variant
   --> crates/library/surface/package_compiler_failure.rs:863:5
    |
863 |     RefTarget {
    |     ^^^^^^^^^

warning: missing documentation for a struct field
   --> crates/library/surface/package_compiler_failure.rs:864:9
    |
864 |         lane: u8,
    |         ^^^^^^^^

warning: missing documentation for a struct field
   --> crates/library/surface/package_compiler_failure.rs:865:9
    |
865 |         raw: u32,
    |         ^^^^^^^^

warning: missing documentation for a struct field
   --> crates/library/surface/package_compiler_failure.rs:866:9
    |
866 |         fact_count: u64,
    |         ^^^^^^^^^^^^^^^

warning: missing documentation for a variant
   --> crates/library/surface/package_compiler_failure.rs:868:5
    |
868 |     SourceSpan {
    |     ^^^^^^^^^^

warning: missing documentation for a struct field
   --> crates/library/surface/package_compiler_failure.rs:869:9
    |
869 |         entity: u32,
    |         ^^^^^^^^^^^

warning: missing documentation for a struct field
   --> crates/library/surface/package_compiler_failure.rs:870:9
    |
870 |         start: u32,
    |         ^^^^^^^^^^

warning: missing documentation for a struct field
   --> crates/library/surface/package_compiler_failure.rs:871:9
    |
871 |         end: u32,
    |         ^^^^^^^^

warning: missing documentation for a struct field
   --> crates/library/surface/package_compiler_failure.rs:872:9
    |
872 |         source_len: u32,
    |         ^^^^^^^^^^^^^^^

warning: missing documentation for a variant
   --> crates/library/surface/package_compiler_failure.rs:874:5
    |
874 |     ConflictingSourceSpan {
    |     ^^^^^^^^^^^^^^^^^^^^^

warning: missing documentation for a struct field
   --> crates/library/surface/package_compiler_failure.rs:875:9
    |
875 |         entity: u32,
    |         ^^^^^^^^^^^

warning: missing documentation for a struct field
   --> crates/library/surface/package_compiler_failure.rs:876:9
    |
876 |         existing_start: u32,
    |         ^^^^^^^^^^^^^^^^^^^

warning: missing documentation for a struct field
   --> crates/library/surface/package_compiler_failure.rs:877:9
    |
877 |         existing_end: u32,
    |         ^^^^^^^^^^^^^^^^^

warning: missing documentation for a struct field
   --> crates/library/surface/package_compiler_failure.rs:878:9
    |
878 |         requested_start: u32,
    |         ^^^^^^^^^^^^^^^^^^^^

warning: missing documentation for a struct field
   --> crates/library/surface/package_compiler_failure.rs:879:9
    |
879 |         requested_end: u32,
    |         ^^^^^^^^^^^^^^^^^^

warning: missing documentation for a variant
   --> crates/library/surface/package_compiler_failure.rs:881:5
    |
881 |     ConflictingParentage {
    |     ^^^^^^^^^^^^^^^^^^^^

warning: missing documentation for a struct field
   --> crates/library/surface/package_compiler_failure.rs:882:9
    |
882 |         entity: u32,
    |         ^^^^^^^^^^^

warning: missing documentation for a struct field
   --> crates/library/surface/package_compiler_failure.rs:883:9
    |
883 |         existing: PackageParentageFact,
    |         ^^^^^^^^^^^^^^^^^^^^^^^^^^^^^^

warning: missing documentation for a struct field
   --> crates/library/surface/package_compiler_failure.rs:884:9
    |
884 |         requested: PackageParentageFact,
    |         ^^^^^^^^^^^^^^^^^^^^^^^^^^^^^^^

warning: missing documentation for a variant
   --> crates/library/surface/package_compiler_failure.rs:886:5
    |
886 |     ConflictingMemberInventory {
    |     ^^^^^^^^^^^^^^^^^^^^^^^^^^

warning: missing documentation for a struct field
   --> crates/library/surface/package_compiler_failure.rs:887:9
    |
887 |         entity: u32,
    |         ^^^^^^^^^^^

warning: missing documentation for a struct field
   --> crates/library/surface/package_compiler_failure.rs:888:9
    |
888 |         existing_count: u64,
    |         ^^^^^^^^^^^^^^^^^^^

warning: missing documentation for a struct field
   --> crates/library/surface/package_compiler_failure.rs:889:9
    |
889 |         requested_count: u64,
    |         ^^^^^^^^^^^^^^^^^^^^

warning: missing documentation for a struct field
   --> crates/library/surface/package_compiler_failure.rs:890:9
    |
890 |         first_difference: u64,
    |         ^^^^^^^^^^^^^^^^^^^^^

warning: missing documentation for a struct field
   --> crates/library/surface/package_compiler_failure.rs:891:9
    |
891 |         existing_member: Option<u32>,
    |         ^^^^^^^^^^^^^^^^^^^^^^^^^^^^

warning: missing documentation for a struct field
   --> crates/library/surface/package_compiler_failure.rs:892:9
    |
892 |         requested_member: Option<u32>,
    |         ^^^^^^^^^^^^^^^^^^^^^^^^^^^^^

warning: missing documentation for a variant
   --> crates/library/surface/package_compiler_failure.rs:954:5
    |
954 |     Unavailable,
    |     ^^^^^^^^^^^

warning: missing documentation for a variant
   --> crates/library/surface/package_compiler_failure.rs:955:5
    |
955 |     Root,
    |     ^^^^

warning: missing documentation for a variant
   --> crates/library/surface/package_compiler_failure.rs:956:5
    |
956 |     Bound { parent: u32 },
    |     ^^^^^

warning: missing documentation for a struct field
   --> crates/library/surface/package_compiler_failure.rs:956:13
    |
956 |     Bound { parent: u32 },
    |             ^^^^^^^^^^^

warning: missing documentation for a variant
   --> crates/library/surface/package_compiler_failure.rs:957:5
    |
957 |     UnrepresentedAuthorityOwner { identity: [u8; 16] },
    |     ^^^^^^^^^^^^^^^^^^^^^^^^^^^

warning: missing documentation for a struct field
   --> crates/library/surface/package_compiler_failure.rs:957:35
    |
957 |     UnrepresentedAuthorityOwner { identity: [u8; 16] },
    |                                   ^^^^^^^^^^^^^^^^^^

warning: missing documentation for a variant
   --> crates/library/surface/package_compiler_failure.rs:964:5
    |
964 |     EmptyPath,
    |     ^^^^^^^^^

warning: missing documentation for a variant
   --> crates/library/surface/package_compiler_failure.rs:965:5
    |
965 |     BackslashInPath,
    |     ^^^^^^^^^^^^^^^

warning: missing documentation for a variant
   --> crates/library/surface/package_compiler_failure.rs:972:5
    |
972 |     EmptyEcosystem,
    |     ^^^^^^^^^^^^^^

warning: missing documentation for a variant
   --> crates/library/surface/package_compiler_failure.rs:973:5
    |
973 |     EmptyPackage,
    |     ^^^^^^^^^^^^

warning: missing documentation for a variant
   --> crates/library/surface/package_compiler_failure.rs:974:5
    |
974 |     SeparatorInEcosystem,
    |     ^^^^^^^^^^^^^^^^^^^^

warning: missing documentation for a variant
   --> crates/library/surface/package_compiler_failure.rs:975:5
    |
975 |     SeparatorInPackage,
    |     ^^^^^^^^^^^^^^^^^^

warning: missing documentation for a variant
   --> crates/library/surface/package_compiler_failure.rs:976:5
    |
976 |     BackslashEcosystem,
    |     ^^^^^^^^^^^^^^^^^^

warning: missing documentation for a variant
   --> crates/library/surface/package_compiler_failure.rs:977:5
    |
977 |     BackslashPackage,
    |     ^^^^^^^^^^^^^^^^

warning: missing documentation for a variant
   --> crates/library/surface/package_compiler_failure.rs:978:5
    |
978 |     BackslashInvalid { segment: u8 },
    |     ^^^^^^^^^^^^^^^^

warning: missing documentation for a struct field
   --> crates/library/surface/package_compiler_failure.rs:978:24
    |
978 |     BackslashInvalid { segment: u8 },
    |                        ^^^^^^^^^^^

warning: `backend-library` (lib) generated 592 warnings (run `cargo fix --lib -p backend-library` to apply 12 suggestions)
warning: unnecessary qualification
    --> frontends/typescript/src/legacy/checker.rs:1178:15
     |
1178 |         match std::fs::remove_dir_all(&work) {
     |               ^^^^^^^^^^^^^^^^^^^^^^^
     |
     = note: requested on the command line with `-W unused-qualifications`
help: remove the unnecessary path segments
     |
1178 -         match std::fs::remove_dir_all(&work) {
1178 +         match fs::remove_dir_all(&work) {
     |

warning: unnecessary qualification
    --> frontends/typescript/src/legacy/checker.rs:1256:17
     |
1256 |                 std::fs::write(&file, source).map_err(|cause| CheckerError::Work {
     |                 ^^^^^^^^^^^^^^
     |
help: remove the unnecessary path segments
     |
1256 -                 std::fs::write(&file, source).map_err(|cause| CheckerError::Work {
1256 +                 fs::write(&file, source).map_err(|cause| CheckerError::Work {
     |

warning: unnecessary qualification
    --> frontends/typescript/src/legacy/checker.rs:1277:15
     |
1277 |         match std::fs::remove_dir_all(&work) {
     |               ^^^^^^^^^^^^^^^^^^^^^^^
     |
help: remove the unnecessary path segments
     |
1277 -         match std::fs::remove_dir_all(&work) {
1277 +         match fs::remove_dir_all(&work) {
     |

warning: unnecessary qualification
    --> frontends/typescript/src/legacy/checker.rs:1333:17
     |
1333 |                 std::fs::write(&file, source).map_err(|cause| CheckerError::Work {
     |                 ^^^^^^^^^^^^^^
     |
help: remove the unnecessary path segments
     |
1333 -                 std::fs::write(&file, source).map_err(|cause| CheckerError::Work {
1333 +                 fs::write(&file, source).map_err(|cause| CheckerError::Work {
     |

warning: unnecessary qualification
    --> frontends/typescript/src/legacy/checker.rs:1342:15
     |
1342 |         match std::fs::remove_dir_all(&work) {
     |               ^^^^^^^^^^^^^^^^^^^^^^^
     |
help: remove the unnecessary path segments
     |
1342 -         match std::fs::remove_dir_all(&work) {
1342 +         match fs::remove_dir_all(&work) {
     |

warning: unnecessary qualification
    --> frontends/typescript/src/legacy/checker.rs:1377:15
     |
1377 |         match std::fs::remove_dir_all(&work) {
     |               ^^^^^^^^^^^^^^^^^^^^^^^
     |
help: remove the unnecessary path segments
     |
1377 -         match std::fs::remove_dir_all(&work) {
1377 +         match fs::remove_dir_all(&work) {
     |

warning: unnecessary qualification
    --> frontends/typescript/src/legacy/checker.rs:1397:9
     |
1397 |         std::fs::write(&file, source).map_err(|cause| CheckerError::Work {
     |         ^^^^^^^^^^^^^^
     |
help: remove the unnecessary path segments
     |
1397 -         std::fs::write(&file, source).map_err(|cause| CheckerError::Work {
1397 +         fs::write(&file, source).map_err(|cause| CheckerError::Work {
     |

warning: unnecessary qualification
    --> frontends/typescript/src/legacy/checker.rs:1424:9
     |
1424 |         std::fs::write(&file, source).map_err(|cause| CheckerError::Work {
     |         ^^^^^^^^^^^^^^
     |
help: remove the unnecessary path segments
     |
1424 -         std::fs::write(&file, source).map_err(|cause| CheckerError::Work {
1424 +         fs::write(&file, source).map_err(|cause| CheckerError::Work {
     |

warning: unnecessary qualification
    --> frontends/typescript/src/legacy/checker.rs:1443:13
     |
1443 |             std::fs::write(&file, source).map_err(|cause| CheckerError::Work {
     |             ^^^^^^^^^^^^^^
     |
help: remove the unnecessary path segments
     |
1443 -             std::fs::write(&file, source).map_err(|cause| CheckerError::Work {
1443 +             fs::write(&file, source).map_err(|cause| CheckerError::Work {
     |

warning: unnecessary qualification
    --> frontends/typescript/src/legacy/checker.rs:1449:15
     |
1449 |         match std::fs::remove_dir_all(&work) {
     |               ^^^^^^^^^^^^^^^^^^^^^^^
     |
help: remove the unnecessary path segments
     |
1449 -         match std::fs::remove_dir_all(&work) {
1449 +         match fs::remove_dir_all(&work) {
     |

warning: unnecessary qualification
    --> frontends/typescript/src/legacy/checker.rs:1740:20
     |
1740 |     let metadata = std::fs::symlink_metadata(source).map_err(|cause| CheckerError::Work {
     |                    ^^^^^^^^^^^^^^^^^^^^^^^^^
     |
help: remove the unnecessary path segments
     |
1740 -     let metadata = std::fs::symlink_metadata(source).map_err(|cause| CheckerError::Work {
1740 +     let metadata = fs::symlink_metadata(source).map_err(|cause| CheckerError::Work {
     |

warning: unnecessary qualification
    --> frontends/typescript/src/legacy/checker.rs:1750:5
     |
1750 |     std::fs::create_dir_all(destination).map_err(|cause| CheckerError::Work {
     |     ^^^^^^^^^^^^^^^^^^^^^^^
     |
help: remove the unnecessary path segments
     |
1750 -     std::fs::create_dir_all(destination).map_err(|cause| CheckerError::Work {
1750 +     fs::create_dir_all(destination).map_err(|cause| CheckerError::Work {
     |

warning: unnecessary qualification
    --> frontends/typescript/src/legacy/checker.rs:1754:18
     |
1754 |     for entry in std::fs::read_dir(source).map_err(|cause| CheckerError::Work {
     |                  ^^^^^^^^^^^^^^^^^
     |
help: remove the unnecessary path segments
     |
1754 -     for entry in std::fs::read_dir(source).map_err(|cause| CheckerError::Work {
1754 +     for entry in fs::read_dir(source).map_err(|cause| CheckerError::Work {
     |

warning: unnecessary qualification
    --> frontends/typescript/src/legacy/checker.rs:1771:24
     |
1771 |         let metadata = std::fs::symlink_metadata(&child).map_err(|cause| CheckerError::Work {
     |                        ^^^^^^^^^^^^^^^^^^^^^^^^^
     |
help: remove the unnecessary path segments
     |
1771 -         let metadata = std::fs::symlink_metadata(&child).map_err(|cause| CheckerError::Work {
1771 +         let metadata = fs::symlink_metadata(&child).map_err(|cause| CheckerError::Work {
     |

warning: unnecessary qualification
    --> frontends/typescript/src/legacy/checker.rs:1808:13
     |
1808 |             std::fs::File::open(&child)
     |             ^^^^^^^^^^^^^^^^^^^
     |
help: remove the unnecessary path segments
     |
1808 -             std::fs::File::open(&child)
1808 +             fs::File::open(&child)
     |

warning: unnecessary qualification
    --> frontends/typescript/src/legacy/checker.rs:1844:13
     |
1844 |             std::fs::write(&target, bytes).map_err(|cause| CheckerError::Work {
     |             ^^^^^^^^^^^^^^
     |
help: remove the unnecessary path segments
     |
1844 -             std::fs::write(&target, bytes).map_err(|cause| CheckerError::Work {
1844 +             fs::write(&target, bytes).map_err(|cause| CheckerError::Work {
     |

warning: `backend-frontend-typescript` (lib) generated 16 warnings (run `cargo fix --lib -p backend-frontend-typescript` to apply 16 suggestions)
warning: unused imports: `ArtifactBudget`, `ArtifactClosureClaim`, and `FileStore`
 --> extensions/turso/src/authority/types.rs:4:21
  |
4 | use backend_store::{ArtifactBudget, ArtifactClosureClaim, FileStore};
  |                     ^^^^^^^^^^^^^^  ^^^^^^^^^^^^^^^^^^^^  ^^^^^^^^^
  |
  = note: `#[warn(unused_imports)]` (part of `#[warn(unused)]`) on by default

warning: unused import: `ProjectionGenerationId`
 --> extensions/turso/src/connection.rs:4:5
  |
4 |     ProjectionGenerationId, ProjectionGraphSeed, ProjectionNamespace, ProjectionOperationGuard,
  |     ^^^^^^^^^^^^^^^^^^^^^^

warning: unused import: `backend_library::CheckedPackageGraphFacts`
  --> extensions/turso/src/connection.rs:11:5
   |
11 | use backend_library::CheckedPackageGraphFacts;
   |     ^^^^^^^^^^^^^^^^^^^^^^^^^^^^^^^^^^^^^^^^^

warning: unused import: `DirectoryCapability`
  --> extensions/turso/src/connection.rs:12:42
   |
12 | use backend_platform::{CreatedDirectory, DirectoryCapability, FileIdentity};
   |                                          ^^^^^^^^^^^^^^^^^^^

warning: unnecessary qualification
    --> extensions/turso/src/graph.rs:1436:13
     |
1436 | ) -> Result<backend_library::ProductText, ProjectionError> {
     |             ^^^^^^^^^^^^^^^^^^^^^^^^^^^^
     |
     = note: requested on the command line with `-W unused-qualifications`
help: remove the unnecessary path segments
     |
1436 - ) -> Result<backend_library::ProductText, ProjectionError> {
1436 + ) -> Result<ProductText, ProjectionError> {
     |

warning: unnecessary qualification
    --> extensions/turso/src/graph.rs:1440:5
     |
1440 |     backend_library::ProductText::new(value).map_err(|_| misuse_graph_edge(field))
     |     ^^^^^^^^^^^^^^^^^^^^^^^^^^^^^^^^^
     |
help: remove the unnecessary path segments
     |
1440 -     backend_library::ProductText::new(value).map_err(|_| misuse_graph_edge(field))
1440 +     ProductText::new(value).map_err(|_| misuse_graph_edge(field))
     |

warning: unused imports: `SeekFrom` and `Seek`
  --> extensions/turso/src/projection_namespace.rs:16:21
   |
16 | use std::io::{Read, Seek, SeekFrom, Write};
   |                     ^^^^  ^^^^^^^^

warning: variable does not need to be mutable
   --> extensions/turso/src/projection_namespace.rs:813:14
    |
813 | fn lock_file(mut file: File, shared: bool) -> Result<File, ProjectionError> {
    |              ----^^^^
    |              |
    |              help: remove this `mut`
    |
    = note: `#[warn(unused_mut)]` (part of `#[warn(unused)]`) on by default

warning: field `0` is never read
   --> extensions/turso/src/projection_namespace.rs:805:14
    |
805 |     Conflict(Option<ProjectionSelector>),
    |     -------- ^^^^^^^^^^^^^^^^^^^^^^^^^^
    |     |
    |     field in this variant
    |
    = note: `#[warn(dead_code)]` (part of `#[warn(unused)]`) on by default
help: consider changing the field to be of unit type to suppress this warning while preserving the field numbering, or remove the field
    |
805 -     Conflict(Option<ProjectionSelector>),
805 +     Conflict(()),
    |

warning: unreachable `pub` item
  --> extensions/turso/src/authority/mod.rs:51:34
   |
47 | pub use types::{
   | --- help: consider restricting its visibility: `pub(crate)`
...
51 |     ExistingGenerationSelection, NoResultRetirementBarrier, ProjectionKind, ProjectionWatermark,
   |                                  ^^^^^^^^^^^^^^^^^^^^^^^^^
   |
   = help: or consider exporting it for use by other crates
   = note: requested on the command line with `-W unreachable-pub`

warning: missing documentation for a struct field
  --> extensions/turso/src/authority/error.rs:16:14
   |
16 |     Schema { found: i64 },
   |              ^^^^^^^^^^
   |
   = note: requested on the command line with `-W missing-docs`

warning: missing documentation for a struct field
   --> extensions/turso/src/authority/snapshot.rs:357:27
    |
357 |     SourceExceedsBudget { estimate: u64, limit: u64 },
    |                           ^^^^^^^^^^^^^

warning: missing documentation for a struct field
   --> extensions/turso/src/authority/snapshot.rs:357:42
    |
357 |     SourceExceedsBudget { estimate: u64, limit: u64 },
    |                                          ^^^^^^^^^^

warning: missing documentation for a struct field
   --> extensions/turso/src/authority/snapshot.rs:361:27
    |
361 |     OutputExceedsBudget { observed: u64, limit: u64 },
    |                           ^^^^^^^^^^^^^

warning: missing documentation for a struct field
   --> extensions/turso/src/authority/snapshot.rs:361:42
    |
361 |     OutputExceedsBudget { observed: u64, limit: u64 },
    |                                          ^^^^^^^^^^

warning: missing documentation for a struct field
   --> extensions/turso/src/authority/snapshot.rs:372:21
    |
372 |     StageUnpinned { path: PathBuf, source: io::Error },
    |                     ^^^^^^^^^^^^^

warning: missing documentation for a struct field
   --> extensions/turso/src/authority/snapshot.rs:372:36
    |
372 |     StageUnpinned { path: PathBuf, source: io::Error },
    |                                    ^^^^^^^^^^^^^^^^^

warning: `backend-extension-turso` (lib) generated 17 warnings (run `cargo fix --lib -p backend-extension-turso` to apply 9 suggestions)
warning: unused imports: `CompilationManifestFacts` and `CompilationManifestView`
 --> crates/engine/src/application/cluster_coordinator/result_wire.rs:9:5
  |
9 |     CompilationManifestFacts, CompilationManifestIdentity, CompilationManifestView,
  |     ^^^^^^^^^^^^^^^^^^^^^^^^                               ^^^^^^^^^^^^^^^^^^^^^^^
  |
  = note: `#[warn(unused_imports)]` (part of `#[warn(unused)]`) on by default

warning: unused import: `FragmentCause`
  --> crates/engine/src/application/compiler.rs:37:70
   |
37 |     CompilerRequest as ApplicationCompilerRequest, CompilerTerminal, FragmentCause,
   |                                                                      ^^^^^^^^^^^^^

warning: unnecessary qualification
    --> crates/engine/src/application/typescript_host.rs:2733:45
     |
2733 |             Err(source) if source.kind() == std::io::ErrorKind::NotFound => {}
     |                                             ^^^^^^^^^^^^^^^^^^^^^^^^^^^^
     |
     = note: requested on the command line with `-W unused-qualifications`
help: remove the unnecessary path segments
     |
2733 -             Err(source) if source.kind() == std::io::ErrorKind::NotFound => {}
2733 +             Err(source) if source.kind() == io::ErrorKind::NotFound => {}
     |

warning: unnecessary qualification
    --> crates/engine/src/application/typescript_host.rs:2833:41
     |
2833 |         Err(source) if source.kind() == std::io::ErrorKind::NotFound => {}
     |                                         ^^^^^^^^^^^^^^^^^^^^^^^^^^^^
     |
help: remove the unnecessary path segments
     |
2833 -         Err(source) if source.kind() == std::io::ErrorKind::NotFound => {}
2833 +         Err(source) if source.kind() == io::ErrorKind::NotFound => {}
     |

warning: unnecessary qualification
    --> crates/engine/src/application/typescript_host.rs:3218:17
     |
3218 |         source: std::io::Error,
     |                 ^^^^^^^^^^^^^^
     |
help: remove the unnecessary path segments
     |
3218 -         source: std::io::Error,
3218 +         source: io::Error,
     |

warning: unnecessary qualification
    --> crates/engine/src/application/typescript_host.rs:3224:17
     |
3224 |         source: std::io::Error,
     |                 ^^^^^^^^^^^^^^
     |
help: remove the unnecessary path segments
     |
3224 -         source: std::io::Error,
3224 +         source: io::Error,
     |

warning: unnecessary qualification
    --> crates/engine/src/application/typescript_host.rs:3244:17
     |
3244 |         source: std::io::Error,
     |                 ^^^^^^^^^^^^^^
     |
help: remove the unnecessary path segments
     |
3244 -         source: std::io::Error,
3244 +         source: io::Error,
     |

warning: unnecessary qualification
    --> crates/engine/src/application/typescript_host.rs:3252:17
     |
3252 |         source: std::io::Error,
     |                 ^^^^^^^^^^^^^^
     |
help: remove the unnecessary path segments
     |
3252 -         source: std::io::Error,
3252 +         source: io::Error,
     |

warning: unused import: `NativeCompilerEnvironment`
  --> crates/engine/src/application/mod.rs:97:44
   |
97 |     NATIVE_COMPILER_ENVIRONMENT_POLICY_ID, NativeCompilerEnvironment,
   |                                            ^^^^^^^^^^^^^^^^^^^^^^^^^

warning: unused import: `ProductSourceRelation`
  --> crates/engine/src/builtin/file_facts_relation.rs:13:70
   |
13 |     Container, DeclarationKind, ProductFileRef, ProductSourceRecord, ProductSourceRelation,
   |                                                                      ^^^^^^^^^^^^^^^^^^^^^

warning: unused import: `NativeRecipe`
  --> crates/engine/src/driver/types.rs:26:26
   |
26 | pub(crate) use request::{NativeRecipe, SourceLease, WorkPermit, WorkStopped};
   |                          ^^^^^^^^^^^^

warning: unused imports: `NativeArtifactRole` and `NativeWorkPhase`
  --> crates/engine/src/driver/types.rs:42:26
   |
42 |     LoweringUnsupported, NativeArtifactRole, NativeWorkPhase,
   |                          ^^^^^^^^^^^^^^^^^^  ^^^^^^^^^^^^^^^

warning: unnecessary qualification
  --> crates/engine/src/workspace/head.rs:99:22
   |
99 |         let schema = backend_version::SchemaIdentity::of_relation::<R>();
   |                      ^^^^^^^^^^^^^^^^^^^^^^^^^^^^^^^^^^^^^^^^^^^^^^^^^
   |
help: remove the unnecessary path segments
   |
99 -         let schema = backend_version::SchemaIdentity::of_relation::<R>();
99 +         let schema = SchemaIdentity::of_relation::<R>();
   |

warning: unnecessary qualification
   --> crates/engine/src/workspace/head.rs:233:22
    |
233 |         let schema = backend_version::SchemaIdentity::of_relation::<R>();
    |                      ^^^^^^^^^^^^^^^^^^^^^^^^^^^^^^^^^^^^^^^^^^^^^^^^^
    |
help: remove the unnecessary path segments
    |
233 -         let schema = backend_version::SchemaIdentity::of_relation::<R>();
233 +         let schema = SchemaIdentity::of_relation::<R>();
    |

warning: unused import: `error::Error`
  --> crates/engine/src/application/compiler.rs:62:5
   |
62 |     error::Error as _,
   |     ^^^^^^^^^^^^

warning: associated functions `derive_with_streamed_field` and `from_encoded` are never used
   --> crates/engine/src/acquisition/identity.rs:113:27
    |
108 |         impl $name {
    |         ---------- associated functions in this implementation
...
113 |             pub(super) fn derive_with_streamed_field(
    |                           ^^^^^^^^^^^^^^^^^^^^^^^^^^
...
141 |             pub(crate) const fn from_encoded(bytes: [u8; ID_BYTES]) -> Self {
    |                                 ^^^^^^^^^^^^
...
158 | identity!(ReleaseClaimId, b"release-claim");
    | ------------------------------------------- in this macro invocation
    |
    = note: `#[warn(dead_code)]` (part of `#[warn(unused)]`) on by default
    = note: this warning originates in the macro `identity` (in Nightly builds, run with -Z macro-backtrace for more info)

warning: associated function `derive_with_streamed_field` is never used
   --> crates/engine/src/acquisition/identity.rs:113:27
    |
108 |         impl $name {
    |         ---------- associated function in this implementation
...
113 |             pub(super) fn derive_with_streamed_field(
    |                           ^^^^^^^^^^^^^^^^^^^^^^^^^^
...
159 | identity!(RawArchiveObjectId, b"raw-archive-object");
    | ---------------------------------------------------- in this macro invocation
    |
    = note: this warning originates in the macro `identity` (in Nightly builds, run with -Z macro-backtrace for more info)

warning: associated functions `derive_with_streamed_field` and `from_encoded` are never used
   --> crates/engine/src/acquisition/identity.rs:113:27
    |
108 |         impl $name {
    |         ---------- associated functions in this implementation
...
113 |             pub(super) fn derive_with_streamed_field(
    |                           ^^^^^^^^^^^^^^^^^^^^^^^^^^
...
141 |             pub(crate) const fn from_encoded(bytes: [u8; ID_BYTES]) -> Self {
    |                                 ^^^^^^^^^^^^
...
160 | identity!(TreeManifestId, b"tree-manifest");
    | ------------------------------------------- in this macro invocation
    |
    = note: this warning originates in the macro `identity` (in Nightly builds, run with -Z macro-backtrace for more info)

warning: associated functions `derive_with_streamed_field` and `from_encoded` are never used
   --> crates/engine/src/acquisition/identity.rs:113:27
    |
108 |         impl $name {
    |         ---------- associated functions in this implementation
...
113 |             pub(super) fn derive_with_streamed_field(
    |                           ^^^^^^^^^^^^^^^^^^^^^^^^^^
...
141 |             pub(crate) const fn from_encoded(bytes: [u8; ID_BYTES]) -> Self {
    |                                 ^^^^^^^^^^^^
...
161 | identity!(SourceSnapshotId, b"source-snapshot");
    | ----------------------------------------------- in this macro invocation
    |
    = note: this warning originates in the macro `identity` (in Nightly builds, run with -Z macro-backtrace for more info)

warning: associated functions `derive_with_streamed_field` and `from_encoded` are never used
   --> crates/engine/src/acquisition/identity.rs:113:27
    |
108 |         impl $name {
    |         ---------- associated functions in this implementation
...
113 |             pub(super) fn derive_with_streamed_field(
    |                           ^^^^^^^^^^^^^^^^^^^^^^^^^^
...
141 |             pub(crate) const fn from_encoded(bytes: [u8; ID_BYTES]) -> Self {
    |                                 ^^^^^^^^^^^^
...
162 | identity!(AcquisitionDeltaId, b"acquisition-delta");
    | --------------------------------------------------- in this macro invocation
    |
    = note: this warning originates in the macro `identity` (in Nightly builds, run with -Z macro-backtrace for more info)

warning: associated functions `derive_with_streamed_field` and `from_encoded` are never used
   --> crates/engine/src/acquisition/identity.rs:113:27
    |
108 |         impl $name {
    |         ---------- associated functions in this implementation
...
113 |             pub(super) fn derive_with_streamed_field(
    |                           ^^^^^^^^^^^^^^^^^^^^^^^^^^
...
141 |             pub(crate) const fn from_encoded(bytes: [u8; ID_BYTES]) -> Self {
    |                                 ^^^^^^^^^^^^
...
163 | identity!(AcquisitionReceiptId, b"acquisition-receipt");
    | ------------------------------------------------------- in this macro invocation
    |
    = note: this warning originates in the macro `identity` (in Nightly builds, run with -Z macro-backtrace for more info)

warning: associated function `derive` is never used
   --> crates/engine/src/acquisition/identity.rs:109:27
    |
108 |         impl $name {
    |         ---------- associated function in this implementation
109 |             pub(super) fn derive(fields: &[&[u8]]) -> Self {
    |                           ^^^^^^
...
164 | identity!(AcquisitionRecordId, b"acquisition-record");
    | ----------------------------------------------------- in this macro invocation
    |
    = note: this warning originates in the macro `identity` (in Nightly builds, run with -Z macro-backtrace for more info)

warning: associated function `derive_with_streamed_field` is never used
   --> crates/engine/src/acquisition/identity.rs:113:27
    |
108 |         impl $name {
    |         ---------- associated function in this implementation
...
113 |             pub(super) fn derive_with_streamed_field(
    |                           ^^^^^^^^^^^^^^^^^^^^^^^^^^
...
165 | identity!(PublicationRootId, b"publication-root");
    | ------------------------------------------------- in this macro invocation
    |
    = note: this warning originates in the macro `identity` (in Nightly builds, run with -Z macro-backtrace for more info)

warning: field `request` is never read
    --> crates/engine/src/application/runtime.rs:2985:9
     |
2983 |     PackageSources {
     |     -------------- field in this variant
2984 |         facts: RequestFacts,
2985 |         request: OwnedPackageSourceSet,
     |         ^^^^^^^

warning: function `fragment_terminal` is never used
   --> crates/engine/src/application/terminal/native.rs:291:10
    |
291 | const fn fragment_terminal(
    |          ^^^^^^^^^^^^^^^^^

warning: constant `MAX_RESOLVED_SOURCE_FILES` is never used
  --> crates/engine/src/application/typescript_host.rs:29:7
   |
29 | const MAX_RESOLVED_SOURCE_FILES: usize = 4096;
   |       ^^^^^^^^^^^^^^^^^^^^^^^^^

warning: constant `MAX_RESOLVED_SOURCE_BYTES` is never used
  --> crates/engine/src/application/typescript_host.rs:30:7
   |
30 | const MAX_RESOLVED_SOURCE_BYTES: u64 = 256 * 1024 * 1024;
   |       ^^^^^^^^^^^^^^^^^^^^^^^^^

warning: constant `MAX_RESOLVER_DIRECTORIES` is never used
  --> crates/engine/src/application/typescript_host.rs:37:7
   |
37 | const MAX_RESOLVER_DIRECTORIES: usize = 4096;
   |       ^^^^^^^^^^^^^^^^^^^^^^^^

warning: constant `MAX_RESOLVER_OBSERVATIONS` is never used
  --> crates/engine/src/application/typescript_host.rs:38:7
   |
38 | const MAX_RESOLVER_OBSERVATIONS: usize = 16_384;
   |       ^^^^^^^^^^^^^^^^^^^^^^^^^

warning: constant `MAX_RESOLVER_DIRECTORY_ENTRIES` is never used
  --> crates/engine/src/application/typescript_host.rs:39:7
   |
39 | const MAX_RESOLVER_DIRECTORY_ENTRIES: usize = 16_384;
   |       ^^^^^^^^^^^^^^^^^^^^^^^^^^^^^^

warning: constant `MAX_RESOLVER_TOTAL_DIRECTORY_ENTRIES` is never used
  --> crates/engine/src/application/typescript_host.rs:40:7
   |
40 | const MAX_RESOLVER_TOTAL_DIRECTORY_ENTRIES: usize = 65_536;
   |       ^^^^^^^^^^^^^^^^^^^^^^^^^^^^^^^^^^^^

warning: constant `MAX_RESOLVER_METADATA_BYTES` is never used
  --> crates/engine/src/application/typescript_host.rs:41:7
   |
41 | const MAX_RESOLVER_METADATA_BYTES: usize = 64 * 1024 * 1024;
   |       ^^^^^^^^^^^^^^^^^^^^^^^^^^^

warning: constant `MAX_RESOLVER_DEPTH` is never used
  --> crates/engine/src/application/typescript_host.rs:42:7
   |
42 | const MAX_RESOLVER_DEPTH: usize = 32;
   |       ^^^^^^^^^^^^^^^^^^

warning: field `content_id` is never read
  --> crates/engine/src/application/typescript_host.rs:62:16
   |
59 | pub(crate) struct TypeScriptFileInput {
   |                   ------------------- field in this struct
...
62 |     pub(crate) content_id: ContentId<SourceFactDomain>,
   |                ^^^^^^^^^^
   |
   = note: `TypeScriptFileInput` has derived impls for the traits `Debug` and `Clone`, but these are intentionally ignored during dead code analysis

warning: fields `content_id`, `project_candidate`, and `selected_build_config` are never read
  --> crates/engine/src/application/typescript_host.rs:70:16
   |
67 | pub(crate) struct TypeScriptConfigInput {
   |                   --------------------- fields in this struct
...
70 |     pub(crate) content_id: ContentId<SourceFactDomain>,
   |                ^^^^^^^^^^
71 |     pub(crate) identity: FileIdentity,
72 |     pub(crate) project_candidate: bool,
   |                ^^^^^^^^^^^^^^^^^
73 |     pub(crate) selected_build_config: bool,
   |                ^^^^^^^^^^^^^^^^^^^^^
   |
   = note: `TypeScriptConfigInput` has derived impls for the traits `Debug` and `Clone`, but these are intentionally ignored during dead code analysis

warning: struct `TypeScriptProjectInputs` is never constructed
  --> crates/engine/src/application/typescript_host.rs:79:19
   |
79 | pub(crate) struct TypeScriptProjectInputs<'a> {
   |                   ^^^^^^^^^^^^^^^^^^^^^^^

warning: methods `resolver`, `load_source`, and `validate_current` are never used
   --> crates/engine/src/application/typescript_host.rs:110:19
    |
108 | impl TypeScriptProjectInputs<'_> {
    | -------------------------------- methods in this implementation
109 |     /// Starts an isolated observation ledger for one compiler program.
110 |     pub(crate) fn resolver(&self) -> TypeScriptResolverCapability<'_> {
    |                   ^^^^^^^^
...
117 |     pub(crate) fn load_source(
    |                   ^^^^^^^^^^^
...
124 |     pub(crate) fn validate_current(&self) -> Result<(), TypeScriptProjectHostError> {
    |                   ^^^^^^^^^^^^^^^^

warning: enum `TypeScriptDirectoryEntryKind` is never used
   --> crates/engine/src/application/typescript_host.rs:130:17
    |
130 | pub(crate) enum TypeScriptDirectoryEntryKind {
    |                 ^^^^^^^^^^^^^^^^^^^^^^^^^^^^

warning: struct `TypeScriptDirectoryEntry` is never constructed
   --> crates/engine/src/application/typescript_host.rs:138:19
    |
138 | pub(crate) struct TypeScriptDirectoryEntry {
    |                   ^^^^^^^^^^^^^^^^^^^^^^^^

warning: enum `TypeScriptResolverObservationRef` is never used
   --> crates/engine/src/application/typescript_host.rs:146:17
    |
146 | pub(crate) enum TypeScriptResolverObservationRef<'a> {
    |                 ^^^^^^^^^^^^^^^^^^^^^^^^^^^^^^^^

warning: struct `RealpathSnapshot` is never constructed
   --> crates/engine/src/application/typescript_host.rs:165:8
    |
165 | struct RealpathSnapshot {
    |        ^^^^^^^^^^^^^^^^

warning: struct `DirectorySnapshot` is never constructed
   --> crates/engine/src/application/typescript_host.rs:172:8
    |
172 | struct DirectorySnapshot {
    |        ^^^^^^^^^^^^^^^^^

warning: struct `ResolverObservationLedger` is never constructed
   --> crates/engine/src/application/typescript_host.rs:179:8
    |
179 | struct ResolverObservationLedger {
    |        ^^^^^^^^^^^^^^^^^^^^^^^^^

warning: method `observation_count` is never used
   --> crates/engine/src/application/typescript_host.rs:190:8
    |
189 | impl ResolverObservationLedger {
    | ------------------------------ method in this implementation
190 |     fn observation_count(&self) -> usize {
    |        ^^^^^^^^^^^^^^^^^

warning: struct `TypeScriptResolverCapability` is never constructed
   --> crates/engine/src/application/typescript_host.rs:204:19
    |
204 | pub(crate) struct TypeScriptResolverCapability<'a> {
    |                   ^^^^^^^^^^^^^^^^^^^^^^^^^^^^

warning: multiple methods are never used
   --> crates/engine/src/application/typescript_host.rs:210:19
    |
209 | impl TypeScriptResolverCapability<'_> {
    | ------------------------------------- methods in this implementation
210 |     pub(crate) fn try_load_source<'a>(
    |                   ^^^^^^^^^^^^^^^
...
293 |     pub(crate) fn directory_exists(
    |                   ^^^^^^^^^^^^^^^^
...
320 |     pub(crate) fn realpath(
    |                   ^^^^^^^^
...
340 |     pub(crate) fn read_directory(
    |                   ^^^^^^^^^^^^^^
...
449 |     pub(crate) fn loaded_sources(
    |                   ^^^^^^^^^^^^^^
...
455 |     pub(crate) fn observations(&self) -> Vec<TypeScriptResolverObservationRef<'_>> {
    |                   ^^^^^^^^^^^^
...
490 |     pub(crate) fn resolver_witness(&self) -> Result<[u8; 32], TypeScriptProjectHostError> {
    |                   ^^^^^^^^^^^^^^^^
...
551 |     pub(crate) fn validate_current(&self) -> Result<(), TypeScriptProjectHostError> {
    |                   ^^^^^^^^^^^^^^^^
...
607 |     fn capture_realpath(
    |        ^^^^^^^^^^^^^^^^
...
635 |     fn record_missing(
    |        ^^^^^^^^^^^^^^
...
683 |     fn record_realpath(
    |        ^^^^^^^^^^^^^^^
...
692 |     fn observe_directory(&mut self, path: &Path) -> Result<(), TypeScriptProjectHostError> {
    |        ^^^^^^^^^^^^^^^^^

warning: function `ensure_observation_capacity` is never used
   --> crates/engine/src/application/typescript_host.rs:732:4
    |
732 | fn ensure_observation_capacity(
    |    ^^^^^^^^^^^^^^^^^^^^^^^^^^^

warning: function `ensure_metadata_capacity` is never used
   --> crates/engine/src/application/typescript_host.rs:747:4
    |
747 | fn ensure_metadata_capacity(
    |    ^^^^^^^^^^^^^^^^^^^^^^^^

warning: function `record_realpath_ledger` is never used
   --> crates/engine/src/application/typescript_host.rs:763:4
    |
763 | fn record_realpath_ledger(
    |    ^^^^^^^^^^^^^^^^^^^^^^

warning: function `directory_snapshot_metadata_cost` is never used
   --> crates/engine/src/application/typescript_host.rs:798:4
    |
798 | fn directory_snapshot_metadata_cost(snapshot: &DirectorySnapshot) -> usize {
    |    ^^^^^^^^^^^^^^^^^^^^^^^^^^^^^^^^

warning: fields `typescript_files` and `config_candidates` are never read
   --> crates/engine/src/application/typescript_host.rs:834:5
    |
820 | pub(crate) struct TypeScriptProjectWitness {
    |                   ------------------------ fields in this struct
...
834 |     typescript_files: Box<[TypeScriptFileInput]>,
    |     ^^^^^^^^^^^^^^^^
835 |     config_candidates: Box<[TypeScriptConfigInput]>,
    |     ^^^^^^^^^^^^^^^^^
    |
    = note: `TypeScriptProjectWitness` has a derived impl for the trait `Debug`, but this is intentionally ignored during dead code analysis

warning: methods `load_source`, `path_is_admitted`, and `admit_lexical_path` are never used
    --> crates/engine/src/application/typescript_host.rs:993:8
     |
 842 | impl TypeScriptProjectWitness {
     | ----------------------------- methods in this implementation
...
 993 |     fn load_source(&self, path: &Path) -> Result<TypeScriptFileInput, TypeScriptProjectHostError> {
     |        ^^^^^^^^^^^
...
1049 |     fn path_is_admitted(&self, path: &Path) -> bool {
     |        ^^^^^^^^^^^^^^^^
...
1053 |     fn admit_lexical_path(&self, path: &Path) -> Result<PathBuf, TypeScriptProjectHostError> {
     |        ^^^^^^^^^^^^^^^^^^

warning: function `normalize_absolute_path` is never used
    --> crates/engine/src/application/typescript_host.rs:1151:4
     |
1151 | fn normalize_absolute_path(path: &Path) -> Option<PathBuf> {
     |    ^^^^^^^^^^^^^^^^^^^^^^^

warning: function `nearest_existing_admitted_parent` is never used
    --> crates/engine/src/application/typescript_host.rs:1172:4
     |
1172 | fn nearest_existing_admitted_parent(
     |    ^^^^^^^^^^^^^^^^^^^^^^^^^^^^^^^^

warning: function `capture_directory_snapshot` is never used
    --> crates/engine/src/application/typescript_host.rs:1215:4
     |
1215 | fn capture_directory_snapshot(
     |    ^^^^^^^^^^^^^^^^^^^^^^^^^^

warning: function `extension_matches` is never used
    --> crates/engine/src/application/typescript_host.rs:1310:4
     |
1310 | fn extension_matches(path: &Path, extensions: &[&str]) -> bool {
     |    ^^^^^^^^^^^^^^^^^

warning: function `resolver_observation_ref_path` is never used
    --> crates/engine/src/application/typescript_host.rs:1323:4
     |
1323 | fn resolver_observation_ref_path<'a>(
     |    ^^^^^^^^^^^^^^^^^^^^^^^^^^^^^

warning: function `resolver_observation_ref_tag` is never used
    --> crates/engine/src/application/typescript_host.rs:1334:4
     |
1334 | fn resolver_observation_ref_tag(observation: &TypeScriptResolverObservationRef<'_>) -> u8 {
     |    ^^^^^^^^^^^^^^^^^^^^^^^^^^^^

warning: function `update_len` is never used
    --> crates/engine/src/application/typescript_host.rs:1343:4
     |
1343 | fn update_len(digest: &mut Hasher, length: usize) {
     |    ^^^^^^^^^^

warning: function `update_logical_path` is never used
    --> crates/engine/src/application/typescript_host.rs:1347:4
     |
1347 | fn update_logical_path(
     |    ^^^^^^^^^^^^^^^^^^^

warning: associated function `new` is never used
    --> crates/engine/src/application/typescript_host.rs:2337:19
     |
2336 | impl TypeScriptProjectHost {
     | -------------------------- associated function in this implementation
2337 |     pub(crate) fn new(
     |                   ^^^

warning: fields `compiler_origin`, `node`, `node_version`, `node_origin`, and `module_root` are never read
    --> crates/engine/src/application/typescript_host.rs:2635:5
     |
2631 | pub(crate) struct AdmittedTypeScriptProject {
     |                   ------------------------- fields in this struct
...
2635 |     compiler_origin: TypeScriptSelectionOrigin,
     |     ^^^^^^^^^^^^^^^
2636 |     node: Box<Path>,
     |     ^^^^
2637 |     node_version: Box<[u8]>,
     |     ^^^^^^^^^^^^
2638 |     node_origin: TypeScriptSelectionOrigin,
     |     ^^^^^^^^^^^
2639 |     module_root: Box<Path>,
     |     ^^^^^^^^^^^
     |
     = note: `AdmittedTypeScriptProject` has a derived impl for the trait `Debug`, but this is intentionally ignored during dead code analysis

warning: method `inputs` is never used
    --> crates/engine/src/application/typescript_host.rs:2645:19
     |
2644 | impl AdmittedTypeScriptProject {
     | ------------------------------ method in this implementation
2645 |     pub(crate) fn inputs(&self) -> TypeScriptProjectInputs<'_> {
     |                   ^^^^^^

warning: function `find_project_typescript` is never used
    --> crates/engine/src/application/typescript_host.rs:2683:4
     |
2683 | fn find_project_typescript(
     |    ^^^^^^^^^^^^^^^^^^^^^^^

warning: variants `AbsentPath`, `CargoProject`, `ToolchainInput`, and `ExternalInput` are never constructed
   --> crates/engine/src/compiler_read_observation_v2.rs:91:5
    |
 85 | pub(crate) enum CompilerReadObservationEventClassV2 {
    |                 ----------------------------------- variants in this enum
...
 91 |     AbsentPath = 3,
    |     ^^^^^^^^^^
...
 97 |     CargoProject = 6,
    |     ^^^^^^^^^^^^
...
101 |     ToolchainInput = 8,
    |     ^^^^^^^^^^^^^^
...
105 |     ExternalInput = 10,
    |     ^^^^^^^^^^^^^
    |
    = note: `CompilerReadObservationEventClassV2` has derived impls for the traits `Debug` and `Clone`, but these are intentionally ignored during dead code analysis

warning: methods `observe_path_event` and `observe_nonpath_event` are never used
   --> crates/engine/src/compiler_read_observation_v2.rs:338:19
    |
246 | impl CompilerReadObservationRecorderV2 {
    | -------------------------------------- methods in this implementation
...
338 |     pub(crate) fn observe_path_event(
    |                   ^^^^^^^^^^^^^^^^^^
...
426 |     pub(crate) fn observe_nonpath_event(
    |                   ^^^^^^^^^^^^^^^^^^^^^

warning: method `compilation_attempt_id` is never used
   --> crates/engine/src/compiler_unit_read_closure_v2.rs:180:25
    |
176 | impl VerifiedUnitReadClosure {
    | ---------------------------- method in this implementation
...
180 |     pub(crate) const fn compilation_attempt_id(&self) -> CompilationAttemptId {
    |                         ^^^^^^^^^^^^^^^^^^^^^^

warning: method `mark_members_captured` is never used
    --> crates/engine/src/driver/lower.rs:1748:19
     |
 849 | impl<'source> FactSet<'source> {
     | ------------------------------ method in this implementation
...
1748 |     pub(super) fn mark_members_captured(&mut self, entity: u32) -> Result<(), FactFault> {
     |                   ^^^^^^^^^^^^^^^^^^^^^

warning: method `mark_members_captured` is never used
   --> crates/engine/src/driver/lower/provenance.rs:198:19
    |
 36 | impl Provenance {
    | --------------- method in this implementation
...
198 |     pub(super) fn mark_members_captured(
    |                   ^^^^^^^^^^^^^^^^^^^^^

warning: struct `NativeRecipe` is never constructed
   --> crates/engine/src/driver/types/request.rs:322:19
    |
322 | pub(crate) struct NativeRecipe<'source, 'toolchain> {
    |                   ^^^^^^^^^^^^

warning: methods `release` and `admit_releases` are never used
    --> crates/engine/src/registry/ecosystem.rs:1011:8
     |
 804 | impl EcosystemAdapter {
     | --------------------- methods in this implementation
...
1011 |     fn release(
     |        ^^^^^^^
...
1151 |     pub(crate) fn admit_releases(
     |                   ^^^^^^^^^^^^^^

warning: methods `maven_versions`, `maven_release`, `maven_archive_url`, `maven_source_archive_url`, `maven_archive_url_with_classifier`, and `conan_archive_name` are never used
   --> crates/engine/src/registry/ecosystem_decoders.rs:630:19
    |
220 | impl EcosystemAdapter {
    | --------------------- methods in this implementation
...
630 |     pub(crate) fn maven_versions(&self, bytes: &[u8]) -> Result<Vec<String>, TransportFailure> {
    |                   ^^^^^^^^^^^^^^
...
639 |     pub(crate) fn maven_release(
    |                   ^^^^^^^^^^^^^
...
683 |     pub(crate) fn maven_archive_url(&self, version: &str) -> String {
    |                   ^^^^^^^^^^^^^^^^^
...
687 |     pub(crate) fn maven_source_archive_url(&self, version: &str) -> String {
    |                   ^^^^^^^^^^^^^^^^^^^^^^^^
...
707 |     fn maven_archive_url_with_classifier(&self, version: &str, classifier: &str) -> String {
    |        ^^^^^^^^^^^^^^^^^^^^^^^^^^^^^^^^^
...
996 |     pub(crate) fn conan_archive_name(&self, bytes: &[u8]) -> Result<String, TransportFailure> {
    |                   ^^^^^^^^^^^^^^^^^^

warning: function `is_sdist` is never used
    --> crates/engine/src/registry/ecosystem_decoders.rs:2661:4
     |
2661 | fn is_sdist(filename: &str) -> bool {
     |    ^^^^^^^^

warning: function `is_wheel` is never used
    --> crates/engine/src/registry/ecosystem_decoders.rs:2667:4
     |
2667 | fn is_wheel(filename: &str) -> bool {
     |    ^^^^^^^^

warning: field `stats` is never read
   --> crates/engine/src/registry/frontier.rs:354:5
    |
350 | pub(super) struct PreparedFactsUpdate {
    |                   ------------------- field in this struct
...
354 |     stats: UpdateStats,
    |     ^^^^^
    |
    = note: `PreparedFactsUpdate` has derived impls for the traits `Debug` and `Clone`, but these are intentionally ignored during dead code analysis

warning: method `stats` is never used
   --> crates/engine/src/registry/frontier.rs:364:19
    |
357 | impl PreparedFactsUpdate {
    | ------------------------ method in this implementation
...
364 |     pub(super) fn stats(&self) -> UpdateStats {
    |                   ^^^^^

warning: constant `MAX_FACTS_PROOF_LEVELS` is never used
   --> crates/engine/src/registry/frontier.rs:400:7
    |
400 | const MAX_FACTS_PROOF_LEVELS: usize = usize::BITS as usize;
    |       ^^^^^^^^^^^^^^^^^^^^^^

warning: method `proof` is never used
   --> crates/engine/src/registry/frontier.rs:451:19
    |
402 | impl FactsMerkleMap {
    | ------------------- method in this implementation
...
451 |     pub(super) fn proof(&self, coordinate: &PackageCoordinate) -> Option<backend_store::KeyProof> {
    |                   ^^^^^

warning: method `admit_reader` is never used
  --> crates/engine/src/registry/identity.rs:66:19
   |
37 | impl PublishedArtifactClaim {
   | --------------------------- method in this implementation
...
66 |     pub(crate) fn admit_reader<R: Read>(
   |                   ^^^^^^^^^^^^

warning: method `permit_authority` is never used
   --> crates/engine/src/registry/identity.rs:309:19
    |
281 | impl RegistryCredentialPolicy {
    | ----------------------------- method in this implementation
...
309 |     pub(crate) fn permit_authority(&mut self, url: &str) -> bool {
    |                   ^^^^^^^^^^^^^^^^

warning: methods `poll`, `acquire_page`, and `verify_and_store` are never used
    --> crates/engine/src/registry/owner.rs:1060:19
     |
 434 | impl RegistryOwner {
     | ------------------ methods in this implementation
...
1060 |     pub(crate) fn poll<T: RegistryTransport>(
     |                   ^^^^
...
1209 |     fn acquire_page<T: RegistryTransport>(
     |        ^^^^^^^^^^^^
...
1269 |     pub(crate) fn verify_and_store(
     |                   ^^^^^^^^^^^^^^^^

warning: enum `PageAcquisition` is never used
    --> crates/engine/src/registry/owner.rs:1322:6
     |
1322 | enum PageAcquisition {
     |      ^^^^^^^^^^^^^^^

warning: method `verify_and_store` is never used
    --> crates/engine/src/registry/owner.rs:1350:19
     |
1339 | impl ArchiveStageContext {
     | ------------------------ method in this implementation
...
1350 |     pub(crate) fn verify_and_store(
     |                   ^^^^^^^^^^^^^^^^

warning: methods `body_length` and `telemetry` are never used
   --> crates/engine/src/registry/transport.rs:141:19
    |
106 | impl ArchiveArtifact {
    | -------------------- methods in this implementation
...
141 |     pub(crate) fn body_length(&self) -> u64 {
    |                   ^^^^^^^^^^^
...
157 |     pub(crate) const fn telemetry(&self) -> TransferTelemetry {
    |                         ^^^^^^^^^

warning: methods `verify_archive` and `canonical_digest` are never used
   --> crates/engine/src/registry/transport.rs:406:19
    |
405 | impl RemotePackage {
    | ------------------ methods in this implementation
406 |     pub(crate) fn verify_archive(
    |                   ^^^^^^^^^^^^^^
...
513 |     pub(crate) const fn canonical_digest(&self) -> Option<[u8; 32]> {
    |                         ^^^^^^^^^^^^^^^^

warning: method `maven_checksum` is never used
    --> crates/engine/src/registry/transport.rs:1518:8
     |
 675 | impl HttpRegistryTransport {
     | -------------------------- method in this implementation
...
1518 |     fn maven_checksum(
     |        ^^^^^^^^^^^^^^

warning: missing documentation for a method
   --> crates/engine/src/application/cluster_coordinator/result_wire.rs:109:5
    |
109 |     pub const fn role(self) -> CompilerResultMemberRole {
    |     ^^^^^^^^^^^^^^^^^^^^^^^^^^^^^^^^^^^^^^^^^^^^^^^^^^^
    |
    = note: requested on the command line with `-W missing-docs`

warning: missing documentation for a method
   --> crates/engine/src/application/cluster_coordinator/result_wire.rs:114:5
    |
114 |     pub const fn reference(self) -> ObjectRef<ObjectDomain> {
    |     ^^^^^^^^^^^^^^^^^^^^^^^^^^^^^^^^^^^^^^^^^^^^^^^^^^^^^^^

warning: missing documentation for a method
   --> crates/engine/src/application/cluster_coordinator/result_wire.rs:119:5
    |
119 |     pub const fn key(self) -> u64 {
    |     ^^^^^^^^^^^^^^^^^^^^^^^^^^^^^

warning: missing documentation for a method
   --> crates/engine/src/application/cluster_coordinator/result_wire.rs:124:5
    |
124 |     pub const fn parent(self) -> Option<u64> {
    |     ^^^^^^^^^^^^^^^^^^^^^^^^^^^^^^^^^^^^^^^^

warning: missing documentation for a method
   --> crates/engine/src/builtin/semantic_relation.rs:474:5
    |
474 |     pub const fn completed(self) -> NonZeroU32 {
    |     ^^^^^^^^^^^^^^^^^^^^^^^^^^^^^^^^^^^^^^^^^^

warning: missing documentation for a method
   --> crates/engine/src/builtin/semantic_relation.rs:478:5
    |
478 |     pub const fn total(self) -> NonZeroU32 {
    |     ^^^^^^^^^^^^^^^^^^^^^^^^^^^^^^^^^^^^^^

warning: `backend-engine` (lib) generated 92 warnings (run `cargo fix --lib -p backend-engine` to apply 14 suggestions)
   Compiling backend-local-service v0.2.0 (/Users/mileswirht/Downloads/nudox-active-20261005/typescript-global-probe/crates/local-service)
warning: unnecessary qualification
    --> crates/local-service/src/builtin/ingest.rs:3107:13
     |
3107 |             std::time::SystemTime::now()
     |             ^^^^^^^^^^^^^^^^^^^^^^^^^^
     |
     = note: requested on the command line with `-W unused-qualifications`
help: remove the unnecessary path segments
     |
3107 -             std::time::SystemTime::now()
3107 +             SystemTime::now()
     |

warning: unnecessary qualification
    --> crates/local-service/src/builtin/ingest.rs:3108:33
     |
3108 |                 .duration_since(std::time::UNIX_EPOCH)
     |                                 ^^^^^^^^^^^^^^^^^^^^^
     |
help: remove the unnecessary path segments
     |
3108 -                 .duration_since(std::time::UNIX_EPOCH)
3108 +                 .duration_since(UNIX_EPOCH)
     |

warning: unnecessary qualification
    --> crates/local-service/src/builtin/ingest.rs:3185:13
     |
3185 |             std::time::SystemTime::now()
     |             ^^^^^^^^^^^^^^^^^^^^^^^^^^
     |
help: remove the unnecessary path segments
     |
3185 -             std::time::SystemTime::now()
3185 +             SystemTime::now()
     |

warning: unnecessary qualification
    --> crates/local-service/src/builtin/ingest.rs:3186:33
     |
3186 |                 .duration_since(std::time::UNIX_EPOCH)
     |                                 ^^^^^^^^^^^^^^^^^^^^^
     |
help: remove the unnecessary path segments
     |
3186 -                 .duration_since(std::time::UNIX_EPOCH)
3186 +                 .duration_since(UNIX_EPOCH)
     |

warning: unnecessary qualification
    --> crates/local-service/src/builtin/ingest.rs:3233:13
     |
3233 |             std::time::SystemTime::now()
     |             ^^^^^^^^^^^^^^^^^^^^^^^^^^
     |
help: remove the unnecessary path segments
     |
3233 -             std::time::SystemTime::now()
3233 +             SystemTime::now()
     |

warning: unnecessary qualification
    --> crates/local-service/src/builtin/ingest.rs:3234:33
     |
3234 |                 .duration_since(std::time::UNIX_EPOCH)
     |                                 ^^^^^^^^^^^^^^^^^^^^^
     |
help: remove the unnecessary path segments
     |
3234 -                 .duration_since(std::time::UNIX_EPOCH)
3234 +                 .duration_since(UNIX_EPOCH)
     |

warning: unnecessary qualification
    --> crates/local-service/src/builtin/ingest.rs:3278:17
     |
3278 |                 std::mem::size_of::<CompilerSourceHandle>() + source.relative_path.capacity()
     |                 ^^^^^^^^^^^^^^^^^^^^^^^^^^^^^^^^^^^^^^^^^
     |
help: remove the unnecessary path segments
     |
3278 -                 std::mem::size_of::<CompilerSourceHandle>() + source.relative_path.capacity()
3278 +                 size_of::<CompilerSourceHandle>() + source.relative_path.capacity()
     |

warning: unnecessary qualification
    --> crates/local-service/src/builtin/ingest.rs:3307:13
     |
3307 |             std::time::SystemTime::now()
     |             ^^^^^^^^^^^^^^^^^^^^^^^^^^
     |
help: remove the unnecessary path segments
     |
3307 -             std::time::SystemTime::now()
3307 +             SystemTime::now()
     |

warning: unnecessary qualification
    --> crates/local-service/src/builtin/ingest.rs:3308:33
     |
3308 |                 .duration_since(std::time::UNIX_EPOCH)
     |                                 ^^^^^^^^^^^^^^^^^^^^^
     |
help: remove the unnecessary path segments
     |
3308 -                 .duration_since(std::time::UNIX_EPOCH)
3308 +                 .duration_since(UNIX_EPOCH)
     |

warning: unnecessary qualification
    --> crates/local-service/src/builtin/ingest.rs:3457:13
     |
3457 |             std::time::SystemTime::now()
     |             ^^^^^^^^^^^^^^^^^^^^^^^^^^
     |
help: remove the unnecessary path segments
     |
3457 -             std::time::SystemTime::now()
3457 +             SystemTime::now()
     |

warning: unnecessary qualification
    --> crates/local-service/src/builtin/ingest.rs:3458:33
     |
3458 |                 .duration_since(std::time::UNIX_EPOCH)
     |                                 ^^^^^^^^^^^^^^^^^^^^^
     |
help: remove the unnecessary path segments
     |
3458 -                 .duration_since(std::time::UNIX_EPOCH)
3458 +                 .duration_since(UNIX_EPOCH)
     |

warning: unnecessary qualification
    --> crates/local-service/src/builtin/ingest.rs:3490:13
     |
3490 |             std::time::SystemTime::now()
     |             ^^^^^^^^^^^^^^^^^^^^^^^^^^
     |
help: remove the unnecessary path segments
     |
3490 -             std::time::SystemTime::now()
3490 +             SystemTime::now()
     |

warning: unnecessary qualification
    --> crates/local-service/src/builtin/ingest.rs:3491:33
     |
3491 |                 .duration_since(std::time::UNIX_EPOCH)
     |                                 ^^^^^^^^^^^^^^^^^^^^^
     |
help: remove the unnecessary path segments
     |
3491 -                 .duration_since(std::time::UNIX_EPOCH)
3491 +                 .duration_since(UNIX_EPOCH)
     |

warning: unnecessary qualification
    --> crates/local-service/src/builtin/ingest.rs:3539:13
     |
3539 |             std::time::SystemTime::now()
     |             ^^^^^^^^^^^^^^^^^^^^^^^^^^
     |
help: remove the unnecessary path segments
     |
3539 -             std::time::SystemTime::now()
3539 +             SystemTime::now()
     |

warning: unnecessary qualification
    --> crates/local-service/src/builtin/ingest.rs:3540:33
     |
3540 |                 .duration_since(std::time::UNIX_EPOCH)
     |                                 ^^^^^^^^^^^^^^^^^^^^^
     |
help: remove the unnecessary path segments
     |
3540 -                 .duration_since(std::time::UNIX_EPOCH)
3540 +                 .duration_since(UNIX_EPOCH)
     |

warning: unnecessary qualification
    --> crates/local-service/src/builtin/ingest.rs:3608:13
     |
3608 |             std::time::SystemTime::now()
     |             ^^^^^^^^^^^^^^^^^^^^^^^^^^
     |
help: remove the unnecessary path segments
     |
3608 -             std::time::SystemTime::now()
3608 +             SystemTime::now()
     |

warning: unnecessary qualification
    --> crates/local-service/src/builtin/ingest.rs:3609:33
     |
3609 |                 .duration_since(std::time::UNIX_EPOCH)
     |                                 ^^^^^^^^^^^^^^^^^^^^^
     |
help: remove the unnecessary path segments
     |
3609 -                 .duration_since(std::time::UNIX_EPOCH)
3609 +                 .duration_since(UNIX_EPOCH)
     |

warning: unnecessary qualification
    --> crates/local-service/src/builtin/ingest.rs:3645:13
     |
3645 |             std::time::SystemTime::now()
     |             ^^^^^^^^^^^^^^^^^^^^^^^^^^
     |
help: remove the unnecessary path segments
     |
3645 -             std::time::SystemTime::now()
3645 +             SystemTime::now()
     |

warning: unnecessary qualification
    --> crates/local-service/src/builtin/ingest.rs:3646:33
     |
3646 |                 .duration_since(std::time::UNIX_EPOCH)
     |                                 ^^^^^^^^^^^^^^^^^^^^^
     |
help: remove the unnecessary path segments
     |
3646 -                 .duration_since(std::time::UNIX_EPOCH)
3646 +                 .duration_since(UNIX_EPOCH)
     |

warning: unnecessary qualification
    --> crates/local-service/src/builtin/ingest.rs:4184:13
     |
4184 |             std::time::SystemTime::now()
     |             ^^^^^^^^^^^^^^^^^^^^^^^^^^
     |
help: remove the unnecessary path segments
     |
4184 -             std::time::SystemTime::now()
4184 +             SystemTime::now()
     |

warning: unnecessary qualification
    --> crates/local-service/src/builtin/ingest.rs:4185:33
     |
4185 |                 .duration_since(std::time::UNIX_EPOCH)
     |                                 ^^^^^^^^^^^^^^^^^^^^^
     |
help: remove the unnecessary path segments
     |
4185 -                 .duration_since(std::time::UNIX_EPOCH)
4185 +                 .duration_since(UNIX_EPOCH)
     |

warning: unnecessary qualification
    --> crates/local-service/src/builtin/ingest.rs:4845:13
     |
4845 |             std::time::SystemTime::now()
     |             ^^^^^^^^^^^^^^^^^^^^^^^^^^
     |
help: remove the unnecessary path segments
     |
4845 -             std::time::SystemTime::now()
4845 +             SystemTime::now()
     |

warning: unnecessary qualification
    --> crates/local-service/src/builtin/ingest.rs:4846:33
     |
4846 |                 .duration_since(std::time::UNIX_EPOCH)
     |                                 ^^^^^^^^^^^^^^^^^^^^^
     |
help: remove the unnecessary path segments
     |
4846 -                 .duration_since(std::time::UNIX_EPOCH)
4846 +                 .duration_since(UNIX_EPOCH)
     |

warning: unnecessary qualification
    --> crates/local-service/src/builtin/ingest.rs:4978:17
     |
4978 |                 backend_compile::SourceExcerpt::Captured { .. }
     |                 ^^^^^^^^^^^^^^^^^^^^^^^^^^^^^^^^^^^^^^^^
     |
help: remove the unnecessary path segments
     |
4978 -                 backend_compile::SourceExcerpt::Captured { .. }
4978 +                 SourceExcerpt::Captured { .. }
     |

warning: unnecessary qualification
    --> crates/local-service/src/builtin/ingest.rs:5042:13
     |
5042 |             std::time::SystemTime::now()
     |             ^^^^^^^^^^^^^^^^^^^^^^^^^^
     |
help: remove the unnecessary path segments
     |
5042 -             std::time::SystemTime::now()
5042 +             SystemTime::now()
     |

warning: unnecessary qualification
    --> crates/local-service/src/builtin/ingest.rs:5043:33
     |
5043 |                 .duration_since(std::time::UNIX_EPOCH)
     |                                 ^^^^^^^^^^^^^^^^^^^^^
     |
help: remove the unnecessary path segments
     |
5043 -                 .duration_since(std::time::UNIX_EPOCH)
5043 +                 .duration_since(UNIX_EPOCH)
     |

warning: unnecessary qualification
    --> crates/local-service/src/builtin/ingest.rs:5385:13
     |
5385 |             std::time::SystemTime::now()
     |             ^^^^^^^^^^^^^^^^^^^^^^^^^^
     |
help: remove the unnecessary path segments
     |
5385 -             std::time::SystemTime::now()
5385 +             SystemTime::now()
     |

warning: unnecessary qualification
    --> crates/local-service/src/builtin/ingest.rs:5386:33
     |
5386 |                 .duration_since(std::time::UNIX_EPOCH)
     |                                 ^^^^^^^^^^^^^^^^^^^^^
     |
help: remove the unnecessary path segments
     |
5386 -                 .duration_since(std::time::UNIX_EPOCH)
5386 +                 .duration_since(UNIX_EPOCH)
     |

warning: unnecessary qualification
  --> crates/local-service/src/builtin/profile_membership_tests.rs:21:13
   |
21 |             backend_engine::builtin::ProductSemanticCaptureRelation,
   |             ^^^^^^^^^^^^^^^^^^^^^^^^^^^^^^^^^^^^^^^^^^^^^^^^^^^^^^^
   |
help: remove the unnecessary path segments
   |
21 -             backend_engine::builtin::ProductSemanticCaptureRelation,
21 +             ProductSemanticCaptureRelation,
   |

warning: unnecessary qualification
  --> crates/local-service/src/builtin/profile_membership_tests.rs:24:13
   |
24 |             backend_engine::builtin::ProductSourceFileFactsRelation,
   |             ^^^^^^^^^^^^^^^^^^^^^^^^^^^^^^^^^^^^^^^^^^^^^^^^^^^^^^^
   |
help: remove the unnecessary path segments
   |
24 -             backend_engine::builtin::ProductSourceFileFactsRelation,
24 +             ProductSourceFileFactsRelation,
   |

warning: unnecessary qualification
  --> crates/local-service/src/builtin/profile_membership_tests.rs:48:22
   |
48 |     let dispatcher = super::super::builtin_dispatcher(
   |                      ^^^^^^^^^^^^^^^^^^^^^^^^^^^^^^^^
   |
help: remove the unnecessary path segments
   |
48 -     let dispatcher = super::super::builtin_dispatcher(
48 +     let dispatcher = builtin_dispatcher(
   |

warning: unnecessary qualification
  --> crates/local-service/src/builtin/profile_membership_tests.rs:49:14
   |
49 |         Some(super::super::ECHO_AUTHORITY_SECRET),
   |              ^^^^^^^^^^^^^^^^^^^^^^^^^^^^^^^^^^^
   |
help: remove the unnecessary path segments
   |
49 -         Some(super::super::ECHO_AUTHORITY_SECRET),
49 +         Some(ECHO_AUTHORITY_SECRET),
   |

warning: unnecessary qualification
   --> crates/local-service/src/builtin/profile_membership_tests.rs:266:5
    |
266 |     super::resolve_project_file_keys(project_key, &project, |page_key| {
    |     ^^^^^^^^^^^^^^^^^^^^^^^^^^^^^^^^
    |
help: remove the unnecessary path segments
    |
266 -     super::resolve_project_file_keys(project_key, &project, |page_key| {
266 +     resolve_project_file_keys(project_key, &project, |page_key| {
    |

warning: unnecessary qualification
   --> crates/local-service/src/builtin/profile_membership_tests.rs:291:9
    |
291 |         super::validate_project_file(package.to_bytes(), key, &record)
    |         ^^^^^^^^^^^^^^^^^^^^^^^^^^^^
    |
help: remove the unnecessary path segments
    |
291 -         super::validate_project_file(package.to_bytes(), key, &record)
291 +         validate_project_file(package.to_bytes(), key, &record)
    |

warning: unnecessary qualification
   --> crates/local-service/src/builtin/profile_membership_tests.rs:864:9
    |
864 |         backend_engine::WorkspaceModel::request_id(&BuiltinModel, &unbound_intent),
    |         ^^^^^^^^^^^^^^^^^^^^^^^^^^^^^^^^^^^^^^^^^^
    |
help: remove the unnecessary path segments
    |
864 -         backend_engine::WorkspaceModel::request_id(&BuiltinModel, &unbound_intent),
864 +         WorkspaceModel::request_id(&BuiltinModel, &unbound_intent),
    |

warning: unnecessary qualification
   --> crates/local-service/src/builtin/profile_membership_tests.rs:956:26
    |
956 |             let actual = super::admit_persisted_intent(persisted.closure_manifest().objects())
    |                          ^^^^^^^^^^^^^^^^^^^^^^^^^^^^^
    |
help: remove the unnecessary path segments
    |
956 -             let actual = super::admit_persisted_intent(persisted.closure_manifest().objects())
956 +             let actual = admit_persisted_intent(persisted.closure_manifest().objects())
    |

warning: unnecessary qualification
    --> crates/local-service/src/builtin/profile_membership_tests.rs:1140:26
     |
1140 |             let actual = super::admit_persisted_intent(persisted.closure_manifest().objects())
     |                          ^^^^^^^^^^^^^^^^^^^^^^^^^^^^^
     |
help: remove the unnecessary path segments
     |
1140 -             let actual = super::admit_persisted_intent(persisted.closure_manifest().objects())
1140 +             let actual = admit_persisted_intent(persisted.closure_manifest().objects())
     |

warning: unnecessary qualification
    --> crates/local-service/src/builtin/profile_membership_tests.rs:1178:9
     |
1178 |         super::validate_capture_basis_closure_id(hybrid_basis, selected_base.closure())
     |         ^^^^^^^^^^^^^^^^^^^^^^^^^^^^^^^^^^^^^^^^
     |
help: remove the unnecessary path segments
     |
1178 -         super::validate_capture_basis_closure_id(hybrid_basis, selected_base.closure())
1178 +         validate_capture_basis_closure_id(hybrid_basis, selected_base.closure())
     |

warning: unnecessary qualification
    --> crates/local-service/src/builtin/profile_membership_tests.rs:1209:17
     |
1209 |                 super::admit_persisted_intent(persisted.closure_manifest().objects())
     |                 ^^^^^^^^^^^^^^^^^^^^^^^^^^^^^
     |
help: remove the unnecessary path segments
     |
1209 -                 super::admit_persisted_intent(persisted.closure_manifest().objects())
1209 +                 admit_persisted_intent(persisted.closure_manifest().objects())
     |

warning: unnecessary qualification
    --> crates/local-service/src/builtin/profile_membership_tests.rs:1236:13
     |
1236 |             super::validate_persisted_capture_changes(
     |             ^^^^^^^^^^^^^^^^^^^^^^^^^^^^^^^^^^^^^^^^^
     |
help: remove the unnecessary path segments
     |
1236 -             super::validate_persisted_capture_changes(
1236 +             validate_persisted_capture_changes(
     |

warning: unused import: `BuiltinCaptureBasis`
  --> crates/local-service/src/builtin.rs:71:31
   |
71 |     BuiltinAuthorityVerifier, BuiltinCaptureBasis, BuiltinCaptureChange, BuiltinProfile,
   |                               ^^^^^^^^^^^^^^^^^^^
   |
   = note: `#[warn(unused_imports)]` (part of `#[warn(unused)]`) on by default

warning: unnecessary qualification
    --> crates/local-service/src/builtin/cluster_dispatch.rs:5613:20
     |
5613 |     fn block_on<F: std::future::Future>(&self, future: F) -> F::Output {
     |                    ^^^^^^^^^^^^^^^^^^^
     |
help: remove the unnecessary path segments
     |
5613 -     fn block_on<F: std::future::Future>(&self, future: F) -> F::Output {
5613 +     fn block_on<F: Future>(&self, future: F) -> F::Output {
     |

warning: unnecessary qualification
   --> crates/local-service/src/builtin/remote_semantic_query.rs:527:30
    |
527 |         file.set_permissions(std::fs::Permissions::from_mode(0o600))?;
    |                              ^^^^^^^^^^^^^^^^^^^^^^^^^^^^^^^
    |
help: remove the unnecessary path segments
    |
527 -         file.set_permissions(std::fs::Permissions::from_mode(0o600))?;
527 +         file.set_permissions(fs::Permissions::from_mode(0o600))?;
    |

warning: unnecessary qualification
    --> crates/local-service/src/builtin/remote_semantic_query.rs:1500:17
     |
1500 |                 backend_engine::cluster_transport::SecretKey::from_bytes(&[99; 32]).public(),
     |                 ^^^^^^^^^^^^^^^^^^^^^^^^^^^^^^^^^^^^^^^^^^^^^^^^^^^^^^^^
     |
help: remove the unnecessary path segments
     |
1500 -                 backend_engine::cluster_transport::SecretKey::from_bytes(&[99; 32]).public(),
1500 +                 SecretKey::from_bytes(&[99; 32]).public(),
     |

warning: unused import: `BuiltinSemanticRelation`
 --> crates/local-service/src/builtin/embedded_host_retired_tests.rs:8:50
  |
8 |     BuiltinIntentOperation, BuiltinIntentSchema, BuiltinSemanticRelation, BuiltinSourceChange,
  |                                                  ^^^^^^^^^^^^^^^^^^^^^^^

warning: unnecessary qualification
    --> crates/local-service/src/builtin/generation_residence.rs:1420:30
     |
1420 |         let initial_weight = super::resident_weight(initial.images()).expect("initial weight");
     |                              ^^^^^^^^^^^^^^^^^^^^^^
     |
help: remove the unnecessary path segments
     |
1420 -         let initial_weight = super::resident_weight(initial.images()).expect("initial weight");
1420 +         let initial_weight = resident_weight(initial.images()).expect("initial weight");
     |

warning: unnecessary qualification
    --> crates/local-service/src/builtin/generation_residence.rs:1422:13
     |
1422 |             super::resident_weight(replacement.images()).expect("replacement weight");
     |             ^^^^^^^^^^^^^^^^^^^^^^
     |
help: remove the unnecessary path segments
     |
1422 -             super::resident_weight(replacement.images()).expect("replacement weight");
1422 +             resident_weight(replacement.images()).expect("replacement weight");
     |

warning: unnecessary qualification
    --> crates/local-service/src/builtin/generation_residence.rs:1503:27
     |
1503 |         let total_bytes = super::resident_weight(expected.images())
     |                           ^^^^^^^^^^^^^^^^^^^^^^
     |
help: remove the unnecessary path segments
     |
1503 -         let total_bytes = super::resident_weight(expected.images())
1503 +         let total_bytes = resident_weight(expected.images())
     |

warning: unnecessary qualification
  --> crates/local-service/src/builtin/s3_publication/config.rs:87:12
   |
87 |         if std::env::var_os(CHILD_MODE_ENV).is_some() {
   |            ^^^^^^^^^^^^^^^^
   |
help: remove the unnecessary path segments
   |
87 -         if std::env::var_os(CHILD_MODE_ENV).is_some() {
87 +         if env::var_os(CHILD_MODE_ENV).is_some() {
   |

warning: unnecessary qualification
  --> crates/local-service/src/builtin/s3_publication/config.rs:98:26
   |
98 |         let executable = std::env::current_exe().expect("resolve unit-test executable");
   |                          ^^^^^^^^^^^^^^^^^^^^^
   |
help: remove the unnecessary path segments
   |
98 -         let executable = std::env::current_exe().expect("resolve unit-test executable");
98 +         let executable = env::current_exe().expect("resolve unit-test executable");
   |

warning: unnecessary qualification
   --> crates/local-service/src/builtin/s3_publication.rs:551:23
    |
551 |         let scratch = std::env::temp_dir().join(format!(
    |                       ^^^^^^^^^^^^^^^^^^
    |
help: remove the unnecessary path segments
    |
551 -         let scratch = std::env::temp_dir().join(format!(
551 +         let scratch = env::temp_dir().join(format!(
    |

warning: unnecessary qualification
   --> crates/local-service/src/builtin/s3_publication.rs:617:23
    |
617 |         let scratch = std::env::temp_dir().join(format!(
    |                       ^^^^^^^^^^^^^^^^^^
    |
help: remove the unnecessary path segments
    |
617 -         let scratch = std::env::temp_dir().join(format!(
617 +         let scratch = env::temp_dir().join(format!(
    |

warning: unnecessary qualification
   --> crates/local-service/src/builtin/s3_publication.rs:707:23
    |
707 |         let scratch = std::env::temp_dir().join(format!(
    |                       ^^^^^^^^^^^^^^^^^^
    |
help: remove the unnecessary path segments
    |
707 -         let scratch = std::env::temp_dir().join(format!(
707 +         let scratch = env::temp_dir().join(format!(
    |

warning: unused import: `ProductSemanticCaptureOutcome`
  --> crates/local-service/src/builtin/semantic_authority.rs:18:30
   |
18 |     PartialSemanticCoverage, ProductSemanticCaptureOutcome, ProductSemanticPublicationKey,
   |                              ^^^^^^^^^^^^^^^^^^^^^^^^^^^^^

warning: unnecessary qualification
   --> crates/local-service/src/builtin/semantic_authority.rs:420:14
    |
420 |     reached: std::sync::mpsc::SyncSender<()>,
    |              ^^^^^^^^^^^^^^^^^^^^^^^^^^^^^^^
    |
help: remove the unnecessary path segments
    |
420 -     reached: std::sync::mpsc::SyncSender<()>,
420 +     reached: SyncSender<()>,
    |

warning: unnecessary qualification
   --> crates/local-service/src/builtin/semantic_authority.rs:421:14
    |
421 |     release: std::sync::mpsc::Receiver<()>,
    |              ^^^^^^^^^^^^^^^^^^^^^^^^^^^^^
    |
help: remove the unnecessary path segments
    |
421 -     release: std::sync::mpsc::Receiver<()>,
421 +     release: mpsc::Receiver<()>,
    |

warning: unnecessary qualification
   --> crates/local-service/src/builtin/semantic_authority.rs:430:47
    |
430 |     native_history_writer_probe: Mutex<Option<std::sync::mpsc::SyncSender<bool>>>,
    |                                               ^^^^^^^^^^^^^^^^^^^^^^^^^^^^^^^^^
    |
help: remove the unnecessary path segments
    |
430 -     native_history_writer_probe: Mutex<Option<std::sync::mpsc::SyncSender<bool>>>,
430 +     native_history_writer_probe: Mutex<Option<SyncSender<bool>>>,
    |

warning: unnecessary qualification
   --> crates/local-service/src/builtin/semantic_authority.rs:514:18
    |
514 |         reached: std::sync::mpsc::SyncSender<()>,
    |                  ^^^^^^^^^^^^^^^^^^^^^^^^^^^^^^^
    |
help: remove the unnecessary path segments
    |
514 -         reached: std::sync::mpsc::SyncSender<()>,
514 +         reached: SyncSender<()>,
    |

warning: unnecessary qualification
   --> crates/local-service/src/builtin/semantic_authority.rs:515:18
    |
515 |         release: std::sync::mpsc::Receiver<()>,
    |                  ^^^^^^^^^^^^^^^^^^^^^^^^^^^^^
    |
help: remove the unnecessary path segments
    |
515 -         release: std::sync::mpsc::Receiver<()>,
515 +         release: mpsc::Receiver<()>,
    |

warning: unnecessary qualification
   --> crates/local-service/src/builtin/semantic_authority.rs:552:17
    |
552 |         sender: std::sync::mpsc::SyncSender<bool>,
    |                 ^^^^^^^^^^^^^^^^^^^^^^^^^^^^^^^^^
    |
help: remove the unnecessary path segments
    |
552 -         sender: std::sync::mpsc::SyncSender<bool>,
552 +         sender: SyncSender<bool>,
    |

warning: unnecessary qualification
    --> crates/local-service/src/builtin/semantic_authority.rs:1425:18
     |
1425 |         reached: std::sync::mpsc::SyncSender<()>,
     |                  ^^^^^^^^^^^^^^^^^^^^^^^^^^^^^^^
     |
help: remove the unnecessary path segments
     |
1425 -         reached: std::sync::mpsc::SyncSender<()>,
1425 +         reached: SyncSender<()>,
     |

warning: unnecessary qualification
    --> crates/local-service/src/builtin/semantic_authority.rs:1426:18
     |
1426 |         release: std::sync::mpsc::Receiver<()>,
     |                  ^^^^^^^^^^^^^^^^^^^^^^^^^^^^^
     |
help: remove the unnecessary path segments
     |
1426 -         release: std::sync::mpsc::Receiver<()>,
1426 +         release: mpsc::Receiver<()>,
     |

warning: unnecessary qualification
    --> crates/local-service/src/builtin/semantic_authority.rs:4172:16
     |
4172 |             || std::path::PathBuf::from("rustc"),
     |                ^^^^^^^^^^^^^^^^^^^^^^^^
     |
help: remove the unnecessary path segments
     |
4172 -             || std::path::PathBuf::from("rustc"),
4172 +             || PathBuf::from("rustc"),
     |

warning: unnecessary qualification
    --> crates/local-service/src/builtin/semantic_authority.rs:4173:13
     |
4173 |             std::path::PathBuf::from,
     |             ^^^^^^^^^^^^^^^^^^^^^^^^
     |
help: remove the unnecessary path segments
     |
4173 -             std::path::PathBuf::from,
4173 +             PathBuf::from,
     |

warning: unnecessary qualification
    --> crates/local-service/src/builtin/semantic_authority.rs:4433:29
     |
4433 |     struct ScratchWorkspace(std::path::PathBuf);
     |                             ^^^^^^^^^^^^^^^^^^
     |
help: remove the unnecessary path segments
     |
4433 -     struct ScratchWorkspace(std::path::PathBuf);
4433 +     struct ScratchWorkspace(PathBuf);
     |

warning: unnecessary qualification
    --> crates/local-service/src/builtin/semantic_authority.rs:4459:54
     |
4459 |         let (attempted_sender, attempted_receiver) = std::sync::mpsc::channel();
     |                                                      ^^^^^^^^^^^^^^^^^^^^^^^^
     |
help: remove the unnecessary path segments
     |
4459 -         let (attempted_sender, attempted_receiver) = std::sync::mpsc::channel();
4459 +         let (attempted_sender, attempted_receiver) = mpsc::channel();
     |

warning: unnecessary qualification
    --> crates/local-service/src/builtin/semantic_authority.rs:4460:52
     |
4460 |         let (acquired_sender, acquired_receiver) = std::sync::mpsc::channel();
     |                                                    ^^^^^^^^^^^^^^^^^^^^^^^^
     |
help: remove the unnecessary path segments
     |
4460 -         let (acquired_sender, acquired_receiver) = std::sync::mpsc::channel();
4460 +         let (acquired_sender, acquired_receiver) = mpsc::channel();
     |

warning: unnecessary qualification
    --> crates/local-service/src/builtin/semantic_authority.rs:4478:35
     |
4478 |                     .recv_timeout(std::time::Duration::from_secs(2))
     |                                   ^^^^^^^^^^^^^^^^^^^^^^^^^^^^^^
     |
help: remove the unnecessary path segments
     |
4478 -                     .recv_timeout(std::time::Duration::from_secs(2))
4478 +                     .recv_timeout(Duration::from_secs(2))
     |

warning: unnecessary qualification
    --> crates/local-service/src/builtin/semantic_authority.rs:4492:27
     |
4492 |             .recv_timeout(std::time::Duration::from_secs(2))
     |                           ^^^^^^^^^^^^^^^^^^^^^^^^^^^^^^
     |
help: remove the unnecessary path segments
     |
4492 -             .recv_timeout(std::time::Duration::from_secs(2))
4492 +             .recv_timeout(Duration::from_secs(2))
     |

warning: unnecessary qualification
    --> crates/local-service/src/builtin/semantic_authority.rs:4501:19
     |
4501 |         seen: Arc<std::sync::Mutex<Option<PublicationFence>>>,
     |                   ^^^^^^^^^^^^^^^^^^^^^^^^^^^^^^^^^^^^^^^^^^
     |
help: remove the unnecessary path segments
     |
4501 -         seen: Arc<std::sync::Mutex<Option<PublicationFence>>>,
4501 +         seen: Arc<Mutex<Option<PublicationFence>>>,
     |

warning: unnecessary qualification
    --> crates/local-service/src/builtin/semantic_authority.rs:4524:24
     |
4524 |             _selected: super::super::s3_publication::RemoteClosureSelection,
     |                        ^^^^^^^^^^^^^^^^^^^^^^^^^^^^^^^^^^^^^^^^^^^^^^^^^^^^
     |
help: remove the unnecessary path segments
     |
4524 -             _selected: super::super::s3_publication::RemoteClosureSelection,
4524 +             _selected: RemoteClosureSelection,
     |

warning: unnecessary qualification
    --> crates/local-service/src/builtin/semantic_authority.rs:4526:31
     |
4526 |             _expected_schema: backend_version::SchemaIdentity,
     |                               ^^^^^^^^^^^^^^^^^^^^^^^^^^^^^^^
     |
help: remove the unnecessary path segments
     |
4526 -             _expected_schema: backend_version::SchemaIdentity,
4526 +             _expected_schema: SchemaIdentity,
     |

warning: unnecessary qualification
    --> crates/local-service/src/builtin/semantic_authority.rs:4535:24
     |
4535 |             _selected: super::super::s3_publication::RemoteClosureSelection,
     |                        ^^^^^^^^^^^^^^^^^^^^^^^^^^^^^^^^^^^^^^^^^^^^^^^^^^^^
     |
help: remove the unnecessary path segments
     |
4535 -             _selected: super::super::s3_publication::RemoteClosureSelection,
4535 +             _selected: RemoteClosureSelection,
     |

warning: unnecessary qualification
    --> crates/local-service/src/builtin/semantic_authority.rs:4582:29
     |
4582 |         let seen = Arc::new(std::sync::Mutex::new(None));
     |                             ^^^^^^^^^^^^^^^^^^^^^
     |
help: remove the unnecessary path segments
     |
4582 -         let seen = Arc::new(std::sync::Mutex::new(None));
4582 +         let seen = Arc::new(Mutex::new(None));
     |

warning: unnecessary qualification
    --> crates/local-service/src/builtin/versioned_planes.rs:2222:13
     |
2222 |             backend_semantic::ir::LanguageProfile::Rust(
     |             ^^^^^^^^^^^^^^^^^^^^^^^^^^^^^^^^^^^^^^^^^^^
     |
help: remove the unnecessary path segments
     |
2222 -             backend_semantic::ir::LanguageProfile::Rust(
2222 +             LanguageProfile::Rust(
     |

warning: unnecessary qualification
    --> crates/local-service/src/builtin/versioned_planes.rs:2223:17
     |
2223 |                 backend_semantic::ir::RustEdition::Rust2021,
     |                 ^^^^^^^^^^^^^^^^^^^^^^^^^^^^^^^^^^^^^^^^^^^
     |
help: remove the unnecessary path segments
     |
2223 -                 backend_semantic::ir::RustEdition::Rust2021,
2223 +                 RustEdition::Rust2021,
     |

warning: unnecessary qualification
    --> crates/local-service/src/builtin/versioned_planes.rs:2240:9
     |
2240 |         std::fs::remove_dir_all(directory).expect("remove temporary authority workspace");
     |         ^^^^^^^^^^^^^^^^^^^^^^^
     |
help: remove the unnecessary path segments
     |
2240 -         std::fs::remove_dir_all(directory).expect("remove temporary authority workspace");
2240 +         fs::remove_dir_all(directory).expect("remove temporary authority workspace");
     |

warning: unnecessary qualification
    --> crates/local-service/src/builtin/versioned_planes.rs:2257:13
     |
2257 |             backend_semantic::ir::LanguageProfile::Rust(
     |             ^^^^^^^^^^^^^^^^^^^^^^^^^^^^^^^^^^^^^^^^^^^
     |
help: remove the unnecessary path segments
     |
2257 -             backend_semantic::ir::LanguageProfile::Rust(
2257 +             LanguageProfile::Rust(
     |

warning: unnecessary qualification
    --> crates/local-service/src/builtin/versioned_planes.rs:2258:17
     |
2258 |                 backend_semantic::ir::RustEdition::Rust2021,
     |                 ^^^^^^^^^^^^^^^^^^^^^^^^^^^^^^^^^^^^^^^^^^^
     |
help: remove the unnecessary path segments
     |
2258 -                 backend_semantic::ir::RustEdition::Rust2021,
2258 +                 RustEdition::Rust2021,
     |

warning: unnecessary qualification
    --> crates/local-service/src/builtin/versioned_planes.rs:2287:9
     |
2287 |         std::fs::remove_dir_all(directory).expect("remove temporary authority workspace");
     |         ^^^^^^^^^^^^^^^^^^^^^^^
     |
help: remove the unnecessary path segments
     |
2287 -         std::fs::remove_dir_all(directory).expect("remove temporary authority workspace");
2287 +         fs::remove_dir_all(directory).expect("remove temporary authority workspace");
     |

warning: unnecessary qualification
    --> crates/local-service/src/builtin/versioned_planes.rs:2385:25
     |
2385 |             _selected: &backend_extension_turso::SelectedGeneration,
     |                         ^^^^^^^^^^^^^^^^^^^^^^^^^^^^^^^^^^^^^^^^^^^
     |
help: remove the unnecessary path segments
     |
2385 -             _selected: &backend_extension_turso::SelectedGeneration,
2385 +             _selected: &SelectedGeneration,
     |

warning: unnecessary qualification
    --> crates/local-service/src/builtin/versioned_planes.rs:2517:25
     |
2517 |             _selected: &backend_extension_turso::SelectedGeneration,
     |                         ^^^^^^^^^^^^^^^^^^^^^^^^^^^^^^^^^^^^^^^^^^^
     |
help: remove the unnecessary path segments
     |
2517 -             _selected: &backend_extension_turso::SelectedGeneration,
2517 +             _selected: &SelectedGeneration,
     |

warning: unnecessary qualification
    --> crates/local-service/src/builtin/view_build/image_rows.rs:1548:25
     |
1548 |         let projected = super::project_image_rows(
     |                         ^^^^^^^^^^^^^^^^^^^^^^^^^
     |
help: remove the unnecessary path segments
     |
1548 -         let projected = super::project_image_rows(
1548 +         let projected = project_image_rows(
     |

warning: unnecessary qualification
    --> crates/local-service/src/builtin/view_build/image_rows.rs:1572:9
     |
1572 |         super::apply_projected_image(&projected, &mut sink).expect("apply direct projection");
     |         ^^^^^^^^^^^^^^^^^^^^^^^^^^^^
     |
help: remove the unnecessary path segments
     |
1572 -         super::apply_projected_image(&projected, &mut sink).expect("apply direct projection");
1572 +         apply_projected_image(&projected, &mut sink).expect("apply direct projection");
     |

warning: unused import: `ProductSemanticCaptureOutcome`
  --> crates/local-service/src/builtin/view_build/semantic.rs:24:5
   |
24 |     ProductSemanticCaptureOutcome, ProductSemanticPublicationRecord, SemanticUnavailableReason,
   |     ^^^^^^^^^^^^^^^^^^^^^^^^^^^^^

warning: unnecessary qualification
    --> crates/local-service/src/builtin/view_publish.rs:1752:32
     |
1752 |                 cargo_aliases: std::collections::BTreeMap::new(),
     |                                ^^^^^^^^^^^^^^^^^^^^^^^^^^^^^^^
     |
help: remove the unnecessary path segments
     |
1752 -                 cargo_aliases: std::collections::BTreeMap::new(),
1752 +                 cargo_aliases: BTreeMap::new(),
     |

warning: unnecessary qualification
    --> crates/local-service/src/builtin/view_publish.rs:1949:19
     |
1949 |         initial: &backend_engine::ViewRoot,
     |                   ^^^^^^^^^^^^^^^^^^^^^^^^
     |
help: remove the unnecessary path segments
     |
1949 -         initial: &backend_engine::ViewRoot,
1949 +         initial: &ViewRoot,
     |

warning: unnecessary qualification
    --> crates/local-service/src/builtin/commands/adapter.rs:2542:29
     |
2542 |                         && !super::super::ingest::compiler_revision_is_current(revision_fence)
     |                             ^^^^^^^^^^^^^^^^^^^^^^^^^^^^^^^^^^^^^^^^^^^^^^^^^^
     |
help: remove the unnecessary path segments
     |
2542 -                         && !super::super::ingest::compiler_revision_is_current(revision_fence)
2542 +                         && !ingest::compiler_revision_is_current(revision_fence)
     |

warning: unnecessary qualification
    --> crates/local-service/src/builtin/commands/adapter.rs:3089:29
     |
3089 |                         && !super::super::ingest::compiler_revision_is_current(revision_fence)
     |                             ^^^^^^^^^^^^^^^^^^^^^^^^^^^^^^^^^^^^^^^^^^^^^^^^^^
     |
help: remove the unnecessary path segments
     |
3089 -                         && !super::super::ingest::compiler_revision_is_current(revision_fence)
3089 +                         && !ingest::compiler_revision_is_current(revision_fence)
     |

warning: unnecessary qualification
    --> crates/local-service/src/builtin/commands/adapter.rs:3249:9
     |
3249 |         super::super::ingest::recover_indexed_excerpt(
     |         ^^^^^^^^^^^^^^^^^^^^^^^^^^^^^^^^^^^^^^^^^^^^^
     |
help: remove the unnecessary path segments
     |
3249 -         super::super::ingest::recover_indexed_excerpt(
3249 +         ingest::recover_indexed_excerpt(
     |

warning: unused import: `BuiltinSemanticRelation`
    --> crates/local-service/src/builtin/commands/adapter.rs:4272:54
     |
4272 |         BuiltinIntent, BuiltinModel, BuiltinProfile, BuiltinSemanticRelation,
     |                                                      ^^^^^^^^^^^^^^^^^^^^^^^

warning: unused import: `ProductSemanticCaptureRelation`
  --> crates/local-service/src/builtin/commands/index.rs:19:61
   |
19 |     PartialSemanticCoverage, ProductSemanticCaptureOutcome, ProductSemanticCaptureRelation,
   |                                                             ^^^^^^^^^^^^^^^^^^^^^^^^^^^^^^

warning: unused import: `Relation as _`
  --> crates/local-service/src/builtin/commands/index.rs:39:33
   |
39 | use backend_version::{Coverage, Relation as _, ScopeRoot, WorkspaceRoot};
   |                                 ^^^^^^^^^^^^^

warning: unnecessary qualification
    --> crates/local-service/src/builtin/commands/index.rs:1435:48
     |
1435 |     compiler_failure: Option<(LanguageProfile, backend_library::PackageCompilerFailure)>,
     |                                                ^^^^^^^^^^^^^^^^^^^^^^^^^^^^^^^^^^^^^^^
     |
help: remove the unnecessary path segments
     |
1435 -     compiler_failure: Option<(LanguageProfile, backend_library::PackageCompilerFailure)>,
1435 +     compiler_failure: Option<(LanguageProfile, PackageCompilerFailure)>,
     |

warning: unnecessary qualification
    --> crates/local-service/src/builtin/commands/index.rs:1672:48
     |
1672 |     compiler_failure: Option<(LanguageProfile, backend_library::PackageCompilerFailure)>,
     |                                                ^^^^^^^^^^^^^^^^^^^^^^^^^^^^^^^^^^^^^^^
     |
help: remove the unnecessary path segments
     |
1672 -     compiler_failure: Option<(LanguageProfile, backend_library::PackageCompilerFailure)>,
1672 +     compiler_failure: Option<(LanguageProfile, PackageCompilerFailure)>,
     |

warning: unnecessary qualification
    --> crates/local-service/src/builtin/commands/index_operation.rs:1442:20
     |
1442 |     fn open(path: &std::path::Path) -> IndexOperationJournal {
     |                    ^^^^^^^^^^^^^^^
     |
help: remove the unnecessary path segments
     |
1442 -     fn open(path: &std::path::Path) -> IndexOperationJournal {
1442 +     fn open(path: &Path) -> IndexOperationJournal {
     |

warning: unnecessary qualification
    --> crates/local-service/src/builtin/commands/index_operation.rs:1522:23
     |
1522 |     fn cleanup(path: &std::path::Path) {
     |                       ^^^^^^^^^^^^^^^
     |
help: remove the unnecessary path segments
     |
1522 -     fn cleanup(path: &std::path::Path) {
1522 +     fn cleanup(path: &Path) {
     |

warning: unnecessary qualification
    --> crates/local-service/src/builtin/commands/index_operation.rs:2163:32
     |
2163 |         let mut journal = open(std::path::Path::new(&path));
     |                                ^^^^^^^^^^^^^^^^^^^^
     |
help: remove the unnecessary path segments
     |
2163 -         let mut journal = open(std::path::Path::new(&path));
2163 +         let mut journal = open(Path::new(&path));
     |

warning: unnecessary qualification
     --> crates/local-service/src/builtin/commands/semantic_query.rs:10810:19
      |
10810 |             kind: backend_semantic::ir::LinkKind::Calls,
      |                   ^^^^^^^^^^^^^^^^^^^^^^^^^^^^^^^^^^^^^
      |
help: remove the unnecessary path segments
      |
10810 -             kind: backend_semantic::ir::LinkKind::Calls,
10810 +             kind: LinkKind::Calls,
      |

warning: unnecessary qualification
     --> crates/local-service/src/builtin/commands/semantic_query.rs:10846:23
      |
10846 |                 kind: backend_semantic::ir::LinkKind::Calls,
      |                       ^^^^^^^^^^^^^^^^^^^^^^^^^^^^^^^^^^^^^
      |
help: remove the unnecessary path segments
      |
10846 -                 kind: backend_semantic::ir::LinkKind::Calls,
10846 +                 kind: LinkKind::Calls,
      |

warning: unnecessary qualification
     --> crates/local-service/src/builtin/commands/semantic_query.rs:10871:29
      |
10871 |         let callee_symbol = super::super::super::view_build::semantic_symbol(
      |                             ^^^^^^^^^^^^^^^^^^^^^^^^^^^^^^^^^^^^^^^^^^^^^^^^
      |
help: remove the unnecessary path segments
      |
10871 -         let callee_symbol = super::super::super::view_build::semantic_symbol(
10871 +         let callee_symbol = view_build::semantic_symbol(
      |

warning: unnecessary qualification
     --> crates/local-service/src/builtin/commands/semantic_query.rs:10885:16
      |
10885 |             != super::super::super::view_build::semantic_symbol(
      |                ^^^^^^^^^^^^^^^^^^^^^^^^^^^^^^^^^^^^^^^^^^^^^^^^
      |
help: remove the unnecessary path segments
      |
10885 -             != super::super::super::view_build::semantic_symbol(
10885 +             != view_build::semantic_symbol(
      |

warning: unnecessary qualification
     --> crates/local-service/src/builtin/commands/semantic_query.rs:10926:22
      |
10926 |         let absent = super::super::super::view_build::semantic_symbol(
      |                      ^^^^^^^^^^^^^^^^^^^^^^^^^^^^^^^^^^^^^^^^^^^^^^^^
      |
help: remove the unnecessary path segments
      |
10926 -         let absent = super::super::super::view_build::semantic_symbol(
10926 +         let absent = view_build::semantic_symbol(
      |

warning: unnecessary qualification
    --> crates/local-service/src/builtin/commands/semantic_shapes.rs:1957:53
     |
1957 |             backend_engine::SemanticTypeFact::Known(backend_engine::SemanticTypeExpr::Object(
     |                                                     ^^^^^^^^^^^^^^^^^^^^^^^^^^^^^^^^^^^^^^^^
     |
help: remove the unnecessary path segments
     |
1957 -             backend_engine::SemanticTypeFact::Known(backend_engine::SemanticTypeExpr::Object(
1957 +             backend_engine::SemanticTypeFact::Known(SemanticTypeExpr::Object(
     |

warning: unnecessary qualification
    --> crates/local-service/src/builtin/commands/semantic_shapes.rs:1966:33
     |
1966 | ...                   backend_engine::SemanticTypeExpr::Literal(
     |                       ^^^^^^^^^^^^^^^^^^^^^^^^^^^^^^^^^^^^^^^^^
     |
help: remove the unnecessary path segments
     |
1966 -                                 backend_engine::SemanticTypeExpr::Literal(
1966 +                                 SemanticTypeExpr::Literal(
     |

warning: unused import: `PreparedBuiltinIntent`
  --> crates/local-service/src/builtin/commands/mod.rs:19:5
   |
19 |     PreparedBuiltinIntent, commit_builtin_intent, commit_prepared_builtin_intent,
   |     ^^^^^^^^^^^^^^^^^^^^^

warning: unused import: `source_capture_receipt_for_root`
  --> crates/local-service/src/builtin/commands/mod.rs:23:62
   |
23 |     recover_awaiting_selection, recover_offered_reservation, source_capture_receipt_for_root,
   |                                                              ^^^^^^^^^^^^^^^^^^^^^^^^^^^^^^^

warning: unnecessary qualification
    --> crates/local-service/src/builtin/registry.rs:1061:35
     |
1061 |             let source_identity = backend_engine::serde_json::to_vec(&source.source)
     |                                   ^^^^^^^^^^^^^^^^^^^^^^^^^^^^^^^^^^
     |
help: remove the unnecessary path segments
     |
1061 -             let source_identity = backend_engine::serde_json::to_vec(&source.source)
1061 +             let source_identity = serde_json::to_vec(&source.source)
     |

warning: unnecessary qualification
    --> crates/local-service/src/builtin/registry.rs:1086:25
     |
1086 |         let osv_scope = backend_engine::serde_json::to_vec(&self.advisory_config.osv_scope)
     |                         ^^^^^^^^^^^^^^^^^^^^^^^^^^^^^^^^^^
     |
help: remove the unnecessary path segments
     |
1086 -         let osv_scope = backend_engine::serde_json::to_vec(&self.advisory_config.osv_scope)
1086 +         let osv_scope = serde_json::to_vec(&self.advisory_config.osv_scope)
     |

warning: unnecessary qualification
    --> crates/local-service/src/builtin/registry.rs:1391:17
     |
1391 |                 backend_engine::acquisition::NegativeFactKind::Yanked => {
     |                 ^^^^^^^^^^^^^^^^^^^^^^^^^^^^^^^^^^^^^^^^^^^^^^^^^^^^^
     |
help: remove the unnecessary path segments
     |
1391 -                 backend_engine::acquisition::NegativeFactKind::Yanked => {
1391 +                 NegativeFactKind::Yanked => {
     |

warning: unnecessary qualification
    --> crates/local-service/src/builtin/registry.rs:1396:17
     |
1396 |                 backend_engine::acquisition::NegativeFactKind::AdvisoryBlocked => {
     |                 ^^^^^^^^^^^^^^^^^^^^^^^^^^^^^^^^^^^^^^^^^^^^^^^^^^^^^^^^^^^^^^
     |
help: remove the unnecessary path segments
     |
1396 -                 backend_engine::acquisition::NegativeFactKind::AdvisoryBlocked => {
1396 +                 NegativeFactKind::AdvisoryBlocked => {
     |

warning: unnecessary qualification
    --> crates/local-service/src/builtin/registry.rs:1399:17
     |
1399 |                 backend_engine::acquisition::NegativeFactKind::Unsupported => {
     |                 ^^^^^^^^^^^^^^^^^^^^^^^^^^^^^^^^^^^^^^^^^^^^^^^^^^^^^^^^^^
     |
help: remove the unnecessary path segments
     |
1399 -                 backend_engine::acquisition::NegativeFactKind::Unsupported => {
1399 +                 NegativeFactKind::Unsupported => {
     |

warning: unnecessary qualification
    --> crates/local-service/src/builtin/registry.rs:1402:17
     |
1402 |                 backend_engine::acquisition::NegativeFactKind::NotFound => {
     |                 ^^^^^^^^^^^^^^^^^^^^^^^^^^^^^^^^^^^^^^^^^^^^^^^^^^^^^^^
     |
help: remove the unnecessary path segments
     |
1402 -                 backend_engine::acquisition::NegativeFactKind::NotFound => {
1402 +                 NegativeFactKind::NotFound => {
     |

warning: unnecessary qualification
    --> crates/local-service/src/builtin/registry.rs:2312:27
     |
2312 |         fn capture(file: &std::fs::File) -> Result<Self, String> {
     |                           ^^^^^^^^^^^^^
     |
help: remove the unnecessary path segments
     |
2312 -         fn capture(file: &std::fs::File) -> Result<Self, String> {
2312 +         fn capture(file: &File) -> Result<Self, String> {
     |

warning: unnecessary qualification
    --> crates/local-service/src/builtin/registry.rs:3679:22
     |
3679 |         let source = backend_engine::registry::RegistrySource::new(endpoint).with_native(false);
     |                      ^^^^^^^^^^^^^^^^^^^^^^^^^^^^^^^^^^^^^^^^^^^^^
     |
help: remove the unnecessary path segments
     |
3679 -         let source = backend_engine::registry::RegistrySource::new(endpoint).with_native(false);
3679 +         let source = RegistrySource::new(endpoint).with_native(false);
     |

warning: unnecessary qualification
    --> crates/local-service/src/builtin/registry.rs:3680:23
     |
3680 |         let sources = backend_engine::registry::RegistrySourceSet::empty()
     |                       ^^^^^^^^^^^^^^^^^^^^^^^^^^^^^^^^^^^^^^^^^^^^^^^^^^
     |
help: remove the unnecessary path segments
     |
3680 -         let sources = backend_engine::registry::RegistrySourceSet::empty()
3680 +         let sources = RegistrySourceSet::empty()
     |

warning: unnecessary qualification
    --> crates/local-service/src/builtin/registry.rs:3687:21
     |
3687 |             policy: backend_engine::registry::AcquisitionPolicy::Online,
     |                     ^^^^^^^^^^^^^^^^^^^^^^^^^^^^^^^^^^^^^^^^^^^^^^^^^^^
     |
help: remove the unnecessary path segments
     |
3687 -             policy: backend_engine::registry::AcquisitionPolicy::Online,
3687 +             policy: AcquisitionPolicy::Online,
     |

warning: unnecessary qualification
    --> crates/local-service/src/builtin/registry.rs:4313:24
     |
4313 |         let original = std::sync::Arc::new(
     |                        ^^^^^^^^^^^^^^^^^^^
     |
help: remove the unnecessary path segments
     |
4313 -         let original = std::sync::Arc::new(
4313 +         let original = Arc::new(
     |

warning: unnecessary qualification
    --> crates/local-service/src/builtin/registry.rs:4318:13
     |
4318 |             std::sync::Arc::clone(&original)
     |             ^^^^^^^^^^^^^^^^^^^^^
     |
help: remove the unnecessary path segments
     |
4318 -             std::sync::Arc::clone(&original)
4318 +             Arc::clone(&original)
     |

warning: unnecessary qualification
    --> crates/local-service/src/builtin/registry.rs:4320:13
     |
4320 |             std::sync::Arc::new(
     |             ^^^^^^^^^^^^^^^^^^^
     |
help: remove the unnecessary path segments
     |
4320 -             std::sync::Arc::new(
4320 +             Arc::new(
     |

warning: unnecessary qualification
    --> crates/local-service/src/builtin/registry.rs:4324:17
     |
4324 |         assert!(std::sync::Arc::ptr_eq(&original, &reused));
     |                 ^^^^^^^^^^^^^^^^^^^^^^
     |
help: remove the unnecessary path segments
     |
4324 -         assert!(std::sync::Arc::ptr_eq(&original, &reused));
4324 +         assert!(Arc::ptr_eq(&original, &reused));
     |

warning: unnecessary qualification
    --> crates/local-service/src/builtin/registry.rs:4326:23
     |
4326 |         let rebuilt = std::sync::Arc::new(
     |                       ^^^^^^^^^^^^^^^^^^^
     |
help: remove the unnecessary path segments
     |
4326 -         let rebuilt = std::sync::Arc::new(
4326 +         let rebuilt = Arc::new(
     |

warning: unnecessary qualification
    --> crates/local-service/src/builtin/browse/cargo_metadata.rs:2455:29
     |
2455 |         let sccache_paths = super::super::sccache_configuration_paths(&package)
     |                             ^^^^^^^^^^^^^^^^^^^^^^^^^^^^^^^^^^^^^^^^^
     |
help: remove the unnecessary path segments
     |
2455 -         let sccache_paths = super::super::sccache_configuration_paths(&package)
2455 +         let sccache_paths = sccache_configuration_paths(&package)
     |

warning: unnecessary qualification
    --> crates/local-service/src/builtin/browse/cargo_metadata.rs:2458:13
     |
2458 |             super::super::rustup_selection_paths(&package).expect("request-CWD rustup selectors");
     |             ^^^^^^^^^^^^^^^^^^^^^^^^^^^^^^^^^^^^
     |
help: remove the unnecessary path segments
     |
2458 -             super::super::rustup_selection_paths(&package).expect("request-CWD rustup selectors");
2458 +             rustup_selection_paths(&package).expect("request-CWD rustup selectors");
     |

warning: unnecessary qualification
    --> crates/local-service/src/builtin/browse/cargo_metadata.rs:2468:9
     |
2468 |         super::super::observation_witness_with_context(&workspace, &watched, [1; 32], [2; 32])
     |         ^^^^^^^^^^^^^^^^^^^^^^^^^^^^^^^^^^^^^^^^^^^^^^
     |
help: remove the unnecessary path segments
     |
2468 -         super::super::observation_witness_with_context(&workspace, &watched, [1; 32], [2; 32])
2468 +         observation_witness_with_context(&workspace, &watched, [1; 32], [2; 32])
     |

warning: unnecessary qualification
    --> crates/local-service/src/builtin/discovery_search.rs:6264:31
     |
6264 |     fn temp_journal_path() -> std::path::PathBuf {
     |                               ^^^^^^^^^^^^^^^^^^
     |
help: remove the unnecessary path segments
     |
6264 -     fn temp_journal_path() -> std::path::PathBuf {
6264 +     fn temp_journal_path() -> PathBuf {
     |

warning: unnecessary qualification
    --> crates/local-service/src/builtin/discovery_search.rs:6311:27
     |
6311 |     fn file_sha256(path: &std::path::Path) -> String {
     |                           ^^^^^^^^^^^^^^^
     |
help: remove the unnecessary path segments
     |
6311 -     fn file_sha256(path: &std::path::Path) -> String {
6311 +     fn file_sha256(path: &Path) -> String {
     |

warning: unnecessary qualification
    --> crates/local-service/src/builtin/discovery_search.rs:6315:24
     |
6315 |         let mut file = std::fs::File::open(path).expect("open benchmark executable");
     |                        ^^^^^^^^^^^^^^^^^^^
     |
help: remove the unnecessary path segments
     |
6315 -         let mut file = std::fs::File::open(path).expect("open benchmark executable");
6315 +         let mut file = File::open(path).expect("open benchmark executable");
     |

warning: unnecessary qualification
    --> crates/local-service/src/builtin/discovery_search.rs:6346:40
     |
6346 |     fn measured_directory_bytes(path: &std::path::Path) -> u64 {
     |                                        ^^^^^^^^^^^^^^^
     |
help: remove the unnecessary path segments
     |
6346 -     fn measured_directory_bytes(path: &std::path::Path) -> u64 {
6346 +     fn measured_directory_bytes(path: &Path) -> u64 {
     |

warning: unnecessary qualification
    --> crates/local-service/src/builtin/discovery_search.rs:6347:27
     |
6347 |         let Ok(entries) = std::fs::read_dir(path) else {
     |                           ^^^^^^^^^^^^^^^^^
     |
help: remove the unnecessary path segments
     |
6347 -         let Ok(entries) = std::fs::read_dir(path) else {
6347 +         let Ok(entries) = fs::read_dir(path) else {
     |

warning: unnecessary qualification
    --> crates/local-service/src/builtin/discovery_search.rs:6359:21
     |
6359 |                     std::fs::symlink_metadata(entry.path())
     |                     ^^^^^^^^^^^^^^^^^^^^^^^^^
     |
help: remove the unnecessary path segments
     |
6359 -                     std::fs::symlink_metadata(entry.path())
6359 +                     fs::symlink_metadata(entry.path())
     |

warning: unnecessary qualification
    --> crates/local-service/src/builtin/discovery_search.rs:6361:33
     |
6361 |                         .filter(std::fs::Metadata::is_file)
     |                                 ^^^^^^^^^^^^^^^^^^^^^^^^^^
     |
help: remove the unnecessary path segments
     |
6361 -                         .filter(std::fs::Metadata::is_file)
6361 +                         .filter(fs::Metadata::is_file)
     |

warning: unnecessary qualification
    --> crates/local-service/src/builtin/discovery_search.rs:6448:28
     |
6448 |         let journal_path = std::path::PathBuf::from(
     |                            ^^^^^^^^^^^^^^^^^^^^^^^^
     |
help: remove the unnecessary path segments
     |
6448 -         let journal_path = std::path::PathBuf::from(
6448 +         let journal_path = PathBuf::from(
     |

warning: unnecessary qualification
    --> crates/local-service/src/builtin/discovery_search.rs:6452:27
     |
6452 |         let labels_path = std::path::PathBuf::from(
     |                           ^^^^^^^^^^^^^^^^^^^^^^^^
     |
help: remove the unnecessary path segments
     |
6452 -         let labels_path = std::path::PathBuf::from(
6452 +         let labels_path = PathBuf::from(
     |

warning: unnecessary qualification
    --> crates/local-service/src/builtin/discovery_search.rs:6456:26
     |
6456 |         let cache_root = std::path::PathBuf::from(
     |                          ^^^^^^^^^^^^^^^^^^^^^^^^
     |
help: remove the unnecessary path segments
     |
6456 -         let cache_root = std::path::PathBuf::from(
6456 +         let cache_root = PathBuf::from(
     |

warning: unnecessary qualification
    --> crates/local-service/src/builtin/discovery_search.rs:6460:27
     |
6460 |         let report_path = std::path::PathBuf::from(
     |                           ^^^^^^^^^^^^^^^^^^^^^^^^
     |
help: remove the unnecessary path segments
     |
6460 -         let report_path = std::path::PathBuf::from(
6460 +         let report_path = PathBuf::from(
     |

warning: unnecessary qualification
    --> crates/local-service/src/builtin/discovery_search.rs:6468:32
     |
6468 |         let executable_bytes = std::fs::metadata(&executable_path)
     |                                ^^^^^^^^^^^^^^^^^
     |
help: remove the unnecessary path segments
     |
6468 -         let executable_bytes = std::fs::metadata(&executable_path)
6468 +         let executable_bytes = fs::metadata(&executable_path)
     |

warning: unnecessary qualification
    --> crates/local-service/src/builtin/discovery_search.rs:6472:13
     |
6472 |             std::path::PathBuf::from(env!("CARGO_MANIFEST_DIR")).join("../../Cargo.lock");
     |             ^^^^^^^^^^^^^^^^^^^^^^^^
     |
help: remove the unnecessary path segments
     |
6472 -             std::path::PathBuf::from(env!("CARGO_MANIFEST_DIR")).join("../../Cargo.lock");
6472 +             PathBuf::from(env!("CARGO_MANIFEST_DIR")).join("../../Cargo.lock");
     |

warning: unnecessary qualification
    --> crates/local-service/src/builtin/discovery_search.rs:6479:29
     |
6479 |         let journal_bytes = std::fs::read(&journal_path).expect("read pinned journal copy");
     |                             ^^^^^^^^^^^^^
     |
help: remove the unnecessary path segments
     |
6479 -         let journal_bytes = std::fs::read(&journal_path).expect("read pinned journal copy");
6479 +         let journal_bytes = fs::read(&journal_path).expect("read pinned journal copy");
     |

warning: unnecessary qualification
    --> crates/local-service/src/builtin/discovery_search.rs:6492:28
     |
6492 |         let labels_bytes = std::fs::read(&labels_path).expect("read independent query labels");
     |                            ^^^^^^^^^^^^^
     |
help: remove the unnecessary path segments
     |
6492 -         let labels_bytes = std::fs::read(&labels_path).expect("read independent query labels");
6492 +         let labels_bytes = fs::read(&labels_path).expect("read independent query labels");
     |

warning: unnecessary qualification
    --> crates/local-service/src/builtin/discovery_search.rs:6804:13
     |
6804 |             std::fs::create_dir_all(parent).expect("create benchmark report directory");
     |             ^^^^^^^^^^^^^^^^^^^^^^^
     |
help: remove the unnecessary path segments
     |
6804 -             std::fs::create_dir_all(parent).expect("create benchmark report directory");
6804 +             fs::create_dir_all(parent).expect("create benchmark report directory");
     |

warning: unnecessary qualification
    --> crates/local-service/src/builtin/discovery_search.rs:6806:9
     |
6806 |         std::fs::write(
     |         ^^^^^^^^^^^^^^
     |
help: remove the unnecessary path segments
     |
6806 -         std::fs::write(
6806 +         fs::write(
     |

warning: unnecessary qualification
    --> crates/local-service/src/builtin/discovery_search.rs:7798:17
     |
7798 |         let _ = std::fs::remove_file(&path);
     |                 ^^^^^^^^^^^^^^^^^^^^
     |
help: remove the unnecessary path segments
     |
7798 -         let _ = std::fs::remove_file(&path);
7798 +         let _ = fs::remove_file(&path);
     |

warning: unnecessary qualification
    --> crates/local-service/src/builtin/discovery_search.rs:7799:17
     |
7799 |         let _ = std::fs::remove_file(path.with_extension("journal.lock"));
     |                 ^^^^^^^^^^^^^^^^^^^^
     |
help: remove the unnecessary path segments
     |
7799 -         let _ = std::fs::remove_file(path.with_extension("journal.lock"));
7799 +         let _ = fs::remove_file(path.with_extension("journal.lock"));
     |

warning: unnecessary qualification
    --> crates/local-service/src/builtin/discovery_search.rs:7894:17
     |
7894 |         let _ = std::fs::remove_file(&path);
     |                 ^^^^^^^^^^^^^^^^^^^^
     |
help: remove the unnecessary path segments
     |
7894 -         let _ = std::fs::remove_file(&path);
7894 +         let _ = fs::remove_file(&path);
     |

warning: unnecessary qualification
    --> crates/local-service/src/builtin/discovery_search.rs:7895:17
     |
7895 |         let _ = std::fs::remove_file(path.with_extension("journal.lock"));
     |                 ^^^^^^^^^^^^^^^^^^^^
     |
help: remove the unnecessary path segments
     |
7895 -         let _ = std::fs::remove_file(path.with_extension("journal.lock"));
7895 +         let _ = fs::remove_file(path.with_extension("journal.lock"));
     |

warning: unnecessary qualification
    --> crates/local-service/src/builtin/discovery_search.rs:8043:17
     |
8043 |         let _ = std::fs::remove_file(&path);
     |                 ^^^^^^^^^^^^^^^^^^^^
     |
help: remove the unnecessary path segments
     |
8043 -         let _ = std::fs::remove_file(&path);
8043 +         let _ = fs::remove_file(&path);
     |

warning: unnecessary qualification
    --> crates/local-service/src/builtin/discovery_search.rs:8044:17
     |
8044 |         let _ = std::fs::remove_file(path.with_extension("journal.lock"));
     |                 ^^^^^^^^^^^^^^^^^^^^
     |
help: remove the unnecessary path segments
     |
8044 -         let _ = std::fs::remove_file(path.with_extension("journal.lock"));
8044 +         let _ = fs::remove_file(path.with_extension("journal.lock"));
     |

warning: unnecessary qualification
    --> crates/local-service/src/builtin/discovery_search.rs:8047:17
     |
8047 |         let _ = std::fs::remove_file(std::path::PathBuf::from(lock_path));
     |                 ^^^^^^^^^^^^^^^^^^^^
     |
help: remove the unnecessary path segments
     |
8047 -         let _ = std::fs::remove_file(std::path::PathBuf::from(lock_path));
8047 +         let _ = fs::remove_file(std::path::PathBuf::from(lock_path));
     |

warning: unnecessary qualification
    --> crates/local-service/src/builtin/discovery_search.rs:8047:38
     |
8047 |         let _ = std::fs::remove_file(std::path::PathBuf::from(lock_path));
     |                                      ^^^^^^^^^^^^^^^^^^^^^^^^
     |
help: remove the unnecessary path segments
     |
8047 -         let _ = std::fs::remove_file(std::path::PathBuf::from(lock_path));
8047 +         let _ = std::fs::remove_file(PathBuf::from(lock_path));
     |

warning: unnecessary qualification
    --> crates/local-service/src/builtin/discovery_search.rs:8216:17
     |
8216 |         let _ = std::fs::remove_file(&path);
     |                 ^^^^^^^^^^^^^^^^^^^^
     |
help: remove the unnecessary path segments
     |
8216 -         let _ = std::fs::remove_file(&path);
8216 +         let _ = fs::remove_file(&path);
     |

warning: unnecessary qualification
    --> crates/local-service/src/builtin/discovery_search.rs:8217:17
     |
8217 |         let _ = std::fs::remove_file(path.with_extension("journal.lock"));
     |                 ^^^^^^^^^^^^^^^^^^^^
     |
help: remove the unnecessary path segments
     |
8217 -         let _ = std::fs::remove_file(path.with_extension("journal.lock"));
8217 +         let _ = fs::remove_file(path.with_extension("journal.lock"));
     |

warning: unnecessary qualification
    --> crates/local-service/src/builtin/discovery_search.rs:8305:9
     |
8305 |         std::fs::write(
     |         ^^^^^^^^^^^^^^
     |
help: remove the unnecessary path segments
     |
8305 -         std::fs::write(
8305 +         fs::write(
     |

warning: unnecessary qualification
    --> crates/local-service/src/builtin/discovery_search.rs:8313:9
     |
8313 |         std::fs::create_dir(&incomplete).expect("simulated interrupted build");
     |         ^^^^^^^^^^^^^^^^^^^
     |
help: remove the unnecessary path segments
     |
8313 -         std::fs::create_dir(&incomplete).expect("simulated interrupted build");
8313 +         fs::create_dir(&incomplete).expect("simulated interrupted build");
     |

warning: unnecessary qualification
    --> crates/local-service/src/builtin/discovery_search.rs:8338:17
     |
8338 |         let _ = std::fs::remove_dir_all(cache);
     |                 ^^^^^^^^^^^^^^^^^^^^^^^
     |
help: remove the unnecessary path segments
     |
8338 -         let _ = std::fs::remove_dir_all(cache);
8338 +         let _ = fs::remove_dir_all(cache);
     |

warning: unnecessary qualification
    --> crates/local-service/src/builtin/discovery_search.rs:8412:17
     |
8412 |         let _ = std::fs::remove_dir_all(cache);
     |                 ^^^^^^^^^^^^^^^^^^^^^^^
     |
help: remove the unnecessary path segments
     |
8412 -         let _ = std::fs::remove_dir_all(cache);
8412 +         let _ = fs::remove_dir_all(cache);
     |

warning: unnecessary qualification
    --> crates/local-service/src/builtin/discovery_search.rs:8507:9
     |
8507 |         std::fs::set_permissions(&latest_root, std::fs::Permissions::from_mode(0o000))
     |         ^^^^^^^^^^^^^^^^^^^^^^^^
     |
help: remove the unnecessary path segments
     |
8507 -         std::fs::set_permissions(&latest_root, std::fs::Permissions::from_mode(0o000))
8507 +         fs::set_permissions(&latest_root, std::fs::Permissions::from_mode(0o000))
     |

warning: unnecessary qualification
    --> crates/local-service/src/builtin/discovery_search.rs:8507:48
     |
8507 |         std::fs::set_permissions(&latest_root, std::fs::Permissions::from_mode(0o000))
     |                                                ^^^^^^^^^^^^^^^^^^^^^^^^^^^^^^^
     |
help: remove the unnecessary path segments
     |
8507 -         std::fs::set_permissions(&latest_root, std::fs::Permissions::from_mode(0o000))
8507 +         std::fs::set_permissions(&latest_root, fs::Permissions::from_mode(0o000))
     |

warning: unnecessary qualification
    --> crates/local-service/src/builtin/discovery_search.rs:8514:9
     |
8514 |         std::fs::set_permissions(&latest_root, std::fs::Permissions::from_mode(0o700))
     |         ^^^^^^^^^^^^^^^^^^^^^^^^
     |
help: remove the unnecessary path segments
     |
8514 -         std::fs::set_permissions(&latest_root, std::fs::Permissions::from_mode(0o700))
8514 +         fs::set_permissions(&latest_root, std::fs::Permissions::from_mode(0o700))
     |

warning: unnecessary qualification
    --> crates/local-service/src/builtin/discovery_search.rs:8514:48
     |
8514 |         std::fs::set_permissions(&latest_root, std::fs::Permissions::from_mode(0o700))
     |                                                ^^^^^^^^^^^^^^^^^^^^^^^^^^^^^^^
     |
help: remove the unnecessary path segments
     |
8514 -         std::fs::set_permissions(&latest_root, std::fs::Permissions::from_mode(0o700))
8514 +         std::fs::set_permissions(&latest_root, fs::Permissions::from_mode(0o700))
     |

warning: unnecessary qualification
    --> crates/local-service/src/builtin/discovery_search.rs:8531:9
     |
8531 |         std::fs::write(&external, b"outside bytes remain unchanged").expect("sentinel");
     |         ^^^^^^^^^^^^^^
     |
help: remove the unnecessary path segments
     |
8531 -         std::fs::write(&external, b"outside bytes remain unchanged").expect("sentinel");
8531 +         fs::write(&external, b"outside bytes remain unchanged").expect("sentinel");
     |

warning: unnecessary qualification
    --> crates/local-service/src/builtin/discovery_search.rs:8533:9
     |
8533 |         std::fs::remove_file(&manifest).expect("remove selected manifest");
     |         ^^^^^^^^^^^^^^^^^^^^
     |
help: remove the unnecessary path segments
     |
8533 -         std::fs::remove_file(&manifest).expect("remove selected manifest");
8533 +         fs::remove_file(&manifest).expect("remove selected manifest");
     |

warning: unnecessary qualification
    --> crates/local-service/src/builtin/discovery_search.rs:8554:13
     |
8554 |             std::fs::symlink_metadata(&manifest)
     |             ^^^^^^^^^^^^^^^^^^^^^^^^^
     |
help: remove the unnecessary path segments
     |
8554 -             std::fs::symlink_metadata(&manifest)
8554 +             fs::symlink_metadata(&manifest)
     |

warning: unnecessary qualification
    --> crates/local-service/src/builtin/discovery_search.rs:8561:13
     |
8561 |             std::fs::read(&external).expect("external target remains unchanged after refusal"),
     |             ^^^^^^^^^^^^^
     |
help: remove the unnecessary path segments
     |
8561 -             std::fs::read(&external).expect("external target remains unchanged after refusal"),
8561 +             fs::read(&external).expect("external target remains unchanged after refusal"),
     |

warning: unnecessary qualification
    --> crates/local-service/src/builtin/discovery_search.rs:8586:13
     |
8586 |             std::fs::read(&external).expect("external target remains readable"),
     |             ^^^^^^^^^^^^^
     |
help: remove the unnecessary path segments
     |
8586 -             std::fs::read(&external).expect("external target remains readable"),
8586 +             fs::read(&external).expect("external target remains readable"),
     |

warning: unnecessary qualification
    --> crates/local-service/src/builtin/discovery_search.rs:8605:17
     |
8605 |         let _ = std::fs::remove_dir_all(cache);
     |                 ^^^^^^^^^^^^^^^^^^^^^^^
     |
help: remove the unnecessary path segments
     |
8605 -         let _ = std::fs::remove_dir_all(cache);
8605 +         let _ = fs::remove_dir_all(cache);
     |

warning: unnecessary qualification
    --> crates/local-service/src/builtin/discovery_search.rs:9413:17
     |
9413 |         let _ = std::fs::remove_file(&path);
     |                 ^^^^^^^^^^^^^^^^^^^^
     |
help: remove the unnecessary path segments
     |
9413 -         let _ = std::fs::remove_file(&path);
9413 +         let _ = fs::remove_file(&path);
     |

warning: unnecessary qualification
    --> crates/local-service/src/builtin/discovery_search.rs:9416:17
     |
9416 |         let _ = std::fs::remove_file(std::path::PathBuf::from(lock_path));
     |                 ^^^^^^^^^^^^^^^^^^^^
     |
help: remove the unnecessary path segments
     |
9416 -         let _ = std::fs::remove_file(std::path::PathBuf::from(lock_path));
9416 +         let _ = fs::remove_file(std::path::PathBuf::from(lock_path));
     |

warning: unnecessary qualification
    --> crates/local-service/src/builtin/discovery_search.rs:9416:38
     |
9416 |         let _ = std::fs::remove_file(std::path::PathBuf::from(lock_path));
     |                                      ^^^^^^^^^^^^^^^^^^^^^^^^
     |
help: remove the unnecessary path segments
     |
9416 -         let _ = std::fs::remove_file(std::path::PathBuf::from(lock_path));
9416 +         let _ = std::fs::remove_file(PathBuf::from(lock_path));
     |

warning: unnecessary qualification
    --> crates/local-service/src/builtin/discovery_search.rs:9473:42
     |
9473 |         let store = DiscoveryStore::open(std::path::PathBuf::from(journal))
     |                                          ^^^^^^^^^^^^^^^^^^^^^^^^
     |
help: remove the unnecessary path segments
     |
9473 -         let store = DiscoveryStore::open(std::path::PathBuf::from(journal))
9473 +         let store = DiscoveryStore::open(PathBuf::from(journal))
     |

warning: unnecessary qualification
   --> crates/local-service/src/builtin/product_state.rs:281:37
    |
281 |                     .unwrap_or_else(backend_engine::AdvisoryPackageDto::unknown);
    |                                     ^^^^^^^^^^^^^^^^^^^^^^^^^^^^^^^^^^^^^^^^^^^
    |
help: remove the unnecessary path segments
    |
281 -                     .unwrap_or_else(backend_engine::AdvisoryPackageDto::unknown);
281 +                     .unwrap_or_else(AdvisoryPackageDto::unknown);
    |

warning: unnecessary qualification
    --> crates/local-service/src/builtin/product_state.rs:1789:20
     |
1789 |     let metadata = backend_library::ForgeRepositoryMetadataRecord {
     |                    ^^^^^^^^^^^^^^^^^^^^^^^^^^^^^^^^^^^^^^^^^^^^^^
     |
help: remove the unnecessary path segments
     |
1789 -     let metadata = backend_library::ForgeRepositoryMetadataRecord {
1789 +     let metadata = ForgeRepositoryMetadataRecord {
     |

warning: unnecessary qualification
    --> crates/local-service/src/builtin/product_state.rs:2762:31
     |
2762 |         continuation: Option<&super::discovery_search::SearchContinuation>,
     |                               ^^^^^^^^^^^^^^^^^^^^^^^^^^^^^^^^^^^^^^^^^^^
     |
help: remove the unnecessary path segments
     |
2762 -         continuation: Option<&super::discovery_search::SearchContinuation>,
2762 +         continuation: Option<&SearchContinuation>,
     |

warning: unnecessary qualification
    --> crates/local-service/src/builtin/product_state.rs:4648:13
     |
4648 |             backend_engine::ProductPackageCoordinate::parse("pkg:cargo/needle@1.0.0")
     |             ^^^^^^^^^^^^^^^^^^^^^^^^^^^^^^^^^^^^^^^^^^^^^^^
     |
help: remove the unnecessary path segments
     |
4648 -             backend_engine::ProductPackageCoordinate::parse("pkg:cargo/needle@1.0.0")
4648 +             ProductPackageCoordinate::parse("pkg:cargo/needle@1.0.0")
     |

warning: unnecessary qualification
    --> crates/local-service/src/builtin/product_state.rs:4762:38
     |
4762 |                     if group.kind == backend_library::RegistrySearchGroupKind::Discovered =>
     |                                      ^^^^^^^^^^^^^^^^^^^^^^^^^^^^^^^^^^^^^^^^^^^^^^^^^^^^
     |
help: remove the unnecessary path segments
     |
4762 -                     if group.kind == backend_library::RegistrySearchGroupKind::Discovered =>
4762 +                     if group.kind == RegistrySearchGroupKind::Discovered =>
     |

warning: unnecessary qualification
    --> crates/local-service/src/builtin/product_state.rs:4786:38
     |
4786 |                     if group.kind == backend_library::RegistrySearchGroupKind::Acquired =>
     |                                      ^^^^^^^^^^^^^^^^^^^^^^^^^^^^^^^^^^^^^^^^^^^^^^^^^^
     |
help: remove the unnecessary path segments
     |
4786 -                     if group.kind == backend_library::RegistrySearchGroupKind::Acquired =>
4786 +                     if group.kind == RegistrySearchGroupKind::Acquired =>
     |

warning: unnecessary qualification
    --> crates/local-service/src/builtin/product_state.rs:4968:17
     |
4968 |                 backend_library::RegistrySearchGroupKind::Acquired
     |                 ^^^^^^^^^^^^^^^^^^^^^^^^^^^^^^^^^^^^^^^^^^^^^^^^^^
     |
help: remove the unnecessary path segments
     |
4968 -                 backend_library::RegistrySearchGroupKind::Acquired
4968 +                 RegistrySearchGroupKind::Acquired
     |

warning: unnecessary qualification
    --> crates/local-service/src/builtin/product_state.rs:4996:13
     |
4996 |             backend_engine::ProductPackageCoordinate::parse("pkg:cargo/rare-needle@2.0.0")
     |             ^^^^^^^^^^^^^^^^^^^^^^^^^^^^^^^^^^^^^^^^^^^^^^^
     |
help: remove the unnecessary path segments
     |
4996 -             backend_engine::ProductPackageCoordinate::parse("pkg:cargo/rare-needle@2.0.0")
4996 +             ProductPackageCoordinate::parse("pkg:cargo/rare-needle@2.0.0")
     |

warning: unnecessary qualification
    --> crates/local-service/src/builtin/product_state.rs:5127:25
     |
5127 |             coordinate: backend_engine::ProductPackageCoordinate::parse(format!(
     |                         ^^^^^^^^^^^^^^^^^^^^^^^^^^^^^^^^^^^^^^^^^^^^^^^
     |
help: remove the unnecessary path segments
     |
5127 -             coordinate: backend_engine::ProductPackageCoordinate::parse(format!(
5127 +             coordinate: ProductPackageCoordinate::parse(format!(
     |

warning: unnecessary qualification
   --> crates/local-service/src/builtin/search_source_page.rs:903:24
    |
903 |         let snapshot = super::store_relation(relation, "empty".to_owned()).expect("snapshot");
    |                        ^^^^^^^^^^^^^^^^^^^^^
    |
help: remove the unnecessary path segments
    |
903 -         let snapshot = super::store_relation(relation, "empty".to_owned()).expect("snapshot");
903 +         let snapshot = store_relation(relation, "empty".to_owned()).expect("snapshot");
    |

warning: unnecessary qualification
   --> crates/local-service/src/builtin/search_source_page.rs:923:24
    |
923 |         let snapshot = super::store_relation(relation, "miskeyed".to_owned()).expect("snapshot");
    |                        ^^^^^^^^^^^^^^^^^^^^^
    |
help: remove the unnecessary path segments
    |
923 -         let snapshot = super::store_relation(relation, "miskeyed".to_owned()).expect("snapshot");
923 +         let snapshot = store_relation(relation, "miskeyed".to_owned()).expect("snapshot");
    |

warning: unnecessary qualification
    --> crates/local-service/src/builtin/search_source_page.rs:1011:24
     |
1011 |         let snapshot = super::store_relation(relation, "missing-membership-page".to_owned())
     |                        ^^^^^^^^^^^^^^^^^^^^^
     |
help: remove the unnecessary path segments
     |
1011 -         let snapshot = super::store_relation(relation, "missing-membership-page".to_owned())
1011 +         let snapshot = store_relation(relation, "missing-membership-page".to_owned())
     |

warning: unnecessary qualification
    --> crates/local-service/src/builtin/search_source_page.rs:1039:13
     |
1039 |             super::store_relation(relation, "orphan-membership-page".to_owned()).expect("snapshot");
     |             ^^^^^^^^^^^^^^^^^^^^^
     |
help: remove the unnecessary path segments
     |
1039 -             super::store_relation(relation, "orphan-membership-page".to_owned()).expect("snapshot");
1039 +             store_relation(relation, "orphan-membership-page".to_owned()).expect("snapshot");
     |

warning: unnecessary qualification
    --> crates/local-service/src/query/remote.rs:1962:21
     |
1962 |         let stamp = std::time::SystemTime::now()
     |                     ^^^^^^^^^^^^^^^^^^^^^^^^^^
     |
help: remove the unnecessary path segments
     |
1962 -         let stamp = std::time::SystemTime::now()
1962 +         let stamp = SystemTime::now()
     |

warning: unnecessary qualification
    --> crates/local-service/src/query/remote.rs:1963:29
     |
1963 |             .duration_since(std::time::UNIX_EPOCH)
     |                             ^^^^^^^^^^^^^^^^^^^^^
     |
help: remove the unnecessary path segments
     |
1963 -             .duration_since(std::time::UNIX_EPOCH)
1963 +             .duration_since(UNIX_EPOCH)
     |

warning: unnecessary qualification
    --> crates/local-service/src/query/remote.rs:2036:21
     |
2036 |         let stamp = std::time::SystemTime::now()
     |                     ^^^^^^^^^^^^^^^^^^^^^^^^^^
     |
help: remove the unnecessary path segments
     |
2036 -         let stamp = std::time::SystemTime::now()
2036 +         let stamp = SystemTime::now()
     |

warning: unnecessary qualification
    --> crates/local-service/src/query/remote.rs:2037:29
     |
2037 |             .duration_since(std::time::UNIX_EPOCH)
     |                             ^^^^^^^^^^^^^^^^^^^^^
     |
help: remove the unnecessary path segments
     |
2037 -             .duration_since(std::time::UNIX_EPOCH)
2037 +             .duration_since(UNIX_EPOCH)
     |

warning: unnecessary qualification
    --> crates/local-service/src/query/remote.rs:2205:21
     |
2205 |         let stamp = std::time::SystemTime::now()
     |                     ^^^^^^^^^^^^^^^^^^^^^^^^^^
     |
help: remove the unnecessary path segments
     |
2205 -         let stamp = std::time::SystemTime::now()
2205 +         let stamp = SystemTime::now()
     |

warning: unnecessary qualification
    --> crates/local-service/src/query/remote.rs:2206:29
     |
2206 |             .duration_since(std::time::UNIX_EPOCH)
     |                             ^^^^^^^^^^^^^^^^^^^^^
     |
help: remove the unnecessary path segments
     |
2206 -             .duration_since(std::time::UNIX_EPOCH)
2206 +             .duration_since(UNIX_EPOCH)
     |

warning: unnecessary qualification
   --> crates/local-service/src/query/tests.rs:185:9
    |
185 |         backend_engine::RowId::Symbol(backend_engine::symbol_key("alpha::prefix")).stable_key();
    |         ^^^^^^^^^^^^^^^^^^^^^^^^^^^^^
    |
help: remove the unnecessary path segments
    |
185 -         backend_engine::RowId::Symbol(backend_engine::symbol_key("alpha::prefix")).stable_key();
185 +         RowId::Symbol(backend_engine::symbol_key("alpha::prefix")).stable_key();
    |

warning: unnecessary qualification
   --> crates/local-service/src/query/tests.rs:199:9
    |
199 |         backend_engine::RowId::Symbol(backend_engine::symbol_key("nowhere::stray")).stable_key();
    |         ^^^^^^^^^^^^^^^^^^^^^^^^^^^^^
    |
help: remove the unnecessary path segments
    |
199 -         backend_engine::RowId::Symbol(backend_engine::symbol_key("nowhere::stray")).stable_key();
199 +         RowId::Symbol(backend_engine::symbol_key("nowhere::stray")).stable_key();
    |

warning: unnecessary qualification
   --> crates/local-service/src/builtin.rs:979:28
    |
979 |     filesystem_workspace: &std::path::Path,
    |                            ^^^^^^^^^^^^^^^
    |
help: remove the unnecessary path segments
    |
979 -     filesystem_workspace: &std::path::Path,
979 +     filesystem_workspace: &Path,
    |

warning: unnecessary qualification
    --> crates/local-service/src/builtin.rs:1015:28
     |
1015 |     filesystem_workspace: &std::path::Path,
     |                            ^^^^^^^^^^^^^^^
     |
help: remove the unnecessary path segments
     |
1015 -     filesystem_workspace: &std::path::Path,
1015 +     filesystem_workspace: &Path,
     |

warning: unnecessary qualification
    --> crates/local-service/src/builtin.rs:1097:28
     |
1097 |     filesystem_workspace: &std::path::Path,
     |                            ^^^^^^^^^^^^^^^
     |
help: remove the unnecessary path segments
     |
1097 -     filesystem_workspace: &std::path::Path,
1097 +     filesystem_workspace: &Path,
     |

warning: unnecessary qualification
    --> crates/local-service/src/builtin.rs:2531:9
     |
2531 |         std::thread::sleep(Duration::from_millis(20));
     |         ^^^^^^^^^^^^^^^^^^
     |
help: remove the unnecessary path segments
     |
2531 -         std::thread::sleep(Duration::from_millis(20));
2531 +         thread::sleep(Duration::from_millis(20));
     |

warning: unnecessary qualification
    --> crates/local-service/src/builtin.rs:2544:25
     |
2544 |                     Err(std::sync::mpsc::TryRecvError::Empty)
     |                         ^^^^^^^^^^^^^^^^^^^^^^^^^^^^^^^^^^^^
     |
help: remove the unnecessary path segments
     |
2544 -                     Err(std::sync::mpsc::TryRecvError::Empty)
2544 +                     Err(TryRecvError::Empty)
     |

warning: unnecessary qualification
    --> crates/local-service/src/builtin.rs:2605:9
     |
2605 |         std::thread::sleep(Duration::from_millis(120));
     |         ^^^^^^^^^^^^^^^^^^
     |
help: remove the unnecessary path segments
     |
2605 -         std::thread::sleep(Duration::from_millis(120));
2605 +         thread::sleep(Duration::from_millis(120));
     |

warning: unnecessary qualification
   --> crates/local-service/src/cluster_owner.rs:510:31
    |
510 |         let remaining_names = std::fs::read_dir(&scratch.0)
    |                               ^^^^^^^^^^^^^^^^^
    |
help: remove the unnecessary path segments
    |
510 -         let remaining_names = std::fs::read_dir(&scratch.0)
510 +         let remaining_names = fs::read_dir(&scratch.0)
    |

warning: unnecessary qualification
    --> crates/local-service/src/discovery.rs:2338:13
     |
2338 |             std::time::SystemTime::now()
     |             ^^^^^^^^^^^^^^^^^^^^^^^^^^
     |
help: remove the unnecessary path segments
     |
2338 -             std::time::SystemTime::now()
2338 +             SystemTime::now()
     |

warning: unnecessary qualification
    --> crates/local-service/src/discovery.rs:2339:33
     |
2339 |                 .duration_since(std::time::UNIX_EPOCH)
     |                                 ^^^^^^^^^^^^^^^^^^^^^
     |
help: remove the unnecessary path segments
     |
2339 -                 .duration_since(std::time::UNIX_EPOCH)
2339 +                 .duration_since(UNIX_EPOCH)
     |

warning: unnecessary qualification
    --> crates/local-service/src/discovery.rs:2506:22
     |
2506 |         let server = std::thread::spawn(move || {
     |                      ^^^^^^^^^^^^^^^^^^
     |
help: remove the unnecessary path segments
     |
2506 -         let server = std::thread::spawn(move || {
2506 +         let server = thread::spawn(move || {
     |

warning: unnecessary qualification
    --> crates/local-service/src/discovery.rs:2714:26
     |
2714 |         let mut hasher = backend_engine::blake3::Hasher::new();
     |                          ^^^^^^^^^^^^^^^^^^^^^^^^^^^^^^^^^^^
     |
help: remove the unnecessary path segments
     |
2714 -         let mut hasher = backend_engine::blake3::Hasher::new();
2714 +         let mut hasher = blake3::Hasher::new();
     |

warning: unnecessary qualification
    --> crates/local-service/src/listener.rs:1861:23
     |
1861 |             shutdown: super::ListenerShutdown,
     |                       ^^^^^^^^^^^^^^^^^^^^^^^
     |
help: remove the unnecessary path segments
     |
1861 -             shutdown: super::ListenerShutdown,
1861 +             shutdown: ListenerShutdown,
     |

warning: unnecessary qualification
    --> crates/local-service/src/listener.rs:1862:28
     |
1862 |             worker: Option<thread::JoinHandle<Result<usize, super::ListenerError>>>,
     |                            ^^^^^^^^^^^^^^^^^^^^^^^^^^^^^^^^^^^^^^^^^^^^^^^^^^^^^^^
     |
help: remove the unnecessary path segments
     |
1862 -             worker: Option<thread::JoinHandle<Result<usize, super::ListenerError>>>,
1862 +             worker: Option<JoinHandle<Result<usize, super::ListenerError>>>,
     |

warning: unnecessary qualification
    --> crates/local-service/src/listener.rs:1862:61
     |
1862 |             worker: Option<thread::JoinHandle<Result<usize, super::ListenerError>>>,
     |                                                             ^^^^^^^^^^^^^^^^^^^^
     |
help: remove the unnecessary path segments
     |
1862 -             worker: Option<thread::JoinHandle<Result<usize, super::ListenerError>>>,
1862 +             worker: Option<thread::JoinHandle<Result<usize, ListenerError>>>,
     |

warning: unnecessary qualification
    --> crates/local-service/src/listener.rs:1913:30
     |
1913 |                 .is_some_and(thread::JoinHandle::is_finished),
     |                              ^^^^^^^^^^^^^^^^^^^^^^^^^^^^^^^
     |
help: remove the unnecessary path segments
     |
1913 -                 .is_some_and(thread::JoinHandle::is_finished),
1913 +                 .is_some_and(JoinHandle::is_finished),
     |

warning: unnecessary qualification
    --> crates/local-service/src/listener.rs:1941:30
     |
1941 |                 .is_some_and(thread::JoinHandle::is_finished)
     |                              ^^^^^^^^^^^^^^^^^^^^^^^^^^^^^^^
     |
help: remove the unnecessary path segments
     |
1941 -                 .is_some_and(thread::JoinHandle::is_finished)
1941 +                 .is_some_and(JoinHandle::is_finished)
     |

warning: unnecessary qualification
    --> crates/local-service/src/listener.rs:1949:30
     |
1949 |                 .is_some_and(thread::JoinHandle::is_finished),
     |                              ^^^^^^^^^^^^^^^^^^^^^^^^^^^^^^^
     |
help: remove the unnecessary path segments
     |
1949 -                 .is_some_and(thread::JoinHandle::is_finished),
1949 +                 .is_some_and(JoinHandle::is_finished),
     |

warning: unnecessary qualification
  --> crates/local-service/src/service/tests.rs:44:47
   |
44 |     let request = EngineRequest::Subscription(backend_engine::LocalSubscriptionRequest {
   |                                               ^^^^^^^^^^^^^^^^^^^^^^^^^^^^^^^^^^^^^^^^
   |
help: remove the unnecessary path segments
   |
44 -     let request = EngineRequest::Subscription(backend_engine::LocalSubscriptionRequest {
44 +     let request = EngineRequest::Subscription(LocalSubscriptionRequest {
   |

error[E0599]: no method named `to_bytes` found for struct `ArtifactId<CompilePublicationEncoding, CompilePublicationDomain>` in the current scope
    --> crates/local-service/src/builtin/semantic_authority.rs:4123:43
     |
4123 |             .for_generation_bytes(binding.to_bytes())
     |                                           ^^^^^^^^
     |
help: there is a method `bytes` with a similar name
     |
4123 -             .for_generation_bytes(binding.to_bytes())
4123 +             .for_generation_bytes(binding.bytes())
     |

warning: variable does not need to be mutable
    --> crates/local-service/src/builtin/profile.rs:1310:13
     |
1310 |         let mut intent = Self::new_with_version(
     |             ----^^^^^^
     |             |
     |             help: remove this `mut`
     |
     = note: `#[warn(unused_mut)]` (part of `#[warn(unused)]`) on by default

warning: unused variable: `capture_relation`
   --> crates/local-service/src/builtin/view_build/semantic.rs:543:9
    |
543 |     let capture_relation = semantic_capture_relation(snapshot)
    |         ^^^^^^^^^^^^^^^^ help: if this is intentional, prefix it with an underscore: `_capture_relation`
    |
    = note: `#[warn(unused_variables)]` (part of `#[warn(unused)]`) on by default

warning: unused variable: `frontier`
    --> crates/local-service/src/builtin/view_publish.rs:1089:13
     |
1089 |         let frontier =
     |             ^^^^^^^^ help: if this is intentional, prefix it with an underscore: `_frontier`

warning: variable does not need to be mutable
    --> crates/local-service/src/builtin/commands/adapter.rs:1910:17
     |
1910 |             let mut terminal;
     |                 ----^^^^^^^^
     |                 |
     |                 help: remove this `mut`

For more information about this error, try `rustc --explain E0599`.
warning: `backend-local-service` (lib test) generated 213 warnings
error: could not compile `backend-local-service` (lib test) due to 1 previous error; 213 warnings emitted
