warning: resolver for the non root package will be ignored, specify resolver at the workspace root:
package:   /Users/rmccrar6/codex-worktrees/luna-index-projection-fastpath-7382-20261008/vendor/gpui_ce_components/Cargo.toml
workspace: /Users/rmccrar6/codex-worktrees/luna-index-projection-fastpath-7382-20261008/Cargo.toml
       Fresh unicode-ident v1.0.24
       Fresh proc-macro2 v1.0.107
       Fresh quote v1.0.47
       Fresh libc v0.2.189
       Fresh syn v3.0.4
       Fresh syn v2.0.119
       Fresh cfg-if v1.0.4
       Fresh serde_derive v1.0.229
       Fresh serde v1.0.229
       Fresh equivalent v1.0.2
       Fresh allocator-api2 v0.2.21
       Fresh foldhash v0.2.0
       Fresh jobserver v0.1.35
       Fresh shlex v2.0.1
       Fresh find-msvc-tools v0.1.12
       Fresh cc v1.2.67
       Fresh pin-project-lite v0.2.17
       Fresh bitflags v2.13.1
       Fresh once_cell v1.21.4
       Fresh itoa v1.0.18
       Fresh synstructure v0.13.2
       Fresh rustc-hash v2.1.3
       Fresh either v1.18.0
       Fresh tracing-core v0.1.36
       Fresh tracing-attributes v0.1.31
       Fresh tracing v0.1.44
       Fresh scopeguard v1.2.0
       Fresh lock_api v0.4.14
       Fresh parking_lot_core v0.9.12
       Fresh crossbeam-utils v0.8.22
       Fresh rustversion v1.0.23
       Fresh parking_lot v0.12.5
       Fresh stable_deref_trait v1.2.1
       Fresh crossbeam-epoch v0.9.20
       Fresh autocfg v1.5.1
       Fresh futures-core v0.3.34
       Fresh zmij v1.0.23
       Fresh thiserror-impl v2.0.20
       Fresh thiserror v2.0.20
       Fresh zerofrom-derive v0.1.7
       Fresh zerofrom v0.1.8
       Fresh yoke-derive v0.8.2
       Fresh version_check v0.9.5
       Fresh regex-syntax v0.8.11
       Fresh yoke v0.8.3
       Fresh crossbeam-deque v0.8.7
       Fresh bytes v1.12.1
       Fresh zerovec-derive v0.11.6
       Fresh zerovec v0.11.8
       Fresh displaydoc v0.2.7
       Fresh rayon-core v1.13.0
       Fresh rand_core v0.10.1
       Fresh writeable v0.6.4
       Fresh tinystr v0.8.4
       Fresh litemap v0.8.3
       Fresh icu_locale_core v2.3.0
       Fresh potential_utf v0.1.6
       Fresh zerotrie v0.2.5
       Fresh icu_provider v2.3.1
       Fresh utf8_iter v1.0.4
       Fresh icu_collections v2.3.0
       Fresh socket2 v0.6.5
       Fresh memchr v2.8.3
       Fresh ryu v1.0.23
       Fresh heck v0.5.0
       Fresh siphasher v1.0.3
       Fresh cfg_aliases v0.2.2
       Fresh unicode-segmentation v1.13.3
       Fresh deranged v0.5.8
       Fresh num_threads v0.1.7
       Fresh powerfmt v0.2.0
       Fresh time-core v0.1.9
       Fresh num-conv v0.2.2
       Fresh time v0.3.55
       Fresh arrayvec v0.7.8
       Fresh futures-sink v0.3.34
       Fresh subtle v2.6.1
       Fresh getrandom v0.4.3
       Fresh futures-io v0.3.34
       Fresh crossbeam-channel v0.5.16
       Fresh icu_normalizer_data v2.3.0
       Fresh icu_properties_data v2.3.0
       Fresh write16 v1.0.0
       Fresh slab v0.4.12
       Fresh percent-encoding v2.3.2
       Fresh utf16_iter v1.0.5
       Fresh icu_properties v2.3.0
       Fresh icu_normalizer v2.3.0
       Fresh futures-channel v0.3.34
       Fresh chacha20 v0.10.2
       Fresh thin-vec v0.2.19
       Fresh rand v0.10.2
       Fresh futures-macro v0.3.34
       Fresh futures v0.1.31
       Fresh futures-task v0.3.34
       Fresh lazy_static v1.5.0
       Fresh futures-util v0.3.34
       Fresh memoffset v0.9.1
       Fresh byteorder v1.5.0
       Fresh glob v0.3.4
       Fresh rustc-hash v1.1.0
       Fresh rayon v1.12.0
       Fresh itertools v0.14.0
       Fresh thread_local v1.1.10
       Fresh zeroize_derive v1.5.0
       Fresh cpufeatures v0.2.17
       Fresh zeroize v1.9.0
       Fresh sharded-slab v0.1.7
       Fresh matchers v0.2.0
       Fresh tracing-log v0.2.0
       Fresh nu-ansi-term v0.50.3
       Fresh tracing-subscriber v0.3.23
       Fresh rustc_version v0.4.1
       Fresh anyhow v1.0.104
       Fresh icu_locale_fallback_data v2.3.0
       Fresh hybrid-array v0.4.15
       Fresh core-foundation-sys v0.8.7
       Fresh icu_locale_fallback v2.3.0
       Fresh num-traits v0.2.19
       Fresh http v1.5.0
       Fresh castaway v0.2.4
       Fresh sha1_smol v1.0.1
       Fresh static_assertions v1.1.0
       Fresh cmov v0.5.4
       Fresh ctutils v0.4.2
       Fresh crypto-common v0.2.2
       Fresh block-buffer v0.12.1
       Fresh convert_case v0.10.0
       Fresh signal-hook-registry v1.4.8
       Fresh itertools v0.15.0
       Fresh tokio-macros v2.7.2
       Fresh mio v1.2.3
       Fresh unicode-xid v0.2.6
       Fresh tokio v1.53.1
       Fresh derive_more-impl v2.1.1
       Fresh digest v0.11.3
       Fresh aho-corasick v1.1.5
       Fresh derive-where v1.6.1
       Fresh log v0.4.34
       Fresh regex-automata v0.4.18
       Fresh derive_more v2.1.1
       Fresh zerocopy-derive v0.8.56
       Fresh unicode-width v0.2.2
       Fresh smallvec v1.16.0
       Fresh proc-macro-utils v0.10.0
       Fresh regex v1.13.1
       Fresh errno v0.3.14
       Fresh uuid v1.26.0
       Fresh inout v0.1.4
       Fresh hex v0.4.3
       Fresh base64 v0.22.1
       Fresh cipher v0.4.4
       Fresh syn v1.0.109
       Fresh num-integer v0.1.47
       Fresh rustls-pki-types v1.15.1
       Fresh universal-hash v0.5.1
       Fresh memmap2 v0.9.11
       Fresh hashbrown v0.14.5
       Fresh opaque-debug v0.3.1
       Fresh untrusted v0.9.0
       Fresh polyval v0.6.2
       Fresh ring v0.17.14
       Fresh libm v0.2.16
       Fresh manyhow-macros v0.11.4
       Fresh quote-use-macros v0.8.4
       Fresh constant_time_eq v0.4.2
       Fresh blake3 v1.8.7
       Fresh manyhow v0.11.4
       Fresh quote-use v0.8.4
       Fresh rustls-webpki v0.103.15
       Fresh ghash v0.5.1
       Fresh aes v0.8.4
       Fresh ctr v0.9.2
       Fresh aead v0.5.2
       Fresh arc-swap v1.9.2
       Fresh interpolator v0.5.0
       Fresh home v0.5.12
       Fresh collection_literals v1.0.3
       Fresh minimal-lexical v0.2.1
       Fresh attribute-derive-macro v0.10.5
       Fresh aes-gcm v0.10.3
       Fresh rustls v0.23.45
       Fresh getrandom v0.3.4
       Fresh compact_str v0.9.1
       Fresh tempfile v3.27.0
       Fresh strum_macros v0.28.0
       Fresh libloading v0.8.9
       Fresh strum v0.28.0
       Fresh attribute-derive v0.10.5
       Fresh httparse v1.10.1
       Fresh portable-atomic v1.15.0
       Fresh dashmap v6.2.1
       Fresh syn-mid v0.5.4
       Fresh simdutf8 v0.1.5
       Fresh num-bigint v0.4.8
       Fresh proc-macro-error-attr v0.4.12
       Fresh rand_core v0.9.5
       Fresh bytemuck_derive v1.12.0
       Fresh base64 v0.23.1
       Fresh winnow v0.7.15
       Fresh bytemuck v1.25.2
       Fresh rand_chacha v0.9.0
       Fresh proc-macro-error v0.4.12
       Fresh proc-macro-hack v0.5.20+deprecated
       Fresh iana-time-zone v0.1.65
       Fresh strum_macros v0.26.4
       Fresh ordermap v1.2.2
       Fresh miette-derive v7.6.0
       Fresh turso_macros v0.8.0-pre.11
       Fresh unicode-width v0.1.14
       Fresh hashbrown v0.17.1
       Fresh same-file v1.0.6
       Fresh indexmap v2.14.2
       Fresh walkdir v2.5.0
       Fresh miette v7.6.0
       Fresh strum v0.26.3
       Fresh chrono v0.4.45
       Fresh genawaiter-proc-macro v0.99.1
       Fresh cexpr v0.6.0
       Fresh rand v0.9.5
       Fresh icu_locale_data v2.3.0
       Fresh icu_collator_data v2.3.0
       Fresh camino v1.2.5
       Fresh prettyplease v0.2.37
       Dirty backend-platform v0.2.0 (/Users/rmccrar6/codex-worktrees/luna-index-projection-fastpath-7382-20261008/crates/platform): the file `crates/platform/durable_read.rs` has changed (1791452498.418643950s, 3h 12m 18s after last build at 1791440960.838662148s)
   Compiling backend-platform v0.2.0 (/Users/rmccrar6/codex-worktrees/luna-index-projection-fastpath-7382-20261008/crates/platform)
       Fresh bstr v1.13.1
       Fresh itertools v0.12.1
     Running `/nix/store/ff5chd1i7bm0d7ki0ahkbkgwij973qvx-rust-1.97.1-with-components-2026-07-16/bin/rustc --crate-name backend_platform --edition=2024 crates/platform/lib.rs --error-format=json --json=diagnostic-rendered-ansi,artifacts,future-incompat --crate-type lib --emit=dep-info,metadata,link -C embed-bitcode=no -C debuginfo=1 -C split-debuginfo=unpacked '--warn=clippy::pedantic' '--warn=clippy::all' '--deny=clippy::unwrap_used' --warn=unused_qualifications --warn=unused_lifetimes --deny=unsafe_code --warn=unreachable_pub '--deny=clippy::unimplemented' '--deny=clippy::todo' '--warn=clippy::panic' --warn=missing_docs '--deny=clippy::mem_forget' '--warn=clippy::expect_used' '--deny=clippy::dbg_macro' --check-cfg 'cfg(docsrs,test)' --check-cfg 'cfg(feature, values())' -C metadata=daf8f667b1f61741 -C extra-filename=-3e94ae60de778f92 --out-dir /Users/rmccrar6/codex-worktrees/luna-clippy-warning-cleanup-20261007/.local/build/clippy-current-canonical-20261007/debug/deps -L dependency=/Users/rmccrar6/codex-worktrees/luna-clippy-warning-cleanup-20261007/.local/build/clippy-current-canonical-20261007/debug/deps --extern libc=/Users/rmccrar6/codex-worktrees/luna-clippy-warning-cleanup-20261007/.local/build/clippy-current-canonical-20261007/debug/deps/liblibc-8786ff7d2e123d34.rmeta --extern rustix=/Users/rmccrar6/codex-worktrees/luna-clippy-warning-cleanup-20261007/.local/build/clippy-current-canonical-20261007/debug/deps/librustix-3d1e1a8de5df5998.rmeta --extern serde=/Users/rmccrar6/codex-worktrees/luna-clippy-warning-cleanup-20261007/.local/build/clippy-current-canonical-20261007/debug/deps/libserde-bb561d23e6a68d5f.rmeta --extern socket2=/Users/rmccrar6/codex-worktrees/luna-clippy-warning-cleanup-20261007/.local/build/clippy-current-canonical-20261007/debug/deps/libsocket2-7b195de6d52c6c34.rmeta`
       Fresh aristo-macros v0.4.1
       Fresh shlex v1.3.0
       Fresh lazycell v1.3.0
       Fresh genawaiter-macro v0.99.1
       Fresh softaes v0.1.5
       Fresh aegis v0.9.15
       Fresh genawaiter v0.99.1
       Fresh bindgen v0.69.5
       Fresh aristo v0.4.1
       Fresh icu_collator v2.3.1
       Fresh icu_locale v2.3.1
       Fresh turso_ext v0.8.0-pre.11
       Fresh branches v0.4.6
       Fresh crc32c v0.6.8
       Fresh turso_parser v0.8.0-pre.11
       Fresh uncased v0.9.10
       Fresh bigdecimal v0.4.10
       Fresh simsimd v6.5.16
       Fresh typeid v1.0.3
       Fresh pack1 v1.1.0
       Fresh roaring v0.11.5
       Dirty backend-version v0.2.0 (/Users/rmccrar6/codex-worktrees/luna-index-projection-fastpath-7382-20261008/crates/version): the file `crates/version/src/tree/admission.rs` has changed (1791452498.556686981s, 3h 12m 18s after last build at 1791440960.850892365s)
   Compiling backend-version v0.2.0 (/Users/rmccrar6/codex-worktrees/luna-index-projection-fastpath-7382-20261008/crates/version)
     Running `/nix/store/ff5chd1i7bm0d7ki0ahkbkgwij973qvx-rust-1.97.1-with-components-2026-07-16/bin/rustc --crate-name backend_version --edition=2024 crates/version/src/lib.rs --error-format=json --json=diagnostic-rendered-ansi,artifacts,future-incompat --crate-type lib --emit=dep-info,metadata,link -C opt-level=2 -C embed-bitcode=no -C debuginfo=1 -C split-debuginfo=unpacked '--warn=clippy::pedantic' '--warn=clippy::all' '--deny=clippy::unwrap_used' --warn=unused_qualifications --warn=unused_lifetimes --deny=unsafe_code --warn=unreachable_pub '--deny=clippy::unimplemented' '--deny=clippy::todo' '--warn=clippy::panic' --warn=missing_docs '--deny=clippy::mem_forget' '--warn=clippy::expect_used' '--deny=clippy::dbg_macro' -C debug-assertions=on --check-cfg 'cfg(docsrs,test)' --check-cfg 'cfg(feature, values())' -C metadata=8d665039ad058dfc -C extra-filename=-9724f8132b25ba74 --out-dir /Users/rmccrar6/codex-worktrees/luna-clippy-warning-cleanup-20261007/.local/build/clippy-current-canonical-20261007/debug/deps -L dependency=/Users/rmccrar6/codex-worktrees/luna-clippy-warning-cleanup-20261007/.local/build/clippy-current-canonical-20261007/debug/deps --extern arrayvec=/Users/rmccrar6/codex-worktrees/luna-clippy-warning-cleanup-20261007/.local/build/clippy-current-canonical-20261007/debug/deps/libarrayvec-453d1963a42adb5d.rmeta --extern blake3=/Users/rmccrar6/codex-worktrees/luna-clippy-warning-cleanup-20261007/.local/build/clippy-current-canonical-20261007/debug/deps/libblake3-4f44f49a9a64a61d.rmeta --extern derive_more=/Users/rmccrar6/codex-worktrees/luna-clippy-warning-cleanup-20261007/.local/build/clippy-current-canonical-20261007/debug/deps/libderive_more-be256e780bdabea9.rmeta --extern smallvec=/Users/rmccrar6/codex-worktrees/luna-clippy-warning-cleanup-20261007/.local/build/clippy-current-canonical-20261007/debug/deps/libsmallvec-da8e7a45fbb78e16.rmeta --extern strum=/Users/rmccrar6/codex-worktrees/luna-clippy-warning-cleanup-20261007/.local/build/clippy-current-canonical-20261007/debug/deps/libstrum-56dab6cbe31ccb8a.rmeta --extern thiserror=/Users/rmccrar6/codex-worktrees/luna-clippy-warning-cleanup-20261007/.local/build/clippy-current-canonical-20261007/debug/deps/libthiserror-34be1a9b3117e1d6.rmeta --extern zerocopy=/Users/rmccrar6/codex-worktrees/luna-clippy-warning-cleanup-20261007/.local/build/clippy-current-canonical-20261007/debug/deps/libzerocopy-92189baaba8ff2b1.rmeta -L native=/Users/rmccrar6/codex-worktrees/luna-clippy-warning-cleanup-20261007/.local/build/clippy-current-canonical-20261007/debug/build/blake3-c1cb4c3099a1fc7f/out`
       Fresh fastbloom v0.14.1
       Fresh intrusive-collections v0.9.7
       Fresh twox-hash v2.1.4
       Fresh polling v3.11.0
       Fresh rapidhash v4.5.1
       Fresh pastey v0.2.3
       Fresh allocator-api2 v0.4.0
       Fresh fallible-iterator v0.3.0
       Fresh jod-thread v1.0.0
       Fresh cfg_block v0.1.1
       Fresh pkg-config v0.3.34
       Fresh turso_core v0.8.0-pre.11
       Fresh ra_ap_stdx v0.0.341
       Fresh globset v0.4.20
       Fresh fearless_simd v0.7.0
       Fresh prost-derive v0.14.4
       Fresh idna_adapter v1.2.2
       Fresh env_filter v2.0.0
       Fresh symlink v0.1.0
       Fresh text-size v1.1.1
       Fresh inventory v0.3.24
       Fresh drop_bomb v0.1.5
       Fresh strsim v0.11.1
       Fresh unicode-properties v0.1.4
       Fresh ra-ap-rustc_lexer v0.165.0
       Fresh tracing-appender v0.2.5
       Fresh env_logger v0.11.11
       Fresh idna v1.1.0
       Fresh prost v0.14.4
       Fresh crc32fast v1.5.1
       Fresh ra_ap_paths v0.0.341
       Fresh tree-sitter-language v0.1.8
       Fresh webpki-roots v1.0.9
       Fresh form_urlencoded v1.2.2
       Fresh turso_sdk_kit_macros v0.8.0-pre.11
       Fresh nohash-hasher v0.2.0
       Fresh rustc-literal-escaper v0.0.7
       Fresh turso_sdk_kit v0.8.0-pre.11
       Fresh url v2.5.8
       Fresh turso_sync_engine v0.8.0-pre.11
       Fresh fst v0.4.7
       Fresh simd-adler32 v0.3.10
       Fresh countme v3.0.1
       Fresh ra_ap_edition v0.0.341
       Fresh ident_case v1.0.1
       Fresh boxcar v0.2.14
       Fresh triomphe v0.1.16
       Fresh darling_core v0.24.1
       Fresh ra_ap_parser v0.0.341
       Fresh rowan v0.15.19
       Fresh ra_ap_vfs v0.0.341
       Fresh turso_sync_sdk_kit v0.8.0-pre.11
       Fresh zerocopy v0.8.56
       Fresh crossbeam-queue v0.3.13
       Fresh salsa-macros v0.27.2
       Fresh hashlink v0.12.2
       Fresh filetime v0.2.29
       Fresh getrandom v0.2.17
       Fresh salsa-macro-rules v0.27.2
       Fresh intrusive-collections v0.10.3
       Fresh adler2 v2.0.1
       Fresh smol_str v0.3.6
       Fresh ra_ap_syntax v0.0.341
       Fresh miniz_oxide v0.9.1
       Fresh salsa v0.27.2
       Fresh rand_core v0.6.4
       Fresh ppv-lite86 v0.2.21
       Fresh turso v0.8.0-pre.10
       Fresh darling_macro v0.24.1
       Fresh get-size-derive2 v0.9.0
       Fresh zlib-rs v0.6.7
       Fresh winnow v1.0.4
       Fresh la-arena v0.3.1
       Fresh ra_ap_span v0.0.341
       Fresh toml_parser v1.1.3+spec-1.1.0
       Fresh flate2 v1.1.10
       Fresh get-size2 v0.9.0
       Fresh darling v0.24.1
       Fresh rand_chacha v0.3.1
       Fresh serde_core v1.0.229
       Fresh wasm-bindgen-shared v0.2.127
       Fresh ra_ap_intern v0.0.341
       Fresh ref-cast-impl v1.0.27
       Fresh tinyvec_macros v0.1.1
       Fresh bumpalo v3.20.3
       Fresh wasm-bindgen-macro-support v0.2.127
       Fresh tinyvec v1.13.2
       Fresh ref-cast v1.0.27
       Fresh ra_ap_tt v0.0.341
       Fresh serde_json v1.0.151
       Fresh rand v0.8.8
       Fresh ruff_text_size v0.0.0 (https://github.com/astral-sh/ruff/?rev=db5aa0a5f1b92cb91d910bf0866a967554dd94f5#db5aa0a5)
       Fresh ureq-proto v0.6.2
       Fresh phf_shared v0.14.0
       Fresh is-macro v0.3.8
       Fresh ena v0.14.4
       Fresh hashbrown v0.16.1
       Fresh utf8-zero v0.8.1
       Fresh utf8parse v0.2.2
       Fresh ureq v3.4.0
       Fresh phf_generator v0.11.3
       Fresh icu_segmenter_data v2.3.0
       Fresh object v0.39.1
       Fresh wasm-bindgen-macro v0.2.127
       Fresh ignore v0.4.33
       Fresh serde_bytes v0.11.19
       Fresh fsevent-sys v4.1.0
       Fresh anstyle v1.0.14
       Fresh fixedbitset v0.5.7
       Fresh web-time v1.1.0
       Fresh wasm-bindgen v0.2.127
       Fresh ar_archive_writer v0.5.3
       Fresh icu_segmenter v2.3.0
       Fresh phf_codegen v0.11.3
       Fresh ruff_source_file v0.0.0 (https://github.com/astral-sh/ruff/?rev=db5aa0a5f1b92cb91d910bf0866a967554dd94f5#db5aa0a5)
       Fresh getopts v0.2.24
       Fresh tokio-util v0.7.19
       Fresh notify-types v2.1.0
       Fresh semver v1.0.28
       Fresh dupe_derive v0.9.1
       Fresh thiserror-impl v1.0.69
       Fresh streaming-iterator v0.1.9
       Fresh linktime-proc-macro v0.2.3
       Fresh smawk v0.3.3
       Fresh colorchoice v1.0.5
       Fresh is_terminal_polyfill v1.70.2
       Fresh link-section v0.19.3
       Dirty tsz-common v0.1.75 (/Users/rmccrar6/codex-worktrees/luna-index-projection-fastpath-7382-20261008/third_party/tsz/crates/tsz-common): the file `third_party/tsz/crates/tsz-common/build.rs` has changed (1791452500.162631022s, 3h 12m 19s after last build at 1791440961.453341654s)
   Compiling tsz-common v0.1.75 (/Users/rmccrar6/codex-worktrees/luna-index-projection-fastpath-7382-20261008/third_party/tsz/crates/tsz-common)
     Running `/nix/store/ff5chd1i7bm0d7ki0ahkbkgwij973qvx-rust-1.97.1-with-components-2026-07-16/bin/rustc --crate-name build_script_build --edition=2024 third_party/tsz/crates/tsz-common/build.rs --error-format=json --json=diagnostic-rendered-ansi,artifacts,future-incompat --crate-type bin --emit=dep-info,link -C embed-bitcode=no '--deny=clippy::style' --warn=rust_2024_compatibility '--deny=clippy::perf' '--deny=clippy::correctness' '--deny=clippy::complexity' --warn=unsafe_code '--warn=clippy::uninlined_format_args' '--warn=clippy::redundant_clone' '--deny=clippy::print_stderr' '--warn=clippy::missing_const_for_fn' '--warn=clippy::match_same_arms' '--deny=clippy::get_unwrap' '--warn=clippy::empty_structs_with_brackets' '--warn=clippy::doc_markdown' '--deny=clippy::dbg_macro' --cfg 'feature="default"' --check-cfg 'cfg(docsrs,test)' --check-cfg 'cfg(feature, values("default", "perf-counters-timing"))' -C metadata=8f42602899b6b379 -C extra-filename=-758989498bd7a9f5 --out-dir /Users/rmccrar6/codex-worktrees/luna-clippy-warning-cleanup-20261007/.local/build/clippy-current-canonical-20261007/debug/build/tsz-common-758989498bd7a9f5 -L dependency=/Users/rmccrar6/codex-worktrees/luna-clippy-warning-cleanup-20261007/.local/build/clippy-current-canonical-20261007/debug/deps`
       Fresh anstyle-query v1.1.5
       Fresh maplit v1.0.2
     Running `/Users/rmccrar6/codex-worktrees/luna-clippy-warning-cleanup-20261007/.local/build/clippy-current-canonical-20261007/debug/build/tsz-common-758989498bd7a9f5/build-script-build`
       Dirty backend-store v0.2.0 (/Users/rmccrar6/codex-worktrees/luna-index-projection-fastpath-7382-20261008/crates/store): the dependency `backend-platform` was rebuilt
   Compiling backend-store v0.2.0 (/Users/rmccrar6/codex-worktrees/luna-index-projection-fastpath-7382-20261008/crates/store)
     Running `/nix/store/ff5chd1i7bm0d7ki0ahkbkgwij973qvx-rust-1.97.1-with-components-2026-07-16/bin/rustc --crate-name backend_store --edition=2024 crates/store/src/lib.rs --error-format=json --json=diagnostic-rendered-ansi,artifacts,future-incompat --crate-type lib --emit=dep-info,metadata,link -C opt-level=2 -C embed-bitcode=no -C debuginfo=1 -C split-debuginfo=unpacked '--warn=clippy::pedantic' '--warn=clippy::all' '--deny=clippy::unwrap_used' --warn=unused_qualifications --warn=unused_lifetimes --deny=unsafe_code --warn=unreachable_pub '--deny=clippy::unimplemented' '--deny=clippy::todo' '--warn=clippy::panic' --warn=missing_docs '--deny=clippy::mem_forget' '--warn=clippy::expect_used' '--deny=clippy::dbg_macro' -C debug-assertions=on --check-cfg 'cfg(docsrs,test)' --check-cfg 'cfg(feature, values("loom-model"))' -C metadata=ee7c80f2307bd9d3 -C extra-filename=-341f46d1b47647bc --out-dir /Users/rmccrar6/codex-worktrees/luna-clippy-warning-cleanup-20261007/.local/build/clippy-current-canonical-20261007/debug/deps -L dependency=/Users/rmccrar6/codex-worktrees/luna-clippy-warning-cleanup-20261007/.local/build/clippy-current-canonical-20261007/debug/deps --extern arrayvec=/Users/rmccrar6/codex-worktrees/luna-clippy-warning-cleanup-20261007/.local/build/clippy-current-canonical-20261007/debug/deps/libarrayvec-453d1963a42adb5d.rmeta --extern backend_platform=/Users/rmccrar6/codex-worktrees/luna-clippy-warning-cleanup-20261007/.local/build/clippy-current-canonical-20261007/debug/deps/libbackend_platform-3e94ae60de778f92.rmeta --extern backend_version=/Users/rmccrar6/codex-worktrees/luna-clippy-warning-cleanup-20261007/.local/build/clippy-current-canonical-20261007/debug/deps/libbackend_version-9724f8132b25ba74.rmeta --extern blake3=/Users/rmccrar6/codex-worktrees/luna-clippy-warning-cleanup-20261007/.local/build/clippy-current-canonical-20261007/debug/deps/libblake3-4f44f49a9a64a61d.rmeta --extern derive_more=/Users/rmccrar6/codex-worktrees/luna-clippy-warning-cleanup-20261007/.local/build/clippy-current-canonical-20261007/debug/deps/libderive_more-be256e780bdabea9.rmeta --extern fearless_simd=/Users/rmccrar6/codex-worktrees/luna-clippy-warning-cleanup-20261007/.local/build/clippy-current-canonical-20261007/debug/deps/libfearless_simd-11597c04f80fb117.rmeta --extern rustix=/Users/rmccrar6/codex-worktrees/luna-clippy-warning-cleanup-20261007/.local/build/clippy-current-canonical-20261007/debug/deps/librustix-3d1e1a8de5df5998.rmeta --extern strum=/Users/rmccrar6/codex-worktrees/luna-clippy-warning-cleanup-20261007/.local/build/clippy-current-canonical-20261007/debug/deps/libstrum-56dab6cbe31ccb8a.rmeta --extern thiserror=/Users/rmccrar6/codex-worktrees/luna-clippy-warning-cleanup-20261007/.local/build/clippy-current-canonical-20261007/debug/deps/libthiserror-34be1a9b3117e1d6.rmeta --extern zerocopy=/Users/rmccrar6/codex-worktrees/luna-clippy-warning-cleanup-20261007/.local/build/clippy-current-canonical-20261007/debug/deps/libzerocopy-92189baaba8ff2b1.rmeta -L native=/Users/rmccrar6/codex-worktrees/luna-clippy-warning-cleanup-20261007/.local/build/clippy-current-canonical-20261007/debug/build/blake3-c1cb4c3099a1fc7f/out`
       Fresh ctor v1.0.13
       Fresh textwrap v0.16.3
       Fresh tree-sitter v0.27.0
       Fresh thiserror v1.0.69
       Fresh dupe v0.9.1
       Fresh notify v8.2.0
       Fresh unicode_names2_generator v1.3.0
       Fresh http-body v1.1.0
       Fresh futures-executor v0.3.34
       Fresh allocative_derive v0.3.6
       Fresh strong_hash_derive v0.1.0
       Fresh structmeta-derive v0.2.0
       Fresh ra-ap-rustc_index_macros v0.165.0
       Fresh oxc-miette-derive v3.0.1
       Fresh pin-project-internal v1.1.13
       Fresh fastrand v2.5.0
       Fresh parking v2.2.1
       Fresh atomic-waker v1.1.2
       Fresh base64ct v1.8.3
       Fresh seahash v4.1.0
       Fresh owo-colors v4.4.0
       Fresh oxc_data_structures v0.139.0
       Fresh oxc_allocator v0.139.0
       Fresh oxc-miette v3.0.1
       Fresh ruff_cache v0.0.0 (https://github.com/astral-sh/ruff/?rev=db5aa0a5f1b92cb91d910bf0866a967554dd94f5#db5aa0a5)
       Fresh pem-rfc7468 v1.0.0
       Fresh futures-lite v2.6.1
       Fresh phf_generator v0.14.0
       Fresh pin-project v1.1.13
       Fresh ra-ap-rustc_index v0.165.0
       Fresh structmeta v0.2.0
       Fresh strong_hash v0.1.0
       Fresh allocative v0.3.6
     Running `/nix/store/ff5chd1i7bm0d7ki0ahkbkgwij973qvx-rust-1.97.1-with-components-2026-07-16/bin/rustc --crate-name tsz_common --edition=2024 third_party/tsz/crates/tsz-common/src/lib.rs --error-format=json --json=diagnostic-rendered-ansi,artifacts,future-incompat --crate-type lib --emit=dep-info,metadata,link -C embed-bitcode=no -C debuginfo=1 -C split-debuginfo=unpacked '--deny=clippy::style' --warn=rust_2024_compatibility '--deny=clippy::perf' '--deny=clippy::correctness' '--deny=clippy::complexity' --warn=unsafe_code '--warn=clippy::uninlined_format_args' '--warn=clippy::redundant_clone' '--deny=clippy::print_stderr' '--warn=clippy::missing_const_for_fn' '--warn=clippy::match_same_arms' '--deny=clippy::get_unwrap' '--warn=clippy::empty_structs_with_brackets' '--warn=clippy::doc_markdown' '--deny=clippy::dbg_macro' --cfg 'feature="default"' --check-cfg 'cfg(docsrs,test)' --check-cfg 'cfg(feature, values("default", "perf-counters-timing"))' -C metadata=e82d26528c433660 -C extra-filename=-1f4b1817df500634 --out-dir /Users/rmccrar6/codex-worktrees/luna-clippy-warning-cleanup-20261007/.local/build/clippy-current-canonical-20261007/debug/deps -L dependency=/Users/rmccrar6/codex-worktrees/luna-clippy-warning-cleanup-20261007/.local/build/clippy-current-canonical-20261007/debug/deps --extern memchr=/Users/rmccrar6/codex-worktrees/luna-clippy-warning-cleanup-20261007/.local/build/clippy-current-canonical-20261007/debug/deps/libmemchr-615ba70f46cfaf0b.rmeta --extern rustc_hash=/Users/rmccrar6/codex-worktrees/luna-clippy-warning-cleanup-20261007/.local/build/clippy-current-canonical-20261007/debug/deps/librustc_hash-6d4a76cf86ae4a83.rmeta --extern serde=/Users/rmccrar6/codex-worktrees/luna-clippy-warning-cleanup-20261007/.local/build/clippy-current-canonical-20261007/debug/deps/libserde-bb561d23e6a68d5f.rmeta --extern serde_json=/Users/rmccrar6/codex-worktrees/luna-clippy-warning-cleanup-20261007/.local/build/clippy-current-canonical-20261007/debug/deps/libserde_json-5519587ec51e9b8e.rmeta --extern web_time=/Users/rmccrar6/codex-worktrees/luna-clippy-warning-cleanup-20261007/.local/build/clippy-current-canonical-20261007/debug/deps/libweb_time-5bcb8a2c8fd10008.rmeta`
       Fresh ruff_python_trivia v0.0.0 (https://github.com/astral-sh/ruff/?rev=db5aa0a5f1b92cb91d910bf0866a967554dd94f5#db5aa0a5)
       Fresh ra_ap_cfg v0.0.341
       Fresh serde_with_macros v3.24.0
       Fresh fxhash v0.2.1
       Fresh phf_shared v0.11.3
       Fresh ra_ap_query-group-macro v0.0.341
       Fresh n0-error-macros v1.0.1
       Fresh spez v0.1.2
       Fresh serde_repr v0.1.21
       Fresh tower-service v0.3.3
       Fresh typenum v1.20.1
       Fresh regex-syntax v0.7.5
       Fresh const-oid v0.10.2
       Fresh try-lock v0.2.5
       Fresh rustc-stable-hash v0.1.2
       Fresh oxc_estree v0.139.0
       Fresh objc2-encode v4.1.0
       Fresh ipnet v2.12.2
       Fresh atomic v0.5.3
       Fresh lock_free_hashtable v0.1.4
       Fresh objc2 v0.6.4
       Fresh oxc_str v0.139.0
       Fresh ra-ap-rustc_hashes v0.165.0
       Fresh want v0.3.1
       Fresh der v0.8.2
       Fresh parse-display-derive v0.8.2
       Fresh generic-array v0.14.7
       Fresh n0-error v1.0.1
       Fresh ra_ap_base_db v0.0.341
       Fresh phf v0.11.3
       Fresh starlark_map v0.14.2
       Fresh serde_with v3.24.0
       Fresh oxc_ast_macros v0.139.0
       Fresh ruff_python_ast v0.0.0 (https://github.com/astral-sh/ruff/?rev=db5aa0a5f1b92cb91d910bf0866a967554dd94f5#db5aa0a5)
       Dirty tsz-scanner v0.1.75 (/Users/rmccrar6/codex-worktrees/luna-index-projection-fastpath-7382-20261008/third_party/tsz/crates/tsz-scanner): the dependency `tsz-common` was rebuilt
   Compiling tsz-scanner v0.1.75 (/Users/rmccrar6/codex-worktrees/luna-index-projection-fastpath-7382-20261008/third_party/tsz/crates/tsz-scanner)
     Running `/nix/store/ff5chd1i7bm0d7ki0ahkbkgwij973qvx-rust-1.97.1-with-components-2026-07-16/bin/rustc --crate-name tsz_scanner --edition=2024 third_party/tsz/crates/tsz-scanner/src/lib.rs --error-format=json --json=diagnostic-rendered-ansi,artifacts,future-incompat --crate-type lib --emit=dep-info,metadata,link -C embed-bitcode=no -C debuginfo=1 -C split-debuginfo=unpacked '--deny=clippy::style' --warn=rust_2024_compatibility '--deny=clippy::perf' '--deny=clippy::correctness' '--deny=clippy::complexity' --warn=unsafe_code '--warn=clippy::uninlined_format_args' '--warn=clippy::redundant_clone' '--deny=clippy::print_stderr' '--warn=clippy::missing_const_for_fn' '--warn=clippy::match_same_arms' '--deny=clippy::get_unwrap' '--warn=clippy::empty_structs_with_brackets' '--warn=clippy::doc_markdown' '--deny=clippy::dbg_macro' --check-cfg 'cfg(docsrs,test)' --check-cfg 'cfg(feature, values())' -C metadata=34d3dc9f93a7eda5 -C extra-filename=-b807966a8a9401ff --out-dir /Users/rmccrar6/codex-worktrees/luna-clippy-warning-cleanup-20261007/.local/build/clippy-current-canonical-20261007/debug/deps -L dependency=/Users/rmccrar6/codex-worktrees/luna-clippy-warning-cleanup-20261007/.local/build/clippy-current-canonical-20261007/debug/deps --extern serde=/Users/rmccrar6/codex-worktrees/luna-clippy-warning-cleanup-20261007/.local/build/clippy-current-canonical-20261007/debug/deps/libserde-bb561d23e6a68d5f.rmeta --extern tsz_common=/Users/rmccrar6/codex-worktrees/luna-clippy-warning-cleanup-20261007/.local/build/clippy-current-canonical-20261007/debug/deps/libtsz_common-1f4b1817df500634.rmeta --extern unicode_ident=/Users/rmccrar6/codex-worktrees/luna-clippy-warning-cleanup-20261007/.local/build/clippy-current-canonical-20261007/debug/deps/libunicode_ident-3c7bf022f94d4567.rmeta --extern wasm_bindgen=/Users/rmccrar6/codex-worktrees/luna-clippy-warning-cleanup-20261007/.local/build/clippy-current-canonical-20261007/debug/deps/libwasm_bindgen-e5f3733b3eb7b2d6.rmeta`
       Dirty backend-flow v0.2.0 (/Users/rmccrar6/codex-worktrees/luna-index-projection-fastpath-7382-20261008/crates/flow): the dependency `backend-store` was rebuilt
   Compiling backend-flow v0.2.0 (/Users/rmccrar6/codex-worktrees/luna-index-projection-fastpath-7382-20261008/crates/flow)
     Running `/nix/store/ff5chd1i7bm0d7ki0ahkbkgwij973qvx-rust-1.97.1-with-components-2026-07-16/bin/rustc --crate-name backend_flow --edition=2024 crates/flow/src/lib.rs --error-format=json --json=diagnostic-rendered-ansi,artifacts,future-incompat --crate-type lib --emit=dep-info,metadata,link -C opt-level=2 -C embed-bitcode=no -C debuginfo=1 -C split-debuginfo=unpacked '--warn=clippy::pedantic' '--warn=clippy::all' '--deny=clippy::unwrap_used' --warn=unused_qualifications --warn=unused_lifetimes --deny=unsafe_code --warn=unreachable_pub '--deny=clippy::unimplemented' '--deny=clippy::todo' '--warn=clippy::panic' --warn=missing_docs '--deny=clippy::mem_forget' '--warn=clippy::expect_used' '--deny=clippy::dbg_macro' -C debug-assertions=on --check-cfg 'cfg(docsrs,test)' --check-cfg 'cfg(feature, values())' -C metadata=5fbc873e22569146 -C extra-filename=-198b382317d3f103 --out-dir /Users/rmccrar6/codex-worktrees/luna-clippy-warning-cleanup-20261007/.local/build/clippy-current-canonical-20261007/debug/deps -L dependency=/Users/rmccrar6/codex-worktrees/luna-clippy-warning-cleanup-20261007/.local/build/clippy-current-canonical-20261007/debug/deps --extern backend_store=/Users/rmccrar6/codex-worktrees/luna-clippy-warning-cleanup-20261007/.local/build/clippy-current-canonical-20261007/debug/deps/libbackend_store-341f46d1b47647bc.rmeta --extern backend_version=/Users/rmccrar6/codex-worktrees/luna-clippy-warning-cleanup-20261007/.local/build/clippy-current-canonical-20261007/debug/deps/libbackend_version-9724f8132b25ba74.rmeta --extern blake3=/Users/rmccrar6/codex-worktrees/luna-clippy-warning-cleanup-20261007/.local/build/clippy-current-canonical-20261007/debug/deps/libblake3-4f44f49a9a64a61d.rmeta --extern thiserror=/Users/rmccrar6/codex-worktrees/luna-clippy-warning-cleanup-20261007/.local/build/clippy-current-canonical-20261007/debug/deps/libthiserror-34be1a9b3117e1d6.rmeta -L native=/Users/rmccrar6/codex-worktrees/luna-clippy-warning-cleanup-20261007/.local/build/clippy-current-canonical-20261007/debug/build/blake3-c1cb4c3099a1fc7f/out`
       Dirty backend-semantic v0.2.0 (/Users/rmccrar6/codex-worktrees/luna-index-projection-fastpath-7382-20261008/crates/semantic): the dependency `backend-version` was rebuilt
   Compiling backend-semantic v0.2.0 (/Users/rmccrar6/codex-worktrees/luna-index-projection-fastpath-7382-20261008/crates/semantic)
     Running `/nix/store/ff5chd1i7bm0d7ki0ahkbkgwij973qvx-rust-1.97.1-with-components-2026-07-16/bin/rustc --crate-name backend_semantic --edition=2024 crates/semantic/src/lib.rs --error-format=json --json=diagnostic-rendered-ansi,artifacts,future-incompat --crate-type lib --emit=dep-info,metadata,link -C embed-bitcode=no -C debuginfo=1 -C split-debuginfo=unpacked '--warn=clippy::pedantic' '--warn=clippy::all' '--deny=clippy::unwrap_used' --warn=unused_qualifications --warn=unused_lifetimes --deny=unsafe_code --warn=unreachable_pub '--deny=clippy::unimplemented' '--deny=clippy::todo' '--warn=clippy::panic' --warn=missing_docs '--deny=clippy::mem_forget' '--warn=clippy::expect_used' '--deny=clippy::dbg_macro' --cfg 'feature="mmap"' --check-cfg 'cfg(docsrs,test)' --check-cfg 'cfg(feature, values("jumbo-utf8-ascii-scalar", "loom-model", "mmap"))' -C metadata=f5b887b657f30991 -C extra-filename=-f840df0bae813320 --out-dir /Users/rmccrar6/codex-worktrees/luna-clippy-warning-cleanup-20261007/.local/build/clippy-current-canonical-20261007/debug/deps -L dependency=/Users/rmccrar6/codex-worktrees/luna-clippy-warning-cleanup-20261007/.local/build/clippy-current-canonical-20261007/debug/deps --extern arrayvec=/Users/rmccrar6/codex-worktrees/luna-clippy-warning-cleanup-20261007/.local/build/clippy-current-canonical-20261007/debug/deps/libarrayvec-453d1963a42adb5d.rmeta --extern backend_flow=/Users/rmccrar6/codex-worktrees/luna-clippy-warning-cleanup-20261007/.local/build/clippy-current-canonical-20261007/debug/deps/libbackend_flow-198b382317d3f103.rmeta --extern backend_version=/Users/rmccrar6/codex-worktrees/luna-clippy-warning-cleanup-20261007/.local/build/clippy-current-canonical-20261007/debug/deps/libbackend_version-9724f8132b25ba74.rmeta --extern blake3=/Users/rmccrar6/codex-worktrees/luna-clippy-warning-cleanup-20261007/.local/build/clippy-current-canonical-20261007/debug/deps/libblake3-4f44f49a9a64a61d.rmeta --extern memmap2=/Users/rmccrar6/codex-worktrees/luna-clippy-warning-cleanup-20261007/.local/build/clippy-current-canonical-20261007/debug/deps/libmemmap2-a7e6ac51ba180a8e.rmeta --extern serde=/Users/rmccrar6/codex-worktrees/luna-clippy-warning-cleanup-20261007/.local/build/clippy-current-canonical-20261007/debug/deps/libserde-bb561d23e6a68d5f.rmeta --extern thiserror=/Users/rmccrar6/codex-worktrees/luna-clippy-warning-cleanup-20261007/.local/build/clippy-current-canonical-20261007/debug/deps/libthiserror-34be1a9b3117e1d6.rmeta --extern turso=/Users/rmccrar6/codex-worktrees/luna-clippy-warning-cleanup-20261007/.local/build/clippy-current-canonical-20261007/debug/deps/libturso-a38e4708754b08cf.rmeta -L native=/Users/rmccrar6/codex-worktrees/luna-clippy-warning-cleanup-20261007/.local/build/clippy-current-canonical-20261007/debug/build/blake3-c1cb4c3099a1fc7f/out -L native=/Users/rmccrar6/codex-worktrees/luna-clippy-warning-cleanup-20261007/.local/build/clippy-current-canonical-20261007/debug/build/simsimd-57d7ccc1ff7a2e26/out`
       Dirty backend-compile v0.2.0 (/Users/rmccrar6/codex-worktrees/luna-index-projection-fastpath-7382-20261008/crates/compile): the dependency `backend-platform` was rebuilt
   Compiling backend-compile v0.2.0 (/Users/rmccrar6/codex-worktrees/luna-index-projection-fastpath-7382-20261008/crates/compile)
     Running `/nix/store/ff5chd1i7bm0d7ki0ahkbkgwij973qvx-rust-1.97.1-with-components-2026-07-16/bin/rustc --crate-name backend_compile --edition=2024 crates/compile/src/lib.rs --error-format=json --json=diagnostic-rendered-ansi,artifacts,future-incompat --crate-type lib --emit=dep-info,metadata,link -C embed-bitcode=no -C debuginfo=1 -C split-debuginfo=unpacked '--warn=clippy::pedantic' '--warn=clippy::all' '--deny=clippy::unwrap_used' --warn=unused_qualifications --warn=unused_lifetimes --deny=unsafe_code --warn=unreachable_pub '--deny=clippy::unimplemented' '--deny=clippy::todo' '--warn=clippy::panic' --warn=missing_docs '--deny=clippy::mem_forget' '--warn=clippy::expect_used' '--deny=clippy::dbg_macro' --check-cfg 'cfg(docsrs,test)' --check-cfg 'cfg(feature, values())' -C metadata=f269a10c1dc021eb -C extra-filename=-e77d351d591fc132 --out-dir /Users/rmccrar6/codex-worktrees/luna-clippy-warning-cleanup-20261007/.local/build/clippy-current-canonical-20261007/debug/deps -L dependency=/Users/rmccrar6/codex-worktrees/luna-clippy-warning-cleanup-20261007/.local/build/clippy-current-canonical-20261007/debug/deps --extern backend_flow=/Users/rmccrar6/codex-worktrees/luna-clippy-warning-cleanup-20261007/.local/build/clippy-current-canonical-20261007/debug/deps/libbackend_flow-198b382317d3f103.rmeta --extern backend_platform=/Users/rmccrar6/codex-worktrees/luna-clippy-warning-cleanup-20261007/.local/build/clippy-current-canonical-20261007/debug/deps/libbackend_platform-3e94ae60de778f92.rmeta --extern backend_semantic=/Users/rmccrar6/codex-worktrees/luna-clippy-warning-cleanup-20261007/.local/build/clippy-current-canonical-20261007/debug/deps/libbackend_semantic-f840df0bae813320.rmeta --extern backend_version=/Users/rmccrar6/codex-worktrees/luna-clippy-warning-cleanup-20261007/.local/build/clippy-current-canonical-20261007/debug/deps/libbackend_version-9724f8132b25ba74.rmeta --extern blake3=/Users/rmccrar6/codex-worktrees/luna-clippy-warning-cleanup-20261007/.local/build/clippy-current-canonical-20261007/debug/deps/libblake3-4f44f49a9a64a61d.rmeta --extern rustix=/Users/rmccrar6/codex-worktrees/luna-clippy-warning-cleanup-20261007/.local/build/clippy-current-canonical-20261007/debug/deps/librustix-3d1e1a8de5df5998.rmeta --extern serde=/Users/rmccrar6/codex-worktrees/luna-clippy-warning-cleanup-20261007/.local/build/clippy-current-canonical-20261007/debug/deps/libserde-bb561d23e6a68d5f.rmeta --extern serde_json=/Users/rmccrar6/codex-worktrees/luna-clippy-warning-cleanup-20261007/.local/build/clippy-current-canonical-20261007/debug/deps/libserde_json-5519587ec51e9b8e.rmeta --extern sha2=/Users/rmccrar6/codex-worktrees/luna-clippy-warning-cleanup-20261007/.local/build/clippy-current-canonical-20261007/debug/deps/libsha2-ed7a8d577b29fe49.rmeta --extern thiserror=/Users/rmccrar6/codex-worktrees/luna-clippy-warning-cleanup-20261007/.local/build/clippy-current-canonical-20261007/debug/deps/libthiserror-34be1a9b3117e1d6.rmeta --extern tree_sitter=/Users/rmccrar6/codex-worktrees/luna-clippy-warning-cleanup-20261007/.local/build/clippy-current-canonical-20261007/debug/deps/libtree_sitter-a625b39766655376.rmeta --extern ureq=/Users/rmccrar6/codex-worktrees/luna-clippy-warning-cleanup-20261007/.local/build/clippy-current-canonical-20261007/debug/deps/libureq-2fcb6401993fb18b.rmeta -L native=/Users/rmccrar6/codex-worktrees/luna-clippy-warning-cleanup-20261007/.local/build/clippy-current-canonical-20261007/debug/build/blake3-c1cb4c3099a1fc7f/out -L native=/Users/rmccrar6/codex-worktrees/luna-clippy-warning-cleanup-20261007/.local/build/clippy-current-canonical-20261007/debug/build/simsimd-57d7ccc1ff7a2e26/out -L native=/Users/rmccrar6/codex-worktrees/luna-clippy-warning-cleanup-20261007/.local/build/clippy-current-canonical-20261007/debug/build/tree-sitter-47647a70e9977a2a/out -L native=/Users/rmccrar6/codex-worktrees/luna-clippy-warning-cleanup-20261007/.local/build/clippy-current-canonical-20261007/debug/build/ring-53e80969c9e79690/out`
       Fresh psm v0.1.32
       Fresh fs-err v2.11.0
       Fresh phf_macros v0.14.0
       Fresh futures v0.3.34
       Fresh serde_bser v0.4.0
       Fresh anstyle-parse v1.0.0
       Fresh anstyle-parse v0.2.7
       Fresh ruff_diagnostics v0.0.0 (https://github.com/astral-sh/ruff/?rev=db5aa0a5f1b92cb91d910bf0866a967554dd94f5#db5aa0a5)
       Fresh ra_ap_syntax-bridge v0.0.341
       Fresh tokio-util v0.6.10
       Fresh core-foundation v0.10.0
       Fresh path-dedot v3.1.1
       Fresh os_str_bytes v7.2.1
       Fresh cov-mark v2.2.0
       Fresh spin v0.10.1
       Fresh bitflags v1.3.2
       Fresh httpdate v1.0.3
       Fresh diatomic-waker v0.2.3
       Fresh ucd-trie v0.1.7
       Fresh cordyceps v0.3.5
       Fresh cow-utils v0.1.3
       Fresh futures-buffered v0.2.13
       Fresh hyper v1.11.1
       Fresh lsp-types v0.95.2 (https://github.com/yangdanny97/lsp-types?rev=395d6bfcd6c3696a64cfe9cd93b86f981fb85112#395d6bfc)
       Fresh ra_ap_mbe v0.0.341
       Fresh argfile v0.2.1
       Fresh path-absolutize v3.1.1
       Fresh watchman_client v0.9.0
       Fresh ruff_notebook v0.0.0 (https://github.com/astral-sh/ruff/?rev=db5aa0a5f1b92cb91d910bf0866a967554dd94f5#db5aa0a5)
       Fresh anstream v0.6.21
       Fresh anstream v1.0.0
       Fresh phf v0.14.0
       Fresh stacker v0.1.25
       Fresh unicode_names2 v1.3.0
       Dirty tsz-parser v0.1.75 (/Users/rmccrar6/codex-worktrees/luna-index-projection-fastpath-7382-20261008/third_party/tsz/crates/tsz-parser): the dependency `tsz-common` was rebuilt
   Compiling tsz-parser v0.1.75 (/Users/rmccrar6/codex-worktrees/luna-index-projection-fastpath-7382-20261008/third_party/tsz/crates/tsz-parser)
     Running `/nix/store/ff5chd1i7bm0d7ki0ahkbkgwij973qvx-rust-1.97.1-with-components-2026-07-16/bin/rustc --crate-name tsz_parser --edition=2024 third_party/tsz/crates/tsz-parser/src/lib.rs --error-format=json --json=diagnostic-rendered-ansi,artifacts,future-incompat --crate-type lib --emit=dep-info,metadata,link -C embed-bitcode=no -C debuginfo=1 -C split-debuginfo=unpacked '--deny=clippy::style' --warn=rust_2024_compatibility '--deny=clippy::perf' '--deny=clippy::correctness' '--deny=clippy::complexity' --warn=unsafe_code '--warn=clippy::uninlined_format_args' '--warn=clippy::redundant_clone' '--deny=clippy::print_stderr' '--warn=clippy::missing_const_for_fn' '--warn=clippy::match_same_arms' '--deny=clippy::get_unwrap' '--warn=clippy::empty_structs_with_brackets' '--warn=clippy::doc_markdown' '--deny=clippy::dbg_macro' --check-cfg 'cfg(docsrs,test)' --check-cfg 'cfg(feature, values())' -C metadata=90d8b959006c03fb -C extra-filename=-3187c4a1d05d404a --out-dir /Users/rmccrar6/codex-worktrees/luna-clippy-warning-cleanup-20261007/.local/build/clippy-current-canonical-20261007/debug/deps -L dependency=/Users/rmccrar6/codex-worktrees/luna-clippy-warning-cleanup-20261007/.local/build/clippy-current-canonical-20261007/debug/deps --extern rustc_hash=/Users/rmccrar6/codex-worktrees/luna-clippy-warning-cleanup-20261007/.local/build/clippy-current-canonical-20261007/debug/deps/librustc_hash-6d4a76cf86ae4a83.rmeta --extern serde=/Users/rmccrar6/codex-worktrees/luna-clippy-warning-cleanup-20261007/.local/build/clippy-current-canonical-20261007/debug/deps/libserde-bb561d23e6a68d5f.rmeta --extern tracing=/Users/rmccrar6/codex-worktrees/luna-clippy-warning-cleanup-20261007/.local/build/clippy-current-canonical-20261007/debug/deps/libtracing-fc6cdc27b6ad5abf.rmeta --extern tsz_common=/Users/rmccrar6/codex-worktrees/luna-clippy-warning-cleanup-20261007/.local/build/clippy-current-canonical-20261007/debug/deps/libtsz_common-1f4b1817df500634.rmeta --extern tsz_scanner=/Users/rmccrar6/codex-worktrees/luna-clippy-warning-cleanup-20261007/.local/build/clippy-current-canonical-20261007/debug/deps/libtsz_scanner-b807966a8a9401ff.rmeta --extern wasm_bindgen=/Users/rmccrar6/codex-worktrees/luna-clippy-warning-cleanup-20261007/.local/build/clippy-current-canonical-20261007/debug/deps/libwasm_bindgen-e5f3733b3eb7b2d6.rmeta`
       Fresh oxc_span v0.139.0
       Fresh parse-display v0.8.2
       Fresh spki v0.8.0
       Fresh ra-ap-rustc_abi v0.165.0
       Fresh static_interner v0.1.3
       Fresh unicode-normalization v0.1.25
       Fresh get-size-derive2 v0.10.3
       Fresh tokio-rustls v0.26.5
       Fresh compact_str v0.10.0
       Fresh security-framework-sys v2.17.0
       Fresh terminal_size v0.4.4
       Fresh sync_wrapper v1.0.2
       Fresh vec1 v1.12.1
       Fresh serde_spanned v1.1.1
       Fresh memory-stats v1.2.0
       Fresh pathdiff v0.2.3
       Fresh unicode-id-start v1.4.0
       Fresh yansi v1.0.1
       Fresh nonmax v0.5.5
       Fresh append-only-vec v0.1.8
       Fresh base16ct v1.0.0
       Fresh clap_lex v1.1.1
       Fresh tower-layer v0.3.3
       Fresh unicase v2.9.0
       Fresh toml_writer v1.1.2+spec-1.1.0
       Fresh index_vec v0.1.4
       Fresh human_bytes v0.4.3
       Fresh pyrefly_util v1.2.0-dev.1 (https://github.com/facebook/pyrefly?rev=30b5ca5250db9f2d9264d5e889662cf1224a75b7#30b5ca52)
       Fresh clap_builder v4.6.7
       Fresh tower v0.5.3
       Fresh serdect v0.4.3
       Fresh oxc_index v5.0.0
       Fresh security-framework v3.7.0
       Fresh get-size2 v0.10.3
       Fresh pkcs8 v0.11.0
       Fresh n0-future v0.3.2
       Fresh ra_ap_hir_expand v0.0.341
       Fresh rustc_apfloat v0.2.3+llvm-462a31f5a5ab
       Fresh hyper-util v0.1.20
       Fresh rustix v1.1.4
       Fresh dragonbox_ecma v0.1.12
       Fresh oxc_diagnostics v0.139.0
       Fresh zstd-sys v2.1.0+zstd.1.5.7
       Fresh crypto-common v0.1.7
       Fresh block-buffer v0.10.4
       Fresh dispatch2 v0.3.1
       Fresh block2 v0.6.2
       Fresh fs4 v0.13.1
       Fresh clap_derive v4.6.7
       Fresh signature v3.0.0
       Fresh cobs v0.3.0
       Fresh ra-ap-rustc_type_ir_macros v0.165.0
       Fresh enum-iterator-derive v1.5.0
       Fresh postcard-derive v0.2.2
       Fresh cpufeatures v0.3.1
       Fresh ra-ap-rustc_ast_ir v0.165.0
       Fresh foldhash v0.1.5
       Fresh toml_datetime v1.1.1+spec-1.1.0
       Fresh hashbrown v0.15.5
       Fresh ra-ap-rustc_type_ir v0.165.0
       Fresh data-encoding-macro-internal v0.1.19
       Fresh sha2 v0.11.0
       Fresh postcard v1.1.3
       Fresh enum-iterator v2.3.0
       Fresh ed25519 v3.0.0
       Fresh clap v4.6.7
       Fresh objc2-core-foundation v0.3.2
       Fresh digest v0.10.7
       Fresh zstd-safe v7.3.0
       Fresh oxc_regular_expression v0.139.0
       Fresh oxc_syntax v0.139.0
       Fresh hyper-rustls v0.27.9
       Fresh rustls-platform-verifier v0.7.0
       Fresh curve25519-dalek v5.0.0
       Fresh nix v0.30.1
       Fresh crunchy v0.2.4
       Fresh tower-http v0.6.11
       Fresh system-configuration-sys v0.6.0
       Fresh toml v1.1.5+spec-1.1.0
       Fresh ruff_python_parser v0.0.0 (https://github.com/astral-sh/ruff/?rev=db5aa0a5f1b92cb91d910bf0866a967554dd94f5#db5aa0a5)
       Fresh http-body-util v0.1.5
       Fresh ra-ap-rustc_parse_format v0.165.0
       Fresh ownedbytes v0.9.0
       Fresh serde_spanned v0.6.9
       Fresh toml_datetime v0.6.11
       Fresh async-trait v0.1.92
       Fresh toml_write v0.1.2
       Fresh data-encoding v2.11.1
       Fresh data-encoding-macro v0.1.21
       Fresh toml_edit v0.22.27
       Fresh tantivy-common v0.11.0
       Dirty ra_ap_hir_def v0.0.341 (/Users/rmccrar6/codex-worktrees/luna-index-projection-fastpath-7382-20261008/vendor/ra_ap_hir_def): the file `vendor/ra_ap_hir_def/src/nameres/attr_resolution.rs` has changed (1791452501.092269737s, 3h 12m after last build at 1791440981.317491143s)
   Compiling ra_ap_hir_def v0.0.341 (/Users/rmccrar6/codex-worktrees/luna-index-projection-fastpath-7382-20261008/vendor/ra_ap_hir_def)
     Running `/nix/store/ff5chd1i7bm0d7ki0ahkbkgwij973qvx-rust-1.97.1-with-components-2026-07-16/bin/rustc --crate-name ra_ap_hir_def --edition=2024 vendor/ra_ap_hir_def/src/lib.rs --error-format=json --json=diagnostic-rendered-ansi,artifacts,future-incompat --crate-type lib --emit=dep-info,metadata,link -C opt-level=2 -C embed-bitcode=no -C debuginfo=1 -C split-debuginfo=unpacked '--warn=clippy::suspicious' '--warn=clippy::style' '--allow=clippy::restriction' '--deny=clippy::perf' '--deny=clippy::correctness' '--warn=clippy::complexity' '--allow=clippy::wrong_self_convention' '--allow=clippy::vec_init_then_push' '--allow=clippy::useless_asref' --warn=unused_lifetimes --warn=unused_extern_crates --warn=unsafe_op_in_unsafe_fn --warn=unreachable_pub '--allow=clippy::unnecessary_map_or' --warn=unexpected_cfgs '--allow=clippy::type_complexity' '--allow=clippy::too_many_arguments' '--allow=clippy::too_long_first_doc_paragraph' '--warn=clippy::todo' '--warn=clippy::str_to_string' '--allow=clippy::single_match' '--allow=clippy::result_unit_err' '--warn=clippy::rc_buffer' '--warn=clippy::print_stdout' '--warn=clippy::print_stderr' '--allow=clippy::new_ret_no_self' '--allow=clippy::literal_string_with_formatting_args' '--allow=clippy::len_without_is_empty' --warn=explicit_outlives_requirements '--allow=clippy::enum_variant_names' --warn=elided_lifetimes_in_paths '--warn=clippy::dbg_macro' '--allow=clippy::assigning_clones' --check-cfg 'cfg(bootstrap)' --check-cfg 'cfg(no_salsa_async_drops)' -C debug-assertions=on --check-cfg 'cfg(docsrs,test)' --check-cfg 'cfg(feature, values("in-rust-tree"))' -C metadata=a6fa8d4b9d7d9547 -C extra-filename=-ed0847448bb125f6 --out-dir /Users/rmccrar6/codex-worktrees/luna-clippy-warning-cleanup-20261007/.local/build/clippy-current-canonical-20261007/debug/deps -L dependency=/Users/rmccrar6/codex-worktrees/luna-clippy-warning-cleanup-20261007/.local/build/clippy-current-canonical-20261007/debug/deps --extern arrayvec=/Users/rmccrar6/codex-worktrees/luna-clippy-warning-cleanup-20261007/.local/build/clippy-current-canonical-20261007/debug/deps/libarrayvec-453d1963a42adb5d.rmeta --extern bitflags=/Users/rmccrar6/codex-worktrees/luna-clippy-warning-cleanup-20261007/.local/build/clippy-current-canonical-20261007/debug/deps/libbitflags-550a213bbe5c28f8.rmeta --extern cov_mark=/Users/rmccrar6/codex-worktrees/luna-clippy-warning-cleanup-20261007/.local/build/clippy-current-canonical-20261007/debug/deps/libcov_mark-db831509be1b48f7.rmeta --extern drop_bomb=/Users/rmccrar6/codex-worktrees/luna-clippy-warning-cleanup-20261007/.local/build/clippy-current-canonical-20261007/debug/deps/libdrop_bomb-ffa2f2defc93a80a.rmeta --extern either=/Users/rmccrar6/codex-worktrees/luna-clippy-warning-cleanup-20261007/.local/build/clippy-current-canonical-20261007/debug/deps/libeither-ecf7e196c7c3dc2e.rmeta --extern fst=/Users/rmccrar6/codex-worktrees/luna-clippy-warning-cleanup-20261007/.local/build/clippy-current-canonical-20261007/debug/deps/libfst-3ae1dbffa7ad2b4a.rmeta --extern indexmap=/Users/rmccrar6/codex-worktrees/luna-clippy-warning-cleanup-20261007/.local/build/clippy-current-canonical-20261007/debug/deps/libindexmap-b581727d68f6a1bc.rmeta --extern itertools=/Users/rmccrar6/codex-worktrees/luna-clippy-warning-cleanup-20261007/.local/build/clippy-current-canonical-20261007/debug/deps/libitertools-44bb30f18c495301.rmeta --extern la_arena=/Users/rmccrar6/codex-worktrees/luna-clippy-warning-cleanup-20261007/.local/build/clippy-current-canonical-20261007/debug/deps/libla_arena-a490172c24fe9c00.rmeta --extern ra_ap_rustc_abi=/Users/rmccrar6/codex-worktrees/luna-clippy-warning-cleanup-20261007/.local/build/clippy-current-canonical-20261007/debug/deps/libra_ap_rustc_abi-90c92bffed37aee9.rmeta --extern ra_ap_rustc_parse_format=/Users/rmccrar6/codex-worktrees/luna-clippy-warning-cleanup-20261007/.local/build/clippy-current-canonical-20261007/debug/deps/libra_ap_rustc_parse_format-c098d6dd78225428.rmeta --extern base_db=/Users/rmccrar6/codex-worktrees/luna-clippy-warning-cleanup-20261007/.local/build/clippy-current-canonical-20261007/debug/deps/libra_ap_base_db-106ee44223cc5df5.rmeta --extern cfg=/Users/rmccrar6/codex-worktrees/luna-clippy-warning-cleanup-20261007/.local/build/clippy-current-canonical-20261007/debug/deps/libra_ap_cfg-be43c53c67bdb429.rmeta --extern hir_expand=/Users/rmccrar6/codex-worktrees/luna-clippy-warning-cleanup-20261007/.local/build/clippy-current-canonical-20261007/debug/deps/libra_ap_hir_expand-3496f2c130ef74f8.rmeta --extern intern=/Users/rmccrar6/codex-worktrees/luna-clippy-warning-cleanup-20261007/.local/build/clippy-current-canonical-20261007/debug/deps/libra_ap_intern-4f0e2c0af7206082.rmeta --extern query_group=/Users/rmccrar6/codex-worktrees/luna-clippy-warning-cleanup-20261007/.local/build/clippy-current-canonical-20261007/debug/deps/libra_ap_query_group_macro-f94f89bbc31e06b8.dylib --extern span=/Users/rmccrar6/codex-worktrees/luna-clippy-warning-cleanup-20261007/.local/build/clippy-current-canonical-20261007/debug/deps/libra_ap_span-f98326d926c76598.rmeta --extern stdx=/Users/rmccrar6/codex-worktrees/luna-clippy-warning-cleanup-20261007/.local/build/clippy-current-canonical-20261007/debug/deps/libra_ap_stdx-862b601f137ef152.rmeta --extern syntax=/Users/rmccrar6/codex-worktrees/luna-clippy-warning-cleanup-20261007/.local/build/clippy-current-canonical-20261007/debug/deps/libra_ap_syntax-e7edc2ab57f905e0.rmeta --extern syntax_bridge=/Users/rmccrar6/codex-worktrees/luna-clippy-warning-cleanup-20261007/.local/build/clippy-current-canonical-20261007/debug/deps/libra_ap_syntax_bridge-0162a806c03c9d1f.rmeta --extern tt=/Users/rmccrar6/codex-worktrees/luna-clippy-warning-cleanup-20261007/.local/build/clippy-current-canonical-20261007/debug/deps/libra_ap_tt-92fe312b87083bac.rmeta --extern rustc_hash=/Users/rmccrar6/codex-worktrees/luna-clippy-warning-cleanup-20261007/.local/build/clippy-current-canonical-20261007/debug/deps/librustc_hash-6d4a76cf86ae4a83.rmeta --extern rustc_apfloat=/Users/rmccrar6/codex-worktrees/luna-clippy-warning-cleanup-20261007/.local/build/clippy-current-canonical-20261007/debug/deps/librustc_apfloat-53d8f91c98e389cc.rmeta --extern salsa=/Users/rmccrar6/codex-worktrees/luna-clippy-warning-cleanup-20261007/.local/build/clippy-current-canonical-20261007/debug/deps/libsalsa-abf3640895051ab5.rmeta --extern salsa_macros=/Users/rmccrar6/codex-worktrees/luna-clippy-warning-cleanup-20261007/.local/build/clippy-current-canonical-20261007/debug/deps/libsalsa_macros-64476b05bf3c854c.dylib --extern smallvec=/Users/rmccrar6/codex-worktrees/luna-clippy-warning-cleanup-20261007/.local/build/clippy-current-canonical-20261007/debug/deps/libsmallvec-da8e7a45fbb78e16.rmeta --extern thin_vec=/Users/rmccrar6/codex-worktrees/luna-clippy-warning-cleanup-20261007/.local/build/clippy-current-canonical-20261007/debug/deps/libthin_vec-46e6499f157c96ea.rmeta --extern tracing=/Users/rmccrar6/codex-worktrees/luna-clippy-warning-cleanup-20261007/.local/build/clippy-current-canonical-20261007/debug/deps/libtracing-fc6cdc27b6ad5abf.rmeta --extern triomphe=/Users/rmccrar6/codex-worktrees/luna-clippy-warning-cleanup-20261007/.local/build/clippy-current-canonical-20261007/debug/deps/libtriomphe-0c1afc6b01c4b182.rmeta`
       Dirty tsz-binder v0.1.75 (/Users/rmccrar6/codex-worktrees/luna-index-projection-fastpath-7382-20261008/third_party/tsz/crates/tsz-binder): the dependency `tsz-common` was rebuilt
   Compiling tsz-binder v0.1.75 (/Users/rmccrar6/codex-worktrees/luna-index-projection-fastpath-7382-20261008/third_party/tsz/crates/tsz-binder)
     Running `/nix/store/ff5chd1i7bm0d7ki0ahkbkgwij973qvx-rust-1.97.1-with-components-2026-07-16/bin/rustc --crate-name tsz_binder --edition=2024 third_party/tsz/crates/tsz-binder/src/lib.rs --error-format=json --json=diagnostic-rendered-ansi,artifacts,future-incompat --crate-type lib --emit=dep-info,metadata,link -C embed-bitcode=no -C debuginfo=1 -C split-debuginfo=unpacked '--deny=clippy::style' --warn=rust_2024_compatibility '--deny=clippy::perf' '--deny=clippy::correctness' '--deny=clippy::complexity' --warn=unsafe_code '--warn=clippy::uninlined_format_args' '--warn=clippy::redundant_clone' '--deny=clippy::print_stderr' '--warn=clippy::missing_const_for_fn' '--warn=clippy::match_same_arms' '--deny=clippy::get_unwrap' '--warn=clippy::empty_structs_with_brackets' '--warn=clippy::doc_markdown' '--deny=clippy::dbg_macro' --check-cfg 'cfg(docsrs,test)' --check-cfg 'cfg(feature, values())' -C metadata=6e921df662575a15 -C extra-filename=-67b8cb9f551919a8 --out-dir /Users/rmccrar6/codex-worktrees/luna-clippy-warning-cleanup-20261007/.local/build/clippy-current-canonical-20261007/debug/deps -L dependency=/Users/rmccrar6/codex-worktrees/luna-clippy-warning-cleanup-20261007/.local/build/clippy-current-canonical-20261007/debug/deps --extern rustc_hash=/Users/rmccrar6/codex-worktrees/luna-clippy-warning-cleanup-20261007/.local/build/clippy-current-canonical-20261007/debug/deps/librustc_hash-6d4a76cf86ae4a83.rmeta --extern serde=/Users/rmccrar6/codex-worktrees/luna-clippy-warning-cleanup-20261007/.local/build/clippy-current-canonical-20261007/debug/deps/libserde-bb561d23e6a68d5f.rmeta --extern serde_json=/Users/rmccrar6/codex-worktrees/luna-clippy-warning-cleanup-20261007/.local/build/clippy-current-canonical-20261007/debug/deps/libserde_json-5519587ec51e9b8e.rmeta --extern smallvec=/Users/rmccrar6/codex-worktrees/luna-clippy-warning-cleanup-20261007/.local/build/clippy-current-canonical-20261007/debug/deps/libsmallvec-da8e7a45fbb78e16.rmeta --extern stacker=/Users/rmccrar6/codex-worktrees/luna-clippy-warning-cleanup-20261007/.local/build/clippy-current-canonical-20261007/debug/deps/libstacker-189471c6807c0087.rmeta --extern tracing=/Users/rmccrar6/codex-worktrees/luna-clippy-warning-cleanup-20261007/.local/build/clippy-current-canonical-20261007/debug/deps/libtracing-fc6cdc27b6ad5abf.rmeta --extern tsz_common=/Users/rmccrar6/codex-worktrees/luna-clippy-warning-cleanup-20261007/.local/build/clippy-current-canonical-20261007/debug/deps/libtsz_common-1f4b1817df500634.rmeta --extern tsz_parser=/Users/rmccrar6/codex-worktrees/luna-clippy-warning-cleanup-20261007/.local/build/clippy-current-canonical-20261007/debug/deps/libtsz_parser-3187c4a1d05d404a.rmeta --extern tsz_scanner=/Users/rmccrar6/codex-worktrees/luna-clippy-warning-cleanup-20261007/.local/build/clippy-current-canonical-20261007/debug/deps/libtsz_scanner-b807966a8a9401ff.rmeta -L native=/Users/rmccrar6/codex-worktrees/luna-clippy-warning-cleanup-20261007/.local/build/clippy-current-canonical-20261007/debug/build/psm-b63d05f5e99d8d91/out`
       Dirty tsz-solver v0.1.75 (/Users/rmccrar6/codex-worktrees/luna-index-projection-fastpath-7382-20261008/third_party/tsz/crates/tsz-solver): the dependency `tsz-binder` was rebuilt
   Compiling tsz-solver v0.1.75 (/Users/rmccrar6/codex-worktrees/luna-index-projection-fastpath-7382-20261008/third_party/tsz/crates/tsz-solver)
     Running `/nix/store/ff5chd1i7bm0d7ki0ahkbkgwij973qvx-rust-1.97.1-with-components-2026-07-16/bin/rustc --crate-name tsz_solver --edition=2024 third_party/tsz/crates/tsz-solver/src/lib.rs --error-format=json --json=diagnostic-rendered-ansi,artifacts,future-incompat --crate-type lib --emit=dep-info,metadata,link -C embed-bitcode=no -C debuginfo=1 -C split-debuginfo=unpacked '--deny=clippy::style' --warn=rust_2024_compatibility '--deny=clippy::perf' '--deny=clippy::correctness' '--deny=clippy::complexity' --warn=unsafe_code '--warn=clippy::uninlined_format_args' '--warn=clippy::redundant_clone' '--deny=clippy::print_stderr' '--warn=clippy::missing_const_for_fn' '--warn=clippy::match_same_arms' '--deny=clippy::get_unwrap' '--warn=clippy::empty_structs_with_brackets' '--warn=clippy::doc_markdown' '--deny=clippy::dbg_macro' --check-cfg 'cfg(docsrs,test)' --check-cfg 'cfg(feature, values())' -C metadata=2675ee0babfbd972 -C extra-filename=-d38f37cc02536a64 --out-dir /Users/rmccrar6/codex-worktrees/luna-clippy-warning-cleanup-20261007/.local/build/clippy-current-canonical-20261007/debug/deps -L dependency=/Users/rmccrar6/codex-worktrees/luna-clippy-warning-cleanup-20261007/.local/build/clippy-current-canonical-20261007/debug/deps --extern bitflags=/Users/rmccrar6/codex-worktrees/luna-clippy-warning-cleanup-20261007/.local/build/clippy-current-canonical-20261007/debug/deps/libbitflags-550a213bbe5c28f8.rmeta --extern dashmap=/Users/rmccrar6/codex-worktrees/luna-clippy-warning-cleanup-20261007/.local/build/clippy-current-canonical-20261007/debug/deps/libdashmap-fc5fa8255cb99b04.rmeta --extern ena=/Users/rmccrar6/codex-worktrees/luna-clippy-warning-cleanup-20261007/.local/build/clippy-current-canonical-20261007/debug/deps/libena-feb8b503bcdaab96.rmeta --extern fixedbitset=/Users/rmccrar6/codex-worktrees/luna-clippy-warning-cleanup-20261007/.local/build/clippy-current-canonical-20261007/debug/deps/libfixedbitset-f33a0449fccc7e40.rmeta --extern rustc_hash=/Users/rmccrar6/codex-worktrees/luna-clippy-warning-cleanup-20261007/.local/build/clippy-current-canonical-20261007/debug/deps/librustc_hash-6d4a76cf86ae4a83.rmeta --extern serde=/Users/rmccrar6/codex-worktrees/luna-clippy-warning-cleanup-20261007/.local/build/clippy-current-canonical-20261007/debug/deps/libserde-bb561d23e6a68d5f.rmeta --extern smallvec=/Users/rmccrar6/codex-worktrees/luna-clippy-warning-cleanup-20261007/.local/build/clippy-current-canonical-20261007/debug/deps/libsmallvec-da8e7a45fbb78e16.rmeta --extern stacker=/Users/rmccrar6/codex-worktrees/luna-clippy-warning-cleanup-20261007/.local/build/clippy-current-canonical-20261007/debug/deps/libstacker-189471c6807c0087.rmeta --extern tracing=/Users/rmccrar6/codex-worktrees/luna-clippy-warning-cleanup-20261007/.local/build/clippy-current-canonical-20261007/debug/deps/libtracing-fc6cdc27b6ad5abf.rmeta --extern tsz_binder=/Users/rmccrar6/codex-worktrees/luna-clippy-warning-cleanup-20261007/.local/build/clippy-current-canonical-20261007/debug/deps/libtsz_binder-67b8cb9f551919a8.rmeta --extern tsz_common=/Users/rmccrar6/codex-worktrees/luna-clippy-warning-cleanup-20261007/.local/build/clippy-current-canonical-20261007/debug/deps/libtsz_common-1f4b1817df500634.rmeta --extern tsz_scanner=/Users/rmccrar6/codex-worktrees/luna-clippy-warning-cleanup-20261007/.local/build/clippy-current-canonical-20261007/debug/deps/libtsz_scanner-b807966a8a9401ff.rmeta -L native=/Users/rmccrar6/codex-worktrees/luna-clippy-warning-cleanup-20261007/.local/build/clippy-current-canonical-20261007/debug/build/psm-b63d05f5e99d8d91/out`
       Fresh reqwest v0.13.5
       Fresh pyrefly_python v1.2.0-dev.1 (https://github.com/facebook/pyrefly?rev=30b5ca5250db9f2d9264d5e889662cf1224a75b7#30b5ca52)
       Fresh system-configuration v0.8.0
       Fresh bitpacking v0.9.3
       Dirty backend-replication v0.2.0 (/Users/rmccrar6/codex-worktrees/luna-index-projection-fastpath-7382-20261008/crates/replication): the dependency `backend-platform` was rebuilt
   Compiling backend-replication v0.2.0 (/Users/rmccrar6/codex-worktrees/luna-index-projection-fastpath-7382-20261008/crates/replication)
     Running `/nix/store/ff5chd1i7bm0d7ki0ahkbkgwij973qvx-rust-1.97.1-with-components-2026-07-16/bin/rustc --crate-name backend_replication --edition=2024 crates/replication/src/lib.rs --error-format=json --json=diagnostic-rendered-ansi,artifacts,future-incompat --crate-type lib --emit=dep-info,metadata,link -C embed-bitcode=no -C debuginfo=1 -C split-debuginfo=unpacked '--warn=clippy::pedantic' '--warn=clippy::all' '--deny=clippy::unwrap_used' --warn=unused_qualifications --warn=unused_lifetimes --deny=unsafe_code --warn=unreachable_pub '--deny=clippy::unimplemented' '--deny=clippy::todo' '--warn=clippy::panic' --warn=missing_docs '--deny=clippy::mem_forget' '--warn=clippy::expect_used' '--deny=clippy::dbg_macro' --check-cfg 'cfg(docsrs,test)' --check-cfg 'cfg(feature, values())' -C metadata=263631e866a259de -C extra-filename=-a7b627467aa9374d --out-dir /Users/rmccrar6/codex-worktrees/luna-clippy-warning-cleanup-20261007/.local/build/clippy-current-canonical-20261007/debug/deps -L dependency=/Users/rmccrar6/codex-worktrees/luna-clippy-warning-cleanup-20261007/.local/build/clippy-current-canonical-20261007/debug/deps --extern backend_platform=/Users/rmccrar6/codex-worktrees/luna-clippy-warning-cleanup-20261007/.local/build/clippy-current-canonical-20261007/debug/deps/libbackend_platform-3e94ae60de778f92.rmeta --extern backend_semantic=/Users/rmccrar6/codex-worktrees/luna-clippy-warning-cleanup-20261007/.local/build/clippy-current-canonical-20261007/debug/deps/libbackend_semantic-f840df0bae813320.rmeta --extern backend_store=/Users/rmccrar6/codex-worktrees/luna-clippy-warning-cleanup-20261007/.local/build/clippy-current-canonical-20261007/debug/deps/libbackend_store-341f46d1b47647bc.rmeta --extern backend_version=/Users/rmccrar6/codex-worktrees/luna-clippy-warning-cleanup-20261007/.local/build/clippy-current-canonical-20261007/debug/deps/libbackend_version-9724f8132b25ba74.rmeta --extern blake3=/Users/rmccrar6/codex-worktrees/luna-clippy-warning-cleanup-20261007/.local/build/clippy-current-canonical-20261007/debug/deps/libblake3-4f44f49a9a64a61d.rmeta --extern nix=/Users/rmccrar6/codex-worktrees/luna-clippy-warning-cleanup-20261007/.local/build/clippy-current-canonical-20261007/debug/deps/libnix-039a6cd2d1a3c854.rmeta --extern rustix=/Users/rmccrar6/codex-worktrees/luna-clippy-warning-cleanup-20261007/.local/build/clippy-current-canonical-20261007/debug/deps/librustix-3d1e1a8de5df5998.rmeta --extern thiserror=/Users/rmccrar6/codex-worktrees/luna-clippy-warning-cleanup-20261007/.local/build/clippy-current-canonical-20261007/debug/deps/libthiserror-34be1a9b3117e1d6.rmeta -L native=/Users/rmccrar6/codex-worktrees/luna-clippy-warning-cleanup-20261007/.local/build/clippy-current-canonical-20261007/debug/build/blake3-c1cb4c3099a1fc7f/out -L native=/Users/rmccrar6/codex-worktrees/luna-clippy-warning-cleanup-20261007/.local/build/clippy-current-canonical-20261007/debug/build/simsimd-57d7ccc1ff7a2e26/out`
warning: unused import: `history::TypedV3HistoryPublicationSnapshot`
   --> crates/replication/src/ir_generation_store.rs:146:16
    |
146 | pub(crate) use history::TypedV3HistoryPublicationSnapshot;
    |                ^^^^^^^^^^^^^^^^^^^^^^^^^^^^^^^^^^^^^^^^^^
    |
    = note: `#[warn(unused_imports)]` (part of `#[warn(unused)]`) on by default

warning: unnecessary qualification
    --> crates/replication/src/ir_hydration_store/history_v3.rs:1438:26
     |
1438 |             .with_gc_pin(std::sync::Arc::new(guard))
     |                          ^^^^^^^^^^^^^^^^^^^
     |
     = note: requested on the command line with `-W unused-qualifications`
help: remove the unnecessary path segments
     |
1438 -             .with_gc_pin(std::sync::Arc::new(guard))
1438 +             .with_gc_pin(Arc::new(guard))
     |

warning: unnecessary qualification
    --> crates/replication/src/ir_hydration_store/history_v3.rs:1652:13
     |
1652 |             std::sync::Arc::new(pin.into_guard()),
     |             ^^^^^^^^^^^^^^^^^^^
     |
help: remove the unnecessary path segments
     |
1652 -             std::sync::Arc::new(pin.into_guard()),
1652 +             Arc::new(pin.into_guard()),
     |

warning: unused imports: `TypedV3HistoryAdmissionMetrics`, `TypedV3HistoryAdmission`, and `TypedV3HistoryGcPin`
  --> crates/replication/src/ir_hydration_store.rs:67:5
   |
67 |     TypedV3HistoryAdmission, TypedV3HistoryAdmissionMetrics, TypedV3HistoryGcPin,
   |     ^^^^^^^^^^^^^^^^^^^^^^^  ^^^^^^^^^^^^^^^^^^^^^^^^^^^^^^  ^^^^^^^^^^^^^^^^^^^

warning: methods `manifest_root` and `plane_root` are never used
   --> crates/replication/src/ir_generation_store.rs:232:25
    |
203 | impl HistoricalSemanticPlaneBinding {
    | ----------------------------------- methods in this implementation
...
232 |     pub(crate) const fn manifest_root(self) -> SemanticManifestRoot {
    |                         ^^^^^^^^^^^^^
...
238 |     pub(crate) const fn plane_root(self) -> SemanticPlaneRoot {
    |                         ^^^^^^^^^^
    |
    = note: `#[warn(dead_code)]` (part of `#[warn(unused)]`) on by default

warning: function `append_history_index_entry_typed` is never used
   --> crates/replication/src/ir_generation_store/history/codec.rs:679:15
    |
679 | pub(crate) fn append_history_index_entry_typed(
    |               ^^^^^^^^^^^^^^^^^^^^^^^^^^^^^^^^

warning: associated functions `from_produced` and `from_selected_native_history` are never used
   --> crates/replication/src/ir_generation_store/history/v3.rs:223:19
    |
219 | impl TypedV3HistoryLocator {
    | -------------------------- associated functions in this implementation
...
223 |     pub(crate) fn from_produced(
    |                   ^^^^^^^^^^^^^
...
233 |     pub(crate) fn from_selected_native_history(
    |                   ^^^^^^^^^^^^^^^^^^^^^^^^^^^^

warning: function `stage_typed_v3_locator_bytes` is never used
   --> crates/replication/src/ir_generation_store/history/v3.rs:501:4
    |
501 | fn stage_typed_v3_locator_bytes(
    |    ^^^^^^^^^^^^^^^^^^^^^^^^^^^^

warning: methods `stage_typed_v3_locator`, `finish_typed_v3_locator_admission`, and `typed_v3_locator` are never used
   --> crates/replication/src/ir_generation_store/history/v3.rs:665:19
    |
657 | impl LocalSemanticGenerationFiles {
    | --------------------------------- methods in this implementation
...
665 |     pub(crate) fn stage_typed_v3_locator(
    |                   ^^^^^^^^^^^^^^^^^^^^^^
...
689 |     pub(crate) fn finish_typed_v3_locator_admission(
    |                   ^^^^^^^^^^^^^^^^^^^^^^^^^^^^^^^^^
...
733 |     pub(crate) fn typed_v3_locator(
    |                   ^^^^^^^^^^^^^^^^

warning: fields `root_claim` and `metrics` are never read
   --> crates/replication/src/ir_hydration_store/history_v3.rs:743:5
    |
736 | pub(crate) struct TypedV3HistoryAdmission<'pin> {
    |                   ----------------------- fields in this struct
...
743 |     root_claim: HistoryTypedV3RootClaim,
    |     ^^^^^^^^^^
744 |     metrics: TypedV3HistoryAdmissionMetrics,
    |     ^^^^^^^

warning: methods `root_claim` and `metrics` are never used
   --> crates/replication/src/ir_hydration_store/history_v3.rs:756:25
    |
747 | impl TypedV3HistoryAdmission<'_> {
    | -------------------------------- methods in this implementation
...
756 |     pub(crate) const fn root_claim(&self) -> HistoryTypedV3RootClaim {
    |                         ^^^^^^^^^^
...
764 |     pub(crate) const fn metrics(&self) -> TypedV3HistoryAdmissionMetrics {
    |                         ^^^^^^^

warning: methods `verify_produced_typed_v3` and `verify_produced_typed_v3_content` are never used
   --> crates/replication/src/ir_hydration_store/history_v3.rs:808:19
    |
777 | impl FileSemanticRangeStore {
    | --------------------------- methods in this implementation
...
808 |     pub(crate) fn verify_produced_typed_v3<'pin>(
    |                   ^^^^^^^^^^^^^^^^^^^^^^^^
...
837 |     pub(crate) fn verify_produced_typed_v3_content<'pin>(
    |                   ^^^^^^^^^^^^^^^^^^^^^^^^^^^^^^^^

warning: fields `segment_pins`, `jumbo_pin`, `encoding_metrics`, `segment_store_metrics`, `jumbo_store_metrics`, and `verifier_io_metrics` are never read
    --> crates/replication/src/ir_producer_store.rs:1595:5
     |
1589 | pub(crate) struct ProducedSelectedNativeTypedPlaneHistoryV3 {
     |                   ----------------------------------------- fields in this struct
...
1595 |     segment_pins: Vec<DurableSemanticObjectPin>,
     |     ^^^^^^^^^^^^
1596 |     jumbo_pin: DurableSemanticObjectPin,
     |     ^^^^^^^^^
1597 |     encoding_metrics: [CanonicalPlaneEncodingMetrics; TYPED_V2_FAMILY_COUNT],
     |     ^^^^^^^^^^^^^^^^
1598 |     segment_store_metrics: [SemanticProducerStoreMetrics; TYPED_V2_FAMILY_COUNT],
     |     ^^^^^^^^^^^^^^^^^^^^^
1599 |     jumbo_store_metrics: SemanticProducerStoreMetrics,
     |     ^^^^^^^^^^^^^^^^^^^
1600 |     verifier_io_metrics: SemanticProducerVerifierIoMetrics,
     |     ^^^^^^^^^^^^^^^^^^^

warning: methods `segment_pins` and `jumbo_pin` are never used
    --> crates/replication/src/ir_producer_store.rs:1624:19
     |
1603 | impl ProducedSelectedNativeTypedPlaneHistoryV3 {
     | ---------------------------------------------- methods in this implementation
...
1624 |     pub(crate) fn segment_pins(&self) -> &[DurableSemanticObjectPin] {
     |                   ^^^^^^^^^^^^
...
1628 |     pub(crate) const fn jumbo_pin(&self) -> &DurableSemanticObjectPin {
     |                         ^^^^^^^^^

warning: field `input_witness` is never read
    --> crates/replication/src/ir_producer_store.rs:1635:5
     |
1633 | struct TypedV3ProducedArtifacts {
     |        ------------------------ field in this struct
1634 |     image_facts: SemanticImageFacts,
1635 |     input_witness: SemanticInputWitness,
     |     ^^^^^^^^^^^^^

warning: function `produce_semantic_typed_plane_v3` is never used
    --> crates/replication/src/ir_producer_store.rs:1656:15
     |
1656 | pub(crate) fn produce_semantic_typed_plane_v3<Reader: SemanticReader + ?Sized>(
     |               ^^^^^^^^^^^^^^^^^^^^^^^^^^^^^^^

warning: `backend-replication` (lib) generated 16 warnings (run `cargo fix --lib -p backend-replication` to apply 4 suggestions)
       Fresh ed25519-dalek v3.0.0
       Fresh oxc_ast v0.139.0
       Fresh zstd v0.13.3
       Fresh sha2 v0.10.9
       Fresh objc2-security v0.3.2
       Fresh noq-udp v1.3.0
       Fresh ra-ap-rustc_next_trait_solver v0.165.0
       Fresh petgraph v0.8.3
       Fresh proc-macro-crate v3.5.0
       Fresh ra-ap-rustc_pattern_analysis v0.165.0
       Fresh ruff_text_size v0.0.8
       Dirty backend-discovery v0.2.0 (/Users/rmccrar6/codex-worktrees/luna-index-projection-fastpath-7382-20261008/crates/discovery): the file `crates/discovery/src/lib.rs` has changed (1791452498.173943817s, 3h 11m 27s after last build at 1791441011.440634006s)
   Compiling backend-discovery v0.2.0 (/Users/rmccrar6/codex-worktrees/luna-index-projection-fastpath-7382-20261008/crates/discovery)
     Running `/nix/store/ff5chd1i7bm0d7ki0ahkbkgwij973qvx-rust-1.97.1-with-components-2026-07-16/bin/rustc --crate-name backend_discovery --edition=2024 crates/discovery/src/lib.rs --error-format=json --json=diagnostic-rendered-ansi,artifacts,future-incompat --crate-type lib --emit=dep-info,metadata,link -C embed-bitcode=no -C debuginfo=1 -C split-debuginfo=unpacked '--warn=clippy::pedantic' '--warn=clippy::all' '--deny=clippy::unwrap_used' --warn=unused_qualifications --warn=unused_lifetimes --deny=unsafe_code --warn=unreachable_pub '--deny=clippy::unimplemented' '--deny=clippy::todo' '--warn=clippy::panic' --warn=missing_docs '--deny=clippy::mem_forget' '--warn=clippy::expect_used' '--deny=clippy::dbg_macro' --check-cfg 'cfg(docsrs,test)' --check-cfg 'cfg(feature, values())' -C metadata=8feb622536b5d9de -C extra-filename=-00390e31cb84519f --out-dir /Users/rmccrar6/codex-worktrees/luna-clippy-warning-cleanup-20261007/.local/build/clippy-current-canonical-20261007/debug/deps -L dependency=/Users/rmccrar6/codex-worktrees/luna-clippy-warning-cleanup-20261007/.local/build/clippy-current-canonical-20261007/debug/deps --extern ignore=/Users/rmccrar6/codex-worktrees/luna-clippy-warning-cleanup-20261007/.local/build/clippy-current-canonical-20261007/debug/deps/libignore-07520be43c711500.rmeta`
       Fresh rustix v0.38.44
       Fresh tracing-tree v0.4.1
       Fresh rand_pcg v0.10.2
       Fresh ra_ap_macros v0.0.341
       Fresh simple-dns v0.12.0
       Fresh lru v0.18.4
       Fresh quick-xml v0.42.0
       Fresh enum-assoc v1.4.1
       Fresh identity-hash v0.1.0
       Fresh oorandom v11.1.5
       Fresh ra_ap_profile v0.0.341
       Fresh dissimilar v1.0.11
       Fresh utf8-ranges v1.0.5
       Fresh lru-slab v0.1.3
       Fresh sorted-index-buffer v0.2.1
       Fresh typed-arena v2.0.2
       Dirty ra_ap_hir_ty v0.0.341: the dependency `ra_ap_hir_def` was rebuilt
   Compiling ra_ap_hir_ty v0.0.341
     Running `/nix/store/ff5chd1i7bm0d7ki0ahkbkgwij973qvx-rust-1.97.1-with-components-2026-07-16/bin/rustc --crate-name ra_ap_hir_ty --edition=2024 /Users/rmccrar6/.cargo/registry/src/index.crates.io-1949cf8c6b5b557f/ra_ap_hir_ty-0.0.341/src/lib.rs --error-format=json --json=diagnostic-rendered-ansi,artifacts,future-incompat --crate-type lib --emit=dep-info,metadata,link -C opt-level=2 -C embed-bitcode=no -C debuginfo=1 -C split-debuginfo=unpacked '--warn=clippy::suspicious' '--warn=clippy::style' '--allow=clippy::restriction' '--deny=clippy::perf' '--deny=clippy::correctness' '--warn=clippy::complexity' '--allow=clippy::wrong_self_convention' '--allow=clippy::vec_init_then_push' '--allow=clippy::useless_asref' --warn=unused_lifetimes --warn=unused_extern_crates --warn=unsafe_op_in_unsafe_fn --warn=unreachable_pub '--allow=clippy::unnecessary_map_or' --warn=unexpected_cfgs '--allow=clippy::type_complexity' '--allow=clippy::too_many_arguments' '--allow=clippy::too_long_first_doc_paragraph' '--warn=clippy::todo' '--warn=clippy::str_to_string' '--allow=clippy::single_match' '--allow=clippy::result_unit_err' '--warn=clippy::rc_buffer' '--warn=clippy::print_stdout' '--warn=clippy::print_stderr' '--allow=clippy::new_ret_no_self' '--allow=clippy::literal_string_with_formatting_args' '--allow=clippy::len_without_is_empty' --warn=explicit_outlives_requirements '--allow=clippy::enum_variant_names' --warn=elided_lifetimes_in_paths '--warn=clippy::dbg_macro' '--allow=clippy::assigning_clones' --check-cfg 'cfg(bootstrap)' --check-cfg 'cfg(no_salsa_async_drops)' -C debug-assertions=on --check-cfg 'cfg(docsrs,test)' --check-cfg 'cfg(feature, values("in-rust-tree"))' -C metadata=278d4b883e62026f -C extra-filename=-6ed626516d89b739 --out-dir /Users/rmccrar6/codex-worktrees/luna-clippy-warning-cleanup-20261007/.local/build/clippy-current-canonical-20261007/debug/deps -L dependency=/Users/rmccrar6/codex-worktrees/luna-clippy-warning-cleanup-20261007/.local/build/clippy-current-canonical-20261007/debug/deps --extern arrayvec=/Users/rmccrar6/codex-worktrees/luna-clippy-warning-cleanup-20261007/.local/build/clippy-current-canonical-20261007/debug/deps/libarrayvec-453d1963a42adb5d.rmeta --extern bitflags=/Users/rmccrar6/codex-worktrees/luna-clippy-warning-cleanup-20261007/.local/build/clippy-current-canonical-20261007/debug/deps/libbitflags-550a213bbe5c28f8.rmeta --extern cov_mark=/Users/rmccrar6/codex-worktrees/luna-clippy-warning-cleanup-20261007/.local/build/clippy-current-canonical-20261007/debug/deps/libcov_mark-db831509be1b48f7.rmeta --extern either=/Users/rmccrar6/codex-worktrees/luna-clippy-warning-cleanup-20261007/.local/build/clippy-current-canonical-20261007/debug/deps/libeither-ecf7e196c7c3dc2e.rmeta --extern ena=/Users/rmccrar6/codex-worktrees/luna-clippy-warning-cleanup-20261007/.local/build/clippy-current-canonical-20261007/debug/deps/libena-feb8b503bcdaab96.rmeta --extern indexmap=/Users/rmccrar6/codex-worktrees/luna-clippy-warning-cleanup-20261007/.local/build/clippy-current-canonical-20261007/debug/deps/libindexmap-b581727d68f6a1bc.rmeta --extern itertools=/Users/rmccrar6/codex-worktrees/luna-clippy-warning-cleanup-20261007/.local/build/clippy-current-canonical-20261007/debug/deps/libitertools-44bb30f18c495301.rmeta --extern la_arena=/Users/rmccrar6/codex-worktrees/luna-clippy-warning-cleanup-20261007/.local/build/clippy-current-canonical-20261007/debug/deps/libla_arena-a490172c24fe9c00.rmeta --extern oorandom=/Users/rmccrar6/codex-worktrees/luna-clippy-warning-cleanup-20261007/.local/build/clippy-current-canonical-20261007/debug/deps/liboorandom-ac42a10c268d5be9.rmeta --extern petgraph=/Users/rmccrar6/codex-worktrees/luna-clippy-warning-cleanup-20261007/.local/build/clippy-current-canonical-20261007/debug/deps/libpetgraph-c80225b992f1fede.rmeta --extern ra_ap_rustc_abi=/Users/rmccrar6/codex-worktrees/luna-clippy-warning-cleanup-20261007/.local/build/clippy-current-canonical-20261007/debug/deps/libra_ap_rustc_abi-90c92bffed37aee9.rmeta --extern ra_ap_rustc_ast_ir=/Users/rmccrar6/codex-worktrees/luna-clippy-warning-cleanup-20261007/.local/build/clippy-current-canonical-20261007/debug/deps/libra_ap_rustc_ast_ir-3e2f6ed2134dd895.rmeta --extern ra_ap_rustc_index=/Users/rmccrar6/codex-worktrees/luna-clippy-warning-cleanup-20261007/.local/build/clippy-current-canonical-20261007/debug/deps/libra_ap_rustc_index-010a257ba5fb3814.rmeta --extern ra_ap_rustc_next_trait_solver=/Users/rmccrar6/codex-worktrees/luna-clippy-warning-cleanup-20261007/.local/build/clippy-current-canonical-20261007/debug/deps/libra_ap_rustc_next_trait_solver-1bc861117c3bf82a.rmeta --extern ra_ap_rustc_pattern_analysis=/Users/rmccrar6/codex-worktrees/luna-clippy-warning-cleanup-20261007/.local/build/clippy-current-canonical-20261007/debug/deps/libra_ap_rustc_pattern_analysis-6a9e32565ede7113.rmeta --extern ra_ap_rustc_type_ir=/Users/rmccrar6/codex-worktrees/luna-clippy-warning-cleanup-20261007/.local/build/clippy-current-canonical-20261007/debug/deps/libra_ap_rustc_type_ir-ac95c4bbab505b46.rmeta --extern base_db=/Users/rmccrar6/codex-worktrees/luna-clippy-warning-cleanup-20261007/.local/build/clippy-current-canonical-20261007/debug/deps/libra_ap_base_db-106ee44223cc5df5.rmeta --extern hir_def=/Users/rmccrar6/codex-worktrees/luna-clippy-warning-cleanup-20261007/.local/build/clippy-current-canonical-20261007/debug/deps/libra_ap_hir_def-ed0847448bb125f6.rmeta --extern hir_expand=/Users/rmccrar6/codex-worktrees/luna-clippy-warning-cleanup-20261007/.local/build/clippy-current-canonical-20261007/debug/deps/libra_ap_hir_expand-3496f2c130ef74f8.rmeta --extern intern=/Users/rmccrar6/codex-worktrees/luna-clippy-warning-cleanup-20261007/.local/build/clippy-current-canonical-20261007/debug/deps/libra_ap_intern-4f0e2c0af7206082.rmeta --extern macros=/Users/rmccrar6/codex-worktrees/luna-clippy-warning-cleanup-20261007/.local/build/clippy-current-canonical-20261007/debug/deps/libra_ap_macros-80264f1796912d19.dylib --extern query_group=/Users/rmccrar6/codex-worktrees/luna-clippy-warning-cleanup-20261007/.local/build/clippy-current-canonical-20261007/debug/deps/libra_ap_query_group_macro-f94f89bbc31e06b8.dylib --extern span=/Users/rmccrar6/codex-worktrees/luna-clippy-warning-cleanup-20261007/.local/build/clippy-current-canonical-20261007/debug/deps/libra_ap_span-f98326d926c76598.rmeta --extern stdx=/Users/rmccrar6/codex-worktrees/luna-clippy-warning-cleanup-20261007/.local/build/clippy-current-canonical-20261007/debug/deps/libra_ap_stdx-862b601f137ef152.rmeta --extern syntax=/Users/rmccrar6/codex-worktrees/luna-clippy-warning-cleanup-20261007/.local/build/clippy-current-canonical-20261007/debug/deps/libra_ap_syntax-e7edc2ab57f905e0.rmeta --extern rustc_hash=/Users/rmccrar6/codex-worktrees/luna-clippy-warning-cleanup-20261007/.local/build/clippy-current-canonical-20261007/debug/deps/librustc_hash-6d4a76cf86ae4a83.rmeta --extern rustc_apfloat=/Users/rmccrar6/codex-worktrees/luna-clippy-warning-cleanup-20261007/.local/build/clippy-current-canonical-20261007/debug/deps/librustc_apfloat-53d8f91c98e389cc.rmeta --extern salsa=/Users/rmccrar6/codex-worktrees/luna-clippy-warning-cleanup-20261007/.local/build/clippy-current-canonical-20261007/debug/deps/libsalsa-abf3640895051ab5.rmeta --extern salsa_macros=/Users/rmccrar6/codex-worktrees/luna-clippy-warning-cleanup-20261007/.local/build/clippy-current-canonical-20261007/debug/deps/libsalsa_macros-64476b05bf3c854c.dylib --extern serde=/Users/rmccrar6/codex-worktrees/luna-clippy-warning-cleanup-20261007/.local/build/clippy-current-canonical-20261007/debug/deps/libserde-bb561d23e6a68d5f.rmeta --extern serde_derive=/Users/rmccrar6/codex-worktrees/luna-clippy-warning-cleanup-20261007/.local/build/clippy-current-canonical-20261007/debug/deps/libserde_derive-0014be0376cbce52.dylib --extern smallvec=/Users/rmccrar6/codex-worktrees/luna-clippy-warning-cleanup-20261007/.local/build/clippy-current-canonical-20261007/debug/deps/libsmallvec-da8e7a45fbb78e16.rmeta --extern thin_vec=/Users/rmccrar6/codex-worktrees/luna-clippy-warning-cleanup-20261007/.local/build/clippy-current-canonical-20261007/debug/deps/libthin_vec-46e6499f157c96ea.rmeta --extern tracing=/Users/rmccrar6/codex-worktrees/luna-clippy-warning-cleanup-20261007/.local/build/clippy-current-canonical-20261007/debug/deps/libtracing-fc6cdc27b6ad5abf.rmeta --extern tracing_subscriber=/Users/rmccrar6/codex-worktrees/luna-clippy-warning-cleanup-20261007/.local/build/clippy-current-canonical-20261007/debug/deps/libtracing_subscriber-2dcd65359578d781.rmeta --extern tracing_tree=/Users/rmccrar6/codex-worktrees/luna-clippy-warning-cleanup-20261007/.local/build/clippy-current-canonical-20261007/debug/deps/libtracing_tree-1ebbdcde7f038671.rmeta --extern triomphe=/Users/rmccrar6/codex-worktrees/luna-clippy-warning-cleanup-20261007/.local/build/clippy-current-canonical-20261007/debug/deps/libtriomphe-0c1afc6b01c4b182.rmeta --extern typed_arena=/Users/rmccrar6/codex-worktrees/luna-clippy-warning-cleanup-20261007/.local/build/clippy-current-canonical-20261007/debug/deps/libtyped_arena-d4aa9071c771e073.rmeta --cap-lints allow`
       Fresh noq-proto v1.3.0
       Fresh tantivy-fst v0.5.0
       Fresh ra_ap_test_utils v0.0.341
       Fresh plist v1.10.1
       Fresh n0-dns-resolver v0.1.0
       Fresh which v4.4.2
       Fresh ruff_source_file v0.0.8
       Fresh num_enum_derive v0.7.6
       Fresh objc2-system-configuration v0.3.2
       Fresh iroh-base v1.2.0
       Dirty backend-execution v0.2.0 (/Users/rmccrar6/codex-worktrees/luna-index-projection-fastpath-7382-20261008/crates/execution): the dependency `backend-semantic` was rebuilt
   Compiling backend-execution v0.2.0 (/Users/rmccrar6/codex-worktrees/luna-index-projection-fastpath-7382-20261008/crates/execution)
     Running `/nix/store/ff5chd1i7bm0d7ki0ahkbkgwij973qvx-rust-1.97.1-with-components-2026-07-16/bin/rustc --crate-name backend_execution --edition=2024 crates/execution/src/lib.rs --error-format=json --json=diagnostic-rendered-ansi,artifacts,future-incompat --crate-type lib --emit=dep-info,metadata,link -C embed-bitcode=no -C debuginfo=1 -C split-debuginfo=unpacked '--warn=clippy::pedantic' '--warn=clippy::all' '--deny=clippy::unwrap_used' --warn=unused_qualifications --warn=unused_lifetimes --deny=unsafe_code --warn=unreachable_pub '--deny=clippy::unimplemented' '--deny=clippy::todo' '--warn=clippy::panic' --warn=missing_docs '--deny=clippy::mem_forget' '--warn=clippy::expect_used' '--deny=clippy::dbg_macro' --check-cfg 'cfg(docsrs,test)' --check-cfg 'cfg(feature, values())' -C metadata=e41161f9687a85f0 -C extra-filename=-74f537b6aa12d0b8 --out-dir /Users/rmccrar6/codex-worktrees/luna-clippy-warning-cleanup-20261007/.local/build/clippy-current-canonical-20261007/debug/deps -L dependency=/Users/rmccrar6/codex-worktrees/luna-clippy-warning-cleanup-20261007/.local/build/clippy-current-canonical-20261007/debug/deps --extern backend_flow=/Users/rmccrar6/codex-worktrees/luna-clippy-warning-cleanup-20261007/.local/build/clippy-current-canonical-20261007/debug/deps/libbackend_flow-198b382317d3f103.rmeta --extern backend_replication=/Users/rmccrar6/codex-worktrees/luna-clippy-warning-cleanup-20261007/.local/build/clippy-current-canonical-20261007/debug/deps/libbackend_replication-a7b627467aa9374d.rmeta --extern backend_semantic=/Users/rmccrar6/codex-worktrees/luna-clippy-warning-cleanup-20261007/.local/build/clippy-current-canonical-20261007/debug/deps/libbackend_semantic-f840df0bae813320.rmeta --extern backend_store=/Users/rmccrar6/codex-worktrees/luna-clippy-warning-cleanup-20261007/.local/build/clippy-current-canonical-20261007/debug/deps/libbackend_store-341f46d1b47647bc.rmeta --extern backend_version=/Users/rmccrar6/codex-worktrees/luna-clippy-warning-cleanup-20261007/.local/build/clippy-current-canonical-20261007/debug/deps/libbackend_version-9724f8132b25ba74.rmeta --extern blake3=/Users/rmccrar6/codex-worktrees/luna-clippy-warning-cleanup-20261007/.local/build/clippy-current-canonical-20261007/debug/deps/libblake3-4f44f49a9a64a61d.rmeta --extern strum=/Users/rmccrar6/codex-worktrees/luna-clippy-warning-cleanup-20261007/.local/build/clippy-current-canonical-20261007/debug/deps/libstrum-56dab6cbe31ccb8a.rmeta --extern thiserror=/Users/rmccrar6/codex-worktrees/luna-clippy-warning-cleanup-20261007/.local/build/clippy-current-canonical-20261007/debug/deps/libthiserror-34be1a9b3117e1d6.rmeta -L native=/Users/rmccrar6/codex-worktrees/luna-clippy-warning-cleanup-20261007/.local/build/clippy-current-canonical-20261007/debug/build/blake3-c1cb4c3099a1fc7f/out -L native=/Users/rmccrar6/codex-worktrees/luna-clippy-warning-cleanup-20261007/.local/build/clippy-current-canonical-20261007/debug/build/simsimd-57d7ccc1ff7a2e26/out`
       Fresh tantivy-bitpacker v0.10.0
       Dirty tsz-lowering v0.1.75 (/Users/rmccrar6/codex-worktrees/luna-index-projection-fastpath-7382-20261008/third_party/tsz/crates/tsz-lowering): the dependency `tsz-binder` was rebuilt
   Compiling tsz-lowering v0.1.75 (/Users/rmccrar6/codex-worktrees/luna-index-projection-fastpath-7382-20261008/third_party/tsz/crates/tsz-lowering)
     Running `/nix/store/ff5chd1i7bm0d7ki0ahkbkgwij973qvx-rust-1.97.1-with-components-2026-07-16/bin/rustc --crate-name tsz_lowering --edition=2024 third_party/tsz/crates/tsz-lowering/src/lib.rs --error-format=json --json=diagnostic-rendered-ansi,artifacts,future-incompat --crate-type lib --emit=dep-info,metadata,link -C embed-bitcode=no -C debuginfo=1 -C split-debuginfo=unpacked '--deny=clippy::style' --warn=rust_2024_compatibility '--deny=clippy::perf' '--deny=clippy::correctness' '--deny=clippy::complexity' --warn=unsafe_code '--warn=clippy::uninlined_format_args' '--warn=clippy::redundant_clone' '--deny=clippy::print_stderr' '--warn=clippy::missing_const_for_fn' '--warn=clippy::match_same_arms' '--deny=clippy::get_unwrap' '--warn=clippy::empty_structs_with_brackets' '--warn=clippy::doc_markdown' '--deny=clippy::dbg_macro' --check-cfg 'cfg(docsrs,test)' --check-cfg 'cfg(feature, values())' -C metadata=d83b2a0f754203cf -C extra-filename=-9d0af02ee23a260a --out-dir /Users/rmccrar6/codex-worktrees/luna-clippy-warning-cleanup-20261007/.local/build/clippy-current-canonical-20261007/debug/deps -L dependency=/Users/rmccrar6/codex-worktrees/luna-clippy-warning-cleanup-20261007/.local/build/clippy-current-canonical-20261007/debug/deps --extern indexmap=/Users/rmccrar6/codex-worktrees/luna-clippy-warning-cleanup-20261007/.local/build/clippy-current-canonical-20261007/debug/deps/libindexmap-b581727d68f6a1bc.rmeta --extern rustc_hash=/Users/rmccrar6/codex-worktrees/luna-clippy-warning-cleanup-20261007/.local/build/clippy-current-canonical-20261007/debug/deps/librustc_hash-6d4a76cf86ae4a83.rmeta --extern tracing=/Users/rmccrar6/codex-worktrees/luna-clippy-warning-cleanup-20261007/.local/build/clippy-current-canonical-20261007/debug/deps/libtracing-fc6cdc27b6ad5abf.rmeta --extern tsz_binder=/Users/rmccrar6/codex-worktrees/luna-clippy-warning-cleanup-20261007/.local/build/clippy-current-canonical-20261007/debug/deps/libtsz_binder-67b8cb9f551919a8.rmeta --extern tsz_common=/Users/rmccrar6/codex-worktrees/luna-clippy-warning-cleanup-20261007/.local/build/clippy-current-canonical-20261007/debug/deps/libtsz_common-1f4b1817df500634.rmeta --extern tsz_parser=/Users/rmccrar6/codex-worktrees/luna-clippy-warning-cleanup-20261007/.local/build/clippy-current-canonical-20261007/debug/deps/libtsz_parser-3187c4a1d05d404a.rmeta --extern tsz_scanner=/Users/rmccrar6/codex-worktrees/luna-clippy-warning-cleanup-20261007/.local/build/clippy-current-canonical-20261007/debug/deps/libtsz_scanner-b807966a8a9401ff.rmeta --extern tsz_solver=/Users/rmccrar6/codex-worktrees/luna-clippy-warning-cleanup-20261007/.local/build/clippy-current-canonical-20261007/debug/deps/libtsz_solver-d38f37cc02536a64.rmeta -L native=/Users/rmccrar6/codex-worktrees/luna-clippy-warning-cleanup-20261007/.local/build/clippy-current-canonical-20261007/debug/build/psm-b63d05f5e99d8d91/out`
       Fresh toml v0.8.23
       Fresh ryu v0.2.8
       Fresh prettyplease v0.3.0
       Fresh pest v2.9.0
       Fresh tokio-stream v0.1.19
       Fresh num-bigint v0.5.1
       Fresh xattr v1.6.1
       Fresh iroh-metrics-derive v1.0.1
       Fresh async-graphql-value v7.2.1
       Fresh cargo-platform v0.3.3
       Fresh async-stream-impl v0.3.6
       Fresh self_cell v1.3.0
       Fresh murmurhash32 v0.3.1
       Fresh virtue v0.0.18
       Fresh mac-addr v0.3.0
       Fresh itoa v0.4.8
       Fresh serde_jsonrc v0.1.0
       Fresh netdev v0.46.3
       Fresh bincode_derive v2.0.1
       Fresh tantivy-stacker v0.7.0
       Fresh async-stream v0.3.6
       Fresh cargo_metadata v0.23.1
       Fresh async-graphql-parser v7.2.1
       Fresh iroh-metrics v1.0.1
       Fresh tar v0.4.46
       Fresh oxc_ecmascript v0.139.0
       Fresh noq v1.3.0
       Fresh bon-macros v3.10.1
       Dirty backend-advisory v0.2.0 (/Users/rmccrar6/codex-worktrees/luna-index-projection-fastpath-7382-20261008/crates/advisory): the dependency `backend-platform` was rebuilt
   Compiling backend-advisory v0.2.0 (/Users/rmccrar6/codex-worktrees/luna-index-projection-fastpath-7382-20261008/crates/advisory)
     Running `/nix/store/ff5chd1i7bm0d7ki0ahkbkgwij973qvx-rust-1.97.1-with-components-2026-07-16/bin/rustc --crate-name backend_advisory --edition=2024 crates/advisory/src/lib.rs --error-format=json --json=diagnostic-rendered-ansi,artifacts,future-incompat --crate-type lib --emit=dep-info,metadata,link -C embed-bitcode=no -C debuginfo=1 -C split-debuginfo=unpacked '--warn=clippy::pedantic' '--warn=clippy::all' '--deny=clippy::unwrap_used' --warn=unused_qualifications --warn=unused_lifetimes --deny=unsafe_code --warn=unreachable_pub '--deny=clippy::unimplemented' '--deny=clippy::todo' '--warn=clippy::panic' --warn=missing_docs '--deny=clippy::mem_forget' '--warn=clippy::expect_used' '--deny=clippy::dbg_macro' --check-cfg 'cfg(docsrs,test)' --check-cfg 'cfg(feature, values())' -C metadata=55203d0fe0688bd4 -C extra-filename=-22d1f53388186f57 --out-dir /Users/rmccrar6/codex-worktrees/luna-clippy-warning-cleanup-20261007/.local/build/clippy-current-canonical-20261007/debug/deps -L dependency=/Users/rmccrar6/codex-worktrees/luna-clippy-warning-cleanup-20261007/.local/build/clippy-current-canonical-20261007/debug/deps --extern backend_platform=/Users/rmccrar6/codex-worktrees/luna-clippy-warning-cleanup-20261007/.local/build/clippy-current-canonical-20261007/debug/deps/libbackend_platform-3e94ae60de778f92.rmeta --extern blake3=/Users/rmccrar6/codex-worktrees/luna-clippy-warning-cleanup-20261007/.local/build/clippy-current-canonical-20261007/debug/deps/libblake3-4f44f49a9a64a61d.rmeta --extern fs4=/Users/rmccrar6/codex-worktrees/luna-clippy-warning-cleanup-20261007/.local/build/clippy-current-canonical-20261007/debug/deps/libfs4-01faf8b511447eba.rmeta --extern serde=/Users/rmccrar6/codex-worktrees/luna-clippy-warning-cleanup-20261007/.local/build/clippy-current-canonical-20261007/debug/deps/libserde-bb561d23e6a68d5f.rmeta --extern serde_json=/Users/rmccrar6/codex-worktrees/luna-clippy-warning-cleanup-20261007/.local/build/clippy-current-canonical-20261007/debug/deps/libserde_json-5519587ec51e9b8e.rmeta --extern tempfile=/Users/rmccrar6/codex-worktrees/luna-clippy-warning-cleanup-20261007/.local/build/clippy-current-canonical-20261007/debug/deps/libtempfile-3bbde70fd6c60ac6.rmeta --extern toml=/Users/rmccrar6/codex-worktrees/luna-clippy-warning-cleanup-20261007/.local/build/clippy-current-canonical-20261007/debug/deps/libtoml-6b3af8c07e5e07d7.rmeta -L native=/Users/rmccrar6/codex-worktrees/luna-clippy-warning-cleanup-20261007/.local/build/clippy-current-canonical-20261007/debug/build/blake3-c1cb4c3099a1fc7f/out`
       Dirty tsz-checker v0.1.75 (/Users/rmccrar6/codex-worktrees/luna-index-projection-fastpath-7382-20261008/third_party/tsz/crates/tsz-checker): the dependency `tsz-lowering` was rebuilt
   Compiling tsz-checker v0.1.75 (/Users/rmccrar6/codex-worktrees/luna-index-projection-fastpath-7382-20261008/third_party/tsz/crates/tsz-checker)
     Running `/nix/store/ff5chd1i7bm0d7ki0ahkbkgwij973qvx-rust-1.97.1-with-components-2026-07-16/bin/rustc --crate-name tsz_checker --edition=2024 third_party/tsz/crates/tsz-checker/src/lib.rs --error-format=json --json=diagnostic-rendered-ansi,artifacts,future-incompat --crate-type lib --emit=dep-info,metadata,link -C embed-bitcode=no -C debuginfo=1 -C split-debuginfo=unpacked '--deny=clippy::style' --warn=rust_2024_compatibility '--deny=clippy::perf' '--deny=clippy::correctness' '--deny=clippy::complexity' --warn=unsafe_code '--warn=clippy::uninlined_format_args' '--warn=clippy::redundant_clone' '--deny=clippy::print_stderr' '--warn=clippy::missing_const_for_fn' '--warn=clippy::match_same_arms' '--deny=clippy::get_unwrap' '--warn=clippy::empty_structs_with_brackets' '--warn=clippy::doc_markdown' '--deny=clippy::dbg_macro' --cfg 'feature="default"' --check-cfg 'cfg(docsrs,test)' --check-cfg 'cfg(feature, values("default"))' -C metadata=29029c22d7f54f6b -C extra-filename=-d9ae4443f1b3a827 --out-dir /Users/rmccrar6/codex-worktrees/luna-clippy-warning-cleanup-20261007/.local/build/clippy-current-canonical-20261007/debug/deps -L dependency=/Users/rmccrar6/codex-worktrees/luna-clippy-warning-cleanup-20261007/.local/build/clippy-current-canonical-20261007/debug/deps --extern dashmap=/Users/rmccrar6/codex-worktrees/luna-clippy-warning-cleanup-20261007/.local/build/clippy-current-canonical-20261007/debug/deps/libdashmap-fc5fa8255cb99b04.rmeta --extern rustc_hash=/Users/rmccrar6/codex-worktrees/luna-clippy-warning-cleanup-20261007/.local/build/clippy-current-canonical-20261007/debug/deps/librustc_hash-6d4a76cf86ae4a83.rmeta --extern serde_json=/Users/rmccrar6/codex-worktrees/luna-clippy-warning-cleanup-20261007/.local/build/clippy-current-canonical-20261007/debug/deps/libserde_json-5519587ec51e9b8e.rmeta --extern smallvec=/Users/rmccrar6/codex-worktrees/luna-clippy-warning-cleanup-20261007/.local/build/clippy-current-canonical-20261007/debug/deps/libsmallvec-da8e7a45fbb78e16.rmeta --extern stacker=/Users/rmccrar6/codex-worktrees/luna-clippy-warning-cleanup-20261007/.local/build/clippy-current-canonical-20261007/debug/deps/libstacker-189471c6807c0087.rmeta --extern tracing=/Users/rmccrar6/codex-worktrees/luna-clippy-warning-cleanup-20261007/.local/build/clippy-current-canonical-20261007/debug/deps/libtracing-fc6cdc27b6ad5abf.rmeta --extern tsz_binder=/Users/rmccrar6/codex-worktrees/luna-clippy-warning-cleanup-20261007/.local/build/clippy-current-canonical-20261007/debug/deps/libtsz_binder-67b8cb9f551919a8.rmeta --extern tsz_common=/Users/rmccrar6/codex-worktrees/luna-clippy-warning-cleanup-20261007/.local/build/clippy-current-canonical-20261007/debug/deps/libtsz_common-1f4b1817df500634.rmeta --extern tsz_lowering=/Users/rmccrar6/codex-worktrees/luna-clippy-warning-cleanup-20261007/.local/build/clippy-current-canonical-20261007/debug/deps/libtsz_lowering-9d0af02ee23a260a.rmeta --extern tsz_parser=/Users/rmccrar6/codex-worktrees/luna-clippy-warning-cleanup-20261007/.local/build/clippy-current-canonical-20261007/debug/deps/libtsz_parser-3187c4a1d05d404a.rmeta --extern tsz_scanner=/Users/rmccrar6/codex-worktrees/luna-clippy-warning-cleanup-20261007/.local/build/clippy-current-canonical-20261007/debug/deps/libtsz_scanner-b807966a8a9401ff.rmeta --extern tsz_solver=/Users/rmccrar6/codex-worktrees/luna-clippy-warning-cleanup-20261007/.local/build/clippy-current-canonical-20261007/debug/deps/libtsz_solver-d38f37cc02536a64.rmeta --extern web_time=/Users/rmccrar6/codex-worktrees/luna-clippy-warning-cleanup-20261007/.local/build/clippy-current-canonical-20261007/debug/deps/libweb_time-5bcb8a2c8fd10008.rmeta -L native=/Users/rmccrar6/codex-worktrees/luna-clippy-warning-cleanup-20261007/.local/build/clippy-current-canonical-20261007/debug/build/psm-b63d05f5e99d8d91/out`
       Fresh tantivy-sstable v0.7.0
       Fresh iroh-dns v1.3.0
       Fresh num_enum v0.7.6
       Fresh ruff_python_trivia v0.0.8
       Fresh pyrefly_build v1.2.0-dev.1 (https://github.com/facebook/pyrefly?rev=30b5ca5250db9f2d9264d5e889662cf1224a75b7#30b5ca52)
       Fresh tikv-jemalloc-sys v0.6.1+5.3.0-1-ge13ca993e8ccb9ba9847cc330696e02839f328f7
       Fresh erased-serde v0.4.10
       Fresh ra_ap_test_fixture v0.0.341
       Dirty ra_ap_hir v0.0.341: the dependency `ra_ap_hir_ty` was rebuilt
   Compiling ra_ap_hir v0.0.341
     Running `/nix/store/ff5chd1i7bm0d7ki0ahkbkgwij973qvx-rust-1.97.1-with-components-2026-07-16/bin/rustc --crate-name ra_ap_hir --edition=2024 /Users/rmccrar6/.cargo/registry/src/index.crates.io-1949cf8c6b5b557f/ra_ap_hir-0.0.341/src/lib.rs --error-format=json --json=diagnostic-rendered-ansi,artifacts,future-incompat --crate-type lib --emit=dep-info,metadata,link -C opt-level=2 -C embed-bitcode=no -C debuginfo=1 -C split-debuginfo=unpacked '--warn=clippy::suspicious' '--warn=clippy::style' '--allow=clippy::restriction' '--deny=clippy::perf' '--deny=clippy::correctness' '--warn=clippy::complexity' '--allow=clippy::wrong_self_convention' '--allow=clippy::vec_init_then_push' '--allow=clippy::useless_asref' --warn=unused_lifetimes --warn=unused_extern_crates --warn=unsafe_op_in_unsafe_fn --warn=unreachable_pub '--allow=clippy::unnecessary_map_or' --warn=unexpected_cfgs '--allow=clippy::type_complexity' '--allow=clippy::too_many_arguments' '--allow=clippy::too_long_first_doc_paragraph' '--warn=clippy::todo' '--warn=clippy::str_to_string' '--allow=clippy::single_match' '--allow=clippy::result_unit_err' '--warn=clippy::rc_buffer' '--warn=clippy::print_stdout' '--warn=clippy::print_stderr' '--allow=clippy::new_ret_no_self' '--allow=clippy::literal_string_with_formatting_args' '--allow=clippy::len_without_is_empty' --warn=explicit_outlives_requirements '--allow=clippy::enum_variant_names' --warn=elided_lifetimes_in_paths '--warn=clippy::dbg_macro' '--allow=clippy::assigning_clones' --check-cfg 'cfg(bootstrap)' --check-cfg 'cfg(no_salsa_async_drops)' -C debug-assertions=on --check-cfg 'cfg(docsrs,test)' --check-cfg 'cfg(feature, values("in-rust-tree"))' -C metadata=1bd49d37ec0523fb -C extra-filename=-91e13002b9c9fc66 --out-dir /Users/rmccrar6/codex-worktrees/luna-clippy-warning-cleanup-20261007/.local/build/clippy-current-canonical-20261007/debug/deps -L dependency=/Users/rmccrar6/codex-worktrees/luna-clippy-warning-cleanup-20261007/.local/build/clippy-current-canonical-20261007/debug/deps --extern arrayvec=/Users/rmccrar6/codex-worktrees/luna-clippy-warning-cleanup-20261007/.local/build/clippy-current-canonical-20261007/debug/deps/libarrayvec-453d1963a42adb5d.rmeta --extern either=/Users/rmccrar6/codex-worktrees/luna-clippy-warning-cleanup-20261007/.local/build/clippy-current-canonical-20261007/debug/deps/libeither-ecf7e196c7c3dc2e.rmeta --extern itertools=/Users/rmccrar6/codex-worktrees/luna-clippy-warning-cleanup-20261007/.local/build/clippy-current-canonical-20261007/debug/deps/libitertools-44bb30f18c495301.rmeta --extern la_arena=/Users/rmccrar6/codex-worktrees/luna-clippy-warning-cleanup-20261007/.local/build/clippy-current-canonical-20261007/debug/deps/libla_arena-a490172c24fe9c00.rmeta --extern ra_ap_rustc_type_ir=/Users/rmccrar6/codex-worktrees/luna-clippy-warning-cleanup-20261007/.local/build/clippy-current-canonical-20261007/debug/deps/libra_ap_rustc_type_ir-ac95c4bbab505b46.rmeta --extern base_db=/Users/rmccrar6/codex-worktrees/luna-clippy-warning-cleanup-20261007/.local/build/clippy-current-canonical-20261007/debug/deps/libra_ap_base_db-106ee44223cc5df5.rmeta --extern cfg=/Users/rmccrar6/codex-worktrees/luna-clippy-warning-cleanup-20261007/.local/build/clippy-current-canonical-20261007/debug/deps/libra_ap_cfg-be43c53c67bdb429.rmeta --extern hir_def=/Users/rmccrar6/codex-worktrees/luna-clippy-warning-cleanup-20261007/.local/build/clippy-current-canonical-20261007/debug/deps/libra_ap_hir_def-ed0847448bb125f6.rmeta --extern hir_expand=/Users/rmccrar6/codex-worktrees/luna-clippy-warning-cleanup-20261007/.local/build/clippy-current-canonical-20261007/debug/deps/libra_ap_hir_expand-3496f2c130ef74f8.rmeta --extern hir_ty=/Users/rmccrar6/codex-worktrees/luna-clippy-warning-cleanup-20261007/.local/build/clippy-current-canonical-20261007/debug/deps/libra_ap_hir_ty-6ed626516d89b739.rmeta --extern intern=/Users/rmccrar6/codex-worktrees/luna-clippy-warning-cleanup-20261007/.local/build/clippy-current-canonical-20261007/debug/deps/libra_ap_intern-4f0e2c0af7206082.rmeta --extern span=/Users/rmccrar6/codex-worktrees/luna-clippy-warning-cleanup-20261007/.local/build/clippy-current-canonical-20261007/debug/deps/libra_ap_span-f98326d926c76598.rmeta --extern stdx=/Users/rmccrar6/codex-worktrees/luna-clippy-warning-cleanup-20261007/.local/build/clippy-current-canonical-20261007/debug/deps/libra_ap_stdx-862b601f137ef152.rmeta --extern syntax=/Users/rmccrar6/codex-worktrees/luna-clippy-warning-cleanup-20261007/.local/build/clippy-current-canonical-20261007/debug/deps/libra_ap_syntax-e7edc2ab57f905e0.rmeta --extern tt=/Users/rmccrar6/codex-worktrees/luna-clippy-warning-cleanup-20261007/.local/build/clippy-current-canonical-20261007/debug/deps/libra_ap_tt-92fe312b87083bac.rmeta --extern rustc_hash=/Users/rmccrar6/codex-worktrees/luna-clippy-warning-cleanup-20261007/.local/build/clippy-current-canonical-20261007/debug/deps/librustc_hash-6d4a76cf86ae4a83.rmeta --extern serde_json=/Users/rmccrar6/codex-worktrees/luna-clippy-warning-cleanup-20261007/.local/build/clippy-current-canonical-20261007/debug/deps/libserde_json-5519587ec51e9b8e.rmeta --extern smallvec=/Users/rmccrar6/codex-worktrees/luna-clippy-warning-cleanup-20261007/.local/build/clippy-current-canonical-20261007/debug/deps/libsmallvec-da8e7a45fbb78e16.rmeta --extern tracing=/Users/rmccrar6/codex-worktrees/luna-clippy-warning-cleanup-20261007/.local/build/clippy-current-canonical-20261007/debug/deps/libtracing-fc6cdc27b6ad5abf.rmeta --extern triomphe=/Users/rmccrar6/codex-worktrees/luna-clippy-warning-cleanup-20261007/.local/build/clippy-current-canonical-20261007/debug/deps/libtriomphe-0c1afc6b01c4b182.rmeta --cap-lints allow`
       Fresh n0-watcher v1.0.0
       Fresh char_str v0.0.2
       Fresh toml_edit v0.25.13+spec-1.1.0
       Fresh tokio-websockets v0.13.3
       Fresh json5 v1.3.1
       Fresh js-sys v0.3.104
       Fresh line-index v0.1.2
       Dirty ra_ap_toolchain v0.0.341 (/Users/rmccrar6/codex-worktrees/luna-index-projection-fastpath-7382-20261008/vendor/ra_ap_toolchain): the file `vendor/ra_ap_toolchain/src/lib.rs` has changed (1791452501.102268086s, 3h 9m 59s after last build at 1791441102.497229939s)
   Compiling ra_ap_toolchain v0.0.341 (/Users/rmccrar6/codex-worktrees/luna-index-projection-fastpath-7382-20261008/vendor/ra_ap_toolchain)
     Running `/nix/store/ff5chd1i7bm0d7ki0ahkbkgwij973qvx-rust-1.97.1-with-components-2026-07-16/bin/rustc --crate-name ra_ap_toolchain --edition=2024 vendor/ra_ap_toolchain/src/lib.rs --error-format=json --json=diagnostic-rendered-ansi,artifacts,future-incompat --crate-type lib --emit=dep-info,metadata,link -C embed-bitcode=no -C debuginfo=1 -C split-debuginfo=unpacked '--warn=clippy::suspicious' '--warn=clippy::style' '--allow=clippy::restriction' '--deny=clippy::perf' '--deny=clippy::correctness' '--warn=clippy::complexity' '--allow=clippy::wrong_self_convention' '--allow=clippy::vec_init_then_push' '--allow=clippy::useless_asref' --warn=unused_lifetimes --warn=unused_extern_crates --warn=unsafe_op_in_unsafe_fn --warn=unreachable_pub '--allow=clippy::unnecessary_map_or' --warn=unexpected_cfgs '--allow=clippy::type_complexity' '--allow=clippy::too_many_arguments' '--allow=clippy::too_long_first_doc_paragraph' '--warn=clippy::todo' '--warn=clippy::str_to_string' '--allow=clippy::single_match' '--allow=clippy::result_unit_err' '--warn=clippy::rc_buffer' '--warn=clippy::print_stdout' '--warn=clippy::print_stderr' '--allow=clippy::new_ret_no_self' '--allow=clippy::literal_string_with_formatting_args' '--allow=clippy::len_without_is_empty' --warn=explicit_outlives_requirements '--allow=clippy::enum_variant_names' --warn=elided_lifetimes_in_paths '--warn=clippy::dbg_macro' '--allow=clippy::assigning_clones' --check-cfg 'cfg(bootstrap)' --check-cfg 'cfg(no_salsa_async_drops)' --check-cfg 'cfg(docsrs,test)' --check-cfg 'cfg(feature, values())' -C metadata=c1b8ef7d54e51ac9 -C extra-filename=-9ae4bb2d2d70a2aa --out-dir /Users/rmccrar6/codex-worktrees/luna-clippy-warning-cleanup-20261007/.local/build/clippy-current-canonical-20261007/debug/deps -L dependency=/Users/rmccrar6/codex-worktrees/luna-clippy-warning-cleanup-20261007/.local/build/clippy-current-canonical-20261007/debug/deps --extern camino=/Users/rmccrar6/codex-worktrees/luna-clippy-warning-cleanup-20261007/.local/build/clippy-current-canonical-20261007/debug/deps/libcamino-6aa28546fdf6ec60.rmeta`
       Fresh nom v7.1.3
       Fresh derivative v2.2.0
       Fresh console v0.16.6
       Fresh ordered-float v5.5.0
       Fresh lsp-server v0.7.9
       Fresh opentelemetry v0.32.0
       Fresh convert_case v0.11.0
       Fresh configparser v3.3.0
       Fresh inplace-vec-builder v0.1.1
       Fresh pyrefly_derive v1.2.0-dev.1 (https://github.com/facebook/pyrefly?rev=30b5ca5250db9f2d9264d5e889662cf1224a75b7#30b5ca52)
       Fresh typetag-impl v0.2.23
       Fresh fastdivide v0.4.2
       Fresh temp-dir v0.2.0
       Fresh unty v0.0.4
       Fresh downcast-rs v2.0.2
       Fresh unit-prefix v0.5.2
       Fresh seize v0.5.1
       Dirty pyrefly v1.2.0-dev.1 (/Users/rmccrar6/codex-worktrees/luna-index-projection-fastpath-7382-20261008/vendor/pyrefly_native_1_2): the file `vendor/pyrefly_native_1_2/test_laziness/build.rs` has changed (1791452501.079234372s, 3h 9m 59s after last build at 1791441102.597657904s)
   Compiling pyrefly v1.2.0-dev.1 (/Users/rmccrar6/codex-worktrees/luna-index-projection-fastpath-7382-20261008/vendor/pyrefly_native_1_2)
     Running `/nix/store/ff5chd1i7bm0d7ki0ahkbkgwij973qvx-rust-1.97.1-with-components-2026-07-16/bin/rustc --crate-name build_script_build --edition=2024 vendor/pyrefly_native_1_2/test_laziness/build.rs --error-format=json --json=diagnostic-rendered-ansi,artifacts,future-incompat --crate-type bin --emit=dep-info,link -C embed-bitcode=no --warn=unexpected_cfgs --check-cfg 'cfg(fbcode_build)' --cfg 'feature="default"' --check-cfg 'cfg(docsrs,test)' --check-cfg 'cfg(feature, values("debug-stack-overflow", "default"))' -C metadata=85021f1f0d320fcc -C extra-filename=-5858a46fbe8967fb --out-dir /Users/rmccrar6/codex-worktrees/luna-clippy-warning-cleanup-20261007/.local/build/clippy-current-canonical-20261007/debug/build/pyrefly-5858a46fbe8967fb -L dependency=/Users/rmccrar6/codex-worktrees/luna-clippy-warning-cleanup-20261007/.local/build/clippy-current-canonical-20261007/debug/deps`
       Fresh fnv v1.0.7
       Fresh binary-merge v0.1.2
       Fresh range-collections v0.4.6
       Fresh tantivy-query-grammar v0.26.0
     Running `/Users/rmccrar6/codex-worktrees/luna-clippy-warning-cleanup-20261007/.local/build/clippy-current-canonical-20261007/debug/build/pyrefly-5858a46fbe8967fb/build-script-build`
       Fresh papaya v0.2.5
       Fresh indicatif v0.18.6
       Fresh tantivy-columnar v0.7.0
       Fresh bincode v2.0.1
       Dirty ra_ap_project_model v0.0.341 (/Users/rmccrar6/codex-worktrees/luna-index-projection-fastpath-7382-20261008/vendor/ra_ap_project_model): the dependency `ra_ap_toolchain` was rebuilt
   Compiling ra_ap_project_model v0.0.341 (/Users/rmccrar6/codex-worktrees/luna-index-projection-fastpath-7382-20261008/vendor/ra_ap_project_model)
     Running `/nix/store/ff5chd1i7bm0d7ki0ahkbkgwij973qvx-rust-1.97.1-with-components-2026-07-16/bin/rustc --crate-name ra_ap_project_model --edition=2024 vendor/ra_ap_project_model/src/lib.rs --error-format=json --json=diagnostic-rendered-ansi,artifacts,future-incompat --crate-type lib --emit=dep-info,metadata,link -C embed-bitcode=no -C debuginfo=1 -C split-debuginfo=unpacked '--warn=clippy::suspicious' '--warn=clippy::style' '--allow=clippy::restriction' '--deny=clippy::perf' '--deny=clippy::correctness' '--warn=clippy::complexity' '--allow=clippy::wrong_self_convention' '--allow=clippy::vec_init_then_push' '--allow=clippy::useless_asref' --warn=unused_lifetimes --warn=unused_extern_crates --warn=unsafe_op_in_unsafe_fn --warn=unreachable_pub '--allow=clippy::unnecessary_map_or' --warn=unexpected_cfgs '--allow=clippy::type_complexity' '--allow=clippy::too_many_arguments' '--allow=clippy::too_long_first_doc_paragraph' '--warn=clippy::todo' '--warn=clippy::str_to_string' '--allow=clippy::single_match' '--allow=clippy::result_unit_err' '--warn=clippy::rc_buffer' '--warn=clippy::print_stdout' '--warn=clippy::print_stderr' '--allow=clippy::new_ret_no_self' '--allow=clippy::literal_string_with_formatting_args' '--allow=clippy::len_without_is_empty' --warn=explicit_outlives_requirements '--allow=clippy::enum_variant_names' --warn=elided_lifetimes_in_paths '--warn=clippy::dbg_macro' '--allow=clippy::assigning_clones' --check-cfg 'cfg(bootstrap)' --check-cfg 'cfg(no_salsa_async_drops)' --cfg 'feature="default"' --check-cfg 'cfg(docsrs,test)' --check-cfg 'cfg(feature, values("default", "in-rust-tree"))' -C metadata=8bd761faa00e6eff -C extra-filename=-b4453ce2fdf869d1 --out-dir /Users/rmccrar6/codex-worktrees/luna-clippy-warning-cleanup-20261007/.local/build/clippy-current-canonical-20261007/debug/deps -L dependency=/Users/rmccrar6/codex-worktrees/luna-clippy-warning-cleanup-20261007/.local/build/clippy-current-canonical-20261007/debug/deps --extern anyhow=/Users/rmccrar6/codex-worktrees/luna-clippy-warning-cleanup-20261007/.local/build/clippy-current-canonical-20261007/debug/deps/libanyhow-9ee99c72b6cfcb4f.rmeta --extern cargo_metadata=/Users/rmccrar6/codex-worktrees/luna-clippy-warning-cleanup-20261007/.local/build/clippy-current-canonical-20261007/debug/deps/libcargo_metadata-641211fb2f5c8903.rmeta --extern itertools=/Users/rmccrar6/codex-worktrees/luna-clippy-warning-cleanup-20261007/.local/build/clippy-current-canonical-20261007/debug/deps/libitertools-44bb30f18c495301.rmeta --extern la_arena=/Users/rmccrar6/codex-worktrees/luna-clippy-warning-cleanup-20261007/.local/build/clippy-current-canonical-20261007/debug/deps/libla_arena-a490172c24fe9c00.rmeta --extern base_db=/Users/rmccrar6/codex-worktrees/luna-clippy-warning-cleanup-20261007/.local/build/clippy-current-canonical-20261007/debug/deps/libra_ap_base_db-106ee44223cc5df5.rmeta --extern cfg=/Users/rmccrar6/codex-worktrees/luna-clippy-warning-cleanup-20261007/.local/build/clippy-current-canonical-20261007/debug/deps/libra_ap_cfg-be43c53c67bdb429.rmeta --extern intern=/Users/rmccrar6/codex-worktrees/luna-clippy-warning-cleanup-20261007/.local/build/clippy-current-canonical-20261007/debug/deps/libra_ap_intern-4f0e2c0af7206082.rmeta --extern paths=/Users/rmccrar6/codex-worktrees/luna-clippy-warning-cleanup-20261007/.local/build/clippy-current-canonical-20261007/debug/deps/libra_ap_paths-9e4f6a59592257be.rmeta --extern span=/Users/rmccrar6/codex-worktrees/luna-clippy-warning-cleanup-20261007/.local/build/clippy-current-canonical-20261007/debug/deps/libra_ap_span-f98326d926c76598.rmeta --extern stdx=/Users/rmccrar6/codex-worktrees/luna-clippy-warning-cleanup-20261007/.local/build/clippy-current-canonical-20261007/debug/deps/libra_ap_stdx-862b601f137ef152.rmeta --extern toolchain=/Users/rmccrar6/codex-worktrees/luna-clippy-warning-cleanup-20261007/.local/build/clippy-current-canonical-20261007/debug/deps/libra_ap_toolchain-9ae4bb2d2d70a2aa.rmeta --extern rustc_hash=/Users/rmccrar6/codex-worktrees/luna-clippy-warning-cleanup-20261007/.local/build/clippy-current-canonical-20261007/debug/deps/librustc_hash-6d4a76cf86ae4a83.rmeta --extern semver=/Users/rmccrar6/codex-worktrees/luna-clippy-warning-cleanup-20261007/.local/build/clippy-current-canonical-20261007/debug/deps/libsemver-ff787e9aa1254240.rmeta --extern serde=/Users/rmccrar6/codex-worktrees/luna-clippy-warning-cleanup-20261007/.local/build/clippy-current-canonical-20261007/debug/deps/libserde-bb561d23e6a68d5f.rmeta --extern serde_derive=/Users/rmccrar6/codex-worktrees/luna-clippy-warning-cleanup-20261007/.local/build/clippy-current-canonical-20261007/debug/deps/libserde_derive-0014be0376cbce52.dylib --extern serde_json=/Users/rmccrar6/codex-worktrees/luna-clippy-warning-cleanup-20261007/.local/build/clippy-current-canonical-20261007/debug/deps/libserde_json-5519587ec51e9b8e.rmeta --extern temp_dir=/Users/rmccrar6/codex-worktrees/luna-clippy-warning-cleanup-20261007/.local/build/clippy-current-canonical-20261007/debug/deps/libtemp_dir-f95a441e7f196fed.rmeta --extern toml=/Users/rmccrar6/codex-worktrees/luna-clippy-warning-cleanup-20261007/.local/build/clippy-current-canonical-20261007/debug/deps/libtoml-d90e7f3f3eaaaecc.rmeta --extern tracing=/Users/rmccrar6/codex-worktrees/luna-clippy-warning-cleanup-20261007/.local/build/clippy-current-canonical-20261007/debug/deps/libtracing-fc6cdc27b6ad5abf.rmeta --extern triomphe=/Users/rmccrar6/codex-worktrees/luna-clippy-warning-cleanup-20261007/.local/build/clippy-current-canonical-20261007/debug/deps/libtriomphe-0c1afc6b01c4b182.rmeta`
       Fresh typetag v0.2.23
       Fresh pyrefly_types v1.2.0-dev.1 (https://github.com/facebook/pyrefly?rev=30b5ca5250db9f2d9264d5e889662cf1224a75b7#30b5ca52)
       Fresh pyrefly_config v1.2.0-dev.1 (https://github.com/facebook/pyrefly?rev=30b5ca5250db9f2d9264d5e889662cf1224a75b7#30b5ca52)
       Fresh tsp_types v1.2.0-dev.1 (https://github.com/facebook/pyrefly?rev=30b5ca5250db9f2d9264d5e889662cf1224a75b7#30b5ca52)
       Dirty ra_ap_ide_db v0.0.341: the dependency `ra_ap_hir` was rebuilt
   Compiling ra_ap_ide_db v0.0.341
     Running `/nix/store/ff5chd1i7bm0d7ki0ahkbkgwij973qvx-rust-1.97.1-with-components-2026-07-16/bin/rustc --crate-name ra_ap_ide_db --edition=2024 /Users/rmccrar6/.cargo/registry/src/index.crates.io-1949cf8c6b5b557f/ra_ap_ide_db-0.0.341/src/lib.rs --error-format=json --json=diagnostic-rendered-ansi,artifacts,future-incompat --crate-type lib --emit=dep-info,metadata,link -C opt-level=2 -C embed-bitcode=no -C debuginfo=1 -C split-debuginfo=unpacked '--warn=clippy::suspicious' '--warn=clippy::style' '--allow=clippy::restriction' '--deny=clippy::perf' '--deny=clippy::correctness' '--warn=clippy::complexity' '--allow=clippy::wrong_self_convention' '--allow=clippy::vec_init_then_push' '--allow=clippy::useless_asref' --warn=unused_lifetimes --warn=unused_extern_crates --warn=unsafe_op_in_unsafe_fn --warn=unreachable_pub '--allow=clippy::unnecessary_map_or' --warn=unexpected_cfgs '--allow=clippy::type_complexity' '--allow=clippy::too_many_arguments' '--allow=clippy::too_long_first_doc_paragraph' '--warn=clippy::todo' '--warn=clippy::str_to_string' '--allow=clippy::single_match' '--allow=clippy::result_unit_err' '--warn=clippy::rc_buffer' '--warn=clippy::print_stdout' '--warn=clippy::print_stderr' '--allow=clippy::new_ret_no_self' '--allow=clippy::literal_string_with_formatting_args' '--allow=clippy::len_without_is_empty' --warn=explicit_outlives_requirements '--allow=clippy::enum_variant_names' --warn=elided_lifetimes_in_paths '--warn=clippy::dbg_macro' '--allow=clippy::assigning_clones' --check-cfg 'cfg(bootstrap)' --check-cfg 'cfg(no_salsa_async_drops)' -C debug-assertions=on --cfg 'feature="default"' --check-cfg 'cfg(docsrs,test)' --check-cfg 'cfg(feature, values("default", "in-rust-tree"))' -C metadata=a2884abdef31f490 -C extra-filename=-4cf764dd9ccbe6e5 --out-dir /Users/rmccrar6/codex-worktrees/luna-clippy-warning-cleanup-20261007/.local/build/clippy-current-canonical-20261007/debug/deps -L dependency=/Users/rmccrar6/codex-worktrees/luna-clippy-warning-cleanup-20261007/.local/build/clippy-current-canonical-20261007/debug/deps --extern arrayvec=/Users/rmccrar6/codex-worktrees/luna-clippy-warning-cleanup-20261007/.local/build/clippy-current-canonical-20261007/debug/deps/libarrayvec-453d1963a42adb5d.rmeta --extern bitflags=/Users/rmccrar6/codex-worktrees/luna-clippy-warning-cleanup-20261007/.local/build/clippy-current-canonical-20261007/debug/deps/libbitflags-550a213bbe5c28f8.rmeta --extern cov_mark=/Users/rmccrar6/codex-worktrees/luna-clippy-warning-cleanup-20261007/.local/build/clippy-current-canonical-20261007/debug/deps/libcov_mark-db831509be1b48f7.rmeta --extern crossbeam_channel=/Users/rmccrar6/codex-worktrees/luna-clippy-warning-cleanup-20261007/.local/build/clippy-current-canonical-20261007/debug/deps/libcrossbeam_channel-3675dee79af021cd.rmeta --extern either=/Users/rmccrar6/codex-worktrees/luna-clippy-warning-cleanup-20261007/.local/build/clippy-current-canonical-20261007/debug/deps/libeither-ecf7e196c7c3dc2e.rmeta --extern fst=/Users/rmccrar6/codex-worktrees/luna-clippy-warning-cleanup-20261007/.local/build/clippy-current-canonical-20261007/debug/deps/libfst-3ae1dbffa7ad2b4a.rmeta --extern itertools=/Users/rmccrar6/codex-worktrees/luna-clippy-warning-cleanup-20261007/.local/build/clippy-current-canonical-20261007/debug/deps/libitertools-44bb30f18c495301.rmeta --extern line_index=/Users/rmccrar6/codex-worktrees/luna-clippy-warning-cleanup-20261007/.local/build/clippy-current-canonical-20261007/debug/deps/libline_index-d63a70cb831ff7af.rmeta --extern memchr=/Users/rmccrar6/codex-worktrees/luna-clippy-warning-cleanup-20261007/.local/build/clippy-current-canonical-20261007/debug/deps/libmemchr-615ba70f46cfaf0b.rmeta --extern nohash_hasher=/Users/rmccrar6/codex-worktrees/luna-clippy-warning-cleanup-20261007/.local/build/clippy-current-canonical-20261007/debug/deps/libnohash_hasher-4184a2e3a6cb4375.rmeta --extern base_db=/Users/rmccrar6/codex-worktrees/luna-clippy-warning-cleanup-20261007/.local/build/clippy-current-canonical-20261007/debug/deps/libra_ap_base_db-106ee44223cc5df5.rmeta --extern hir=/Users/rmccrar6/codex-worktrees/luna-clippy-warning-cleanup-20261007/.local/build/clippy-current-canonical-20261007/debug/deps/libra_ap_hir-91e13002b9c9fc66.rmeta --extern macros=/Users/rmccrar6/codex-worktrees/luna-clippy-warning-cleanup-20261007/.local/build/clippy-current-canonical-20261007/debug/deps/libra_ap_macros-80264f1796912d19.dylib --extern parser=/Users/rmccrar6/codex-worktrees/luna-clippy-warning-cleanup-20261007/.local/build/clippy-current-canonical-20261007/debug/deps/libra_ap_parser-81fac498d4eadd96.rmeta --extern profile=/Users/rmccrar6/codex-worktrees/luna-clippy-warning-cleanup-20261007/.local/build/clippy-current-canonical-20261007/debug/deps/libra_ap_profile-53c54e839832f11e.rmeta --extern span=/Users/rmccrar6/codex-worktrees/luna-clippy-warning-cleanup-20261007/.local/build/clippy-current-canonical-20261007/debug/deps/libra_ap_span-f98326d926c76598.rmeta --extern stdx=/Users/rmccrar6/codex-worktrees/luna-clippy-warning-cleanup-20261007/.local/build/clippy-current-canonical-20261007/debug/deps/libra_ap_stdx-862b601f137ef152.rmeta --extern syntax=/Users/rmccrar6/codex-worktrees/luna-clippy-warning-cleanup-20261007/.local/build/clippy-current-canonical-20261007/debug/deps/libra_ap_syntax-e7edc2ab57f905e0.rmeta --extern test_fixture=/Users/rmccrar6/codex-worktrees/luna-clippy-warning-cleanup-20261007/.local/build/clippy-current-canonical-20261007/debug/deps/libra_ap_test_fixture-5d5c83229259eb60.rmeta --extern test_utils=/Users/rmccrar6/codex-worktrees/luna-clippy-warning-cleanup-20261007/.local/build/clippy-current-canonical-20261007/debug/deps/libra_ap_test_utils-b9e8d664a1a10a06.rmeta --extern vfs=/Users/rmccrar6/codex-worktrees/luna-clippy-warning-cleanup-20261007/.local/build/clippy-current-canonical-20261007/debug/deps/libra_ap_vfs-f1d554add18d173a.rmeta --extern rayon=/Users/rmccrar6/codex-worktrees/luna-clippy-warning-cleanup-20261007/.local/build/clippy-current-canonical-20261007/debug/deps/librayon-9971bda73818f9c3.rmeta --extern rustc_hash=/Users/rmccrar6/codex-worktrees/luna-clippy-warning-cleanup-20261007/.local/build/clippy-current-canonical-20261007/debug/deps/librustc_hash-6d4a76cf86ae4a83.rmeta --extern salsa=/Users/rmccrar6/codex-worktrees/luna-clippy-warning-cleanup-20261007/.local/build/clippy-current-canonical-20261007/debug/deps/libsalsa-abf3640895051ab5.rmeta --extern salsa_macros=/Users/rmccrar6/codex-worktrees/luna-clippy-warning-cleanup-20261007/.local/build/clippy-current-canonical-20261007/debug/deps/libsalsa_macros-64476b05bf3c854c.dylib --extern smallvec=/Users/rmccrar6/codex-worktrees/luna-clippy-warning-cleanup-20261007/.local/build/clippy-current-canonical-20261007/debug/deps/libsmallvec-da8e7a45fbb78e16.rmeta --extern tracing=/Users/rmccrar6/codex-worktrees/luna-clippy-warning-cleanup-20261007/.local/build/clippy-current-canonical-20261007/debug/deps/libtracing-fc6cdc27b6ad5abf.rmeta --extern triomphe=/Users/rmccrar6/codex-worktrees/luna-clippy-warning-cleanup-20261007/.local/build/clippy-current-canonical-20261007/debug/deps/libtriomphe-0c1afc6b01c4b182.rmeta --cap-lints allow`
       Fresh serde-wasm-bindgen v0.6.5
       Dirty tsz-lsp v0.1.75 (/Users/rmccrar6/codex-worktrees/luna-index-projection-fastpath-7382-20261008/third_party/tsz/crates/tsz-lsp): the dependency `tsz-checker` was rebuilt
   Compiling tsz-lsp v0.1.75 (/Users/rmccrar6/codex-worktrees/luna-index-projection-fastpath-7382-20261008/third_party/tsz/crates/tsz-lsp)
     Running `/nix/store/ff5chd1i7bm0d7ki0ahkbkgwij973qvx-rust-1.97.1-with-components-2026-07-16/bin/rustc --crate-name tsz_lsp --edition=2024 third_party/tsz/crates/tsz-lsp/src/lib.rs --error-format=json --json=diagnostic-rendered-ansi,artifacts,future-incompat --crate-type lib --emit=dep-info,metadata,link -C embed-bitcode=no -C debuginfo=1 -C split-debuginfo=unpacked '--deny=clippy::style' --warn=rust_2024_compatibility '--deny=clippy::perf' '--deny=clippy::correctness' '--deny=clippy::complexity' --warn=unsafe_code '--warn=clippy::uninlined_format_args' '--warn=clippy::redundant_clone' '--deny=clippy::print_stderr' '--warn=clippy::missing_const_for_fn' '--warn=clippy::match_same_arms' '--deny=clippy::get_unwrap' '--warn=clippy::empty_structs_with_brackets' '--warn=clippy::doc_markdown' '--deny=clippy::dbg_macro' --check-cfg 'cfg(docsrs,test)' --check-cfg 'cfg(feature, values())' -C metadata=9477a7456e036259 -C extra-filename=-a8b7390db9f96525 --out-dir /Users/rmccrar6/codex-worktrees/luna-clippy-warning-cleanup-20261007/.local/build/clippy-current-canonical-20261007/debug/deps -L dependency=/Users/rmccrar6/codex-worktrees/luna-clippy-warning-cleanup-20261007/.local/build/clippy-current-canonical-20261007/debug/deps --extern globset=/Users/rmccrar6/codex-worktrees/luna-clippy-warning-cleanup-20261007/.local/build/clippy-current-canonical-20261007/debug/deps/libglobset-0145d2464fae725e.rmeta --extern json5=/Users/rmccrar6/codex-worktrees/luna-clippy-warning-cleanup-20261007/.local/build/clippy-current-canonical-20261007/debug/deps/libjson5-4bc1590a8bebdba6.rmeta --extern regex=/Users/rmccrar6/codex-worktrees/luna-clippy-warning-cleanup-20261007/.local/build/clippy-current-canonical-20261007/debug/deps/libregex-30fbb1481fff0163.rmeta --extern rustc_hash=/Users/rmccrar6/codex-worktrees/luna-clippy-warning-cleanup-20261007/.local/build/clippy-current-canonical-20261007/debug/deps/librustc_hash-6d4a76cf86ae4a83.rmeta --extern serde=/Users/rmccrar6/codex-worktrees/luna-clippy-warning-cleanup-20261007/.local/build/clippy-current-canonical-20261007/debug/deps/libserde-bb561d23e6a68d5f.rmeta --extern serde_json=/Users/rmccrar6/codex-worktrees/luna-clippy-warning-cleanup-20261007/.local/build/clippy-current-canonical-20261007/debug/deps/libserde_json-5519587ec51e9b8e.rmeta --extern stacker=/Users/rmccrar6/codex-worktrees/luna-clippy-warning-cleanup-20261007/.local/build/clippy-current-canonical-20261007/debug/deps/libstacker-189471c6807c0087.rmeta --extern tracing=/Users/rmccrar6/codex-worktrees/luna-clippy-warning-cleanup-20261007/.local/build/clippy-current-canonical-20261007/debug/deps/libtracing-fc6cdc27b6ad5abf.rmeta --extern tsz_binder=/Users/rmccrar6/codex-worktrees/luna-clippy-warning-cleanup-20261007/.local/build/clippy-current-canonical-20261007/debug/deps/libtsz_binder-67b8cb9f551919a8.rmeta --extern tsz_checker=/Users/rmccrar6/codex-worktrees/luna-clippy-warning-cleanup-20261007/.local/build/clippy-current-canonical-20261007/debug/deps/libtsz_checker-d9ae4443f1b3a827.rmeta --extern tsz_common=/Users/rmccrar6/codex-worktrees/luna-clippy-warning-cleanup-20261007/.local/build/clippy-current-canonical-20261007/debug/deps/libtsz_common-1f4b1817df500634.rmeta --extern tsz_parser=/Users/rmccrar6/codex-worktrees/luna-clippy-warning-cleanup-20261007/.local/build/clippy-current-canonical-20261007/debug/deps/libtsz_parser-3187c4a1d05d404a.rmeta --extern tsz_scanner=/Users/rmccrar6/codex-worktrees/luna-clippy-warning-cleanup-20261007/.local/build/clippy-current-canonical-20261007/debug/deps/libtsz_scanner-b807966a8a9401ff.rmeta --extern tsz_solver=/Users/rmccrar6/codex-worktrees/luna-clippy-warning-cleanup-20261007/.local/build/clippy-current-canonical-20261007/debug/deps/libtsz_solver-d38f37cc02536a64.rmeta --extern walkdir=/Users/rmccrar6/codex-worktrees/luna-clippy-warning-cleanup-20261007/.local/build/clippy-current-canonical-20261007/debug/deps/libwalkdir-058ea1500420034c.rmeta --extern web_time=/Users/rmccrar6/codex-worktrees/luna-clippy-warning-cleanup-20261007/.local/build/clippy-current-canonical-20261007/debug/deps/libweb_time-5bcb8a2c8fd10008.rmeta -L native=/Users/rmccrar6/codex-worktrees/luna-clippy-warning-cleanup-20261007/.local/build/clippy-current-canonical-20261007/debug/build/psm-b63d05f5e99d8d91/out`
       Fresh iroh-relay v1.2.0
       Fresh ruff_python_ast v0.0.8
       Fresh netwatch v0.19.3
       Fresh tikv-jemallocator v0.6.1
       Fresh pyrefly_bundled v1.2.0-dev.1 (https://github.com/facebook/pyrefly?rev=30b5ca5250db9f2d9264d5e889662cf1224a75b7#30b5ca52)
       Dirty backend-library v0.2.0 (/Users/rmccrar6/codex-worktrees/luna-index-projection-fastpath-7382-20261008/crates/library): the dependency `backend-compile` was rebuilt
   Compiling backend-library v0.2.0 (/Users/rmccrar6/codex-worktrees/luna-index-projection-fastpath-7382-20261008/crates/library)
     Running `/nix/store/ff5chd1i7bm0d7ki0ahkbkgwij973qvx-rust-1.97.1-with-components-2026-07-16/bin/rustc --crate-name backend_library --edition=2024 crates/library/lib.rs --error-format=json --json=diagnostic-rendered-ansi,artifacts,future-incompat --crate-type lib --emit=dep-info,metadata,link -C opt-level=2 -C embed-bitcode=no -C debuginfo=1 -C split-debuginfo=unpacked '--warn=clippy::pedantic' '--warn=clippy::all' '--deny=clippy::unwrap_used' --warn=unused_qualifications --warn=unused_lifetimes --deny=unsafe_code --warn=unreachable_pub '--deny=clippy::unimplemented' '--deny=clippy::todo' '--warn=clippy::panic' --warn=missing_docs '--deny=clippy::mem_forget' '--warn=clippy::expect_used' '--deny=clippy::dbg_macro' -C debug-assertions=on --check-cfg 'cfg(docsrs,test)' --check-cfg 'cfg(feature, values("test-support"))' -C metadata=1a35246469d397de -C extra-filename=-408f3256788f0bdc --out-dir /Users/rmccrar6/codex-worktrees/luna-clippy-warning-cleanup-20261007/.local/build/clippy-current-canonical-20261007/debug/deps -L dependency=/Users/rmccrar6/codex-worktrees/luna-clippy-warning-cleanup-20261007/.local/build/clippy-current-canonical-20261007/debug/deps --extern arrayvec=/Users/rmccrar6/codex-worktrees/luna-clippy-warning-cleanup-20261007/.local/build/clippy-current-canonical-20261007/debug/deps/libarrayvec-453d1963a42adb5d.rmeta --extern backend_advisory=/Users/rmccrar6/codex-worktrees/luna-clippy-warning-cleanup-20261007/.local/build/clippy-current-canonical-20261007/debug/deps/libbackend_advisory-22d1f53388186f57.rmeta --extern backend_compile=/Users/rmccrar6/codex-worktrees/luna-clippy-warning-cleanup-20261007/.local/build/clippy-current-canonical-20261007/debug/deps/libbackend_compile-e77d351d591fc132.rmeta --extern backend_discovery=/Users/rmccrar6/codex-worktrees/luna-clippy-warning-cleanup-20261007/.local/build/clippy-current-canonical-20261007/debug/deps/libbackend_discovery-00390e31cb84519f.rmeta --extern backend_execution=/Users/rmccrar6/codex-worktrees/luna-clippy-warning-cleanup-20261007/.local/build/clippy-current-canonical-20261007/debug/deps/libbackend_execution-74f537b6aa12d0b8.rmeta --extern backend_flow=/Users/rmccrar6/codex-worktrees/luna-clippy-warning-cleanup-20261007/.local/build/clippy-current-canonical-20261007/debug/deps/libbackend_flow-198b382317d3f103.rmeta --extern backend_semantic=/Users/rmccrar6/codex-worktrees/luna-clippy-warning-cleanup-20261007/.local/build/clippy-current-canonical-20261007/debug/deps/libbackend_semantic-f840df0bae813320.rmeta --extern backend_version=/Users/rmccrar6/codex-worktrees/luna-clippy-warning-cleanup-20261007/.local/build/clippy-current-canonical-20261007/debug/deps/libbackend_version-9724f8132b25ba74.rmeta --extern blake3=/Users/rmccrar6/codex-worktrees/luna-clippy-warning-cleanup-20261007/.local/build/clippy-current-canonical-20261007/debug/deps/libblake3-4f44f49a9a64a61d.rmeta --extern serde=/Users/rmccrar6/codex-worktrees/luna-clippy-warning-cleanup-20261007/.local/build/clippy-current-canonical-20261007/debug/deps/libserde-bb561d23e6a68d5f.rmeta --extern serde_json=/Users/rmccrar6/codex-worktrees/luna-clippy-warning-cleanup-20261007/.local/build/clippy-current-canonical-20261007/debug/deps/libserde_json-5519587ec51e9b8e.rmeta --extern toml=/Users/rmccrar6/codex-worktrees/luna-clippy-warning-cleanup-20261007/.local/build/clippy-current-canonical-20261007/debug/deps/libtoml-6b3af8c07e5e07d7.rmeta --extern ureq=/Users/rmccrar6/codex-worktrees/luna-clippy-warning-cleanup-20261007/.local/build/clippy-current-canonical-20261007/debug/deps/libureq-2fcb6401993fb18b.rmeta -L native=/Users/rmccrar6/codex-worktrees/luna-clippy-warning-cleanup-20261007/.local/build/clippy-current-canonical-20261007/debug/build/blake3-c1cb4c3099a1fc7f/out -L native=/Users/rmccrar6/codex-worktrees/luna-clippy-warning-cleanup-20261007/.local/build/clippy-current-canonical-20261007/debug/build/simsimd-57d7ccc1ff7a2e26/out -L native=/Users/rmccrar6/codex-worktrees/luna-clippy-warning-cleanup-20261007/.local/build/clippy-current-canonical-20261007/debug/build/tree-sitter-47647a70e9977a2a/out -L native=/Users/rmccrar6/codex-worktrees/luna-clippy-warning-cleanup-20261007/.local/build/clippy-current-canonical-20261007/debug/build/ring-53e80969c9e79690/out`
warning: unnecessary qualification
   --> crates/library/interface/compiler_fragment/nested.rs:845:32
    |
845 |     pub const fn kind(self) -> super::CompilerFragmentNestedFaultKind {
    |                                ^^^^^^^^^^^^^^^^^^^^^^^^^^^^^^^^^^^^^^
    |
    = note: requested on the command line with `-W unused-qualifications`
help: remove the unnecessary path segments
    |
845 -     pub const fn kind(self) -> super::CompilerFragmentNestedFaultKind {
845 +     pub const fn kind(self) -> CompilerFragmentNestedFaultKind {
    |

warning: unnecessary qualification
   --> crates/library/interface/compiler_fragment/nested.rs:860:28
    |
860 |     const fn kind(self) -> super::CompilerFragmentNestedFaultKind {
    |                            ^^^^^^^^^^^^^^^^^^^^^^^^^^^^^^^^^^^^^^
    |
help: remove the unnecessary path segments
    |
860 -     const fn kind(self) -> super::CompilerFragmentNestedFaultKind {
860 +     const fn kind(self) -> CompilerFragmentNestedFaultKind {
    |

warning: unnecessary qualification
   --> crates/library/interface/compiler_fragment/nested.rs:872:28
    |
872 |     const fn kind(self) -> super::CompilerFragmentNestedFaultKind {
    |                            ^^^^^^^^^^^^^^^^^^^^^^^^^^^^^^^^^^^^^^
    |
help: remove the unnecessary path segments
    |
872 -     const fn kind(self) -> super::CompilerFragmentNestedFaultKind {
872 +     const fn kind(self) -> CompilerFragmentNestedFaultKind {
    |

warning: unnecessary qualification
   --> crates/library/interface/compiler_fragment/nested.rs:884:28
    |
884 |     const fn kind(self) -> super::CompilerFragmentNestedFaultKind {
    |                            ^^^^^^^^^^^^^^^^^^^^^^^^^^^^^^^^^^^^^^
    |
help: remove the unnecessary path segments
    |
884 -     const fn kind(self) -> super::CompilerFragmentNestedFaultKind {
884 +     const fn kind(self) -> CompilerFragmentNestedFaultKind {
    |

warning: unnecessary qualification
   --> crates/library/interface/compiler_fragment/nested.rs:894:28
    |
894 |     const fn kind(self) -> super::CompilerFragmentNestedFaultKind {
    |                            ^^^^^^^^^^^^^^^^^^^^^^^^^^^^^^^^^^^^^^
    |
help: remove the unnecessary path segments
    |
894 -     const fn kind(self) -> super::CompilerFragmentNestedFaultKind {
894 +     const fn kind(self) -> CompilerFragmentNestedFaultKind {
    |

warning: unnecessary qualification
   --> crates/library/interface/compiler_fragment/nested.rs:931:28
    |
931 |     const fn kind(self) -> super::CompilerFragmentNestedFaultKind {
    |                            ^^^^^^^^^^^^^^^^^^^^^^^^^^^^^^^^^^^^^^
    |
help: remove the unnecessary path segments
    |
931 -     const fn kind(self) -> super::CompilerFragmentNestedFaultKind {
931 +     const fn kind(self) -> CompilerFragmentNestedFaultKind {
    |

warning: unnecessary qualification
   --> crates/library/interface/compiler_fragment/nested.rs:958:28
    |
958 |     const fn kind(self) -> super::CompilerFragmentNestedFaultKind {
    |                            ^^^^^^^^^^^^^^^^^^^^^^^^^^^^^^^^^^^^^^
    |
help: remove the unnecessary path segments
    |
958 -     const fn kind(self) -> super::CompilerFragmentNestedFaultKind {
958 +     const fn kind(self) -> CompilerFragmentNestedFaultKind {
    |

warning: unnecessary qualification
   --> crates/library/interface/compiler_fragment/nested.rs:980:28
    |
980 |     const fn kind(self) -> super::CompilerFragmentNestedFaultKind {
    |                            ^^^^^^^^^^^^^^^^^^^^^^^^^^^^^^^^^^^^^^
    |
help: remove the unnecessary path segments
    |
980 -     const fn kind(self) -> super::CompilerFragmentNestedFaultKind {
980 +     const fn kind(self) -> CompilerFragmentNestedFaultKind {
    |

warning: unnecessary qualification
   --> crates/library/interface/compiler_fragment/nested.rs:999:28
    |
999 |     const fn kind(self) -> super::CompilerFragmentNestedFaultKind {
    |                            ^^^^^^^^^^^^^^^^^^^^^^^^^^^^^^^^^^^^^^
    |
help: remove the unnecessary path segments
    |
999 -     const fn kind(self) -> super::CompilerFragmentNestedFaultKind {
999 +     const fn kind(self) -> CompilerFragmentNestedFaultKind {
    |

warning: unused import: `CompilerToolIssue`
 --> crates/library/surface.rs:5:53
  |
5 |     CompilerFragmentFaultKind, CompilerToolFailure, CompilerToolIssue, CompilerToolRequirement,
  |                                                     ^^^^^^^^^^^^^^^^^
  |
  = note: `#[warn(unused_imports)]` (part of `#[warn(unused)]`) on by default

warning: unused imports: `PackageAnonymousCallableAnchorFaultFacts` and `PackageAnonymousCallableAnchorPoolFact`
  --> crates/library/surface.rs:27:48
   |
27 |     CompilerNativeToolFact, CompilerStageFact, PackageAnonymousCallableAnchorFaultFacts,
   |                                                ^^^^^^^^^^^^^^^^^^^^^^^^^^^^^^^^^^^^^^^^
28 |     PackageAnonymousCallableAnchorPoolFact, PackageCompilerFailureCause,
   |     ^^^^^^^^^^^^^^^^^^^^^^^^^^^^^^^^^^^^^^

warning: unnecessary qualification
    --> crates/library/surface.rs:4416:31
     |
4416 |         let mut coordinates = std::collections::BTreeSet::new();
     |                               ^^^^^^^^^^^^^^^^^^^^^^^^^^^^^^^
     |
help: remove the unnecessary path segments
     |
4416 -         let mut coordinates = std::collections::BTreeSet::new();
4416 +         let mut coordinates = BTreeSet::new();
     |

warning: unused variable: `ordinal`
   --> crates/library/interface/compiler_fragment.rs:385:75
    |
385 |             CompilerFragmentFault::Prepare(PrepareError::OccurrenceLane { ordinal, fault }) => {
    |                                                                           ^^^^^^^ help: try ignoring the field: `ordinal: _`
    |
    = note: `#[warn(unused_variables)]` (part of `#[warn(unused)]`) on by default

warning: missing documentation for a variant
   --> crates/library/interface/compiler_fragment.rs:719:5
    |
719 |     AnonymousCallableName,
    |     ^^^^^^^^^^^^^^^^^^^^^
    |
    = note: requested on the command line with `-W missing-docs`

warning: missing documentation for a variant
   --> crates/library/interface/compiler_fragment.rs:720:5
    |
720 |     Capacity,
    |     ^^^^^^^^

warning: missing documentation for a variant
   --> crates/library/interface/compiler_fragment.rs:721:5
    |
721 |     InvalidTreeEntity,
    |     ^^^^^^^^^^^^^^^^^

warning: missing documentation for a variant
   --> crates/library/interface/compiler_fragment.rs:722:5
    |
722 |     Dangling,
    |     ^^^^^^^^

warning: missing documentation for a variant
   --> crates/library/interface/compiler_fragment.rs:723:5
    |
723 |     RecursiveType,
    |     ^^^^^^^^^^^^^

warning: missing documentation for a variant
   --> crates/library/interface/compiler_fragment.rs:724:5
    |
724 |     CallableElement,
    |     ^^^^^^^^^^^^^^^

warning: missing documentation for a variant
   --> crates/library/interface/compiler_fragment.rs:725:5
    |
725 |     MissingTypedVariadicParameter,
    |     ^^^^^^^^^^^^^^^^^^^^^^^^^^^^^

warning: missing documentation for a variant
   --> crates/library/interface/compiler_fragment.rs:726:5
    |
726 |     EmptyQualifiedPath,
    |     ^^^^^^^^^^^^^^^^^^

warning: missing documentation for a variant
   --> crates/library/interface/compiler_fragment.rs:727:5
    |
727 |     TypeParameterRequirements,
    |     ^^^^^^^^^^^^^^^^^^^^^^^^^

warning: missing documentation for a variant
   --> crates/library/interface/compiler_fragment.rs:728:5
    |
728 |     EmptyCxxQualification,
    |     ^^^^^^^^^^^^^^^^^^^^^

warning: missing documentation for a variant
   --> crates/library/interface/compiler_fragment.rs:729:5
    |
729 |     IllegalCQualifierTarget,
    |     ^^^^^^^^^^^^^^^^^^^^^^^

warning: missing documentation for a variant
   --> crates/library/interface/compiler_fragment.rs:730:5
    |
730 |     IllegalCxxMemberPointerOwner,
    |     ^^^^^^^^^^^^^^^^^^^^^^^^^^^^

warning: missing documentation for a variant
   --> crates/library/interface/compiler_fragment.rs:731:5
    |
731 |     InvalidDocumentationUtf8,
    |     ^^^^^^^^^^^^^^^^^^^^^^^^

warning: missing documentation for a variant
   --> crates/library/interface/compiler_fragment.rs:732:5
    |
732 |     InvalidOccurrenceSpan,
    |     ^^^^^^^^^^^^^^^^^^^^^

warning: missing documentation for a variant
   --> crates/library/interface/compiler_fragment.rs:733:5
    |
733 |     SignatureCarrierRoleCount,
    |     ^^^^^^^^^^^^^^^^^^^^^^^^^

warning: missing documentation for a variant
   --> crates/library/interface/compiler_fragment.rs:734:5
    |
734 |     SignatureCarrierRoleKind,
    |     ^^^^^^^^^^^^^^^^^^^^^^^^

warning: missing documentation for a variant
   --> crates/library/interface/compiler_fragment.rs:735:5
    |
735 |     SignatureCarrierRoleOwnerKind,
    |     ^^^^^^^^^^^^^^^^^^^^^^^^^^^^^

warning: missing documentation for a variant
   --> crates/library/interface/compiler_fragment.rs:736:5
    |
736 |     SignatureCarrierRoleAlreadyCaptured,
    |     ^^^^^^^^^^^^^^^^^^^^^^^^^^^^^^^^^^^

warning: missing documentation for a variant
   --> crates/library/interface/compiler_fragment.rs:737:5
    |
737 |     SignatureCarrierBindingsAlreadyCaptured,
    |     ^^^^^^^^^^^^^^^^^^^^^^^^^^^^^^^^^^^^^^^

warning: missing documentation for a variant
   --> crates/library/interface/compiler_fragment.rs:738:5
    |
738 |     SignatureCarrierBindingOwnerSet,
    |     ^^^^^^^^^^^^^^^^^^^^^^^^^^^^^^^

warning: missing documentation for a variant
   --> crates/library/interface/compiler_fragment.rs:739:5
    |
739 |     SignatureCarrierBindingSignature,
    |     ^^^^^^^^^^^^^^^^^^^^^^^^^^^^^^^^

warning: missing documentation for a variant
   --> crates/library/interface/compiler_fragment.rs:740:5
    |
740 |     SignatureCarrierBindingCounts,
    |     ^^^^^^^^^^^^^^^^^^^^^^^^^^^^^

warning: missing documentation for a variant
   --> crates/library/interface/compiler_fragment.rs:741:5
    |
741 |     SignatureCarrierBindingEdgeRole,
    |     ^^^^^^^^^^^^^^^^^^^^^^^^^^^^^^^

warning: missing documentation for a variant
   --> crates/library/interface/compiler_fragment.rs:742:5
    |
742 |     SignatureCarrierBindingTargetCount,
    |     ^^^^^^^^^^^^^^^^^^^^^^^^^^^^^^^^^^

warning: missing documentation for a variant
   --> crates/library/interface/compiler_fragment.rs:743:5
    |
743 |     SignatureCarrierBindingTargetKind,
    |     ^^^^^^^^^^^^^^^^^^^^^^^^^^^^^^^^^

warning: missing documentation for a variant
   --> crates/library/interface/compiler_fragment.rs:744:5
    |
744 |     SignatureCarrierBindingType,
    |     ^^^^^^^^^^^^^^^^^^^^^^^^^^^

warning: missing documentation for a variant
   --> crates/library/interface/compiler_fragment.rs:745:5
    |
745 |     SignatureCarrierBindingEdgeMismatch,
    |     ^^^^^^^^^^^^^^^^^^^^^^^^^^^^^^^^^^^

warning: missing documentation for a variant
   --> crates/library/interface/compiler_fragment.rs:746:5
    |
746 |     ParentCycle,
    |     ^^^^^^^^^^^

warning: missing documentation for a variant
   --> crates/library/interface/compiler_fragment.rs:747:5
    |
747 |     DeclarationKey,
    |     ^^^^^^^^^^^^^^

warning: missing documentation for a variant
   --> crates/library/interface/compiler_fragment.rs:748:5
    |
748 |     TypedDeclarationKey,
    |     ^^^^^^^^^^^^^^^^^^^

warning: missing documentation for a variant
   --> crates/library/interface/compiler_fragment.rs:749:5
    |
749 |     AnonymousCallableSourceUnavailable,
    |     ^^^^^^^^^^^^^^^^^^^^^^^^^^^^^^^^^^

warning: missing documentation for a variant
   --> crates/library/interface/compiler_fragment.rs:750:5
    |
750 |     AnonymousCallableAnchorInvalid,
    |     ^^^^^^^^^^^^^^^^^^^^^^^^^^^^^^

warning: missing documentation for a variant
   --> crates/library/interface/compiler_fragment.rs:751:5
    |
751 |     AnonymousCallableSourceCoordinate,
    |     ^^^^^^^^^^^^^^^^^^^^^^^^^^^^^^^^^

warning: missing documentation for a variant
   --> crates/library/interface/compiler_fragment.rs:752:5
    |
752 |     AnonymousCallableInstance,
    |     ^^^^^^^^^^^^^^^^^^^^^^^^^

warning: missing documentation for a variant
   --> crates/library/interface/compiler_fragment.rs:753:5
    |
753 |     ScopedDeclarationPreimage,
    |     ^^^^^^^^^^^^^^^^^^^^^^^^^

warning: missing documentation for a variant
   --> crates/library/interface/compiler_fragment.rs:754:5
    |
754 |     ForeignKeyPreimage,
    |     ^^^^^^^^^^^^^^^^^^

warning: missing documentation for a variant
   --> crates/library/interface/compiler_fragment.rs:755:5
    |
755 |     DuplicateDeclarationIdentity,
    |     ^^^^^^^^^^^^^^^^^^^^^^^^^^^^

warning: missing documentation for a variant
   --> crates/library/interface/compiler_fragment.rs:756:5
    |
756 |     TreeVersionCount,
    |     ^^^^^^^^^^^^^^^^

warning: missing documentation for a variant
   --> crates/library/interface/compiler_fragment.rs:757:5
    |
757 |     AuthorityRowCount,
    |     ^^^^^^^^^^^^^^^^^

warning: missing documentation for a variant
   --> crates/library/interface/compiler_fragment.rs:758:5
    |
758 |     OccurrenceAuthorityRowCount,
    |     ^^^^^^^^^^^^^^^^^^^^^^^^^^^

warning: missing documentation for a variant
   --> crates/library/interface/compiler_fragment.rs:759:5
    |
759 |     AuthorityFacts,
    |     ^^^^^^^^^^^^^^

warning: missing documentation for a variant
   --> crates/library/interface/compiler_fragment.rs:760:5
    |
760 |     OccurrenceAuthorityFacts,
    |     ^^^^^^^^^^^^^^^^^^^^^^^^

warning: missing documentation for a variant
   --> crates/library/interface/compiler_fragment.rs:761:5
    |
761 |     ImageProvenanceLineage,
    |     ^^^^^^^^^^^^^^^^^^^^^^

warning: missing documentation for a variant
   --> crates/library/interface/compiler_fragment.rs:762:5
    |
762 |     ImageProvenanceScope,
    |     ^^^^^^^^^^^^^^^^^^^^

warning: missing documentation for a variant
   --> crates/library/interface/compiler_fragment.rs:763:5
    |
763 |     ImageProvenanceScopePreimage,
    |     ^^^^^^^^^^^^^^^^^^^^^^^^^^^^

warning: missing documentation for a variant
   --> crates/library/interface/compiler_fragment.rs:764:5
    |
764 |     ImageProvenanceRecipe,
    |     ^^^^^^^^^^^^^^^^^^^^^

warning: missing documentation for a variant
   --> crates/library/interface/compiler_fragment.rs:765:5
    |
765 |     ImageProvenanceRebind,
    |     ^^^^^^^^^^^^^^^^^^^^^

warning: missing documentation for a variant
   --> crates/library/interface/compiler_fragment.rs:766:5
    |
766 |     LanguageExtension,
    |     ^^^^^^^^^^^^^^^^^

warning: missing documentation for a variant
   --> crates/library/interface/compiler_fragment.rs:767:5
    |
767 |     LanguageProfileMismatch,
    |     ^^^^^^^^^^^^^^^^^^^^^^^

warning: missing documentation for a variant
   --> crates/library/interface/compiler_fragment.rs:768:5
    |
768 |     LanguageProfileRebind,
    |     ^^^^^^^^^^^^^^^^^^^^^

warning: missing documentation for a variant
   --> crates/library/interface/compiler_fragment.rs:775:5
    |
775 |     Count,
    |     ^^^^^

warning: missing documentation for a variant
   --> crates/library/interface/compiler_fragment.rs:776:5
    |
776 |     AtomBytePoolOverflow,
    |     ^^^^^^^^^^^^^^^^^^^^

warning: missing documentation for a variant
   --> crates/library/interface/compiler_fragment.rs:777:5
    |
777 |     LayoutOverflow,
    |     ^^^^^^^^^^^^^^

warning: missing documentation for a variant
   --> crates/library/interface/compiler_fragment.rs:778:5
    |
778 |     NativeCount,
    |     ^^^^^^^^^^^

warning: missing documentation for a variant
   --> crates/library/interface/compiler_fragment.rs:779:5
    |
779 |     OutputLength,
    |     ^^^^^^^^^^^^

warning: missing documentation for a variant
   --> crates/library/interface/compiler_fragment.rs:780:5
    |
780 |     Entity,
    |     ^^^^^^

warning: missing documentation for a variant
   --> crates/library/interface/compiler_fragment.rs:781:5
    |
781 |     TypeNode,
    |     ^^^^^^^^

warning: missing documentation for a variant
   --> crates/library/interface/compiler_fragment.rs:782:5
    |
782 |     SemanticDataOverflow,
    |     ^^^^^^^^^^^^^^^^^^^^

warning: missing documentation for a variant
   --> crates/library/interface/compiler_fragment.rs:783:5
    |
783 |     SemanticEntityRoots,
    |     ^^^^^^^^^^^^^^^^^^^

warning: missing documentation for a variant
   --> crates/library/interface/compiler_fragment.rs:784:5
    |
784 |     SemanticAtomLength,
    |     ^^^^^^^^^^^^^^^^^^

warning: missing documentation for a variant
   --> crates/library/interface/compiler_fragment.rs:785:5
    |
785 |     SemanticData,
    |     ^^^^^^^^^^^^

warning: missing documentation for a variant
   --> crates/library/interface/compiler_fragment.rs:786:5
    |
786 |     OccurrenceLane,
    |     ^^^^^^^^^^^^^^

warning: missing documentation for a variant
   --> crates/library/interface/compiler_fragment.rs:787:5
    |
787 |     TypeFacts,
    |     ^^^^^^^^^

warning: missing documentation for a variant
   --> crates/library/interface/compiler_fragment.rs:788:5
    |
788 |     Documentation,
    |     ^^^^^^^^^^^^^

warning: missing documentation for a variant
   --> crates/library/interface/compiler_fragment.rs:789:5
    |
789 |     ExtensionPools,
    |     ^^^^^^^^^^^^^^

warning: missing documentation for a variant
   --> crates/library/interface/compiler_fragment.rs:790:5
    |
790 |     ExtensionPoolsMismatch,
    |     ^^^^^^^^^^^^^^^^^^^^^^

warning: missing documentation for a variant
   --> crates/library/interface/compiler_fragment.rs:797:5
    |
797 |     OutputTooSmall,
    |     ^^^^^^^^^^^^^^

warning: missing documentation for a variant
   --> crates/library/interface/compiler_fragment.rs:798:5
    |
798 |     ExtensionSection,
    |     ^^^^^^^^^^^^^^^^

warning: missing documentation for a variant
   --> crates/library/interface/compiler_fragment.rs:799:5
    |
799 |     AtomLength,
    |     ^^^^^^^^^^

warning: missing documentation for a variant
   --> crates/library/interface/compiler_fragment.rs:800:5
    |
800 |     AtomExtent,
    |     ^^^^^^^^^^

warning: missing documentation for a variant
   --> crates/library/interface/compiler_fragment.rs:801:5
    |
801 |     SemanticAtomLength,
    |     ^^^^^^^^^^^^^^^^^^

warning: missing documentation for a variant
   --> crates/library/interface/compiler_fragment.rs:808:5
    |
808 |     ExtensionPoolPair,
    |     ^^^^^^^^^^^^^^^^^

warning: missing documentation for a variant
   --> crates/library/interface/compiler_fragment.rs:809:5
    |
809 |     Documentation,
    |     ^^^^^^^^^^^^^

warning: missing documentation for a variant
   --> crates/library/interface/compiler_fragment.rs:810:5
    |
810 |     ExtensionPools,
    |     ^^^^^^^^^^^^^^

warning: missing documentation for a variant
   --> crates/library/interface/compiler_fragment.rs:811:5
    |
811 |     LanguageExtensions,
    |     ^^^^^^^^^^^^^^^^^^

warning: missing documentation for a variant
   --> crates/library/interface/compiler_fragment.rs:812:5
    |
812 |     TruncatedHeader,
    |     ^^^^^^^^^^^^^^^

warning: missing documentation for a variant
   --> crates/library/interface/compiler_fragment.rs:813:5
    |
813 |     Magic,
    |     ^^^^^

warning: missing documentation for a variant
   --> crates/library/interface/compiler_fragment.rs:814:5
    |
814 |     Schema,
    |     ^^^^^^

warning: missing documentation for a variant
   --> crates/library/interface/compiler_fragment.rs:815:5
    |
815 |     DeclaredLength,
    |     ^^^^^^^^^^^^^^

warning: missing documentation for a variant
   --> crates/library/interface/compiler_fragment.rs:816:5
    |
816 |     Extent,
    |     ^^^^^^

warning: missing documentation for a variant
   --> crates/library/interface/compiler_fragment.rs:817:5
    |
817 |     WireWidth,
    |     ^^^^^^^^^

warning: missing documentation for a variant
   --> crates/library/interface/compiler_fragment.rs:818:5
    |
818 |     Directory,
    |     ^^^^^^^^^

warning: missing documentation for a variant
   --> crates/library/interface/compiler_fragment.rs:819:5
    |
819 |     MissingSection,
    |     ^^^^^^^^^^^^^^

warning: missing documentation for a variant
   --> crates/library/interface/compiler_fragment.rs:820:5
    |
820 |     Entity,
    |     ^^^^^^

warning: missing documentation for a variant
   --> crates/library/interface/compiler_fragment.rs:821:5
    |
821 |     EntityRecord,
    |     ^^^^^^^^^^^^

warning: missing documentation for a variant
   --> crates/library/interface/compiler_fragment.rs:822:5
    |
822 |     Atom,
    |     ^^^^

warning: missing documentation for a variant
   --> crates/library/interface/compiler_fragment.rs:823:5
    |
823 |     TypeNode,
    |     ^^^^^^^^

warning: missing documentation for a variant
   --> crates/library/interface/compiler_fragment.rs:824:5
    |
824 |     SourceIdentity,
    |     ^^^^^^^^^^^^^^

warning: missing documentation for a variant
   --> crates/library/interface/compiler_fragment.rs:825:5
    |
825 |     RecipeFact,
    |     ^^^^^^^^^^

warning: missing documentation for a variant
   --> crates/library/interface/compiler_fragment.rs:826:5
    |
826 |     SemanticData,
    |     ^^^^^^^^^^^^

warning: missing documentation for a variant
   --> crates/library/interface/compiler_fragment.rs:827:5
    |
827 |     Occurrences,
    |     ^^^^^^^^^^^

warning: missing documentation for a variant
   --> crates/library/interface/compiler_fragment.rs:828:5
    |
828 |     TypeFacts,
    |     ^^^^^^^^^

warning: missing documentation for a variant
   --> crates/library/interface/compiler_fragment.rs:849:5
    |
849 |     Atom,
    |     ^^^^

warning: missing documentation for a variant
   --> crates/library/interface/compiler_fragment.rs:850:5
    |
850 |     Text,
    |     ^^^^

warning: missing documentation for a variant
   --> crates/library/interface/compiler_fragment.rs:851:5
    |
851 |     Type,
    |     ^^^^

warning: missing documentation for a variant
   --> crates/library/interface/compiler_fragment.rs:852:5
    |
852 |     Entity,
    |     ^^^^^^

warning: missing documentation for a variant
   --> crates/library/interface/compiler_fragment.rs:853:5
    |
853 |     External,
    |     ^^^^^^^^

warning: missing documentation for a variant
   --> crates/library/interface/compiler_fragment.rs:854:5
    |
854 |     Link,
    |     ^^^^

warning: missing documentation for a variant
   --> crates/library/interface/compiler_fragment.rs:855:5
    |
855 |     LinkOccurrence,
    |     ^^^^^^^^^^^^^^

warning: missing documentation for a variant
   --> crates/library/interface/compiler_fragment.rs:856:5
    |
856 |     TypeList,
    |     ^^^^^^^^

warning: missing documentation for a variant
   --> crates/library/interface/compiler_fragment.rs:857:5
    |
857 |     EntityList,
    |     ^^^^^^^^^^

warning: missing documentation for a variant
   --> crates/library/interface/compiler_fragment.rs:858:5
    |
858 |     AtomList,
    |     ^^^^^^^^

warning: missing documentation for a variant
   --> crates/library/interface/compiler_fragment.rs:859:5
    |
859 |     Docs,
    |     ^^^^

warning: missing documentation for a variant
   --> crates/library/interface/compiler_fragment.rs:860:5
    |
860 |     TupleElements,
    |     ^^^^^^^^^^^^^

warning: missing documentation for a variant
   --> crates/library/interface/compiler_fragment.rs:861:5
    |
861 |     ObjectMembers,
    |     ^^^^^^^^^^^^^

warning: missing documentation for a variant
   --> crates/library/interface/compiler_fragment.rs:862:5
    |
862 |     TemplateParts,
    |     ^^^^^^^^^^^^^

warning: missing documentation for a variant
   --> crates/library/interface/compiler_fragment.rs:863:5
    |
863 |     TypeParameterBounds,
    |     ^^^^^^^^^^^^^^^^^^^

warning: missing documentation for a variant
   --> crates/library/interface/compiler_fragment.rs:864:5
    |
864 |     TypeParameters,
    |     ^^^^^^^^^^^^^^

warning: missing documentation for a variant
   --> crates/library/interface/compiler_fragment.rs:865:5
    |
865 |     FreePredicates,
    |     ^^^^^^^^^^^^^^

warning: missing documentation for a variant
   --> crates/library/interface/compiler_fragment.rs:872:5
    |
872 |     Directory,
    |     ^^^^^^^^^

warning: missing documentation for a variant
   --> crates/library/interface/compiler_fragment.rs:873:5
    |
873 |     EntityLane,
    |     ^^^^^^^^^^

warning: missing documentation for a variant
   --> crates/library/interface/compiler_fragment.rs:874:5
    |
874 |     TypeNodeLane,
    |     ^^^^^^^^^^^^

warning: missing documentation for a variant
   --> crates/library/interface/compiler_fragment.rs:875:5
    |
875 |     AtomRecordLane,
    |     ^^^^^^^^^^^^^^

warning: missing documentation for a variant
   --> crates/library/interface/compiler_fragment.rs:876:5
    |
876 |     AtomByteLane,
    |     ^^^^^^^^^^^^

warning: missing documentation for a variant
   --> crates/library/interface/compiler_fragment.rs:877:5
    |
877 |     SourceIdentityLane,
    |     ^^^^^^^^^^^^^^^^^^

warning: missing documentation for a variant
   --> crates/library/interface/compiler_fragment.rs:878:5
    |
878 |     RecipeFactLane,
    |     ^^^^^^^^^^^^^^

warning: missing documentation for a variant
   --> crates/library/interface/compiler_fragment.rs:879:5
    |
879 |     SemanticData,
    |     ^^^^^^^^^^^^

warning: missing documentation for a variant
   --> crates/library/interface/compiler_fragment.rs:880:5
    |
880 |     Occurrences,
    |     ^^^^^^^^^^^

warning: missing documentation for a variant
   --> crates/library/interface/compiler_fragment.rs:881:5
    |
881 |     TypeFacts,
    |     ^^^^^^^^^

warning: missing documentation for a variant
   --> crates/library/interface/compiler_fragment.rs:882:5
    |
882 |     Documentation,
    |     ^^^^^^^^^^^^^

warning: missing documentation for a variant
   --> crates/library/interface/compiler_fragment.rs:883:5
    |
883 |     LanguageExtensions,
    |     ^^^^^^^^^^^^^^^^^^

warning: missing documentation for a variant
   --> crates/library/interface/compiler_fragment.rs:884:5
    |
884 |     ExtensionPools,
    |     ^^^^^^^^^^^^^^

warning: missing documentation for a variant
   --> crates/library/interface/compiler_fragment.rs:891:5
    |
891 |     Prepare,
    |     ^^^^^^^

warning: missing documentation for a variant
   --> crates/library/interface/compiler_fragment.rs:892:5
    |
892 |     Write,
    |     ^^^^^

warning: missing documentation for a variant
   --> crates/library/interface/compiler_fragment.rs:893:5
    |
893 |     Validate,
    |     ^^^^^^^^

warning: missing documentation for a variant
  --> crates/library/interface/compiler_fragment/nested.rs:15:5
   |
15 |     Atoms,
   |     ^^^^^

warning: missing documentation for a variant
  --> crates/library/interface/compiler_fragment/nested.rs:16:5
   |
16 |     Products,
   |     ^^^^^^^^

warning: missing documentation for a variant
  --> crates/library/interface/compiler_fragment/nested.rs:17:5
   |
17 |     Constructors,
   |     ^^^^^^^^^^^^

warning: missing documentation for a variant
  --> crates/library/interface/compiler_fragment/nested.rs:18:5
   |
18 |     Lists,
   |     ^^^^^

warning: missing documentation for a variant
  --> crates/library/interface/compiler_fragment/nested.rs:19:5
   |
19 |     Children,
   |     ^^^^^^^^

warning: missing documentation for a variant
  --> crates/library/interface/compiler_fragment/nested.rs:20:5
   |
20 |     AtomOrder,
   |     ^^^^^^^^^

warning: missing documentation for a variant
  --> crates/library/interface/compiler_fragment/nested.rs:21:5
   |
21 |     AtomMap,
   |     ^^^^^^^

warning: missing documentation for a variant
  --> crates/library/interface/compiler_fragment/nested.rs:22:5
   |
22 |     ProductOrder,
   |     ^^^^^^^^^^^^

warning: missing documentation for a variant
  --> crates/library/interface/compiler_fragment/nested.rs:23:5
   |
23 |     ProductMap,
   |     ^^^^^^^^^^

warning: missing documentation for a variant
  --> crates/library/interface/compiler_fragment/nested.rs:24:5
   |
24 |     Colors,
   |     ^^^^^^

warning: missing documentation for a variant
  --> crates/library/interface/compiler_fragment/nested.rs:25:5
   |
25 |     NextColors,
   |     ^^^^^^^^^^

warning: missing documentation for a variant
  --> crates/library/interface/compiler_fragment/nested.rs:26:5
   |
26 |     Hashes,
   |     ^^^^^^

warning: missing documentation for a variant
  --> crates/library/interface/compiler_fragment/nested.rs:27:5
   |
27 |     NextHashes,
   |     ^^^^^^^^^^

warning: missing documentation for a variant
  --> crates/library/interface/compiler_fragment/nested.rs:28:5
   |
28 |     Representatives,
   |     ^^^^^^^^^^^^^^^

warning: missing documentation for a variant
  --> crates/library/interface/compiler_fragment/nested.rs:29:5
   |
29 |     InternSlots,
   |     ^^^^^^^^^^^

warning: missing documentation for a variant
  --> crates/library/interface/compiler_fragment/nested.rs:36:5
   |
36 |     RefinementRounds,
   |     ^^^^^^^^^^^^^^^^

warning: missing documentation for a variant
  --> crates/library/interface/compiler_fragment/nested.rs:37:5
   |
37 |     SortComparisons,
   |     ^^^^^^^^^^^^^^^

warning: missing documentation for a variant
  --> crates/library/interface/compiler_fragment/nested.rs:38:5
   |
38 |     HashEvaluations,
   |     ^^^^^^^^^^^^^^^

warning: missing documentation for a variant
  --> crates/library/interface/compiler_fragment/nested.rs:39:5
   |
39 |     InternProbes,
   |     ^^^^^^^^^^^^

warning: missing documentation for a variant
  --> crates/library/interface/compiler_fragment/nested.rs:40:5
   |
40 |     Work,
   |     ^^^^

warning: missing documentation for a variant
  --> crates/library/interface/compiler_fragment/nested.rs:53:5
   |
53 |     EntityRecord(EntityRecordFaultFacts),
   |     ^^^^^^^^^^^^

warning: missing documentation for a variant
  --> crates/library/interface/compiler_fragment/nested.rs:54:5
   |
54 |     TypeNode(TypeNodeFaultFacts),
   |     ^^^^^^^^

warning: missing documentation for a variant
  --> crates/library/interface/compiler_fragment/nested.rs:55:5
   |
55 |     Atom(AtomFaultFacts),
   |     ^^^^

warning: missing documentation for a variant
  --> crates/library/interface/compiler_fragment/nested.rs:56:5
   |
56 |     CanonicalData(CanonicalDataFaultFacts),
   |     ^^^^^^^^^^^^^

warning: missing documentation for a variant
  --> crates/library/interface/compiler_fragment/nested.rs:57:5
   |
57 |     SemanticData(SemanticDataFaultFacts),
   |     ^^^^^^^^^^^^

warning: missing documentation for a variant
  --> crates/library/interface/compiler_fragment/nested.rs:58:5
   |
58 |     Occurrence(OccurrenceFaultFacts),
   |     ^^^^^^^^^^

warning: missing documentation for a variant
  --> crates/library/interface/compiler_fragment/nested.rs:59:5
   |
59 |     SignatureCarrier(SignatureCarrierFaultFacts),
   |     ^^^^^^^^^^^^^^^^

warning: missing documentation for a variant
  --> crates/library/interface/compiler_fragment/nested.rs:60:5
   |
60 |     Validation(ValidationFaultFacts),
   |     ^^^^^^^^^^

warning: missing documentation for a variant
  --> crates/library/interface/compiler_fragment/nested.rs:68:5
   |
68 |     EntityTypeReference,
   |     ^^^^^^^^^^^^^^^^^^^

warning: missing documentation for a variant
  --> crates/library/interface/compiler_fragment/nested.rs:69:5
   |
69 |     EntityNameReference,
   |     ^^^^^^^^^^^^^^^^^^^

warning: missing documentation for a variant
  --> crates/library/interface/compiler_fragment/nested.rs:70:5
   |
70 |     EntityKindTag,
   |     ^^^^^^^^^^^^^

warning: missing documentation for a variant
  --> crates/library/interface/compiler_fragment/nested.rs:71:5
   |
71 |     EntityReservedBits,
   |     ^^^^^^^^^^^^^^^^^^

warning: missing documentation for a variant
  --> crates/library/interface/compiler_fragment/nested.rs:72:5
   |
72 |     TypeNodeReservedBytes,
   |     ^^^^^^^^^^^^^^^^^^^^^

warning: missing documentation for a variant
  --> crates/library/interface/compiler_fragment/nested.rs:73:5
   |
73 |     TypeNodeTag,
   |     ^^^^^^^^^^^

warning: missing documentation for a variant
  --> crates/library/interface/compiler_fragment/nested.rs:74:5
   |
74 |     TypeNodePrimitive,
   |     ^^^^^^^^^^^^^^^^^

warning: missing documentation for a variant
  --> crates/library/interface/compiler_fragment/nested.rs:75:5
   |
75 |     TypeNodeEdge,
   |     ^^^^^^^^^^^^

warning: missing documentation for a variant
  --> crates/library/interface/compiler_fragment/nested.rs:76:5
   |
76 |     AtomRange,
   |     ^^^^^^^^^

warning: missing documentation for a variant
  --> crates/library/interface/compiler_fragment/nested.rs:77:5
   |
77 |     AtomEmpty,
   |     ^^^^^^^^^

warning: missing documentation for a variant
  --> crates/library/interface/compiler_fragment/nested.rs:78:5
   |
78 |     CanonicalDataCount,
   |     ^^^^^^^^^^^^^^^^^^

warning: missing documentation for a variant
  --> crates/library/interface/compiler_fragment/nested.rs:79:5
   |
79 |     CanonicalDataNativeCount,
   |     ^^^^^^^^^^^^^^^^^^^^^^^^

warning: missing documentation for a variant
  --> crates/library/interface/compiler_fragment/nested.rs:80:5
   |
80 |     CanonicalDataNativeWork,
   |     ^^^^^^^^^^^^^^^^^^^^^^^

warning: missing documentation for a variant
  --> crates/library/interface/compiler_fragment/nested.rs:81:5
   |
81 |     CanonicalDataCanonicalCountOverflow,
   |     ^^^^^^^^^^^^^^^^^^^^^^^^^^^^^^^^^^^

warning: missing documentation for a variant
  --> crates/library/interface/compiler_fragment/nested.rs:82:5
   |
82 |     CanonicalDataCanonicalCountMismatch,
   |     ^^^^^^^^^^^^^^^^^^^^^^^^^^^^^^^^^^^

warning: missing documentation for a variant
  --> crates/library/interface/compiler_fragment/nested.rs:83:5
   |
83 |     CanonicalDataScratch,
   |     ^^^^^^^^^^^^^^^^^^^^

warning: missing documentation for a variant
  --> crates/library/interface/compiler_fragment/nested.rs:84:5
   |
84 |     CanonicalDataOutputTooSmall,
   |     ^^^^^^^^^^^^^^^^^^^^^^^^^^^

warning: missing documentation for a variant
  --> crates/library/interface/compiler_fragment/nested.rs:85:5
   |
85 |     CanonicalDataProductHead,
   |     ^^^^^^^^^^^^^^^^^^^^^^^^

warning: missing documentation for a variant
  --> crates/library/interface/compiler_fragment/nested.rs:86:5
   |
86 |     CanonicalDataProductList,
   |     ^^^^^^^^^^^^^^^^^^^^^^^^

warning: missing documentation for a variant
  --> crates/library/interface/compiler_fragment/nested.rs:87:5
   |
87 |     CanonicalDataConstructorCount,
   |     ^^^^^^^^^^^^^^^^^^^^^^^^^^^^^

warning: missing documentation for a variant
  --> crates/library/interface/compiler_fragment/nested.rs:88:5
   |
88 |     CanonicalDataConstructorTag,
   |     ^^^^^^^^^^^^^^^^^^^^^^^^^^^

warning: missing documentation for a variant
  --> crates/library/interface/compiler_fragment/nested.rs:89:5
   |
89 |     CanonicalDataConstructorReservedPayload,
   |     ^^^^^^^^^^^^^^^^^^^^^^^^^^^^^^^^^^^^^^^

warning: missing documentation for a variant
  --> crates/library/interface/compiler_fragment/nested.rs:90:5
   |
90 |     CanonicalDataConstructorArityOverflow,
   |     ^^^^^^^^^^^^^^^^^^^^^^^^^^^^^^^^^^^^^

warning: missing documentation for a variant
  --> crates/library/interface/compiler_fragment/nested.rs:91:5
   |
91 |     CanonicalDataConstructorArity,
   |     ^^^^^^^^^^^^^^^^^^^^^^^^^^^^^

warning: missing documentation for a variant
  --> crates/library/interface/compiler_fragment/nested.rs:92:5
   |
92 |     CanonicalDataProductChildRole,
   |     ^^^^^^^^^^^^^^^^^^^^^^^^^^^^^

warning: missing documentation for a variant
  --> crates/library/interface/compiler_fragment/nested.rs:93:5
   |
93 |     CanonicalDataListExtent,
   |     ^^^^^^^^^^^^^^^^^^^^^^^

warning: missing documentation for a variant
  --> crates/library/interface/compiler_fragment/nested.rs:94:5
   |
94 |     CanonicalDataNativeExtent,
   |     ^^^^^^^^^^^^^^^^^^^^^^^^^

warning: missing documentation for a variant
  --> crates/library/interface/compiler_fragment/nested.rs:95:5
   |
95 |     CanonicalDataProductChild,
   |     ^^^^^^^^^^^^^^^^^^^^^^^^^

warning: missing documentation for a variant
  --> crates/library/interface/compiler_fragment/nested.rs:96:5
   |
96 |     CanonicalDataOutputLength,
   |     ^^^^^^^^^^^^^^^^^^^^^^^^^

warning: missing documentation for a variant
  --> crates/library/interface/compiler_fragment/nested.rs:97:5
   |
97 |     CanonicalDataCanonicalListExtent,
   |     ^^^^^^^^^^^^^^^^^^^^^^^^^^^^^^^^

warning: missing documentation for a variant
  --> crates/library/interface/compiler_fragment/nested.rs:98:5
   |
98 |     CanonicalDataCanonicalAtom,
   |     ^^^^^^^^^^^^^^^^^^^^^^^^^^

warning: missing documentation for a variant
  --> crates/library/interface/compiler_fragment/nested.rs:99:5
   |
99 |     CanonicalDataCanonicalProduct,
   |     ^^^^^^^^^^^^^^^^^^^^^^^^^^^^^

warning: missing documentation for a variant
   --> crates/library/interface/compiler_fragment/nested.rs:100:5
    |
100 |     CanonicalDataCanonicalList,
    |     ^^^^^^^^^^^^^^^^^^^^^^^^^^

warning: missing documentation for a variant
   --> crates/library/interface/compiler_fragment/nested.rs:101:5
    |
101 |     CanonicalDataRefinementBound,
    |     ^^^^^^^^^^^^^^^^^^^^^^^^^^^^

warning: missing documentation for a variant
   --> crates/library/interface/compiler_fragment/nested.rs:102:5
    |
102 |     CanonicalDataInternTableFull,
    |     ^^^^^^^^^^^^^^^^^^^^^^^^^^^^

warning: missing documentation for a variant
   --> crates/library/interface/compiler_fragment/nested.rs:103:5
    |
103 |     CanonicalDataInternEntry,
    |     ^^^^^^^^^^^^^^^^^^^^^^^^

warning: missing documentation for a variant
   --> crates/library/interface/compiler_fragment/nested.rs:104:5
    |
104 |     CanonicalDataResourceCounterOverflow,
    |     ^^^^^^^^^^^^^^^^^^^^^^^^^^^^^^^^^^^^

warning: missing documentation for a variant
   --> crates/library/interface/compiler_fragment/nested.rs:105:5
    |
105 |     CanonicalDataBudgetAdmission,
    |     ^^^^^^^^^^^^^^^^^^^^^^^^^^^^

warning: missing documentation for a variant
   --> crates/library/interface/compiler_fragment/nested.rs:106:5
    |
106 |     CanonicalDataBudgetExceeded,
    |     ^^^^^^^^^^^^^^^^^^^^^^^^^^^

warning: missing documentation for a variant
   --> crates/library/interface/compiler_fragment/nested.rs:107:5
    |
107 |     SemanticDataHeader,
    |     ^^^^^^^^^^^^^^^^^^

warning: missing documentation for a variant
   --> crates/library/interface/compiler_fragment/nested.rs:108:5
    |
108 |     SemanticDataAtomLength,
    |     ^^^^^^^^^^^^^^^^^^^^^^

warning: missing documentation for a variant
   --> crates/library/interface/compiler_fragment/nested.rs:109:5
    |
109 |     SemanticDataProductHead,
    |     ^^^^^^^^^^^^^^^^^^^^^^^

warning: missing documentation for a variant
   --> crates/library/interface/compiler_fragment/nested.rs:110:5
    |
110 |     SemanticDataProductList,
    |     ^^^^^^^^^^^^^^^^^^^^^^^

warning: missing documentation for a variant
   --> crates/library/interface/compiler_fragment/nested.rs:111:5
    |
111 |     SemanticDataConstructorCount,
    |     ^^^^^^^^^^^^^^^^^^^^^^^^^^^^

warning: missing documentation for a variant
   --> crates/library/interface/compiler_fragment/nested.rs:112:5
    |
112 |     SemanticDataEntityRootCount,
    |     ^^^^^^^^^^^^^^^^^^^^^^^^^^^

warning: missing documentation for a variant
   --> crates/library/interface/compiler_fragment/nested.rs:113:5
    |
113 |     SemanticDataEntityRoot,
    |     ^^^^^^^^^^^^^^^^^^^^^^

warning: missing documentation for a variant
   --> crates/library/interface/compiler_fragment/nested.rs:114:5
    |
114 |     SemanticDataConstructorTag,
    |     ^^^^^^^^^^^^^^^^^^^^^^^^^^

warning: missing documentation for a variant
   --> crates/library/interface/compiler_fragment/nested.rs:115:5
    |
115 |     SemanticDataConstructorReservedPayload,
    |     ^^^^^^^^^^^^^^^^^^^^^^^^^^^^^^^^^^^^^^

warning: missing documentation for a variant
   --> crates/library/interface/compiler_fragment/nested.rs:116:5
    |
116 |     SemanticDataConstructorArityOverflow,
    |     ^^^^^^^^^^^^^^^^^^^^^^^^^^^^^^^^^^^^

warning: missing documentation for a variant
   --> crates/library/interface/compiler_fragment/nested.rs:117:5
    |
117 |     SemanticDataConstructorArity,
    |     ^^^^^^^^^^^^^^^^^^^^^^^^^^^^

warning: missing documentation for a variant
   --> crates/library/interface/compiler_fragment/nested.rs:118:5
    |
118 |     SemanticDataListExtent,
    |     ^^^^^^^^^^^^^^^^^^^^^^

warning: missing documentation for a variant
   --> crates/library/interface/compiler_fragment/nested.rs:119:5
    |
119 |     SemanticDataChildRoleCode,
    |     ^^^^^^^^^^^^^^^^^^^^^^^^^

warning: missing documentation for a variant
   --> crates/library/interface/compiler_fragment/nested.rs:120:5
    |
120 |     SemanticDataChildRole,
    |     ^^^^^^^^^^^^^^^^^^^^^

warning: missing documentation for a variant
   --> crates/library/interface/compiler_fragment/nested.rs:121:5
    |
121 |     SemanticDataChildTag,
    |     ^^^^^^^^^^^^^^^^^^^^

warning: missing documentation for a variant
   --> crates/library/interface/compiler_fragment/nested.rs:122:5
    |
122 |     SemanticDataLocalChild,
    |     ^^^^^^^^^^^^^^^^^^^^^^

warning: missing documentation for a variant
   --> crates/library/interface/compiler_fragment/nested.rs:123:5
    |
123 |     SemanticDataLocalReserved,
    |     ^^^^^^^^^^^^^^^^^^^^^^^^^

warning: missing documentation for a variant
   --> crates/library/interface/compiler_fragment/nested.rs:124:5
    |
124 |     SemanticDataExternalAuthority,
    |     ^^^^^^^^^^^^^^^^^^^^^^^^^^^^^

warning: missing documentation for a variant
   --> crates/library/interface/compiler_fragment/nested.rs:125:5
    |
125 |     SemanticDataTrailing,
    |     ^^^^^^^^^^^^^^^^^^^^

warning: missing documentation for a variant
   --> crates/library/interface/compiler_fragment/nested.rs:126:5
    |
126 |     OccurrenceOwner,
    |     ^^^^^^^^^^^^^^^

warning: missing documentation for a variant
   --> crates/library/interface/compiler_fragment/nested.rs:127:5
    |
127 |     OccurrenceLocalTarget,
    |     ^^^^^^^^^^^^^^^^^^^^^

warning: missing documentation for a variant
   --> crates/library/interface/compiler_fragment/nested.rs:128:5
    |
128 |     OccurrenceTargetTag,
    |     ^^^^^^^^^^^^^^^^^^^

warning: missing documentation for a variant
   --> crates/library/interface/compiler_fragment/nested.rs:129:5
    |
129 |     OccurrenceOriginTag,
    |     ^^^^^^^^^^^^^^^^^^^

warning: missing documentation for a variant
   --> crates/library/interface/compiler_fragment/nested.rs:130:5
    |
130 |     OccurrenceReferenceKind,
    |     ^^^^^^^^^^^^^^^^^^^^^^^

warning: missing documentation for a variant
   --> crates/library/interface/compiler_fragment/nested.rs:131:5
    |
131 |     OccurrenceConfidence,
    |     ^^^^^^^^^^^^^^^^^^^^

warning: missing documentation for a variant
   --> crates/library/interface/compiler_fragment/nested.rs:132:5
    |
132 |     OccurrenceSpan,
    |     ^^^^^^^^^^^^^^

warning: missing documentation for a variant
   --> crates/library/interface/compiler_fragment/nested.rs:133:5
    |
133 |     OccurrenceKindCell,
    |     ^^^^^^^^^^^^^^^^^^

warning: missing documentation for a variant
   --> crates/library/interface/compiler_fragment/nested.rs:134:5
    |
134 |     OccurrenceEmptyPath,
    |     ^^^^^^^^^^^^^^^^^^^

warning: missing documentation for a variant
   --> crates/library/interface/compiler_fragment/nested.rs:135:5
    |
135 |     OccurrenceTruncated,
    |     ^^^^^^^^^^^^^^^^^^^

warning: missing documentation for a variant
   --> crates/library/interface/compiler_fragment/nested.rs:136:5
    |
136 |     OccurrenceTrailingBytes,
    |     ^^^^^^^^^^^^^^^^^^^^^^^

warning: missing documentation for a variant
   --> crates/library/interface/compiler_fragment/nested.rs:137:5
    |
137 |     OccurrenceLegacyStableTarget,
    |     ^^^^^^^^^^^^^^^^^^^^^^^^^^^^

warning: missing documentation for a variant
   --> crates/library/interface/compiler_fragment/nested.rs:138:5
    |
138 |     OccurrenceAuthorityDomain,
    |     ^^^^^^^^^^^^^^^^^^^^^^^^^

warning: missing documentation for a variant
   --> crates/library/interface/compiler_fragment/nested.rs:139:5
    |
139 |     OccurrenceAuthorityWidth,
    |     ^^^^^^^^^^^^^^^^^^^^^^^^

warning: missing documentation for a variant
   --> crates/library/interface/compiler_fragment/nested.rs:140:5
    |
140 |     ValidateTruncatedHeader,
    |     ^^^^^^^^^^^^^^^^^^^^^^^

warning: missing documentation for a variant
   --> crates/library/interface/compiler_fragment/nested.rs:141:5
    |
141 |     ValidateMagic,
    |     ^^^^^^^^^^^^^

warning: missing documentation for a variant
   --> crates/library/interface/compiler_fragment/nested.rs:142:5
    |
142 |     ValidateSchema,
    |     ^^^^^^^^^^^^^^

warning: missing documentation for a variant
   --> crates/library/interface/compiler_fragment/nested.rs:143:5
    |
143 |     ValidateDeclaredLength,
    |     ^^^^^^^^^^^^^^^^^^^^^^

warning: missing documentation for a variant
   --> crates/library/interface/compiler_fragment/nested.rs:144:5
    |
144 |     ValidateExtent,
    |     ^^^^^^^^^^^^^^

warning: missing documentation for a variant
   --> crates/library/interface/compiler_fragment/nested.rs:145:5
    |
145 |     ValidateWireWidth,
    |     ^^^^^^^^^^^^^^^^^

warning: missing documentation for a variant
   --> crates/library/interface/compiler_fragment/nested.rs:146:5
    |
146 |     SignatureCarrierRoleCount,
    |     ^^^^^^^^^^^^^^^^^^^^^^^^^

warning: missing documentation for a variant
   --> crates/library/interface/compiler_fragment/nested.rs:147:5
    |
147 |     SignatureCarrierRoleKind,
    |     ^^^^^^^^^^^^^^^^^^^^^^^^

warning: missing documentation for a variant
   --> crates/library/interface/compiler_fragment/nested.rs:148:5
    |
148 |     SignatureCarrierRoleOwnerKind,
    |     ^^^^^^^^^^^^^^^^^^^^^^^^^^^^^

warning: missing documentation for a variant
   --> crates/library/interface/compiler_fragment/nested.rs:149:5
    |
149 |     SignatureCarrierBindingOwnerSet,
    |     ^^^^^^^^^^^^^^^^^^^^^^^^^^^^^^^

warning: missing documentation for a variant
   --> crates/library/interface/compiler_fragment/nested.rs:150:5
    |
150 |     SignatureCarrierBindingSignature,
    |     ^^^^^^^^^^^^^^^^^^^^^^^^^^^^^^^^

warning: missing documentation for a variant
   --> crates/library/interface/compiler_fragment/nested.rs:151:5
    |
151 |     SignatureCarrierBindingCounts,
    |     ^^^^^^^^^^^^^^^^^^^^^^^^^^^^^

warning: missing documentation for a variant
   --> crates/library/interface/compiler_fragment/nested.rs:152:5
    |
152 |     SignatureCarrierBindingEdgeRole,
    |     ^^^^^^^^^^^^^^^^^^^^^^^^^^^^^^^

warning: missing documentation for a variant
   --> crates/library/interface/compiler_fragment/nested.rs:153:5
    |
153 |     SignatureCarrierBindingTargetCount,
    |     ^^^^^^^^^^^^^^^^^^^^^^^^^^^^^^^^^^

warning: missing documentation for a variant
   --> crates/library/interface/compiler_fragment/nested.rs:154:5
    |
154 |     SignatureCarrierBindingTargetKind,
    |     ^^^^^^^^^^^^^^^^^^^^^^^^^^^^^^^^^

warning: missing documentation for a variant
   --> crates/library/interface/compiler_fragment/nested.rs:155:5
    |
155 |     SignatureCarrierBindingType,
    |     ^^^^^^^^^^^^^^^^^^^^^^^^^^^

warning: missing documentation for a variant
   --> crates/library/interface/compiler_fragment/nested.rs:156:5
    |
156 |     SignatureCarrierBindingEdgeMismatch,
    |     ^^^^^^^^^^^^^^^^^^^^^^^^^^^^^^^^^^^

warning: missing documentation for a variant
   --> crates/library/interface/compiler_fragment/nested.rs:168:15
    |
168 |               $($variant { $($field: $ty),* }),*
    |                 ^^^^^^^^^^^^^^^^^^^^^^^^^^^^^
...
173 | / nested_fault_enum! {
174 | |     /// Entity-record and entity-coordinate validation subcauses.
175 | |     EntityRecordFaultFacts {
176 | |         TypeReference { ordinal: u32, target: u32, node_count: u32 },
...   |
181 | | }
    | |_- in this macro invocation
    |
    = note: this warning originates in the macro `nested_fault_enum` (in Nightly builds, run with -Z macro-backtrace for more info)

warning: missing documentation for a struct field
   --> crates/library/interface/compiler_fragment/nested.rs:168:28
    |
168 |               $($variant { $($field: $ty),* }),*
    |                              ^^^^^^^^^^^
...
173 | / nested_fault_enum! {
174 | |     /// Entity-record and entity-coordinate validation subcauses.
175 | |     EntityRecordFaultFacts {
176 | |         TypeReference { ordinal: u32, target: u32, node_count: u32 },
...   |
181 | | }
    | |_- in this macro invocation
    |
    = note: this warning originates in the macro `nested_fault_enum` (in Nightly builds, run with -Z macro-backtrace for more info)

warning: missing documentation for a variant
    --> crates/library/interface/compiler_fragment/nested.rs:168:15
     |
 168 |               $($variant { $($field: $ty),* }),*
     |                 ^^^^^^^^^^^^^^^^^^^^^^^^^^^^^
...
1017 | / nested_fault_enum! {
1018 | |     /// Type-node validation subcauses.
1019 | |     TypeNodeFaultFacts {
1020 | |         ReservedBytes { ordinal: u32, packed: u32 },
...    |
1025 | | }
     | |_- in this macro invocation
     |
     = note: this warning originates in the macro `nested_fault_enum` (in Nightly builds, run with -Z macro-backtrace for more info)

warning: missing documentation for a struct field
    --> crates/library/interface/compiler_fragment/nested.rs:168:28
     |
 168 |               $($variant { $($field: $ty),* }),*
     |                              ^^^^^^^^^^^
...
1017 | / nested_fault_enum! {
1018 | |     /// Type-node validation subcauses.
1019 | |     TypeNodeFaultFacts {
1020 | |         ReservedBytes { ordinal: u32, packed: u32 },
...    |
1025 | | }
     | |_- in this macro invocation
     |
     = note: this warning originates in the macro `nested_fault_enum` (in Nightly builds, run with -Z macro-backtrace for more info)

warning: missing documentation for a variant
    --> crates/library/interface/compiler_fragment/nested.rs:168:15
     |
 168 |               $($variant { $($field: $ty),* }),*
     |                 ^^^^^^^^^^^^^^^^^^^^^^^^^^^^^
...
1027 | / nested_fault_enum! {
1028 | |     /// Atom-record validation subcauses.
1029 | |     AtomFaultFacts {
1030 | |         Range { ordinal: u32, start: u32, length: u32, byte_count: u32 },
...    |
1033 | | }
     | |_- in this macro invocation
     |
     = note: this warning originates in the macro `nested_fault_enum` (in Nightly builds, run with -Z macro-backtrace for more info)

warning: missing documentation for a struct field
    --> crates/library/interface/compiler_fragment/nested.rs:168:28
     |
 168 |               $($variant { $($field: $ty),* }),*
     |                              ^^^^^^^^^^^
...
1027 | / nested_fault_enum! {
1028 | |     /// Atom-record validation subcauses.
1029 | |     AtomFaultFacts {
1030 | |         Range { ordinal: u32, start: u32, length: u32, byte_count: u32 },
...    |
1033 | | }
     | |_- in this macro invocation
     |
     = note: this warning originates in the macro `nested_fault_enum` (in Nightly builds, run with -Z macro-backtrace for more info)

warning: missing documentation for a variant
    --> crates/library/interface/compiler_fragment/nested.rs:168:15
     |
 168 |               $($variant { $($field: $ty),* }),*
     |                 ^^^^^^^^^^^^^^^^^^^^^^^^^^^^^
...
1035 | / nested_fault_enum! {
1036 | |     /// Canonical semantic graph preparation subcauses.
1037 | |     CanonicalDataFaultFacts {
1038 | |         Count { lane: Lane, actual: u64 },
...    |
1068 | | }
     | |_- in this macro invocation
     |
     = note: this warning originates in the macro `nested_fault_enum` (in Nightly builds, run with -Z macro-backtrace for more info)

warning: missing documentation for a struct field
    --> crates/library/interface/compiler_fragment/nested.rs:168:28
     |
 168 |               $($variant { $($field: $ty),* }),*
     |                              ^^^^^^^^^^^
...
1035 | / nested_fault_enum! {
1036 | |     /// Canonical semantic graph preparation subcauses.
1037 | |     CanonicalDataFaultFacts {
1038 | |         Count { lane: Lane, actual: u64 },
...    |
1068 | | }
     | |_- in this macro invocation
     |
     = note: this warning originates in the macro `nested_fault_enum` (in Nightly builds, run with -Z macro-backtrace for more info)

warning: missing documentation for a variant
    --> crates/library/interface/compiler_fragment/nested.rs:168:15
     |
 168 |               $($variant { $($field: $ty),* }),*
     |                 ^^^^^^^^^^^^^^^^^^^^^^^^^^^^^
...
1070 | / nested_fault_enum! {
1071 | |     /// Semantic-data reopening subcauses.
1072 | |     SemanticDataFaultFacts {
1073 | |         Header { required: u64, actual: u64 },
...    |
1093 | | }
     | |_- in this macro invocation
     |
     = note: this warning originates in the macro `nested_fault_enum` (in Nightly builds, run with -Z macro-backtrace for more info)

warning: missing documentation for a struct field
    --> crates/library/interface/compiler_fragment/nested.rs:168:28
     |
 168 |               $($variant { $($field: $ty),* }),*
     |                              ^^^^^^^^^^^
...
1070 | / nested_fault_enum! {
1071 | |     /// Semantic-data reopening subcauses.
1072 | |     SemanticDataFaultFacts {
1073 | |         Header { required: u64, actual: u64 },
...    |
1093 | | }
     | |_- in this macro invocation
     |
     = note: this warning originates in the macro `nested_fault_enum` (in Nightly builds, run with -Z macro-backtrace for more info)

warning: missing documentation for a variant
    --> crates/library/interface/compiler_fragment/nested.rs:168:15
     |
 168 |               $($variant { $($field: $ty),* }),*
     |                 ^^^^^^^^^^^^^^^^^^^^^^^^^^^^^
...
1095 | / nested_fault_enum! {
1096 | |     /// Occurrence-plane reopening subcauses.
1097 | |     OccurrenceFaultFacts {
1098 | |         Owner { ordinal: u32, owner: u32, entity_count: u32 },
...    |
1113 | | }
     | |_- in this macro invocation
     |
     = note: this warning originates in the macro `nested_fault_enum` (in Nightly builds, run with -Z macro-backtrace for more info)

warning: missing documentation for a struct field
    --> crates/library/interface/compiler_fragment/nested.rs:168:28
     |
 168 |               $($variant { $($field: $ty),* }),*
     |                              ^^^^^^^^^^^
...
1095 | / nested_fault_enum! {
1096 | |     /// Occurrence-plane reopening subcauses.
1097 | |     OccurrenceFaultFacts {
1098 | |         Owner { ordinal: u32, owner: u32, entity_count: u32 },
...    |
1113 | | }
     | |_- in this macro invocation
     |
     = note: this warning originates in the macro `nested_fault_enum` (in Nightly builds, run with -Z macro-backtrace for more info)

warning: missing documentation for a variant
    --> crates/library/interface/compiler_fragment/nested.rs:168:15
     |
 168 |               $($variant { $($field: $ty),* }),*
     |                 ^^^^^^^^^^^^^^^^^^^^^^^^^^^^^
...
1115 | / nested_fault_enum! {
1116 | |     /// Signature-carrier binding subcauses.
1117 | |     SignatureCarrierFaultFacts {
1118 | |         RoleCount { expected: u64, observed: u64 },
...    |
1130 | | }
     | |_- in this macro invocation
     |
     = note: this warning originates in the macro `nested_fault_enum` (in Nightly builds, run with -Z macro-backtrace for more info)

warning: missing documentation for a struct field
    --> crates/library/interface/compiler_fragment/nested.rs:168:28
     |
 168 |               $($variant { $($field: $ty),* }),*
     |                              ^^^^^^^^^^^
...
1115 | / nested_fault_enum! {
1116 | |     /// Signature-carrier binding subcauses.
1117 | |     SignatureCarrierFaultFacts {
1118 | |         RoleCount { expected: u64, observed: u64 },
...    |
1130 | | }
     | |_- in this macro invocation
     |
     = note: this warning originates in the macro `nested_fault_enum` (in Nightly builds, run with -Z macro-backtrace for more info)

warning: missing documentation for a variant
    --> crates/library/interface/compiler_fragment/nested.rs:168:15
     |
 168 |               $($variant { $($field: $ty),* }),*
     |                 ^^^^^^^^^^^^^^^^^^^^^^^^^^^^^
...
1132 | / nested_fault_enum! {
1133 | |     /// Fragment header and extent validation subcauses.
1134 | |     ValidationFaultFacts {
1135 | |         TruncatedHeader { required: u64, actual: u64 },
...    |
1147 | | }
     | |_- in this macro invocation
     |
     = note: this warning originates in the macro `nested_fault_enum` (in Nightly builds, run with -Z macro-backtrace for more info)

warning: missing documentation for a struct field
    --> crates/library/interface/compiler_fragment/nested.rs:168:28
     |
 168 |               $($variant { $($field: $ty),* }),*
     |                              ^^^^^^^^^^^
...
1132 | / nested_fault_enum! {
1133 | |     /// Fragment header and extent validation subcauses.
1134 | |     ValidationFaultFacts {
1135 | |         TruncatedHeader { required: u64, actual: u64 },
...    |
1147 | | }
     | |_- in this macro invocation
     |
     = note: this warning originates in the macro `nested_fault_enum` (in Nightly builds, run with -Z macro-backtrace for more info)

warning: unreachable `pub` item
  --> crates/library/surface.rs:27:48
   |
25 | pub use package_compiler_failure::{
   | --- help: consider restricting its visibility: `pub(crate)`
26 |     AuthorityClassFact, AuthorityPhaseFact, CompilerAuthorityDiagnosticFacts, CompilerLanguageFact,
27 |     CompilerNativeToolFact, CompilerStageFact, PackageAnonymousCallableAnchorFaultFacts,
   |                                                ^^^^^^^^^^^^^^^^^^^^^^^^^^^^^^^^^^^^^^^^
   |
   = help: or consider exporting it for use by other crates
   = note: requested on the command line with `-W unreachable-pub`

warning: unreachable `pub` item
  --> crates/library/surface.rs:28:5
   |
25 | pub use package_compiler_failure::{
   | --- help: consider restricting its visibility: `pub(crate)`
...
28 |     PackageAnonymousCallableAnchorPoolFact, PackageCompilerFailureCause,
   |     ^^^^^^^^^^^^^^^^^^^^^^^^^^^^^^^^^^^^^^
   |
   = help: or consider exporting it for use by other crates

warning: missing documentation for a variant
  --> crates/library/surface/package_compiler_failure.rs:28:5
   |
28 |     Prepare,
   |     ^^^^^^^

warning: missing documentation for a variant
  --> crates/library/surface/package_compiler_failure.rs:29:5
   |
29 |     Write,
   |     ^^^^^

warning: missing documentation for a variant
  --> crates/library/surface/package_compiler_failure.rs:30:5
   |
30 |     Validate,
   |     ^^^^^^^^

warning: missing documentation for a variant
  --> crates/library/surface/package_compiler_failure.rs:31:5
   |
31 |     Setup,
   |     ^^^^^

warning: missing documentation for a variant
  --> crates/library/surface/package_compiler_failure.rs:32:5
   |
32 |     Lowering,
   |     ^^^^^^^^

warning: missing documentation for a variant
  --> crates/library/surface/package_compiler_failure.rs:33:5
   |
33 |     Authority,
   |     ^^^^^^^^^

warning: missing documentation for a variant
  --> crates/library/surface/package_compiler_failure.rs:40:5
   |
40 |     Rust,
   |     ^^^^

warning: missing documentation for a variant
  --> crates/library/surface/package_compiler_failure.rs:41:5
   |
41 |     TypeScript,
   |     ^^^^^^^^^^

warning: missing documentation for a variant
  --> crates/library/surface/package_compiler_failure.rs:42:5
   |
42 |     Python,
   |     ^^^^^^

warning: missing documentation for a variant
  --> crates/library/surface/package_compiler_failure.rs:43:5
   |
43 |     Go,
   |     ^^

warning: missing documentation for a variant
  --> crates/library/surface/package_compiler_failure.rs:44:5
   |
44 |     Java,
   |     ^^^^

warning: missing documentation for a variant
  --> crates/library/surface/package_compiler_failure.rs:45:5
   |
45 |     CSharp,
   |     ^^^^^^

warning: missing documentation for a variant
  --> crates/library/surface/package_compiler_failure.rs:46:5
   |
46 |     Clang,
   |     ^^^^^

warning: missing documentation for a variant
  --> crates/library/surface/package_compiler_failure.rs:53:5
   |
53 |     Parse,
   |     ^^^^^

warning: missing documentation for a variant
  --> crates/library/surface/package_compiler_failure.rs:54:5
   |
54 |     LowerIr,
   |     ^^^^^^^

warning: missing documentation for a variant
  --> crates/library/surface/package_compiler_failure.rs:61:5
   |
61 |     Rustc,
   |     ^^^^^

warning: missing documentation for a variant
  --> crates/library/surface/package_compiler_failure.rs:62:5
   |
62 |     Clang,
   |     ^^^^^

warning: missing documentation for a variant
  --> crates/library/surface/package_compiler_failure.rs:63:5
   |
63 |     Python,
   |     ^^^^^^

warning: missing documentation for a variant
  --> crates/library/surface/package_compiler_failure.rs:64:5
   |
64 |     TypeScriptCompiler,
   |     ^^^^^^^^^^^^^^^^^^

warning: missing documentation for a variant
  --> crates/library/surface/package_compiler_failure.rs:65:5
   |
65 |     GoCompiler,
   |     ^^^^^^^^^^

warning: missing documentation for a variant
  --> crates/library/surface/package_compiler_failure.rs:66:5
   |
66 |     JavaCompiler,
   |     ^^^^^^^^^^^^

warning: missing documentation for a variant
  --> crates/library/surface/package_compiler_failure.rs:67:5
   |
67 |     CSharpCompiler,
   |     ^^^^^^^^^^^^^^

warning: missing documentation for a struct field
   --> crates/library/surface/package_compiler_failure.rs:128:9
    |
128 |         language: CompilerLanguageFact,
    |         ^^^^^^^^^^^^^^^^^^^^^^^^^^^^^^

warning: missing documentation for a struct field
   --> crates/library/surface/package_compiler_failure.rs:129:9
    |
129 |         stage: CompilerStageFact,
    |         ^^^^^^^^^^^^^^^^^^^^^^^^

warning: missing documentation for a struct field
   --> crates/library/surface/package_compiler_failure.rs:130:9
    |
130 |         selected: CompilerNativeToolFact,
    |         ^^^^^^^^^^^^^^^^^^^^^^^^^^^^^^^^

warning: missing documentation for a struct field
   --> crates/library/surface/package_compiler_failure.rs:131:9
    |
131 |         configured: Option<CompilerNativeToolFact>,
    |         ^^^^^^^^^^^^^^^^^^^^^^^^^^^^^^^^^^^^^^^^^^

warning: missing documentation for a struct field
   --> crates/library/surface/package_compiler_failure.rs:135:9
    |
135 |         language: CompilerLanguageFact,
    |         ^^^^^^^^^^^^^^^^^^^^^^^^^^^^^^

warning: missing documentation for a struct field
   --> crates/library/surface/package_compiler_failure.rs:136:9
    |
136 |         stage: CompilerStageFact,
    |         ^^^^^^^^^^^^^^^^^^^^^^^^

warning: missing documentation for a struct field
   --> crates/library/surface/package_compiler_failure.rs:137:9
    |
137 |         tool: CompilerNativeToolFact,
    |         ^^^^^^^^^^^^^^^^^^^^^^^^^^^^

warning: missing documentation for a struct field
   --> crates/library/surface/package_compiler_failure.rs:141:9
    |
141 |         language: CompilerLanguageFact,
    |         ^^^^^^^^^^^^^^^^^^^^^^^^^^^^^^

warning: missing documentation for a struct field
   --> crates/library/surface/package_compiler_failure.rs:142:9
    |
142 |         stage: CompilerStageFact,
    |         ^^^^^^^^^^^^^^^^^^^^^^^^

warning: missing documentation for a struct field
   --> crates/library/surface/package_compiler_failure.rs:143:9
    |
143 |         issue: CompilerToolIssue,
    |         ^^^^^^^^^^^^^^^^^^^^^^^^

warning: missing documentation for a struct field
   --> crates/library/surface/package_compiler_failure.rs:149:9
    |
149 |         phase: AuthorityPhaseFact,
    |         ^^^^^^^^^^^^^^^^^^^^^^^^^

warning: missing documentation for a struct field
   --> crates/library/surface/package_compiler_failure.rs:150:9
    |
150 |         class: AuthorityClassFact,
    |         ^^^^^^^^^^^^^^^^^^^^^^^^^

warning: missing documentation for a struct field
   --> crates/library/surface/package_compiler_failure.rs:151:9
    |
151 |         diagnostic: Option<CompilerAuthorityDiagnosticFacts>,
    |         ^^^^^^^^^^^^^^^^^^^^^^^^^^^^^^^^^^^^^^^^^^^^^^^^^^^^

warning: missing documentation for a variant
   --> crates/library/surface/package_compiler_failure.rs:356:5
    |
356 |     Open,
    |     ^^^^

warning: missing documentation for a variant
   --> crates/library/surface/package_compiler_failure.rs:357:5
    |
357 |     Parse,
    |     ^^^^^

warning: missing documentation for a variant
   --> crates/library/surface/package_compiler_failure.rs:358:5
    |
358 |     Resolve,
    |     ^^^^^^^

warning: missing documentation for a variant
   --> crates/library/surface/package_compiler_failure.rs:359:5
    |
359 |     TypeCheck,
    |     ^^^^^^^^^

warning: missing documentation for a variant
   --> crates/library/surface/package_compiler_failure.rs:360:5
    |
360 |     Project,
    |     ^^^^^^^

warning: missing documentation for a variant
   --> crates/library/surface/package_compiler_failure.rs:367:5
    |
367 |     Syntax,
    |     ^^^^^^

warning: missing documentation for a variant
   --> crates/library/surface/package_compiler_failure.rs:368:5
    |
368 |     Binding,
    |     ^^^^^^^

warning: missing documentation for a variant
   --> crates/library/surface/package_compiler_failure.rs:369:5
    |
369 |     SourceScope,
    |     ^^^^^^^^^^^

warning: missing documentation for a variant
   --> crates/library/surface/package_compiler_failure.rs:370:5
    |
370 |     Type,
    |     ^^^^

warning: missing documentation for a variant
   --> crates/library/surface/package_compiler_failure.rs:371:5
    |
371 |     Authority,
    |     ^^^^^^^^^

warning: missing documentation for a variant
   --> crates/library/surface/package_compiler_failure.rs:372:5
    |
372 |     Projection,
    |     ^^^^^^^^^^

warning: missing documentation for a struct field
   --> crates/library/surface/package_compiler_failure.rs:379:5
    |
379 |     pub retained_bytes: u32,
    |     ^^^^^^^^^^^^^^^^^^^^^^^

warning: missing documentation for a struct field
   --> crates/library/surface/package_compiler_failure.rs:380:5
    |
380 |     pub observed_bytes: u64,
    |     ^^^^^^^^^^^^^^^^^^^^^^^

warning: missing documentation for a struct field
   --> crates/library/surface/package_compiler_failure.rs:381:5
    |
381 |     pub truncated: bool,
    |     ^^^^^^^^^^^^^^^^^^^

warning: missing documentation for a variant
   --> crates/library/surface/package_compiler_failure.rs:399:5
    |
399 |     NoSupportedDeclaration,
    |     ^^^^^^^^^^^^^^^^^^^^^^

warning: missing documentation for a variant
   --> crates/library/surface/package_compiler_failure.rs:400:5
    |
400 |     ExtensionAtomUnbound {
    |     ^^^^^^^^^^^^^^^^^^^^

warning: missing documentation for a struct field
   --> crates/library/surface/package_compiler_failure.rs:401:9
    |
401 |         row: u32,
    |         ^^^^^^^^

warning: missing documentation for a struct field
   --> crates/library/surface/package_compiler_failure.rs:402:9
    |
402 |         provisional: u32,
    |         ^^^^^^^^^^^^^^^^

warning: missing documentation for a struct field
   --> crates/library/surface/package_compiler_failure.rs:403:9
    |
403 |         atom_count: u32,
    |         ^^^^^^^^^^^^^^^

warning: missing documentation for a variant
   --> crates/library/surface/package_compiler_failure.rs:405:5
    |
405 |     ExtensionTypeParametersUnbound {
    |     ^^^^^^^^^^^^^^^^^^^^^^^^^^^^^^

warning: missing documentation for a struct field
   --> crates/library/surface/package_compiler_failure.rs:406:9
    |
406 |         row: u32,
    |         ^^^^^^^^

warning: missing documentation for a struct field
   --> crates/library/surface/package_compiler_failure.rs:407:9
    |
407 |         start: u32,
    |         ^^^^^^^^^^

warning: missing documentation for a struct field
   --> crates/library/surface/package_compiler_failure.rs:408:9
    |
408 |         length: u32,
    |         ^^^^^^^^^^^

warning: missing documentation for a struct field
   --> crates/library/surface/package_compiler_failure.rs:409:9
    |
409 |         element_count: u32,
    |         ^^^^^^^^^^^^^^^^^^

warning: missing documentation for a variant
   --> crates/library/surface/package_compiler_failure.rs:411:5
    |
411 |     FactRejected {
    |     ^^^^^^^^^^^^

warning: missing documentation for a struct field
   --> crates/library/surface/package_compiler_failure.rs:412:9
    |
412 |         fact: u64,
    |         ^^^^^^^^^

warning: missing documentation for a struct field
   --> crates/library/surface/package_compiler_failure.rs:413:9
    |
413 |         name_len: u64,
    |         ^^^^^^^^^^^^^

warning: missing documentation for a struct field
   --> crates/library/surface/package_compiler_failure.rs:414:9
    |
414 |         cause: PackageProjectionAdmissionFaultFacts,
    |         ^^^^^^^^^^^^^^^^^^^^^^^^^^^^^^^^^^^^^^^^^^^

warning: missing documentation for a variant
   --> crates/library/surface/package_compiler_failure.rs:416:5
    |
416 |     RustFunction,
    |     ^^^^^^^^^^^^

warning: missing documentation for a variant
   --> crates/library/surface/package_compiler_failure.rs:417:5
    |
417 |     RustConstantType,
    |     ^^^^^^^^^^^^^^^^

warning: missing documentation for a variant
   --> crates/library/surface/package_compiler_failure.rs:418:5
    |
418 |     RustGenericParameter,
    |     ^^^^^^^^^^^^^^^^^^^^

warning: missing documentation for a variant
   --> crates/library/surface/package_compiler_failure.rs:419:5
    |
419 |     PythonAssignmentName,
    |     ^^^^^^^^^^^^^^^^^^^^

warning: missing documentation for a variant
   --> crates/library/surface/package_compiler_failure.rs:420:5
    |
420 |     PythonAssignmentValue,
    |     ^^^^^^^^^^^^^^^^^^^^^

warning: missing documentation for a variant
   --> crates/library/surface/package_compiler_failure.rs:421:5
    |
421 |     ClangDeclarationForm,
    |     ^^^^^^^^^^^^^^^^^^^^

warning: missing documentation for a variant
   --> crates/library/surface/package_compiler_failure.rs:422:5
    |
422 |     TypeScriptDeclarationForm,
    |     ^^^^^^^^^^^^^^^^^^^^^^^^^

warning: missing documentation for a variant
   --> crates/library/surface/package_compiler_failure.rs:423:5
    |
423 |     TypeScriptDeclarationType,
    |     ^^^^^^^^^^^^^^^^^^^^^^^^^

warning: missing documentation for a variant
   --> crates/library/surface/package_compiler_failure.rs:424:5
    |
424 |     CSharpDeclarationForm,
    |     ^^^^^^^^^^^^^^^^^^^^^

warning: missing documentation for a variant
   --> crates/library/surface/package_compiler_failure.rs:425:5
    |
425 |     CSharpDeclarationType,
    |     ^^^^^^^^^^^^^^^^^^^^^

warning: missing documentation for a variant
   --> crates/library/surface/package_compiler_failure.rs:426:5
    |
426 |     GoDeclarationForm,
    |     ^^^^^^^^^^^^^^^^^

warning: missing documentation for a variant
   --> crates/library/surface/package_compiler_failure.rs:427:5
    |
427 |     GoDeclarationType,
    |     ^^^^^^^^^^^^^^^^^

warning: missing documentation for a variant
   --> crates/library/surface/package_compiler_failure.rs:428:5
    |
428 |     JavaDeclarationForm,
    |     ^^^^^^^^^^^^^^^^^^^

warning: missing documentation for a variant
   --> crates/library/surface/package_compiler_failure.rs:429:5
    |
429 |     JavaProjection {
    |     ^^^^^^^^^^^^^^

warning: missing documentation for a struct field
   --> crates/library/surface/package_compiler_failure.rs:430:9
    |
430 |         fault: PackageLanguageProjectionFault,
    |         ^^^^^^^^^^^^^^^^^^^^^^^^^^^^^^^^^^^^^

warning: missing documentation for a variant
   --> crates/library/surface/package_compiler_failure.rs:432:5
    |
432 |     GoProjection {
    |     ^^^^^^^^^^^^

warning: missing documentation for a struct field
   --> crates/library/surface/package_compiler_failure.rs:433:9
    |
433 |         fault: PackageLanguageProjectionFault,
    |         ^^^^^^^^^^^^^^^^^^^^^^^^^^^^^^^^^^^^^

warning: missing documentation for a variant
   --> crates/library/surface/package_compiler_failure.rs:435:5
    |
435 |     TypeScriptProjection {
    |     ^^^^^^^^^^^^^^^^^^^^

warning: missing documentation for a struct field
   --> crates/library/surface/package_compiler_failure.rs:436:9
    |
436 |         fault: PackageTypeScriptProjectionFaultFacts,
    |         ^^^^^^^^^^^^^^^^^^^^^^^^^^^^^^^^^^^^^^^^^^^^

warning: missing documentation for a variant
   --> crates/library/surface/package_compiler_failure.rs:438:5
    |
438 |     PythonProjection {
    |     ^^^^^^^^^^^^^^^^

warning: missing documentation for a struct field
   --> crates/library/surface/package_compiler_failure.rs:439:9
    |
439 |         fault: PackageLanguageProjectionFault,
    |         ^^^^^^^^^^^^^^^^^^^^^^^^^^^^^^^^^^^^^

warning: missing documentation for a variant
   --> crates/library/surface/package_compiler_failure.rs:441:5
    |
441 |     CSharpProjection {
    |     ^^^^^^^^^^^^^^^^

warning: missing documentation for a struct field
   --> crates/library/surface/package_compiler_failure.rs:442:9
    |
442 |         fault: PackageLanguageProjectionFault,
    |         ^^^^^^^^^^^^^^^^^^^^^^^^^^^^^^^^^^^^^

warning: missing documentation for a variant
   --> crates/library/surface/package_compiler_failure.rs:444:5
    |
444 |     ClangProjection {
    |     ^^^^^^^^^^^^^^^

warning: missing documentation for a struct field
   --> crates/library/surface/package_compiler_failure.rs:445:9
    |
445 |         fault: PackageLanguageProjectionFault,
    |         ^^^^^^^^^^^^^^^^^^^^^^^^^^^^^^^^^^^^^

warning: missing documentation for a variant
   --> crates/library/surface/package_compiler_failure.rs:487:5
    |
487 |     ForeignKey {
    |     ^^^^^^^^^^

warning: missing documentation for a struct field
   --> crates/library/surface/package_compiler_failure.rs:488:9
    |
488 |         start: u32,
    |         ^^^^^^^^^^

warning: missing documentation for a struct field
   --> crates/library/surface/package_compiler_failure.rs:489:9
    |
489 |         end: u32,
    |         ^^^^^^^^

warning: missing documentation for a struct field
   --> crates/library/surface/package_compiler_failure.rs:490:9
    |
490 |         cause: PackageForeignKeyFaultFacts,
    |         ^^^^^^^^^^^^^^^^^^^^^^^^^^^^^^^^^^

warning: missing documentation for a variant
   --> crates/library/surface/package_compiler_failure.rs:492:5
    |
492 |     PackageLineage {
    |     ^^^^^^^^^^^^^^

warning: missing documentation for a struct field
   --> crates/library/surface/package_compiler_failure.rs:493:9
    |
493 |         start: u32,
    |         ^^^^^^^^^^

warning: missing documentation for a struct field
   --> crates/library/surface/package_compiler_failure.rs:494:9
    |
494 |         end: u32,
    |         ^^^^^^^^

warning: missing documentation for a struct field
   --> crates/library/surface/package_compiler_failure.rs:495:9
    |
495 |         cause: PackageLineageFaultFacts,
    |         ^^^^^^^^^^^^^^^^^^^^^^^^^^^^^^^

warning: missing documentation for a variant
   --> crates/library/surface/package_compiler_failure.rs:497:5
    |
497 |     CoordinateOverflow {
    |     ^^^^^^^^^^^^^^^^^^

warning: missing documentation for a struct field
   --> crates/library/surface/package_compiler_failure.rs:498:9
    |
498 |         value: u64,
    |         ^^^^^^^^^^

warning: missing documentation for a variant
   --> crates/library/surface/package_compiler_failure.rs:500:5
    |
500 |     MissingImportBinding {
    |     ^^^^^^^^^^^^^^^^^^^^

warning: missing documentation for a struct field
   --> crates/library/surface/package_compiler_failure.rs:501:9
    |
501 |         fact: u32,
    |         ^^^^^^^^^

warning: missing documentation for a variant
   --> crates/library/surface/package_compiler_failure.rs:557:5
    |
557 |     JavaImage,
    |     ^^^^^^^^^

warning: missing documentation for a variant
   --> crates/library/surface/package_compiler_failure.rs:558:5
    |
558 |     JavaDepth,
    |     ^^^^^^^^^

warning: missing documentation for a variant
   --> crates/library/surface/package_compiler_failure.rs:559:5
    |
559 |     JavaMalformedType,
    |     ^^^^^^^^^^^^^^^^^

warning: missing documentation for a variant
   --> crates/library/surface/package_compiler_failure.rs:560:5
    |
560 |     JavaPrimitive,
    |     ^^^^^^^^^^^^^

warning: missing documentation for a variant
   --> crates/library/surface/package_compiler_failure.rs:561:5
    |
561 |     JavaAtomUtf8,
    |     ^^^^^^^^^^^^

warning: missing documentation for a variant
   --> crates/library/surface/package_compiler_failure.rs:562:5
    |
562 |     JavaSourceUtf8,
    |     ^^^^^^^^^^^^^^

warning: missing documentation for a variant
   --> crates/library/surface/package_compiler_failure.rs:563:5
    |
563 |     JavaUtf16Offset,
    |     ^^^^^^^^^^^^^^^

warning: missing documentation for a variant
   --> crates/library/surface/package_compiler_failure.rs:564:5
    |
564 |     JavaUtf16Range,
    |     ^^^^^^^^^^^^^^

warning: missing documentation for a variant
   --> crates/library/surface/package_compiler_failure.rs:565:5
    |
565 |     JavaOrphanOwner,
    |     ^^^^^^^^^^^^^^^

warning: missing documentation for a variant
   --> crates/library/surface/package_compiler_failure.rs:566:5
    |
566 |     JavaForeignKey,
    |     ^^^^^^^^^^^^^^

warning: missing documentation for a variant
   --> crates/library/surface/package_compiler_failure.rs:567:5
    |
567 |     JavaSiblingCapacity,
    |     ^^^^^^^^^^^^^^^^^^^

warning: missing documentation for a variant
   --> crates/library/surface/package_compiler_failure.rs:568:5
    |
568 |     JavaIndexCapacity,
    |     ^^^^^^^^^^^^^^^^^

warning: missing documentation for a variant
   --> crates/library/surface/package_compiler_failure.rs:569:5
    |
569 |     GoImage,
    |     ^^^^^^^

warning: missing documentation for a variant
   --> crates/library/surface/package_compiler_failure.rs:570:5
    |
570 |     GoIndexCapacity,
    |     ^^^^^^^^^^^^^^^

warning: missing documentation for a variant
   --> crates/library/surface/package_compiler_failure.rs:571:5
    |
571 |     GoDepth,
    |     ^^^^^^^

warning: missing documentation for a variant
   --> crates/library/surface/package_compiler_failure.rs:572:5
    |
572 |     GoVariadicWithoutParameter,
    |     ^^^^^^^^^^^^^^^^^^^^^^^^^^

warning: missing documentation for a variant
   --> crates/library/surface/package_compiler_failure.rs:573:5
    |
573 |     GoAnchor,
    |     ^^^^^^^^

warning: missing documentation for a variant
   --> crates/library/surface/package_compiler_failure.rs:574:5
    |
574 |     GoListCapacity,
    |     ^^^^^^^^^^^^^^

warning: missing documentation for a variant
   --> crates/library/surface/package_compiler_failure.rs:575:5
    |
575 |     GoOrphanTarget,
    |     ^^^^^^^^^^^^^^

warning: missing documentation for a variant
   --> crates/library/surface/package_compiler_failure.rs:576:5
    |
576 |     GoForeignKey,
    |     ^^^^^^^^^^^^

warning: missing documentation for a variant
   --> crates/library/surface/package_compiler_failure.rs:577:5
    |
577 |     GoPackageLineage,
    |     ^^^^^^^^^^^^^^^^

warning: missing documentation for a variant
   --> crates/library/surface/package_compiler_failure.rs:578:5
    |
578 |     GoAtomUtf8,
    |     ^^^^^^^^^^

warning: missing documentation for a variant
   --> crates/library/surface/package_compiler_failure.rs:579:5
    |
579 |     GoRelativeSpan,
    |     ^^^^^^^^^^^^^^

warning: missing documentation for a variant
   --> crates/library/surface/package_compiler_failure.rs:580:5
    |
580 |     GoOrphanOwner,
    |     ^^^^^^^^^^^^^

warning: missing documentation for a variant
   --> crates/library/surface/package_compiler_failure.rs:581:5
    |
581 |     GoAdmission,
    |     ^^^^^^^^^^^

warning: missing documentation for a variant
   --> crates/library/surface/package_compiler_failure.rs:582:5
    |
582 |     PythonForeignSpellingUtf8,
    |     ^^^^^^^^^^^^^^^^^^^^^^^^^

warning: missing documentation for a variant
   --> crates/library/surface/package_compiler_failure.rs:583:5
    |
583 |     PythonForeignKey,
    |     ^^^^^^^^^^^^^^^^

warning: missing documentation for a variant
   --> crates/library/surface/package_compiler_failure.rs:584:5
    |
584 |     PythonPackageLineage,
    |     ^^^^^^^^^^^^^^^^^^^^

warning: missing documentation for a variant
   --> crates/library/surface/package_compiler_failure.rs:585:5
    |
585 |     PythonContainment,
    |     ^^^^^^^^^^^^^^^^^

warning: missing documentation for a variant
   --> crates/library/surface/package_compiler_failure.rs:586:5
    |
586 |     CSharpImage,
    |     ^^^^^^^^^^^

warning: missing documentation for a variant
   --> crates/library/surface/package_compiler_failure.rs:587:5
    |
587 |     CSharpDepth,
    |     ^^^^^^^^^^^

warning: missing documentation for a variant
   --> crates/library/surface/package_compiler_failure.rs:588:5
    |
588 |     CSharpNameSpan,
    |     ^^^^^^^^^^^^^^

warning: missing documentation for a variant
   --> crates/library/surface/package_compiler_failure.rs:589:5
    |
589 |     CSharpOwnerOrder,
    |     ^^^^^^^^^^^^^^^^

warning: missing documentation for a variant
   --> crates/library/surface/package_compiler_failure.rs:590:5
    |
590 |     CSharpAnchor,
    |     ^^^^^^^^^^^^

warning: missing documentation for a variant
   --> crates/library/surface/package_compiler_failure.rs:591:5
    |
591 |     CSharpForeign,
    |     ^^^^^^^^^^^^^

warning: missing documentation for a variant
   --> crates/library/surface/package_compiler_failure.rs:592:5
    |
592 |     CSharpAttributeCapacity,
    |     ^^^^^^^^^^^^^^^^^^^^^^^

warning: missing documentation for a variant
   --> crates/library/surface/package_compiler_failure.rs:593:5
    |
593 |     CSharpIndexCapacity,
    |     ^^^^^^^^^^^^^^^^^^^

warning: missing documentation for a variant
   --> crates/library/surface/package_compiler_failure.rs:594:5
    |
594 |     CSharpHeterogeneousArrayRank,
    |     ^^^^^^^^^^^^^^^^^^^^^^^^^^^^

warning: missing documentation for a variant
   --> crates/library/surface/package_compiler_failure.rs:595:5
    |
595 |     CSharpResultName,
    |     ^^^^^^^^^^^^^^^^

warning: missing documentation for a variant
   --> crates/library/surface/package_compiler_failure.rs:596:5
    |
596 |     CSharpAdmission,
    |     ^^^^^^^^^^^^^^^

warning: missing documentation for a variant
   --> crates/library/surface/package_compiler_failure.rs:597:5
    |
597 |     ClangSpan,
    |     ^^^^^^^^^

warning: missing documentation for a variant
   --> crates/library/surface/package_compiler_failure.rs:598:5
    |
598 |     ClangNameless,
    |     ^^^^^^^^^^^^^

warning: missing documentation for a variant
   --> crates/library/surface/package_compiler_failure.rs:599:5
    |
599 |     ClangAnchor,
    |     ^^^^^^^^^^^

warning: missing documentation for a variant
   --> crates/library/surface/package_compiler_failure.rs:600:5
    |
600 |     ClangIndexCapacity,
    |     ^^^^^^^^^^^^^^^^^^

warning: missing documentation for a variant
   --> crates/library/surface/package_compiler_failure.rs:601:5
    |
601 |     ClangForeignOverride,
    |     ^^^^^^^^^^^^^^^^^^^^

warning: missing documentation for a variant
   --> crates/library/surface/package_compiler_failure.rs:602:5
    |
602 |     ClangForeignReference,
    |     ^^^^^^^^^^^^^^^^^^^^^

warning: missing documentation for a variant
   --> crates/library/surface/package_compiler_failure.rs:603:5
    |
603 |     ClangIllegalQualifierTarget,
    |     ^^^^^^^^^^^^^^^^^^^^^^^^^^^

warning: missing documentation for a variant
   --> crates/library/surface/package_compiler_failure.rs:604:5
    |
604 |     ClangIllegalMemberPointerOwner,
    |     ^^^^^^^^^^^^^^^^^^^^^^^^^^^^^^

warning: missing documentation for a variant
   --> crates/library/surface/package_compiler_failure.rs:672:5
    |
672 |     Tag {
    |     ^^^

warning: missing documentation for a struct field
   --> crates/library/surface/package_compiler_failure.rs:673:9
    |
673 |         actual: u32,
    |         ^^^^^^^^^^^

warning: missing documentation for a variant
   --> crates/library/surface/package_compiler_failure.rs:675:5
    |
675 |     ReservedPayload {
    |     ^^^^^^^^^^^^^^^

warning: missing documentation for a struct field
   --> crates/library/surface/package_compiler_failure.rs:676:9
    |
676 |         tag: u8,
    |         ^^^^^^^

warning: missing documentation for a struct field
   --> crates/library/surface/package_compiler_failure.rs:677:9
    |
677 |         payload0: u32,
    |         ^^^^^^^^^^^^^

warning: missing documentation for a struct field
   --> crates/library/surface/package_compiler_failure.rs:678:9
    |
678 |         payload1: u32,
    |         ^^^^^^^^^^^^^

warning: missing documentation for a variant
   --> crates/library/surface/package_compiler_failure.rs:680:5
    |
680 |     ArityOverflow {
    |     ^^^^^^^^^^^^^

warning: missing documentation for a struct field
   --> crates/library/surface/package_compiler_failure.rs:681:9
    |
681 |         tag: u8,
    |         ^^^^^^^

warning: missing documentation for a struct field
   --> crates/library/surface/package_compiler_failure.rs:682:9
    |
682 |         payload0: u32,
    |         ^^^^^^^^^^^^^

warning: missing documentation for a struct field
   --> crates/library/surface/package_compiler_failure.rs:683:9
    |
683 |         payload1: u32,
    |         ^^^^^^^^^^^^^

warning: missing documentation for a variant
   --> crates/library/surface/package_compiler_failure.rs:685:5
    |
685 |     Arity {
    |     ^^^^^

warning: missing documentation for a struct field
   --> crates/library/surface/package_compiler_failure.rs:686:9
    |
686 |         tag: u8,
    |         ^^^^^^^

warning: missing documentation for a struct field
   --> crates/library/surface/package_compiler_failure.rs:687:9
    |
687 |         expected: u32,
    |         ^^^^^^^^^^^^^

warning: missing documentation for a struct field
   --> crates/library/surface/package_compiler_failure.rs:688:9
    |
688 |         actual: u32,
    |         ^^^^^^^^^^^

warning: missing documentation for a variant
   --> crates/library/surface/package_compiler_failure.rs:707:5
    |
707 |     Tag {
    |     ^^^

warning: missing documentation for a struct field
   --> crates/library/surface/package_compiler_failure.rs:708:9
    |
708 |         actual: u8,
    |         ^^^^^^^^^^

warning: missing documentation for a variant
   --> crates/library/surface/package_compiler_failure.rs:710:5
    |
710 |     ReservedCell {
    |     ^^^^^^^^^^^^

warning: missing documentation for a struct field
   --> crates/library/surface/package_compiler_failure.rs:711:9
    |
711 |         tag: PackageTypeTagFact,
    |         ^^^^^^^^^^^^^^^^^^^^^^^

warning: missing documentation for a struct field
   --> crates/library/surface/package_compiler_failure.rs:712:9
    |
712 |         cell: PackageTypeCellFact,
    |         ^^^^^^^^^^^^^^^^^^^^^^^^^

warning: missing documentation for a struct field
   --> crates/library/surface/package_compiler_failure.rs:713:9
    |
713 |         actual: u32,
    |         ^^^^^^^^^^^

warning: missing documentation for a variant
   --> crates/library/surface/package_compiler_failure.rs:715:5
    |
715 |     MissingCell {
    |     ^^^^^^^^^^^

warning: missing documentation for a struct field
   --> crates/library/surface/package_compiler_failure.rs:716:9
    |
716 |         tag: PackageTypeTagFact,
    |         ^^^^^^^^^^^^^^^^^^^^^^^

warning: missing documentation for a struct field
   --> crates/library/surface/package_compiler_failure.rs:717:9
    |
717 |         cell: PackageTypeCellFact,
    |         ^^^^^^^^^^^^^^^^^^^^^^^^^

warning: missing documentation for a variant
   --> crates/library/surface/package_compiler_failure.rs:719:5
    |
719 |     Reason {
    |     ^^^^^^

warning: missing documentation for a struct field
   --> crates/library/surface/package_compiler_failure.rs:720:9
    |
720 |         actual: u32,
    |         ^^^^^^^^^^^

warning: missing documentation for a variant
   --> crates/library/surface/package_compiler_failure.rs:722:5
    |
722 |     PrimitiveShape {
    |     ^^^^^^^^^^^^^^

warning: missing documentation for a struct field
   --> crates/library/surface/package_compiler_failure.rs:723:9
    |
723 |         actual: u32,
    |         ^^^^^^^^^^^

warning: missing documentation for a variant
   --> crates/library/surface/package_compiler_failure.rs:725:5
    |
725 |     CvQualifiers {
    |     ^^^^^^^^^^^^

warning: missing documentation for a struct field
   --> crates/library/surface/package_compiler_failure.rs:726:9
    |
726 |         actual: u32,
    |         ^^^^^^^^^^^

warning: missing documentation for a variant
   --> crates/library/surface/package_compiler_failure.rs:728:5
    |
728 |     Width {
    |     ^^^^^

warning: missing documentation for a struct field
   --> crates/library/surface/package_compiler_failure.rs:729:9
    |
729 |         actual: u32,
    |         ^^^^^^^^^^^

warning: missing documentation for a variant
   --> crates/library/surface/package_compiler_failure.rs:731:5
    |
731 |     ChildCount {
    |     ^^^^^^^^^^

warning: missing documentation for a struct field
   --> crates/library/surface/package_compiler_failure.rs:732:9
    |
732 |         tag: PackageTypeTagFact,
    |         ^^^^^^^^^^^^^^^^^^^^^^^

warning: missing documentation for a struct field
   --> crates/library/surface/package_compiler_failure.rs:733:9
    |
733 |         min: u32,
    |         ^^^^^^^^

warning: missing documentation for a struct field
   --> crates/library/surface/package_compiler_failure.rs:734:9
    |
734 |         max: u32,
    |         ^^^^^^^^

warning: missing documentation for a struct field
   --> crates/library/surface/package_compiler_failure.rs:735:9
    |
735 |         actual: u32,
    |         ^^^^^^^^^^^

warning: missing documentation for a variant
   --> crates/library/surface/package_compiler_failure.rs:737:5
    |
737 |     ChildNameForbidden {
    |     ^^^^^^^^^^^^^^^^^^

warning: missing documentation for a struct field
   --> crates/library/surface/package_compiler_failure.rs:738:9
    |
738 |         tag: PackageTypeTagFact,
    |         ^^^^^^^^^^^^^^^^^^^^^^^

warning: missing documentation for a struct field
   --> crates/library/surface/package_compiler_failure.rs:739:9
    |
739 |         position: u32,
    |         ^^^^^^^^^^^^^

warning: missing documentation for a variant
   --> crates/library/surface/package_compiler_failure.rs:741:5
    |
741 |     ChildNameRequired {
    |     ^^^^^^^^^^^^^^^^^

warning: missing documentation for a struct field
   --> crates/library/surface/package_compiler_failure.rs:742:9
    |
742 |         tag: PackageTypeTagFact,
    |         ^^^^^^^^^^^^^^^^^^^^^^^

warning: missing documentation for a struct field
   --> crates/library/surface/package_compiler_failure.rs:743:9
    |
743 |         position: u32,
    |         ^^^^^^^^^^^^^

warning: missing documentation for a variant
   --> crates/library/surface/package_compiler_failure.rs:745:5
    |
745 |     ChildFlagsForbidden {
    |     ^^^^^^^^^^^^^^^^^^^

warning: missing documentation for a struct field
   --> crates/library/surface/package_compiler_failure.rs:746:9
    |
746 |         tag: PackageTypeTagFact,
    |         ^^^^^^^^^^^^^^^^^^^^^^^

warning: missing documentation for a struct field
   --> crates/library/surface/package_compiler_failure.rs:747:9
    |
747 |         position: u32,
    |         ^^^^^^^^^^^^^

warning: missing documentation for a struct field
   --> crates/library/surface/package_compiler_failure.rs:748:9
    |
748 |         actual: u8,
    |         ^^^^^^^^^^

warning: missing documentation for a variant
   --> crates/library/surface/package_compiler_failure.rs:750:5
    |
750 |     VariadicParameter {
    |     ^^^^^^^^^^^^^^^^^

warning: missing documentation for a struct field
   --> crates/library/surface/package_compiler_failure.rs:751:9
    |
751 |         position: u32,
    |         ^^^^^^^^^^^^^

warning: missing documentation for a struct field
   --> crates/library/surface/package_compiler_failure.rs:752:9
    |
752 |         actual: u8,
    |         ^^^^^^^^^^

warning: missing documentation for a variant
   --> crates/library/surface/package_compiler_failure.rs:754:5
    |
754 |     ChildTextForbidden {
    |     ^^^^^^^^^^^^^^^^^^

warning: missing documentation for a struct field
   --> crates/library/surface/package_compiler_failure.rs:755:9
    |
755 |         tag: PackageTypeTagFact,
    |         ^^^^^^^^^^^^^^^^^^^^^^^

warning: missing documentation for a struct field
   --> crates/library/surface/package_compiler_failure.rs:756:9
    |
756 |         position: u32,
    |         ^^^^^^^^^^^^^

warning: missing documentation for a variant
   --> crates/library/surface/package_compiler_failure.rs:784:5
    |
784 |     SelfType,
    |     ^^^^^^^^

warning: missing documentation for a variant
   --> crates/library/surface/package_compiler_failure.rs:785:5
    |
785 |     Primitive,
    |     ^^^^^^^^^

warning: missing documentation for a variant
   --> crates/library/surface/package_compiler_failure.rs:786:5
    |
786 |     Tuple,
    |     ^^^^^

warning: missing documentation for a variant
   --> crates/library/surface/package_compiler_failure.rs:787:5
    |
787 |     Slice,
    |     ^^^^^

warning: missing documentation for a variant
   --> crates/library/surface/package_compiler_failure.rs:788:5
    |
788 |     Array,
    |     ^^^^^

warning: missing documentation for a variant
   --> crates/library/surface/package_compiler_failure.rs:789:5
    |
789 |     Union,
    |     ^^^^^

warning: missing documentation for a variant
   --> crates/library/surface/package_compiler_failure.rs:790:5
    |
790 |     Intersection,
    |     ^^^^^^^^^^^^

warning: missing documentation for a variant
   --> crates/library/surface/package_compiler_failure.rs:791:5
    |
791 |     Never,
    |     ^^^^^

warning: missing documentation for a variant
   --> crates/library/surface/package_compiler_failure.rs:792:5
    |
792 |     Any,
    |     ^^^

warning: missing documentation for a variant
   --> crates/library/surface/package_compiler_failure.rs:793:5
    |
793 |     Unknown,
    |     ^^^^^^^

warning: missing documentation for a variant
   --> crates/library/surface/package_compiler_failure.rs:794:5
    |
794 |     Nominal,
    |     ^^^^^^^

warning: missing documentation for a variant
   --> crates/library/surface/package_compiler_failure.rs:795:5
    |
795 |     Apply,
    |     ^^^^^

warning: missing documentation for a variant
   --> crates/library/surface/package_compiler_failure.rs:796:5
    |
796 |     TypeVar,
    |     ^^^^^^^

warning: missing documentation for a variant
   --> crates/library/surface/package_compiler_failure.rs:797:5
    |
797 |     Wildcard,
    |     ^^^^^^^^

warning: missing documentation for a variant
   --> crates/library/surface/package_compiler_failure.rs:798:5
    |
798 |     FunctionPointer,
    |     ^^^^^^^^^^^^^^^

warning: missing documentation for a variant
   --> crates/library/surface/package_compiler_failure.rs:799:5
    |
799 |     Annotated,
    |     ^^^^^^^^^

warning: missing documentation for a variant
   --> crates/library/surface/package_compiler_failure.rs:800:5
    |
800 |     Conditional,
    |     ^^^^^^^^^^^

warning: missing documentation for a variant
   --> crates/library/surface/package_compiler_failure.rs:801:5
    |
801 |     Mapped,
    |     ^^^^^^

warning: missing documentation for a variant
   --> crates/library/surface/package_compiler_failure.rs:802:5
    |
802 |     TemplateLiteral,
    |     ^^^^^^^^^^^^^^^

warning: missing documentation for a variant
   --> crates/library/surface/package_compiler_failure.rs:803:5
    |
803 |     AnonymousRecord,
    |     ^^^^^^^^^^^^^^^

warning: missing documentation for a variant
   --> crates/library/surface/package_compiler_failure.rs:804:5
    |
804 |     ImplTrait,
    |     ^^^^^^^^^

warning: missing documentation for a variant
   --> crates/library/surface/package_compiler_failure.rs:805:5
    |
805 |     DynTrait,
    |     ^^^^^^^^

warning: missing documentation for a variant
   --> crates/library/surface/package_compiler_failure.rs:806:5
    |
806 |     Inferred,
    |     ^^^^^^^^

warning: missing documentation for a variant
   --> crates/library/surface/package_compiler_failure.rs:807:5
    |
807 |     QualifiedPath,
    |     ^^^^^^^^^^^^^

warning: missing documentation for a variant
   --> crates/library/surface/package_compiler_failure.rs:808:5
    |
808 |     Map,
    |     ^^^

warning: missing documentation for a variant
   --> crates/library/surface/package_compiler_failure.rs:809:5
    |
809 |     Channel,
    |     ^^^^^^^

warning: missing documentation for a variant
   --> crates/library/surface/package_compiler_failure.rs:810:5
    |
810 |     ArraySequence,
    |     ^^^^^^^^^^^^^

warning: missing documentation for a variant
   --> crates/library/surface/package_compiler_failure.rs:811:5
    |
811 |     ArrayRectangular,
    |     ^^^^^^^^^^^^^^^^

warning: missing documentation for a variant
   --> crates/library/surface/package_compiler_failure.rs:812:5
    |
812 |     ArrayFixed,
    |     ^^^^^^^^^^

warning: missing documentation for a variant
   --> crates/library/surface/package_compiler_failure.rs:813:5
    |
813 |     ArrayConstExpression,
    |     ^^^^^^^^^^^^^^^^^^^^

warning: missing documentation for a variant
   --> crates/library/surface/package_compiler_failure.rs:814:5
    |
814 |     ArrayIncomplete,
    |     ^^^^^^^^^^^^^^^

warning: missing documentation for a variant
   --> crates/library/surface/package_compiler_failure.rs:815:5
    |
815 |     CQualified,
    |     ^^^^^^^^^^

warning: missing documentation for a variant
   --> crates/library/surface/package_compiler_failure.rs:816:5
    |
816 |     KeyOf,
    |     ^^^^^

warning: missing documentation for a variant
   --> crates/library/surface/package_compiler_failure.rs:817:5
    |
817 |     IndexedAccess,
    |     ^^^^^^^^^^^^^

warning: missing documentation for a variant
   --> crates/library/surface/package_compiler_failure.rs:818:5
    |
818 |     TypeOf,
    |     ^^^^^^

warning: missing documentation for a variant
   --> crates/library/surface/package_compiler_failure.rs:825:5
    |
825 |     Payload0,
    |     ^^^^^^^^

warning: missing documentation for a variant
   --> crates/library/surface/package_compiler_failure.rs:826:5
    |
826 |     Payload1,
    |     ^^^^^^^^

warning: missing documentation for a variant
   --> crates/library/surface/package_compiler_failure.rs:827:5
    |
827 |     Text,
    |     ^^^^

warning: missing documentation for a variant
   --> crates/library/surface/package_compiler_failure.rs:828:5
    |
828 |     Text2,
    |     ^^^^^

warning: missing documentation for a variant
   --> crates/library/surface/package_compiler_failure.rs:829:5
    |
829 |     Nominal,
    |     ^^^^^^^

warning: missing documentation for a variant
   --> crates/library/surface/package_compiler_failure.rs:837:5
    |
837 |     EmptyName,
    |     ^^^^^^^^^

warning: missing documentation for a variant
   --> crates/library/surface/package_compiler_failure.rs:838:5
    |
838 |     AnonymousCallableAnchor {
    |     ^^^^^^^^^^^^^^^^^^^^^^^

warning: missing documentation for a struct field
   --> crates/library/surface/package_compiler_failure.rs:839:9
    |
839 |         cause: PackageAnonymousCallableAnchorFaultFacts,
    |         ^^^^^^^^^^^^^^^^^^^^^^^^^^^^^^^^^^^^^^^^^^^^^^^

warning: missing documentation for a variant
   --> crates/library/surface/package_compiler_failure.rs:841:5
    |
841 |     AnonymousCallableAnchorPoolCapacity {
    |     ^^^^^^^^^^^^^^^^^^^^^^^^^^^^^^^^^^^

warning: missing documentation for a struct field
   --> crates/library/surface/package_compiler_failure.rs:842:9
    |
842 |         pool: PackageAnonymousCallableAnchorPoolFact,
    |         ^^^^^^^^^^^^^^^^^^^^^^^^^^^^^^^^^^^^^^^^^^^^

warning: missing documentation for a struct field
   --> crates/library/surface/package_compiler_failure.rs:843:9
    |
843 |         used: u64,
    |         ^^^^^^^^^

warning: missing documentation for a struct field
   --> crates/library/surface/package_compiler_failure.rs:844:9
    |
844 |         requested: u64,
    |         ^^^^^^^^^^^^^^

warning: missing documentation for a struct field
   --> crates/library/surface/package_compiler_failure.rs:845:9
    |
845 |         capacity: u64,
    |         ^^^^^^^^^^^^^

warning: missing documentation for a variant
   --> crates/library/surface/package_compiler_failure.rs:847:5
    |
847 |     Capacity,
    |     ^^^^^^^^

warning: missing documentation for a variant
   --> crates/library/surface/package_compiler_failure.rs:848:5
    |
848 |     ChildCapacity,
    |     ^^^^^^^^^^^^^

warning: missing documentation for a variant
   --> crates/library/surface/package_compiler_failure.rs:849:5
    |
849 |     ProductChildPoolCapacity {
    |     ^^^^^^^^^^^^^^^^^^^^^^^^

warning: missing documentation for a struct field
   --> crates/library/surface/package_compiler_failure.rs:850:9
    |
850 |         used: u64,
    |         ^^^^^^^^^

warning: missing documentation for a struct field
   --> crates/library/surface/package_compiler_failure.rs:851:9
    |
851 |         requested: u64,
    |         ^^^^^^^^^^^^^^

warning: missing documentation for a struct field
   --> crates/library/surface/package_compiler_failure.rs:852:9
    |
852 |         capacity: u64,
    |         ^^^^^^^^^^^^^

warning: missing documentation for a variant
   --> crates/library/surface/package_compiler_failure.rs:854:5
    |
854 |     Constructor {
    |     ^^^^^^^^^^^

warning: missing documentation for a struct field
   --> crates/library/surface/package_compiler_failure.rs:855:9
    |
855 |         cause: PackageProjectionConstructorFaultFacts,
    |         ^^^^^^^^^^^^^^^^^^^^^^^^^^^^^^^^^^^^^^^^^^^^^

warning: missing documentation for a variant
   --> crates/library/surface/package_compiler_failure.rs:857:5
    |
857 |     ChildRole {
    |     ^^^^^^^^^

warning: missing documentation for a struct field
   --> crates/library/surface/package_compiler_failure.rs:858:9
    |
858 |         position: u64,
    |         ^^^^^^^^^^^^^

warning: missing documentation for a struct field
   --> crates/library/surface/package_compiler_failure.rs:859:9
    |
859 |         expected: u8,
    |         ^^^^^^^^^^^^

warning: missing documentation for a struct field
   --> crates/library/surface/package_compiler_failure.rs:860:9
    |
860 |         actual: u8,
    |         ^^^^^^^^^^

warning: missing documentation for a variant
   --> crates/library/surface/package_compiler_failure.rs:862:5
    |
862 |     ChildTarget {
    |     ^^^^^^^^^^^

warning: missing documentation for a struct field
   --> crates/library/surface/package_compiler_failure.rs:863:9
    |
863 |         position: u64,
    |         ^^^^^^^^^^^^^

warning: missing documentation for a struct field
   --> crates/library/surface/package_compiler_failure.rs:864:9
    |
864 |         target: u32,
    |         ^^^^^^^^^^^

warning: missing documentation for a struct field
   --> crates/library/surface/package_compiler_failure.rs:865:9
    |
865 |         fact_count: u64,
    |         ^^^^^^^^^^^^^^^

warning: missing documentation for a variant
   --> crates/library/surface/package_compiler_failure.rs:867:5
    |
867 |     TypeRecord {
    |     ^^^^^^^^^^

warning: missing documentation for a struct field
   --> crates/library/surface/package_compiler_failure.rs:868:9
    |
868 |         cause: PackageProjectionSemanticTypeFaultFacts,
    |         ^^^^^^^^^^^^^^^^^^^^^^^^^^^^^^^^^^^^^^^^^^^^^^

warning: missing documentation for a variant
   --> crates/library/surface/package_compiler_failure.rs:870:5
    |
870 |     TypeChild {
    |     ^^^^^^^^^

warning: missing documentation for a struct field
   --> crates/library/surface/package_compiler_failure.rs:871:9
    |
871 |         position: u64,
    |         ^^^^^^^^^^^^^

warning: missing documentation for a struct field
   --> crates/library/surface/package_compiler_failure.rs:872:9
    |
872 |         cause: PackageProjectionSemanticTypeFaultFacts,
    |         ^^^^^^^^^^^^^^^^^^^^^^^^^^^^^^^^^^^^^^^^^^^^^^

warning: missing documentation for a variant
   --> crates/library/surface/package_compiler_failure.rs:874:5
    |
874 |     TypeChildTarget {
    |     ^^^^^^^^^^^^^^^

warning: missing documentation for a struct field
   --> crates/library/surface/package_compiler_failure.rs:875:9
    |
875 |         position: u64,
    |         ^^^^^^^^^^^^^

warning: missing documentation for a struct field
   --> crates/library/surface/package_compiler_failure.rs:876:9
    |
876 |         target: u32,
    |         ^^^^^^^^^^^

warning: missing documentation for a struct field
   --> crates/library/surface/package_compiler_failure.rs:877:9
    |
877 |         fact_count: u64,
    |         ^^^^^^^^^^^^^^^

warning: missing documentation for a variant
   --> crates/library/surface/package_compiler_failure.rs:879:5
    |
879 |     TypeChildCapacity,
    |     ^^^^^^^^^^^^^^^^^

warning: missing documentation for a variant
   --> crates/library/surface/package_compiler_failure.rs:880:5
    |
880 |     TypeChildPoolCapacity {
    |     ^^^^^^^^^^^^^^^^^^^^^

warning: missing documentation for a struct field
   --> crates/library/surface/package_compiler_failure.rs:881:9
    |
881 |         lane: u8,
    |         ^^^^^^^^

warning: missing documentation for a struct field
   --> crates/library/surface/package_compiler_failure.rs:882:9
    |
882 |         used: u64,
    |         ^^^^^^^^^

warning: missing documentation for a struct field
   --> crates/library/surface/package_compiler_failure.rs:883:9
    |
883 |         requested: u64,
    |         ^^^^^^^^^^^^^^

warning: missing documentation for a struct field
   --> crates/library/surface/package_compiler_failure.rs:884:9
    |
884 |         capacity: u64,
    |         ^^^^^^^^^^^^^

warning: missing documentation for a variant
   --> crates/library/surface/package_compiler_failure.rs:886:5
    |
886 |     TypeRowCapacity,
    |     ^^^^^^^^^^^^^^^

warning: missing documentation for a variant
   --> crates/library/surface/package_compiler_failure.rs:887:5
    |
887 |     ComputedRowCapacity,
    |     ^^^^^^^^^^^^^^^^^^^

warning: missing documentation for a variant
   --> crates/library/surface/package_compiler_failure.rs:888:5
    |
888 |     TypeProjectionDepthLimit {
    |     ^^^^^^^^^^^^^^^^^^^^^^^^

warning: missing documentation for a struct field
   --> crates/library/surface/package_compiler_failure.rs:889:9
    |
889 |         depth: u64,
    |         ^^^^^^^^^^

warning: missing documentation for a struct field
   --> crates/library/surface/package_compiler_failure.rs:890:9
    |
890 |         maximum: u64,
    |         ^^^^^^^^^^^^

warning: missing documentation for a variant
   --> crates/library/surface/package_compiler_failure.rs:892:5
    |
892 |     TypeProjectionCycle {
    |     ^^^^^^^^^^^^^^^^^^^

warning: missing documentation for a struct field
   --> crates/library/surface/package_compiler_failure.rs:893:9
    |
893 |         type_id: u32,
    |         ^^^^^^^^^^^^

warning: missing documentation for a variant
   --> crates/library/surface/package_compiler_failure.rs:895:5
    |
895 |     TypeProjectionRecursiveReference {
    |     ^^^^^^^^^^^^^^^^^^^^^^^^^^^^^^^^

warning: missing documentation for a struct field
   --> crates/library/surface/package_compiler_failure.rs:896:9
    |
896 |         distance: u32,
    |         ^^^^^^^^^^^^^

warning: missing documentation for a variant
   --> crates/library/surface/package_compiler_failure.rs:898:5
    |
898 |     TypeProjectionWidth {
    |     ^^^^^^^^^^^^^^^^^^^

warning: missing documentation for a struct field
   --> crates/library/surface/package_compiler_failure.rs:899:9
    |
899 |         actual: u64,
    |         ^^^^^^^^^^^

warning: missing documentation for a struct field
   --> crates/library/surface/package_compiler_failure.rs:900:9
    |
900 |         maximum: u64,
    |         ^^^^^^^^^^^^

warning: missing documentation for a variant
   --> crates/library/surface/package_compiler_failure.rs:902:5
    |
902 |     OccurrenceOwner {
    |     ^^^^^^^^^^^^^^^

warning: missing documentation for a struct field
   --> crates/library/surface/package_compiler_failure.rs:903:9
    |
903 |         owner: u32,
    |         ^^^^^^^^^^

warning: missing documentation for a struct field
   --> crates/library/surface/package_compiler_failure.rs:904:9
    |
904 |         fact_count: u64,
    |         ^^^^^^^^^^^^^^^

warning: missing documentation for a variant
   --> crates/library/surface/package_compiler_failure.rs:906:5
    |
906 |     OccurrenceCapacity,
    |     ^^^^^^^^^^^^^^^^^^

warning: missing documentation for a variant
   --> crates/library/surface/package_compiler_failure.rs:907:5
    |
907 |     DocOwner {
    |     ^^^^^^^^

warning: missing documentation for a struct field
   --> crates/library/surface/package_compiler_failure.rs:908:9
    |
908 |         owner: u32,
    |         ^^^^^^^^^^

warning: missing documentation for a struct field
   --> crates/library/surface/package_compiler_failure.rs:909:9
    |
909 |         fact_count: u64,
    |         ^^^^^^^^^^^^^^^

warning: missing documentation for a variant
   --> crates/library/surface/package_compiler_failure.rs:911:5
    |
911 |     DocCapacity,
    |     ^^^^^^^^^^^

warning: missing documentation for a variant
   --> crates/library/surface/package_compiler_failure.rs:912:5
    |
912 |     ExtensionAtomCapacity,
    |     ^^^^^^^^^^^^^^^^^^^^^

warning: missing documentation for a variant
   --> crates/library/surface/package_compiler_failure.rs:913:5
    |
913 |     TypeParameterCapacity,
    |     ^^^^^^^^^^^^^^^^^^^^^

warning: missing documentation for a variant
   --> crates/library/surface/package_compiler_failure.rs:914:5
    |
914 |     TypeParameterBoundCapacity {
    |     ^^^^^^^^^^^^^^^^^^^^^^^^^^

warning: missing documentation for a struct field
   --> crates/library/surface/package_compiler_failure.rs:915:9
    |
915 |         requested: u64,
    |         ^^^^^^^^^^^^^^

warning: missing documentation for a struct field
   --> crates/library/surface/package_compiler_failure.rs:916:9
    |
916 |         available: u64,
    |         ^^^^^^^^^^^^^^

warning: missing documentation for a variant
   --> crates/library/surface/package_compiler_failure.rs:918:5
    |
918 |     RefListCapacity,
    |     ^^^^^^^^^^^^^^^

warning: missing documentation for a variant
   --> crates/library/surface/package_compiler_failure.rs:919:5
    |
919 |     RefListElements,
    |     ^^^^^^^^^^^^^^^

warning: missing documentation for a variant
   --> crates/library/surface/package_compiler_failure.rs:920:5
    |
920 |     RefTarget {
    |     ^^^^^^^^^

warning: missing documentation for a struct field
   --> crates/library/surface/package_compiler_failure.rs:921:9
    |
921 |         lane: u8,
    |         ^^^^^^^^

warning: missing documentation for a struct field
   --> crates/library/surface/package_compiler_failure.rs:922:9
    |
922 |         raw: u32,
    |         ^^^^^^^^

warning: missing documentation for a struct field
   --> crates/library/surface/package_compiler_failure.rs:923:9
    |
923 |         fact_count: u64,
    |         ^^^^^^^^^^^^^^^

warning: missing documentation for a variant
   --> crates/library/surface/package_compiler_failure.rs:925:5
    |
925 |     SourceSpan {
    |     ^^^^^^^^^^

warning: missing documentation for a struct field
   --> crates/library/surface/package_compiler_failure.rs:926:9
    |
926 |         entity: u32,
    |         ^^^^^^^^^^^

warning: missing documentation for a struct field
   --> crates/library/surface/package_compiler_failure.rs:927:9
    |
927 |         start: u32,
    |         ^^^^^^^^^^

warning: missing documentation for a struct field
   --> crates/library/surface/package_compiler_failure.rs:928:9
    |
928 |         end: u32,
    |         ^^^^^^^^

warning: missing documentation for a struct field
   --> crates/library/surface/package_compiler_failure.rs:929:9
    |
929 |         source_len: u32,
    |         ^^^^^^^^^^^^^^^

warning: missing documentation for a variant
   --> crates/library/surface/package_compiler_failure.rs:931:5
    |
931 |     ConflictingSourceSpan {
    |     ^^^^^^^^^^^^^^^^^^^^^

warning: missing documentation for a struct field
   --> crates/library/surface/package_compiler_failure.rs:932:9
    |
932 |         entity: u32,
    |         ^^^^^^^^^^^

warning: missing documentation for a struct field
   --> crates/library/surface/package_compiler_failure.rs:933:9
    |
933 |         existing_start: u32,
    |         ^^^^^^^^^^^^^^^^^^^

warning: missing documentation for a struct field
   --> crates/library/surface/package_compiler_failure.rs:934:9
    |
934 |         existing_end: u32,
    |         ^^^^^^^^^^^^^^^^^

warning: missing documentation for a struct field
   --> crates/library/surface/package_compiler_failure.rs:935:9
    |
935 |         requested_start: u32,
    |         ^^^^^^^^^^^^^^^^^^^^

warning: missing documentation for a struct field
   --> crates/library/surface/package_compiler_failure.rs:936:9
    |
936 |         requested_end: u32,
    |         ^^^^^^^^^^^^^^^^^^

warning: missing documentation for a variant
   --> crates/library/surface/package_compiler_failure.rs:938:5
    |
938 |     ConflictingParentage {
    |     ^^^^^^^^^^^^^^^^^^^^

warning: missing documentation for a struct field
   --> crates/library/surface/package_compiler_failure.rs:939:9
    |
939 |         entity: u32,
    |         ^^^^^^^^^^^

warning: missing documentation for a struct field
   --> crates/library/surface/package_compiler_failure.rs:940:9
    |
940 |         existing: PackageParentageFact,
    |         ^^^^^^^^^^^^^^^^^^^^^^^^^^^^^^

warning: missing documentation for a struct field
   --> crates/library/surface/package_compiler_failure.rs:941:9
    |
941 |         requested: PackageParentageFact,
    |         ^^^^^^^^^^^^^^^^^^^^^^^^^^^^^^^

warning: missing documentation for a variant
   --> crates/library/surface/package_compiler_failure.rs:943:5
    |
943 |     ConflictingMemberInventory {
    |     ^^^^^^^^^^^^^^^^^^^^^^^^^^

warning: missing documentation for a struct field
   --> crates/library/surface/package_compiler_failure.rs:944:9
    |
944 |         entity: u32,
    |         ^^^^^^^^^^^

warning: missing documentation for a struct field
   --> crates/library/surface/package_compiler_failure.rs:945:9
    |
945 |         existing_count: u64,
    |         ^^^^^^^^^^^^^^^^^^^

warning: missing documentation for a struct field
   --> crates/library/surface/package_compiler_failure.rs:946:9
    |
946 |         requested_count: u64,
    |         ^^^^^^^^^^^^^^^^^^^^

warning: missing documentation for a struct field
   --> crates/library/surface/package_compiler_failure.rs:947:9
    |
947 |         first_difference: u64,
    |         ^^^^^^^^^^^^^^^^^^^^^

warning: missing documentation for a struct field
   --> crates/library/surface/package_compiler_failure.rs:948:9
    |
948 |         existing_member: Option<u32>,
    |         ^^^^^^^^^^^^^^^^^^^^^^^^^^^^

warning: missing documentation for a struct field
   --> crates/library/surface/package_compiler_failure.rs:949:9
    |
949 |         requested_member: Option<u32>,
    |         ^^^^^^^^^^^^^^^^^^^^^^^^^^^^^

warning: missing documentation for a variant
    --> crates/library/surface/package_compiler_failure.rs:1045:5
     |
1045 |     Unavailable,
     |     ^^^^^^^^^^^

warning: missing documentation for a variant
    --> crates/library/surface/package_compiler_failure.rs:1046:5
     |
1046 |     Root,
     |     ^^^^

warning: missing documentation for a variant
    --> crates/library/surface/package_compiler_failure.rs:1047:5
     |
1047 |     Bound { parent: u32 },
     |     ^^^^^

warning: missing documentation for a struct field
    --> crates/library/surface/package_compiler_failure.rs:1047:13
     |
1047 |     Bound { parent: u32 },
     |             ^^^^^^^^^^^

warning: missing documentation for a variant
    --> crates/library/surface/package_compiler_failure.rs:1048:5
     |
1048 |     UnrepresentedAuthorityOwner { identity: [u8; 16] },
     |     ^^^^^^^^^^^^^^^^^^^^^^^^^^^

warning: missing documentation for a struct field
    --> crates/library/surface/package_compiler_failure.rs:1048:35
     |
1048 |     UnrepresentedAuthorityOwner { identity: [u8; 16] },
     |                                   ^^^^^^^^^^^^^^^^^^

warning: missing documentation for a variant
    --> crates/library/surface/package_compiler_failure.rs:1055:5
     |
1055 |     EmptyPath,
     |     ^^^^^^^^^

warning: missing documentation for a variant
    --> crates/library/surface/package_compiler_failure.rs:1056:5
     |
1056 |     BackslashInPath,
     |     ^^^^^^^^^^^^^^^

warning: missing documentation for a variant
    --> crates/library/surface/package_compiler_failure.rs:1063:5
     |
1063 |     EmptyEcosystem,
     |     ^^^^^^^^^^^^^^

warning: missing documentation for a variant
    --> crates/library/surface/package_compiler_failure.rs:1064:5
     |
1064 |     EmptyPackage,
     |     ^^^^^^^^^^^^

warning: missing documentation for a variant
    --> crates/library/surface/package_compiler_failure.rs:1065:5
     |
1065 |     SeparatorInEcosystem,
     |     ^^^^^^^^^^^^^^^^^^^^

warning: missing documentation for a variant
    --> crates/library/surface/package_compiler_failure.rs:1066:5
     |
1066 |     SeparatorInPackage,
     |     ^^^^^^^^^^^^^^^^^^

warning: missing documentation for a variant
    --> crates/library/surface/package_compiler_failure.rs:1067:5
     |
1067 |     BackslashEcosystem,
     |     ^^^^^^^^^^^^^^^^^^

warning: missing documentation for a variant
    --> crates/library/surface/package_compiler_failure.rs:1068:5
     |
1068 |     BackslashPackage,
     |     ^^^^^^^^^^^^^^^^

warning: missing documentation for a variant
    --> crates/library/surface/package_compiler_failure.rs:1069:5
     |
1069 |     BackslashInvalid { segment: u8 },
     |     ^^^^^^^^^^^^^^^^

warning: missing documentation for a struct field
    --> crates/library/surface/package_compiler_failure.rs:1069:24
     |
1069 |     BackslashInvalid { segment: u8 },
     |                        ^^^^^^^^^^^

       Fresh bon v3.10.1
       Fresh trustfall_core v0.8.1 (https://github.com/philocalyst/trustfall?rev=5a0a8607fc5d972380437289b9a4ad1aa5150b09#5a0a8607)
       Fresh paste v1.0.15
       Fresh oxc_ast_visit v0.139.0
       Dirty tsz-emitter v0.1.75 (/Users/rmccrar6/codex-worktrees/luna-index-projection-fastpath-7382-20261008/third_party/tsz/crates/tsz-emitter): the dependency `tsz-binder` was rebuilt
   Compiling tsz-emitter v0.1.75 (/Users/rmccrar6/codex-worktrees/luna-index-projection-fastpath-7382-20261008/third_party/tsz/crates/tsz-emitter)
     Running `/nix/store/ff5chd1i7bm0d7ki0ahkbkgwij973qvx-rust-1.97.1-with-components-2026-07-16/bin/rustc --crate-name tsz_emitter --edition=2024 third_party/tsz/crates/tsz-emitter/src/lib.rs --error-format=json --json=diagnostic-rendered-ansi,artifacts,future-incompat --crate-type lib --emit=dep-info,metadata,link -C embed-bitcode=no -C debuginfo=1 -C split-debuginfo=unpacked '--deny=clippy::style' --warn=rust_2024_compatibility '--deny=clippy::perf' '--deny=clippy::correctness' '--deny=clippy::complexity' --warn=unsafe_code '--warn=clippy::uninlined_format_args' '--warn=clippy::redundant_clone' '--deny=clippy::print_stderr' '--warn=clippy::missing_const_for_fn' '--warn=clippy::match_same_arms' '--deny=clippy::get_unwrap' '--warn=clippy::empty_structs_with_brackets' '--warn=clippy::doc_markdown' '--deny=clippy::dbg_macro' --check-cfg 'cfg(docsrs,test)' --check-cfg 'cfg(feature, values("default", "dts"))' -C metadata=7adad605e3e05a56 -C extra-filename=-3093c661253310d6 --out-dir /Users/rmccrar6/codex-worktrees/luna-clippy-warning-cleanup-20261007/.local/build/clippy-current-canonical-20261007/debug/deps -L dependency=/Users/rmccrar6/codex-worktrees/luna-clippy-warning-cleanup-20261007/.local/build/clippy-current-canonical-20261007/debug/deps --extern memchr=/Users/rmccrar6/codex-worktrees/luna-clippy-warning-cleanup-20261007/.local/build/clippy-current-canonical-20261007/debug/deps/libmemchr-615ba70f46cfaf0b.rmeta --extern rustc_hash=/Users/rmccrar6/codex-worktrees/luna-clippy-warning-cleanup-20261007/.local/build/clippy-current-canonical-20261007/debug/deps/librustc_hash-6d4a76cf86ae4a83.rmeta --extern serde_json=/Users/rmccrar6/codex-worktrees/luna-clippy-warning-cleanup-20261007/.local/build/clippy-current-canonical-20261007/debug/deps/libserde_json-5519587ec51e9b8e.rmeta --extern tracing=/Users/rmccrar6/codex-worktrees/luna-clippy-warning-cleanup-20261007/.local/build/clippy-current-canonical-20261007/debug/deps/libtracing-fc6cdc27b6ad5abf.rmeta --extern tsz_binder=/Users/rmccrar6/codex-worktrees/luna-clippy-warning-cleanup-20261007/.local/build/clippy-current-canonical-20261007/debug/deps/libtsz_binder-67b8cb9f551919a8.rmeta --extern tsz_common=/Users/rmccrar6/codex-worktrees/luna-clippy-warning-cleanup-20261007/.local/build/clippy-current-canonical-20261007/debug/deps/libtsz_common-1f4b1817df500634.rmeta --extern tsz_parser=/Users/rmccrar6/codex-worktrees/luna-clippy-warning-cleanup-20261007/.local/build/clippy-current-canonical-20261007/debug/deps/libtsz_parser-3187c4a1d05d404a.rmeta --extern tsz_scanner=/Users/rmccrar6/codex-worktrees/luna-clippy-warning-cleanup-20261007/.local/build/clippy-current-canonical-20261007/debug/deps/libtsz_scanner-b807966a8a9401ff.rmeta --extern tsz_solver=/Users/rmccrar6/codex-worktrees/luna-clippy-warning-cleanup-20261007/.local/build/clippy-current-canonical-20261007/debug/deps/libtsz_solver-d38f37cc02536a64.rmeta -L native=/Users/rmccrar6/codex-worktrees/luna-clippy-warning-cleanup-20261007/.local/build/clippy-current-canonical-20261007/debug/build/psm-b63d05f5e99d8d91/out`
warning: method `contains_unnameable_self_referential_application` is never used
   --> third_party/tsz/crates/tsz-emitter/src/emitter/types/printer/type_printing.rs:783:19
    |
 51 | impl<'a> TypePrinter<'a> {
    | ------------------------ method in this implementation
...
783 |     pub(crate) fn contains_unnameable_self_referential_application(&self, type_id: TypeId) -> bool {
    |                   ^^^^^^^^^^^^^^^^^^^^^^^^^^^^^^^^^^^^^^^^^^^^^^^^
    |
    = note: `#[warn(dead_code)]` (part of `#[warn(unused)]`) on by default

warning: `tsz-emitter` (lib) generated 1 warning
       Fresh ra_ap_proc_macro_api v0.0.341
       Fresh pyrefly_graph v1.2.0-dev.1 (https://github.com/facebook/pyrefly?rev=30b5ca5250db9f2d9264d5e889662cf1224a75b7#30b5ca52)
       Fresh iroh-io v0.6.2
       Fresh ra_ap_vfs-notify v0.0.341
       Fresh ruff_annotate_snippets v0.1.0 (https://github.com/astral-sh/ruff/?rev=db5aa0a5f1b92cb91d910bf0866a967554dd94f5#db5aa0a5)
       Fresh lru v0.16.4
       Fresh backon v1.6.0
       Fresh fuzzy-matcher v0.3.7
       Fresh measure_time v0.9.0
       Fresh version-ranges v0.1.3
       Fresh rust-stemmers v1.2.0
       Fresh sketches-ddsketch v0.4.1
       Fresh tantivy-tokenizer-api v0.7.0
       Fresh trustfall_derive v0.3.1 (https://github.com/philocalyst/trustfall?rev=5a0a8607fc5d972380437289b9a4ad1aa5150b09#5a0a8607)
       Fresh positioned-io v0.3.5
       Fresh unscanny v0.1.0
       Fresh seq-macro v0.3.6
       Fresh lz4_flex v0.13.1
       Fresh census v0.4.2
       Fresh levenshtein_automata v0.2.1
       Dirty backend-frontend-go v0.2.0 (/Users/rmccrar6/codex-worktrees/luna-index-projection-fastpath-7382-20261008/frontends/go): the file `frontends/go/build.rs` has changed (1791452499.529930443s, 3h 9m 20s after last build at 1791441139.573929523s)
   Compiling backend-frontend-go v0.2.0 (/Users/rmccrar6/codex-worktrees/luna-index-projection-fastpath-7382-20261008/frontends/go)
     Running `/nix/store/ff5chd1i7bm0d7ki0ahkbkgwij973qvx-rust-1.97.1-with-components-2026-07-16/bin/rustc --crate-name build_script_build --edition=2024 frontends/go/build.rs --error-format=json --json=diagnostic-rendered-ansi,artifacts,future-incompat --crate-type bin --emit=dep-info,link -C embed-bitcode=no '--warn=clippy::pedantic' '--warn=clippy::all' '--deny=clippy::unwrap_used' --warn=unused_qualifications --warn=unused_lifetimes --deny=unsafe_code --warn=unreachable_pub '--deny=clippy::unimplemented' '--deny=clippy::todo' '--warn=clippy::panic' --warn=missing_docs '--deny=clippy::mem_forget' '--warn=clippy::expect_used' '--deny=clippy::dbg_macro' --check-cfg 'cfg(docsrs,test)' --check-cfg 'cfg(feature, values())' -C metadata=7f2aeb6adb9a6148 -C extra-filename=-0f662c45218ab65c --out-dir /Users/rmccrar6/codex-worktrees/luna-clippy-warning-cleanup-20261007/.local/build/clippy-current-canonical-20261007/debug/build/backend-frontend-go-0f662c45218ab65c -L dependency=/Users/rmccrar6/codex-worktrees/luna-clippy-warning-cleanup-20261007/.local/build/clippy-current-canonical-20261007/debug/deps`
       Fresh capnp v0.25.6
       Fresh xxhash-rust v0.8.19
       Fresh faster-hex v0.6.1
       Fresh htmlescape v0.3.1
       Fresh datasketches v0.2.0
       Fresh oneshot v0.1.13
       Fresh tantivy v0.26.2
     Running `/nix/store/ff5chd1i7bm0d7ki0ahkbkgwij973qvx-rust-1.97.1-with-components-2026-07-16/bin/rustc --crate-name pyrefly --edition=2024 vendor/pyrefly_native_1_2/lib/lib.rs --error-format=json --json=diagnostic-rendered-ansi,artifacts,future-incompat --crate-type lib --emit=dep-info,metadata,link -C embed-bitcode=no -C debuginfo=1 -C split-debuginfo=unpacked --warn=unexpected_cfgs --check-cfg 'cfg(fbcode_build)' --cfg 'feature="default"' --check-cfg 'cfg(docsrs,test)' --check-cfg 'cfg(feature, values("debug-stack-overflow", "default"))' -C metadata=466348aa6acabd9a -C extra-filename=-56da7c77a93ea25c --out-dir /Users/rmccrar6/codex-worktrees/luna-clippy-warning-cleanup-20261007/.local/build/clippy-current-canonical-20261007/debug/deps -L dependency=/Users/rmccrar6/codex-worktrees/luna-clippy-warning-cleanup-20261007/.local/build/clippy-current-canonical-20261007/debug/deps --extern anstream=/Users/rmccrar6/codex-worktrees/luna-clippy-warning-cleanup-20261007/.local/build/clippy-current-canonical-20261007/debug/deps/libanstream-c0bf712626c2c6ba.rmeta --extern anyhow=/Users/rmccrar6/codex-worktrees/luna-clippy-warning-cleanup-20261007/.local/build/clippy-current-canonical-20261007/debug/deps/libanyhow-9ee99c72b6cfcb4f.rmeta --extern arc_swap=/Users/rmccrar6/codex-worktrees/luna-clippy-warning-cleanup-20261007/.local/build/clippy-current-canonical-20261007/debug/deps/libarc_swap-08027a5b860e9ca0.rmeta --extern blake3=/Users/rmccrar6/codex-worktrees/luna-clippy-warning-cleanup-20261007/.local/build/clippy-current-canonical-20261007/debug/deps/libblake3-4f44f49a9a64a61d.rmeta --extern capnp=/Users/rmccrar6/codex-worktrees/luna-clippy-warning-cleanup-20261007/.local/build/clippy-current-canonical-20261007/debug/deps/libcapnp-6ec17a9889f486ee.rmeta --extern clap=/Users/rmccrar6/codex-worktrees/luna-clippy-warning-cleanup-20261007/.local/build/clippy-current-canonical-20261007/debug/deps/libclap-3cab868397d0ed04.rmeta --extern crossbeam_channel=/Users/rmccrar6/codex-worktrees/luna-clippy-warning-cleanup-20261007/.local/build/clippy-current-canonical-20261007/debug/deps/libcrossbeam_channel-3675dee79af021cd.rmeta --extern dashmap=/Users/rmccrar6/codex-worktrees/luna-clippy-warning-cleanup-20261007/.local/build/clippy-current-canonical-20261007/debug/deps/libdashmap-fc5fa8255cb99b04.rmeta --extern dupe=/Users/rmccrar6/codex-worktrees/luna-clippy-warning-cleanup-20261007/.local/build/clippy-current-canonical-20261007/debug/deps/libdupe-b3441c39db3d2c43.rmeta --extern enum_iterator=/Users/rmccrar6/codex-worktrees/luna-clippy-warning-cleanup-20261007/.local/build/clippy-current-canonical-20261007/debug/deps/libenum_iterator-3360872fb62153f0.rmeta --extern faster_hex=/Users/rmccrar6/codex-worktrees/luna-clippy-warning-cleanup-20261007/.local/build/clippy-current-canonical-20261007/debug/deps/libfaster_hex-b5e949aa25cf4f96.rmeta --extern fuzzy_matcher=/Users/rmccrar6/codex-worktrees/luna-clippy-warning-cleanup-20261007/.local/build/clippy-current-canonical-20261007/debug/deps/libfuzzy_matcher-3cf07d27e0f7131e.rmeta --extern fxhash=/Users/rmccrar6/codex-worktrees/luna-clippy-warning-cleanup-20261007/.local/build/clippy-current-canonical-20261007/debug/deps/libfxhash-8de2e79311a420a9.rmeta --extern indicatif=/Users/rmccrar6/codex-worktrees/luna-clippy-warning-cleanup-20261007/.local/build/clippy-current-canonical-20261007/debug/deps/libindicatif-3e24aca3f7aee6d7.rmeta --extern itertools=/Users/rmccrar6/codex-worktrees/luna-clippy-warning-cleanup-20261007/.local/build/clippy-current-canonical-20261007/debug/deps/libitertools-44bb30f18c495301.rmeta --extern lsp_server=/Users/rmccrar6/codex-worktrees/luna-clippy-warning-cleanup-20261007/.local/build/clippy-current-canonical-20261007/debug/deps/liblsp_server-6bc5c744bbe85cac.rmeta --extern lsp_types=/Users/rmccrar6/codex-worktrees/luna-clippy-warning-cleanup-20261007/.local/build/clippy-current-canonical-20261007/debug/deps/liblsp_types-96fde0c1e798411b.rmeta --extern num_traits=/Users/rmccrar6/codex-worktrees/luna-clippy-warning-cleanup-20261007/.local/build/clippy-current-canonical-20261007/debug/deps/libnum_traits-4818c4e13490163c.rmeta --extern parse_display=/Users/rmccrar6/codex-worktrees/luna-clippy-warning-cleanup-20261007/.local/build/clippy-current-canonical-20261007/debug/deps/libparse_display-28229128d50eabae.rmeta --extern paste=/Users/rmccrar6/codex-worktrees/luna-clippy-warning-cleanup-20261007/.local/build/clippy-current-canonical-20261007/debug/deps/libpaste-6c913111a60265cc.dylib --extern percent_encoding=/Users/rmccrar6/codex-worktrees/luna-clippy-warning-cleanup-20261007/.local/build/clippy-current-canonical-20261007/debug/deps/libpercent_encoding-de3c53ada822b04e.rmeta --extern pyrefly_build=/Users/rmccrar6/codex-worktrees/luna-clippy-warning-cleanup-20261007/.local/build/clippy-current-canonical-20261007/debug/deps/libpyrefly_build-2a99dfdb6fa08596.rmeta --extern pyrefly_bundled=/Users/rmccrar6/codex-worktrees/luna-clippy-warning-cleanup-20261007/.local/build/clippy-current-canonical-20261007/debug/deps/libpyrefly_bundled-da91835895ee1aca.rmeta --extern pyrefly_config=/Users/rmccrar6/codex-worktrees/luna-clippy-warning-cleanup-20261007/.local/build/clippy-current-canonical-20261007/debug/deps/libpyrefly_config-62df607893ebaa45.rmeta --extern pyrefly_derive=/Users/rmccrar6/codex-worktrees/luna-clippy-warning-cleanup-20261007/.local/build/clippy-current-canonical-20261007/debug/deps/libpyrefly_derive-e6c43e82c5810664.dylib --extern pyrefly_graph=/Users/rmccrar6/codex-worktrees/luna-clippy-warning-cleanup-20261007/.local/build/clippy-current-canonical-20261007/debug/deps/libpyrefly_graph-1985a4c65b08d773.rmeta --extern pyrefly_python=/Users/rmccrar6/codex-worktrees/luna-clippy-warning-cleanup-20261007/.local/build/clippy-current-canonical-20261007/debug/deps/libpyrefly_python-b2e175e9e2211c56.rmeta --extern pyrefly_types=/Users/rmccrar6/codex-worktrees/luna-clippy-warning-cleanup-20261007/.local/build/clippy-current-canonical-20261007/debug/deps/libpyrefly_types-98ef08e502388117.rmeta --extern pyrefly_util=/Users/rmccrar6/codex-worktrees/luna-clippy-warning-cleanup-20261007/.local/build/clippy-current-canonical-20261007/debug/deps/libpyrefly_util-1ca212e46fd40363.rmeta --extern rayon=/Users/rmccrar6/codex-worktrees/luna-clippy-warning-cleanup-20261007/.local/build/clippy-current-canonical-20261007/debug/deps/librayon-9971bda73818f9c3.rmeta --extern regex=/Users/rmccrar6/codex-worktrees/luna-clippy-warning-cleanup-20261007/.local/build/clippy-current-canonical-20261007/debug/deps/libregex-30fbb1481fff0163.rmeta --extern ruff_annotate_snippets=/Users/rmccrar6/codex-worktrees/luna-clippy-warning-cleanup-20261007/.local/build/clippy-current-canonical-20261007/debug/deps/libruff_annotate_snippets-ed2b2e2a0bc3bfb2.rmeta --extern ruff_notebook=/Users/rmccrar6/codex-worktrees/luna-clippy-warning-cleanup-20261007/.local/build/clippy-current-canonical-20261007/debug/deps/libruff_notebook-3d3f722f98eb1eb8.rmeta --extern ruff_python_ast=/Users/rmccrar6/codex-worktrees/luna-clippy-warning-cleanup-20261007/.local/build/clippy-current-canonical-20261007/debug/deps/libruff_python_ast-4fb80cbe5fb20e17.rmeta --extern ruff_python_parser=/Users/rmccrar6/codex-worktrees/luna-clippy-warning-cleanup-20261007/.local/build/clippy-current-canonical-20261007/debug/deps/libruff_python_parser-2810dcfd560c3a14.rmeta --extern ruff_source_file=/Users/rmccrar6/codex-worktrees/luna-clippy-warning-cleanup-20261007/.local/build/clippy-current-canonical-20261007/debug/deps/libruff_source_file-f77eb717f5743f4e.rmeta --extern ruff_text_size=/Users/rmccrar6/codex-worktrees/luna-clippy-warning-cleanup-20261007/.local/build/clippy-current-canonical-20261007/debug/deps/libruff_text_size-205c9f498265eb7a.rmeta --extern serde=/Users/rmccrar6/codex-worktrees/luna-clippy-warning-cleanup-20261007/.local/build/clippy-current-canonical-20261007/debug/deps/libserde-bb561d23e6a68d5f.rmeta --extern serde_json=/Users/rmccrar6/codex-worktrees/luna-clippy-warning-cleanup-20261007/.local/build/clippy-current-canonical-20261007/debug/deps/libserde_json-5519587ec51e9b8e.rmeta --extern serde_repr=/Users/rmccrar6/codex-worktrees/luna-clippy-warning-cleanup-20261007/.local/build/clippy-current-canonical-20261007/debug/deps/libserde_repr-8379e8a9663a7ff1.dylib --extern starlark_map=/Users/rmccrar6/codex-worktrees/luna-clippy-warning-cleanup-20261007/.local/build/clippy-current-canonical-20261007/debug/deps/libstarlark_map-62391395e8708a40.rmeta --extern static_assertions=/Users/rmccrar6/codex-worktrees/luna-clippy-warning-cleanup-20261007/.local/build/clippy-current-canonical-20261007/debug/deps/libstatic_assertions-9508a94932c80db5.rmeta --extern tempfile=/Users/rmccrar6/codex-worktrees/luna-clippy-warning-cleanup-20261007/.local/build/clippy-current-canonical-20261007/debug/deps/libtempfile-3bbde70fd6c60ac6.rmeta --extern thin_vec=/Users/rmccrar6/codex-worktrees/luna-clippy-warning-cleanup-20261007/.local/build/clippy-current-canonical-20261007/debug/deps/libthin_vec-46e6499f157c96ea.rmeta --extern tikv_jemallocator=/Users/rmccrar6/codex-worktrees/luna-clippy-warning-cleanup-20261007/.local/build/clippy-current-canonical-20261007/debug/deps/libtikv_jemallocator-a5199a5b80ccdd24.rmeta --extern tokio=/Users/rmccrar6/codex-worktrees/luna-clippy-warning-cleanup-20261007/.local/build/clippy-current-canonical-20261007/debug/deps/libtokio-2f4772e47d045e45.rmeta --extern toml=/Users/rmccrar6/codex-worktrees/luna-clippy-warning-cleanup-20261007/.local/build/clippy-current-canonical-20261007/debug/deps/libtoml-d90e7f3f3eaaaecc.rmeta --extern tracing=/Users/rmccrar6/codex-worktrees/luna-clippy-warning-cleanup-20261007/.local/build/clippy-current-canonical-20261007/debug/deps/libtracing-fc6cdc27b6ad5abf.rmeta --extern tsp_types=/Users/rmccrar6/codex-worktrees/luna-clippy-warning-cleanup-20261007/.local/build/clippy-current-canonical-20261007/debug/deps/libtsp_types-0efb293c8051420c.rmeta --extern uuid=/Users/rmccrar6/codex-worktrees/luna-clippy-warning-cleanup-20261007/.local/build/clippy-current-canonical-20261007/debug/deps/libuuid-4757664ea3eab544.rmeta --extern vec1=/Users/rmccrar6/codex-worktrees/luna-clippy-warning-cleanup-20261007/.local/build/clippy-current-canonical-20261007/debug/deps/libvec1-011f91f1594bdb20.rmeta --extern web_time=/Users/rmccrar6/codex-worktrees/luna-clippy-warning-cleanup-20261007/.local/build/clippy-current-canonical-20261007/debug/deps/libweb_time-5bcb8a2c8fd10008.rmeta --extern xxhash_rust=/Users/rmccrar6/codex-worktrees/luna-clippy-warning-cleanup-20261007/.local/build/clippy-current-canonical-20261007/debug/deps/libxxhash_rust-e411b96b2a9153c6.rmeta --extern yansi=/Users/rmccrar6/codex-worktrees/luna-clippy-warning-cleanup-20261007/.local/build/clippy-current-canonical-20261007/debug/deps/libyansi-83b541ec5d555c64.rmeta -L native=/Users/rmccrar6/codex-worktrees/luna-clippy-warning-cleanup-20261007/.local/build/clippy-current-canonical-20261007/debug/build/blake3-c1cb4c3099a1fc7f/out -L native=/Users/rmccrar6/codex-worktrees/luna-clippy-warning-cleanup-20261007/.local/build/clippy-current-canonical-20261007/debug/build/zstd-sys-725944218d349181/out -L native=/Users/rmccrar6/codex-worktrees/luna-clippy-warning-cleanup-20261007/.local/build/clippy-current-canonical-20261007/debug/build/tikv-jemalloc-sys-e583b9a09e4ebba4/out/build/lib`
     Running `/Users/rmccrar6/codex-worktrees/luna-clippy-warning-cleanup-20261007/.local/build/clippy-current-canonical-20261007/debug/build/backend-frontend-go-0f662c45218ab65c/build-script-build`
       Fresh oxc_parser v0.139.0
       Fresh pep440_rs v0.7.3
       Fresh bao-tree v0.16.0
       Fresh trustfall v0.8.1 (https://github.com/philocalyst/trustfall?rev=5a0a8607fc5d972380437289b9a4ad1aa5150b09#5a0a8607)
       Fresh iroh v1.2.0
       Dirty ra_ap_load-cargo v0.0.341: the dependency `ra_ap_project_model` was rebuilt
   Compiling ra_ap_load-cargo v0.0.341
     Running `/nix/store/ff5chd1i7bm0d7ki0ahkbkgwij973qvx-rust-1.97.1-with-components-2026-07-16/bin/rustc --crate-name ra_ap_load_cargo --edition=2024 /Users/rmccrar6/.cargo/registry/src/index.crates.io-1949cf8c6b5b557f/ra_ap_load-cargo-0.0.341/src/lib.rs --error-format=json --json=diagnostic-rendered-ansi,artifacts,future-incompat --crate-type lib --emit=dep-info,metadata,link -C embed-bitcode=no -C debuginfo=1 -C split-debuginfo=unpacked '--warn=clippy::suspicious' '--warn=clippy::style' '--allow=clippy::restriction' '--deny=clippy::perf' '--deny=clippy::correctness' '--warn=clippy::complexity' '--allow=clippy::wrong_self_convention' '--allow=clippy::vec_init_then_push' '--allow=clippy::useless_asref' --warn=unused_lifetimes --warn=unused_extern_crates --warn=unsafe_op_in_unsafe_fn --warn=unreachable_pub '--allow=clippy::unnecessary_map_or' --warn=unexpected_cfgs '--allow=clippy::type_complexity' '--allow=clippy::too_many_arguments' '--allow=clippy::too_long_first_doc_paragraph' '--warn=clippy::todo' '--warn=clippy::str_to_string' '--allow=clippy::single_match' '--allow=clippy::result_unit_err' '--warn=clippy::rc_buffer' '--warn=clippy::print_stdout' '--warn=clippy::print_stderr' '--allow=clippy::new_ret_no_self' '--allow=clippy::literal_string_with_formatting_args' '--allow=clippy::len_without_is_empty' --warn=explicit_outlives_requirements '--allow=clippy::enum_variant_names' --warn=elided_lifetimes_in_paths '--warn=clippy::dbg_macro' '--allow=clippy::assigning_clones' --check-cfg 'cfg(bootstrap)' --check-cfg 'cfg(no_salsa_async_drops)' --check-cfg 'cfg(docsrs,test)' --check-cfg 'cfg(feature, values("in-rust-tree"))' -C metadata=4c72ec6b1828cb57 -C extra-filename=-1931e40cd91c0c6c --out-dir /Users/rmccrar6/codex-worktrees/luna-clippy-warning-cleanup-20261007/.local/build/clippy-current-canonical-20261007/debug/deps -L dependency=/Users/rmccrar6/codex-worktrees/luna-clippy-warning-cleanup-20261007/.local/build/clippy-current-canonical-20261007/debug/deps --extern anyhow=/Users/rmccrar6/codex-worktrees/luna-clippy-warning-cleanup-20261007/.local/build/clippy-current-canonical-20261007/debug/deps/libanyhow-9ee99c72b6cfcb4f.rmeta --extern crossbeam_channel=/Users/rmccrar6/codex-worktrees/luna-clippy-warning-cleanup-20261007/.local/build/clippy-current-canonical-20261007/debug/deps/libcrossbeam_channel-3675dee79af021cd.rmeta --extern itertools=/Users/rmccrar6/codex-worktrees/luna-clippy-warning-cleanup-20261007/.local/build/clippy-current-canonical-20261007/debug/deps/libitertools-44bb30f18c495301.rmeta --extern hir_expand=/Users/rmccrar6/codex-worktrees/luna-clippy-warning-cleanup-20261007/.local/build/clippy-current-canonical-20261007/debug/deps/libra_ap_hir_expand-3496f2c130ef74f8.rmeta --extern ide_db=/Users/rmccrar6/codex-worktrees/luna-clippy-warning-cleanup-20261007/.local/build/clippy-current-canonical-20261007/debug/deps/libra_ap_ide_db-4cf764dd9ccbe6e5.rmeta --extern intern=/Users/rmccrar6/codex-worktrees/luna-clippy-warning-cleanup-20261007/.local/build/clippy-current-canonical-20261007/debug/deps/libra_ap_intern-4f0e2c0af7206082.rmeta --extern proc_macro_api=/Users/rmccrar6/codex-worktrees/luna-clippy-warning-cleanup-20261007/.local/build/clippy-current-canonical-20261007/debug/deps/libra_ap_proc_macro_api-e02f67ff23883c38.rmeta --extern project_model=/Users/rmccrar6/codex-worktrees/luna-clippy-warning-cleanup-20261007/.local/build/clippy-current-canonical-20261007/debug/deps/libra_ap_project_model-b4453ce2fdf869d1.rmeta --extern span=/Users/rmccrar6/codex-worktrees/luna-clippy-warning-cleanup-20261007/.local/build/clippy-current-canonical-20261007/debug/deps/libra_ap_span-f98326d926c76598.rmeta --extern tt=/Users/rmccrar6/codex-worktrees/luna-clippy-warning-cleanup-20261007/.local/build/clippy-current-canonical-20261007/debug/deps/libra_ap_tt-92fe312b87083bac.rmeta --extern vfs=/Users/rmccrar6/codex-worktrees/luna-clippy-warning-cleanup-20261007/.local/build/clippy-current-canonical-20261007/debug/deps/libra_ap_vfs-f1d554add18d173a.rmeta --extern vfs_notify=/Users/rmccrar6/codex-worktrees/luna-clippy-warning-cleanup-20261007/.local/build/clippy-current-canonical-20261007/debug/deps/libra_ap_vfs_notify-59e81e81dddd009d.rmeta --extern tracing=/Users/rmccrar6/codex-worktrees/luna-clippy-warning-cleanup-20261007/.local/build/clippy-current-canonical-20261007/debug/deps/libtracing-fc6cdc27b6ad5abf.rmeta --cap-lints allow`
       Dirty tsz-core v0.1.75 (/Users/rmccrar6/codex-worktrees/luna-index-projection-fastpath-7382-20261008/third_party/tsz/crates/tsz-core): the dependency `tsz-lsp` was rebuilt
   Compiling tsz-core v0.1.75 (/Users/rmccrar6/codex-worktrees/luna-index-projection-fastpath-7382-20261008/third_party/tsz/crates/tsz-core)
     Running `/nix/store/ff5chd1i7bm0d7ki0ahkbkgwij973qvx-rust-1.97.1-with-components-2026-07-16/bin/rustc --crate-name tsz_core --edition=2024 third_party/tsz/crates/tsz-core/src/lib.rs --error-format=json --json=diagnostic-rendered-ansi,artifacts,future-incompat --crate-type rlib --emit=dep-info,metadata,link -C embed-bitcode=no -C debuginfo=1 -C split-debuginfo=unpacked '--deny=clippy::style' --warn=rust_2024_compatibility '--deny=clippy::perf' '--deny=clippy::correctness' '--deny=clippy::complexity' --warn=unsafe_code '--warn=clippy::uninlined_format_args' '--warn=clippy::redundant_clone' '--deny=clippy::print_stderr' '--warn=clippy::missing_const_for_fn' '--warn=clippy::match_same_arms' '--deny=clippy::get_unwrap' '--warn=clippy::empty_structs_with_brackets' '--warn=clippy::doc_markdown' '--deny=clippy::dbg_macro' --check-cfg 'cfg(docsrs,test)' --check-cfg 'cfg(feature, values("default", "dts"))' -C metadata=c788af38788c28f3 -C extra-filename=-2f28452c12f29845 --out-dir /Users/rmccrar6/codex-worktrees/luna-clippy-warning-cleanup-20261007/.local/build/clippy-current-canonical-20261007/debug/deps -L dependency=/Users/rmccrar6/codex-worktrees/luna-clippy-warning-cleanup-20261007/.local/build/clippy-current-canonical-20261007/debug/deps --extern anyhow=/Users/rmccrar6/codex-worktrees/luna-clippy-warning-cleanup-20261007/.local/build/clippy-current-canonical-20261007/debug/deps/libanyhow-9ee99c72b6cfcb4f.rmeta --extern bincode=/Users/rmccrar6/codex-worktrees/luna-clippy-warning-cleanup-20261007/.local/build/clippy-current-canonical-20261007/debug/deps/libbincode-9930a1ff96a5e09f.rmeta --extern indexmap=/Users/rmccrar6/codex-worktrees/luna-clippy-warning-cleanup-20261007/.local/build/clippy-current-canonical-20261007/debug/deps/libindexmap-b581727d68f6a1bc.rmeta --extern once_cell=/Users/rmccrar6/codex-worktrees/luna-clippy-warning-cleanup-20261007/.local/build/clippy-current-canonical-20261007/debug/deps/libonce_cell-f6a75a2662cac664.rmeta --extern rayon=/Users/rmccrar6/codex-worktrees/luna-clippy-warning-cleanup-20261007/.local/build/clippy-current-canonical-20261007/debug/deps/librayon-9971bda73818f9c3.rmeta --extern rustc_hash=/Users/rmccrar6/codex-worktrees/luna-clippy-warning-cleanup-20261007/.local/build/clippy-current-canonical-20261007/debug/deps/librustc_hash-6d4a76cf86ae4a83.rmeta --extern serde=/Users/rmccrar6/codex-worktrees/luna-clippy-warning-cleanup-20261007/.local/build/clippy-current-canonical-20261007/debug/deps/libserde-bb561d23e6a68d5f.rmeta --extern serde_wasm_bindgen=/Users/rmccrar6/codex-worktrees/luna-clippy-warning-cleanup-20261007/.local/build/clippy-current-canonical-20261007/debug/deps/libserde_wasm_bindgen-f4b2ddee5ff0da81.rmeta --extern serde_json=/Users/rmccrar6/codex-worktrees/luna-clippy-warning-cleanup-20261007/.local/build/clippy-current-canonical-20261007/debug/deps/libserde_json-5519587ec51e9b8e.rmeta --extern tracing=/Users/rmccrar6/codex-worktrees/luna-clippy-warning-cleanup-20261007/.local/build/clippy-current-canonical-20261007/debug/deps/libtracing-fc6cdc27b6ad5abf.rmeta --extern tsz_binder=/Users/rmccrar6/codex-worktrees/luna-clippy-warning-cleanup-20261007/.local/build/clippy-current-canonical-20261007/debug/deps/libtsz_binder-67b8cb9f551919a8.rmeta --extern tsz_checker=/Users/rmccrar6/codex-worktrees/luna-clippy-warning-cleanup-20261007/.local/build/clippy-current-canonical-20261007/debug/deps/libtsz_checker-d9ae4443f1b3a827.rmeta --extern tsz_common=/Users/rmccrar6/codex-worktrees/luna-clippy-warning-cleanup-20261007/.local/build/clippy-current-canonical-20261007/debug/deps/libtsz_common-1f4b1817df500634.rmeta --extern tsz_emitter=/Users/rmccrar6/codex-worktrees/luna-clippy-warning-cleanup-20261007/.local/build/clippy-current-canonical-20261007/debug/deps/libtsz_emitter-3093c661253310d6.rmeta --extern tsz_lowering=/Users/rmccrar6/codex-worktrees/luna-clippy-warning-cleanup-20261007/.local/build/clippy-current-canonical-20261007/debug/deps/libtsz_lowering-9d0af02ee23a260a.rmeta --extern tsz_lsp=/Users/rmccrar6/codex-worktrees/luna-clippy-warning-cleanup-20261007/.local/build/clippy-current-canonical-20261007/debug/deps/libtsz_lsp-a8b7390db9f96525.rmeta --extern tsz_parser=/Users/rmccrar6/codex-worktrees/luna-clippy-warning-cleanup-20261007/.local/build/clippy-current-canonical-20261007/debug/deps/libtsz_parser-3187c4a1d05d404a.rmeta --extern tsz_scanner=/Users/rmccrar6/codex-worktrees/luna-clippy-warning-cleanup-20261007/.local/build/clippy-current-canonical-20261007/debug/deps/libtsz_scanner-b807966a8a9401ff.rmeta --extern tsz_solver=/Users/rmccrar6/codex-worktrees/luna-clippy-warning-cleanup-20261007/.local/build/clippy-current-canonical-20261007/debug/deps/libtsz_solver-d38f37cc02536a64.rmeta --extern wasm_bindgen=/Users/rmccrar6/codex-worktrees/luna-clippy-warning-cleanup-20261007/.local/build/clippy-current-canonical-20261007/debug/deps/libwasm_bindgen-e5f3733b3eb7b2d6.rmeta -L native=/Users/rmccrar6/codex-worktrees/luna-clippy-warning-cleanup-20261007/.local/build/clippy-current-canonical-20261007/debug/build/psm-b63d05f5e99d8d91/out`
       Fresh oxc_semantic v0.139.0
       Fresh ruff_python_parser v0.0.8
       Fresh clang-sys v1.9.1
       Fresh tree-sitter-rust v0.24.2
       Fresh tree-sitter-cpp v0.23.4
       Fresh tree-sitter-go v0.25.0
       Fresh tree-sitter-java v0.23.5
       Fresh tree-sitter-typescript v0.23.2
       Fresh tree-sitter-c-sharp v0.23.5
       Fresh tree-sitter-python v0.25.0
       Fresh zopfli v0.8.3
       Fresh itertools v0.13.0
       Fresh urlencoding v2.1.3
       Fresh pep508_rs v0.9.2
       Fresh zip v4.6.1
       Dirty backend-frontend-python v0.2.0 (/Users/rmccrar6/codex-worktrees/luna-index-projection-fastpath-7382-20261008/frontends/python): the dependency `backend-compile` was rebuilt
   Compiling backend-frontend-python v0.2.0 (/Users/rmccrar6/codex-worktrees/luna-index-projection-fastpath-7382-20261008/frontends/python)
     Running `/nix/store/ff5chd1i7bm0d7ki0ahkbkgwij973qvx-rust-1.97.1-with-components-2026-07-16/bin/rustc --crate-name backend_frontend_python --edition=2024 frontends/python/lib.rs --error-format=json --json=diagnostic-rendered-ansi,artifacts,future-incompat --crate-type lib --emit=dep-info,metadata,link -C embed-bitcode=no -C debuginfo=1 -C split-debuginfo=unpacked '--warn=clippy::pedantic' '--warn=clippy::all' '--deny=clippy::unwrap_used' --warn=unused_qualifications --warn=unused_lifetimes --deny=unsafe_code --warn=unreachable_pub '--deny=clippy::unimplemented' '--deny=clippy::todo' '--warn=clippy::panic' --warn=missing_docs '--deny=clippy::mem_forget' '--warn=clippy::expect_used' '--deny=clippy::dbg_macro' --check-cfg 'cfg(docsrs,test)' --check-cfg 'cfg(feature, values())' -C metadata=165f85099444a863 -C extra-filename=-d694c52cc7e44e53 --out-dir /Users/rmccrar6/codex-worktrees/luna-clippy-warning-cleanup-20261007/.local/build/clippy-current-canonical-20261007/debug/deps -L dependency=/Users/rmccrar6/codex-worktrees/luna-clippy-warning-cleanup-20261007/.local/build/clippy-current-canonical-20261007/debug/deps --extern backend_compile=/Users/rmccrar6/codex-worktrees/luna-clippy-warning-cleanup-20261007/.local/build/clippy-current-canonical-20261007/debug/deps/libbackend_compile-e77d351d591fc132.rmeta --extern backend_discovery=/Users/rmccrar6/codex-worktrees/luna-clippy-warning-cleanup-20261007/.local/build/clippy-current-canonical-20261007/debug/deps/libbackend_discovery-00390e31cb84519f.rmeta --extern backend_semantic=/Users/rmccrar6/codex-worktrees/luna-clippy-warning-cleanup-20261007/.local/build/clippy-current-canonical-20261007/debug/deps/libbackend_semantic-f840df0bae813320.rmeta --extern blake3=/Users/rmccrar6/codex-worktrees/luna-clippy-warning-cleanup-20261007/.local/build/clippy-current-canonical-20261007/debug/deps/libblake3-4f44f49a9a64a61d.rmeta --extern pyrefly=/Users/rmccrar6/codex-worktrees/luna-clippy-warning-cleanup-20261007/.local/build/clippy-current-canonical-20261007/debug/deps/libpyrefly-56da7c77a93ea25c.rmeta --extern pyrefly_config=/Users/rmccrar6/codex-worktrees/luna-clippy-warning-cleanup-20261007/.local/build/clippy-current-canonical-20261007/debug/deps/libpyrefly_config-62df607893ebaa45.rmeta --extern pyrefly_python=/Users/rmccrar6/codex-worktrees/luna-clippy-warning-cleanup-20261007/.local/build/clippy-current-canonical-20261007/debug/deps/libpyrefly_python-b2e175e9e2211c56.rmeta --extern pyrefly_types=/Users/rmccrar6/codex-worktrees/luna-clippy-warning-cleanup-20261007/.local/build/clippy-current-canonical-20261007/debug/deps/libpyrefly_types-98ef08e502388117.rmeta --extern pyrefly_util=/Users/rmccrar6/codex-worktrees/luna-clippy-warning-cleanup-20261007/.local/build/clippy-current-canonical-20261007/debug/deps/libpyrefly_util-1ca212e46fd40363.rmeta --extern ruff_python_ast=/Users/rmccrar6/codex-worktrees/luna-clippy-warning-cleanup-20261007/.local/build/clippy-current-canonical-20261007/debug/deps/libruff_python_ast-8af8e08dabe15bd6.rmeta --extern ruff_python_parser=/Users/rmccrar6/codex-worktrees/luna-clippy-warning-cleanup-20261007/.local/build/clippy-current-canonical-20261007/debug/deps/libruff_python_parser-0246c1ba8be4b91a.rmeta --extern ruff_native_text_size=/Users/rmccrar6/codex-worktrees/luna-clippy-warning-cleanup-20261007/.local/build/clippy-current-canonical-20261007/debug/deps/libruff_text_size-205c9f498265eb7a.rmeta --extern ruff_text_size=/Users/rmccrar6/codex-worktrees/luna-clippy-warning-cleanup-20261007/.local/build/clippy-current-canonical-20261007/debug/deps/libruff_text_size-6888414d3a6978bf.rmeta --extern serde=/Users/rmccrar6/codex-worktrees/luna-clippy-warning-cleanup-20261007/.local/build/clippy-current-canonical-20261007/debug/deps/libserde-bb561d23e6a68d5f.rmeta --extern serde_json=/Users/rmccrar6/codex-worktrees/luna-clippy-warning-cleanup-20261007/.local/build/clippy-current-canonical-20261007/debug/deps/libserde_json-5519587ec51e9b8e.rmeta --extern thiserror=/Users/rmccrar6/codex-worktrees/luna-clippy-warning-cleanup-20261007/.local/build/clippy-current-canonical-20261007/debug/deps/libthiserror-34be1a9b3117e1d6.rmeta --extern tree_sitter_python=/Users/rmccrar6/codex-worktrees/luna-clippy-warning-cleanup-20261007/.local/build/clippy-current-canonical-20261007/debug/deps/libtree_sitter_python-cbf6696c2f230d46.rmeta -L native=/Users/rmccrar6/codex-worktrees/luna-clippy-warning-cleanup-20261007/.local/build/clippy-current-canonical-20261007/debug/build/blake3-c1cb4c3099a1fc7f/out -L native=/Users/rmccrar6/codex-worktrees/luna-clippy-warning-cleanup-20261007/.local/build/clippy-current-canonical-20261007/debug/build/simsimd-57d7ccc1ff7a2e26/out -L native=/Users/rmccrar6/codex-worktrees/luna-clippy-warning-cleanup-20261007/.local/build/clippy-current-canonical-20261007/debug/build/tree-sitter-47647a70e9977a2a/out -L native=/Users/rmccrar6/codex-worktrees/luna-clippy-warning-cleanup-20261007/.local/build/clippy-current-canonical-20261007/debug/build/ring-53e80969c9e79690/out -L native=/Users/rmccrar6/codex-worktrees/luna-clippy-warning-cleanup-20261007/.local/build/clippy-current-canonical-20261007/debug/build/zstd-sys-725944218d349181/out -L native=/Users/rmccrar6/codex-worktrees/luna-clippy-warning-cleanup-20261007/.local/build/clippy-current-canonical-20261007/debug/build/tikv-jemalloc-sys-e583b9a09e4ebba4/out/build/lib -L native=/Users/rmccrar6/codex-worktrees/luna-clippy-warning-cleanup-20261007/.local/build/clippy-current-canonical-20261007/debug/build/tree-sitter-python-658e4d3f060ec406/out`
       Dirty backend-frontend-csharp v0.2.0 (/Users/rmccrar6/codex-worktrees/luna-index-projection-fastpath-7382-20261008/frontends/csharp): the dependency `backend-compile` was rebuilt
   Compiling backend-frontend-csharp v0.2.0 (/Users/rmccrar6/codex-worktrees/luna-index-projection-fastpath-7382-20261008/frontends/csharp)
     Running `/nix/store/ff5chd1i7bm0d7ki0ahkbkgwij973qvx-rust-1.97.1-with-components-2026-07-16/bin/rustc --crate-name backend_frontend_csharp --edition=2024 frontends/csharp/lib.rs --error-format=json --json=diagnostic-rendered-ansi,artifacts,future-incompat --crate-type lib --emit=dep-info,metadata,link -C embed-bitcode=no -C debuginfo=1 -C split-debuginfo=unpacked '--warn=clippy::pedantic' '--warn=clippy::all' '--deny=clippy::unwrap_used' --warn=unused_qualifications --warn=unused_lifetimes --deny=unsafe_code --warn=unreachable_pub '--deny=clippy::unimplemented' '--deny=clippy::todo' '--warn=clippy::panic' --warn=missing_docs '--deny=clippy::mem_forget' '--warn=clippy::expect_used' '--deny=clippy::dbg_macro' --check-cfg 'cfg(docsrs,test)' --check-cfg 'cfg(feature, values())' -C metadata=f217bdccae9be6de -C extra-filename=-e8c51bad24cdc755 --out-dir /Users/rmccrar6/codex-worktrees/luna-clippy-warning-cleanup-20261007/.local/build/clippy-current-canonical-20261007/debug/deps -L dependency=/Users/rmccrar6/codex-worktrees/luna-clippy-warning-cleanup-20261007/.local/build/clippy-current-canonical-20261007/debug/deps --extern backend_compile=/Users/rmccrar6/codex-worktrees/luna-clippy-warning-cleanup-20261007/.local/build/clippy-current-canonical-20261007/debug/deps/libbackend_compile-e77d351d591fc132.rmeta --extern backend_semantic=/Users/rmccrar6/codex-worktrees/luna-clippy-warning-cleanup-20261007/.local/build/clippy-current-canonical-20261007/debug/deps/libbackend_semantic-f840df0bae813320.rmeta --extern serde=/Users/rmccrar6/codex-worktrees/luna-clippy-warning-cleanup-20261007/.local/build/clippy-current-canonical-20261007/debug/deps/libserde-bb561d23e6a68d5f.rmeta --extern serde_json=/Users/rmccrar6/codex-worktrees/luna-clippy-warning-cleanup-20261007/.local/build/clippy-current-canonical-20261007/debug/deps/libserde_json-5519587ec51e9b8e.rmeta --extern sha2=/Users/rmccrar6/codex-worktrees/luna-clippy-warning-cleanup-20261007/.local/build/clippy-current-canonical-20261007/debug/deps/libsha2-ed7a8d577b29fe49.rmeta --extern thiserror=/Users/rmccrar6/codex-worktrees/luna-clippy-warning-cleanup-20261007/.local/build/clippy-current-canonical-20261007/debug/deps/libthiserror-34be1a9b3117e1d6.rmeta --extern tree_sitter_c_sharp=/Users/rmccrar6/codex-worktrees/luna-clippy-warning-cleanup-20261007/.local/build/clippy-current-canonical-20261007/debug/deps/libtree_sitter_c_sharp-f7ea1f64471f0e6e.rmeta -L native=/Users/rmccrar6/codex-worktrees/luna-clippy-warning-cleanup-20261007/.local/build/clippy-current-canonical-20261007/debug/build/blake3-c1cb4c3099a1fc7f/out -L native=/Users/rmccrar6/codex-worktrees/luna-clippy-warning-cleanup-20261007/.local/build/clippy-current-canonical-20261007/debug/build/simsimd-57d7ccc1ff7a2e26/out -L native=/Users/rmccrar6/codex-worktrees/luna-clippy-warning-cleanup-20261007/.local/build/clippy-current-canonical-20261007/debug/build/tree-sitter-47647a70e9977a2a/out -L native=/Users/rmccrar6/codex-worktrees/luna-clippy-warning-cleanup-20261007/.local/build/clippy-current-canonical-20261007/debug/build/ring-53e80969c9e79690/out -L native=/Users/rmccrar6/codex-worktrees/luna-clippy-warning-cleanup-20261007/.local/build/clippy-current-canonical-20261007/debug/build/tree-sitter-c-sharp-b084b66732d0f6b7/out`
       Dirty backend-frontend-typescript v0.2.0 (/Users/rmccrar6/codex-worktrees/luna-index-projection-fastpath-7382-20261008/frontends/typescript): the dependency `tsz-core` was rebuilt
   Compiling backend-frontend-typescript v0.2.0 (/Users/rmccrar6/codex-worktrees/luna-index-projection-fastpath-7382-20261008/frontends/typescript)
     Running `/nix/store/ff5chd1i7bm0d7ki0ahkbkgwij973qvx-rust-1.97.1-with-components-2026-07-16/bin/rustc --crate-name backend_frontend_typescript --edition=2024 frontends/typescript/lib.rs --error-format=json --json=diagnostic-rendered-ansi,artifacts,future-incompat --crate-type lib --emit=dep-info,metadata,link -C embed-bitcode=no -C debuginfo=1 -C split-debuginfo=unpacked '--warn=clippy::pedantic' '--warn=clippy::all' '--deny=clippy::unwrap_used' --warn=unused_qualifications --warn=unused_lifetimes --deny=unsafe_code --warn=unreachable_pub '--deny=clippy::unimplemented' '--deny=clippy::todo' '--warn=clippy::panic' --warn=missing_docs '--deny=clippy::mem_forget' '--warn=clippy::expect_used' '--deny=clippy::dbg_macro' --check-cfg 'cfg(docsrs,test)' --check-cfg 'cfg(feature, values("tsz-semantic-session-test-support"))' -C metadata=7a74933cd5ea09c3 -C extra-filename=-335f0e6d45527557 --out-dir /Users/rmccrar6/codex-worktrees/luna-clippy-warning-cleanup-20261007/.local/build/clippy-current-canonical-20261007/debug/deps -L dependency=/Users/rmccrar6/codex-worktrees/luna-clippy-warning-cleanup-20261007/.local/build/clippy-current-canonical-20261007/debug/deps --extern backend_compile=/Users/rmccrar6/codex-worktrees/luna-clippy-warning-cleanup-20261007/.local/build/clippy-current-canonical-20261007/debug/deps/libbackend_compile-e77d351d591fc132.rmeta --extern backend_semantic=/Users/rmccrar6/codex-worktrees/luna-clippy-warning-cleanup-20261007/.local/build/clippy-current-canonical-20261007/debug/deps/libbackend_semantic-f840df0bae813320.rmeta --extern flate2=/Users/rmccrar6/codex-worktrees/luna-clippy-warning-cleanup-20261007/.local/build/clippy-current-canonical-20261007/debug/deps/libflate2-98010828220c805d.rmeta --extern oxc_allocator=/Users/rmccrar6/codex-worktrees/luna-clippy-warning-cleanup-20261007/.local/build/clippy-current-canonical-20261007/debug/deps/liboxc_allocator-b7977973292d2a08.rmeta --extern oxc_ast=/Users/rmccrar6/codex-worktrees/luna-clippy-warning-cleanup-20261007/.local/build/clippy-current-canonical-20261007/debug/deps/liboxc_ast-e471a0ce306ff463.rmeta --extern oxc_diagnostics=/Users/rmccrar6/codex-worktrees/luna-clippy-warning-cleanup-20261007/.local/build/clippy-current-canonical-20261007/debug/deps/liboxc_diagnostics-fa856b91aa9d9537.rmeta --extern oxc_parser=/Users/rmccrar6/codex-worktrees/luna-clippy-warning-cleanup-20261007/.local/build/clippy-current-canonical-20261007/debug/deps/liboxc_parser-b646a3c40ebc999d.rmeta --extern oxc_semantic=/Users/rmccrar6/codex-worktrees/luna-clippy-warning-cleanup-20261007/.local/build/clippy-current-canonical-20261007/debug/deps/liboxc_semantic-b560164612a0dc3f.rmeta --extern oxc_span=/Users/rmccrar6/codex-worktrees/luna-clippy-warning-cleanup-20261007/.local/build/clippy-current-canonical-20261007/debug/deps/liboxc_span-4a105a2501022085.rmeta --extern oxc_syntax=/Users/rmccrar6/codex-worktrees/luna-clippy-warning-cleanup-20261007/.local/build/clippy-current-canonical-20261007/debug/deps/liboxc_syntax-58c9cb30257740ad.rmeta --extern serde=/Users/rmccrar6/codex-worktrees/luna-clippy-warning-cleanup-20261007/.local/build/clippy-current-canonical-20261007/debug/deps/libserde-bb561d23e6a68d5f.rmeta --extern serde_json=/Users/rmccrar6/codex-worktrees/luna-clippy-warning-cleanup-20261007/.local/build/clippy-current-canonical-20261007/debug/deps/libserde_json-5519587ec51e9b8e.rmeta --extern sha2=/Users/rmccrar6/codex-worktrees/luna-clippy-warning-cleanup-20261007/.local/build/clippy-current-canonical-20261007/debug/deps/libsha2-ed7a8d577b29fe49.rmeta --extern thiserror=/Users/rmccrar6/codex-worktrees/luna-clippy-warning-cleanup-20261007/.local/build/clippy-current-canonical-20261007/debug/deps/libthiserror-34be1a9b3117e1d6.rmeta --extern tree_sitter_typescript=/Users/rmccrar6/codex-worktrees/luna-clippy-warning-cleanup-20261007/.local/build/clippy-current-canonical-20261007/debug/deps/libtree_sitter_typescript-a0a7086cc3588918.rmeta --extern tsz_common=/Users/rmccrar6/codex-worktrees/luna-clippy-warning-cleanup-20261007/.local/build/clippy-current-canonical-20261007/debug/deps/libtsz_common-1f4b1817df500634.rmeta --extern tsz=/Users/rmccrar6/codex-worktrees/luna-clippy-warning-cleanup-20261007/.local/build/clippy-current-canonical-20261007/debug/deps/libtsz_core-2f28452c12f29845.rmeta -L native=/Users/rmccrar6/codex-worktrees/luna-clippy-warning-cleanup-20261007/.local/build/clippy-current-canonical-20261007/debug/build/blake3-c1cb4c3099a1fc7f/out -L native=/Users/rmccrar6/codex-worktrees/luna-clippy-warning-cleanup-20261007/.local/build/clippy-current-canonical-20261007/debug/build/simsimd-57d7ccc1ff7a2e26/out -L native=/Users/rmccrar6/codex-worktrees/luna-clippy-warning-cleanup-20261007/.local/build/clippy-current-canonical-20261007/debug/build/tree-sitter-47647a70e9977a2a/out -L native=/Users/rmccrar6/codex-worktrees/luna-clippy-warning-cleanup-20261007/.local/build/clippy-current-canonical-20261007/debug/build/ring-53e80969c9e79690/out -L native=/Users/rmccrar6/codex-worktrees/luna-clippy-warning-cleanup-20261007/.local/build/clippy-current-canonical-20261007/debug/build/tree-sitter-typescript-be39128aad6edfb9/out -L native=/Users/rmccrar6/codex-worktrees/luna-clippy-warning-cleanup-20261007/.local/build/clippy-current-canonical-20261007/debug/build/psm-b63d05f5e99d8d91/out`
warning: unnecessary qualification
    --> frontends/typescript/src/legacy/checker.rs:1178:15
     |
1178 |         match std::fs::remove_dir_all(&work) {
     |               ^^^^^^^^^^^^^^^^^^^^^^^
     |
     = note: requested on the command line with `-W unused-qualifications`
help: remove the unnecessary path segments
     |
1178 -         match std::fs::remove_dir_all(&work) {
1178 +         match fs::remove_dir_all(&work) {
     |

warning: unnecessary qualification
    --> frontends/typescript/src/legacy/checker.rs:1256:17
     |
1256 |                 std::fs::write(&file, source).map_err(|cause| CheckerError::Work {
     |                 ^^^^^^^^^^^^^^
     |
help: remove the unnecessary path segments
     |
1256 -                 std::fs::write(&file, source).map_err(|cause| CheckerError::Work {
1256 +                 fs::write(&file, source).map_err(|cause| CheckerError::Work {
     |

warning: unnecessary qualification
    --> frontends/typescript/src/legacy/checker.rs:1277:15
     |
1277 |         match std::fs::remove_dir_all(&work) {
     |               ^^^^^^^^^^^^^^^^^^^^^^^
     |
help: remove the unnecessary path segments
     |
1277 -         match std::fs::remove_dir_all(&work) {
1277 +         match fs::remove_dir_all(&work) {
     |

warning: unnecessary qualification
    --> frontends/typescript/src/legacy/checker.rs:1333:17
     |
1333 |                 std::fs::write(&file, source).map_err(|cause| CheckerError::Work {
     |                 ^^^^^^^^^^^^^^
     |
help: remove the unnecessary path segments
     |
1333 -                 std::fs::write(&file, source).map_err(|cause| CheckerError::Work {
1333 +                 fs::write(&file, source).map_err(|cause| CheckerError::Work {
     |

warning: unnecessary qualification
    --> frontends/typescript/src/legacy/checker.rs:1342:15
     |
1342 |         match std::fs::remove_dir_all(&work) {
     |               ^^^^^^^^^^^^^^^^^^^^^^^
     |
help: remove the unnecessary path segments
     |
1342 -         match std::fs::remove_dir_all(&work) {
1342 +         match fs::remove_dir_all(&work) {
     |

warning: unnecessary qualification
    --> frontends/typescript/src/legacy/checker.rs:1377:15
     |
1377 |         match std::fs::remove_dir_all(&work) {
     |               ^^^^^^^^^^^^^^^^^^^^^^^
     |
help: remove the unnecessary path segments
     |
1377 -         match std::fs::remove_dir_all(&work) {
1377 +         match fs::remove_dir_all(&work) {
     |

warning: unnecessary qualification
    --> frontends/typescript/src/legacy/checker.rs:1397:9
     |
1397 |         std::fs::write(&file, source).map_err(|cause| CheckerError::Work {
     |         ^^^^^^^^^^^^^^
     |
help: remove the unnecessary path segments
     |
1397 -         std::fs::write(&file, source).map_err(|cause| CheckerError::Work {
1397 +         fs::write(&file, source).map_err(|cause| CheckerError::Work {
     |

warning: unnecessary qualification
    --> frontends/typescript/src/legacy/checker.rs:1424:9
     |
1424 |         std::fs::write(&file, source).map_err(|cause| CheckerError::Work {
     |         ^^^^^^^^^^^^^^
     |
help: remove the unnecessary path segments
     |
1424 -         std::fs::write(&file, source).map_err(|cause| CheckerError::Work {
1424 +         fs::write(&file, source).map_err(|cause| CheckerError::Work {
     |

warning: unnecessary qualification
    --> frontends/typescript/src/legacy/checker.rs:1443:13
     |
1443 |             std::fs::write(&file, source).map_err(|cause| CheckerError::Work {
     |             ^^^^^^^^^^^^^^
     |
help: remove the unnecessary path segments
     |
1443 -             std::fs::write(&file, source).map_err(|cause| CheckerError::Work {
1443 +             fs::write(&file, source).map_err(|cause| CheckerError::Work {
     |

warning: unnecessary qualification
    --> frontends/typescript/src/legacy/checker.rs:1449:15
     |
1449 |         match std::fs::remove_dir_all(&work) {
     |               ^^^^^^^^^^^^^^^^^^^^^^^
     |
help: remove the unnecessary path segments
     |
1449 -         match std::fs::remove_dir_all(&work) {
1449 +         match fs::remove_dir_all(&work) {
     |

warning: unnecessary qualification
    --> frontends/typescript/src/legacy/checker.rs:1740:20
     |
1740 |     let metadata = std::fs::symlink_metadata(source).map_err(|cause| CheckerError::Work {
     |                    ^^^^^^^^^^^^^^^^^^^^^^^^^
     |
help: remove the unnecessary path segments
     |
1740 -     let metadata = std::fs::symlink_metadata(source).map_err(|cause| CheckerError::Work {
1740 +     let metadata = fs::symlink_metadata(source).map_err(|cause| CheckerError::Work {
     |

warning: unnecessary qualification
    --> frontends/typescript/src/legacy/checker.rs:1750:5
     |
1750 |     std::fs::create_dir_all(destination).map_err(|cause| CheckerError::Work {
     |     ^^^^^^^^^^^^^^^^^^^^^^^
     |
help: remove the unnecessary path segments
     |
1750 -     std::fs::create_dir_all(destination).map_err(|cause| CheckerError::Work {
1750 +     fs::create_dir_all(destination).map_err(|cause| CheckerError::Work {
     |

warning: unnecessary qualification
    --> frontends/typescript/src/legacy/checker.rs:1754:18
     |
1754 |     for entry in std::fs::read_dir(source).map_err(|cause| CheckerError::Work {
     |                  ^^^^^^^^^^^^^^^^^
     |
help: remove the unnecessary path segments
     |
1754 -     for entry in std::fs::read_dir(source).map_err(|cause| CheckerError::Work {
1754 +     for entry in fs::read_dir(source).map_err(|cause| CheckerError::Work {
     |

warning: unnecessary qualification
    --> frontends/typescript/src/legacy/checker.rs:1771:24
     |
1771 |         let metadata = std::fs::symlink_metadata(&child).map_err(|cause| CheckerError::Work {
     |                        ^^^^^^^^^^^^^^^^^^^^^^^^^
     |
help: remove the unnecessary path segments
     |
1771 -         let metadata = std::fs::symlink_metadata(&child).map_err(|cause| CheckerError::Work {
1771 +         let metadata = fs::symlink_metadata(&child).map_err(|cause| CheckerError::Work {
     |

warning: unnecessary qualification
    --> frontends/typescript/src/legacy/checker.rs:1808:13
     |
1808 |             std::fs::File::open(&child)
     |             ^^^^^^^^^^^^^^^^^^^
     |
help: remove the unnecessary path segments
     |
1808 -             std::fs::File::open(&child)
1808 +             fs::File::open(&child)
     |

warning: unnecessary qualification
    --> frontends/typescript/src/legacy/checker.rs:1844:13
     |
1844 |             std::fs::write(&target, bytes).map_err(|cause| CheckerError::Work {
     |             ^^^^^^^^^^^^^^
     |
help: remove the unnecessary path segments
     |
1844 -             std::fs::write(&target, bytes).map_err(|cause| CheckerError::Work {
1844 +             fs::write(&target, bytes).map_err(|cause| CheckerError::Work {
     |

warning: `backend-frontend-typescript` (lib) generated 16 warnings (run `cargo fix --lib -p backend-frontend-typescript` to apply 16 suggestions)
       Dirty backend-frontend-java v0.2.0 (/Users/rmccrar6/codex-worktrees/luna-index-projection-fastpath-7382-20261008/frontends/java): the dependency `backend-compile` was rebuilt
   Compiling backend-frontend-java v0.2.0 (/Users/rmccrar6/codex-worktrees/luna-index-projection-fastpath-7382-20261008/frontends/java)
     Running `/nix/store/ff5chd1i7bm0d7ki0ahkbkgwij973qvx-rust-1.97.1-with-components-2026-07-16/bin/rustc --crate-name backend_frontend_java --edition=2024 frontends/java/lib.rs --error-format=json --json=diagnostic-rendered-ansi,artifacts,future-incompat --crate-type lib --emit=dep-info,metadata,link -C embed-bitcode=no -C debuginfo=1 -C split-debuginfo=unpacked '--warn=clippy::pedantic' '--warn=clippy::all' '--deny=clippy::unwrap_used' --warn=unused_qualifications --warn=unused_lifetimes --deny=unsafe_code --warn=unreachable_pub '--deny=clippy::unimplemented' '--deny=clippy::todo' '--warn=clippy::panic' --warn=missing_docs '--deny=clippy::mem_forget' '--warn=clippy::expect_used' '--deny=clippy::dbg_macro' --check-cfg 'cfg(docsrs,test)' --check-cfg 'cfg(feature, values())' -C metadata=13d8ff63fc886495 -C extra-filename=-88ad7c65b84314d3 --out-dir /Users/rmccrar6/codex-worktrees/luna-clippy-warning-cleanup-20261007/.local/build/clippy-current-canonical-20261007/debug/deps -L dependency=/Users/rmccrar6/codex-worktrees/luna-clippy-warning-cleanup-20261007/.local/build/clippy-current-canonical-20261007/debug/deps --extern backend_compile=/Users/rmccrar6/codex-worktrees/luna-clippy-warning-cleanup-20261007/.local/build/clippy-current-canonical-20261007/debug/deps/libbackend_compile-e77d351d591fc132.rmeta --extern backend_semantic=/Users/rmccrar6/codex-worktrees/luna-clippy-warning-cleanup-20261007/.local/build/clippy-current-canonical-20261007/debug/deps/libbackend_semantic-f840df0bae813320.rmeta --extern flate2=/Users/rmccrar6/codex-worktrees/luna-clippy-warning-cleanup-20261007/.local/build/clippy-current-canonical-20261007/debug/deps/libflate2-98010828220c805d.rmeta --extern sha2=/Users/rmccrar6/codex-worktrees/luna-clippy-warning-cleanup-20261007/.local/build/clippy-current-canonical-20261007/debug/deps/libsha2-ed7a8d577b29fe49.rmeta --extern thiserror=/Users/rmccrar6/codex-worktrees/luna-clippy-warning-cleanup-20261007/.local/build/clippy-current-canonical-20261007/debug/deps/libthiserror-34be1a9b3117e1d6.rmeta --extern tree_sitter_java=/Users/rmccrar6/codex-worktrees/luna-clippy-warning-cleanup-20261007/.local/build/clippy-current-canonical-20261007/debug/deps/libtree_sitter_java-3a42663f04418e11.rmeta --extern ureq=/Users/rmccrar6/codex-worktrees/luna-clippy-warning-cleanup-20261007/.local/build/clippy-current-canonical-20261007/debug/deps/libureq-2fcb6401993fb18b.rmeta -L native=/Users/rmccrar6/codex-worktrees/luna-clippy-warning-cleanup-20261007/.local/build/clippy-current-canonical-20261007/debug/build/blake3-c1cb4c3099a1fc7f/out -L native=/Users/rmccrar6/codex-worktrees/luna-clippy-warning-cleanup-20261007/.local/build/clippy-current-canonical-20261007/debug/build/simsimd-57d7ccc1ff7a2e26/out -L native=/Users/rmccrar6/codex-worktrees/luna-clippy-warning-cleanup-20261007/.local/build/clippy-current-canonical-20261007/debug/build/tree-sitter-47647a70e9977a2a/out -L native=/Users/rmccrar6/codex-worktrees/luna-clippy-warning-cleanup-20261007/.local/build/clippy-current-canonical-20261007/debug/build/ring-53e80969c9e79690/out -L native=/Users/rmccrar6/codex-worktrees/luna-clippy-warning-cleanup-20261007/.local/build/clippy-current-canonical-20261007/debug/build/tree-sitter-java-4861b19e6895f680/out`
     Running `/nix/store/ff5chd1i7bm0d7ki0ahkbkgwij973qvx-rust-1.97.1-with-components-2026-07-16/bin/rustc --crate-name backend_frontend_go --edition=2024 frontends/go/lib.rs --error-format=json --json=diagnostic-rendered-ansi,artifacts,future-incompat --crate-type lib --emit=dep-info,metadata,link -C embed-bitcode=no -C debuginfo=1 -C split-debuginfo=unpacked '--warn=clippy::pedantic' '--warn=clippy::all' '--deny=clippy::unwrap_used' --warn=unused_qualifications --warn=unused_lifetimes --deny=unsafe_code --warn=unreachable_pub '--deny=clippy::unimplemented' '--deny=clippy::todo' '--warn=clippy::panic' --warn=missing_docs '--deny=clippy::mem_forget' '--warn=clippy::expect_used' '--deny=clippy::dbg_macro' --check-cfg 'cfg(docsrs,test)' --check-cfg 'cfg(feature, values())' -C metadata=58b606b47468f7c9 -C extra-filename=-6860f2cd129f08ab --out-dir /Users/rmccrar6/codex-worktrees/luna-clippy-warning-cleanup-20261007/.local/build/clippy-current-canonical-20261007/debug/deps -L dependency=/Users/rmccrar6/codex-worktrees/luna-clippy-warning-cleanup-20261007/.local/build/clippy-current-canonical-20261007/debug/deps --extern backend_compile=/Users/rmccrar6/codex-worktrees/luna-clippy-warning-cleanup-20261007/.local/build/clippy-current-canonical-20261007/debug/deps/libbackend_compile-e77d351d591fc132.rmeta --extern backend_platform=/Users/rmccrar6/codex-worktrees/luna-clippy-warning-cleanup-20261007/.local/build/clippy-current-canonical-20261007/debug/deps/libbackend_platform-3e94ae60de778f92.rmeta --extern backend_semantic=/Users/rmccrar6/codex-worktrees/luna-clippy-warning-cleanup-20261007/.local/build/clippy-current-canonical-20261007/debug/deps/libbackend_semantic-f840df0bae813320.rmeta --extern fs4=/Users/rmccrar6/codex-worktrees/luna-clippy-warning-cleanup-20261007/.local/build/clippy-current-canonical-20261007/debug/deps/libfs4-01faf8b511447eba.rmeta --extern rustix=/Users/rmccrar6/codex-worktrees/luna-clippy-warning-cleanup-20261007/.local/build/clippy-current-canonical-20261007/debug/deps/librustix-3d1e1a8de5df5998.rmeta --extern serde=/Users/rmccrar6/codex-worktrees/luna-clippy-warning-cleanup-20261007/.local/build/clippy-current-canonical-20261007/debug/deps/libserde-bb561d23e6a68d5f.rmeta --extern serde_json=/Users/rmccrar6/codex-worktrees/luna-clippy-warning-cleanup-20261007/.local/build/clippy-current-canonical-20261007/debug/deps/libserde_json-5519587ec51e9b8e.rmeta --extern sha2=/Users/rmccrar6/codex-worktrees/luna-clippy-warning-cleanup-20261007/.local/build/clippy-current-canonical-20261007/debug/deps/libsha2-ed7a8d577b29fe49.rmeta --extern tempfile=/Users/rmccrar6/codex-worktrees/luna-clippy-warning-cleanup-20261007/.local/build/clippy-current-canonical-20261007/debug/deps/libtempfile-3bbde70fd6c60ac6.rmeta --extern thiserror=/Users/rmccrar6/codex-worktrees/luna-clippy-warning-cleanup-20261007/.local/build/clippy-current-canonical-20261007/debug/deps/libthiserror-34be1a9b3117e1d6.rmeta --extern tree_sitter_go=/Users/rmccrar6/codex-worktrees/luna-clippy-warning-cleanup-20261007/.local/build/clippy-current-canonical-20261007/debug/deps/libtree_sitter_go-db4dffde25c8a60a.rmeta -L native=/Users/rmccrar6/codex-worktrees/luna-clippy-warning-cleanup-20261007/.local/build/clippy-current-canonical-20261007/debug/build/blake3-c1cb4c3099a1fc7f/out -L native=/Users/rmccrar6/codex-worktrees/luna-clippy-warning-cleanup-20261007/.local/build/clippy-current-canonical-20261007/debug/build/simsimd-57d7ccc1ff7a2e26/out -L native=/Users/rmccrar6/codex-worktrees/luna-clippy-warning-cleanup-20261007/.local/build/clippy-current-canonical-20261007/debug/build/tree-sitter-47647a70e9977a2a/out -L native=/Users/rmccrar6/codex-worktrees/luna-clippy-warning-cleanup-20261007/.local/build/clippy-current-canonical-20261007/debug/build/ring-53e80969c9e79690/out -L native=/Users/rmccrar6/codex-worktrees/luna-clippy-warning-cleanup-20261007/.local/build/clippy-current-canonical-20261007/debug/build/tree-sitter-go-358cc2b17efe5bfd/out`
       Dirty backend-frontend-clang v0.2.0 (/Users/rmccrar6/codex-worktrees/luna-index-projection-fastpath-7382-20261008/frontends/clang): the dependency `backend-compile` was rebuilt
   Compiling backend-frontend-clang v0.2.0 (/Users/rmccrar6/codex-worktrees/luna-index-projection-fastpath-7382-20261008/frontends/clang)
     Running `/nix/store/ff5chd1i7bm0d7ki0ahkbkgwij973qvx-rust-1.97.1-with-components-2026-07-16/bin/rustc --crate-name backend_frontend_clang --edition=2024 frontends/clang/lib.rs --error-format=json --json=diagnostic-rendered-ansi,artifacts,future-incompat --crate-type lib --emit=dep-info,metadata,link -C embed-bitcode=no -C debuginfo=1 -C split-debuginfo=unpacked '--warn=clippy::pedantic' '--warn=clippy::all' '--deny=clippy::unwrap_used' --warn=unused_qualifications --warn=unused_lifetimes --deny=unsafe_code --warn=unreachable_pub '--deny=clippy::unimplemented' '--deny=clippy::todo' '--warn=clippy::panic' --warn=missing_docs '--deny=clippy::mem_forget' '--warn=clippy::expect_used' '--deny=clippy::dbg_macro' --check-cfg 'cfg(docsrs,test)' --check-cfg 'cfg(feature, values("native-test"))' -C metadata=2c2d1edaecb568fc -C extra-filename=-bff43e185177de41 --out-dir /Users/rmccrar6/codex-worktrees/luna-clippy-warning-cleanup-20261007/.local/build/clippy-current-canonical-20261007/debug/deps -L dependency=/Users/rmccrar6/codex-worktrees/luna-clippy-warning-cleanup-20261007/.local/build/clippy-current-canonical-20261007/debug/deps --extern backend_compile=/Users/rmccrar6/codex-worktrees/luna-clippy-warning-cleanup-20261007/.local/build/clippy-current-canonical-20261007/debug/deps/libbackend_compile-e77d351d591fc132.rmeta --extern backend_semantic=/Users/rmccrar6/codex-worktrees/luna-clippy-warning-cleanup-20261007/.local/build/clippy-current-canonical-20261007/debug/deps/libbackend_semantic-f840df0bae813320.rmeta --extern blake3=/Users/rmccrar6/codex-worktrees/luna-clippy-warning-cleanup-20261007/.local/build/clippy-current-canonical-20261007/debug/deps/libblake3-4f44f49a9a64a61d.rmeta --extern clang_sys=/Users/rmccrar6/codex-worktrees/luna-clippy-warning-cleanup-20261007/.local/build/clippy-current-canonical-20261007/debug/deps/libclang_sys-5ca2a6a6ac7f68f6.rmeta --extern serde=/Users/rmccrar6/codex-worktrees/luna-clippy-warning-cleanup-20261007/.local/build/clippy-current-canonical-20261007/debug/deps/libserde-bb561d23e6a68d5f.rmeta --extern serde_json=/Users/rmccrar6/codex-worktrees/luna-clippy-warning-cleanup-20261007/.local/build/clippy-current-canonical-20261007/debug/deps/libserde_json-5519587ec51e9b8e.rmeta --extern thiserror=/Users/rmccrar6/codex-worktrees/luna-clippy-warning-cleanup-20261007/.local/build/clippy-current-canonical-20261007/debug/deps/libthiserror-34be1a9b3117e1d6.rmeta --extern tree_sitter_cpp=/Users/rmccrar6/codex-worktrees/luna-clippy-warning-cleanup-20261007/.local/build/clippy-current-canonical-20261007/debug/deps/libtree_sitter_cpp-7fa98e1d911acd80.rmeta -L native=/Users/rmccrar6/codex-worktrees/luna-clippy-warning-cleanup-20261007/.local/build/clippy-current-canonical-20261007/debug/build/blake3-c1cb4c3099a1fc7f/out -L native=/Users/rmccrar6/codex-worktrees/luna-clippy-warning-cleanup-20261007/.local/build/clippy-current-canonical-20261007/debug/build/simsimd-57d7ccc1ff7a2e26/out -L native=/Users/rmccrar6/codex-worktrees/luna-clippy-warning-cleanup-20261007/.local/build/clippy-current-canonical-20261007/debug/build/tree-sitter-47647a70e9977a2a/out -L native=/Users/rmccrar6/codex-worktrees/luna-clippy-warning-cleanup-20261007/.local/build/clippy-current-canonical-20261007/debug/build/ring-53e80969c9e79690/out -L native=/Users/rmccrar6/codex-worktrees/luna-clippy-warning-cleanup-20261007/.local/build/clippy-current-canonical-20261007/debug/build/tree-sitter-cpp-2ede425b60a2312f/out`
       Dirty backend-frontend-rust v0.2.0 (/Users/rmccrar6/codex-worktrees/luna-index-projection-fastpath-7382-20261008/frontends/rust): the dependency `backend-compile` was rebuilt
   Compiling backend-frontend-rust v0.2.0 (/Users/rmccrar6/codex-worktrees/luna-index-projection-fastpath-7382-20261008/frontends/rust)
     Running `/nix/store/ff5chd1i7bm0d7ki0ahkbkgwij973qvx-rust-1.97.1-with-components-2026-07-16/bin/rustc --crate-name backend_frontend_rust --edition=2024 frontends/rust/lib.rs --error-format=json --json=diagnostic-rendered-ansi,artifacts,future-incompat --crate-type lib --emit=dep-info,metadata,link -C embed-bitcode=no -C debuginfo=1 -C split-debuginfo=unpacked '--warn=clippy::pedantic' '--warn=clippy::all' '--deny=clippy::unwrap_used' --warn=unused_qualifications --warn=unused_lifetimes --deny=unsafe_code --warn=unreachable_pub '--deny=clippy::unimplemented' '--deny=clippy::todo' '--warn=clippy::panic' --warn=missing_docs '--deny=clippy::mem_forget' '--warn=clippy::expect_used' '--deny=clippy::dbg_macro' --check-cfg 'cfg(docsrs,test)' --check-cfg 'cfg(feature, values())' -C metadata=8a65630c6b35ebb3 -C extra-filename=-e0db2b8df6381cff --out-dir /Users/rmccrar6/codex-worktrees/luna-clippy-warning-cleanup-20261007/.local/build/clippy-current-canonical-20261007/debug/deps -L dependency=/Users/rmccrar6/codex-worktrees/luna-clippy-warning-cleanup-20261007/.local/build/clippy-current-canonical-20261007/debug/deps --extern anyhow=/Users/rmccrar6/codex-worktrees/luna-clippy-warning-cleanup-20261007/.local/build/clippy-current-canonical-20261007/debug/deps/libanyhow-9ee99c72b6cfcb4f.rmeta --extern backend_compile=/Users/rmccrar6/codex-worktrees/luna-clippy-warning-cleanup-20261007/.local/build/clippy-current-canonical-20261007/debug/deps/libbackend_compile-e77d351d591fc132.rmeta --extern backend_semantic=/Users/rmccrar6/codex-worktrees/luna-clippy-warning-cleanup-20261007/.local/build/clippy-current-canonical-20261007/debug/deps/libbackend_semantic-f840df0bae813320.rmeta --extern blake3=/Users/rmccrar6/codex-worktrees/luna-clippy-warning-cleanup-20261007/.local/build/clippy-current-canonical-20261007/debug/deps/libblake3-4f44f49a9a64a61d.rmeta --extern ra_ap_base_db=/Users/rmccrar6/codex-worktrees/luna-clippy-warning-cleanup-20261007/.local/build/clippy-current-canonical-20261007/debug/deps/libra_ap_base_db-106ee44223cc5df5.rmeta --extern ra_ap_hir=/Users/rmccrar6/codex-worktrees/luna-clippy-warning-cleanup-20261007/.local/build/clippy-current-canonical-20261007/debug/deps/libra_ap_hir-91e13002b9c9fc66.rmeta --extern ra_ap_hir_def=/Users/rmccrar6/codex-worktrees/luna-clippy-warning-cleanup-20261007/.local/build/clippy-current-canonical-20261007/debug/deps/libra_ap_hir_def-ed0847448bb125f6.rmeta --extern ra_ap_hir_ty=/Users/rmccrar6/codex-worktrees/luna-clippy-warning-cleanup-20261007/.local/build/clippy-current-canonical-20261007/debug/deps/libra_ap_hir_ty-6ed626516d89b739.rmeta --extern ra_ap_ide_db=/Users/rmccrar6/codex-worktrees/luna-clippy-warning-cleanup-20261007/.local/build/clippy-current-canonical-20261007/debug/deps/libra_ap_ide_db-4cf764dd9ccbe6e5.rmeta --extern ra_ap_load_cargo=/Users/rmccrar6/codex-worktrees/luna-clippy-warning-cleanup-20261007/.local/build/clippy-current-canonical-20261007/debug/deps/libra_ap_load_cargo-1931e40cd91c0c6c.rmeta --extern ra_ap_project_model=/Users/rmccrar6/codex-worktrees/luna-clippy-warning-cleanup-20261007/.local/build/clippy-current-canonical-20261007/debug/deps/libra_ap_project_model-b4453ce2fdf869d1.rmeta --extern ra_ap_syntax=/Users/rmccrar6/codex-worktrees/luna-clippy-warning-cleanup-20261007/.local/build/clippy-current-canonical-20261007/debug/deps/libra_ap_syntax-e7edc2ab57f905e0.rmeta --extern ra_ap_vfs=/Users/rmccrar6/codex-worktrees/luna-clippy-warning-cleanup-20261007/.local/build/clippy-current-canonical-20261007/debug/deps/libra_ap_vfs-f1d554add18d173a.rmeta --extern serde=/Users/rmccrar6/codex-worktrees/luna-clippy-warning-cleanup-20261007/.local/build/clippy-current-canonical-20261007/debug/deps/libserde-bb561d23e6a68d5f.rmeta --extern serde_json=/Users/rmccrar6/codex-worktrees/luna-clippy-warning-cleanup-20261007/.local/build/clippy-current-canonical-20261007/debug/deps/libserde_json-5519587ec51e9b8e.rmeta --extern thiserror=/Users/rmccrar6/codex-worktrees/luna-clippy-warning-cleanup-20261007/.local/build/clippy-current-canonical-20261007/debug/deps/libthiserror-34be1a9b3117e1d6.rmeta --extern tree_sitter_rust=/Users/rmccrar6/codex-worktrees/luna-clippy-warning-cleanup-20261007/.local/build/clippy-current-canonical-20261007/debug/deps/libtree_sitter_rust-9871ccb422bcd574.rmeta -L native=/Users/rmccrar6/codex-worktrees/luna-clippy-warning-cleanup-20261007/.local/build/clippy-current-canonical-20261007/debug/build/blake3-c1cb4c3099a1fc7f/out -L native=/Users/rmccrar6/codex-worktrees/luna-clippy-warning-cleanup-20261007/.local/build/clippy-current-canonical-20261007/debug/build/simsimd-57d7ccc1ff7a2e26/out -L native=/Users/rmccrar6/codex-worktrees/luna-clippy-warning-cleanup-20261007/.local/build/clippy-current-canonical-20261007/debug/build/tree-sitter-47647a70e9977a2a/out -L native=/Users/rmccrar6/codex-worktrees/luna-clippy-warning-cleanup-20261007/.local/build/clippy-current-canonical-20261007/debug/build/ring-53e80969c9e79690/out -L native=/Users/rmccrar6/codex-worktrees/luna-clippy-warning-cleanup-20261007/.local/build/clippy-current-canonical-20261007/debug/build/tree-sitter-rust-f0712bd638d3eda3/out`
       Dirty backend-cluster-transport v0.2.0 (/Users/rmccrar6/codex-worktrees/luna-index-projection-fastpath-7382-20261008/crates/cluster-transport): the dependency `backend-store` was rebuilt
   Compiling backend-cluster-transport v0.2.0 (/Users/rmccrar6/codex-worktrees/luna-index-projection-fastpath-7382-20261008/crates/cluster-transport)
     Running `/nix/store/ff5chd1i7bm0d7ki0ahkbkgwij973qvx-rust-1.97.1-with-components-2026-07-16/bin/rustc --crate-name backend_cluster_transport --edition=2024 crates/cluster-transport/src/lib.rs --error-format=json --json=diagnostic-rendered-ansi,artifacts,future-incompat --crate-type lib --emit=dep-info,metadata,link -C embed-bitcode=no -C debuginfo=1 -C split-debuginfo=unpacked '--warn=clippy::pedantic' '--warn=clippy::all' '--deny=clippy::unwrap_used' --warn=unused_qualifications --warn=unused_lifetimes --deny=unsafe_code --warn=unreachable_pub '--deny=clippy::unimplemented' '--deny=clippy::todo' '--warn=clippy::panic' --warn=missing_docs '--deny=clippy::mem_forget' '--warn=clippy::expect_used' '--deny=clippy::dbg_macro' --check-cfg 'cfg(docsrs,test)' --check-cfg 'cfg(feature, values())' -C metadata=2f174cd9f6a7a99d -C extra-filename=-b8a1b40ec19e24db --out-dir /Users/rmccrar6/codex-worktrees/luna-clippy-warning-cleanup-20261007/.local/build/clippy-current-canonical-20261007/debug/deps -L dependency=/Users/rmccrar6/codex-worktrees/luna-clippy-warning-cleanup-20261007/.local/build/clippy-current-canonical-20261007/debug/deps --extern backend_store=/Users/rmccrar6/codex-worktrees/luna-clippy-warning-cleanup-20261007/.local/build/clippy-current-canonical-20261007/debug/deps/libbackend_store-341f46d1b47647bc.rmeta --extern backend_version=/Users/rmccrar6/codex-worktrees/luna-clippy-warning-cleanup-20261007/.local/build/clippy-current-canonical-20261007/debug/deps/libbackend_version-9724f8132b25ba74.rmeta --extern bao_tree=/Users/rmccrar6/codex-worktrees/luna-clippy-warning-cleanup-20261007/.local/build/clippy-current-canonical-20261007/debug/deps/libbao_tree-718bdd0e85fb40a6.rmeta --extern blake3=/Users/rmccrar6/codex-worktrees/luna-clippy-warning-cleanup-20261007/.local/build/clippy-current-canonical-20261007/debug/deps/libblake3-4f44f49a9a64a61d.rmeta --extern bytes=/Users/rmccrar6/codex-worktrees/luna-clippy-warning-cleanup-20261007/.local/build/clippy-current-canonical-20261007/debug/deps/libbytes-755bcdcadc7d3eeb.rmeta --extern iroh=/Users/rmccrar6/codex-worktrees/luna-clippy-warning-cleanup-20261007/.local/build/clippy-current-canonical-20261007/debug/deps/libiroh-d8e00c808087502c.rlib --extern iroh_io=/Users/rmccrar6/codex-worktrees/luna-clippy-warning-cleanup-20261007/.local/build/clippy-current-canonical-20261007/debug/deps/libiroh_io-a9d59a80e4cc742d.rmeta --extern postcard=/Users/rmccrar6/codex-worktrees/luna-clippy-warning-cleanup-20261007/.local/build/clippy-current-canonical-20261007/debug/deps/libpostcard-d45624e1f04c328c.rmeta --extern rustix=/Users/rmccrar6/codex-worktrees/luna-clippy-warning-cleanup-20261007/.local/build/clippy-current-canonical-20261007/debug/deps/librustix-3d1e1a8de5df5998.rmeta --extern serde=/Users/rmccrar6/codex-worktrees/luna-clippy-warning-cleanup-20261007/.local/build/clippy-current-canonical-20261007/debug/deps/libserde-bb561d23e6a68d5f.rmeta --extern serde_json=/Users/rmccrar6/codex-worktrees/luna-clippy-warning-cleanup-20261007/.local/build/clippy-current-canonical-20261007/debug/deps/libserde_json-5519587ec51e9b8e.rmeta --extern thiserror=/Users/rmccrar6/codex-worktrees/luna-clippy-warning-cleanup-20261007/.local/build/clippy-current-canonical-20261007/debug/deps/libthiserror-34be1a9b3117e1d6.rmeta --extern tokio=/Users/rmccrar6/codex-worktrees/luna-clippy-warning-cleanup-20261007/.local/build/clippy-current-canonical-20261007/debug/deps/libtokio-2f4772e47d045e45.rmeta -L native=/Users/rmccrar6/codex-worktrees/luna-clippy-warning-cleanup-20261007/.local/build/clippy-current-canonical-20261007/debug/build/blake3-c1cb4c3099a1fc7f/out -L native=/Users/rmccrar6/codex-worktrees/luna-clippy-warning-cleanup-20261007/.local/build/clippy-current-canonical-20261007/debug/build/ring-53e80969c9e79690/out`
       Dirty backend-extension-trustfall v0.2.0 (/Users/rmccrar6/codex-worktrees/luna-index-projection-fastpath-7382-20261008/extensions/trustfall): the dependency `backend-semantic` was rebuilt
   Compiling backend-extension-trustfall v0.2.0 (/Users/rmccrar6/codex-worktrees/luna-index-projection-fastpath-7382-20261008/extensions/trustfall)
     Running `/nix/store/ff5chd1i7bm0d7ki0ahkbkgwij973qvx-rust-1.97.1-with-components-2026-07-16/bin/rustc --crate-name backend_extension_trustfall --edition=2024 extensions/trustfall/src/lib.rs --error-format=json --json=diagnostic-rendered-ansi,artifacts,future-incompat --crate-type lib --emit=dep-info,metadata,link -C embed-bitcode=no -C debuginfo=1 -C split-debuginfo=unpacked '--warn=clippy::pedantic' '--warn=clippy::all' '--deny=clippy::unwrap_used' --warn=unused_qualifications --warn=unused_lifetimes --deny=unsafe_code --warn=unreachable_pub '--deny=clippy::unimplemented' '--deny=clippy::todo' '--warn=clippy::panic' --warn=missing_docs '--deny=clippy::mem_forget' '--warn=clippy::expect_used' '--deny=clippy::dbg_macro' --check-cfg 'cfg(docsrs,test)' --check-cfg 'cfg(feature, values())' -C metadata=995a55e8bd6028ab -C extra-filename=-0bf0db68b1b9f819 --out-dir /Users/rmccrar6/codex-worktrees/luna-clippy-warning-cleanup-20261007/.local/build/clippy-current-canonical-20261007/debug/deps -L dependency=/Users/rmccrar6/codex-worktrees/luna-clippy-warning-cleanup-20261007/.local/build/clippy-current-canonical-20261007/debug/deps --extern backend_flow=/Users/rmccrar6/codex-worktrees/luna-clippy-warning-cleanup-20261007/.local/build/clippy-current-canonical-20261007/debug/deps/libbackend_flow-198b382317d3f103.rmeta --extern backend_library=/Users/rmccrar6/codex-worktrees/luna-clippy-warning-cleanup-20261007/.local/build/clippy-current-canonical-20261007/debug/deps/libbackend_library-408f3256788f0bdc.rmeta --extern backend_semantic=/Users/rmccrar6/codex-worktrees/luna-clippy-warning-cleanup-20261007/.local/build/clippy-current-canonical-20261007/debug/deps/libbackend_semantic-f840df0bae813320.rmeta --extern backend_version=/Users/rmccrar6/codex-worktrees/luna-clippy-warning-cleanup-20261007/.local/build/clippy-current-canonical-20261007/debug/deps/libbackend_version-9724f8132b25ba74.rmeta --extern blake3=/Users/rmccrar6/codex-worktrees/luna-clippy-warning-cleanup-20261007/.local/build/clippy-current-canonical-20261007/debug/deps/libblake3-4f44f49a9a64a61d.rmeta --extern futures_core=/Users/rmccrar6/codex-worktrees/luna-clippy-warning-cleanup-20261007/.local/build/clippy-current-canonical-20261007/debug/deps/libfutures_core-e693d5ab7d9321d3.rmeta --extern futures_util=/Users/rmccrar6/codex-worktrees/luna-clippy-warning-cleanup-20261007/.local/build/clippy-current-canonical-20261007/debug/deps/libfutures_util-8a9ab12dea3a1a6f.rmeta --extern thiserror=/Users/rmccrar6/codex-worktrees/luna-clippy-warning-cleanup-20261007/.local/build/clippy-current-canonical-20261007/debug/deps/libthiserror-34be1a9b3117e1d6.rmeta --extern trustfall=/Users/rmccrar6/codex-worktrees/luna-clippy-warning-cleanup-20261007/.local/build/clippy-current-canonical-20261007/debug/deps/libtrustfall-5d50534da93286af.rmeta --extern trustfall_core=/Users/rmccrar6/codex-worktrees/luna-clippy-warning-cleanup-20261007/.local/build/clippy-current-canonical-20261007/debug/deps/libtrustfall_core-aabb99f1e707b64e.rmeta -L native=/Users/rmccrar6/codex-worktrees/luna-clippy-warning-cleanup-20261007/.local/build/clippy-current-canonical-20261007/debug/build/blake3-c1cb4c3099a1fc7f/out -L native=/Users/rmccrar6/codex-worktrees/luna-clippy-warning-cleanup-20261007/.local/build/clippy-current-canonical-20261007/debug/build/simsimd-57d7ccc1ff7a2e26/out -L native=/Users/rmccrar6/codex-worktrees/luna-clippy-warning-cleanup-20261007/.local/build/clippy-current-canonical-20261007/debug/build/tree-sitter-47647a70e9977a2a/out -L native=/Users/rmccrar6/codex-worktrees/luna-clippy-warning-cleanup-20261007/.local/build/clippy-current-canonical-20261007/debug/build/ring-53e80969c9e79690/out`
       Dirty backend-extension-tantivy v0.2.0 (/Users/rmccrar6/codex-worktrees/luna-index-projection-fastpath-7382-20261008/extensions/tantivy): the dependency `backend-platform` was rebuilt
   Compiling backend-extension-tantivy v0.2.0 (/Users/rmccrar6/codex-worktrees/luna-index-projection-fastpath-7382-20261008/extensions/tantivy)
     Running `/nix/store/ff5chd1i7bm0d7ki0ahkbkgwij973qvx-rust-1.97.1-with-components-2026-07-16/bin/rustc --crate-name backend_extension_tantivy --edition=2024 extensions/tantivy/src/lib.rs --error-format=json --json=diagnostic-rendered-ansi,artifacts,future-incompat --crate-type lib --emit=dep-info,metadata,link -C embed-bitcode=no -C debuginfo=1 -C split-debuginfo=unpacked '--warn=clippy::pedantic' '--warn=clippy::all' '--deny=clippy::unwrap_used' --warn=unused_qualifications --warn=unused_lifetimes --deny=unsafe_code --warn=unreachable_pub '--deny=clippy::unimplemented' '--deny=clippy::todo' '--warn=clippy::panic' --warn=missing_docs '--deny=clippy::mem_forget' '--warn=clippy::expect_used' '--deny=clippy::dbg_macro' --cfg 'feature="default"' --check-cfg 'cfg(docsrs,test)' --check-cfg 'cfg(feature, values("default"))' -C metadata=cf5def9edb9aca31 -C extra-filename=-ad3d1809d6deb0b1 --out-dir /Users/rmccrar6/codex-worktrees/luna-clippy-warning-cleanup-20261007/.local/build/clippy-current-canonical-20261007/debug/deps -L dependency=/Users/rmccrar6/codex-worktrees/luna-clippy-warning-cleanup-20261007/.local/build/clippy-current-canonical-20261007/debug/deps --extern backend_platform=/Users/rmccrar6/codex-worktrees/luna-clippy-warning-cleanup-20261007/.local/build/clippy-current-canonical-20261007/debug/deps/libbackend_platform-3e94ae60de778f92.rmeta --extern backend_semantic=/Users/rmccrar6/codex-worktrees/luna-clippy-warning-cleanup-20261007/.local/build/clippy-current-canonical-20261007/debug/deps/libbackend_semantic-f840df0bae813320.rmeta --extern backend_version=/Users/rmccrar6/codex-worktrees/luna-clippy-warning-cleanup-20261007/.local/build/clippy-current-canonical-20261007/debug/deps/libbackend_version-9724f8132b25ba74.rmeta --extern blake3=/Users/rmccrar6/codex-worktrees/luna-clippy-warning-cleanup-20261007/.local/build/clippy-current-canonical-20261007/debug/deps/libblake3-4f44f49a9a64a61d.rmeta --extern tantivy=/Users/rmccrar6/codex-worktrees/luna-clippy-warning-cleanup-20261007/.local/build/clippy-current-canonical-20261007/debug/deps/libtantivy-9aa8adb5ea7831f3.rmeta --extern thiserror=/Users/rmccrar6/codex-worktrees/luna-clippy-warning-cleanup-20261007/.local/build/clippy-current-canonical-20261007/debug/deps/libthiserror-34be1a9b3117e1d6.rmeta -L native=/Users/rmccrar6/codex-worktrees/luna-clippy-warning-cleanup-20261007/.local/build/clippy-current-canonical-20261007/debug/build/blake3-c1cb4c3099a1fc7f/out -L native=/Users/rmccrar6/codex-worktrees/luna-clippy-warning-cleanup-20261007/.local/build/clippy-current-canonical-20261007/debug/build/simsimd-57d7ccc1ff7a2e26/out -L native=/Users/rmccrar6/codex-worktrees/luna-clippy-warning-cleanup-20261007/.local/build/clippy-current-canonical-20261007/debug/build/zstd-sys-725944218d349181/out`
       Fresh tracing-opentelemetry v0.33.0
       Fresh opentelemetry-appender-tracing v0.32.0
       Fresh opentelemetry_sdk v0.32.1
       Dirty backend-extension-qdrant v0.2.0 (/Users/rmccrar6/codex-worktrees/luna-index-projection-fastpath-7382-20261008/extensions/qdrant): the dependency `backend-semantic` was rebuilt
   Compiling backend-extension-qdrant v0.2.0 (/Users/rmccrar6/codex-worktrees/luna-index-projection-fastpath-7382-20261008/extensions/qdrant)
     Running `/nix/store/ff5chd1i7bm0d7ki0ahkbkgwij973qvx-rust-1.97.1-with-components-2026-07-16/bin/rustc --crate-name backend_extension_qdrant --edition=2024 extensions/qdrant/src/lib.rs --error-format=json --json=diagnostic-rendered-ansi,artifacts,future-incompat --crate-type lib --emit=dep-info,metadata,link -C embed-bitcode=no -C debuginfo=1 -C split-debuginfo=unpacked '--warn=clippy::pedantic' '--warn=clippy::all' '--deny=clippy::unwrap_used' --warn=unused_qualifications --warn=unused_lifetimes --deny=unsafe_code --warn=unreachable_pub '--deny=clippy::unimplemented' '--deny=clippy::todo' '--warn=clippy::panic' --warn=missing_docs '--deny=clippy::mem_forget' '--warn=clippy::expect_used' '--deny=clippy::dbg_macro' --check-cfg 'cfg(docsrs,test)' --check-cfg 'cfg(feature, values())' -C metadata=2ac6cac3b7dd4120 -C extra-filename=-c3f69893e160636a --out-dir /Users/rmccrar6/codex-worktrees/luna-clippy-warning-cleanup-20261007/.local/build/clippy-current-canonical-20261007/debug/deps -L dependency=/Users/rmccrar6/codex-worktrees/luna-clippy-warning-cleanup-20261007/.local/build/clippy-current-canonical-20261007/debug/deps --extern arrayvec=/Users/rmccrar6/codex-worktrees/luna-clippy-warning-cleanup-20261007/.local/build/clippy-current-canonical-20261007/debug/deps/libarrayvec-453d1963a42adb5d.rmeta --extern backend_execution=/Users/rmccrar6/codex-worktrees/luna-clippy-warning-cleanup-20261007/.local/build/clippy-current-canonical-20261007/debug/deps/libbackend_execution-74f537b6aa12d0b8.rmeta --extern backend_replication=/Users/rmccrar6/codex-worktrees/luna-clippy-warning-cleanup-20261007/.local/build/clippy-current-canonical-20261007/debug/deps/libbackend_replication-a7b627467aa9374d.rmeta --extern backend_semantic=/Users/rmccrar6/codex-worktrees/luna-clippy-warning-cleanup-20261007/.local/build/clippy-current-canonical-20261007/debug/deps/libbackend_semantic-f840df0bae813320.rmeta --extern backend_version=/Users/rmccrar6/codex-worktrees/luna-clippy-warning-cleanup-20261007/.local/build/clippy-current-canonical-20261007/debug/deps/libbackend_version-9724f8132b25ba74.rmeta --extern blake3=/Users/rmccrar6/codex-worktrees/luna-clippy-warning-cleanup-20261007/.local/build/clippy-current-canonical-20261007/debug/deps/libblake3-4f44f49a9a64a61d.rmeta --extern serde=/Users/rmccrar6/codex-worktrees/luna-clippy-warning-cleanup-20261007/.local/build/clippy-current-canonical-20261007/debug/deps/libserde-bb561d23e6a68d5f.rmeta --extern serde_json=/Users/rmccrar6/codex-worktrees/luna-clippy-warning-cleanup-20261007/.local/build/clippy-current-canonical-20261007/debug/deps/libserde_json-5519587ec51e9b8e.rmeta --extern thiserror=/Users/rmccrar6/codex-worktrees/luna-clippy-warning-cleanup-20261007/.local/build/clippy-current-canonical-20261007/debug/deps/libthiserror-34be1a9b3117e1d6.rmeta --extern ureq=/Users/rmccrar6/codex-worktrees/luna-clippy-warning-cleanup-20261007/.local/build/clippy-current-canonical-20261007/debug/deps/libureq-2fcb6401993fb18b.rmeta -L native=/Users/rmccrar6/codex-worktrees/luna-clippy-warning-cleanup-20261007/.local/build/clippy-current-canonical-20261007/debug/build/blake3-c1cb4c3099a1fc7f/out -L native=/Users/rmccrar6/codex-worktrees/luna-clippy-warning-cleanup-20261007/.local/build/clippy-current-canonical-20261007/debug/build/simsimd-57d7ccc1ff7a2e26/out -L native=/Users/rmccrar6/codex-worktrees/luna-clippy-warning-cleanup-20261007/.local/build/clippy-current-canonical-20261007/debug/build/ring-53e80969c9e79690/out`
       Dirty backend-runtime v0.2.0 (/Users/rmccrar6/codex-worktrees/luna-index-projection-fastpath-7382-20261008/crates/runtime): the dependency `backend-platform` was rebuilt
   Compiling backend-runtime v0.2.0 (/Users/rmccrar6/codex-worktrees/luna-index-projection-fastpath-7382-20261008/crates/runtime)
     Running `/nix/store/ff5chd1i7bm0d7ki0ahkbkgwij973qvx-rust-1.97.1-with-components-2026-07-16/bin/rustc --crate-name backend_runtime --edition=2024 crates/runtime/src/lib.rs --error-format=json --json=diagnostic-rendered-ansi,artifacts,future-incompat --crate-type lib --emit=dep-info,metadata,link -C embed-bitcode=no -C debuginfo=1 -C split-debuginfo=unpacked '--warn=clippy::pedantic' '--warn=clippy::all' '--deny=clippy::unwrap_used' --warn=unused_qualifications --warn=unused_lifetimes --deny=unsafe_code --warn=unreachable_pub '--deny=clippy::unimplemented' '--deny=clippy::todo' '--warn=clippy::panic' --warn=missing_docs '--deny=clippy::mem_forget' '--warn=clippy::expect_used' '--deny=clippy::dbg_macro' --check-cfg 'cfg(docsrs,test)' --check-cfg 'cfg(feature, values("loom-model"))' -C metadata=f1d2e18b0867562d -C extra-filename=-962f4a967a5360a1 --out-dir /Users/rmccrar6/codex-worktrees/luna-clippy-warning-cleanup-20261007/.local/build/clippy-current-canonical-20261007/debug/deps -L dependency=/Users/rmccrar6/codex-worktrees/luna-clippy-warning-cleanup-20261007/.local/build/clippy-current-canonical-20261007/debug/deps --extern atomic_waker=/Users/rmccrar6/codex-worktrees/luna-clippy-warning-cleanup-20261007/.local/build/clippy-current-canonical-20261007/debug/deps/libatomic_waker-e71b45f4162858ab.rmeta --extern backend_discovery=/Users/rmccrar6/codex-worktrees/luna-clippy-warning-cleanup-20261007/.local/build/clippy-current-canonical-20261007/debug/deps/libbackend_discovery-00390e31cb84519f.rmeta --extern backend_platform=/Users/rmccrar6/codex-worktrees/luna-clippy-warning-cleanup-20261007/.local/build/clippy-current-canonical-20261007/debug/deps/libbackend_platform-3e94ae60de778f92.rmeta --extern backend_version=/Users/rmccrar6/codex-worktrees/luna-clippy-warning-cleanup-20261007/.local/build/clippy-current-canonical-20261007/debug/deps/libbackend_version-9724f8132b25ba74.rmeta --extern blake3=/Users/rmccrar6/codex-worktrees/luna-clippy-warning-cleanup-20261007/.local/build/clippy-current-canonical-20261007/debug/deps/libblake3-4f44f49a9a64a61d.rmeta --extern rustix=/Users/rmccrar6/codex-worktrees/luna-clippy-warning-cleanup-20261007/.local/build/clippy-current-canonical-20261007/debug/deps/librustix-3d1e1a8de5df5998.rmeta --extern thiserror=/Users/rmccrar6/codex-worktrees/luna-clippy-warning-cleanup-20261007/.local/build/clippy-current-canonical-20261007/debug/deps/libthiserror-34be1a9b3117e1d6.rmeta -L native=/Users/rmccrar6/codex-worktrees/luna-clippy-warning-cleanup-20261007/.local/build/clippy-current-canonical-20261007/debug/build/blake3-c1cb4c3099a1fc7f/out`
       Fresh sha1 v0.10.7
       Fresh quick-xml v0.41.0
   Compiling instant v0.1.13
     Running `/nix/store/ff5chd1i7bm0d7ki0ahkbkgwij973qvx-rust-1.97.1-with-components-2026-07-16/bin/rustc --crate-name instant --edition=2018 /Users/rmccrar6/.cargo/registry/src/index.crates.io-1949cf8c6b5b557f/instant-0.1.13/src/lib.rs --error-format=json --json=diagnostic-rendered-ansi,artifacts,future-incompat --crate-type lib --emit=dep-info,metadata,link -C embed-bitcode=no -C debuginfo=1 -C split-debuginfo=unpacked --check-cfg 'cfg(docsrs,test)' --check-cfg 'cfg(feature, values("inaccurate", "js-sys", "now", "stdweb", "wasm-bindgen", "wasm-bindgen_rs", "web-sys"))' -C metadata=57cc1dec2830b008 -C extra-filename=-6d295e7347067e69 --out-dir /Users/rmccrar6/codex-worktrees/luna-clippy-warning-cleanup-20261007/.local/build/clippy-current-canonical-20261007/debug/deps -L dependency=/Users/rmccrar6/codex-worktrees/luna-clippy-warning-cleanup-20261007/.local/build/clippy-current-canonical-20261007/debug/deps --extern cfg_if=/Users/rmccrar6/codex-worktrees/luna-clippy-warning-cleanup-20261007/.local/build/clippy-current-canonical-20261007/debug/deps/libcfg_if-a8338ea437603a2c.rmeta --cap-lints allow`
   Compiling notify-types v1.0.1
     Running `/nix/store/ff5chd1i7bm0d7ki0ahkbkgwij973qvx-rust-1.97.1-with-components-2026-07-16/bin/rustc --crate-name notify_types --edition=2021 /Users/rmccrar6/.cargo/registry/src/index.crates.io-1949cf8c6b5b557f/notify-types-1.0.1/src/lib.rs --error-format=json --json=diagnostic-rendered-ansi,artifacts,future-incompat --crate-type lib --emit=dep-info,metadata,link -C embed-bitcode=no -C debuginfo=1 -C split-debuginfo=unpacked --check-cfg 'cfg(docsrs,test)' --check-cfg 'cfg(feature, values("serde", "serialization-compat-6"))' -C metadata=a6e122c1001f335b -C extra-filename=-26c9abb43df86d62 --out-dir /Users/rmccrar6/codex-worktrees/luna-clippy-warning-cleanup-20261007/.local/build/clippy-current-canonical-20261007/debug/deps -L dependency=/Users/rmccrar6/codex-worktrees/luna-clippy-warning-cleanup-20261007/.local/build/clippy-current-canonical-20261007/debug/deps --extern instant=/Users/rmccrar6/codex-worktrees/luna-clippy-warning-cleanup-20261007/.local/build/clippy-current-canonical-20261007/debug/deps/libinstant-6d295e7347067e69.rmeta --cap-lints allow`
       Dirty backend-engine v0.2.0 (/Users/rmccrar6/codex-worktrees/luna-index-projection-fastpath-7382-20261008/crates/engine): info of dependency `backend-frontend-go` changed
   Compiling backend-engine v0.2.0 (/Users/rmccrar6/codex-worktrees/luna-index-projection-fastpath-7382-20261008/crates/engine)
     Running `/nix/store/ff5chd1i7bm0d7ki0ahkbkgwij973qvx-rust-1.97.1-with-components-2026-07-16/bin/rustc --crate-name backend_engine --edition=2024 crates/engine/src/lib.rs --error-format=json --json=diagnostic-rendered-ansi,artifacts,future-incompat --crate-type lib --emit=dep-info,metadata,link -C opt-level=2 -C embed-bitcode=no -C debuginfo=1 -C split-debuginfo=unpacked '--warn=clippy::pedantic' '--warn=clippy::all' '--deny=clippy::unwrap_used' --warn=unused_qualifications --warn=unused_lifetimes --deny=unsafe_code --warn=unreachable_pub '--deny=clippy::unimplemented' '--deny=clippy::todo' '--warn=clippy::panic' --warn=missing_docs '--deny=clippy::mem_forget' '--warn=clippy::expect_used' '--deny=clippy::dbg_macro' -C debug-assertions=on --check-cfg 'cfg(docsrs,test)' --check-cfg 'cfg(feature, values("cluster-process-journey-hooks"))' -C metadata=a01aeb6fa91925c2 -C extra-filename=-f441d4176336ed04 --out-dir /Users/rmccrar6/codex-worktrees/luna-clippy-warning-cleanup-20261007/.local/build/clippy-current-canonical-20261007/debug/deps -L dependency=/Users/rmccrar6/codex-worktrees/luna-clippy-warning-cleanup-20261007/.local/build/clippy-current-canonical-20261007/debug/deps --extern arrayvec=/Users/rmccrar6/codex-worktrees/luna-clippy-warning-cleanup-20261007/.local/build/clippy-current-canonical-20261007/debug/deps/libarrayvec-453d1963a42adb5d.rmeta --extern backend_advisory=/Users/rmccrar6/codex-worktrees/luna-clippy-warning-cleanup-20261007/.local/build/clippy-current-canonical-20261007/debug/deps/libbackend_advisory-22d1f53388186f57.rmeta --extern backend_cluster_transport=/Users/rmccrar6/codex-worktrees/luna-clippy-warning-cleanup-20261007/.local/build/clippy-current-canonical-20261007/debug/deps/libbackend_cluster_transport-b8a1b40ec19e24db.rmeta --extern backend_compile=/Users/rmccrar6/codex-worktrees/luna-clippy-warning-cleanup-20261007/.local/build/clippy-current-canonical-20261007/debug/deps/libbackend_compile-e77d351d591fc132.rmeta --extern backend_execution=/Users/rmccrar6/codex-worktrees/luna-clippy-warning-cleanup-20261007/.local/build/clippy-current-canonical-20261007/debug/deps/libbackend_execution-74f537b6aa12d0b8.rmeta --extern backend_extension_qdrant=/Users/rmccrar6/codex-worktrees/luna-clippy-warning-cleanup-20261007/.local/build/clippy-current-canonical-20261007/debug/deps/libbackend_extension_qdrant-c3f69893e160636a.rmeta --extern backend_extension_tantivy=/Users/rmccrar6/codex-worktrees/luna-clippy-warning-cleanup-20261007/.local/build/clippy-current-canonical-20261007/debug/deps/libbackend_extension_tantivy-ad3d1809d6deb0b1.rmeta --extern backend_extension_trustfall=/Users/rmccrar6/codex-worktrees/luna-clippy-warning-cleanup-20261007/.local/build/clippy-current-canonical-20261007/debug/deps/libbackend_extension_trustfall-0bf0db68b1b9f819.rmeta --extern backend_flow=/Users/rmccrar6/codex-worktrees/luna-clippy-warning-cleanup-20261007/.local/build/clippy-current-canonical-20261007/debug/deps/libbackend_flow-198b382317d3f103.rmeta --extern backend_frontend_clang=/Users/rmccrar6/codex-worktrees/luna-clippy-warning-cleanup-20261007/.local/build/clippy-current-canonical-20261007/debug/deps/libbackend_frontend_clang-bff43e185177de41.rmeta --extern backend_frontend_csharp=/Users/rmccrar6/codex-worktrees/luna-clippy-warning-cleanup-20261007/.local/build/clippy-current-canonical-20261007/debug/deps/libbackend_frontend_csharp-e8c51bad24cdc755.rmeta --extern backend_frontend_go=/Users/rmccrar6/codex-worktrees/luna-clippy-warning-cleanup-20261007/.local/build/clippy-current-canonical-20261007/debug/deps/libbackend_frontend_go-6860f2cd129f08ab.rmeta --extern backend_frontend_java=/Users/rmccrar6/codex-worktrees/luna-clippy-warning-cleanup-20261007/.local/build/clippy-current-canonical-20261007/debug/deps/libbackend_frontend_java-88ad7c65b84314d3.rmeta --extern backend_frontend_python=/Users/rmccrar6/codex-worktrees/luna-clippy-warning-cleanup-20261007/.local/build/clippy-current-canonical-20261007/debug/deps/libbackend_frontend_python-d694c52cc7e44e53.rmeta --extern backend_frontend_rust=/Users/rmccrar6/codex-worktrees/luna-clippy-warning-cleanup-20261007/.local/build/clippy-current-canonical-20261007/debug/deps/libbackend_frontend_rust-e0db2b8df6381cff.rmeta --extern backend_frontend_typescript=/Users/rmccrar6/codex-worktrees/luna-clippy-warning-cleanup-20261007/.local/build/clippy-current-canonical-20261007/debug/deps/libbackend_frontend_typescript-335f0e6d45527557.rmeta --extern backend_library=/Users/rmccrar6/codex-worktrees/luna-clippy-warning-cleanup-20261007/.local/build/clippy-current-canonical-20261007/debug/deps/libbackend_library-408f3256788f0bdc.rmeta --extern backend_platform=/Users/rmccrar6/codex-worktrees/luna-clippy-warning-cleanup-20261007/.local/build/clippy-current-canonical-20261007/debug/deps/libbackend_platform-3e94ae60de778f92.rmeta --extern backend_replication=/Users/rmccrar6/codex-worktrees/luna-clippy-warning-cleanup-20261007/.local/build/clippy-current-canonical-20261007/debug/deps/libbackend_replication-a7b627467aa9374d.rmeta --extern backend_runtime=/Users/rmccrar6/codex-worktrees/luna-clippy-warning-cleanup-20261007/.local/build/clippy-current-canonical-20261007/debug/deps/libbackend_runtime-962f4a967a5360a1.rmeta --extern backend_semantic=/Users/rmccrar6/codex-worktrees/luna-clippy-warning-cleanup-20261007/.local/build/clippy-current-canonical-20261007/debug/deps/libbackend_semantic-f840df0bae813320.rmeta --extern backend_store=/Users/rmccrar6/codex-worktrees/luna-clippy-warning-cleanup-20261007/.local/build/clippy-current-canonical-20261007/debug/deps/libbackend_store-341f46d1b47647bc.rmeta --extern backend_version=/Users/rmccrar6/codex-worktrees/luna-clippy-warning-cleanup-20261007/.local/build/clippy-current-canonical-20261007/debug/deps/libbackend_version-9724f8132b25ba74.rmeta --extern base64=/Users/rmccrar6/codex-worktrees/luna-clippy-warning-cleanup-20261007/.local/build/clippy-current-canonical-20261007/debug/deps/libbase64-2bf467dbc079c2ae.rmeta --extern blake3=/Users/rmccrar6/codex-worktrees/luna-clippy-warning-cleanup-20261007/.local/build/clippy-current-canonical-20261007/debug/deps/libblake3-4f44f49a9a64a61d.rmeta --extern flate2=/Users/rmccrar6/codex-worktrees/luna-clippy-warning-cleanup-20261007/.local/build/clippy-current-canonical-20261007/debug/deps/libflate2-98010828220c805d.rmeta --extern nix=/Users/rmccrar6/codex-worktrees/luna-clippy-warning-cleanup-20261007/.local/build/clippy-current-canonical-20261007/debug/deps/libnix-039a6cd2d1a3c854.rmeta --extern opentelemetry=/Users/rmccrar6/codex-worktrees/luna-clippy-warning-cleanup-20261007/.local/build/clippy-current-canonical-20261007/debug/deps/libopentelemetry-2447d382aa508a05.rmeta --extern opentelemetry_appender_tracing=/Users/rmccrar6/codex-worktrees/luna-clippy-warning-cleanup-20261007/.local/build/clippy-current-canonical-20261007/debug/deps/libopentelemetry_appender_tracing-4f748c8238a62cfc.rmeta --extern opentelemetry_sdk=/Users/rmccrar6/codex-worktrees/luna-clippy-warning-cleanup-20261007/.local/build/clippy-current-canonical-20261007/debug/deps/libopentelemetry_sdk-56f9f48affe0cf58.rmeta --extern pep508_rs=/Users/rmccrar6/codex-worktrees/luna-clippy-warning-cleanup-20261007/.local/build/clippy-current-canonical-20261007/debug/deps/libpep508_rs-d2e16928629c33ca.rlib --extern quick_xml=/Users/rmccrar6/codex-worktrees/luna-clippy-warning-cleanup-20261007/.local/build/clippy-current-canonical-20261007/debug/deps/libquick_xml-3ae013af0f83b64d.rmeta --extern rustix=/Users/rmccrar6/codex-worktrees/luna-clippy-warning-cleanup-20261007/.local/build/clippy-current-canonical-20261007/debug/deps/librustix-3d1e1a8de5df5998.rmeta --extern serde=/Users/rmccrar6/codex-worktrees/luna-clippy-warning-cleanup-20261007/.local/build/clippy-current-canonical-20261007/debug/deps/libserde-bb561d23e6a68d5f.rmeta --extern serde_json=/Users/rmccrar6/codex-worktrees/luna-clippy-warning-cleanup-20261007/.local/build/clippy-current-canonical-20261007/debug/deps/libserde_json-5519587ec51e9b8e.rmeta --extern sha1=/Users/rmccrar6/codex-worktrees/luna-clippy-warning-cleanup-20261007/.local/build/clippy-current-canonical-20261007/debug/deps/libsha1-b56d10ab16b2e961.rmeta --extern sha2=/Users/rmccrar6/codex-worktrees/luna-clippy-warning-cleanup-20261007/.local/build/clippy-current-canonical-20261007/debug/deps/libsha2-ed7a8d577b29fe49.rmeta --extern thiserror=/Users/rmccrar6/codex-worktrees/luna-clippy-warning-cleanup-20261007/.local/build/clippy-current-canonical-20261007/debug/deps/libthiserror-34be1a9b3117e1d6.rmeta --extern toml=/Users/rmccrar6/codex-worktrees/luna-clippy-warning-cleanup-20261007/.local/build/clippy-current-canonical-20261007/debug/deps/libtoml-6b3af8c07e5e07d7.rmeta --extern tracing=/Users/rmccrar6/codex-worktrees/luna-clippy-warning-cleanup-20261007/.local/build/clippy-current-canonical-20261007/debug/deps/libtracing-fc6cdc27b6ad5abf.rmeta --extern tracing_opentelemetry=/Users/rmccrar6/codex-worktrees/luna-clippy-warning-cleanup-20261007/.local/build/clippy-current-canonical-20261007/debug/deps/libtracing_opentelemetry-93723584a5e4de3e.rmeta --extern tracing_subscriber=/Users/rmccrar6/codex-worktrees/luna-clippy-warning-cleanup-20261007/.local/build/clippy-current-canonical-20261007/debug/deps/libtracing_subscriber-2dcd65359578d781.rmeta --extern unicode_normalization=/Users/rmccrar6/codex-worktrees/luna-clippy-warning-cleanup-20261007/.local/build/clippy-current-canonical-20261007/debug/deps/libunicode_normalization-523cdb022592bb32.rmeta --extern ureq=/Users/rmccrar6/codex-worktrees/luna-clippy-warning-cleanup-20261007/.local/build/clippy-current-canonical-20261007/debug/deps/libureq-2fcb6401993fb18b.rmeta --extern zerocopy=/Users/rmccrar6/codex-worktrees/luna-clippy-warning-cleanup-20261007/.local/build/clippy-current-canonical-20261007/debug/deps/libzerocopy-92189baaba8ff2b1.rmeta --extern zip=/Users/rmccrar6/codex-worktrees/luna-clippy-warning-cleanup-20261007/.local/build/clippy-current-canonical-20261007/debug/deps/libzip-d99abd810b966838.rmeta -L native=/Users/rmccrar6/codex-worktrees/luna-clippy-warning-cleanup-20261007/.local/build/clippy-current-canonical-20261007/debug/build/blake3-c1cb4c3099a1fc7f/out -L native=/Users/rmccrar6/codex-worktrees/luna-clippy-warning-cleanup-20261007/.local/build/clippy-current-canonical-20261007/debug/build/ring-53e80969c9e79690/out -L native=/Users/rmccrar6/codex-worktrees/luna-clippy-warning-cleanup-20261007/.local/build/clippy-current-canonical-20261007/debug/build/simsimd-57d7ccc1ff7a2e26/out -L native=/Users/rmccrar6/codex-worktrees/luna-clippy-warning-cleanup-20261007/.local/build/clippy-current-canonical-20261007/debug/build/tree-sitter-47647a70e9977a2a/out -L native=/Users/rmccrar6/codex-worktrees/luna-clippy-warning-cleanup-20261007/.local/build/clippy-current-canonical-20261007/debug/build/zstd-sys-725944218d349181/out -L native=/Users/rmccrar6/codex-worktrees/luna-clippy-warning-cleanup-20261007/.local/build/clippy-current-canonical-20261007/debug/build/tree-sitter-cpp-2ede425b60a2312f/out -L native=/Users/rmccrar6/codex-worktrees/luna-clippy-warning-cleanup-20261007/.local/build/clippy-current-canonical-20261007/debug/build/tree-sitter-c-sharp-b084b66732d0f6b7/out -L native=/Users/rmccrar6/codex-worktrees/luna-clippy-warning-cleanup-20261007/.local/build/clippy-current-canonical-20261007/debug/build/tree-sitter-go-358cc2b17efe5bfd/out -L native=/Users/rmccrar6/codex-worktrees/luna-clippy-warning-cleanup-20261007/.local/build/clippy-current-canonical-20261007/debug/build/tree-sitter-java-4861b19e6895f680/out -L native=/Users/rmccrar6/codex-worktrees/luna-clippy-warning-cleanup-20261007/.local/build/clippy-current-canonical-20261007/debug/build/tikv-jemalloc-sys-e583b9a09e4ebba4/out/build/lib -L native=/Users/rmccrar6/codex-worktrees/luna-clippy-warning-cleanup-20261007/.local/build/clippy-current-canonical-20261007/debug/build/tree-sitter-python-658e4d3f060ec406/out -L native=/Users/rmccrar6/codex-worktrees/luna-clippy-warning-cleanup-20261007/.local/build/clippy-current-canonical-20261007/debug/build/tree-sitter-rust-f0712bd638d3eda3/out -L native=/Users/rmccrar6/codex-worktrees/luna-clippy-warning-cleanup-20261007/.local/build/clippy-current-canonical-20261007/debug/build/tree-sitter-typescript-be39128aad6edfb9/out -L native=/Users/rmccrar6/codex-worktrees/luna-clippy-warning-cleanup-20261007/.local/build/clippy-current-canonical-20261007/debug/build/psm-b63d05f5e99d8d91/out`
warning: unused import: `CompilationManifestFormat`
  --> crates/engine/src/application/cluster_coordinator/admission.rs:19:31
   |
19 |     CompilationManifestFacts, CompilationManifestFormat, CompilationManifestView,
   |                               ^^^^^^^^^^^^^^^^^^^^^^^^^
   |
   = note: `#[warn(unused_imports)]` (part of `#[warn(unused)]`) on by default

warning: unused imports: `CompilationManifestFacts` and `CompilationManifestView`
 --> crates/engine/src/application/cluster_coordinator/result_wire.rs:9:5
  |
9 |     CompilationManifestFacts, CompilationManifestIdentity, CompilationManifestView,
  |     ^^^^^^^^^^^^^^^^^^^^^^^^                               ^^^^^^^^^^^^^^^^^^^^^^^

warning: unused imports: `TszCheckerOptions`, `TszEnvironmentFingerprint`, `TszFileInput`, `TszProjectOptions`, `TszProject`, and `TszSourceError`
  --> crates/engine/src/application/compiler.rs:39:5
   |
39 |     TszCheckerOptions, TszEnvironmentFingerprint, TszFileInput, TszProject, TszProjectAuthority,
   |     ^^^^^^^^^^^^^^^^^  ^^^^^^^^^^^^^^^^^^^^^^^^^  ^^^^^^^^^^^^  ^^^^^^^^^^
40 |     TszProjectExecutionBudget, TszProjectOptions, TszSourceError,
   |                                ^^^^^^^^^^^^^^^^^  ^^^^^^^^^^^^^^

warning: unused import: `FragmentCause`
  --> crates/engine/src/application/compiler.rs:44:70
   |
44 |     CompilerRequest as ApplicationCompilerRequest, CompilerTerminal, FragmentCause,
   |                                                                      ^^^^^^^^^^^^^

warning: unnecessary qualification
    --> crates/engine/src/application/compiler.rs:1782:15
     |
1782 |     deadline: std::time::Instant,
     |               ^^^^^^^^^^^^^^^^^^
     |
     = note: requested on the command line with `-W unused-qualifications`
help: remove the unnecessary path segments
     |
1782 -     deadline: std::time::Instant,
1782 +     deadline: Instant,
     |

warning: unnecessary qualification
    --> crates/engine/src/application/compiler.rs:2065:37
     |
2065 |         let mut tsz_package_paths = std::collections::BTreeMap::<Box<str>, Box<str>>::new();
     |                                     ^^^^^^^^^^^^^^^^^^^^^^^^^^^^^^^^^^^^^^^^^^^^^^^^^^^^^
     |
help: remove the unnecessary path segments
     |
2065 -         let mut tsz_package_paths = std::collections::BTreeMap::<Box<str>, Box<str>>::new();
2065 +         let mut tsz_package_paths = BTreeMap::<Box<str>, Box<str>>::new();
     |

warning: unnecessary qualification
   --> crates/engine/src/application/host/authority.rs:382:24
    |
382 |             directory: super::LocalHostDirectory::GoModuleCache,
    |                        ^^^^^^^^^^^^^^^^^^^^^^^^^^^^^^^^^^^^^^^^
    |
help: remove the unnecessary path segments
    |
382 -             directory: super::LocalHostDirectory::GoModuleCache,
382 +             directory: LocalHostDirectory::GoModuleCache,
    |

warning: unnecessary qualification
   --> crates/engine/src/application/host/authority.rs:545:25
    |
545 |                         crate::application::ToolchainProbeError::TypeScriptInterpreterUnavailable {
    |                         ^^^^^^^^^^^^^^^^^^^^^^^^^^^^^^^^^^^^^^^^^^^^^^^^^^^^^^^^^^^^^^^^^^^^^^^^^
    |
help: remove the unnecessary path segments
    |
545 -                         crate::application::ToolchainProbeError::TypeScriptInterpreterUnavailable {
545 +                         ToolchainProbeError::TypeScriptInterpreterUnavailable {
    |

warning: unnecessary qualification
   --> crates/engine/src/application/host/authority.rs:552:29
    |
552 | ...                   crate::application::ToolchainProbeError::TypeScriptModuleRootUnavailable {
    |                       ^^^^^^^^^^^^^^^^^^^^^^^^^^^^^^^^^^^^^^^^^^^^^^^^^^^^^^^^^^^^^^^^^^^^^^^^
    |
help: remove the unnecessary path segments
    |
552 -                             crate::application::ToolchainProbeError::TypeScriptModuleRootUnavailable {
552 +                             ToolchainProbeError::TypeScriptModuleRootUnavailable {
    |

warning: unnecessary qualification
    --> crates/engine/src/application/typescript_host.rs:2081:20
     |
2081 |     _file: Option<&fs::File>,
     |                    ^^^^^^^^
     |
help: remove the unnecessary path segments
     |
2081 -     _file: Option<&fs::File>,
2081 +     _file: Option<&File>,
     |

warning: unnecessary qualification
    --> crates/engine/src/application/typescript_host.rs:3457:45
     |
3457 |             Err(source) if source.kind() == std::io::ErrorKind::NotFound => {}
     |                                             ^^^^^^^^^^^^^^^^^^^^^^^^^^^^
     |
help: remove the unnecessary path segments
     |
3457 -             Err(source) if source.kind() == std::io::ErrorKind::NotFound => {}
3457 +             Err(source) if source.kind() == io::ErrorKind::NotFound => {}
     |

warning: unnecessary qualification
    --> crates/engine/src/application/typescript_host.rs:3557:41
     |
3557 |         Err(source) if source.kind() == std::io::ErrorKind::NotFound => {}
     |                                         ^^^^^^^^^^^^^^^^^^^^^^^^^^^^
     |
help: remove the unnecessary path segments
     |
3557 -         Err(source) if source.kind() == std::io::ErrorKind::NotFound => {}
3557 +         Err(source) if source.kind() == io::ErrorKind::NotFound => {}
     |

warning: unnecessary qualification
    --> crates/engine/src/application/typescript_host.rs:3964:17
     |
3964 |         source: std::io::Error,
     |                 ^^^^^^^^^^^^^^
     |
help: remove the unnecessary path segments
     |
3964 -         source: std::io::Error,
3964 +         source: io::Error,
     |

warning: unnecessary qualification
    --> crates/engine/src/application/typescript_host.rs:3970:17
     |
3970 |         source: std::io::Error,
     |                 ^^^^^^^^^^^^^^
     |
help: remove the unnecessary path segments
     |
3970 -         source: std::io::Error,
3970 +         source: io::Error,
     |

warning: unnecessary qualification
    --> crates/engine/src/application/typescript_host.rs:3990:17
     |
3990 |         source: std::io::Error,
     |                 ^^^^^^^^^^^^^^
     |
help: remove the unnecessary path segments
     |
3990 -         source: std::io::Error,
3990 +         source: io::Error,
     |

warning: unnecessary qualification
    --> crates/engine/src/application/typescript_host.rs:3998:17
     |
3998 |         source: std::io::Error,
     |                 ^^^^^^^^^^^^^^
     |
help: remove the unnecessary path segments
     |
3998 -         source: std::io::Error,
3998 +         source: io::Error,
     |

warning: unused import: `Duration`
  --> crates/engine/src/application/typescript_program.rs:13:12
   |
13 |     time::{Duration, Instant},
   |            ^^^^^^^^

warning: unused import: `self::typescript_program::build_native_inputs`
  --> crates/engine/src/application/mod.rs:23:16
   |
23 | pub(crate) use self::typescript_program::build_native_inputs;
   |                ^^^^^^^^^^^^^^^^^^^^^^^^^^^^^^^^^^^^^^^^^^^^^

warning: unused imports: `NativeCompilerEnvironment` and `admit_typescript_script_invocation`
   --> crates/engine/src/application/mod.rs:106:44
    |
106 |     NATIVE_COMPILER_ENVIRONMENT_POLICY_ID, NativeCompilerEnvironment,
    |                                            ^^^^^^^^^^^^^^^^^^^^^^^^^
107 |     admit_typescript_script_invocation, compiler_directory_object_identity,
    |     ^^^^^^^^^^^^^^^^^^^^^^^^^^^^^^^^^^

warning: unused import: `ProductSourceRelation`
  --> crates/engine/src/builtin/file_facts_relation.rs:13:70
   |
13 |     Container, DeclarationKind, ProductFileRef, ProductSourceRecord, ProductSourceRelation,
   |                                                                      ^^^^^^^^^^^^^^^^^^^^^

warning: unnecessary qualification
    --> crates/engine/src/driver/lower/typescript.rs:4252:14
     |
4252 |     binder: &backend_frontend_typescript::TszBinderState,
     |              ^^^^^^^^^^^^^^^^^^^^^^^^^^^^^^^^^^^^^^^^^^^
     |
help: remove the unnecessary path segments
     |
4252 -     binder: &backend_frontend_typescript::TszBinderState,
4252 +     binder: &TszBinderState,
     |

warning: unnecessary qualification
    --> crates/engine/src/driver/lower/typescript.rs:4584:14
     |
4584 |     binder: &backend_frontend_typescript::TszBinderState,
     |              ^^^^^^^^^^^^^^^^^^^^^^^^^^^^^^^^^^^^^^^^^^^
     |
help: remove the unnecessary path segments
     |
4584 -     binder: &backend_frontend_typescript::TszBinderState,
4584 +     binder: &TszBinderState,
     |

warning: unnecessary qualification
    --> crates/engine/src/driver/lower/typescript.rs:4934:41
     |
4934 | ...                   entity: backend_semantic::ir::EntityId::new(member),
     |                               ^^^^^^^^^^^^^^^^^^^^^^^^^^^^^^^^^^^
     |
help: remove the unnecessary path segments
     |
4934 -                                 entity: backend_semantic::ir::EntityId::new(member),
4934 +                                 entity: EntityId::new(member),
     |

warning: unnecessary qualification
    --> crates/engine/src/driver/lower/typescript.rs:4936:45
     |
4936 | ...                   parent: backend_semantic::ir::EntityId::new(existing),
     |                               ^^^^^^^^^^^^^^^^^^^^^^^^^^^^^^^^^^^
     |
help: remove the unnecessary path segments
     |
4936 -                                     parent: backend_semantic::ir::EntityId::new(existing),
4936 +                                     parent: EntityId::new(existing),
     |

warning: unnecessary qualification
    --> crates/engine/src/driver/lower/typescript.rs:4939:45
     |
4939 | ...                   parent: backend_semantic::ir::EntityId::new(owner),
     |                               ^^^^^^^^^^^^^^^^^^^^^^^^^^^^^^^^^^^
     |
help: remove the unnecessary path segments
     |
4939 -                                     parent: backend_semantic::ir::EntityId::new(owner),
4939 +                                     parent: EntityId::new(owner),
     |

warning: unnecessary qualification
    --> crates/engine/src/driver/lower/typescript.rs:6162:18
     |
6162 |         binder: &backend_frontend_typescript::TszBinderState,
     |                  ^^^^^^^^^^^^^^^^^^^^^^^^^^^^^^^^^^^^^^^^^^^
     |
help: remove the unnecessary path segments
     |
6162 -         binder: &backend_frontend_typescript::TszBinderState,
6162 +         binder: &TszBinderState,
     |

warning: unnecessary qualification
   --> crates/engine/src/driver/types/toolchain.rs:125:19
    |
125 |         path: Box<std::path::Path>,
    |                   ^^^^^^^^^^^^^^^
    |
help: remove the unnecessary path segments
    |
125 -         path: Box<std::path::Path>,
125 +         path: Box<Path>,
    |

warning: unnecessary qualification
   --> crates/engine/src/driver/types/toolchain.rs:136:19
    |
136 |         path: Box<std::path::Path>,
    |                   ^^^^^^^^^^^^^^^
    |
help: remove the unnecessary path segments
    |
136 -         path: Box<std::path::Path>,
136 +         path: Box<Path>,
    |

warning: unused import: `NativeRecipe`
  --> crates/engine/src/driver/types.rs:26:26
   |
26 | pub(crate) use request::{NativeRecipe, SourceLease, WorkPermit, WorkStopped};
   |                          ^^^^^^^^^^^^

warning: unused imports: `NativeArtifactRole` and `NativeWorkPhase`
  --> crates/engine/src/driver/types.rs:42:26
   |
42 |     LoweringUnsupported, NativeArtifactRole, NativeWorkPhase,
   |                          ^^^^^^^^^^^^^^^^^^  ^^^^^^^^^^^^^^^

warning: unused import: `self`
 --> crates/engine/src/registry/owner.rs:6:10
  |
6 |     fs::{self, File},
  |          ^^^^

warning: unnecessary qualification
  --> crates/engine/src/workspace/head.rs:99:22
   |
99 |         let schema = backend_version::SchemaIdentity::of_relation::<R>();
   |                      ^^^^^^^^^^^^^^^^^^^^^^^^^^^^^^^^^^^^^^^^^^^^^^^^^
   |
help: remove the unnecessary path segments
   |
99 -         let schema = backend_version::SchemaIdentity::of_relation::<R>();
99 +         let schema = SchemaIdentity::of_relation::<R>();
   |

warning: unnecessary qualification
   --> crates/engine/src/workspace/head.rs:239:22
    |
239 |         let schema = backend_version::SchemaIdentity::of_relation::<R>();
    |                      ^^^^^^^^^^^^^^^^^^^^^^^^^^^^^^^^^^^^^^^^^^^^^^^^^
    |
help: remove the unnecessary path segments
    |
239 -         let schema = backend_version::SchemaIdentity::of_relation::<R>();
239 +         let schema = SchemaIdentity::of_relation::<R>();
    |

warning: unnecessary qualification
   --> crates/engine/src/workspace/pack.rs:174:21
    |
174 |     let canonical = backend_store::encode_pack(&map, expected_layout, pack.bytes().len())
    |                     ^^^^^^^^^^^^^^^^^^^^^^^^^^
    |
help: remove the unnecessary path segments
    |
174 -     let canonical = backend_store::encode_pack(&map, expected_layout, pack.bytes().len())
174 +     let canonical = encode_pack(&map, expected_layout, pack.bytes().len())
    |

warning: unused import: `error::Error`
  --> crates/engine/src/application/compiler.rs:70:5
   |
70 |     error::Error as _,
   |     ^^^^^^^^^^^^

warning: variable does not need to be mutable
    --> crates/engine/src/driver/lower/typescript.rs:9983:17
     |
9983 |             let mut record = SemanticTypeRecord::leaf(SemanticTypeTag::TemplateLiteral);
     |                 ----^^^^^^
     |                 |
     |                 help: remove this `mut`
     |
     = note: `#[warn(unused_mut)]` (part of `#[warn(unused)]`) on by default

warning: type `ToolchainProbeFileRole` is more private than the item `ToolchainProbeError::ExecutableWitness::role`
   --> crates/engine/src/application/toolchain_probe.rs:627:9
    |
627 |         role: ToolchainProbeFileRole,
    |         ^^^^^^^^^^^^^^^^^^^^^^^^^^^^ field `ToolchainProbeError::ExecutableWitness::role` is reachable at visibility `pub`
    |
note: but type `ToolchainProbeFileRole` is only usable at visibility `pub(crate)`
   --> crates/engine/src/application/toolchain_probe.rs:777:1
    |
777 | pub(crate) enum ToolchainProbeFileRole {
    | ^^^^^^^^^^^^^^^^^^^^^^^^^^^^^^^^^^^^^^
    = note: `#[warn(private_interfaces)]` on by default

warning: type `ToolchainProbeFileRole` is more private than the item `ToolchainProbeError::ExecutableChanged::role`
   --> crates/engine/src/application/toolchain_probe.rs:638:9
    |
638 |         role: ToolchainProbeFileRole,
    |         ^^^^^^^^^^^^^^^^^^^^^^^^^^^^ field `ToolchainProbeError::ExecutableChanged::role` is reachable at visibility `pub`
    |
note: but type `ToolchainProbeFileRole` is only usable at visibility `pub(crate)`
   --> crates/engine/src/application/toolchain_probe.rs:777:1
    |
777 | pub(crate) enum ToolchainProbeFileRole {
    | ^^^^^^^^^^^^^^^^^^^^^^^^^^^^^^^^^^^^^^

warning: associated functions `derive_with_streamed_field` and `from_encoded` are never used
   --> crates/engine/src/acquisition/identity.rs:113:27
    |
108 |         impl $name {
    |         ---------- associated functions in this implementation
...
113 |             pub(super) fn derive_with_streamed_field(
    |                           ^^^^^^^^^^^^^^^^^^^^^^^^^^
...
141 |             pub(crate) const fn from_encoded(bytes: [u8; ID_BYTES]) -> Self {
    |                                 ^^^^^^^^^^^^
...
158 | identity!(ReleaseClaimId, b"release-claim");
    | ------------------------------------------- in this macro invocation
    |
    = note: `#[warn(dead_code)]` (part of `#[warn(unused)]`) on by default
    = note: this warning originates in the macro `identity` (in Nightly builds, run with -Z macro-backtrace for more info)

warning: associated function `derive_with_streamed_field` is never used
   --> crates/engine/src/acquisition/identity.rs:113:27
    |
108 |         impl $name {
    |         ---------- associated function in this implementation
...
113 |             pub(super) fn derive_with_streamed_field(
    |                           ^^^^^^^^^^^^^^^^^^^^^^^^^^
...
159 | identity!(RawArchiveObjectId, b"raw-archive-object");
    | ---------------------------------------------------- in this macro invocation
    |
    = note: this warning originates in the macro `identity` (in Nightly builds, run with -Z macro-backtrace for more info)

warning: associated functions `derive_with_streamed_field` and `from_encoded` are never used
   --> crates/engine/src/acquisition/identity.rs:113:27
    |
108 |         impl $name {
    |         ---------- associated functions in this implementation
...
113 |             pub(super) fn derive_with_streamed_field(
    |                           ^^^^^^^^^^^^^^^^^^^^^^^^^^
...
141 |             pub(crate) const fn from_encoded(bytes: [u8; ID_BYTES]) -> Self {
    |                                 ^^^^^^^^^^^^
...
160 | identity!(TreeManifestId, b"tree-manifest");
    | ------------------------------------------- in this macro invocation
    |
    = note: this warning originates in the macro `identity` (in Nightly builds, run with -Z macro-backtrace for more info)

warning: associated functions `derive_with_streamed_field` and `from_encoded` are never used
   --> crates/engine/src/acquisition/identity.rs:113:27
    |
108 |         impl $name {
    |         ---------- associated functions in this implementation
...
113 |             pub(super) fn derive_with_streamed_field(
    |                           ^^^^^^^^^^^^^^^^^^^^^^^^^^
...
141 |             pub(crate) const fn from_encoded(bytes: [u8; ID_BYTES]) -> Self {
    |                                 ^^^^^^^^^^^^
...
161 | identity!(SourceSnapshotId, b"source-snapshot");
    | ----------------------------------------------- in this macro invocation
    |
    = note: this warning originates in the macro `identity` (in Nightly builds, run with -Z macro-backtrace for more info)

warning: associated functions `derive_with_streamed_field` and `from_encoded` are never used
   --> crates/engine/src/acquisition/identity.rs:113:27
    |
108 |         impl $name {
    |         ---------- associated functions in this implementation
...
113 |             pub(super) fn derive_with_streamed_field(
    |                           ^^^^^^^^^^^^^^^^^^^^^^^^^^
...
141 |             pub(crate) const fn from_encoded(bytes: [u8; ID_BYTES]) -> Self {
    |                                 ^^^^^^^^^^^^
...
162 | identity!(AcquisitionDeltaId, b"acquisition-delta");
    | --------------------------------------------------- in this macro invocation
    |
    = note: this warning originates in the macro `identity` (in Nightly builds, run with -Z macro-backtrace for more info)

warning: associated functions `derive_with_streamed_field` and `from_encoded` are never used
   --> crates/engine/src/acquisition/identity.rs:113:27
    |
108 |         impl $name {
    |         ---------- associated functions in this implementation
...
113 |             pub(super) fn derive_with_streamed_field(
    |                           ^^^^^^^^^^^^^^^^^^^^^^^^^^
...
141 |             pub(crate) const fn from_encoded(bytes: [u8; ID_BYTES]) -> Self {
    |                                 ^^^^^^^^^^^^
...
163 | identity!(AcquisitionReceiptId, b"acquisition-receipt");
    | ------------------------------------------------------- in this macro invocation
    |
    = note: this warning originates in the macro `identity` (in Nightly builds, run with -Z macro-backtrace for more info)

warning: associated function `derive` is never used
   --> crates/engine/src/acquisition/identity.rs:109:27
    |
108 |         impl $name {
    |         ---------- associated function in this implementation
109 |             pub(super) fn derive(fields: &[&[u8]]) -> Self {
    |                           ^^^^^^
...
164 | identity!(AcquisitionRecordId, b"acquisition-record");
    | ----------------------------------------------------- in this macro invocation
    |
    = note: this warning originates in the macro `identity` (in Nightly builds, run with -Z macro-backtrace for more info)

warning: associated function `derive_with_streamed_field` is never used
   --> crates/engine/src/acquisition/identity.rs:113:27
    |
108 |         impl $name {
    |         ---------- associated function in this implementation
...
113 |             pub(super) fn derive_with_streamed_field(
    |                           ^^^^^^^^^^^^^^^^^^^^^^^^^^
...
165 | identity!(PublicationRootId, b"publication-root");
    | ------------------------------------------------- in this macro invocation
    |
    = note: this warning originates in the macro `identity` (in Nightly builds, run with -Z macro-backtrace for more info)

warning: field `request` is never read
    --> crates/engine/src/application/runtime.rs:3404:9
     |
3402 |     PackageSources {
     |     -------------- field in this variant
3403 |         facts: RequestFacts,
3404 |         request: OwnedPackageSourceSet,
     |         ^^^^^^^

warning: function `fragment_terminal` is never used
   --> crates/engine/src/application/terminal/native.rs:291:10
    |
291 | const fn fragment_terminal(
    |          ^^^^^^^^^^^^^^^^^

warning: function `executable_object_identity` is never used
   --> crates/engine/src/application/toolchain_probe.rs:380:15
    |
380 | pub(crate) fn executable_object_identity(path: &Path) -> io::Result<(u64, FileObjectId)> {
    |               ^^^^^^^^^^^^^^^^^^^^^^^^^^

warning: function `compiler_directory_object_identity` is never used
   --> crates/engine/src/application/toolchain_probe.rs:398:15
    |
398 | pub(crate) fn compiler_directory_object_identity(path: &Path) -> io::Result<(u64, FileObjectId)> {
    |               ^^^^^^^^^^^^^^^^^^^^^^^^^^^^^^^^^^

warning: method `validate_launch_objects` is never used
   --> crates/engine/src/application/typescript_host.rs:107:19
    |
 75 | impl TypeScriptProjectInvocationLease {
    | ------------------------------------- method in this implementation
...
107 |     pub(crate) fn validate_launch_objects(
    |                   ^^^^^^^^^^^^^^^^^^^^^^^

warning: fields `compiler_path`, `compiler_origin`, `node_version`, `node_origin`, and `selected_build_config_paths` are never read
   --> crates/engine/src/application/typescript_host.rs:184:16
    |
180 | pub(crate) struct TypeScriptProjectInputs<'a> {
    |                   ----------------------- fields in this struct
...
184 |     pub(crate) compiler_path: &'a Path,
    |                ^^^^^^^^^^^^^
185 |     pub(crate) compiler_version: &'a [u8],
186 |     pub(crate) compiler_origin: TypeScriptSelectionOrigin,
    |                ^^^^^^^^^^^^^^^
187 |     pub(crate) node_path: &'a Path,
188 |     pub(crate) node_version: &'a [u8],
    |                ^^^^^^^^^^^^
189 |     pub(crate) node_origin: TypeScriptSelectionOrigin,
    |                ^^^^^^^^^^^
...
192 |     pub(crate) selected_build_config_paths: &'a [Box<Path>],
    |                ^^^^^^^^^^^^^^^^^^^^^^^^^^^
    |
    = note: `TypeScriptProjectInputs` has derived impls for the traits `Debug` and `Clone`, but these are intentionally ignored during dead code analysis

warning: methods `load_source` and `validate_current` are never used
   --> crates/engine/src/application/typescript_host.rs:222:19
    |
213 | impl TypeScriptProjectInputs<'_> {
    | -------------------------------- methods in this implementation
...
222 |     pub(crate) fn load_source(
    |                   ^^^^^^^^^^^
...
229 |     pub(crate) fn validate_current(&self) -> Result<(), TypeScriptProjectHostError> {
    |                   ^^^^^^^^^^^^^^^^

warning: enum `TypeScriptResolverObservationRef` is never used
   --> crates/engine/src/application/typescript_host.rs:254:17
    |
254 | pub(crate) enum TypeScriptResolverObservationRef<'a> {
    |                 ^^^^^^^^^^^^^^^^^^^^^^^^^^^^^^^^

warning: methods `read_directory`, `loaded_sources`, and `observations` are never used
   --> crates/engine/src/application/typescript_host.rs:478:19
    |
347 | impl TypeScriptResolverCapability<'_> {
    | ------------------------------------- methods in this implementation
...
478 |     pub(crate) fn read_directory(
    |                   ^^^^^^^^^^^^^^
...
637 |     pub(crate) fn loaded_sources(
    |                   ^^^^^^^^^^^^^^
...
643 |     pub(crate) fn observations(&self) -> Vec<TypeScriptResolverObservationRef<'_>> {
    |                   ^^^^^^^^^^^^

warning: method `load_source` is never used
    --> crates/engine/src/application/typescript_host.rs:1341:8
     |
1125 | impl TypeScriptProjectWitness {
     | ----------------------------- method in this implementation
...
1341 |     fn load_source(&self, path: &Path) -> Result<TypeScriptFileInput, TypeScriptProjectHostError> {
     |        ^^^^^^^^^^^

warning: function `extension_matches` is never used
    --> crates/engine/src/application/typescript_host.rs:1774:4
     |
1774 | fn extension_matches(path: &Path, extensions: &[&str]) -> bool {
     |    ^^^^^^^^^^^^^^^^^

warning: function `resolver_observation_ref_path` is never used
    --> crates/engine/src/application/typescript_host.rs:1787:4
     |
1787 | fn resolver_observation_ref_path<'a>(
     |    ^^^^^^^^^^^^^^^^^^^^^^^^^^^^^

warning: function `resolver_observation_ref_tag` is never used
    --> crates/engine/src/application/typescript_host.rs:1798:4
     |
1798 | fn resolver_observation_ref_tag(observation: &TypeScriptResolverObservationRef<'_>) -> u8 {
     |    ^^^^^^^^^^^^^^^^^^^^^^^^^^^^

warning: associated function `new` is never used
    --> crates/engine/src/application/typescript_host.rs:2857:19
     |
2856 | impl TypeScriptProjectHost {
     | -------------------------- associated function in this implementation
2857 |     pub(crate) fn new(
     |                   ^^^

warning: function `find_project_typescript` is never used
    --> crates/engine/src/application/typescript_host.rs:3407:4
     |
3407 | fn find_project_typescript(
     |    ^^^^^^^^^^^^^^^^^^^^^^^

warning: variants `AbsentPath`, `CargoProject`, `ToolchainInput`, and `ExternalInput` are never constructed
   --> crates/engine/src/compiler_read_observation_v2.rs:91:5
    |
 85 | pub(crate) enum CompilerReadObservationEventClassV2 {
    |                 ----------------------------------- variants in this enum
...
 91 |     AbsentPath = 3,
    |     ^^^^^^^^^^
...
 97 |     CargoProject = 6,
    |     ^^^^^^^^^^^^
...
101 |     ToolchainInput = 8,
    |     ^^^^^^^^^^^^^^
...
105 |     ExternalInput = 10,
    |     ^^^^^^^^^^^^^
    |
    = note: `CompilerReadObservationEventClassV2` has derived impls for the traits `Debug` and `Clone`, but these are intentionally ignored during dead code analysis

warning: methods `observe_path_event` and `observe_nonpath_event` are never used
   --> crates/engine/src/compiler_read_observation_v2.rs:338:19
    |
246 | impl CompilerReadObservationRecorderV2 {
    | -------------------------------------- methods in this implementation
...
338 |     pub(crate) fn observe_path_event(
    |                   ^^^^^^^^^^^^^^^^^^
...
426 |     pub(crate) fn observe_nonpath_event(
    |                   ^^^^^^^^^^^^^^^^^^^^^

warning: method `compilation_attempt_id` is never used
   --> crates/engine/src/compiler_unit_read_closure_v2.rs:180:25
    |
176 | impl VerifiedUnitReadClosure {
    | ---------------------------- method in this implementation
...
180 |     pub(crate) const fn compilation_attempt_id(&self) -> CompilationAttemptId {
    |                         ^^^^^^^^^^^^^^^^^^^^^^

warning: method `mark_members_captured` is never used
    --> crates/engine/src/driver/lower.rs:1863:19
     |
 923 | impl<'source> FactSet<'source> {
     | ------------------------------ method in this implementation
...
1863 |     pub(super) fn mark_members_captured(&mut self, entity: u32) -> Result<(), FactFault> {
     |                   ^^^^^^^^^^^^^^^^^^^^^

warning: method `mark_members_captured` is never used
   --> crates/engine/src/driver/lower/provenance.rs:198:19
    |
 36 | impl Provenance {
    | --------------- method in this implementation
...
198 |     pub(super) fn mark_members_captured(
    |                   ^^^^^^^^^^^^^^^^^^^^^

warning: struct `NativeRecipe` is never constructed
   --> crates/engine/src/driver/types/request.rs:335:19
    |
335 | pub(crate) struct NativeRecipe<'source, 'toolchain> {
    |                   ^^^^^^^^^^^^

warning: methods `invocation` and `validate_invocation` are never used
   --> crates/engine/src/driver/types/toolchain.rs:337:25
    |
140 | impl<'path> ResolvedToolchain<'path> {
    | ------------------------------------ methods in this implementation
...
337 |     pub(crate) const fn invocation(self) -> NativeInvocation<'path> {
    |                         ^^^^^^^^^^
...
368 |     pub(crate) fn validate_invocation(self) -> Result<(), NativeInvocationError> {
    |                   ^^^^^^^^^^^^^^^^^^^

warning: methods `release` and `admit_releases` are never used
    --> crates/engine/src/registry/ecosystem.rs:1011:8
     |
 804 | impl EcosystemAdapter {
     | --------------------- methods in this implementation
...
1011 |     fn release(
     |        ^^^^^^^
...
1151 |     pub(crate) fn admit_releases(
     |                   ^^^^^^^^^^^^^^

warning: methods `maven_versions`, `maven_release`, `maven_archive_url`, `maven_source_archive_url`, `maven_archive_url_with_classifier`, and `conan_archive_name` are never used
   --> crates/engine/src/registry/ecosystem_decoders.rs:630:19
    |
220 | impl EcosystemAdapter {
    | --------------------- methods in this implementation
...
630 |     pub(crate) fn maven_versions(&self, bytes: &[u8]) -> Result<Vec<String>, TransportFailure> {
    |                   ^^^^^^^^^^^^^^
...
639 |     pub(crate) fn maven_release(
    |                   ^^^^^^^^^^^^^
...
683 |     pub(crate) fn maven_archive_url(&self, version: &str) -> String {
    |                   ^^^^^^^^^^^^^^^^^
...
687 |     pub(crate) fn maven_source_archive_url(&self, version: &str) -> String {
    |                   ^^^^^^^^^^^^^^^^^^^^^^^^
...
707 |     fn maven_archive_url_with_classifier(&self, version: &str, classifier: &str) -> String {
    |        ^^^^^^^^^^^^^^^^^^^^^^^^^^^^^^^^^
...
996 |     pub(crate) fn conan_archive_name(&self, bytes: &[u8]) -> Result<String, TransportFailure> {
    |                   ^^^^^^^^^^^^^^^^^^

warning: function `is_sdist` is never used
    --> crates/engine/src/registry/ecosystem_decoders.rs:2661:4
     |
2661 | fn is_sdist(filename: &str) -> bool {
     |    ^^^^^^^^

warning: function `is_wheel` is never used
    --> crates/engine/src/registry/ecosystem_decoders.rs:2667:4
     |
2667 | fn is_wheel(filename: &str) -> bool {
     |    ^^^^^^^^

warning: field `stats` is never read
   --> crates/engine/src/registry/frontier.rs:354:5
    |
350 | pub(super) struct PreparedFactsUpdate {
    |                   ------------------- field in this struct
...
354 |     stats: UpdateStats,
    |     ^^^^^
    |
    = note: `PreparedFactsUpdate` has derived impls for the traits `Debug` and `Clone`, but these are intentionally ignored during dead code analysis

warning: method `stats` is never used
   --> crates/engine/src/registry/frontier.rs:364:19
    |
357 | impl PreparedFactsUpdate {
    | ------------------------ method in this implementation
...
364 |     pub(super) fn stats(&self) -> UpdateStats {
    |                   ^^^^^

warning: constant `MAX_FACTS_PROOF_LEVELS` is never used
   --> crates/engine/src/registry/frontier.rs:400:7
    |
400 | const MAX_FACTS_PROOF_LEVELS: usize = usize::BITS as usize;
    |       ^^^^^^^^^^^^^^^^^^^^^^

warning: method `proof` is never used
   --> crates/engine/src/registry/frontier.rs:451:19
    |
402 | impl FactsMerkleMap {
    | ------------------- method in this implementation
...
451 |     pub(super) fn proof(&self, coordinate: &PackageCoordinate) -> Option<backend_store::KeyProof> {
    |                   ^^^^^

warning: method `admit_reader` is never used
  --> crates/engine/src/registry/identity.rs:66:19
   |
37 | impl PublishedArtifactClaim {
   | --------------------------- method in this implementation
...
66 |     pub(crate) fn admit_reader<R: Read>(
   |                   ^^^^^^^^^^^^

warning: method `permit_authority` is never used
   --> crates/engine/src/registry/identity.rs:309:19
    |
281 | impl RegistryCredentialPolicy {
    | ----------------------------- method in this implementation
...
309 |     pub(crate) fn permit_authority(&mut self, url: &str) -> bool {
    |                   ^^^^^^^^^^^^^^^^

warning: methods `poll`, `acquire_page`, and `verify_and_store` are never used
    --> crates/engine/src/registry/owner.rs:1079:19
     |
 435 | impl RegistryOwner {
     | ------------------ methods in this implementation
...
1079 |     pub(crate) fn poll<T: RegistryTransport>(
     |                   ^^^^
...
1228 |     fn acquire_page<T: RegistryTransport>(
     |        ^^^^^^^^^^^^
...
1288 |     pub(crate) fn verify_and_store(
     |                   ^^^^^^^^^^^^^^^^

warning: enum `PageAcquisition` is never used
    --> crates/engine/src/registry/owner.rs:1341:6
     |
1341 | enum PageAcquisition {
     |      ^^^^^^^^^^^^^^^

warning: method `verify_and_store` is never used
    --> crates/engine/src/registry/owner.rs:1369:19
     |
1358 | impl ArchiveStageContext {
     | ------------------------ method in this implementation
...
1369 |     pub(crate) fn verify_and_store(
     |                   ^^^^^^^^^^^^^^^^

warning: methods `body_length` and `telemetry` are never used
   --> crates/engine/src/registry/transport.rs:141:19
    |
106 | impl ArchiveArtifact {
    | -------------------- methods in this implementation
...
141 |     pub(crate) fn body_length(&self) -> u64 {
    |                   ^^^^^^^^^^^
...
157 |     pub(crate) const fn telemetry(&self) -> TransferTelemetry {
    |                         ^^^^^^^^^

warning: methods `verify_archive` and `canonical_digest` are never used
   --> crates/engine/src/registry/transport.rs:406:19
    |
405 | impl RemotePackage {
    | ------------------ methods in this implementation
406 |     pub(crate) fn verify_archive(
    |                   ^^^^^^^^^^^^^^
...
513 |     pub(crate) const fn canonical_digest(&self) -> Option<[u8; 32]> {
    |                         ^^^^^^^^^^^^^^^^

warning: method `maven_checksum` is never used
    --> crates/engine/src/registry/transport.rs:1518:8
     |
 675 | impl HttpRegistryTransport {
     | -------------------------- method in this implementation
...
1518 |     fn maven_checksum(
     |        ^^^^^^^^^^^^^^

warning: missing documentation for a method
   --> crates/engine/src/application/cluster_coordinator/result_wire.rs:109:5
    |
109 |     pub const fn role(self) -> CompilerResultMemberRole {
    |     ^^^^^^^^^^^^^^^^^^^^^^^^^^^^^^^^^^^^^^^^^^^^^^^^^^^
    |
    = note: requested on the command line with `-W missing-docs`

warning: missing documentation for a method
   --> crates/engine/src/application/cluster_coordinator/result_wire.rs:114:5
    |
114 |     pub const fn reference(self) -> ObjectRef<ObjectDomain> {
    |     ^^^^^^^^^^^^^^^^^^^^^^^^^^^^^^^^^^^^^^^^^^^^^^^^^^^^^^^

warning: missing documentation for a method
   --> crates/engine/src/application/cluster_coordinator/result_wire.rs:119:5
    |
119 |     pub const fn key(self) -> u64 {
    |     ^^^^^^^^^^^^^^^^^^^^^^^^^^^^^

warning: missing documentation for a method
   --> crates/engine/src/application/cluster_coordinator/result_wire.rs:124:5
    |
124 |     pub const fn parent(self) -> Option<u64> {
    |     ^^^^^^^^^^^^^^^^^^^^^^^^^^^^^^^^^^^^^^^^

warning: missing documentation for a struct field
   --> crates/engine/src/application/host/rust_selection.rs:221:9
    |
221 |         rustc: PathBuf,
    |         ^^^^^^^^^^^^^^

warning: missing documentation for a struct field
   --> crates/engine/src/application/host/rust_selection.rs:222:9
    |
222 |         place: InstalledToolPlace,
    |         ^^^^^^^^^^^^^^^^^^^^^^^^^

warning: missing documentation for a method
   --> crates/engine/src/builtin/semantic_relation.rs:474:5
    |
474 |     pub const fn completed(self) -> NonZeroU32 {
    |     ^^^^^^^^^^^^^^^^^^^^^^^^^^^^^^^^^^^^^^^^^^

warning: missing documentation for a method
   --> crates/engine/src/builtin/semantic_relation.rs:478:5
    |
478 |     pub const fn total(self) -> NonZeroU32 {
    |     ^^^^^^^^^^^^^^^^^^^^^^^^^^^^^^^^^^^^^^

warning: missing documentation for a struct field
   --> crates/engine/src/driver/types/lowering.rs:183:32
    |
183 |     TypeProjectionDepthLimit { depth: u8, maximum: u8 },
    |                                ^^^^^^^^^

warning: missing documentation for a struct field
   --> crates/engine/src/driver/types/lowering.rs:183:43
    |
183 |     TypeProjectionDepthLimit { depth: u8, maximum: u8 },
    |                                           ^^^^^^^^^^^

warning: missing documentation for a struct field
   --> crates/engine/src/driver/types/lowering.rs:185:27
    |
185 |     TypeProjectionCycle { type_id: u32 },
    |                           ^^^^^^^^^^^^

warning: missing documentation for a struct field
   --> crates/engine/src/driver/types/lowering.rs:187:40
    |
187 |     TypeProjectionRecursiveReference { distance: u32 },
    |                                        ^^^^^^^^^^^^^

warning: missing documentation for a struct field
   --> crates/engine/src/driver/types/lowering.rs:189:27
    |
189 |     TypeProjectionWidth { actual: usize, maximum: usize },
    |                           ^^^^^^^^^^^^^

warning: missing documentation for a struct field
   --> crates/engine/src/driver/types/lowering.rs:189:42
    |
189 |     TypeProjectionWidth { actual: usize, maximum: usize },
    |                                          ^^^^^^^^^^^^^^

warning: `backend-library` (lib) generated 621 warnings (run `cargo fix --lib -p backend-library` to apply 15 suggestions)
       Dirty backend-client v0.2.0 (/Users/rmccrar6/codex-worktrees/luna-index-projection-fastpath-7382-20261008/crates/client): info of dependency `backend-engine` changed
   Compiling backend-client v0.2.0 (/Users/rmccrar6/codex-worktrees/luna-index-projection-fastpath-7382-20261008/crates/client)
     Running `/nix/store/ff5chd1i7bm0d7ki0ahkbkgwij973qvx-rust-1.97.1-with-components-2026-07-16/bin/rustc --crate-name backend_client --edition=2024 crates/client/src/lib.rs --error-format=json --json=diagnostic-rendered-ansi,artifacts,future-incompat --crate-type lib --emit=dep-info,metadata,link -C embed-bitcode=no -C debuginfo=1 -C split-debuginfo=unpacked '--warn=clippy::pedantic' '--warn=clippy::all' '--deny=clippy::unwrap_used' --warn=unused_qualifications --warn=unused_lifetimes --deny=unsafe_code --warn=unreachable_pub '--deny=clippy::unimplemented' '--deny=clippy::todo' '--warn=clippy::panic' --warn=missing_docs '--deny=clippy::mem_forget' '--warn=clippy::expect_used' '--deny=clippy::dbg_macro' --cfg 'feature="test-support"' --check-cfg 'cfg(docsrs,test)' --check-cfg 'cfg(feature, values("test-support"))' -C metadata=5be7915492d5df5d -C extra-filename=-4055ed9ba42774db --out-dir /Users/rmccrar6/codex-worktrees/luna-clippy-warning-cleanup-20261007/.local/build/clippy-current-canonical-20261007/debug/deps -L dependency=/Users/rmccrar6/codex-worktrees/luna-clippy-warning-cleanup-20261007/.local/build/clippy-current-canonical-20261007/debug/deps --extern backend_engine=/Users/rmccrar6/codex-worktrees/luna-clippy-warning-cleanup-20261007/.local/build/clippy-current-canonical-20261007/debug/deps/libbackend_engine-f441d4176336ed04.rmeta --extern backend_library=/Users/rmccrar6/codex-worktrees/luna-clippy-warning-cleanup-20261007/.local/build/clippy-current-canonical-20261007/debug/deps/libbackend_library-408f3256788f0bdc.rmeta --extern backend_replication=/Users/rmccrar6/codex-worktrees/luna-clippy-warning-cleanup-20261007/.local/build/clippy-current-canonical-20261007/debug/deps/libbackend_replication-a7b627467aa9374d.rmeta --extern backend_semantic=/Users/rmccrar6/codex-worktrees/luna-clippy-warning-cleanup-20261007/.local/build/clippy-current-canonical-20261007/debug/deps/libbackend_semantic-f840df0bae813320.rmeta --extern base64=/Users/rmccrar6/codex-worktrees/luna-clippy-warning-cleanup-20261007/.local/build/clippy-current-canonical-20261007/debug/deps/libbase64-2bf467dbc079c2ae.rmeta --extern blake3=/Users/rmccrar6/codex-worktrees/luna-clippy-warning-cleanup-20261007/.local/build/clippy-current-canonical-20261007/debug/deps/libblake3-4f44f49a9a64a61d.rmeta --extern flate2=/Users/rmccrar6/codex-worktrees/luna-clippy-warning-cleanup-20261007/.local/build/clippy-current-canonical-20261007/debug/deps/libflate2-98010828220c805d.rmeta --extern hashlink=/Users/rmccrar6/codex-worktrees/luna-clippy-warning-cleanup-20261007/.local/build/clippy-current-canonical-20261007/debug/deps/libhashlink-cd3170f14d03136c.rmeta --extern serde_json=/Users/rmccrar6/codex-worktrees/luna-clippy-warning-cleanup-20261007/.local/build/clippy-current-canonical-20261007/debug/deps/libserde_json-5519587ec51e9b8e.rmeta --extern tokio=/Users/rmccrar6/codex-worktrees/luna-clippy-warning-cleanup-20261007/.local/build/clippy-current-canonical-20261007/debug/deps/libtokio-2f4772e47d045e45.rmeta -L native=/Users/rmccrar6/codex-worktrees/luna-clippy-warning-cleanup-20261007/.local/build/clippy-current-canonical-20261007/debug/build/blake3-c1cb4c3099a1fc7f/out -L native=/Users/rmccrar6/codex-worktrees/luna-clippy-warning-cleanup-20261007/.local/build/clippy-current-canonical-20261007/debug/build/ring-53e80969c9e79690/out -L native=/Users/rmccrar6/codex-worktrees/luna-clippy-warning-cleanup-20261007/.local/build/clippy-current-canonical-20261007/debug/build/simsimd-57d7ccc1ff7a2e26/out -L native=/Users/rmccrar6/codex-worktrees/luna-clippy-warning-cleanup-20261007/.local/build/clippy-current-canonical-20261007/debug/build/tree-sitter-47647a70e9977a2a/out -L native=/Users/rmccrar6/codex-worktrees/luna-clippy-warning-cleanup-20261007/.local/build/clippy-current-canonical-20261007/debug/build/zstd-sys-725944218d349181/out -L native=/Users/rmccrar6/codex-worktrees/luna-clippy-warning-cleanup-20261007/.local/build/clippy-current-canonical-20261007/debug/build/tree-sitter-cpp-2ede425b60a2312f/out -L native=/Users/rmccrar6/codex-worktrees/luna-clippy-warning-cleanup-20261007/.local/build/clippy-current-canonical-20261007/debug/build/tree-sitter-c-sharp-b084b66732d0f6b7/out -L native=/Users/rmccrar6/codex-worktrees/luna-clippy-warning-cleanup-20261007/.local/build/clippy-current-canonical-20261007/debug/build/tree-sitter-go-358cc2b17efe5bfd/out -L native=/Users/rmccrar6/codex-worktrees/luna-clippy-warning-cleanup-20261007/.local/build/clippy-current-canonical-20261007/debug/build/tree-sitter-java-4861b19e6895f680/out -L native=/Users/rmccrar6/codex-worktrees/luna-clippy-warning-cleanup-20261007/.local/build/clippy-current-canonical-20261007/debug/build/tikv-jemalloc-sys-e583b9a09e4ebba4/out/build/lib -L native=/Users/rmccrar6/codex-worktrees/luna-clippy-warning-cleanup-20261007/.local/build/clippy-current-canonical-20261007/debug/build/tree-sitter-python-658e4d3f060ec406/out -L native=/Users/rmccrar6/codex-worktrees/luna-clippy-warning-cleanup-20261007/.local/build/clippy-current-canonical-20261007/debug/build/tree-sitter-rust-f0712bd638d3eda3/out -L native=/Users/rmccrar6/codex-worktrees/luna-clippy-warning-cleanup-20261007/.local/build/clippy-current-canonical-20261007/debug/build/tree-sitter-typescript-be39128aad6edfb9/out -L native=/Users/rmccrar6/codex-worktrees/luna-clippy-warning-cleanup-20261007/.local/build/clippy-current-canonical-20261007/debug/build/psm-b63d05f5e99d8d91/out`
warning: unnecessary qualification
  --> crates/client/src/query_continuation.rs:71:6
   |
71 | impl std::io::Write for ProofBudget {
   |      ^^^^^^^^^^^^^^
   |
   = note: requested on the command line with `-W unused-qualifications`
help: remove the unnecessary path segments
   |
71 - impl std::io::Write for ProofBudget {
71 + impl Write for ProofBudget {
   |

warning: `backend-client` (lib) generated 1 warning (run `cargo fix --lib -p backend-client` to apply 1 suggestion)
   Compiling notify v7.0.0
     Running `/nix/store/ff5chd1i7bm0d7ki0ahkbkgwij973qvx-rust-1.97.1-with-components-2026-07-16/bin/rustc --crate-name notify --edition=2021 /Users/rmccrar6/.cargo/registry/src/index.crates.io-1949cf8c6b5b557f/notify-7.0.0/src/lib.rs --error-format=json --json=diagnostic-rendered-ansi,artifacts,future-incompat --crate-type lib --emit=dep-info,metadata,link -C embed-bitcode=no -C debuginfo=1 -C split-debuginfo=unpacked --cfg 'feature="default"' --cfg 'feature="fsevent-sys"' --cfg 'feature="macos_fsevent"' --check-cfg 'cfg(docsrs,test)' --check-cfg 'cfg(feature, values("crossbeam-channel", "default", "fsevent-sys", "kqueue", "macos_fsevent", "macos_kqueue", "mio", "serde", "serialization-compat-6"))' -C metadata=466ac21b032da23e -C extra-filename=-2efbce6bdffabbbf --out-dir /Users/rmccrar6/codex-worktrees/luna-clippy-warning-cleanup-20261007/.local/build/clippy-current-canonical-20261007/debug/deps -L dependency=/Users/rmccrar6/codex-worktrees/luna-clippy-warning-cleanup-20261007/.local/build/clippy-current-canonical-20261007/debug/deps --extern bitflags=/Users/rmccrar6/codex-worktrees/luna-clippy-warning-cleanup-20261007/.local/build/clippy-current-canonical-20261007/debug/deps/libbitflags-550a213bbe5c28f8.rmeta --extern filetime=/Users/rmccrar6/codex-worktrees/luna-clippy-warning-cleanup-20261007/.local/build/clippy-current-canonical-20261007/debug/deps/libfiletime-7a547c8760fc2c01.rmeta --extern fsevent_sys=/Users/rmccrar6/codex-worktrees/luna-clippy-warning-cleanup-20261007/.local/build/clippy-current-canonical-20261007/debug/deps/libfsevent_sys-c1ac45467627a83c.rmeta --extern libc=/Users/rmccrar6/codex-worktrees/luna-clippy-warning-cleanup-20261007/.local/build/clippy-current-canonical-20261007/debug/deps/liblibc-8786ff7d2e123d34.rmeta --extern log=/Users/rmccrar6/codex-worktrees/luna-clippy-warning-cleanup-20261007/.local/build/clippy-current-canonical-20261007/debug/deps/liblog-94598cc624443ae7.rmeta --extern notify_types=/Users/rmccrar6/codex-worktrees/luna-clippy-warning-cleanup-20261007/.local/build/clippy-current-canonical-20261007/debug/deps/libnotify_types-26c9abb43df86d62.rmeta --extern walkdir=/Users/rmccrar6/codex-worktrees/luna-clippy-warning-cleanup-20261007/.local/build/clippy-current-canonical-20261007/debug/deps/libwalkdir-058ea1500420034c.rmeta --cap-lints allow`
       Dirty backend-extension-turso v0.2.0 (/Users/rmccrar6/codex-worktrees/luna-index-projection-fastpath-7382-20261008/extensions/turso): the dependency `backend-platform` was rebuilt
   Compiling backend-extension-turso v0.2.0 (/Users/rmccrar6/codex-worktrees/luna-index-projection-fastpath-7382-20261008/extensions/turso)
     Running `/nix/store/ff5chd1i7bm0d7ki0ahkbkgwij973qvx-rust-1.97.1-with-components-2026-07-16/bin/rustc --crate-name backend_extension_turso --edition=2024 extensions/turso/src/lib.rs --error-format=json --json=diagnostic-rendered-ansi,artifacts,future-incompat --crate-type lib --emit=dep-info,metadata,link -C embed-bitcode=no -C debuginfo=1 -C split-debuginfo=unpacked '--warn=clippy::pedantic' '--warn=clippy::all' '--deny=clippy::unwrap_used' --warn=unused_qualifications --warn=unused_lifetimes --deny=unsafe_code --warn=unreachable_pub '--deny=clippy::unimplemented' '--deny=clippy::todo' '--warn=clippy::panic' --warn=missing_docs '--deny=clippy::mem_forget' '--warn=clippy::expect_used' '--deny=clippy::dbg_macro' --check-cfg 'cfg(docsrs,test)' --check-cfg 'cfg(feature, values())' -C metadata=b2130124b9a3a1b8 -C extra-filename=-8cceb47cc4154cb9 --out-dir /Users/rmccrar6/codex-worktrees/luna-clippy-warning-cleanup-20261007/.local/build/clippy-current-canonical-20261007/debug/deps -L dependency=/Users/rmccrar6/codex-worktrees/luna-clippy-warning-cleanup-20261007/.local/build/clippy-current-canonical-20261007/debug/deps --extern backend_library=/Users/rmccrar6/codex-worktrees/luna-clippy-warning-cleanup-20261007/.local/build/clippy-current-canonical-20261007/debug/deps/libbackend_library-408f3256788f0bdc.rmeta --extern backend_platform=/Users/rmccrar6/codex-worktrees/luna-clippy-warning-cleanup-20261007/.local/build/clippy-current-canonical-20261007/debug/deps/libbackend_platform-3e94ae60de778f92.rmeta --extern backend_semantic=/Users/rmccrar6/codex-worktrees/luna-clippy-warning-cleanup-20261007/.local/build/clippy-current-canonical-20261007/debug/deps/libbackend_semantic-f840df0bae813320.rmeta --extern backend_store=/Users/rmccrar6/codex-worktrees/luna-clippy-warning-cleanup-20261007/.local/build/clippy-current-canonical-20261007/debug/deps/libbackend_store-341f46d1b47647bc.rmeta --extern backend_version=/Users/rmccrar6/codex-worktrees/luna-clippy-warning-cleanup-20261007/.local/build/clippy-current-canonical-20261007/debug/deps/libbackend_version-9724f8132b25ba74.rmeta --extern blake3=/Users/rmccrar6/codex-worktrees/luna-clippy-warning-cleanup-20261007/.local/build/clippy-current-canonical-20261007/debug/deps/libblake3-4f44f49a9a64a61d.rmeta --extern turso=/Users/rmccrar6/codex-worktrees/luna-clippy-warning-cleanup-20261007/.local/build/clippy-current-canonical-20261007/debug/deps/libturso-a38e4708754b08cf.rmeta -L native=/Users/rmccrar6/codex-worktrees/luna-clippy-warning-cleanup-20261007/.local/build/clippy-current-canonical-20261007/debug/build/blake3-c1cb4c3099a1fc7f/out -L native=/Users/rmccrar6/codex-worktrees/luna-clippy-warning-cleanup-20261007/.local/build/clippy-current-canonical-20261007/debug/build/simsimd-57d7ccc1ff7a2e26/out -L native=/Users/rmccrar6/codex-worktrees/luna-clippy-warning-cleanup-20261007/.local/build/clippy-current-canonical-20261007/debug/build/tree-sitter-47647a70e9977a2a/out -L native=/Users/rmccrar6/codex-worktrees/luna-clippy-warning-cleanup-20261007/.local/build/clippy-current-canonical-20261007/debug/build/ring-53e80969c9e79690/out`
warning: unused imports: `ArtifactBudget`, `ArtifactClosureClaim`, and `FileStore`
 --> extensions/turso/src/authority/types.rs:4:21
  |
4 | use backend_store::{ArtifactBudget, ArtifactClosureClaim, FileStore};
  |                     ^^^^^^^^^^^^^^  ^^^^^^^^^^^^^^^^^^^^  ^^^^^^^^^
  |
  = note: `#[warn(unused_imports)]` (part of `#[warn(unused)]`) on by default

warning: unused import: `ProjectionGenerationId`
 --> extensions/turso/src/connection.rs:4:5
  |
4 |     ProjectionGenerationId, ProjectionGraphSeed, ProjectionNamespace, ProjectionOperationGuard,
  |     ^^^^^^^^^^^^^^^^^^^^^^

warning: unused import: `backend_library::CheckedPackageGraphFacts`
  --> extensions/turso/src/connection.rs:11:5
   |
11 | use backend_library::CheckedPackageGraphFacts;
   |     ^^^^^^^^^^^^^^^^^^^^^^^^^^^^^^^^^^^^^^^^^

warning: unused import: `DirectoryCapability`
  --> extensions/turso/src/connection.rs:12:42
   |
12 | use backend_platform::{CreatedDirectory, DirectoryCapability, FileIdentity};
   |                                          ^^^^^^^^^^^^^^^^^^^

warning: unnecessary qualification
    --> extensions/turso/src/graph.rs:1436:13
     |
1436 | ) -> Result<backend_library::ProductText, ProjectionError> {
     |             ^^^^^^^^^^^^^^^^^^^^^^^^^^^^
     |
     = note: requested on the command line with `-W unused-qualifications`
help: remove the unnecessary path segments
     |
1436 - ) -> Result<backend_library::ProductText, ProjectionError> {
1436 + ) -> Result<ProductText, ProjectionError> {
     |

warning: unnecessary qualification
    --> extensions/turso/src/graph.rs:1440:5
     |
1440 |     backend_library::ProductText::new(value).map_err(|_| misuse_graph_edge(field))
     |     ^^^^^^^^^^^^^^^^^^^^^^^^^^^^^^^^^
     |
help: remove the unnecessary path segments
     |
1440 -     backend_library::ProductText::new(value).map_err(|_| misuse_graph_edge(field))
1440 +     ProductText::new(value).map_err(|_| misuse_graph_edge(field))
     |

warning: unused imports: `SeekFrom` and `Seek`
  --> extensions/turso/src/projection_namespace.rs:16:21
   |
16 | use std::io::{Read, Seek, SeekFrom, Write};
   |                     ^^^^  ^^^^^^^^

warning: variable does not need to be mutable
   --> extensions/turso/src/projection_namespace.rs:813:14
    |
813 | fn lock_file(mut file: File, shared: bool) -> Result<File, ProjectionError> {
    |              ----^^^^
    |              |
    |              help: remove this `mut`
    |
    = note: `#[warn(unused_mut)]` (part of `#[warn(unused)]`) on by default

warning: field `0` is never read
   --> extensions/turso/src/projection_namespace.rs:805:14
    |
805 |     Conflict(Option<ProjectionSelector>),
    |     -------- ^^^^^^^^^^^^^^^^^^^^^^^^^^
    |     |
    |     field in this variant
    |
    = note: `#[warn(dead_code)]` (part of `#[warn(unused)]`) on by default
help: consider changing the field to be of unit type to suppress this warning while preserving the field numbering, or remove the field
    |
805 -     Conflict(Option<ProjectionSelector>),
805 +     Conflict(()),
    |

warning: unreachable `pub` item
  --> extensions/turso/src/authority/mod.rs:51:34
   |
47 | pub use types::{
   | --- help: consider restricting its visibility: `pub(crate)`
...
51 |     ExistingGenerationSelection, NoResultRetirementBarrier, ProjectionKind, ProjectionWatermark,
   |                                  ^^^^^^^^^^^^^^^^^^^^^^^^^
   |
   = help: or consider exporting it for use by other crates
   = note: requested on the command line with `-W unreachable-pub`

warning: missing documentation for a struct field
  --> extensions/turso/src/authority/error.rs:16:14
   |
16 |     Schema { found: i64 },
   |              ^^^^^^^^^^
   |
   = note: requested on the command line with `-W missing-docs`

warning: missing documentation for a struct field
   --> extensions/turso/src/authority/snapshot.rs:357:27
    |
357 |     SourceExceedsBudget { estimate: u64, limit: u64 },
    |                           ^^^^^^^^^^^^^

warning: missing documentation for a struct field
   --> extensions/turso/src/authority/snapshot.rs:357:42
    |
357 |     SourceExceedsBudget { estimate: u64, limit: u64 },
    |                                          ^^^^^^^^^^

warning: missing documentation for a struct field
   --> extensions/turso/src/authority/snapshot.rs:361:27
    |
361 |     OutputExceedsBudget { observed: u64, limit: u64 },
    |                           ^^^^^^^^^^^^^

warning: missing documentation for a struct field
   --> extensions/turso/src/authority/snapshot.rs:361:42
    |
361 |     OutputExceedsBudget { observed: u64, limit: u64 },
    |                                          ^^^^^^^^^^

warning: missing documentation for a struct field
   --> extensions/turso/src/authority/snapshot.rs:372:21
    |
372 |     StageUnpinned { path: PathBuf, source: io::Error },
    |                     ^^^^^^^^^^^^^

warning: missing documentation for a struct field
   --> extensions/turso/src/authority/snapshot.rs:372:36
    |
372 |     StageUnpinned { path: PathBuf, source: io::Error },
    |                                    ^^^^^^^^^^^^^^^^^

warning: `backend-extension-turso` (lib) generated 17 warnings (run `cargo fix --lib -p backend-extension-turso` to apply 9 suggestions)
       Dirty backend-store-s3 v0.2.0 (/Users/rmccrar6/codex-worktrees/luna-index-projection-fastpath-7382-20261008/crates/store-s3): the dependency `backend-platform` was rebuilt
   Compiling backend-store-s3 v0.2.0 (/Users/rmccrar6/codex-worktrees/luna-index-projection-fastpath-7382-20261008/crates/store-s3)
     Running `/nix/store/ff5chd1i7bm0d7ki0ahkbkgwij973qvx-rust-1.97.1-with-components-2026-07-16/bin/rustc --crate-name backend_store_s3 --edition=2024 crates/store-s3/src/lib.rs --error-format=json --json=diagnostic-rendered-ansi,artifacts,future-incompat --crate-type lib --emit=dep-info,metadata,link -C embed-bitcode=no -C debuginfo=1 -C split-debuginfo=unpacked '--warn=clippy::pedantic' '--warn=clippy::all' '--deny=clippy::unwrap_used' --warn=unused_qualifications --warn=unused_lifetimes --deny=unsafe_code --warn=unreachable_pub '--deny=clippy::unimplemented' '--deny=clippy::todo' '--warn=clippy::panic' --warn=missing_docs '--deny=clippy::mem_forget' '--warn=clippy::expect_used' '--deny=clippy::dbg_macro' --cfg 'feature="test-support"' --check-cfg 'cfg(docsrs,test)' --check-cfg 'cfg(feature, values("test-support"))' -C metadata=19f415efa7629fc0 -C extra-filename=-d64aafe5af5e0588 --out-dir /Users/rmccrar6/codex-worktrees/luna-clippy-warning-cleanup-20261007/.local/build/clippy-current-canonical-20261007/debug/deps -L dependency=/Users/rmccrar6/codex-worktrees/luna-clippy-warning-cleanup-20261007/.local/build/clippy-current-canonical-20261007/debug/deps --extern backend_platform=/Users/rmccrar6/codex-worktrees/luna-clippy-warning-cleanup-20261007/.local/build/clippy-current-canonical-20261007/debug/deps/libbackend_platform-3e94ae60de778f92.rmeta --extern backend_store=/Users/rmccrar6/codex-worktrees/luna-clippy-warning-cleanup-20261007/.local/build/clippy-current-canonical-20261007/debug/deps/libbackend_store-341f46d1b47647bc.rmeta --extern base64=/Users/rmccrar6/codex-worktrees/luna-clippy-warning-cleanup-20261007/.local/build/clippy-current-canonical-20261007/debug/deps/libbase64-2bf467dbc079c2ae.rmeta --extern serde=/Users/rmccrar6/codex-worktrees/luna-clippy-warning-cleanup-20261007/.local/build/clippy-current-canonical-20261007/debug/deps/libserde-bb561d23e6a68d5f.rmeta --extern sha2=/Users/rmccrar6/codex-worktrees/luna-clippy-warning-cleanup-20261007/.local/build/clippy-current-canonical-20261007/debug/deps/libsha2-ed7a8d577b29fe49.rmeta --extern thiserror=/Users/rmccrar6/codex-worktrees/luna-clippy-warning-cleanup-20261007/.local/build/clippy-current-canonical-20261007/debug/deps/libthiserror-34be1a9b3117e1d6.rmeta --extern ureq=/Users/rmccrar6/codex-worktrees/luna-clippy-warning-cleanup-20261007/.local/build/clippy-current-canonical-20261007/debug/deps/libureq-2fcb6401993fb18b.rmeta -L native=/Users/rmccrar6/codex-worktrees/luna-clippy-warning-cleanup-20261007/.local/build/clippy-current-canonical-20261007/debug/build/blake3-c1cb4c3099a1fc7f/out -L native=/Users/rmccrar6/codex-worktrees/luna-clippy-warning-cleanup-20261007/.local/build/clippy-current-canonical-20261007/debug/build/ring-53e80969c9e79690/out`
       Fresh hmac v0.12.1
warning: `backend-engine` (lib) generated 98 warnings (run `cargo fix --lib -p backend-engine` to apply 35 suggestions)
   Compiling backend-local-service v0.2.0 (/Users/rmccrar6/codex-worktrees/luna-index-projection-fastpath-7382-20261008/crates/local-service)
     Running `/nix/store/ff5chd1i7bm0d7ki0ahkbkgwij973qvx-rust-1.97.1-with-components-2026-07-16/bin/rustc --crate-name backend_local_service --edition=2024 crates/local-service/src/lib.rs --error-format=json --json=diagnostic-rendered-ansi,artifacts,future-incompat --emit=dep-info,link -C opt-level=2 -C embed-bitcode=no -C debuginfo=1 -C split-debuginfo=unpacked '--warn=clippy::pedantic' '--warn=clippy::all' '--deny=clippy::unwrap_used' --warn=unused_qualifications --warn=unused_lifetimes --deny=unsafe_code --warn=unreachable_pub '--deny=clippy::unimplemented' '--deny=clippy::todo' '--warn=clippy::panic' --warn=missing_docs '--deny=clippy::mem_forget' '--warn=clippy::expect_used' '--deny=clippy::dbg_macro' -C debug-assertions=on --test --check-cfg 'cfg(docsrs,test)' --check-cfg 'cfg(feature, values("cluster-process-journey-hooks", "search-bench", "test-support"))' -C metadata=a1da43f6dd5ae11f -C extra-filename=-fb339fe309d09189 --out-dir /Users/rmccrar6/codex-worktrees/luna-clippy-warning-cleanup-20261007/.local/build/clippy-current-canonical-20261007/debug/deps -L dependency=/Users/rmccrar6/codex-worktrees/luna-clippy-warning-cleanup-20261007/.local/build/clippy-current-canonical-20261007/debug/deps --extern backend_client=/Users/rmccrar6/codex-worktrees/luna-clippy-warning-cleanup-20261007/.local/build/clippy-current-canonical-20261007/debug/deps/libbackend_client-4055ed9ba42774db.rlib --extern backend_compile=/Users/rmccrar6/codex-worktrees/luna-clippy-warning-cleanup-20261007/.local/build/clippy-current-canonical-20261007/debug/deps/libbackend_compile-e77d351d591fc132.rlib --extern backend_engine=/Users/rmccrar6/codex-worktrees/luna-clippy-warning-cleanup-20261007/.local/build/clippy-current-canonical-20261007/debug/deps/libbackend_engine-f441d4176336ed04.rlib --extern backend_extension_qdrant=/Users/rmccrar6/codex-worktrees/luna-clippy-warning-cleanup-20261007/.local/build/clippy-current-canonical-20261007/debug/deps/libbackend_extension_qdrant-c3f69893e160636a.rlib --extern backend_extension_tantivy=/Users/rmccrar6/codex-worktrees/luna-clippy-warning-cleanup-20261007/.local/build/clippy-current-canonical-20261007/debug/deps/libbackend_extension_tantivy-ad3d1809d6deb0b1.rlib --extern backend_extension_trustfall=/Users/rmccrar6/codex-worktrees/luna-clippy-warning-cleanup-20261007/.local/build/clippy-current-canonical-20261007/debug/deps/libbackend_extension_trustfall-0bf0db68b1b9f819.rlib --extern backend_extension_turso=/Users/rmccrar6/codex-worktrees/luna-clippy-warning-cleanup-20261007/.local/build/clippy-current-canonical-20261007/debug/deps/libbackend_extension_turso-8cceb47cc4154cb9.rlib --extern backend_frontend_clang=/Users/rmccrar6/codex-worktrees/luna-clippy-warning-cleanup-20261007/.local/build/clippy-current-canonical-20261007/debug/deps/libbackend_frontend_clang-bff43e185177de41.rlib --extern backend_frontend_csharp=/Users/rmccrar6/codex-worktrees/luna-clippy-warning-cleanup-20261007/.local/build/clippy-current-canonical-20261007/debug/deps/libbackend_frontend_csharp-e8c51bad24cdc755.rlib --extern backend_frontend_go=/Users/rmccrar6/codex-worktrees/luna-clippy-warning-cleanup-20261007/.local/build/clippy-current-canonical-20261007/debug/deps/libbackend_frontend_go-6860f2cd129f08ab.rlib --extern backend_frontend_java=/Users/rmccrar6/codex-worktrees/luna-clippy-warning-cleanup-20261007/.local/build/clippy-current-canonical-20261007/debug/deps/libbackend_frontend_java-88ad7c65b84314d3.rlib --extern backend_frontend_python=/Users/rmccrar6/codex-worktrees/luna-clippy-warning-cleanup-20261007/.local/build/clippy-current-canonical-20261007/debug/deps/libbackend_frontend_python-d694c52cc7e44e53.rlib --extern backend_frontend_rust=/Users/rmccrar6/codex-worktrees/luna-clippy-warning-cleanup-20261007/.local/build/clippy-current-canonical-20261007/debug/deps/libbackend_frontend_rust-e0db2b8df6381cff.rlib --extern backend_frontend_typescript=/Users/rmccrar6/codex-worktrees/luna-clippy-warning-cleanup-20261007/.local/build/clippy-current-canonical-20261007/debug/deps/libbackend_frontend_typescript-335f0e6d45527557.rlib --extern backend_library=/Users/rmccrar6/codex-worktrees/luna-clippy-warning-cleanup-20261007/.local/build/clippy-current-canonical-20261007/debug/deps/libbackend_library-408f3256788f0bdc.rlib --extern backend_platform=/Users/rmccrar6/codex-worktrees/luna-clippy-warning-cleanup-20261007/.local/build/clippy-current-canonical-20261007/debug/deps/libbackend_platform-3e94ae60de778f92.rlib --extern backend_replication=/Users/rmccrar6/codex-worktrees/luna-clippy-warning-cleanup-20261007/.local/build/clippy-current-canonical-20261007/debug/deps/libbackend_replication-a7b627467aa9374d.rlib --extern backend_runtime=/Users/rmccrar6/codex-worktrees/luna-clippy-warning-cleanup-20261007/.local/build/clippy-current-canonical-20261007/debug/deps/libbackend_runtime-962f4a967a5360a1.rlib --extern backend_semantic=/Users/rmccrar6/codex-worktrees/luna-clippy-warning-cleanup-20261007/.local/build/clippy-current-canonical-20261007/debug/deps/libbackend_semantic-f840df0bae813320.rlib --extern backend_store=/Users/rmccrar6/codex-worktrees/luna-clippy-warning-cleanup-20261007/.local/build/clippy-current-canonical-20261007/debug/deps/libbackend_store-341f46d1b47647bc.rlib --extern backend_store_s3=/Users/rmccrar6/codex-worktrees/luna-clippy-warning-cleanup-20261007/.local/build/clippy-current-canonical-20261007/debug/deps/libbackend_store_s3-d64aafe5af5e0588.rlib --extern backend_version=/Users/rmccrar6/codex-worktrees/luna-clippy-warning-cleanup-20261007/.local/build/clippy-current-canonical-20261007/debug/deps/libbackend_version-9724f8132b25ba74.rlib --extern base64=/Users/rmccrar6/codex-worktrees/luna-clippy-warning-cleanup-20261007/.local/build/clippy-current-canonical-20261007/debug/deps/libbase64-2bf467dbc079c2ae.rlib --extern blake3=/Users/rmccrar6/codex-worktrees/luna-clippy-warning-cleanup-20261007/.local/build/clippy-current-canonical-20261007/debug/deps/libblake3-4f44f49a9a64a61d.rlib --extern flate2=/Users/rmccrar6/codex-worktrees/luna-clippy-warning-cleanup-20261007/.local/build/clippy-current-canonical-20261007/debug/deps/libflate2-98010828220c805d.rlib --extern futures_executor=/Users/rmccrar6/codex-worktrees/luna-clippy-warning-cleanup-20261007/.local/build/clippy-current-canonical-20261007/debug/deps/libfutures_executor-5c7968eb4eff2560.rlib --extern futures_util=/Users/rmccrar6/codex-worktrees/luna-clippy-warning-cleanup-20261007/.local/build/clippy-current-canonical-20261007/debug/deps/libfutures_util-8a9ab12dea3a1a6f.rlib --extern hashlink=/Users/rmccrar6/codex-worktrees/luna-clippy-warning-cleanup-20261007/.local/build/clippy-current-canonical-20261007/debug/deps/libhashlink-cd3170f14d03136c.rlib --extern hmac=/Users/rmccrar6/codex-worktrees/luna-clippy-warning-cleanup-20261007/.local/build/clippy-current-canonical-20261007/debug/deps/libhmac-1ede34a17a6f0a54.rlib --extern httpdate=/Users/rmccrar6/codex-worktrees/luna-clippy-warning-cleanup-20261007/.local/build/clippy-current-canonical-20261007/debug/deps/libhttpdate-0e0e2ed6aafe9871.rlib --extern notify=/Users/rmccrar6/codex-worktrees/luna-clippy-warning-cleanup-20261007/.local/build/clippy-current-canonical-20261007/debug/deps/libnotify-2efbce6bdffabbbf.rlib --extern postcard=/Users/rmccrar6/codex-worktrees/luna-clippy-warning-cleanup-20261007/.local/build/clippy-current-canonical-20261007/debug/deps/libpostcard-d45624e1f04c328c.rlib --extern rustix=/Users/rmccrar6/codex-worktrees/luna-clippy-warning-cleanup-20261007/.local/build/clippy-current-canonical-20261007/debug/deps/librustix-3d1e1a8de5df5998.rlib --extern serde=/Users/rmccrar6/codex-worktrees/luna-clippy-warning-cleanup-20261007/.local/build/clippy-current-canonical-20261007/debug/deps/libserde-bb561d23e6a68d5f.rlib --extern serde_json=/Users/rmccrar6/codex-worktrees/luna-clippy-warning-cleanup-20261007/.local/build/clippy-current-canonical-20261007/debug/deps/libserde_json-5519587ec51e9b8e.rlib --extern sha2=/Users/rmccrar6/codex-worktrees/luna-clippy-warning-cleanup-20261007/.local/build/clippy-current-canonical-20261007/debug/deps/libsha2-ed7a8d577b29fe49.rlib --extern tantivy=/Users/rmccrar6/codex-worktrees/luna-clippy-warning-cleanup-20261007/.local/build/clippy-current-canonical-20261007/debug/deps/libtantivy-9aa8adb5ea7831f3.rlib --extern tempfile=/Users/rmccrar6/codex-worktrees/luna-clippy-warning-cleanup-20261007/.local/build/clippy-current-canonical-20261007/debug/deps/libtempfile-3bbde70fd6c60ac6.rlib --extern tokio=/Users/rmccrar6/codex-worktrees/luna-clippy-warning-cleanup-20261007/.local/build/clippy-current-canonical-20261007/debug/deps/libtokio-2f4772e47d045e45.rlib --extern toml=/Users/rmccrar6/codex-worktrees/luna-clippy-warning-cleanup-20261007/.local/build/clippy-current-canonical-20261007/debug/deps/libtoml-6b3af8c07e5e07d7.rlib --extern turso=/Users/rmccrar6/codex-worktrees/luna-clippy-warning-cleanup-20261007/.local/build/clippy-current-canonical-20261007/debug/deps/libturso-a38e4708754b08cf.rlib --extern unicode_normalization=/Users/rmccrar6/codex-worktrees/luna-clippy-warning-cleanup-20261007/.local/build/clippy-current-canonical-20261007/debug/deps/libunicode_normalization-523cdb022592bb32.rlib --extern ureq=/Users/rmccrar6/codex-worktrees/luna-clippy-warning-cleanup-20261007/.local/build/clippy-current-canonical-20261007/debug/deps/libureq-2fcb6401993fb18b.rlib --extern zip=/Users/rmccrar6/codex-worktrees/luna-clippy-warning-cleanup-20261007/.local/build/clippy-current-canonical-20261007/debug/deps/libzip-d99abd810b966838.rlib -L native=/Users/rmccrar6/codex-worktrees/luna-clippy-warning-cleanup-20261007/.local/build/clippy-current-canonical-20261007/debug/build/blake3-c1cb4c3099a1fc7f/out -L native=/Users/rmccrar6/codex-worktrees/luna-clippy-warning-cleanup-20261007/.local/build/clippy-current-canonical-20261007/debug/build/ring-53e80969c9e79690/out -L native=/Users/rmccrar6/codex-worktrees/luna-clippy-warning-cleanup-20261007/.local/build/clippy-current-canonical-20261007/debug/build/simsimd-57d7ccc1ff7a2e26/out -L native=/Users/rmccrar6/codex-worktrees/luna-clippy-warning-cleanup-20261007/.local/build/clippy-current-canonical-20261007/debug/build/tree-sitter-47647a70e9977a2a/out -L native=/Users/rmccrar6/codex-worktrees/luna-clippy-warning-cleanup-20261007/.local/build/clippy-current-canonical-20261007/debug/build/zstd-sys-725944218d349181/out -L native=/Users/rmccrar6/codex-worktrees/luna-clippy-warning-cleanup-20261007/.local/build/clippy-current-canonical-20261007/debug/build/tree-sitter-cpp-2ede425b60a2312f/out -L native=/Users/rmccrar6/codex-worktrees/luna-clippy-warning-cleanup-20261007/.local/build/clippy-current-canonical-20261007/debug/build/tree-sitter-c-sharp-b084b66732d0f6b7/out -L native=/Users/rmccrar6/codex-worktrees/luna-clippy-warning-cleanup-20261007/.local/build/clippy-current-canonical-20261007/debug/build/tree-sitter-go-358cc2b17efe5bfd/out -L native=/Users/rmccrar6/codex-worktrees/luna-clippy-warning-cleanup-20261007/.local/build/clippy-current-canonical-20261007/debug/build/tree-sitter-java-4861b19e6895f680/out -L native=/Users/rmccrar6/codex-worktrees/luna-clippy-warning-cleanup-20261007/.local/build/clippy-current-canonical-20261007/debug/build/tikv-jemalloc-sys-e583b9a09e4ebba4/out/build/lib -L native=/Users/rmccrar6/codex-worktrees/luna-clippy-warning-cleanup-20261007/.local/build/clippy-current-canonical-20261007/debug/build/tree-sitter-python-658e4d3f060ec406/out -L native=/Users/rmccrar6/codex-worktrees/luna-clippy-warning-cleanup-20261007/.local/build/clippy-current-canonical-20261007/debug/build/tree-sitter-rust-f0712bd638d3eda3/out -L native=/Users/rmccrar6/codex-worktrees/luna-clippy-warning-cleanup-20261007/.local/build/clippy-current-canonical-20261007/debug/build/tree-sitter-typescript-be39128aad6edfb9/out -L native=/Users/rmccrar6/codex-worktrees/luna-clippy-warning-cleanup-20261007/.local/build/clippy-current-canonical-20261007/debug/build/psm-b63d05f5e99d8d91/out`
warning: unnecessary qualification
    --> crates/local-service/src/builtin/ingest.rs:3107:13
     |
3107 |             std::time::SystemTime::now()
     |             ^^^^^^^^^^^^^^^^^^^^^^^^^^
     |
     = note: requested on the command line with `-W unused-qualifications`
help: remove the unnecessary path segments
     |
3107 -             std::time::SystemTime::now()
3107 +             SystemTime::now()
     |

warning: unnecessary qualification
    --> crates/local-service/src/builtin/ingest.rs:3108:33
     |
3108 |                 .duration_since(std::time::UNIX_EPOCH)
     |                                 ^^^^^^^^^^^^^^^^^^^^^
     |
help: remove the unnecessary path segments
     |
3108 -                 .duration_since(std::time::UNIX_EPOCH)
3108 +                 .duration_since(UNIX_EPOCH)
     |

warning: unnecessary qualification
    --> crates/local-service/src/builtin/ingest.rs:3185:13
     |
3185 |             std::time::SystemTime::now()
     |             ^^^^^^^^^^^^^^^^^^^^^^^^^^
     |
help: remove the unnecessary path segments
     |
3185 -             std::time::SystemTime::now()
3185 +             SystemTime::now()
     |

warning: unnecessary qualification
    --> crates/local-service/src/builtin/ingest.rs:3186:33
     |
3186 |                 .duration_since(std::time::UNIX_EPOCH)
     |                                 ^^^^^^^^^^^^^^^^^^^^^
     |
help: remove the unnecessary path segments
     |
3186 -                 .duration_since(std::time::UNIX_EPOCH)
3186 +                 .duration_since(UNIX_EPOCH)
     |

warning: unnecessary qualification
    --> crates/local-service/src/builtin/ingest.rs:3233:13
     |
3233 |             std::time::SystemTime::now()
     |             ^^^^^^^^^^^^^^^^^^^^^^^^^^
     |
help: remove the unnecessary path segments
     |
3233 -             std::time::SystemTime::now()
3233 +             SystemTime::now()
     |

warning: unnecessary qualification
    --> crates/local-service/src/builtin/ingest.rs:3234:33
     |
3234 |                 .duration_since(std::time::UNIX_EPOCH)
     |                                 ^^^^^^^^^^^^^^^^^^^^^
     |
help: remove the unnecessary path segments
     |
3234 -                 .duration_since(std::time::UNIX_EPOCH)
3234 +                 .duration_since(UNIX_EPOCH)
     |

warning: unnecessary qualification
    --> crates/local-service/src/builtin/ingest.rs:3278:17
     |
3278 |                 std::mem::size_of::<CompilerSourceHandle>() + source.relative_path.capacity()
     |                 ^^^^^^^^^^^^^^^^^^^^^^^^^^^^^^^^^^^^^^^^^
     |
help: remove the unnecessary path segments
     |
3278 -                 std::mem::size_of::<CompilerSourceHandle>() + source.relative_path.capacity()
3278 +                 size_of::<CompilerSourceHandle>() + source.relative_path.capacity()
     |

warning: unnecessary qualification
    --> crates/local-service/src/builtin/ingest.rs:3307:13
     |
3307 |             std::time::SystemTime::now()
     |             ^^^^^^^^^^^^^^^^^^^^^^^^^^
     |
help: remove the unnecessary path segments
     |
3307 -             std::time::SystemTime::now()
3307 +             SystemTime::now()
     |

warning: unnecessary qualification
    --> crates/local-service/src/builtin/ingest.rs:3308:33
     |
3308 |                 .duration_since(std::time::UNIX_EPOCH)
     |                                 ^^^^^^^^^^^^^^^^^^^^^
     |
help: remove the unnecessary path segments
     |
3308 -                 .duration_since(std::time::UNIX_EPOCH)
3308 +                 .duration_since(UNIX_EPOCH)
     |

warning: unnecessary qualification
    --> crates/local-service/src/builtin/ingest.rs:3461:13
     |
3461 |             std::time::SystemTime::now()
     |             ^^^^^^^^^^^^^^^^^^^^^^^^^^
     |
help: remove the unnecessary path segments
     |
3461 -             std::time::SystemTime::now()
3461 +             SystemTime::now()
     |

warning: unnecessary qualification
    --> crates/local-service/src/builtin/ingest.rs:3462:33
     |
3462 |                 .duration_since(std::time::UNIX_EPOCH)
     |                                 ^^^^^^^^^^^^^^^^^^^^^
     |
help: remove the unnecessary path segments
     |
3462 -                 .duration_since(std::time::UNIX_EPOCH)
3462 +                 .duration_since(UNIX_EPOCH)
     |

warning: unnecessary qualification
    --> crates/local-service/src/builtin/ingest.rs:3494:13
     |
3494 |             std::time::SystemTime::now()
     |             ^^^^^^^^^^^^^^^^^^^^^^^^^^
     |
help: remove the unnecessary path segments
     |
3494 -             std::time::SystemTime::now()
3494 +             SystemTime::now()
     |

warning: unnecessary qualification
    --> crates/local-service/src/builtin/ingest.rs:3495:33
     |
3495 |                 .duration_since(std::time::UNIX_EPOCH)
     |                                 ^^^^^^^^^^^^^^^^^^^^^
     |
help: remove the unnecessary path segments
     |
3495 -                 .duration_since(std::time::UNIX_EPOCH)
3495 +                 .duration_since(UNIX_EPOCH)
     |

warning: unnecessary qualification
    --> crates/local-service/src/builtin/ingest.rs:3543:13
     |
3543 |             std::time::SystemTime::now()
     |             ^^^^^^^^^^^^^^^^^^^^^^^^^^
     |
help: remove the unnecessary path segments
     |
3543 -             std::time::SystemTime::now()
3543 +             SystemTime::now()
     |

warning: unnecessary qualification
    --> crates/local-service/src/builtin/ingest.rs:3544:33
     |
3544 |                 .duration_since(std::time::UNIX_EPOCH)
     |                                 ^^^^^^^^^^^^^^^^^^^^^
     |
help: remove the unnecessary path segments
     |
3544 -                 .duration_since(std::time::UNIX_EPOCH)
3544 +                 .duration_since(UNIX_EPOCH)
     |

warning: unnecessary qualification
    --> crates/local-service/src/builtin/ingest.rs:3612:13
     |
3612 |             std::time::SystemTime::now()
     |             ^^^^^^^^^^^^^^^^^^^^^^^^^^
     |
help: remove the unnecessary path segments
     |
3612 -             std::time::SystemTime::now()
3612 +             SystemTime::now()
     |

warning: unnecessary qualification
    --> crates/local-service/src/builtin/ingest.rs:3613:33
     |
3613 |                 .duration_since(std::time::UNIX_EPOCH)
     |                                 ^^^^^^^^^^^^^^^^^^^^^
     |
help: remove the unnecessary path segments
     |
3613 -                 .duration_since(std::time::UNIX_EPOCH)
3613 +                 .duration_since(UNIX_EPOCH)
     |

warning: unnecessary qualification
    --> crates/local-service/src/builtin/ingest.rs:3649:13
     |
3649 |             std::time::SystemTime::now()
     |             ^^^^^^^^^^^^^^^^^^^^^^^^^^
     |
help: remove the unnecessary path segments
     |
3649 -             std::time::SystemTime::now()
3649 +             SystemTime::now()
     |

warning: unnecessary qualification
    --> crates/local-service/src/builtin/ingest.rs:3650:33
     |
3650 |                 .duration_since(std::time::UNIX_EPOCH)
     |                                 ^^^^^^^^^^^^^^^^^^^^^
     |
help: remove the unnecessary path segments
     |
3650 -                 .duration_since(std::time::UNIX_EPOCH)
3650 +                 .duration_since(UNIX_EPOCH)
     |

warning: unnecessary qualification
    --> crates/local-service/src/builtin/ingest.rs:4188:13
     |
4188 |             std::time::SystemTime::now()
     |             ^^^^^^^^^^^^^^^^^^^^^^^^^^
     |
help: remove the unnecessary path segments
     |
4188 -             std::time::SystemTime::now()
4188 +             SystemTime::now()
     |

warning: unnecessary qualification
    --> crates/local-service/src/builtin/ingest.rs:4189:33
     |
4189 |                 .duration_since(std::time::UNIX_EPOCH)
     |                                 ^^^^^^^^^^^^^^^^^^^^^
     |
help: remove the unnecessary path segments
     |
4189 -                 .duration_since(std::time::UNIX_EPOCH)
4189 +                 .duration_since(UNIX_EPOCH)
     |

warning: unnecessary qualification
    --> crates/local-service/src/builtin/ingest.rs:4849:13
     |
4849 |             std::time::SystemTime::now()
     |             ^^^^^^^^^^^^^^^^^^^^^^^^^^
     |
help: remove the unnecessary path segments
     |
4849 -             std::time::SystemTime::now()
4849 +             SystemTime::now()
     |

warning: unnecessary qualification
    --> crates/local-service/src/builtin/ingest.rs:4850:33
     |
4850 |                 .duration_since(std::time::UNIX_EPOCH)
     |                                 ^^^^^^^^^^^^^^^^^^^^^
     |
help: remove the unnecessary path segments
     |
4850 -                 .duration_since(std::time::UNIX_EPOCH)
4850 +                 .duration_since(UNIX_EPOCH)
     |

warning: unnecessary qualification
    --> crates/local-service/src/builtin/ingest.rs:4982:17
     |
4982 |                 backend_compile::SourceExcerpt::Captured { .. }
     |                 ^^^^^^^^^^^^^^^^^^^^^^^^^^^^^^^^^^^^^^^^
     |
help: remove the unnecessary path segments
     |
4982 -                 backend_compile::SourceExcerpt::Captured { .. }
4982 +                 SourceExcerpt::Captured { .. }
     |

warning: unnecessary qualification
    --> crates/local-service/src/builtin/ingest.rs:5046:13
     |
5046 |             std::time::SystemTime::now()
     |             ^^^^^^^^^^^^^^^^^^^^^^^^^^
     |
help: remove the unnecessary path segments
     |
5046 -             std::time::SystemTime::now()
5046 +             SystemTime::now()
     |

warning: unnecessary qualification
    --> crates/local-service/src/builtin/ingest.rs:5047:33
     |
5047 |                 .duration_since(std::time::UNIX_EPOCH)
     |                                 ^^^^^^^^^^^^^^^^^^^^^
     |
help: remove the unnecessary path segments
     |
5047 -                 .duration_since(std::time::UNIX_EPOCH)
5047 +                 .duration_since(UNIX_EPOCH)
     |

warning: unnecessary qualification
    --> crates/local-service/src/builtin/ingest.rs:5389:13
     |
5389 |             std::time::SystemTime::now()
     |             ^^^^^^^^^^^^^^^^^^^^^^^^^^
     |
help: remove the unnecessary path segments
     |
5389 -             std::time::SystemTime::now()
5389 +             SystemTime::now()
     |

warning: unnecessary qualification
    --> crates/local-service/src/builtin/ingest.rs:5390:33
     |
5390 |                 .duration_since(std::time::UNIX_EPOCH)
     |                                 ^^^^^^^^^^^^^^^^^^^^^
     |
help: remove the unnecessary path segments
     |
5390 -                 .duration_since(std::time::UNIX_EPOCH)
5390 +                 .duration_since(UNIX_EPOCH)
     |

warning: unnecessary qualification
  --> crates/local-service/src/builtin/profile_membership_tests.rs:21:13
   |
21 |             backend_engine::builtin::ProductSemanticCaptureRelation,
   |             ^^^^^^^^^^^^^^^^^^^^^^^^^^^^^^^^^^^^^^^^^^^^^^^^^^^^^^^
   |
help: remove the unnecessary path segments
   |
21 -             backend_engine::builtin::ProductSemanticCaptureRelation,
21 +             ProductSemanticCaptureRelation,
   |

warning: unnecessary qualification
  --> crates/local-service/src/builtin/profile_membership_tests.rs:24:13
   |
24 |             backend_engine::builtin::ProductSourceFileFactsRelation,
   |             ^^^^^^^^^^^^^^^^^^^^^^^^^^^^^^^^^^^^^^^^^^^^^^^^^^^^^^^
   |
help: remove the unnecessary path segments
   |
24 -             backend_engine::builtin::ProductSourceFileFactsRelation,
24 +             ProductSourceFileFactsRelation,
   |

warning: unnecessary qualification
  --> crates/local-service/src/builtin/profile_membership_tests.rs:52:22
   |
52 |     let dispatcher = super::super::builtin_dispatcher(
   |                      ^^^^^^^^^^^^^^^^^^^^^^^^^^^^^^^^
   |
help: remove the unnecessary path segments
   |
52 -     let dispatcher = super::super::builtin_dispatcher(
52 +     let dispatcher = builtin_dispatcher(
   |

warning: unnecessary qualification
  --> crates/local-service/src/builtin/profile_membership_tests.rs:53:14
   |
53 |         Some(super::super::ECHO_AUTHORITY_SECRET),
   |              ^^^^^^^^^^^^^^^^^^^^^^^^^^^^^^^^^^^
   |
help: remove the unnecessary path segments
   |
53 -         Some(super::super::ECHO_AUTHORITY_SECRET),
53 +         Some(ECHO_AUTHORITY_SECRET),
   |

warning: unnecessary qualification
   --> crates/local-service/src/builtin/profile_membership_tests.rs:430:5
    |
430 |     super::resolve_project_file_keys(project_key, &project, |page_key| {
    |     ^^^^^^^^^^^^^^^^^^^^^^^^^^^^^^^^
    |
help: remove the unnecessary path segments
    |
430 -     super::resolve_project_file_keys(project_key, &project, |page_key| {
430 +     resolve_project_file_keys(project_key, &project, |page_key| {
    |

warning: unnecessary qualification
   --> crates/local-service/src/builtin/profile_membership_tests.rs:455:9
    |
455 |         super::validate_project_file(package.to_bytes(), key, &record)
    |         ^^^^^^^^^^^^^^^^^^^^^^^^^^^^
    |
help: remove the unnecessary path segments
    |
455 -         super::validate_project_file(package.to_bytes(), key, &record)
455 +         validate_project_file(package.to_bytes(), key, &record)
    |

warning: unnecessary qualification
    --> crates/local-service/src/builtin/profile_membership_tests.rs:1028:9
     |
1028 |         backend_engine::WorkspaceModel::request_id(&BuiltinModel, &unbound_intent),
     |         ^^^^^^^^^^^^^^^^^^^^^^^^^^^^^^^^^^^^^^^^^^
     |
help: remove the unnecessary path segments
     |
1028 -         backend_engine::WorkspaceModel::request_id(&BuiltinModel, &unbound_intent),
1028 +         WorkspaceModel::request_id(&BuiltinModel, &unbound_intent),
     |

warning: unnecessary qualification
    --> crates/local-service/src/builtin/profile_membership_tests.rs:1120:26
     |
1120 |             let actual = super::admit_persisted_intent(persisted.closure_manifest().objects())
     |                          ^^^^^^^^^^^^^^^^^^^^^^^^^^^^^
     |
help: remove the unnecessary path segments
     |
1120 -             let actual = super::admit_persisted_intent(persisted.closure_manifest().objects())
1120 +             let actual = admit_persisted_intent(persisted.closure_manifest().objects())
     |

warning: unnecessary qualification
    --> crates/local-service/src/builtin/profile_membership_tests.rs:1304:26
     |
1304 |             let actual = super::admit_persisted_intent(persisted.closure_manifest().objects())
     |                          ^^^^^^^^^^^^^^^^^^^^^^^^^^^^^
     |
help: remove the unnecessary path segments
     |
1304 -             let actual = super::admit_persisted_intent(persisted.closure_manifest().objects())
1304 +             let actual = admit_persisted_intent(persisted.closure_manifest().objects())
     |

warning: unnecessary qualification
    --> crates/local-service/src/builtin/profile_membership_tests.rs:1342:9
     |
1342 |         super::validate_capture_basis_closure_id(hybrid_basis, selected_base.closure())
     |         ^^^^^^^^^^^^^^^^^^^^^^^^^^^^^^^^^^^^^^^^
     |
help: remove the unnecessary path segments
     |
1342 -         super::validate_capture_basis_closure_id(hybrid_basis, selected_base.closure())
1342 +         validate_capture_basis_closure_id(hybrid_basis, selected_base.closure())
     |

warning: unnecessary qualification
    --> crates/local-service/src/builtin/profile_membership_tests.rs:1373:17
     |
1373 |                 super::admit_persisted_intent(persisted.closure_manifest().objects())
     |                 ^^^^^^^^^^^^^^^^^^^^^^^^^^^^^
     |
help: remove the unnecessary path segments
     |
1373 -                 super::admit_persisted_intent(persisted.closure_manifest().objects())
1373 +                 admit_persisted_intent(persisted.closure_manifest().objects())
     |

warning: unnecessary qualification
    --> crates/local-service/src/builtin/profile_membership_tests.rs:1400:13
     |
1400 |             super::validate_persisted_capture_changes(
     |             ^^^^^^^^^^^^^^^^^^^^^^^^^^^^^^^^^^^^^^^^^
     |
help: remove the unnecessary path segments
     |
1400 -             super::validate_persisted_capture_changes(
1400 +             validate_persisted_capture_changes(
     |

warning: unnecessary qualification
   --> crates/local-service/src/builtin/profile_source_facts_tests.rs:420:22
    |
420 |         let orphan = backend_store::TypedObject::from_value(
    |                      ^^^^^^^^^^^^^^^^^^^^^^^^^^^^^^^^^^^^^^
    |
help: remove the unnecessary path segments
    |
420 -         let orphan = backend_store::TypedObject::from_value(
420 +         let orphan = TypedObject::from_value(
    |

warning: unnecessary qualification
   --> crates/local-service/src/builtin/profile_source_facts_tests.rs:421:14
    |
421 |             &backend_version::ObjectKey::<BuiltinIntentSchema>::from_value(&orphan_bytes),
    |              ^^^^^^^^^^^^^^^^^^^^^^^^^^^^^^^^^^^^^^^^^^^^^^^^^^^^^^^^^^^^^
    |
help: remove the unnecessary path segments
    |
421 -             &backend_version::ObjectKey::<BuiltinIntentSchema>::from_value(&orphan_bytes),
421 +             &ObjectKey::<BuiltinIntentSchema>::from_value(&orphan_bytes),
    |

warning: unnecessary qualification
   --> crates/local-service/src/builtin/staged_intent.rs:308:9
    |
308 |         std::fs::File::open(&markers)
    |         ^^^^^^^^^^^^^^^^^^^
    |
help: remove the unnecessary path segments
    |
308 -         std::fs::File::open(&markers)
308 +         fs::File::open(&markers)
    |

warning: unused import: `BuiltinCaptureBasis`
  --> crates/local-service/src/builtin.rs:75:31
   |
75 |     BuiltinAuthorityVerifier, BuiltinCaptureBasis, BuiltinCaptureChange, BuiltinProfile,
   |                               ^^^^^^^^^^^^^^^^^^^
   |
   = note: `#[warn(unused_imports)]` (part of `#[warn(unused)]`) on by default

warning: unnecessary qualification
    --> crates/local-service/src/builtin/cluster_dispatch.rs:5613:20
     |
5613 |     fn block_on<F: std::future::Future>(&self, future: F) -> F::Output {
     |                    ^^^^^^^^^^^^^^^^^^^
     |
help: remove the unnecessary path segments
     |
5613 -     fn block_on<F: std::future::Future>(&self, future: F) -> F::Output {
5613 +     fn block_on<F: Future>(&self, future: F) -> F::Output {
     |

warning: unnecessary qualification
   --> crates/local-service/src/builtin/remote_semantic_query.rs:527:30
    |
527 |         file.set_permissions(std::fs::Permissions::from_mode(0o600))?;
    |                              ^^^^^^^^^^^^^^^^^^^^^^^^^^^^^^^
    |
help: remove the unnecessary path segments
    |
527 -         file.set_permissions(std::fs::Permissions::from_mode(0o600))?;
527 +         file.set_permissions(fs::Permissions::from_mode(0o600))?;
    |

warning: unnecessary qualification
    --> crates/local-service/src/builtin/remote_semantic_query.rs:1500:17
     |
1500 |                 backend_engine::cluster_transport::SecretKey::from_bytes(&[99; 32]).public(),
     |                 ^^^^^^^^^^^^^^^^^^^^^^^^^^^^^^^^^^^^^^^^^^^^^^^^^^^^^^^^
     |
help: remove the unnecessary path segments
     |
1500 -                 backend_engine::cluster_transport::SecretKey::from_bytes(&[99; 32]).public(),
1500 +                 SecretKey::from_bytes(&[99; 32]).public(),
     |

warning: unused import: `BuiltinSemanticRelation`
 --> crates/local-service/src/builtin/embedded_host_retired_tests.rs:8:50
  |
8 |     BuiltinIntentOperation, BuiltinIntentSchema, BuiltinSemanticRelation, BuiltinSourceChange,
  |                                                  ^^^^^^^^^^^^^^^^^^^^^^^

warning: unnecessary qualification
    --> crates/local-service/src/builtin/generation_residence.rs:1429:30
     |
1429 |         let initial_weight = super::resident_weight(initial.images()).expect("initial weight");
     |                              ^^^^^^^^^^^^^^^^^^^^^^
     |
help: remove the unnecessary path segments
     |
1429 -         let initial_weight = super::resident_weight(initial.images()).expect("initial weight");
1429 +         let initial_weight = resident_weight(initial.images()).expect("initial weight");
     |

warning: unnecessary qualification
    --> crates/local-service/src/builtin/generation_residence.rs:1431:13
     |
1431 |             super::resident_weight(replacement.images()).expect("replacement weight");
     |             ^^^^^^^^^^^^^^^^^^^^^^
     |
help: remove the unnecessary path segments
     |
1431 -             super::resident_weight(replacement.images()).expect("replacement weight");
1431 +             resident_weight(replacement.images()).expect("replacement weight");
     |

warning: unnecessary qualification
    --> crates/local-service/src/builtin/generation_residence.rs:1512:27
     |
1512 |         let total_bytes = super::resident_weight(expected.images())
     |                           ^^^^^^^^^^^^^^^^^^^^^^
     |
help: remove the unnecessary path segments
     |
1512 -         let total_bytes = super::resident_weight(expected.images())
1512 +         let total_bytes = resident_weight(expected.images())
     |

warning: unnecessary qualification
  --> crates/local-service/src/builtin/s3_publication/config.rs:87:12
   |
87 |         if std::env::var_os(CHILD_MODE_ENV).is_some() {
   |            ^^^^^^^^^^^^^^^^
   |
help: remove the unnecessary path segments
   |
87 -         if std::env::var_os(CHILD_MODE_ENV).is_some() {
87 +         if env::var_os(CHILD_MODE_ENV).is_some() {
   |

warning: unnecessary qualification
  --> crates/local-service/src/builtin/s3_publication/config.rs:98:26
   |
98 |         let executable = std::env::current_exe().expect("resolve unit-test executable");
   |                          ^^^^^^^^^^^^^^^^^^^^^
   |
help: remove the unnecessary path segments
   |
98 -         let executable = std::env::current_exe().expect("resolve unit-test executable");
98 +         let executable = env::current_exe().expect("resolve unit-test executable");
   |

warning: unnecessary qualification
   --> crates/local-service/src/builtin/s3_publication.rs:551:23
    |
551 |         let scratch = std::env::temp_dir().join(format!(
    |                       ^^^^^^^^^^^^^^^^^^
    |
help: remove the unnecessary path segments
    |
551 -         let scratch = std::env::temp_dir().join(format!(
551 +         let scratch = env::temp_dir().join(format!(
    |

warning: unnecessary qualification
   --> crates/local-service/src/builtin/s3_publication.rs:617:23
    |
617 |         let scratch = std::env::temp_dir().join(format!(
    |                       ^^^^^^^^^^^^^^^^^^
    |
help: remove the unnecessary path segments
    |
617 -         let scratch = std::env::temp_dir().join(format!(
617 +         let scratch = env::temp_dir().join(format!(
    |

warning: unnecessary qualification
   --> crates/local-service/src/builtin/s3_publication.rs:707:23
    |
707 |         let scratch = std::env::temp_dir().join(format!(
    |                       ^^^^^^^^^^^^^^^^^^
    |
help: remove the unnecessary path segments
    |
707 -         let scratch = std::env::temp_dir().join(format!(
707 +         let scratch = env::temp_dir().join(format!(
    |

warning: unused import: `ProductSemanticCaptureOutcome`
  --> crates/local-service/src/builtin/semantic_authority.rs:18:30
   |
18 |     PartialSemanticCoverage, ProductSemanticCaptureOutcome, ProductSemanticPublicationKey,
   |                              ^^^^^^^^^^^^^^^^^^^^^^^^^^^^^

warning: unnecessary qualification
   --> crates/local-service/src/builtin/semantic_authority.rs:420:14
    |
420 |     reached: std::sync::mpsc::SyncSender<NativeHistoryFenceDiagnostic>,
    |              ^^^^^^^^^^^^^^^^^^^^^^^^^^^^^^^^^^^^^^^^^^^^^^^^^^^^^^^^^
    |
help: remove the unnecessary path segments
    |
420 -     reached: std::sync::mpsc::SyncSender<NativeHistoryFenceDiagnostic>,
420 +     reached: SyncSender<NativeHistoryFenceDiagnostic>,
    |

warning: unnecessary qualification
   --> crates/local-service/src/builtin/semantic_authority.rs:421:14
    |
421 |     release: std::sync::mpsc::Receiver<()>,
    |              ^^^^^^^^^^^^^^^^^^^^^^^^^^^^^
    |
help: remove the unnecessary path segments
    |
421 -     release: std::sync::mpsc::Receiver<()>,
421 +     release: mpsc::Receiver<()>,
    |

warning: unnecessary qualification
   --> crates/local-service/src/builtin/semantic_authority.rs:437:47
    |
437 |     native_history_writer_probe: Mutex<Option<std::sync::mpsc::SyncSender<bool>>>,
    |                                               ^^^^^^^^^^^^^^^^^^^^^^^^^^^^^^^^^
    |
help: remove the unnecessary path segments
    |
437 -     native_history_writer_probe: Mutex<Option<std::sync::mpsc::SyncSender<bool>>>,
437 +     native_history_writer_probe: Mutex<Option<SyncSender<bool>>>,
    |

warning: unnecessary qualification
   --> crates/local-service/src/builtin/semantic_authority.rs:521:18
    |
521 |         reached: std::sync::mpsc::SyncSender<NativeHistoryFenceDiagnostic>,
    |                  ^^^^^^^^^^^^^^^^^^^^^^^^^^^^^^^^^^^^^^^^^^^^^^^^^^^^^^^^^
    |
help: remove the unnecessary path segments
    |
521 -         reached: std::sync::mpsc::SyncSender<NativeHistoryFenceDiagnostic>,
521 +         reached: SyncSender<NativeHistoryFenceDiagnostic>,
    |

warning: unnecessary qualification
   --> crates/local-service/src/builtin/semantic_authority.rs:522:18
    |
522 |         release: std::sync::mpsc::Receiver<()>,
    |                  ^^^^^^^^^^^^^^^^^^^^^^^^^^^^^
    |
help: remove the unnecessary path segments
    |
522 -         release: std::sync::mpsc::Receiver<()>,
522 +         release: mpsc::Receiver<()>,
    |

warning: unnecessary qualification
   --> crates/local-service/src/builtin/semantic_authority.rs:566:17
    |
566 |         sender: std::sync::mpsc::SyncSender<bool>,
    |                 ^^^^^^^^^^^^^^^^^^^^^^^^^^^^^^^^^
    |
help: remove the unnecessary path segments
    |
566 -         sender: std::sync::mpsc::SyncSender<bool>,
566 +         sender: SyncSender<bool>,
    |

warning: unnecessary qualification
    --> crates/local-service/src/builtin/semantic_authority.rs:1439:18
     |
1439 |         reached: std::sync::mpsc::SyncSender<NativeHistoryFenceDiagnostic>,
     |                  ^^^^^^^^^^^^^^^^^^^^^^^^^^^^^^^^^^^^^^^^^^^^^^^^^^^^^^^^^
     |
help: remove the unnecessary path segments
     |
1439 -         reached: std::sync::mpsc::SyncSender<NativeHistoryFenceDiagnostic>,
1439 +         reached: SyncSender<NativeHistoryFenceDiagnostic>,
     |

warning: unnecessary qualification
    --> crates/local-service/src/builtin/semantic_authority.rs:1440:18
     |
1440 |         release: std::sync::mpsc::Receiver<()>,
     |                  ^^^^^^^^^^^^^^^^^^^^^^^^^^^^^
     |
help: remove the unnecessary path segments
     |
1440 -         release: std::sync::mpsc::Receiver<()>,
1440 +         release: mpsc::Receiver<()>,
     |

warning: unnecessary qualification
    --> crates/local-service/src/builtin/semantic_authority.rs:4186:16
     |
4186 |             || std::path::PathBuf::from("rustc"),
     |                ^^^^^^^^^^^^^^^^^^^^^^^^
     |
help: remove the unnecessary path segments
     |
4186 -             || std::path::PathBuf::from("rustc"),
4186 +             || PathBuf::from("rustc"),
     |

warning: unnecessary qualification
    --> crates/local-service/src/builtin/semantic_authority.rs:4187:13
     |
4187 |             std::path::PathBuf::from,
     |             ^^^^^^^^^^^^^^^^^^^^^^^^
     |
help: remove the unnecessary path segments
     |
4187 -             std::path::PathBuf::from,
4187 +             PathBuf::from,
     |

warning: unnecessary qualification
    --> crates/local-service/src/builtin/semantic_authority.rs:4447:29
     |
4447 |     struct ScratchWorkspace(std::path::PathBuf);
     |                             ^^^^^^^^^^^^^^^^^^
     |
help: remove the unnecessary path segments
     |
4447 -     struct ScratchWorkspace(std::path::PathBuf);
4447 +     struct ScratchWorkspace(PathBuf);
     |

warning: unnecessary qualification
    --> crates/local-service/src/builtin/semantic_authority.rs:4473:54
     |
4473 |         let (attempted_sender, attempted_receiver) = std::sync::mpsc::channel();
     |                                                      ^^^^^^^^^^^^^^^^^^^^^^^^
     |
help: remove the unnecessary path segments
     |
4473 -         let (attempted_sender, attempted_receiver) = std::sync::mpsc::channel();
4473 +         let (attempted_sender, attempted_receiver) = mpsc::channel();
     |

warning: unnecessary qualification
    --> crates/local-service/src/builtin/semantic_authority.rs:4474:52
     |
4474 |         let (acquired_sender, acquired_receiver) = std::sync::mpsc::channel();
     |                                                    ^^^^^^^^^^^^^^^^^^^^^^^^
     |
help: remove the unnecessary path segments
     |
4474 -         let (acquired_sender, acquired_receiver) = std::sync::mpsc::channel();
4474 +         let (acquired_sender, acquired_receiver) = mpsc::channel();
     |

warning: unnecessary qualification
    --> crates/local-service/src/builtin/semantic_authority.rs:4492:35
     |
4492 |                     .recv_timeout(std::time::Duration::from_secs(2))
     |                                   ^^^^^^^^^^^^^^^^^^^^^^^^^^^^^^
     |
help: remove the unnecessary path segments
     |
4492 -                     .recv_timeout(std::time::Duration::from_secs(2))
4492 +                     .recv_timeout(Duration::from_secs(2))
     |

warning: unnecessary qualification
    --> crates/local-service/src/builtin/semantic_authority.rs:4506:27
     |
4506 |             .recv_timeout(std::time::Duration::from_secs(2))
     |                           ^^^^^^^^^^^^^^^^^^^^^^^^^^^^^^
     |
help: remove the unnecessary path segments
     |
4506 -             .recv_timeout(std::time::Duration::from_secs(2))
4506 +             .recv_timeout(Duration::from_secs(2))
     |

warning: unnecessary qualification
    --> crates/local-service/src/builtin/semantic_authority.rs:4515:19
     |
4515 |         seen: Arc<std::sync::Mutex<Option<PublicationFence>>>,
     |                   ^^^^^^^^^^^^^^^^^^^^^^^^^^^^^^^^^^^^^^^^^^
     |
help: remove the unnecessary path segments
     |
4515 -         seen: Arc<std::sync::Mutex<Option<PublicationFence>>>,
4515 +         seen: Arc<Mutex<Option<PublicationFence>>>,
     |

warning: unnecessary qualification
    --> crates/local-service/src/builtin/semantic_authority.rs:4538:24
     |
4538 |             _selected: super::super::s3_publication::RemoteClosureSelection,
     |                        ^^^^^^^^^^^^^^^^^^^^^^^^^^^^^^^^^^^^^^^^^^^^^^^^^^^^
     |
help: remove the unnecessary path segments
     |
4538 -             _selected: super::super::s3_publication::RemoteClosureSelection,
4538 +             _selected: RemoteClosureSelection,
     |

warning: unnecessary qualification
    --> crates/local-service/src/builtin/semantic_authority.rs:4540:31
     |
4540 |             _expected_schema: backend_version::SchemaIdentity,
     |                               ^^^^^^^^^^^^^^^^^^^^^^^^^^^^^^^
     |
help: remove the unnecessary path segments
     |
4540 -             _expected_schema: backend_version::SchemaIdentity,
4540 +             _expected_schema: SchemaIdentity,
     |

warning: unnecessary qualification
    --> crates/local-service/src/builtin/semantic_authority.rs:4549:24
     |
4549 |             _selected: super::super::s3_publication::RemoteClosureSelection,
     |                        ^^^^^^^^^^^^^^^^^^^^^^^^^^^^^^^^^^^^^^^^^^^^^^^^^^^^
     |
help: remove the unnecessary path segments
     |
4549 -             _selected: super::super::s3_publication::RemoteClosureSelection,
4549 +             _selected: RemoteClosureSelection,
     |

warning: unnecessary qualification
    --> crates/local-service/src/builtin/semantic_authority.rs:4596:29
     |
4596 |         let seen = Arc::new(std::sync::Mutex::new(None));
     |                             ^^^^^^^^^^^^^^^^^^^^^
     |
help: remove the unnecessary path segments
     |
4596 -         let seen = Arc::new(std::sync::Mutex::new(None));
4596 +         let seen = Arc::new(Mutex::new(None));
     |

warning: unnecessary qualification
    --> crates/local-service/src/builtin/versioned_planes.rs:2321:9
     |
2321 |         std::fs::remove_dir_all(directory).expect("remove history workspace");
     |         ^^^^^^^^^^^^^^^^^^^^^^^
     |
help: remove the unnecessary path segments
     |
2321 -         std::fs::remove_dir_all(directory).expect("remove history workspace");
2321 +         fs::remove_dir_all(directory).expect("remove history workspace");
     |

warning: unnecessary qualification
    --> crates/local-service/src/builtin/versioned_planes.rs:2395:13
     |
2395 |             backend_semantic::ir::LanguageProfile::Rust(
     |             ^^^^^^^^^^^^^^^^^^^^^^^^^^^^^^^^^^^^^^^^^^^
     |
help: remove the unnecessary path segments
     |
2395 -             backend_semantic::ir::LanguageProfile::Rust(
2395 +             LanguageProfile::Rust(
     |

warning: unnecessary qualification
    --> crates/local-service/src/builtin/versioned_planes.rs:2396:17
     |
2396 |                 backend_semantic::ir::RustEdition::Rust2021,
     |                 ^^^^^^^^^^^^^^^^^^^^^^^^^^^^^^^^^^^^^^^^^^^
     |
help: remove the unnecessary path segments
     |
2396 -                 backend_semantic::ir::RustEdition::Rust2021,
2396 +                 RustEdition::Rust2021,
     |

warning: unnecessary qualification
    --> crates/local-service/src/builtin/versioned_planes.rs:2413:9
     |
2413 |         std::fs::remove_dir_all(directory).expect("remove temporary authority workspace");
     |         ^^^^^^^^^^^^^^^^^^^^^^^
     |
help: remove the unnecessary path segments
     |
2413 -         std::fs::remove_dir_all(directory).expect("remove temporary authority workspace");
2413 +         fs::remove_dir_all(directory).expect("remove temporary authority workspace");
     |

warning: unnecessary qualification
    --> crates/local-service/src/builtin/versioned_planes.rs:2430:13
     |
2430 |             backend_semantic::ir::LanguageProfile::Rust(
     |             ^^^^^^^^^^^^^^^^^^^^^^^^^^^^^^^^^^^^^^^^^^^
     |
help: remove the unnecessary path segments
     |
2430 -             backend_semantic::ir::LanguageProfile::Rust(
2430 +             LanguageProfile::Rust(
     |

warning: unnecessary qualification
    --> crates/local-service/src/builtin/versioned_planes.rs:2431:17
     |
2431 |                 backend_semantic::ir::RustEdition::Rust2021,
     |                 ^^^^^^^^^^^^^^^^^^^^^^^^^^^^^^^^^^^^^^^^^^^
     |
help: remove the unnecessary path segments
     |
2431 -                 backend_semantic::ir::RustEdition::Rust2021,
2431 +                 RustEdition::Rust2021,
     |

warning: unnecessary qualification
    --> crates/local-service/src/builtin/versioned_planes.rs:2460:9
     |
2460 |         std::fs::remove_dir_all(directory).expect("remove temporary authority workspace");
     |         ^^^^^^^^^^^^^^^^^^^^^^^
     |
help: remove the unnecessary path segments
     |
2460 -         std::fs::remove_dir_all(directory).expect("remove temporary authority workspace");
2460 +         fs::remove_dir_all(directory).expect("remove temporary authority workspace");
     |

warning: unnecessary qualification
    --> crates/local-service/src/builtin/versioned_planes.rs:2558:25
     |
2558 |             _selected: &backend_extension_turso::SelectedGeneration,
     |                         ^^^^^^^^^^^^^^^^^^^^^^^^^^^^^^^^^^^^^^^^^^^
     |
help: remove the unnecessary path segments
     |
2558 -             _selected: &backend_extension_turso::SelectedGeneration,
2558 +             _selected: &SelectedGeneration,
     |

warning: unnecessary qualification
    --> crates/local-service/src/builtin/versioned_planes.rs:2690:25
     |
2690 |             _selected: &backend_extension_turso::SelectedGeneration,
     |                         ^^^^^^^^^^^^^^^^^^^^^^^^^^^^^^^^^^^^^^^^^^^
     |
help: remove the unnecessary path segments
     |
2690 -             _selected: &backend_extension_turso::SelectedGeneration,
2690 +             _selected: &SelectedGeneration,
     |

warning: unnecessary qualification
   --> crates/local-service/src/builtin/view_build/call_join.rs:687:13
    |
687 |             backend_semantic::ir::ImageProvenance::Captured { recipe, .. }
    |             ^^^^^^^^^^^^^^^^^^^^^^^^^^^^^^^^^^^^^^^^^^^^^^^
    |
help: remove the unnecessary path segments
    |
687 -             backend_semantic::ir::ImageProvenance::Captured { recipe, .. }
687 +             ImageProvenance::Captured { recipe, .. }
    |

warning: unnecessary qualification
    --> crates/local-service/src/builtin/view_build/call_join.rs:2124:29
     |
2124 |         let (ts_bytes, _) = super::tsz_source_coordinate_tests::source_image_with_capture(
     |                             ^^^^^^^^^^^^^^^^^^^^^^^^^^^^^^^^^^^^^^^^^^^^^^^^^^^^^^^^^^^^^
     |
help: remove the unnecessary path segments
     |
2124 -         let (ts_bytes, _) = super::tsz_source_coordinate_tests::source_image_with_capture(
2124 +         let (ts_bytes, _) = tsz_source_coordinate_tests::source_image_with_capture(
     |

warning: unnecessary qualification
    --> crates/local-service/src/builtin/view_build/call_join.rs:2142:38
     |
2142 |         let (unavailable_bytes, _) = super::tsz_source_coordinate_tests::source_image_with_capture(
     |                                      ^^^^^^^^^^^^^^^^^^^^^^^^^^^^^^^^^^^^^^^^^^^^^^^^^^^^^^^^^^^^^
     |
help: remove the unnecessary path segments
     |
2142 -         let (unavailable_bytes, _) = super::tsz_source_coordinate_tests::source_image_with_capture(
2142 +         let (unavailable_bytes, _) = tsz_source_coordinate_tests::source_image_with_capture(
     |

warning: unnecessary qualification
    --> crates/local-service/src/builtin/view_build/image_rows.rs:1549:25
     |
1549 |         let projected = super::project_image_rows(
     |                         ^^^^^^^^^^^^^^^^^^^^^^^^^
     |
help: remove the unnecessary path segments
     |
1549 -         let projected = super::project_image_rows(
1549 +         let projected = project_image_rows(
     |

warning: unnecessary qualification
    --> crates/local-service/src/builtin/view_build/image_rows.rs:1573:9
     |
1573 |         super::apply_projected_image(&projected, &mut sink).expect("apply direct projection");
     |         ^^^^^^^^^^^^^^^^^^^^^^^^^^^^
     |
help: remove the unnecessary path segments
     |
1573 -         super::apply_projected_image(&projected, &mut sink).expect("apply direct projection");
1573 +         apply_projected_image(&projected, &mut sink).expect("apply direct projection");
     |

warning: unused import: `ProductSemanticCaptureOutcome`
  --> crates/local-service/src/builtin/view_build/semantic.rs:24:5
   |
24 |     ProductSemanticCaptureOutcome, ProductSemanticPublicationRecord, SemanticUnavailableReason,
   |     ^^^^^^^^^^^^^^^^^^^^^^^^^^^^^

warning: unnecessary qualification
   --> crates/local-service/src/builtin/view_journal_tests.rs:311:20
    |
311 |     let mut tail = fs::OpenOptions::new()
    |                    ^^^^^^^^^^^^^^^^^^^^
    |
help: remove the unnecessary path segments
    |
311 -     let mut tail = fs::OpenOptions::new()
311 +     let mut tail = OpenOptions::new()
    |

warning: unnecessary qualification
    --> crates/local-service/src/builtin/view_publish.rs:1752:32
     |
1752 |                 cargo_aliases: std::collections::BTreeMap::new(),
     |                                ^^^^^^^^^^^^^^^^^^^^^^^^^^^^^^^
     |
help: remove the unnecessary path segments
     |
1752 -                 cargo_aliases: std::collections::BTreeMap::new(),
1752 +                 cargo_aliases: BTreeMap::new(),
     |

warning: unnecessary qualification
    --> crates/local-service/src/builtin/view_publish.rs:1949:19
     |
1949 |         initial: &backend_engine::ViewRoot,
     |                   ^^^^^^^^^^^^^^^^^^^^^^^^
     |
help: remove the unnecessary path segments
     |
1949 -         initial: &backend_engine::ViewRoot,
1949 +         initial: &ViewRoot,
     |

warning: unnecessary qualification
    --> crates/local-service/src/builtin/commands/adapter.rs:2187:25
     |
2187 |                     && !super::super::ingest::compiler_revision_is_current_with_cancellation(
     |                         ^^^^^^^^^^^^^^^^^^^^^^^^^^^^^^^^^^^^^^^^^^^^^^^^^^^^^^^^^^^^^^^^^^^^
     |
help: remove the unnecessary path segments
     |
2187 -                     && !super::super::ingest::compiler_revision_is_current_with_cancellation(
2187 +                     && !ingest::compiler_revision_is_current_with_cancellation(
     |

warning: unnecessary qualification
    --> crates/local-service/src/builtin/commands/adapter.rs:3189:24
     |
3189 |             .collect::<std::collections::BTreeMap<_, _>>();
     |                        ^^^^^^^^^^^^^^^^^^^^^^^^^^^^^^^^
     |
help: remove the unnecessary path segments
     |
3189 -             .collect::<std::collections::BTreeMap<_, _>>();
3189 +             .collect::<BTreeMap<_, _>>();
     |

warning: unnecessary qualification
    --> crates/local-service/src/builtin/commands/adapter.rs:3232:29
     |
3232 |                         && !super::super::ingest::compiler_revision_is_current(revision_fence)
     |                             ^^^^^^^^^^^^^^^^^^^^^^^^^^^^^^^^^^^^^^^^^^^^^^^^^^
     |
help: remove the unnecessary path segments
     |
3232 -                         && !super::super::ingest::compiler_revision_is_current(revision_fence)
3232 +                         && !ingest::compiler_revision_is_current(revision_fence)
     |

warning: unnecessary qualification
    --> crates/local-service/src/builtin/commands/adapter.rs:3324:32
     |
3324 |                     .collect::<std::collections::BTreeMap<_, _>>();
     |                                ^^^^^^^^^^^^^^^^^^^^^^^^^^^^^^^^
     |
help: remove the unnecessary path segments
     |
3324 -                     .collect::<std::collections::BTreeMap<_, _>>();
3324 +                     .collect::<BTreeMap<_, _>>();
     |

warning: unnecessary qualification
    --> crates/local-service/src/builtin/commands/adapter.rs:4056:9
     |
4056 |         super::super::ingest::recover_indexed_excerpt(
     |         ^^^^^^^^^^^^^^^^^^^^^^^^^^^^^^^^^^^^^^^^^^^^^
     |
help: remove the unnecessary path segments
     |
4056 -         super::super::ingest::recover_indexed_excerpt(
4056 +         ingest::recover_indexed_excerpt(
     |

warning: unnecessary qualification
    --> crates/local-service/src/builtin/commands/adapter.rs:6110:35
     |
6110 |     struct MixedNativeEnvironment(std::path::PathBuf);
     |                                   ^^^^^^^^^^^^^^^^^^
     |
help: remove the unnecessary path segments
     |
6110 -     struct MixedNativeEnvironment(std::path::PathBuf);
6110 +     struct MixedNativeEnvironment(PathBuf);
     |

warning: unnecessary qualification
    --> crates/local-service/src/builtin/commands/adapter.rs:6883:21
     |
6883 |     fn label(path: &std::path::Path) -> String {
     |                     ^^^^^^^^^^^^^^^
     |
help: remove the unnecessary path segments
     |
6883 -     fn label(path: &std::path::Path) -> String {
6883 +     fn label(path: &Path) -> String {
     |

warning: unnecessary qualification
    --> crates/local-service/src/builtin/commands/adapter.rs:6890:31
     |
6890 |     fn symlink_dir(original: &std::path::Path, link: &std::path::Path) -> std::io::Result<()> {
     |                               ^^^^^^^^^^^^^^^
     |
help: remove the unnecessary path segments
     |
6890 -     fn symlink_dir(original: &std::path::Path, link: &std::path::Path) -> std::io::Result<()> {
6890 +     fn symlink_dir(original: &Path, link: &std::path::Path) -> std::io::Result<()> {
     |

warning: unnecessary qualification
    --> crates/local-service/src/builtin/commands/adapter.rs:6890:55
     |
6890 |     fn symlink_dir(original: &std::path::Path, link: &std::path::Path) -> std::io::Result<()> {
     |                                                       ^^^^^^^^^^^^^^^
     |
help: remove the unnecessary path segments
     |
6890 -     fn symlink_dir(original: &std::path::Path, link: &std::path::Path) -> std::io::Result<()> {
6890 +     fn symlink_dir(original: &std::path::Path, link: &Path) -> std::io::Result<()> {
     |

warning: unnecessary qualification
    --> crates/local-service/src/builtin/commands/adapter.rs:6902:32
     |
6902 |     fn symlink_file(original: &std::path::Path, link: &std::path::Path) -> std::io::Result<()> {
     |                                ^^^^^^^^^^^^^^^
     |
help: remove the unnecessary path segments
     |
6902 -     fn symlink_file(original: &std::path::Path, link: &std::path::Path) -> std::io::Result<()> {
6902 +     fn symlink_file(original: &Path, link: &std::path::Path) -> std::io::Result<()> {
     |

warning: unnecessary qualification
    --> crates/local-service/src/builtin/commands/adapter.rs:6902:56
     |
6902 |     fn symlink_file(original: &std::path::Path, link: &std::path::Path) -> std::io::Result<()> {
     |                                                        ^^^^^^^^^^^^^^^
     |
help: remove the unnecessary path segments
     |
6902 -     fn symlink_file(original: &std::path::Path, link: &std::path::Path) -> std::io::Result<()> {
6902 +     fn symlink_file(original: &std::path::Path, link: &Path) -> std::io::Result<()> {
     |

warning: unnecessary qualification
    --> crates/local-service/src/builtin/commands/adapter.rs:7219:47
     |
7219 |                 let _ = released.recv_timeout(std::time::Duration::from_secs(10));
     |                                               ^^^^^^^^^^^^^^^^^^^^^^^^^^^^^^
     |
help: remove the unnecessary path segments
     |
7219 -                 let _ = released.recv_timeout(std::time::Duration::from_secs(10));
7219 +                 let _ = released.recv_timeout(Duration::from_secs(10));
     |

warning: unnecessary qualification
    --> crates/local-service/src/builtin/commands/adapter.rs:7227:27
     |
7227 |             .recv_timeout(std::time::Duration::from_secs(10))
     |                           ^^^^^^^^^^^^^^^^^^^^^^^^^^^^^^
     |
help: remove the unnecessary path segments
     |
7227 -             .recv_timeout(std::time::Duration::from_secs(10))
7227 +             .recv_timeout(Duration::from_secs(10))
     |

warning: unnecessary qualification
    --> crates/local-service/src/builtin/commands/adapter.rs:7249:34
     |
7249 |             started.elapsed() >= std::time::Duration::from_millis(200),
     |                                  ^^^^^^^^^^^^^^^^^^^^^^^^^^^^^^^^
     |
help: remove the unnecessary path segments
     |
7249 -             started.elapsed() >= std::time::Duration::from_millis(200),
7249 +             started.elapsed() >= Duration::from_millis(200),
     |

warning: unnecessary qualification
    --> crates/local-service/src/builtin/commands/adapter.rs:7329:52
     |
7329 |         let deadline = std::time::Instant::now() + std::time::Duration::from_secs(10);
     |                                                    ^^^^^^^^^^^^^^^^^^^^^^^^^^^^^^
     |
help: remove the unnecessary path segments
     |
7329 -         let deadline = std::time::Instant::now() + std::time::Duration::from_secs(10);
7329 +         let deadline = std::time::Instant::now() + Duration::from_secs(10);
     |

warning: unnecessary qualification
    --> crates/local-service/src/builtin/commands/adapter.rs:7345:47
     |
7345 |                 let _ = released.recv_timeout(std::time::Duration::from_secs(10));
     |                                               ^^^^^^^^^^^^^^^^^^^^^^^^^^^^^^
     |
help: remove the unnecessary path segments
     |
7345 -                 let _ = released.recv_timeout(std::time::Duration::from_secs(10));
7345 +                 let _ = released.recv_timeout(Duration::from_secs(10));
     |

warning: unnecessary qualification
    --> crates/local-service/src/builtin/commands/adapter.rs:7350:27
     |
7350 |             .recv_timeout(std::time::Duration::from_secs(10))
     |                           ^^^^^^^^^^^^^^^^^^^^^^^^^^^^^^
     |
help: remove the unnecessary path segments
     |
7350 -             .recv_timeout(std::time::Duration::from_secs(10))
7350 +             .recv_timeout(Duration::from_secs(10))
     |

warning: unnecessary qualification
    --> crates/local-service/src/builtin/commands/adapter.rs:7355:34
     |
7355 |             started.elapsed() >= std::time::Duration::from_millis(200),
     |                                  ^^^^^^^^^^^^^^^^^^^^^^^^^^^^^^^^
     |
help: remove the unnecessary path segments
     |
7355 -             started.elapsed() >= std::time::Duration::from_millis(200),
7355 +             started.elapsed() >= Duration::from_millis(200),
     |

warning: unnecessary qualification
    --> crates/local-service/src/builtin/commands/adapter.rs:7395:52
     |
7395 |         let deadline = std::time::Instant::now() + std::time::Duration::from_secs(10);
     |                                                    ^^^^^^^^^^^^^^^^^^^^^^^^^^^^^^
     |
help: remove the unnecessary path segments
     |
7395 -         let deadline = std::time::Instant::now() + std::time::Duration::from_secs(10);
7395 +         let deadline = std::time::Instant::now() + Duration::from_secs(10);
     |

warning: unnecessary qualification
    --> crates/local-service/src/builtin/commands/adapter.rs:7490:52
     |
7490 |         let deadline = std::time::Instant::now() + std::time::Duration::from_secs(10);
     |                                                    ^^^^^^^^^^^^^^^^^^^^^^^^^^^^^^
     |
help: remove the unnecessary path segments
     |
7490 -         let deadline = std::time::Instant::now() + std::time::Duration::from_secs(10);
7490 +         let deadline = std::time::Instant::now() + Duration::from_secs(10);
     |

warning: unnecessary qualification
    --> crates/local-service/src/builtin/commands/adapter.rs:7618:52
     |
7618 |         let deadline = std::time::Instant::now() + std::time::Duration::from_secs(10);
     |                                                    ^^^^^^^^^^^^^^^^^^^^^^^^^^^^^^
     |
help: remove the unnecessary path segments
     |
7618 -         let deadline = std::time::Instant::now() + std::time::Duration::from_secs(10);
7618 +         let deadline = std::time::Instant::now() + Duration::from_secs(10);
     |

warning: unnecessary qualification
    --> crates/local-service/src/builtin/commands/adapter.rs:8239:13
     |
8239 |             std::path::Path::new(&label).join("pyproject.toml"),
     |             ^^^^^^^^^^^^^^^^^^^^
     |
help: remove the unnecessary path segments
     |
8239 -             std::path::Path::new(&label).join("pyproject.toml"),
8239 +             Path::new(&label).join("pyproject.toml"),
     |

warning: unnecessary qualification
    --> crates/local-service/src/builtin/commands/adapter.rs:8244:13
     |
8244 |             std::path::Path::new(&label).join("source.py"),
     |             ^^^^^^^^^^^^^^^^^^^^
     |
help: remove the unnecessary path segments
     |
8244 -             std::path::Path::new(&label).join("source.py"),
8244 +             Path::new(&label).join("source.py"),
     |

warning: unnecessary qualification
    --> crates/local-service/src/builtin/commands/adapter.rs:8394:13
     |
8394 |             std::path::Path::new(&canonical_label).join("module.py"),
     |             ^^^^^^^^^^^^^^^^^^^^
     |
help: remove the unnecessary path segments
     |
8394 -             std::path::Path::new(&canonical_label).join("module.py"),
8394 +             Path::new(&canonical_label).join("module.py"),
     |

warning: unnecessary qualification
    --> crates/local-service/src/builtin/commands/adapter.rs:8404:19
     |
8404 |         let key = backend_engine::builtin::ProductSemanticPublicationKey::new(
     |                   ^^^^^^^^^^^^^^^^^^^^^^^^^^^^^^^^^^^^^^^^^^^^^^^^^^^^^^^^^^^
     |
help: remove the unnecessary path segments
     |
8404 -         let key = backend_engine::builtin::ProductSemanticPublicationKey::new(
8404 +         let key = ProductSemanticPublicationKey::new(
     |

warning: unnecessary qualification
    --> crates/local-service/src/builtin/commands/adapter.rs:8523:50
     |
8523 |             &backend_engine::CommandDto::new(id, backend_engine::Command::Search(query))
     |                                                  ^^^^^^^^^^^^^^^^^^^^^^^^^^^^^^^
     |
help: remove the unnecessary path segments
     |
8523 -             &backend_engine::CommandDto::new(id, backend_engine::Command::Search(query))
8523 +             &backend_engine::CommandDto::new(id, Command::Search(query))
     |

warning: unnecessary qualification
    --> crates/local-service/src/builtin/commands/adapter.rs:8587:29
     |
8587 |             (201, "health", backend_engine::Command::Health),
     |                             ^^^^^^^^^^^^^^^^^^^^^^^^^^^^^^^
     |
help: remove the unnecessary path segments
     |
8587 -             (201, "health", backend_engine::Command::Health),
8587 +             (201, "health", Command::Health),
     |

warning: unnecessary qualification
    --> crates/local-service/src/builtin/commands/adapter.rs:8588:31
     |
8588 |             (202, "revision", backend_engine::Command::Revision),
     |                               ^^^^^^^^^^^^^^^^^^^^^^^^^^^^^^^^^
     |
help: remove the unnecessary path segments
     |
8588 -             (202, "revision", backend_engine::Command::Revision),
8588 +             (202, "revision", Command::Revision),
     |

warning: unnecessary qualification
    --> crates/local-service/src/builtin/commands/adapter.rs:8592:17
     |
8592 |                 backend_engine::Command::Surface(backend_library::SurfaceCommand::IndexCancel {
     |                 ^^^^^^^^^^^^^^^^^^^^^^^^^^^^^^^^
     |
help: remove the unnecessary path segments
     |
8592 -                 backend_engine::Command::Surface(backend_library::SurfaceCommand::IndexCancel {
8592 +                 Command::Surface(backend_library::SurfaceCommand::IndexCancel {
     |

warning: unnecessary qualification
    --> crates/local-service/src/builtin/commands/adapter.rs:8903:13
     |
8903 |             backend_engine::Command::Health,
     |             ^^^^^^^^^^^^^^^^^^^^^^^^^^^^^^^
     |
help: remove the unnecessary path segments
     |
8903 -             backend_engine::Command::Health,
8903 +             Command::Health,
     |

warning: unnecessary qualification
    --> crates/local-service/src/builtin/commands/adapter.rs:8914:13
     |
8914 |             backend_engine::Command::Surface(backend_library::SurfaceCommand::IndexCancel {
     |             ^^^^^^^^^^^^^^^^^^^^^^^^^^^^^^^^
     |
help: remove the unnecessary path segments
     |
8914 -             backend_engine::Command::Surface(backend_library::SurfaceCommand::IndexCancel {
8914 +             Command::Surface(backend_library::SurfaceCommand::IndexCancel {
     |

warning: unnecessary qualification
    --> crates/local-service/src/builtin/commands/diff.rs:1589:19
     |
1589 |             kind: backend_semantic::ir::LinkKind::Calls,
     |                   ^^^^^^^^^^^^^^^^^^^^^^^^^^^^^^^^^^^^^
     |
help: remove the unnecessary path segments
     |
1589 -             kind: backend_semantic::ir::LinkKind::Calls,
1589 +             kind: LinkKind::Calls,
     |

warning: unnecessary qualification
    --> crates/local-service/src/builtin/commands/diff.rs:1715:13
     |
1715 |             backend_semantic::ir::LinkKind::Calls
     |             ^^^^^^^^^^^^^^^^^^^^^^^^^^^^^^^^^^^^^
     |
help: remove the unnecessary path segments
     |
1715 -             backend_semantic::ir::LinkKind::Calls
1715 +             LinkKind::Calls
     |

warning: unnecessary qualification
    --> crates/local-service/src/builtin/commands/diff.rs:2693:13
     |
2693 |             crate::builtin::BuiltinModel,
     |             ^^^^^^^^^^^^^^^^^^^^^^^^^^^^
     |
help: remove the unnecessary path segments
     |
2693 -             crate::builtin::BuiltinModel,
2693 +             BuiltinModel,
     |

warning: unused import: `ProductSemanticCaptureRelation`
  --> crates/local-service/src/builtin/commands/index.rs:19:61
   |
19 |     PartialSemanticCoverage, ProductSemanticCaptureOutcome, ProductSemanticCaptureRelation,
   |                                                             ^^^^^^^^^^^^^^^^^^^^^^^^^^^^^^

warning: unused import: `Relation as _`
  --> crates/local-service/src/builtin/commands/index.rs:39:33
   |
39 | use backend_version::{Coverage, Relation as _, ScopeRoot, WorkspaceRoot};
   |                                 ^^^^^^^^^^^^^

warning: unnecessary qualification
    --> crates/local-service/src/builtin/commands/index.rs:1513:48
     |
1513 |     compiler_failure: Option<(LanguageProfile, backend_library::PackageCompilerFailure)>,
     |                                                ^^^^^^^^^^^^^^^^^^^^^^^^^^^^^^^^^^^^^^^
     |
help: remove the unnecessary path segments
     |
1513 -     compiler_failure: Option<(LanguageProfile, backend_library::PackageCompilerFailure)>,
1513 +     compiler_failure: Option<(LanguageProfile, PackageCompilerFailure)>,
     |

warning: unnecessary qualification
    --> crates/local-service/src/builtin/commands/index.rs:1750:48
     |
1750 |     compiler_failure: Option<(LanguageProfile, backend_library::PackageCompilerFailure)>,
     |                                                ^^^^^^^^^^^^^^^^^^^^^^^^^^^^^^^^^^^^^^^
     |
help: remove the unnecessary path segments
     |
1750 -     compiler_failure: Option<(LanguageProfile, backend_library::PackageCompilerFailure)>,
1750 +     compiler_failure: Option<(LanguageProfile, PackageCompilerFailure)>,
     |

warning: unnecessary qualification
    --> crates/local-service/src/builtin/commands/index_operation.rs:1852:20
     |
1852 |     fn open(path: &std::path::Path) -> IndexOperationJournal {
     |                    ^^^^^^^^^^^^^^^
     |
help: remove the unnecessary path segments
     |
1852 -     fn open(path: &std::path::Path) -> IndexOperationJournal {
1852 +     fn open(path: &Path) -> IndexOperationJournal {
     |

warning: unnecessary qualification
    --> crates/local-service/src/builtin/commands/index_operation.rs:1932:23
     |
1932 |     fn cleanup(path: &std::path::Path) {
     |                       ^^^^^^^^^^^^^^^
     |
help: remove the unnecessary path segments
     |
1932 -     fn cleanup(path: &std::path::Path) {
1932 +     fn cleanup(path: &Path) {
     |

warning: unnecessary qualification
    --> crates/local-service/src/builtin/commands/index_operation.rs:2891:32
     |
2891 |         let mut journal = open(std::path::Path::new(&path));
     |                                ^^^^^^^^^^^^^^^^^^^^
     |
help: remove the unnecessary path segments
     |
2891 -         let mut journal = open(std::path::Path::new(&path));
2891 +         let mut journal = open(Path::new(&path));
     |

warning: unnecessary qualification
     --> crates/local-service/src/builtin/commands/semantic_query.rs:10844:19
      |
10844 |             kind: backend_semantic::ir::LinkKind::Calls,
      |                   ^^^^^^^^^^^^^^^^^^^^^^^^^^^^^^^^^^^^^
      |
help: remove the unnecessary path segments
      |
10844 -             kind: backend_semantic::ir::LinkKind::Calls,
10844 +             kind: LinkKind::Calls,
      |

warning: unnecessary qualification
     --> crates/local-service/src/builtin/commands/semantic_query.rs:10880:23
      |
10880 |                 kind: backend_semantic::ir::LinkKind::Calls,
      |                       ^^^^^^^^^^^^^^^^^^^^^^^^^^^^^^^^^^^^^
      |
help: remove the unnecessary path segments
      |
10880 -                 kind: backend_semantic::ir::LinkKind::Calls,
10880 +                 kind: LinkKind::Calls,
      |

warning: unnecessary qualification
     --> crates/local-service/src/builtin/commands/semantic_query.rs:10905:29
      |
10905 |         let callee_symbol = super::super::super::view_build::semantic_symbol(
      |                             ^^^^^^^^^^^^^^^^^^^^^^^^^^^^^^^^^^^^^^^^^^^^^^^^
      |
help: remove the unnecessary path segments
      |
10905 -         let callee_symbol = super::super::super::view_build::semantic_symbol(
10905 +         let callee_symbol = view_build::semantic_symbol(
      |

warning: unnecessary qualification
     --> crates/local-service/src/builtin/commands/semantic_query.rs:10919:16
      |
10919 |             != super::super::super::view_build::semantic_symbol(
      |                ^^^^^^^^^^^^^^^^^^^^^^^^^^^^^^^^^^^^^^^^^^^^^^^^
      |
help: remove the unnecessary path segments
      |
10919 -             != super::super::super::view_build::semantic_symbol(
10919 +             != view_build::semantic_symbol(
      |

warning: unnecessary qualification
     --> crates/local-service/src/builtin/commands/semantic_query.rs:10960:22
      |
10960 |         let absent = super::super::super::view_build::semantic_symbol(
      |                      ^^^^^^^^^^^^^^^^^^^^^^^^^^^^^^^^^^^^^^^^^^^^^^^^
      |
help: remove the unnecessary path segments
      |
10960 -         let absent = super::super::super::view_build::semantic_symbol(
10960 +         let absent = view_build::semantic_symbol(
      |

warning: unnecessary qualification
    --> crates/local-service/src/builtin/commands/semantic_shapes.rs:2111:53
     |
2111 |             backend_engine::SemanticTypeFact::Known(backend_engine::SemanticTypeExpr::Object(
     |                                                     ^^^^^^^^^^^^^^^^^^^^^^^^^^^^^^^^^^^^^^^^
     |
help: remove the unnecessary path segments
     |
2111 -             backend_engine::SemanticTypeFact::Known(backend_engine::SemanticTypeExpr::Object(
2111 +             backend_engine::SemanticTypeFact::Known(SemanticTypeExpr::Object(
     |

warning: unnecessary qualification
    --> crates/local-service/src/builtin/commands/semantic_shapes.rs:2120:33
     |
2120 | ...                   backend_engine::SemanticTypeExpr::Literal(
     |                       ^^^^^^^^^^^^^^^^^^^^^^^^^^^^^^^^^^^^^^^^^
     |
help: remove the unnecessary path segments
     |
2120 -                                 backend_engine::SemanticTypeExpr::Literal(
2120 +                                 SemanticTypeExpr::Literal(
     |

warning: unused import: `PreparedBuiltinIntent`
  --> crates/local-service/src/builtin/commands/mod.rs:21:5
   |
21 |     PreparedBuiltinIntent, commit_builtin_intent, commit_prepared_builtin_intent,
   |     ^^^^^^^^^^^^^^^^^^^^^

warning: unused import: `source_capture_receipt_for_root`
  --> crates/local-service/src/builtin/commands/mod.rs:25:62
   |
25 |     recover_awaiting_selection, recover_offered_reservation, source_capture_receipt_for_root,
   |                                                              ^^^^^^^^^^^^^^^^^^^^^^^^^^^^^^^

warning: unnecessary qualification
    --> crates/local-service/src/builtin/registry.rs:1081:35
     |
1081 |             let source_identity = backend_engine::serde_json::to_vec(&source.source)
     |                                   ^^^^^^^^^^^^^^^^^^^^^^^^^^^^^^^^^^
     |
help: remove the unnecessary path segments
     |
1081 -             let source_identity = backend_engine::serde_json::to_vec(&source.source)
1081 +             let source_identity = serde_json::to_vec(&source.source)
     |

warning: unnecessary qualification
    --> crates/local-service/src/builtin/registry.rs:1106:25
     |
1106 |         let osv_scope = backend_engine::serde_json::to_vec(&self.advisory_config.osv_scope)
     |                         ^^^^^^^^^^^^^^^^^^^^^^^^^^^^^^^^^^
     |
help: remove the unnecessary path segments
     |
1106 -         let osv_scope = backend_engine::serde_json::to_vec(&self.advisory_config.osv_scope)
1106 +         let osv_scope = serde_json::to_vec(&self.advisory_config.osv_scope)
     |

warning: unnecessary qualification
    --> crates/local-service/src/builtin/registry.rs:1411:17
     |
1411 |                 backend_engine::acquisition::NegativeFactKind::Yanked => {
     |                 ^^^^^^^^^^^^^^^^^^^^^^^^^^^^^^^^^^^^^^^^^^^^^^^^^^^^^
     |
help: remove the unnecessary path segments
     |
1411 -                 backend_engine::acquisition::NegativeFactKind::Yanked => {
1411 +                 NegativeFactKind::Yanked => {
     |

warning: unnecessary qualification
    --> crates/local-service/src/builtin/registry.rs:1416:17
     |
1416 |                 backend_engine::acquisition::NegativeFactKind::AdvisoryBlocked => {
     |                 ^^^^^^^^^^^^^^^^^^^^^^^^^^^^^^^^^^^^^^^^^^^^^^^^^^^^^^^^^^^^^^
     |
help: remove the unnecessary path segments
     |
1416 -                 backend_engine::acquisition::NegativeFactKind::AdvisoryBlocked => {
1416 +                 NegativeFactKind::AdvisoryBlocked => {
     |

warning: unnecessary qualification
    --> crates/local-service/src/builtin/registry.rs:1419:17
     |
1419 |                 backend_engine::acquisition::NegativeFactKind::Unsupported => {
     |                 ^^^^^^^^^^^^^^^^^^^^^^^^^^^^^^^^^^^^^^^^^^^^^^^^^^^^^^^^^^
     |
help: remove the unnecessary path segments
     |
1419 -                 backend_engine::acquisition::NegativeFactKind::Unsupported => {
1419 +                 NegativeFactKind::Unsupported => {
     |

warning: unnecessary qualification
    --> crates/local-service/src/builtin/registry.rs:1422:17
     |
1422 |                 backend_engine::acquisition::NegativeFactKind::NotFound => {
     |                 ^^^^^^^^^^^^^^^^^^^^^^^^^^^^^^^^^^^^^^^^^^^^^^^^^^^^^^^
     |
help: remove the unnecessary path segments
     |
1422 -                 backend_engine::acquisition::NegativeFactKind::NotFound => {
1422 +                 NegativeFactKind::NotFound => {
     |

warning: unnecessary qualification
    --> crates/local-service/src/builtin/registry.rs:2338:27
     |
2338 |         fn capture(file: &std::fs::File) -> Result<Self, String> {
     |                           ^^^^^^^^^^^^^
     |
help: remove the unnecessary path segments
     |
2338 -         fn capture(file: &std::fs::File) -> Result<Self, String> {
2338 +         fn capture(file: &File) -> Result<Self, String> {
     |

warning: unnecessary qualification
    --> crates/local-service/src/builtin/registry.rs:3705:22
     |
3705 |         let source = backend_engine::registry::RegistrySource::new(endpoint).with_native(false);
     |                      ^^^^^^^^^^^^^^^^^^^^^^^^^^^^^^^^^^^^^^^^^^^^^
     |
help: remove the unnecessary path segments
     |
3705 -         let source = backend_engine::registry::RegistrySource::new(endpoint).with_native(false);
3705 +         let source = RegistrySource::new(endpoint).with_native(false);
     |

warning: unnecessary qualification
    --> crates/local-service/src/builtin/registry.rs:3706:23
     |
3706 |         let sources = backend_engine::registry::RegistrySourceSet::empty()
     |                       ^^^^^^^^^^^^^^^^^^^^^^^^^^^^^^^^^^^^^^^^^^^^^^^^^^
     |
help: remove the unnecessary path segments
     |
3706 -         let sources = backend_engine::registry::RegistrySourceSet::empty()
3706 +         let sources = RegistrySourceSet::empty()
     |

warning: unnecessary qualification
    --> crates/local-service/src/builtin/registry.rs:3713:21
     |
3713 |             policy: backend_engine::registry::AcquisitionPolicy::Online,
     |                     ^^^^^^^^^^^^^^^^^^^^^^^^^^^^^^^^^^^^^^^^^^^^^^^^^^^
     |
help: remove the unnecessary path segments
     |
3713 -             policy: backend_engine::registry::AcquisitionPolicy::Online,
3713 +             policy: AcquisitionPolicy::Online,
     |

warning: unnecessary qualification
    --> crates/local-service/src/builtin/registry.rs:4339:24
     |
4339 |         let original = std::sync::Arc::new(
     |                        ^^^^^^^^^^^^^^^^^^^
     |
help: remove the unnecessary path segments
     |
4339 -         let original = std::sync::Arc::new(
4339 +         let original = Arc::new(
     |

warning: unnecessary qualification
    --> crates/local-service/src/builtin/registry.rs:4344:13
     |
4344 |             std::sync::Arc::clone(&original)
     |             ^^^^^^^^^^^^^^^^^^^^^
     |
help: remove the unnecessary path segments
     |
4344 -             std::sync::Arc::clone(&original)
4344 +             Arc::clone(&original)
     |

warning: unnecessary qualification
    --> crates/local-service/src/builtin/registry.rs:4346:13
     |
4346 |             std::sync::Arc::new(
     |             ^^^^^^^^^^^^^^^^^^^
     |
help: remove the unnecessary path segments
     |
4346 -             std::sync::Arc::new(
4346 +             Arc::new(
     |

warning: unnecessary qualification
    --> crates/local-service/src/builtin/registry.rs:4350:17
     |
4350 |         assert!(std::sync::Arc::ptr_eq(&original, &reused));
     |                 ^^^^^^^^^^^^^^^^^^^^^^
     |
help: remove the unnecessary path segments
     |
4350 -         assert!(std::sync::Arc::ptr_eq(&original, &reused));
4350 +         assert!(Arc::ptr_eq(&original, &reused));
     |

warning: unnecessary qualification
    --> crates/local-service/src/builtin/registry.rs:4352:23
     |
4352 |         let rebuilt = std::sync::Arc::new(
     |                       ^^^^^^^^^^^^^^^^^^^
     |
help: remove the unnecessary path segments
     |
4352 -         let rebuilt = std::sync::Arc::new(
4352 +         let rebuilt = Arc::new(
     |

warning: unnecessary qualification
    --> crates/local-service/src/builtin/browse/cargo_metadata.rs:2455:29
     |
2455 |         let sccache_paths = super::super::sccache_configuration_paths(&package)
     |                             ^^^^^^^^^^^^^^^^^^^^^^^^^^^^^^^^^^^^^^^^^
     |
help: remove the unnecessary path segments
     |
2455 -         let sccache_paths = super::super::sccache_configuration_paths(&package)
2455 +         let sccache_paths = sccache_configuration_paths(&package)
     |

warning: unnecessary qualification
    --> crates/local-service/src/builtin/browse/cargo_metadata.rs:2458:13
     |
2458 |             super::super::rustup_selection_paths(&package).expect("request-CWD rustup selectors");
     |             ^^^^^^^^^^^^^^^^^^^^^^^^^^^^^^^^^^^^
     |
help: remove the unnecessary path segments
     |
2458 -             super::super::rustup_selection_paths(&package).expect("request-CWD rustup selectors");
2458 +             rustup_selection_paths(&package).expect("request-CWD rustup selectors");
     |

warning: unnecessary qualification
    --> crates/local-service/src/builtin/browse/cargo_metadata.rs:2468:9
     |
2468 |         super::super::observation_witness_with_context(&workspace, &watched, [1; 32], [2; 32])
     |         ^^^^^^^^^^^^^^^^^^^^^^^^^^^^^^^^^^^^^^^^^^^^^^
     |
help: remove the unnecessary path segments
     |
2468 -         super::super::observation_witness_with_context(&workspace, &watched, [1; 32], [2; 32])
2468 +         observation_witness_with_context(&workspace, &watched, [1; 32], [2; 32])
     |

warning: unnecessary qualification
    --> crates/local-service/src/builtin/discovery_search.rs:6467:31
     |
6467 |     fn temp_journal_path() -> std::path::PathBuf {
     |                               ^^^^^^^^^^^^^^^^^^
     |
help: remove the unnecessary path segments
     |
6467 -     fn temp_journal_path() -> std::path::PathBuf {
6467 +     fn temp_journal_path() -> PathBuf {
     |

warning: unnecessary qualification
    --> crates/local-service/src/builtin/discovery_search.rs:6514:27
     |
6514 |     fn file_sha256(path: &std::path::Path) -> String {
     |                           ^^^^^^^^^^^^^^^
     |
help: remove the unnecessary path segments
     |
6514 -     fn file_sha256(path: &std::path::Path) -> String {
6514 +     fn file_sha256(path: &Path) -> String {
     |

warning: unnecessary qualification
    --> crates/local-service/src/builtin/discovery_search.rs:6518:24
     |
6518 |         let mut file = std::fs::File::open(path).expect("open benchmark executable");
     |                        ^^^^^^^^^^^^^^^^^^^
     |
help: remove the unnecessary path segments
     |
6518 -         let mut file = std::fs::File::open(path).expect("open benchmark executable");
6518 +         let mut file = File::open(path).expect("open benchmark executable");
     |

warning: unnecessary qualification
    --> crates/local-service/src/builtin/discovery_search.rs:6549:40
     |
6549 |     fn measured_directory_bytes(path: &std::path::Path) -> u64 {
     |                                        ^^^^^^^^^^^^^^^
     |
help: remove the unnecessary path segments
     |
6549 -     fn measured_directory_bytes(path: &std::path::Path) -> u64 {
6549 +     fn measured_directory_bytes(path: &Path) -> u64 {
     |

warning: unnecessary qualification
    --> crates/local-service/src/builtin/discovery_search.rs:6550:27
     |
6550 |         let Ok(entries) = std::fs::read_dir(path) else {
     |                           ^^^^^^^^^^^^^^^^^
     |
help: remove the unnecessary path segments
     |
6550 -         let Ok(entries) = std::fs::read_dir(path) else {
6550 +         let Ok(entries) = fs::read_dir(path) else {
     |

warning: unnecessary qualification
    --> crates/local-service/src/builtin/discovery_search.rs:6562:21
     |
6562 |                     std::fs::symlink_metadata(entry.path())
     |                     ^^^^^^^^^^^^^^^^^^^^^^^^^
     |
help: remove the unnecessary path segments
     |
6562 -                     std::fs::symlink_metadata(entry.path())
6562 +                     fs::symlink_metadata(entry.path())
     |

warning: unnecessary qualification
    --> crates/local-service/src/builtin/discovery_search.rs:6564:33
     |
6564 |                         .filter(std::fs::Metadata::is_file)
     |                                 ^^^^^^^^^^^^^^^^^^^^^^^^^^
     |
help: remove the unnecessary path segments
     |
6564 -                         .filter(std::fs::Metadata::is_file)
6564 +                         .filter(fs::Metadata::is_file)
     |

warning: unnecessary qualification
    --> crates/local-service/src/builtin/discovery_search.rs:6651:28
     |
6651 |         let journal_path = std::path::PathBuf::from(
     |                            ^^^^^^^^^^^^^^^^^^^^^^^^
     |
help: remove the unnecessary path segments
     |
6651 -         let journal_path = std::path::PathBuf::from(
6651 +         let journal_path = PathBuf::from(
     |

warning: unnecessary qualification
    --> crates/local-service/src/builtin/discovery_search.rs:6655:27
     |
6655 |         let labels_path = std::path::PathBuf::from(
     |                           ^^^^^^^^^^^^^^^^^^^^^^^^
     |
help: remove the unnecessary path segments
     |
6655 -         let labels_path = std::path::PathBuf::from(
6655 +         let labels_path = PathBuf::from(
     |

warning: unnecessary qualification
    --> crates/local-service/src/builtin/discovery_search.rs:6659:26
     |
6659 |         let cache_root = std::path::PathBuf::from(
     |                          ^^^^^^^^^^^^^^^^^^^^^^^^
     |
help: remove the unnecessary path segments
     |
6659 -         let cache_root = std::path::PathBuf::from(
6659 +         let cache_root = PathBuf::from(
     |

warning: unnecessary qualification
    --> crates/local-service/src/builtin/discovery_search.rs:6663:27
     |
6663 |         let report_path = std::path::PathBuf::from(
     |                           ^^^^^^^^^^^^^^^^^^^^^^^^
     |
help: remove the unnecessary path segments
     |
6663 -         let report_path = std::path::PathBuf::from(
6663 +         let report_path = PathBuf::from(
     |

warning: unnecessary qualification
    --> crates/local-service/src/builtin/discovery_search.rs:6671:32
     |
6671 |         let executable_bytes = std::fs::metadata(&executable_path)
     |                                ^^^^^^^^^^^^^^^^^
     |
help: remove the unnecessary path segments
     |
6671 -         let executable_bytes = std::fs::metadata(&executable_path)
6671 +         let executable_bytes = fs::metadata(&executable_path)
     |

warning: unnecessary qualification
    --> crates/local-service/src/builtin/discovery_search.rs:6675:13
     |
6675 |             std::path::PathBuf::from(env!("CARGO_MANIFEST_DIR")).join("../../Cargo.lock");
     |             ^^^^^^^^^^^^^^^^^^^^^^^^
     |
help: remove the unnecessary path segments
     |
6675 -             std::path::PathBuf::from(env!("CARGO_MANIFEST_DIR")).join("../../Cargo.lock");
6675 +             PathBuf::from(env!("CARGO_MANIFEST_DIR")).join("../../Cargo.lock");
     |

warning: unnecessary qualification
    --> crates/local-service/src/builtin/discovery_search.rs:6682:29
     |
6682 |         let journal_bytes = std::fs::read(&journal_path).expect("read pinned journal copy");
     |                             ^^^^^^^^^^^^^
     |
help: remove the unnecessary path segments
     |
6682 -         let journal_bytes = std::fs::read(&journal_path).expect("read pinned journal copy");
6682 +         let journal_bytes = fs::read(&journal_path).expect("read pinned journal copy");
     |

warning: unnecessary qualification
    --> crates/local-service/src/builtin/discovery_search.rs:6695:28
     |
6695 |         let labels_bytes = std::fs::read(&labels_path).expect("read independent query labels");
     |                            ^^^^^^^^^^^^^
     |
help: remove the unnecessary path segments
     |
6695 -         let labels_bytes = std::fs::read(&labels_path).expect("read independent query labels");
6695 +         let labels_bytes = fs::read(&labels_path).expect("read independent query labels");
     |

warning: unnecessary qualification
    --> crates/local-service/src/builtin/discovery_search.rs:7007:13
     |
7007 |             std::fs::create_dir_all(parent).expect("create benchmark report directory");
     |             ^^^^^^^^^^^^^^^^^^^^^^^
     |
help: remove the unnecessary path segments
     |
7007 -             std::fs::create_dir_all(parent).expect("create benchmark report directory");
7007 +             fs::create_dir_all(parent).expect("create benchmark report directory");
     |

warning: unnecessary qualification
    --> crates/local-service/src/builtin/discovery_search.rs:7009:9
     |
7009 |         std::fs::write(
     |         ^^^^^^^^^^^^^^
     |
help: remove the unnecessary path segments
     |
7009 -         std::fs::write(
7009 +         fs::write(
     |

warning: unnecessary qualification
    --> crates/local-service/src/builtin/discovery_search.rs:8004:17
     |
8004 |         let _ = std::fs::remove_file(&path);
     |                 ^^^^^^^^^^^^^^^^^^^^
     |
help: remove the unnecessary path segments
     |
8004 -         let _ = std::fs::remove_file(&path);
8004 +         let _ = fs::remove_file(&path);
     |

warning: unnecessary qualification
    --> crates/local-service/src/builtin/discovery_search.rs:8005:17
     |
8005 |         let _ = std::fs::remove_file(path.with_extension("journal.lock"));
     |                 ^^^^^^^^^^^^^^^^^^^^
     |
help: remove the unnecessary path segments
     |
8005 -         let _ = std::fs::remove_file(path.with_extension("journal.lock"));
8005 +         let _ = fs::remove_file(path.with_extension("journal.lock"));
     |

warning: unnecessary qualification
    --> crates/local-service/src/builtin/discovery_search.rs:8100:17
     |
8100 |         let _ = std::fs::remove_file(&path);
     |                 ^^^^^^^^^^^^^^^^^^^^
     |
help: remove the unnecessary path segments
     |
8100 -         let _ = std::fs::remove_file(&path);
8100 +         let _ = fs::remove_file(&path);
     |

warning: unnecessary qualification
    --> crates/local-service/src/builtin/discovery_search.rs:8101:17
     |
8101 |         let _ = std::fs::remove_file(path.with_extension("journal.lock"));
     |                 ^^^^^^^^^^^^^^^^^^^^
     |
help: remove the unnecessary path segments
     |
8101 -         let _ = std::fs::remove_file(path.with_extension("journal.lock"));
8101 +         let _ = fs::remove_file(path.with_extension("journal.lock"));
     |

warning: unnecessary qualification
    --> crates/local-service/src/builtin/discovery_search.rs:8249:17
     |
8249 |         let _ = std::fs::remove_file(&path);
     |                 ^^^^^^^^^^^^^^^^^^^^
     |
help: remove the unnecessary path segments
     |
8249 -         let _ = std::fs::remove_file(&path);
8249 +         let _ = fs::remove_file(&path);
     |

warning: unnecessary qualification
    --> crates/local-service/src/builtin/discovery_search.rs:8250:17
     |
8250 |         let _ = std::fs::remove_file(path.with_extension("journal.lock"));
     |                 ^^^^^^^^^^^^^^^^^^^^
     |
help: remove the unnecessary path segments
     |
8250 -         let _ = std::fs::remove_file(path.with_extension("journal.lock"));
8250 +         let _ = fs::remove_file(path.with_extension("journal.lock"));
     |

warning: unnecessary qualification
    --> crates/local-service/src/builtin/discovery_search.rs:8253:17
     |
8253 |         let _ = std::fs::remove_file(std::path::PathBuf::from(lock_path));
     |                 ^^^^^^^^^^^^^^^^^^^^
     |
help: remove the unnecessary path segments
     |
8253 -         let _ = std::fs::remove_file(std::path::PathBuf::from(lock_path));
8253 +         let _ = fs::remove_file(std::path::PathBuf::from(lock_path));
     |

warning: unnecessary qualification
    --> crates/local-service/src/builtin/discovery_search.rs:8253:38
     |
8253 |         let _ = std::fs::remove_file(std::path::PathBuf::from(lock_path));
     |                                      ^^^^^^^^^^^^^^^^^^^^^^^^
     |
help: remove the unnecessary path segments
     |
8253 -         let _ = std::fs::remove_file(std::path::PathBuf::from(lock_path));
8253 +         let _ = std::fs::remove_file(PathBuf::from(lock_path));
     |

warning: unnecessary qualification
    --> crates/local-service/src/builtin/discovery_search.rs:8422:17
     |
8422 |         let _ = std::fs::remove_file(&path);
     |                 ^^^^^^^^^^^^^^^^^^^^
     |
help: remove the unnecessary path segments
     |
8422 -         let _ = std::fs::remove_file(&path);
8422 +         let _ = fs::remove_file(&path);
     |

warning: unnecessary qualification
    --> crates/local-service/src/builtin/discovery_search.rs:8423:17
     |
8423 |         let _ = std::fs::remove_file(path.with_extension("journal.lock"));
     |                 ^^^^^^^^^^^^^^^^^^^^
     |
help: remove the unnecessary path segments
     |
8423 -         let _ = std::fs::remove_file(path.with_extension("journal.lock"));
8423 +         let _ = fs::remove_file(path.with_extension("journal.lock"));
     |

warning: unnecessary qualification
    --> crates/local-service/src/builtin/discovery_search.rs:8511:9
     |
8511 |         std::fs::write(
     |         ^^^^^^^^^^^^^^
     |
help: remove the unnecessary path segments
     |
8511 -         std::fs::write(
8511 +         fs::write(
     |

warning: unnecessary qualification
    --> crates/local-service/src/builtin/discovery_search.rs:8519:9
     |
8519 |         std::fs::create_dir(&incomplete).expect("simulated interrupted build");
     |         ^^^^^^^^^^^^^^^^^^^
     |
help: remove the unnecessary path segments
     |
8519 -         std::fs::create_dir(&incomplete).expect("simulated interrupted build");
8519 +         fs::create_dir(&incomplete).expect("simulated interrupted build");
     |

warning: unnecessary qualification
    --> crates/local-service/src/builtin/discovery_search.rs:8544:17
     |
8544 |         let _ = std::fs::remove_dir_all(cache);
     |                 ^^^^^^^^^^^^^^^^^^^^^^^
     |
help: remove the unnecessary path segments
     |
8544 -         let _ = std::fs::remove_dir_all(cache);
8544 +         let _ = fs::remove_dir_all(cache);
     |

warning: unnecessary qualification
    --> crates/local-service/src/builtin/discovery_search.rs:8618:17
     |
8618 |         let _ = std::fs::remove_dir_all(cache);
     |                 ^^^^^^^^^^^^^^^^^^^^^^^
     |
help: remove the unnecessary path segments
     |
8618 -         let _ = std::fs::remove_dir_all(cache);
8618 +         let _ = fs::remove_dir_all(cache);
     |

warning: unnecessary qualification
    --> crates/local-service/src/builtin/discovery_search.rs:8713:9
     |
8713 |         std::fs::set_permissions(&latest_root, std::fs::Permissions::from_mode(0o000))
     |         ^^^^^^^^^^^^^^^^^^^^^^^^
     |
help: remove the unnecessary path segments
     |
8713 -         std::fs::set_permissions(&latest_root, std::fs::Permissions::from_mode(0o000))
8713 +         fs::set_permissions(&latest_root, std::fs::Permissions::from_mode(0o000))
     |

warning: unnecessary qualification
    --> crates/local-service/src/builtin/discovery_search.rs:8713:48
     |
8713 |         std::fs::set_permissions(&latest_root, std::fs::Permissions::from_mode(0o000))
     |                                                ^^^^^^^^^^^^^^^^^^^^^^^^^^^^^^^
     |
help: remove the unnecessary path segments
     |
8713 -         std::fs::set_permissions(&latest_root, std::fs::Permissions::from_mode(0o000))
8713 +         std::fs::set_permissions(&latest_root, fs::Permissions::from_mode(0o000))
     |

warning: unnecessary qualification
    --> crates/local-service/src/builtin/discovery_search.rs:8720:9
     |
8720 |         std::fs::set_permissions(&latest_root, std::fs::Permissions::from_mode(0o700))
     |         ^^^^^^^^^^^^^^^^^^^^^^^^
     |
help: remove the unnecessary path segments
     |
8720 -         std::fs::set_permissions(&latest_root, std::fs::Permissions::from_mode(0o700))
8720 +         fs::set_permissions(&latest_root, std::fs::Permissions::from_mode(0o700))
     |

warning: unnecessary qualification
    --> crates/local-service/src/builtin/discovery_search.rs:8720:48
     |
8720 |         std::fs::set_permissions(&latest_root, std::fs::Permissions::from_mode(0o700))
     |                                                ^^^^^^^^^^^^^^^^^^^^^^^^^^^^^^^
     |
help: remove the unnecessary path segments
     |
8720 -         std::fs::set_permissions(&latest_root, std::fs::Permissions::from_mode(0o700))
8720 +         std::fs::set_permissions(&latest_root, fs::Permissions::from_mode(0o700))
     |

warning: unnecessary qualification
    --> crates/local-service/src/builtin/discovery_search.rs:8737:9
     |
8737 |         std::fs::write(&external, b"outside bytes remain unchanged").expect("sentinel");
     |         ^^^^^^^^^^^^^^
     |
help: remove the unnecessary path segments
     |
8737 -         std::fs::write(&external, b"outside bytes remain unchanged").expect("sentinel");
8737 +         fs::write(&external, b"outside bytes remain unchanged").expect("sentinel");
     |

warning: unnecessary qualification
    --> crates/local-service/src/builtin/discovery_search.rs:8739:9
     |
8739 |         std::fs::remove_file(&manifest).expect("remove selected manifest");
     |         ^^^^^^^^^^^^^^^^^^^^
     |
help: remove the unnecessary path segments
     |
8739 -         std::fs::remove_file(&manifest).expect("remove selected manifest");
8739 +         fs::remove_file(&manifest).expect("remove selected manifest");
     |

warning: unnecessary qualification
    --> crates/local-service/src/builtin/discovery_search.rs:8760:13
     |
8760 |             std::fs::symlink_metadata(&manifest)
     |             ^^^^^^^^^^^^^^^^^^^^^^^^^
     |
help: remove the unnecessary path segments
     |
8760 -             std::fs::symlink_metadata(&manifest)
8760 +             fs::symlink_metadata(&manifest)
     |

warning: unnecessary qualification
    --> crates/local-service/src/builtin/discovery_search.rs:8767:13
     |
8767 |             std::fs::read(&external).expect("external target remains unchanged after refusal"),
     |             ^^^^^^^^^^^^^
     |
help: remove the unnecessary path segments
     |
8767 -             std::fs::read(&external).expect("external target remains unchanged after refusal"),
8767 +             fs::read(&external).expect("external target remains unchanged after refusal"),
     |

warning: unnecessary qualification
    --> crates/local-service/src/builtin/discovery_search.rs:8792:13
     |
8792 |             std::fs::read(&external).expect("external target remains readable"),
     |             ^^^^^^^^^^^^^
     |
help: remove the unnecessary path segments
     |
8792 -             std::fs::read(&external).expect("external target remains readable"),
8792 +             fs::read(&external).expect("external target remains readable"),
     |

warning: unnecessary qualification
    --> crates/local-service/src/builtin/discovery_search.rs:8811:17
     |
8811 |         let _ = std::fs::remove_dir_all(cache);
     |                 ^^^^^^^^^^^^^^^^^^^^^^^
     |
help: remove the unnecessary path segments
     |
8811 -         let _ = std::fs::remove_dir_all(cache);
8811 +         let _ = fs::remove_dir_all(cache);
     |

warning: unnecessary qualification
    --> crates/local-service/src/builtin/discovery_search.rs:9619:17
     |
9619 |         let _ = std::fs::remove_file(&path);
     |                 ^^^^^^^^^^^^^^^^^^^^
     |
help: remove the unnecessary path segments
     |
9619 -         let _ = std::fs::remove_file(&path);
9619 +         let _ = fs::remove_file(&path);
     |

warning: unnecessary qualification
    --> crates/local-service/src/builtin/discovery_search.rs:9622:17
     |
9622 |         let _ = std::fs::remove_file(std::path::PathBuf::from(lock_path));
     |                 ^^^^^^^^^^^^^^^^^^^^
     |
help: remove the unnecessary path segments
     |
9622 -         let _ = std::fs::remove_file(std::path::PathBuf::from(lock_path));
9622 +         let _ = fs::remove_file(std::path::PathBuf::from(lock_path));
     |

warning: unnecessary qualification
    --> crates/local-service/src/builtin/discovery_search.rs:9622:38
     |
9622 |         let _ = std::fs::remove_file(std::path::PathBuf::from(lock_path));
     |                                      ^^^^^^^^^^^^^^^^^^^^^^^^
     |
help: remove the unnecessary path segments
     |
9622 -         let _ = std::fs::remove_file(std::path::PathBuf::from(lock_path));
9622 +         let _ = std::fs::remove_file(PathBuf::from(lock_path));
     |

warning: unnecessary qualification
    --> crates/local-service/src/builtin/discovery_search.rs:9679:42
     |
9679 |         let store = DiscoveryStore::open(std::path::PathBuf::from(journal))
     |                                          ^^^^^^^^^^^^^^^^^^^^^^^^
     |
help: remove the unnecessary path segments
     |
9679 -         let store = DiscoveryStore::open(std::path::PathBuf::from(journal))
9679 +         let store = DiscoveryStore::open(PathBuf::from(journal))
     |

warning: unnecessary qualification
   --> crates/local-service/src/builtin/product_state.rs:312:37
    |
312 |                     .unwrap_or_else(backend_engine::AdvisoryPackageDto::unknown);
    |                                     ^^^^^^^^^^^^^^^^^^^^^^^^^^^^^^^^^^^^^^^^^^^
    |
help: remove the unnecessary path segments
    |
312 -                     .unwrap_or_else(backend_engine::AdvisoryPackageDto::unknown);
312 +                     .unwrap_or_else(AdvisoryPackageDto::unknown);
    |

warning: unnecessary qualification
    --> crates/local-service/src/builtin/product_state.rs:1789:20
     |
1789 |     let metadata = backend_library::ForgeRepositoryMetadataRecord {
     |                    ^^^^^^^^^^^^^^^^^^^^^^^^^^^^^^^^^^^^^^^^^^^^^^
     |
help: remove the unnecessary path segments
     |
1789 -     let metadata = backend_library::ForgeRepositoryMetadataRecord {
1789 +     let metadata = ForgeRepositoryMetadataRecord {
     |

warning: unnecessary qualification
    --> crates/local-service/src/builtin/product_state.rs:2858:31
     |
2858 |         continuation: Option<&super::discovery_search::SearchContinuation>,
     |                               ^^^^^^^^^^^^^^^^^^^^^^^^^^^^^^^^^^^^^^^^^^^
     |
help: remove the unnecessary path segments
     |
2858 -         continuation: Option<&super::discovery_search::SearchContinuation>,
2858 +         continuation: Option<&SearchContinuation>,
     |

warning: unnecessary qualification
    --> crates/local-service/src/builtin/product_state.rs:5087:13
     |
5087 |             backend_engine::ProductPackageCoordinate::parse("pkg:cargo/fastpathmarker-one@1.0.0")
     |             ^^^^^^^^^^^^^^^^^^^^^^^^^^^^^^^^^^^^^^^^^^^^^^^
     |
help: remove the unnecessary path segments
     |
5087 -             backend_engine::ProductPackageCoordinate::parse("pkg:cargo/fastpathmarker-one@1.0.0")
5087 +             ProductPackageCoordinate::parse("pkg:cargo/fastpathmarker-one@1.0.0")
     |

warning: unnecessary qualification
    --> crates/local-service/src/builtin/product_state.rs:5300:21
     |
5300 |                     backend_library::RegistrySearchHit::ForgeSourcePin(pin)
     |                     ^^^^^^^^^^^^^^^^^^^^^^^^^^^^^^^^^^^^^^^^^^^^^^^^^^
     |
help: remove the unnecessary path segments
     |
5300 -                     backend_library::RegistrySearchHit::ForgeSourcePin(pin)
5300 +                     RegistrySearchHit::ForgeSourcePin(pin)
     |

warning: unnecessary qualification
    --> crates/local-service/src/builtin/product_state.rs:5321:13
     |
5321 |             backend_engine::ProductPackageCoordinate::parse("pkg:cargo/fastpathmarker-two@1.0.0")
     |             ^^^^^^^^^^^^^^^^^^^^^^^^^^^^^^^^^^^^^^^^^^^^^^^
     |
help: remove the unnecessary path segments
     |
5321 -             backend_engine::ProductPackageCoordinate::parse("pkg:cargo/fastpathmarker-two@1.0.0")
5321 +             ProductPackageCoordinate::parse("pkg:cargo/fastpathmarker-two@1.0.0")
     |

warning: unnecessary qualification
    --> crates/local-service/src/builtin/product_state.rs:5407:9
     |
5407 |         std::fs::OpenOptions::new()
     |         ^^^^^^^^^^^^^^^^^^^^^^^^^
     |
help: remove the unnecessary path segments
     |
5407 -         std::fs::OpenOptions::new()
5407 +         fs::OpenOptions::new()
     |

warning: unnecessary qualification
    --> crates/local-service/src/builtin/product_state.rs:5411:24
     |
5411 |             .set_times(std::fs::FileTimes::new().set_modified(original_modified))
     |                        ^^^^^^^^^^^^^^^^^^^^^^^
     |
help: remove the unnecessary path segments
     |
5411 -             .set_times(std::fs::FileTimes::new().set_modified(original_modified))
5411 +             .set_times(fs::FileTimes::new().set_modified(original_modified))
     |

warning: unnecessary qualification
    --> crates/local-service/src/builtin/product_state.rs:5457:13
     |
5457 |             backend_engine::ProductPackageCoordinate::parse("pkg:cargo/needle@1.0.0")
     |             ^^^^^^^^^^^^^^^^^^^^^^^^^^^^^^^^^^^^^^^^^^^^^^^
     |
help: remove the unnecessary path segments
     |
5457 -             backend_engine::ProductPackageCoordinate::parse("pkg:cargo/needle@1.0.0")
5457 +             ProductPackageCoordinate::parse("pkg:cargo/needle@1.0.0")
     |

warning: unnecessary qualification
    --> crates/local-service/src/builtin/product_state.rs:5571:38
     |
5571 |                     if group.kind == backend_library::RegistrySearchGroupKind::Discovered =>
     |                                      ^^^^^^^^^^^^^^^^^^^^^^^^^^^^^^^^^^^^^^^^^^^^^^^^^^^^
     |
help: remove the unnecessary path segments
     |
5571 -                     if group.kind == backend_library::RegistrySearchGroupKind::Discovered =>
5571 +                     if group.kind == RegistrySearchGroupKind::Discovered =>
     |

warning: unnecessary qualification
    --> crates/local-service/src/builtin/product_state.rs:5595:38
     |
5595 |                     if group.kind == backend_library::RegistrySearchGroupKind::Acquired =>
     |                                      ^^^^^^^^^^^^^^^^^^^^^^^^^^^^^^^^^^^^^^^^^^^^^^^^^^
     |
help: remove the unnecessary path segments
     |
5595 -                     if group.kind == backend_library::RegistrySearchGroupKind::Acquired =>
5595 +                     if group.kind == RegistrySearchGroupKind::Acquired =>
     |

warning: unnecessary qualification
    --> crates/local-service/src/builtin/product_state.rs:5777:17
     |
5777 |                 backend_library::RegistrySearchGroupKind::Acquired
     |                 ^^^^^^^^^^^^^^^^^^^^^^^^^^^^^^^^^^^^^^^^^^^^^^^^^^
     |
help: remove the unnecessary path segments
     |
5777 -                 backend_library::RegistrySearchGroupKind::Acquired
5777 +                 RegistrySearchGroupKind::Acquired
     |

warning: unnecessary qualification
    --> crates/local-service/src/builtin/product_state.rs:5805:13
     |
5805 |             backend_engine::ProductPackageCoordinate::parse("pkg:cargo/rare-needle@2.0.0")
     |             ^^^^^^^^^^^^^^^^^^^^^^^^^^^^^^^^^^^^^^^^^^^^^^^
     |
help: remove the unnecessary path segments
     |
5805 -             backend_engine::ProductPackageCoordinate::parse("pkg:cargo/rare-needle@2.0.0")
5805 +             ProductPackageCoordinate::parse("pkg:cargo/rare-needle@2.0.0")
     |

warning: unnecessary qualification
    --> crates/local-service/src/builtin/product_state.rs:5936:25
     |
5936 |             coordinate: backend_engine::ProductPackageCoordinate::parse(format!(
     |                         ^^^^^^^^^^^^^^^^^^^^^^^^^^^^^^^^^^^^^^^^^^^^^^^
     |
help: remove the unnecessary path segments
     |
5936 -             coordinate: backend_engine::ProductPackageCoordinate::parse(format!(
5936 +             coordinate: ProductPackageCoordinate::parse(format!(
     |

warning: unused import: `std::io::Read as _`
    --> crates/local-service/src/builtin/local_manifest.rs:1260:9
     |
1260 |     use std::io::Read as _;
     |         ^^^^^^^^^^^^^^^^^^

warning: unnecessary qualification
   --> crates/local-service/src/builtin/search_source_page.rs:903:24
    |
903 |         let snapshot = super::store_relation(relation, "empty".to_owned()).expect("snapshot");
    |                        ^^^^^^^^^^^^^^^^^^^^^
    |
help: remove the unnecessary path segments
    |
903 -         let snapshot = super::store_relation(relation, "empty".to_owned()).expect("snapshot");
903 +         let snapshot = store_relation(relation, "empty".to_owned()).expect("snapshot");
    |

warning: unnecessary qualification
   --> crates/local-service/src/builtin/search_source_page.rs:923:24
    |
923 |         let snapshot = super::store_relation(relation, "miskeyed".to_owned()).expect("snapshot");
    |                        ^^^^^^^^^^^^^^^^^^^^^
    |
help: remove the unnecessary path segments
    |
923 -         let snapshot = super::store_relation(relation, "miskeyed".to_owned()).expect("snapshot");
923 +         let snapshot = store_relation(relation, "miskeyed".to_owned()).expect("snapshot");
    |

warning: unnecessary qualification
    --> crates/local-service/src/builtin/search_source_page.rs:1011:24
     |
1011 |         let snapshot = super::store_relation(relation, "missing-membership-page".to_owned())
     |                        ^^^^^^^^^^^^^^^^^^^^^
     |
help: remove the unnecessary path segments
     |
1011 -         let snapshot = super::store_relation(relation, "missing-membership-page".to_owned())
1011 +         let snapshot = store_relation(relation, "missing-membership-page".to_owned())
     |

warning: unnecessary qualification
    --> crates/local-service/src/builtin/search_source_page.rs:1039:13
     |
1039 |             super::store_relation(relation, "orphan-membership-page".to_owned()).expect("snapshot");
     |             ^^^^^^^^^^^^^^^^^^^^^
     |
help: remove the unnecessary path segments
     |
1039 -             super::store_relation(relation, "orphan-membership-page".to_owned()).expect("snapshot");
1039 +             store_relation(relation, "orphan-membership-page".to_owned()).expect("snapshot");
     |

warning: unnecessary qualification
    --> crates/local-service/src/query/remote.rs:1962:21
     |
1962 |         let stamp = std::time::SystemTime::now()
     |                     ^^^^^^^^^^^^^^^^^^^^^^^^^^
     |
help: remove the unnecessary path segments
     |
1962 -         let stamp = std::time::SystemTime::now()
1962 +         let stamp = SystemTime::now()
     |

warning: unnecessary qualification
    --> crates/local-service/src/query/remote.rs:1963:29
     |
1963 |             .duration_since(std::time::UNIX_EPOCH)
     |                             ^^^^^^^^^^^^^^^^^^^^^
     |
help: remove the unnecessary path segments
     |
1963 -             .duration_since(std::time::UNIX_EPOCH)
1963 +             .duration_since(UNIX_EPOCH)
     |

warning: unnecessary qualification
    --> crates/local-service/src/query/remote.rs:2036:21
     |
2036 |         let stamp = std::time::SystemTime::now()
     |                     ^^^^^^^^^^^^^^^^^^^^^^^^^^
     |
help: remove the unnecessary path segments
     |
2036 -         let stamp = std::time::SystemTime::now()
2036 +         let stamp = SystemTime::now()
     |

warning: unnecessary qualification
    --> crates/local-service/src/query/remote.rs:2037:29
     |
2037 |             .duration_since(std::time::UNIX_EPOCH)
     |                             ^^^^^^^^^^^^^^^^^^^^^
     |
help: remove the unnecessary path segments
     |
2037 -             .duration_since(std::time::UNIX_EPOCH)
2037 +             .duration_since(UNIX_EPOCH)
     |

warning: unnecessary qualification
    --> crates/local-service/src/query/remote.rs:2205:21
     |
2205 |         let stamp = std::time::SystemTime::now()
     |                     ^^^^^^^^^^^^^^^^^^^^^^^^^^
     |
help: remove the unnecessary path segments
     |
2205 -         let stamp = std::time::SystemTime::now()
2205 +         let stamp = SystemTime::now()
     |

warning: unnecessary qualification
    --> crates/local-service/src/query/remote.rs:2206:29
     |
2206 |             .duration_since(std::time::UNIX_EPOCH)
     |                             ^^^^^^^^^^^^^^^^^^^^^
     |
help: remove the unnecessary path segments
     |
2206 -             .duration_since(std::time::UNIX_EPOCH)
2206 +             .duration_since(UNIX_EPOCH)
     |

warning: unnecessary qualification
   --> crates/local-service/src/query/tests.rs:185:9
    |
185 |         backend_engine::RowId::Symbol(backend_engine::symbol_key("alpha::prefix")).stable_key();
    |         ^^^^^^^^^^^^^^^^^^^^^^^^^^^^^
    |
help: remove the unnecessary path segments
    |
185 -         backend_engine::RowId::Symbol(backend_engine::symbol_key("alpha::prefix")).stable_key();
185 +         RowId::Symbol(backend_engine::symbol_key("alpha::prefix")).stable_key();
    |

warning: unnecessary qualification
   --> crates/local-service/src/query/tests.rs:199:9
    |
199 |         backend_engine::RowId::Symbol(backend_engine::symbol_key("nowhere::stray")).stable_key();
    |         ^^^^^^^^^^^^^^^^^^^^^^^^^^^^^
    |
help: remove the unnecessary path segments
    |
199 -         backend_engine::RowId::Symbol(backend_engine::symbol_key("nowhere::stray")).stable_key();
199 +         RowId::Symbol(backend_engine::symbol_key("nowhere::stray")).stable_key();
    |

warning: unnecessary qualification
    --> crates/local-service/src/builtin.rs:1015:28
     |
1015 |     filesystem_workspace: &std::path::Path,
     |                            ^^^^^^^^^^^^^^^
     |
help: remove the unnecessary path segments
     |
1015 -     filesystem_workspace: &std::path::Path,
1015 +     filesystem_workspace: &Path,
     |

warning: unnecessary qualification
    --> crates/local-service/src/builtin.rs:1051:28
     |
1051 |     filesystem_workspace: &std::path::Path,
     |                            ^^^^^^^^^^^^^^^
     |
help: remove the unnecessary path segments
     |
1051 -     filesystem_workspace: &std::path::Path,
1051 +     filesystem_workspace: &Path,
     |

warning: unnecessary qualification
    --> crates/local-service/src/builtin.rs:1133:28
     |
1133 |     filesystem_workspace: &std::path::Path,
     |                            ^^^^^^^^^^^^^^^
     |
help: remove the unnecessary path segments
     |
1133 -     filesystem_workspace: &std::path::Path,
1133 +     filesystem_workspace: &Path,
     |

warning: unnecessary qualification
   --> crates/local-service/src/builtin/publication_transport_tests.rs:223:13
    |
223 |     assert!(projection::certificate_for_compact_event(&deltas[0]).is_err());
    |             ^^^^^^^^^^^^^^^^^^^^^^^^^^^^^^^^^^^^^^^^^
    |
help: remove the unnecessary path segments
    |
223 -     assert!(projection::certificate_for_compact_event(&deltas[0]).is_err());
223 +     assert!(certificate_for_compact_event(&deltas[0]).is_err());
    |

warning: unnecessary qualification
    --> crates/local-service/src/builtin.rs:2664:25
     |
2664 |                     Err(std::sync::mpsc::TryRecvError::Empty)
     |                         ^^^^^^^^^^^^^^^^^^^^^^^^^^^^^^^^^^^^
     |
help: remove the unnecessary path segments
     |
2664 -                     Err(std::sync::mpsc::TryRecvError::Empty)
2664 +                     Err(TryRecvError::Empty)
     |

warning: unnecessary qualification
   --> crates/local-service/src/cluster_owner.rs:510:31
    |
510 |         let remaining_names = std::fs::read_dir(&scratch.0)
    |                               ^^^^^^^^^^^^^^^^^
    |
help: remove the unnecessary path segments
    |
510 -         let remaining_names = std::fs::read_dir(&scratch.0)
510 +         let remaining_names = fs::read_dir(&scratch.0)
    |

warning: unnecessary qualification
   --> crates/local-service/src/discovery/package_metadata.rs:621:13
    |
621 |             backend_engine::registry::DiscoveryTimestamp::parse_nuget_catalog_timestamp(time)?;
    |             ^^^^^^^^^^^^^^^^^^^^^^^^^^^^^^^^^^^^^^^^^^^^^^^^^^^^^^^^^^^^^^^^^^^^^^^^^^^
    |
help: remove the unnecessary path segments
    |
621 -             backend_engine::registry::DiscoveryTimestamp::parse_nuget_catalog_timestamp(time)?;
621 +             DiscoveryTimestamp::parse_nuget_catalog_timestamp(time)?;
    |

warning: unnecessary qualification
    --> crates/local-service/src/discovery.rs:2378:13
     |
2378 |             std::time::SystemTime::now()
     |             ^^^^^^^^^^^^^^^^^^^^^^^^^^
     |
help: remove the unnecessary path segments
     |
2378 -             std::time::SystemTime::now()
2378 +             SystemTime::now()
     |

warning: unnecessary qualification
    --> crates/local-service/src/discovery.rs:2379:33
     |
2379 |                 .duration_since(std::time::UNIX_EPOCH)
     |                                 ^^^^^^^^^^^^^^^^^^^^^
     |
help: remove the unnecessary path segments
     |
2379 -                 .duration_since(std::time::UNIX_EPOCH)
2379 +                 .duration_since(UNIX_EPOCH)
     |

warning: unnecessary qualification
    --> crates/local-service/src/discovery.rs:2581:22
     |
2581 |         let server = std::thread::spawn(move || {
     |                      ^^^^^^^^^^^^^^^^^^
     |
help: remove the unnecessary path segments
     |
2581 -         let server = std::thread::spawn(move || {
2581 +         let server = thread::spawn(move || {
     |

warning: unnecessary qualification
    --> crates/local-service/src/discovery.rs:2595:29
     |
2595 | ...                   std::thread::sleep(Duration::from_millis(5));
     |                       ^^^^^^^^^^^^^^^^^^
     |
help: remove the unnecessary path segments
     |
2595 -                             std::thread::sleep(Duration::from_millis(5));
2595 +                             thread::sleep(Duration::from_millis(5));
     |

warning: unnecessary qualification
    --> crates/local-service/src/discovery.rs:2658:22
     |
2658 |         let server = std::thread::spawn(move || {
     |                      ^^^^^^^^^^^^^^^^^^
     |
help: remove the unnecessary path segments
     |
2658 -         let server = std::thread::spawn(move || {
2658 +         let server = thread::spawn(move || {
     |

warning: unnecessary qualification
    --> crates/local-service/src/discovery.rs:2866:26
     |
2866 |         let mut hasher = backend_engine::blake3::Hasher::new();
     |                          ^^^^^^^^^^^^^^^^^^^^^^^^^^^^^^^^^^^
     |
help: remove the unnecessary path segments
     |
2866 -         let mut hasher = backend_engine::blake3::Hasher::new();
2866 +         let mut hasher = blake3::Hasher::new();
     |

warning: unnecessary qualification
   --> crates/local-service/src/listener.rs:998:22
    |
998 |         let waiter = super::ResponseWaiter::for_stream(&owner).expect("response capability");
    |                      ^^^^^^^^^^^^^^^^^^^^^^^^^^^^^^^^^
    |
help: remove the unnecessary path segments
    |
998 -         let waiter = super::ResponseWaiter::for_stream(&owner).expect("response capability");
998 +         let waiter = ResponseWaiter::for_stream(&owner).expect("response capability");
    |

warning: unnecessary qualification
    --> crates/local-service/src/listener.rs:1014:9
     |
1014 |         std::io::Read::read_exact(&mut client, &mut reply)
     |         ^^^^^^^^^^^^^^^^^^^^^^^^^
     |
help: remove the unnecessary path segments
     |
1014 -         std::io::Read::read_exact(&mut client, &mut reply)
1014 +         io::Read::read_exact(&mut client, &mut reply)
     |

warning: unnecessary qualification
    --> crates/local-service/src/listener.rs:2078:23
     |
2078 |             shutdown: super::ListenerShutdown,
     |                       ^^^^^^^^^^^^^^^^^^^^^^^
     |
help: remove the unnecessary path segments
     |
2078 -             shutdown: super::ListenerShutdown,
2078 +             shutdown: ListenerShutdown,
     |

warning: unnecessary qualification
    --> crates/local-service/src/listener.rs:2079:28
     |
2079 |             worker: Option<thread::JoinHandle<Result<usize, super::ListenerError>>>,
     |                            ^^^^^^^^^^^^^^^^^^^^^^^^^^^^^^^^^^^^^^^^^^^^^^^^^^^^^^^
     |
help: remove the unnecessary path segments
     |
2079 -             worker: Option<thread::JoinHandle<Result<usize, super::ListenerError>>>,
2079 +             worker: Option<JoinHandle<Result<usize, super::ListenerError>>>,
     |

warning: unnecessary qualification
    --> crates/local-service/src/listener.rs:2079:61
     |
2079 |             worker: Option<thread::JoinHandle<Result<usize, super::ListenerError>>>,
     |                                                             ^^^^^^^^^^^^^^^^^^^^
     |
help: remove the unnecessary path segments
     |
2079 -             worker: Option<thread::JoinHandle<Result<usize, super::ListenerError>>>,
2079 +             worker: Option<thread::JoinHandle<Result<usize, ListenerError>>>,
     |

warning: unnecessary qualification
    --> crates/local-service/src/listener.rs:2130:30
     |
2130 |                 .is_some_and(thread::JoinHandle::is_finished),
     |                              ^^^^^^^^^^^^^^^^^^^^^^^^^^^^^^^
     |
help: remove the unnecessary path segments
     |
2130 -                 .is_some_and(thread::JoinHandle::is_finished),
2130 +                 .is_some_and(JoinHandle::is_finished),
     |

warning: unnecessary qualification
    --> crates/local-service/src/listener.rs:2158:30
     |
2158 |                 .is_some_and(thread::JoinHandle::is_finished)
     |                              ^^^^^^^^^^^^^^^^^^^^^^^^^^^^^^^
     |
help: remove the unnecessary path segments
     |
2158 -                 .is_some_and(thread::JoinHandle::is_finished)
2158 +                 .is_some_and(JoinHandle::is_finished)
     |

warning: unnecessary qualification
    --> crates/local-service/src/listener.rs:2166:30
     |
2166 |                 .is_some_and(thread::JoinHandle::is_finished),
     |                              ^^^^^^^^^^^^^^^^^^^^^^^^^^^^^^^
     |
help: remove the unnecessary path segments
     |
2166 -                 .is_some_and(thread::JoinHandle::is_finished),
2166 +                 .is_some_and(JoinHandle::is_finished),
     |

warning: unnecessary qualification
  --> crates/local-service/src/service/tests.rs:44:47
   |
44 |     let request = EngineRequest::Subscription(backend_engine::LocalSubscriptionRequest {
   |                                               ^^^^^^^^^^^^^^^^^^^^^^^^^^^^^^^^^^^^^^^^
   |
help: remove the unnecessary path segments
   |
44 -     let request = EngineRequest::Subscription(backend_engine::LocalSubscriptionRequest {
44 +     let request = EngineRequest::Subscription(LocalSubscriptionRequest {
   |

warning: variable does not need to be mutable
    --> crates/local-service/src/builtin/profile.rs:1336:13
     |
1336 |         let mut intent = Self::new_with_version(
     |             ----^^^^^^
     |             |
     |             help: remove this `mut`
     |
     = note: `#[warn(unused_mut)]` (part of `#[warn(unused)]`) on by default

warning: variable does not need to be mutable
   --> crates/local-service/src/builtin/staged_intent.rs:712:5
    |
712 |     mut visit: impl FnMut(EvidenceKind, &[u8]) -> Result<(), StoreError>,
    |     ----^^^^^
    |     |
    |     help: remove this `mut`

warning: unused variable: `capture_relation`
   --> crates/local-service/src/builtin/view_build/semantic.rs:543:9
    |
543 |     let capture_relation = semantic_capture_relation(snapshot)
    |         ^^^^^^^^^^^^^^^^ help: if this is intentional, prefix it with an underscore: `_capture_relation`
    |
    = note: `#[warn(unused_variables)]` (part of `#[warn(unused)]`) on by default

warning: unused variable: `frontier`
    --> crates/local-service/src/builtin/view_publish.rs:1089:13
     |
1089 |         let frontier =
     |             ^^^^^^^^ help: if this is intentional, prefix it with an underscore: `_frontier`

warning: variable does not need to be mutable
    --> crates/local-service/src/builtin/commands/adapter.rs:2368:17
     |
2368 |             let mut terminal;
     |                 ----^^^^^^^^
     |                 |
     |                 help: remove this `mut`

warning: variable does not need to be mutable
    --> crates/local-service/src/builtin/commands/adapter.rs:2370:17
     |
2370 |             let mut terminal_compiler_profile = None;
     |                 ----^^^^^^^^^^^^^^^^^^^^^^^^^
     |                 |
     |                 help: remove this `mut`

warning: variable does not need to be mutable
    --> crates/local-service/src/builtin/product_state.rs:5198:13
     |
5198 |         let mut publisher = backend_engine::ForgeAcquisitionService::open(
     |             ----^^^^^^^^^
     |             |
     |             help: remove this `mut`

warning: function `scan_project_with_policy` is never used
    --> crates/local-service/src/builtin/ingest.rs:1594:15
     |
1594 | pub(super) fn scan_project_with_policy(
     |               ^^^^^^^^^^^^^^^^^^^^^^^^
     |
     = note: `#[warn(dead_code)]` (part of `#[warn(unused)]`) on by default

warning: function `compiler_languages` is never used
    --> crates/local-service/src/builtin/ingest.rs:2200:4
     |
2200 | fn compiler_languages() -> [Language; 7] {
     |    ^^^^^^^^^^^^^^^^^^

warning: associated items `remove_project_with_semantics` and `with_capture_changes` are never used
    --> crates/local-service/src/builtin/profile.rs:701:19
     |
 604 | impl BuiltinIntent {
     | ------------------ associated items in this implementation
...
 701 |     pub(super) fn remove_project_with_semantics(
     |                   ^^^^^^^^^^^^^^^^^^^^^^^^^^^^^
...
1101 |     pub(super) fn with_capture_changes(
     |                   ^^^^^^^^^^^^^^^^^^^^

warning: variant `NotConfigured` is never constructed
   --> crates/local-service/src/builtin/cluster_dispatch.rs:510:5
    |
496 | pub(crate) enum ClusterDispatchError {
    |                 -------------------- variant in this enum
...
510 |     NotConfigured,
    |     ^^^^^^^^^^^^^
    |
    = note: `ClusterDispatchError` has a derived impl for the trait `Debug`, but this is intentionally ignored during dead code analysis

warning: fields `namespace_id`, `worker_address`, `worker_grant`, and `stored` are never read
   --> crates/local-service/src/builtin/cluster_dispatch.rs:883:16
    |
881 | pub(crate) struct PendingStoredCompilerResult {
    |                   --------------------------- fields in this struct
882 |     pub(crate) assignment: CompilerAssignment,
883 |     pub(crate) namespace_id: [u8; 16],
    |                ^^^^^^^^^^^^
884 |     pub(crate) worker_address: EndpointAddr,
    |                ^^^^^^^^^^^^^^
885 |     pub(crate) worker_grant: TrustedCompilerWorkerGrant,
    |                ^^^^^^^^^^^^
886 |     pub(crate) stored: backend_engine::compiler_cluster_transport::StoredRemoteCompilerResult,
    |                ^^^^^^
    |
    = note: `PendingStoredCompilerResult` has derived impls for the traits `Debug` and `Clone`, but these are intentionally ignored during dead code analysis

warning: fields `worker_incarnation`, `capacity_revision`, `input_objects`, `have_objects`, and `have_payload_bytes` are never read
    --> crates/local-service/src/builtin/cluster_dispatch.rs:1010:9
     |
1000 | pub(crate) struct OwnerRemoteCompilerProbeMeasurements {
     |                   ------------------------------------ fields in this struct
...
1010 |     pub worker_incarnation: [u8; 32],
     |         ^^^^^^^^^^^^^^^^^^
1011 |     /// Capacity revision returned by the current worker snapshot.
1012 |     pub capacity_revision: [u8; 16],
     |         ^^^^^^^^^^^^^^^^^
1013 |     /// Owner-verified input closure inventory member count.
1014 |     pub input_objects: u32,
     |         ^^^^^^^^^^^^^
...
1018 |     pub have_objects: u32,
     |         ^^^^^^^^^^^^
1019 |     /// Exact bytes already present in worker CAS.
1020 |     pub have_payload_bytes: u64,
     |         ^^^^^^^^^^^^^^^^^^
     |
     = note: `OwnerRemoteCompilerProbeMeasurements` has derived impls for the traits `Debug` and `Clone`, but these are intentionally ignored during dead code analysis

warning: field `evidence` is never read
    --> crates/local-service/src/builtin/cluster_dispatch.rs:1203:9
     |
1201 |     Remote {
     |     ------ field in this variant
1202 |         assignment: CompilerAssignmentLease,
1203 |         evidence: CompilerDispatchCostEvidence,
     |         ^^^^^^^^

warning: field `evidence` is never read
    --> crates/local-service/src/builtin/cluster_dispatch.rs:1208:9
     |
1206 |     LocalFallback {
     |     ------------- field in this variant
1207 |         reason: CompilerLocalFallbackReason,
1208 |         evidence: CompilerDispatchCostEvidence,
     |         ^^^^^^^^

warning: field `evidence` is never read
    --> crates/local-service/src/builtin/cluster_dispatch.rs:1213:9
     |
1211 |     OfflineUnavailable {
     |     ------------------ field in this variant
1212 |         reason: CompilerLocalFallbackReason,
1213 |         evidence: CompilerDispatchCostEvidence,
     |         ^^^^^^^^

warning: field `deadline_unix_ms` is never read
    --> crates/local-service/src/builtin/cluster_dispatch.rs:1270:5
     |
1264 | pub(crate) struct RecoveredCompilerAssignment {
     |                   --------------------------- field in this struct
...
1270 |     deadline_unix_ms: u64,
     |     ^^^^^^^^^^^^^^^^

warning: methods `assignment`, `namespace_id`, `capture`, `input_admission`, and `worker_grant` are never used
    --> crates/local-service/src/builtin/cluster_dispatch.rs:1276:25
     |
1273 | impl RecoveredCompilerAssignment {
     | -------------------------------- methods in this implementation
...
1276 |     pub(crate) const fn assignment(&self) -> CompilerAssignment {
     |                         ^^^^^^^^^^
...
1282 |     pub(crate) const fn namespace_id(&self) -> [u8; 16] {
     |                         ^^^^^^^^^^^^
...
1288 |     pub(crate) const fn capture(&self) -> &CapturedFullWorkspaceV2 {
     |                         ^^^^^^^
...
1294 |     pub(crate) const fn input_admission(&self) -> &VerifiedCompilerInputAdmission {
     |                         ^^^^^^^^^^^^^^^
...
1300 |     pub(crate) const fn worker_grant(&self) -> &TrustedCompilerWorkerGrant {
     |                         ^^^^^^^^^^^^

warning: field `0` is never read
    --> crates/local-service/src/builtin/cluster_dispatch.rs:1314:13
     |
1314 |     Retired(ControlResultRetired),
     |     ------- ^^^^^^^^^^^^^^^^^^^^
     |     |
     |     field in this variant
     |
help: consider changing the field to be of unit type to suppress this warning while preserving the field numbering, or remove the field
     |
1314 -     Retired(ControlResultRetired),
1314 +     Retired(()),
     |

warning: variant `NoResultMaintenanceUnavailable` is never constructed
    --> crates/local-service/src/builtin/cluster_dispatch.rs:1368:5
     |
1346 | pub(crate) enum CompilerLocalFallbackReason {
     |                 --------------------------- variant in this enum
...
1368 |     NoResultMaintenanceUnavailable,
     |     ^^^^^^^^^^^^^^^^^^^^^^^^^^^^^^
     |
     = note: `CompilerLocalFallbackReason` has derived impls for the traits `Debug` and `Clone`, but these are intentionally ignored during dead code analysis

warning: function `millis_per_mib` is never used
    --> crates/local-service/src/builtin/cluster_dispatch.rs:2187:4
     |
2187 | fn millis_per_mib(elapsed_ms: u64, bytes: u64) -> Option<u64> {
     |    ^^^^^^^^^^^^^^

warning: methods `owner_address`, `acknowledge_stored`, and `reject_unselected_stored` are never used
    --> crates/local-service/src/builtin/cluster_dispatch.rs:2615:19
     |
2436 | impl OwnerCompilerClusterRuntime {
     | -------------------------------- methods in this implementation
...
2615 |     pub(crate) fn owner_address(&self) -> &EndpointAddr {
     |                   ^^^^^^^^^^^^^
...
4486 |     pub(crate) fn acknowledge_stored(
     |                   ^^^^^^^^^^^^^^^^^^
...
4527 |     pub(crate) fn reject_unselected_stored(
     |                   ^^^^^^^^^^^^^^^^^^^^^^^^

warning: methods `journal_id`, `disposition`, `closure_id`, `expected_peer`, `worker_address`, and `scope` are never used
   --> crates/local-service/src/builtin/pending_stored.rs:433:25
    |
431 | impl PreparedResultDisposition {
    | ------------------------------ methods in this implementation
432 |     #[must_use]
433 |     pub(crate) const fn journal_id(self) -> [u8; 32] {
    |                         ^^^^^^^^^^
...
438 |     pub(crate) const fn disposition(
    |                         ^^^^^^^^^^^
...
445 |     pub(crate) const fn closure_id(self) -> [u8; 32] {
    |                         ^^^^^^^^^^
...
450 |     pub(crate) const fn expected_peer(self) -> EndpointId {
    |                         ^^^^^^^^^^^^^
...
455 |     pub(crate) const fn worker_address(self) -> SocketAddr {
    |                         ^^^^^^^^^^^^^^
...
460 |     pub(crate) const fn scope(self) -> AssignmentScope {
    |                         ^^^^^

warning: field `id` is never read
   --> crates/local-service/src/builtin/pending_stored.rs:534:16
    |
533 | pub(crate) struct OfferedReservationClaims {
    |                   ------------------------ field in this struct
534 |     pub(crate) id: [u8; 32],
    |                ^^
    |
    = note: `OfferedReservationClaims` has derived impls for the traits `Debug` and `Clone`, but these are intentionally ignored during dead code analysis

warning: associated items `read_gc_retention_closure_ids` and `pending_ack_count` are never used
    --> crates/local-service/src/builtin/pending_stored.rs:1491:19
     |
1424 | impl PendingStoredAckJournal {
     | ---------------------------- associated items in this implementation
...
1491 |     pub(crate) fn read_gc_retention_closure_ids(
     |                   ^^^^^^^^^^^^^^^^^^^^^^^^^^^^^
...
1673 |     pub(crate) fn pending_ack_count(&self) -> usize {
     |                   ^^^^^^^^^^^^^^^^^

warning: variant `SeekPayload` is never constructed
  --> crates/local-service/src/builtin/s3_publication.rs:92:5
   |
88 | pub(super) enum RemoteHydrationOperation {
   |                 ------------------------ variant in this enum
...
92 |     SeekPayload,
   |     ^^^^^^^^^^^
   |
   = note: `RemoteHydrationOperation` has a derived impl for the trait `Debug`, but this is intentionally ignored during dead code analysis

warning: struct `VerifiedRemoteSegmentSet` is never constructed
   --> crates/local-service/src/builtin/s3_publication.rs:298:19
    |
298 | pub(super) struct VerifiedRemoteSegmentSet {
    |                   ^^^^^^^^^^^^^^^^^^^^^^^^

warning: methods `closure` and `object_ids` are never used
   --> crates/local-service/src/builtin/s3_publication.rs:304:25
    |
303 | impl VerifiedRemoteSegmentSet {
    | ----------------------------- methods in this implementation
304 |     pub(super) const fn closure(&self) -> ClosureId {
    |                         ^^^^^^^
...
308 |     pub(super) fn object_ids(&self) -> &[[u8; 32]] {
    |                   ^^^^^^^^^^

warning: method `verified_remote_segments` is never used
   --> crates/local-service/src/builtin/s3_publication.rs:399:8
    |
331 | pub(super) trait SelectedClosurePublisher: Send + Sync {
    |                  ------------------------ method in this trait
...
399 |     fn verified_remote_segments(
    |        ^^^^^^^^^^^^^^^^^^^^^^^^

warning: method `verified_remote_segments_from_s3` is never used
   --> crates/local-service/src/builtin/s3_publication/receipt.rs:121:19
    |
  3 | impl S3ClosurePublisher {
    | ----------------------- method in this implementation
...
121 |     pub(super) fn verified_remote_segments_from_s3(
    |                   ^^^^^^^^^^^^^^^^^^^^^^^^^^^^^^^^

warning: function `pin_object_ids` is never used
   --> crates/local-service/src/builtin/semantic_authority.rs:285:4
    |
285 | fn pin_object_ids(
    |    ^^^^^^^^^^^^^^

warning: methods `committed` and `matches_committed_selection` are never used
   --> crates/local-service/src/builtin/semantic_authority.rs:686:8
    |
517 | impl SelectedClosureImageLoader {
    | ------------------------------- methods in this implementation
...
686 |     fn committed(
    |        ^^^^^^^^^
...
706 |     pub(super) fn matches_committed_selection(
    |                   ^^^^^^^^^^^^^^^^^^^^^^^^^^^

warning: field `workspace` is never read
    --> crates/local-service/src/builtin/semantic_authority.rs:1279:5
     |
1276 | pub(crate) struct SemanticAuthority {
     |                   ----------------- field in this struct
...
1279 |     workspace: PathBuf,
     |     ^^^^^^^^^

warning: methods `collect_garbage`, `collect_garbage_with_remote_segments`, and `prepare_product_selections` are never used
    --> crates/local-service/src/builtin/semantic_authority.rs:2137:19
     |
1296 | impl SemanticAuthority {
     | ---------------------- methods in this implementation
...
2137 |     pub(crate) fn collect_garbage(&self, limits: GcLimits) -> Result<GcReport, BuiltinModelError> {
     |                   ^^^^^^^^^^^^^^^
...
2144 |     fn collect_garbage_with_remote_segments(
     |        ^^^^^^^^^^^^^^^^^^^^^^^^^^^^^^^^^^^^
...
3298 |     pub(crate) fn prepare_product_selections(
     |                   ^^^^^^^^^^^^^^^^^^^^^^^^^^

warning: function `artifact_object_claim` is never used
    --> crates/local-service/src/builtin/semantic_authority.rs:4042:4
     |
4042 | fn artifact_object_claim(object: &TypedObject) -> Result<ArtifactObjectClaim, BuiltinModelError> {
     |    ^^^^^^^^^^^^^^^^^^^^^

warning: method `serve_range` is never used
    --> crates/local-service/src/builtin/versioned_planes.rs:1830:19
     |
1664 | impl<'hydrator> VersionedPlaneService<'hydrator> {
     | ------------------------------------------------ method in this implementation
...
1830 |     pub(super) fn serve_range<R: VersionedPlaneSelectionResolver>(
     |                   ^^^^^^^^^^^

warning: variant `NoMissingRange` is never constructed
    --> crates/local-service/src/builtin/versioned_planes.rs:2172:5
     |
2140 | pub(super) enum VersionedPlaneServiceError {
     |                 -------------------------- variant in this enum
...
2172 |     NoMissingRange,
     |     ^^^^^^^^^^^^^^
     |
     = note: `VersionedPlaneServiceError` has derived impls for the traits `Debug` and `Clone`, but these are intentionally ignored during dead code analysis

warning: field `label` is never read
    --> crates/local-service/src/builtin/commands/diff.rs:2749:13
     |
2748 |         struct RowEvidence {
     |                ----------- field in this struct
2749 |             label: String,
     |             ^^^^^
     |
     = note: `RowEvidence` has derived impls for the traits `Debug` and `Clone`, but these are intentionally ignored during dead code analysis

warning: function `index_project_intent` is never used
  --> crates/local-service/src/builtin/commands/index.rs:48:15
   |
48 | pub(super) fn index_project_intent(
   |               ^^^^^^^^^^^^^^^^^^^^

warning: function `index_project_intent_with_cluster` is never used
  --> crates/local-service/src/builtin/commands/index.rs:70:15
   |
70 | pub(super) fn index_project_intent_with_cluster(
   |               ^^^^^^^^^^^^^^^^^^^^^^^^^^^^^^^^^

warning: function `prepare_index_project` is never used
   --> crates/local-service/src/builtin/commands/index.rs:125:15
    |
125 | pub(super) fn prepare_index_project(
    |               ^^^^^^^^^^^^^^^^^^^^^

warning: variant `Complete` is never constructed
    --> crates/local-service/src/builtin/commands/index.rs:2715:5
     |
2707 | enum ReadSetCompleteness {
     |      ------------------- variant in this enum
...
2715 |     Complete(ExactInputWitness),
     |     ^^^^^^^^
     |
     = note: `ReadSetCompleteness` has a derived impl for the trait `Clone`, but this is intentionally ignored during dead code analysis

warning: field `0` is never read
    --> crates/local-service/src/builtin/commands/index.rs:5918:28
     |
5918 |     ObservationInvalidated(&'a backend_extension_turso::AttemptInvalidatedByObservationProof),
     |     ---------------------- ^^^^^^^^^^^^^^^^^^^^^^^^^^^^^^^^^^^^^^^^^^^^^^^^^^^^^^^^^^^^^^^^^
     |     |
     |     field in this variant
     |
     = note: `StaleOfferedAuthorization` has a derived impl for the trait `Clone`, but this is intentionally ignored during dead code analysis
help: consider changing the field to be of unit type to suppress this warning while preserving the field numbering, or remove the field
     |
5918 -     ObservationInvalidated(&'a backend_extension_turso::AttemptInvalidatedByObservationProof),
5918 +     ObservationInvalidated(()),
     |

warning: field `acceptance_sequence` is never read
   --> crates/local-service/src/builtin/commands/index_operation.rs:219:5
    |
216 | struct OperationRow {
    |        ------------ field in this struct
...
219 |     acceptance_sequence: i64,
    |     ^^^^^^^^^^^^^^^^^^^

warning: fields `error` and `local` are never read
   --> crates/local-service/src/builtin/commands/index_operation.rs:254:9
    |
253 |     LocalOnly {
    |     --------- fields in this variant
254 |         error: std::io::Error,
    |         ^^^^^
255 |         local: super::journal_readiness::WakeDelivery,
    |         ^^^^^
    |
    = note: `PostCommitHint` has a derived impl for the trait `Debug`, but this is intentionally ignored during dead code analysis

warning: fields `error` and `local` are never read
   --> crates/local-service/src/builtin/commands/index_operation.rs:258:9
    |
257 |     Unavailable {
    |     ----------- fields in this variant
258 |         error: std::io::Error,
    |         ^^^^^
259 |         local: Option<super::journal_readiness::WakeDelivery>,
    |         ^^^^^
    |
    = note: `PostCommitHint` has a derived impl for the trait `Debug`, but this is intentionally ignored during dead code analysis

warning: method `replace_hint_file_for_test` is never used
   --> crates/local-service/src/builtin/commands/index_operation.rs:374:19
    |
263 | impl IndexOperationJournal {
    | -------------------------- method in this implementation
...
374 |     pub(super) fn replace_hint_file_for_test(&mut self, file: File) {
    |                   ^^^^^^^^^^^^^^^^^^^^^^^^^^

warning: method `catalog` is never used
   --> crates/local-service/src/builtin/registry.rs:640:19
    |
533 | impl RegistryGateway {
    | -------------------- method in this implementation
...
640 |     pub(super) fn catalog(&mut self) -> Result<Vec<backend_engine::RegistryPackageRecord>, String> {
    |                   ^^^^^^^

warning: function `observation_witness` is never used
    --> crates/local-service/src/builtin/browse.rs:2499:4
     |
2499 | fn observation_witness(
     |    ^^^^^^^^^^^^^^^^^^^

warning: function `witness` is never used
    --> crates/local-service/src/builtin/browse.rs:7369:4
     |
7369 | fn witness(files: &[PathBuf]) -> [u8; 32] {
     |    ^^^^^^^

warning: associated function `from_acquisition` is never used
   --> crates/local-service/src/builtin/discovery_search.rs:474:19
    |
431 | impl ForgeSearchDocument {
    | ------------------------ associated function in this implementation
...
474 |     pub(crate) fn from_acquisition(result: &ForgeAcquisitionResult) -> Result<Vec<Self>, String> {
    |                   ^^^^^^^^^^^^^^^^

warning: variant `Absent` is never constructed
   --> crates/local-service/src/builtin/discovery_search.rs:603:5
    |
598 | pub(crate) enum SearchStandingEvidence {
    |                 ---------------------- variant in this enum
...
603 |     Absent,
    |     ^^^^^^
    |
    = note: `SearchStandingEvidence` has derived impls for the traits `Debug` and `Clone`, but these are intentionally ignored during dead code analysis

warning: associated items `open_forge_only` and `sync_forge_only` are never used
    --> crates/local-service/src/builtin/discovery_search.rs:1963:19
     |
1901 | impl DiscoverySearchIndex {
     | ------------------------- associated items in this implementation
...
1963 |     pub(crate) fn open_forge_only(forge_documents: &[ForgeSearchDocument]) -> Result<Self, String> {
     |                   ^^^^^^^^^^^^^^^
...
2256 |     pub(crate) fn sync_forge_only(
     |                   ^^^^^^^^^^^^^^^

warning: method `revision` is never used
    --> crates/local-service/src/builtin/discovery_search.rs:3102:25
     |
3013 | impl LocalDeclarationSearchIndex {
     | -------------------------------- method in this implementation
...
3102 |     pub(crate) const fn revision(&self) -> Option<ViewStateRoot> {
     |                         ^^^^^^^^

warning: method `replace_document_with_ecosystem` is never used
    --> crates/local-service/src/builtin/discovery_search.rs:4947:19
     |
4789 | impl<K: Clone> TextSearchIndex<K> {
     | --------------------------------- method in this implementation
...
4947 |     pub(super) fn replace_document_with_ecosystem<'a>(
     |                   ^^^^^^^^^^^^^^^^^^^^^^^^^^^^^^^

warning: function `row_matches_index_query` is never used
    --> crates/local-service/src/builtin/product_state.rs:2476:4
     |
2476 | fn row_matches_index_query(row: &Row, query: &str) -> bool {
     |    ^^^^^^^^^^^^^^^^^^^^^^^

warning: method `search_page_after` is never used
    --> crates/local-service/src/builtin/product_state.rs:2853:8
     |
2750 | impl CatalogLookupIndex {
     | ----------------------- method in this implementation
...
2853 |     fn search_page_after(
     |        ^^^^^^^^^^^^^^^^^

warning: method `page_after` is never used
   --> crates/local-service/src/builtin/product_state/catalog_search.rs:265:19
    |
 49 | impl CatalogSearchIndex {
    | ----------------------- method in this implementation
...
265 |     pub(super) fn page_after(
    |                   ^^^^^^^^^^

warning: method `workspace_root` is never used
    --> crates/local-service/src/query/local.rs:1427:19
     |
 993 | impl QueryCoordinator {
     | --------------------- method in this implementation
...
1427 |     pub(crate) fn workspace_root(&self) -> WorkspaceRoot {
     |                   ^^^^^^^^^^^^^^

warning: field `0` is never read
  --> crates/local-service/src/query/projection_state.rs:74:16
   |
74 |     SharedFile(File),
   |     ---------- ^^^^
   |     |
   |     field in this variant
   |
help: consider changing the field to be of unit type to suppress this warning while preserving the field numbering, or remove the field
   |
74 -     SharedFile(File),
74 +     SharedFile(()),
   |

warning: method `count` is never used
   --> crates/local-service/src/query/projection_state.rs:828:8
    |
827 | impl Membership<'_> {
    | ------------------- method in this implementation
828 |     fn count(&self) -> usize {
    |        ^^^^^

warning: function `append_row_once_if_present` is never used
   --> crates/local-service/src/builtin/projection.rs:873:4
    |
873 | fn append_row_once_if_present(root: &ViewRoot, id: RowId, rows: &mut Vec<backend_engine::Row>) {
    |    ^^^^^^^^^^^^^^^^^^^^^^^^^^

warning: field `0` is never read
  --> crates/local-service/src/discovery.rs:70:8
   |
70 |     Io(io::Error),
   |     -- ^^^^^^^^^
   |     |
   |     field in this variant
   |
   = note: `DiscoveryStoreError` has a derived impl for the trait `Debug`, but this is intentionally ignored during dead code analysis
help: consider changing the field to be of unit type to suppress this warning while preserving the field numbering, or remove the field
   |
70 -     Io(io::Error),
70 +     Io(()),
   |

warning: method `try_open_quiet` is never used
   --> crates/local-service/src/service/lease/tests.rs:485:19
    |
259 | impl Harness {
    | ------------ method in this implementation
...
485 |     pub(super) fn try_open_quiet(
    |                   ^^^^^^^^^^^^^^

warning: unreachable `pub` item
   --> crates/local-service/src/builtin/staged_transport.rs:470:5
    |
470 |       pub fn validate_control_union(
    |       ^--
    |       |
    |  _____help: consider restricting its visibility: `pub(super)`
    | |
471 | |         &self,
472 | |         controls: &backend_store::ClosureManifest,
473 | |     ) -> Result<(), BuiltinModelError> {
    | |______________________________________^
    |
    = note: requested on the command line with `-W unreachable-pub`

warning: unreachable `pub` item
   --> crates/local-service/src/builtin/staged_transport.rs:477:5
    |
477 |       pub fn validate_membership_union(
    |       ^--
    |       |
    |  _____help: consider restricting its visibility: `pub(super)`
    | |
478 | |         &self,
479 | |         membership: &DurableClosureManifest,
480 | |         controls: &backend_store::ClosureManifest,
481 | |     ) -> Result<(), BuiltinModelError> {
    | |______________________________________^

warning: unreachable `pub` item
   --> crates/local-service/src/builtin/staged_transport.rs:517:5
    |
517 |       pub fn decode(
    |       ^--
    |       |
    |  _____help: consider restricting its visibility: `pub(super)`
    | |
518 | |         bytes: &[u8],
519 | |         store: &FileStore,
520 | |         closure: backend_store::ClosureId,
521 | |     ) -> Result<Arc<Self>, BuiltinModelError> {
    | |_____________________________________________^

warning: unreachable `pub` item
   --> crates/local-service/src/builtin/staged_transport.rs:578:5
    |
578 |     pub fn request(&self) -> [u8; 32] {
    |     ---^^^^^^^^^^^^^^^^^^^^^^^^^^^^^^
    |     |
    |     help: consider restricting its visibility: `pub(super)`

warning: unreachable `pub` item
   --> crates/local-service/src/builtin/staged_transport.rs:581:5
    |
581 |     pub fn encode(&self) -> Vec<u8> {
    |     ---^^^^^^^^^^^^^^^^^^^^^^^^^^^^
    |     |
    |     help: consider restricting its visibility: `pub(super)`

warning: unreachable `pub` item
   --> crates/local-service/src/builtin/staged_transport.rs:596:5
    |
596 |       pub fn hydrate(
    |       ^--
    |       |
    |  _____help: consider restricting its visibility: `pub(super)`
    | |
597 | |         &self,
598 | |         expected: Option<&WorkspaceSnapshot>,
599 | |     ) -> Result<BuiltinIntent, BuiltinModelError> {
    | |_________________________________________________^

warning: `backend-local-service` (lib test) generated 327 warnings (run `cargo fix --lib -p backend-local-service --tests` to apply 270 suggestions)
    Finished `test` profile [unoptimized + debuginfo] target(s) in 8m 52s
     Running `/Users/rmccrar6/codex-worktrees/luna-clippy-warning-cleanup-20261007/.local/build/clippy-current-canonical-20261007/debug/deps/backend_local_service-fb339fe309d09189 unchanged_durable_index_search_revalidates_bytes_and_skips_source_reprojection --test-threads=1 --nocapture`
