warning: resolver for the non root package will be ignored, specify resolver at the workspace root:
package:   /Users/rmccrar6/codex-worktrees/sol61-staged-ingest-20261006/vendor/gpui_ce_components/Cargo.toml
workspace: /Users/rmccrar6/codex-worktrees/sol61-staged-ingest-20261006/Cargo.toml
   Compiling unicode-ident v1.0.24
   Compiling libc v0.2.189
   Compiling serde_core v1.0.229
   Compiling memchr v2.8.3
   Compiling proc-macro2 v1.0.107
   Compiling equivalent v1.0.2
   Compiling foldhash v0.2.0
   Compiling allocator-api2 v0.2.21
   Compiling quote v1.0.47
   Compiling jobserver v0.1.35
   Compiling syn v2.0.119
   Compiling syn v3.0.4
   Compiling hashbrown v0.17.1
   Compiling cc v1.2.67
   Compiling pin-project-lite v0.2.17
   Compiling log v0.4.34
   Compiling once_cell v1.21.4
   Compiling indexmap v2.14.2
   Compiling rustc-hash v2.1.3
   Compiling tracing-core v0.1.36
   Compiling either v1.18.0
   Compiling scopeguard v1.2.0
   Compiling crossbeam-utils v0.8.22
   Compiling lock_api v0.4.14
   Compiling errno v0.3.14
   Compiling crossbeam-epoch v0.9.20
   Compiling synstructure v0.13.2
   Compiling serde_derive v1.0.229
   Compiling tracing-attributes v0.1.31
   Compiling futures-core v0.3.34
   Compiling stable_deref_trait v1.2.1
   Compiling thiserror-impl v2.0.20
   Compiling zerofrom-derive v0.1.7
   Compiling tracing v0.1.44
   Compiling thiserror v2.0.20
   Compiling zerofrom v0.1.8
   Compiling crossbeam-deque v0.8.7
   Compiling yoke-derive v0.8.2
   Compiling regex-syntax v0.8.11
   Compiling serde v1.0.229
   Compiling zerovec-derive v0.11.6
   Compiling smallvec v1.16.0
   Compiling parking_lot_core v0.9.12
   Compiling bytes v1.12.1
   Compiling parking_lot v0.12.5
   Compiling yoke v0.8.3
   Compiling rayon-core v1.13.0
   Compiling displaydoc v0.2.7
   Compiling rand_core v0.10.1
   Compiling zerovec v0.11.8
   Compiling writeable v0.6.4
   Compiling typenum v1.20.1
   Compiling litemap v0.8.3
   Compiling serde_json v1.0.151
   Compiling zerotrie v0.2.5
   Compiling getrandom v0.2.17
   Compiling tinystr v0.8.4
   Compiling potential_utf v0.1.6
   Compiling icu_locale_core v2.3.0
   Compiling aho-corasick v1.1.5
   Compiling utf8_iter v1.0.4
   Compiling socket2 v0.6.5
   Compiling icu_collections v2.3.0
   Compiling ryu v1.0.23
   Compiling regex-automata v0.4.18
   Compiling siphasher v1.0.3
   Compiling unicode-segmentation v1.13.3
   Compiling icu_provider v2.3.1
   Compiling deranged v0.5.8
   Compiling num_threads v0.1.7
   Compiling powerfmt v0.2.0
   Compiling num-conv v0.2.2
   Compiling time-core v0.1.9
   Compiling arrayvec v0.7.8
   Compiling subtle v2.6.1
   Compiling time v0.3.55
   Compiling futures-sink v0.3.34
   Compiling getrandom v0.4.3
   Compiling rand_core v0.6.4
   Compiling futures-io v0.3.34
   Compiling crossbeam-channel v0.5.16
   Compiling rustix v1.1.4
   Compiling slab v0.4.12
   Compiling icu_properties_data v2.3.0
   Compiling icu_normalizer_data v2.3.0
   Compiling futures-channel v0.3.34
   Compiling generic-array v0.14.7
   Compiling chacha20 v0.10.2
   Compiling thin-vec v0.2.19
   Compiling utf16_iter v1.0.5
   Compiling percent-encoding v2.3.2
   Compiling write16 v1.0.0
   Compiling rand v0.10.2
   Compiling icu_properties v2.3.0
   Compiling futures-macro v0.3.34
   Compiling icu_normalizer v2.3.0
   Compiling futures-task v0.3.34
   Compiling futures v0.1.31
   Compiling memoffset v0.9.1
   Compiling byteorder v1.5.0
   Compiling crypto-common v0.1.7
   Compiling rustc-hash v1.1.0
   Compiling fastrand v2.5.0
   Compiling regex v1.13.1
   Compiling rayon v1.12.0
   Compiling zeroize_derive v1.5.0
   Compiling futures-util v0.3.34
   Compiling itertools v0.14.0
   Compiling cpufeatures v0.2.17
   Compiling thread_local v1.1.10
   Compiling zeroize v1.9.0
   Compiling sharded-slab v0.1.7
   Compiling matchers v0.2.0
   Compiling tracing-log v0.2.0
   Compiling nu-ansi-term v0.50.3
   Compiling icu_locale_fallback_data v2.3.0
   Compiling hybrid-array v0.4.15
   Compiling core-foundation-sys v0.8.7
   Compiling tracing-subscriber v0.3.23
   Compiling icu_locale_fallback v2.3.0
   Compiling num-traits v0.2.19
   Compiling http v1.5.0
   Compiling castaway v0.2.4
   Compiling sha1_smol v1.0.1
   Compiling cmov v0.5.4
   Compiling static_assertions v1.1.0
   Compiling block-buffer v0.12.1
   Compiling crypto-common v0.2.2
   Compiling ctutils v0.4.2
   Compiling convert_case v0.10.0
   Compiling signal-hook-registry v1.4.8
   Compiling tokio-macros v2.7.2
   Compiling itertools v0.15.0
   Compiling mio v1.2.3
   Compiling derive_more-impl v2.1.1
   Compiling digest v0.11.3
   Compiling derive-where v1.6.1
   Compiling tokio v1.53.1
   Compiling zerocopy-derive v0.8.56
   Compiling proc-macro-utils v0.10.0
   Compiling derive_more v2.1.1
   Compiling ring v0.17.14
   Compiling zerocopy v0.8.56
   Compiling uuid v1.26.0
   Compiling inout v0.1.4
   Compiling unicode-width v0.2.2
   Compiling base64 v0.22.1
   Compiling hex v0.4.3
   Compiling cipher v0.4.4
   Compiling syn v1.0.109
   Compiling num-integer v0.1.47
   Compiling rustls-pki-types v1.15.1
   Compiling universal-hash v0.5.1
   Compiling blake3 v1.8.7
   Compiling memmap2 v0.9.11
   Compiling untrusted v0.9.0
   Compiling opaque-debug v0.3.1
   Compiling hashbrown v0.14.5
   Compiling polyval v0.6.2
   Compiling manyhow-macros v0.11.4
   Compiling quote-use-macros v0.8.4
   Compiling constant_time_eq v0.4.2
   Compiling manyhow v0.11.4
   Compiling quote-use v0.8.4
   Compiling ghash v0.5.1
   Compiling aes v0.8.4
   Compiling ctr v0.9.2
   Compiling aead v0.5.2
   Compiling arc-swap v1.9.2
   Compiling home v0.5.12
   Compiling minimal-lexical v0.2.1
   Compiling attribute-derive-macro v0.10.5
   Compiling aes-gcm v0.10.3
   Compiling getrandom v0.3.4
   Compiling compact_str v0.9.1
   Compiling tempfile v3.27.0
   Compiling strum_macros v0.28.0
   Compiling libloading v0.8.9
   Compiling portable-atomic v1.15.0
   Compiling attribute-derive v0.10.5
   Compiling httparse v1.10.1
   Compiling dashmap v6.2.1
   Compiling syn-mid v0.5.4
   Compiling clang-sys v1.9.1
   Compiling rand v0.8.8
   Compiling strum v0.28.0
   Compiling rustls v0.23.45
   Compiling simdutf8 v0.1.5
   Compiling num-bigint v0.4.8
   Compiling proc-macro-error-attr v0.4.12
   Compiling rand_core v0.9.5
   Compiling ppv-lite86 v0.2.21
   Compiling bytemuck_derive v1.12.0
   Compiling rustls-webpki v0.103.15
   Compiling base64 v0.23.1
   Compiling winnow v0.7.15
   Compiling proc-macro-error v0.4.12
   Compiling rand_chacha v0.9.0
   Compiling bytemuck v1.25.2
   Compiling nom v7.1.3
   Compiling rustix v0.38.44
   Compiling iana-time-zone v0.1.65
   Compiling strum_macros v0.26.4
   Compiling miette-derive v7.6.0
   Compiling turso_macros v0.8.0-pre.11
   Compiling ordermap v1.2.2
   Compiling simsimd v6.5.16
   Compiling aegis v0.9.15
   Compiling unicode-width v0.1.14
   Compiling bumpalo v3.20.3
   Compiling miette v7.6.0
   Compiling bindgen v0.69.5
   Compiling strum v0.26.3
   Compiling cexpr v0.6.0
   Compiling which v4.4.2
   Compiling chrono v0.4.45
   Compiling genawaiter-proc-macro v0.99.1
   Compiling rand v0.9.5
   Compiling camino v1.2.5
   Compiling icu_collator_data v2.3.0
   Compiling icu_locale_data v2.3.0
   Compiling prettyplease v0.2.37
   Compiling backend-platform v0.2.0 (/Users/rmccrar6/codex-worktrees/sol61-staged-ingest-20261006/crates/platform)
   Compiling bstr v1.13.1
   Compiling aristo-macros v0.4.1
   Compiling itertools v0.12.1
   Compiling softaes v0.1.5
   Compiling genawaiter-macro v0.99.1
   Compiling same-file v1.0.6
   Compiling aristo v0.4.1
   Compiling genawaiter v0.99.1
   Compiling walkdir v2.5.0
   Compiling icu_locale v2.3.1
   Compiling icu_collator v2.3.1
   Compiling turso_ext v0.8.0-pre.11
   Compiling crc32c v0.6.8
   Compiling branches v0.4.6
   Compiling turso_parser v0.8.0-pre.11
   Compiling uncased v0.9.10
   Compiling bigdecimal v0.4.10
   Compiling typeid v1.0.3
   Compiling pack1 v1.1.0
   Compiling roaring v0.11.5
   Compiling backend-version v0.2.0 (/Users/rmccrar6/codex-worktrees/sol61-staged-ingest-20261006/crates/version)
   Compiling fastbloom v0.14.1
   Compiling intrusive-collections v0.9.7
   Compiling twox-hash v2.1.4
   Compiling polling v3.11.0
   Compiling rapidhash v4.5.1
   Compiling jod-thread v1.0.0
   Compiling allocator-api2 v0.4.0
   Compiling fallible-iterator v0.3.0
   Compiling cfg_block v0.1.1
   Compiling ra_ap_stdx v0.0.341
   Compiling turso_core v0.8.0-pre.11
   Compiling turso_sdk_kit v0.8.0-pre.11
   Compiling globset v0.4.20
   Compiling fearless_simd v0.7.0
   Compiling prost-derive v0.14.4
   Compiling env_filter v2.0.0
   Compiling unicode-properties v0.1.4
   Compiling drop_bomb v0.1.5
   Compiling inventory v0.3.24
   Compiling strsim v0.11.1
   Compiling text-size v1.1.1
   Compiling symlink v0.1.0
   Compiling tracing-appender v0.2.5
   Compiling prost v0.14.4
   Compiling backend-store v0.2.0 (/Users/rmccrar6/codex-worktrees/sol61-staged-ingest-20261006/crates/store)
   Compiling ra-ap-rustc_lexer v0.165.0
   Compiling env_logger v0.11.11
   Compiling crc32fast v1.5.1
   Compiling ra_ap_paths v0.0.341
   Compiling tree-sitter-language v0.1.8
   Compiling webpki-roots v1.0.9
   Compiling idna_adapter v1.2.2
   Compiling turso_sdk_kit_macros v0.8.0-pre.11
   Compiling nohash-hasher v0.2.0
   Compiling rustc-literal-escaper v0.0.7
   Compiling idna v1.1.0
   Compiling fst v0.4.7
   Compiling form_urlencoded v1.2.2
   Compiling countme v3.0.1
   Compiling triomphe v0.1.16
   Compiling simd-adler32 v0.3.10
   Compiling ra_ap_edition v0.0.341
   Compiling rowan v0.15.19
   Compiling ra_ap_parser v0.0.341
   Compiling ra_ap_vfs v0.0.341
   Compiling darling_core v0.24.1
   Compiling url v2.5.8
   Compiling salsa-macros v0.27.2
   Compiling crossbeam-queue v0.3.13
   Compiling hashlink v0.12.2
   Compiling salsa-macro-rules v0.27.2
   Compiling boxcar v0.2.14
   Compiling smol_str v0.3.6
   Compiling intrusive-collections v0.10.3
   Compiling adler2 v2.0.1
   Compiling miniz_oxide v0.9.1
   Compiling salsa v0.27.2
   Compiling ra_ap_syntax v0.0.341
   Compiling darling_macro v0.24.1
   Compiling backend-flow v0.2.0 (/Users/rmccrar6/codex-worktrees/sol61-staged-ingest-20261006/crates/flow)
   Compiling get-size-derive2 v0.9.0
   Compiling block-buffer v0.10.4
   Compiling filetime v0.2.29
   Compiling la-arena v0.3.1
   Compiling zlib-rs v0.6.7
   Compiling winnow v1.0.4
   Compiling toml_parser v1.1.3+spec-1.1.0
   Compiling flate2 v1.1.10
   Compiling ra_ap_span v0.0.341
   Compiling digest v0.10.7
   Compiling get-size2 v0.9.0
   Compiling rand_chacha v0.3.1
   Compiling darling v0.24.1
   Compiling wasm-bindgen-shared v0.2.127
   Compiling ra_ap_intern v0.0.341
   Compiling ref-cast-impl v1.0.27
   Compiling tinyvec_macros v0.1.1
   Compiling tinyvec v1.13.2
   Compiling wasm-bindgen-macro-support v0.2.127
   Compiling ra_ap_tt v0.0.341
   Compiling ref-cast v1.0.27
   Compiling ruff_text_size v0.0.0 (https://github.com/astral-sh/ruff/?rev=db5aa0a5f1b92cb91d910bf0866a967554dd94f5#db5aa0a5)
   Compiling ureq-proto v0.6.2
   Compiling phf_shared v0.14.0
   Compiling phf_shared v0.11.3
   Compiling is-macro v0.3.8
   Compiling ena v0.14.4
   Compiling hashbrown v0.16.1
   Compiling utf8-zero v0.8.1
   Compiling utf8parse v0.2.2
   Compiling ureq v3.4.0
   Compiling phf_generator v0.11.3
   Compiling tree-sitter v0.27.0
   Compiling wasm-bindgen-macro v0.2.127
   Compiling icu_segmenter_data v2.3.0
   Compiling ignore v0.4.33
   Compiling serde_bytes v0.11.19
   Compiling anstyle v1.0.14
   Compiling fixedbitset v0.5.7
   Compiling web-time v1.1.0
   Compiling icu_segmenter v2.3.0
   Compiling wasm-bindgen v0.2.127
   Compiling phf_codegen v0.11.3
   Compiling ruff_source_file v0.0.0 (https://github.com/astral-sh/ruff/?rev=db5aa0a5f1b92cb91d910bf0866a967554dd94f5#db5aa0a5)
   Compiling sha2 v0.10.9
   Compiling zstd-sys v2.1.0+zstd.1.5.7
   Compiling tokio-util v0.7.19
   Compiling getopts v0.2.24
   Compiling dupe_derive v0.9.1
   Compiling notify-types v2.1.0
   Compiling semver v1.0.28
   Compiling fsevent-sys v4.1.0
   Compiling smawk v0.3.3
   Compiling anstyle-query v1.1.5
   Compiling colorchoice v1.0.5
   Compiling link-section v0.19.3
   Compiling streaming-iterator v0.1.9
   Compiling maplit v1.0.2
   Compiling is_terminal_polyfill v1.70.2
   Compiling ctor v1.0.13
   Compiling textwrap v0.16.3
   Compiling dupe v0.9.1
   Compiling notify v8.2.0
   Compiling unicode_names2_generator v1.3.0
   Compiling psm v0.1.32
   Compiling http-body v1.1.0
   Compiling futures-executor v0.3.34
   Compiling structmeta-derive v0.2.0
   Compiling strong_hash_derive v0.1.0
   Compiling pin-project-internal v1.1.13
   Compiling ra-ap-rustc_index_macros v0.165.0
   Compiling oxc-miette-derive v3.0.1
   Compiling thiserror-impl v1.0.69
   Compiling allocative_derive v0.3.6
   Compiling oxc_data_structures v0.139.0
   Compiling seahash v4.1.0
   Compiling atomic-waker v1.1.2
   Compiling parking v2.2.1
   Compiling owo-colors v4.4.0
   Compiling base64ct v1.8.3
   Compiling pem-rfc7468 v1.0.0
   Compiling oxc-miette v3.0.1
   Compiling futures-lite v2.6.1
   Compiling allocative v0.3.6
   Compiling phf_generator v0.14.0
   Compiling ruff_cache v0.0.0 (https://github.com/astral-sh/ruff/?rev=db5aa0a5f1b92cb91d910bf0866a967554dd94f5#db5aa0a5)
   Compiling oxc_allocator v0.139.0
   Compiling thiserror v1.0.69
   Compiling pin-project v1.1.13
   Compiling ra-ap-rustc_index v0.165.0
   Compiling structmeta v0.2.0
   Compiling strong_hash v0.1.0
   Compiling unicode_names2 v1.3.0
   Compiling tsz-common v0.1.75 (/Users/rmccrar6/codex-worktrees/sol61-staged-ingest-20261006/third_party/tsz/crates/tsz-common)
   Compiling ruff_python_trivia v0.0.0 (https://github.com/astral-sh/ruff/?rev=db5aa0a5f1b92cb91d910bf0866a967554dd94f5#db5aa0a5)
   Compiling phf v0.14.0
   Compiling ra_ap_cfg v0.0.341
   Compiling serde_with_macros v3.24.0
   Compiling fxhash v0.2.1
   Compiling serde_repr v0.1.21
   Compiling n0-error-macros v1.0.1
   Compiling ra_ap_query-group-macro v0.0.341
   Compiling spez v0.1.2
   Compiling stacker v0.1.25
   Compiling regex-syntax v0.7.5
   Compiling turso_sync_engine v0.8.0-pre.11
   Compiling objc2-encode v4.1.0
   Compiling rustc-stable-hash v0.1.2
   Compiling const-oid v0.10.2
   Compiling oxc_estree v0.139.0
   Compiling tower-service v0.3.3
   Compiling ipnet v2.12.2
   Compiling try-lock v0.2.5
   Compiling atomic v0.5.3
   Compiling want v0.3.1
   Compiling lock_free_hashtable v0.1.4
   Compiling oxc_str v0.139.0
   Compiling der v0.8.2
   Compiling ra-ap-rustc_hashes v0.165.0
   Compiling objc2 v0.6.4
   Compiling zstd-safe v7.3.0
   Compiling parse-display-derive v0.8.2
   Compiling turso_sync_sdk_kit v0.8.0-pre.11
   Compiling n0-error v1.0.1
   Compiling ra_ap_base_db v0.0.341
   Compiling phf v0.11.3
   Compiling starlark_map v0.14.2
   Compiling serde_with v3.24.0
   Compiling tsz-scanner v0.1.75 (/Users/rmccrar6/codex-worktrees/sol61-staged-ingest-20261006/third_party/tsz/crates/tsz-scanner)
   Compiling oxc_ast_macros v0.139.0
   Compiling ruff_python_ast v0.0.0 (https://github.com/astral-sh/ruff/?rev=db5aa0a5f1b92cb91d910bf0866a967554dd94f5#db5aa0a5)
   Compiling turso v0.8.0-pre.10
   Compiling backend-semantic v0.2.0 (/Users/rmccrar6/codex-worktrees/sol61-staged-ingest-20261006/crates/semantic)
   Compiling fs-err v2.11.0
   Compiling serde_bser v0.4.0
   Compiling phf_macros v0.14.0
   Compiling futures v0.3.34
   Compiling anstyle-parse v0.2.7
   Compiling anstyle-parse v1.0.0
   Compiling ruff_diagnostics v0.0.0 (https://github.com/astral-sh/ruff/?rev=db5aa0a5f1b92cb91d910bf0866a967554dd94f5#db5aa0a5)
   Compiling ra_ap_syntax-bridge v0.0.341
   Compiling tokio-util v0.6.10
   Compiling core-foundation v0.10.0
   Compiling path-dedot v3.1.1
   Compiling os_str_bytes v7.2.1
   Compiling cow-utils v0.1.3
   Compiling ucd-trie v0.1.7
   Compiling bitflags v1.3.2
   Compiling cordyceps v0.3.5
   Compiling spin v0.10.1
   Compiling httpdate v1.0.3
   Compiling cov-mark v2.2.0
   Compiling diatomic-waker v0.2.3
   Compiling ra_ap_mbe v0.0.341
   Compiling futures-buffered v0.2.13
   Compiling hyper v1.11.1
   Compiling lsp-types v0.95.2 (https://github.com/yangdanny97/lsp-types?rev=395d6bfcd6c3696a64cfe9cd93b86f981fb85112#395d6bfc)
   Compiling argfile v0.2.1
   Compiling path-absolutize v3.1.1
   Compiling watchman_client v0.9.0
   Compiling backend-compile v0.2.0 (/Users/rmccrar6/codex-worktrees/sol61-staged-ingest-20261006/crates/compile)
   Compiling ruff_notebook v0.0.0 (https://github.com/astral-sh/ruff/?rev=db5aa0a5f1b92cb91d910bf0866a967554dd94f5#db5aa0a5)
   Compiling anstream v1.0.0
   Compiling anstream v0.6.21
   Compiling oxc_span v0.139.0
   Compiling tsz-parser v0.1.75 (/Users/rmccrar6/codex-worktrees/sol61-staged-ingest-20261006/third_party/tsz/crates/tsz-parser)
   Compiling parse-display v0.8.2
   Compiling spki v0.8.0
   Compiling ra-ap-rustc_abi v0.165.0
   Compiling static_interner v0.1.3
   Compiling unicode-normalization v0.1.25
   Compiling tokio-rustls v0.26.5
   Compiling get-size-derive2 v0.10.3
   Compiling compact_str v0.10.0
   Compiling security-framework-sys v2.17.0
   Compiling terminal_size v0.4.4
   Compiling vec1 v1.12.1
   Compiling sync_wrapper v1.0.2
   Compiling toml_datetime v1.1.1+spec-1.1.0
   Compiling serde_spanned v1.1.1
   Compiling memory-stats v1.2.0
   Compiling base16ct v1.0.0
   Compiling tower-layer v0.3.3
   Compiling clap_lex v1.1.1
   Compiling toml_writer v1.1.2+spec-1.1.0
   Compiling index_vec v0.1.4
   Compiling yansi v1.0.1
   Compiling nonmax v0.5.5
   Compiling pathdiff v0.2.3
   Compiling unicase v2.9.0
   Compiling append-only-vec v0.1.8
   Compiling human_bytes v0.4.3
   Compiling unicode-id-start v1.4.0
   Compiling clap_builder v4.6.7
   Compiling pyrefly_util v1.2.0-dev.1 (https://github.com/facebook/pyrefly?rev=30b5ca5250db9f2d9264d5e889662cf1224a75b7#30b5ca52)
   Compiling oxc_index v5.0.0
   Compiling tower v0.5.3
   Compiling serdect v0.4.3
   Compiling tsz-binder v0.1.75 (/Users/rmccrar6/codex-worktrees/sol61-staged-ingest-20261006/third_party/tsz/crates/tsz-binder)
   Compiling get-size2 v0.10.3
   Compiling security-framework v3.7.0
   Compiling pkcs8 v0.11.0
   Compiling zstd v0.13.3
   Compiling n0-future v0.3.2
   Compiling dragonbox_ecma v0.1.12
   Compiling hyper-util v0.1.20
   Compiling rustc_apfloat v0.2.3+llvm-462a31f5a5ab
   Compiling ra_ap_hir_expand v0.0.341
   Compiling oxc_diagnostics v0.139.0
   Compiling dispatch2 v0.3.1
   Compiling block2 v0.6.2
   Compiling fs4 v0.13.1
   Compiling clap_derive v4.6.7
   Compiling signature v3.0.0
   Compiling cobs v0.3.0
   Compiling ra-ap-rustc_type_ir_macros v0.165.0
   Compiling postcard-derive v0.2.2
   Compiling enum-iterator-derive v1.5.0
   Compiling cpufeatures v0.3.1
   Compiling ra-ap-rustc_ast_ir v0.165.0
   Compiling foldhash v0.1.5
   Compiling toml_edit v0.25.13+spec-1.1.0
   Compiling hashbrown v0.15.5
   Compiling enum-iterator v2.3.0
   Compiling clap v4.6.7
   Compiling data-encoding-macro-internal v0.1.19
   Compiling ra-ap-rustc_type_ir v0.165.0
   Compiling sha2 v0.11.0
   Compiling postcard v1.1.3
   Compiling ed25519 v3.0.0
   Compiling objc2-core-foundation v0.3.2
   Compiling oxc_regular_expression v0.139.0
   Compiling hyper-rustls v0.27.9
   Compiling xattr v1.6.1
   Compiling oxc_syntax v0.139.0
   Compiling tsz-solver v0.1.75 (/Users/rmccrar6/codex-worktrees/sol61-staged-ingest-20261006/third_party/tsz/crates/tsz-solver)
   Compiling rustls-platform-verifier v0.7.0
   Compiling curve25519-dalek v5.0.0
   Compiling nix v0.30.1
   Compiling crunchy v0.2.4
   Compiling tower-http v0.6.11
   Compiling system-configuration-sys v0.6.0
   Compiling toml v1.1.5+spec-1.1.0
   Compiling ruff_python_parser v0.0.0 (https://github.com/astral-sh/ruff/?rev=db5aa0a5f1b92cb91d910bf0866a967554dd94f5#db5aa0a5)
   Compiling http-body-util v0.1.5
   Compiling ra-ap-rustc_parse_format v0.165.0
   Compiling toml_datetime v0.6.11
   Compiling serde_spanned v0.6.9
   Compiling ownedbytes v0.9.0
   Compiling async-trait v0.1.92
   Compiling toml_write v0.1.2
   Compiling data-encoding v2.11.1
   Compiling toml_edit v0.22.27
   Compiling data-encoding-macro v0.1.21
   Compiling tantivy-common v0.11.0
   Compiling pyrefly_python v1.2.0-dev.1 (https://github.com/facebook/pyrefly?rev=30b5ca5250db9f2d9264d5e889662cf1224a75b7#30b5ca52)
   Compiling ra_ap_hir_def v0.0.341 (/Users/rmccrar6/codex-worktrees/sol61-staged-ingest-20261006/vendor/ra_ap_hir_def)
   Compiling reqwest v0.13.5
   Compiling system-configuration v0.8.0
   Compiling backend-replication v0.2.0 (/Users/rmccrar6/codex-worktrees/sol61-staged-ingest-20261006/crates/replication)
warning: unused import: `history::TypedV3HistoryPublicationSnapshot`
   --> crates/replication/src/ir_generation_store.rs:146:16
    |
146 | pub(crate) use history::TypedV3HistoryPublicationSnapshot;
    |                ^^^^^^^^^^^^^^^^^^^^^^^^^^^^^^^^^^^^^^^^^^
    |
    = note: `#[warn(unused_imports)]` (part of `#[warn(unused)]`) on by default

warning: unnecessary qualification
    --> crates/replication/src/ir_hydration_store/history_v3.rs:1438:26
     |
1438 |             .with_gc_pin(std::sync::Arc::new(guard))
     |                          ^^^^^^^^^^^^^^^^^^^
     |
     = note: requested on the command line with `-W unused-qualifications`
help: remove the unnecessary path segments
     |
1438 -             .with_gc_pin(std::sync::Arc::new(guard))
1438 +             .with_gc_pin(Arc::new(guard))
     |

warning: unnecessary qualification
    --> crates/replication/src/ir_hydration_store/history_v3.rs:1652:13
     |
1652 |             std::sync::Arc::new(pin.into_guard()),
     |             ^^^^^^^^^^^^^^^^^^^
     |
help: remove the unnecessary path segments
     |
1652 -             std::sync::Arc::new(pin.into_guard()),
1652 +             Arc::new(pin.into_guard()),
     |

warning: unused imports: `TypedV3HistoryAdmissionMetrics`, `TypedV3HistoryAdmission`, and `TypedV3HistoryGcPin`
  --> crates/replication/src/ir_hydration_store.rs:67:5
   |
67 |     TypedV3HistoryAdmission, TypedV3HistoryAdmissionMetrics, TypedV3HistoryGcPin,
   |     ^^^^^^^^^^^^^^^^^^^^^^^  ^^^^^^^^^^^^^^^^^^^^^^^^^^^^^^  ^^^^^^^^^^^^^^^^^^^

   Compiling ed25519-dalek v3.0.0
   Compiling bitpacking v0.9.3
   Compiling ra-ap-rustc_next_trait_solver v0.165.0
warning: methods `manifest_root` and `plane_root` are never used
   --> crates/replication/src/ir_generation_store.rs:232:25
    |
203 | impl HistoricalSemanticPlaneBinding {
    | ----------------------------------- methods in this implementation
...
232 |     pub(crate) const fn manifest_root(self) -> SemanticManifestRoot {
    |                         ^^^^^^^^^^^^^
...
238 |     pub(crate) const fn plane_root(self) -> SemanticPlaneRoot {
    |                         ^^^^^^^^^^
    |
    = note: `#[warn(dead_code)]` (part of `#[warn(unused)]`) on by default

warning: function `append_history_index_entry_typed` is never used
   --> crates/replication/src/ir_generation_store/history/codec.rs:679:15
    |
679 | pub(crate) fn append_history_index_entry_typed(
    |               ^^^^^^^^^^^^^^^^^^^^^^^^^^^^^^^^

warning: associated functions `from_produced` and `from_selected_native_history` are never used
   --> crates/replication/src/ir_generation_store/history/v3.rs:223:19
    |
219 | impl TypedV3HistoryLocator {
    | -------------------------- associated functions in this implementation
...
223 |     pub(crate) fn from_produced(
    |                   ^^^^^^^^^^^^^
...
233 |     pub(crate) fn from_selected_native_history(
    |                   ^^^^^^^^^^^^^^^^^^^^^^^^^^^^

warning: function `stage_typed_v3_locator_bytes` is never used
   --> crates/replication/src/ir_generation_store/history/v3.rs:501:4
    |
501 | fn stage_typed_v3_locator_bytes(
    |    ^^^^^^^^^^^^^^^^^^^^^^^^^^^^

warning: methods `stage_typed_v3_locator`, `finish_typed_v3_locator_admission`, and `typed_v3_locator` are never used
   --> crates/replication/src/ir_generation_store/history/v3.rs:665:19
    |
657 | impl LocalSemanticGenerationFiles {
    | --------------------------------- methods in this implementation
...
665 |     pub(crate) fn stage_typed_v3_locator(
    |                   ^^^^^^^^^^^^^^^^^^^^^^
...
689 |     pub(crate) fn finish_typed_v3_locator_admission(
    |                   ^^^^^^^^^^^^^^^^^^^^^^^^^^^^^^^^^
...
733 |     pub(crate) fn typed_v3_locator(
    |                   ^^^^^^^^^^^^^^^^

warning: fields `root_claim` and `metrics` are never read
   --> crates/replication/src/ir_hydration_store/history_v3.rs:743:5
    |
736 | pub(crate) struct TypedV3HistoryAdmission<'pin> {
    |                   ----------------------- fields in this struct
...
743 |     root_claim: HistoryTypedV3RootClaim,
    |     ^^^^^^^^^^
744 |     metrics: TypedV3HistoryAdmissionMetrics,
    |     ^^^^^^^

warning: methods `root_claim` and `metrics` are never used
   --> crates/replication/src/ir_hydration_store/history_v3.rs:756:25
    |
747 | impl TypedV3HistoryAdmission<'_> {
    | -------------------------------- methods in this implementation
...
756 |     pub(crate) const fn root_claim(&self) -> HistoryTypedV3RootClaim {
    |                         ^^^^^^^^^^
...
764 |     pub(crate) const fn metrics(&self) -> TypedV3HistoryAdmissionMetrics {
    |                         ^^^^^^^

warning: methods `verify_produced_typed_v3` and `verify_produced_typed_v3_content` are never used
   --> crates/replication/src/ir_hydration_store/history_v3.rs:808:19
    |
777 | impl FileSemanticRangeStore {
    | --------------------------- methods in this implementation
...
808 |     pub(crate) fn verify_produced_typed_v3<'pin>(
    |                   ^^^^^^^^^^^^^^^^^^^^^^^^
...
837 |     pub(crate) fn verify_produced_typed_v3_content<'pin>(
    |                   ^^^^^^^^^^^^^^^^^^^^^^^^^^^^^^^^

warning: fields `segment_pins`, `jumbo_pin`, `encoding_metrics`, `segment_store_metrics`, `jumbo_store_metrics`, and `verifier_io_metrics` are never read
    --> crates/replication/src/ir_producer_store.rs:1595:5
     |
1589 | pub(crate) struct ProducedSelectedNativeTypedPlaneHistoryV3 {
     |                   ----------------------------------------- fields in this struct
...
1595 |     segment_pins: Vec<DurableSemanticObjectPin>,
     |     ^^^^^^^^^^^^
1596 |     jumbo_pin: DurableSemanticObjectPin,
     |     ^^^^^^^^^
1597 |     encoding_metrics: [CanonicalPlaneEncodingMetrics; TYPED_V2_FAMILY_COUNT],
     |     ^^^^^^^^^^^^^^^^
1598 |     segment_store_metrics: [SemanticProducerStoreMetrics; TYPED_V2_FAMILY_COUNT],
     |     ^^^^^^^^^^^^^^^^^^^^^
1599 |     jumbo_store_metrics: SemanticProducerStoreMetrics,
     |     ^^^^^^^^^^^^^^^^^^^
1600 |     verifier_io_metrics: SemanticProducerVerifierIoMetrics,
     |     ^^^^^^^^^^^^^^^^^^^

warning: methods `segment_pins` and `jumbo_pin` are never used
    --> crates/replication/src/ir_producer_store.rs:1624:19
     |
1603 | impl ProducedSelectedNativeTypedPlaneHistoryV3 {
     | ---------------------------------------------- methods in this implementation
...
1624 |     pub(crate) fn segment_pins(&self) -> &[DurableSemanticObjectPin] {
     |                   ^^^^^^^^^^^^
...
1628 |     pub(crate) const fn jumbo_pin(&self) -> &DurableSemanticObjectPin {
     |                         ^^^^^^^^^

warning: field `input_witness` is never read
    --> crates/replication/src/ir_producer_store.rs:1635:5
     |
1633 | struct TypedV3ProducedArtifacts {
     |        ------------------------ field in this struct
1634 |     image_facts: SemanticImageFacts,
1635 |     input_witness: SemanticInputWitness,
     |     ^^^^^^^^^^^^^

warning: function `produce_semantic_typed_plane_v3` is never used
    --> crates/replication/src/ir_producer_store.rs:1656:15
     |
1656 | pub(crate) fn produce_semantic_typed_plane_v3<Reader: SemanticReader + ?Sized>(
     |               ^^^^^^^^^^^^^^^^^^^^^^^^^^^^^^^

   Compiling oxc_ast v0.139.0
warning: `backend-replication` (lib) generated 16 warnings (run `cargo fix --lib -p backend-replication` to apply 4 suggestions)
   Compiling objc2-security v0.3.2
   Compiling tar v0.4.46
   Compiling noq-udp v1.3.0
   Compiling petgraph v0.8.3
   Compiling proc-macro-crate v3.5.0
   Compiling ra-ap-rustc_pattern_analysis v0.165.0
   Compiling ruff_text_size v0.0.8
   Compiling backend-discovery v0.2.0 (/Users/rmccrar6/codex-worktrees/sol61-staged-ingest-20261006/crates/discovery)
   Compiling tracing-tree v0.4.1
   Compiling rand_pcg v0.10.2
   Compiling ra_ap_macros v0.0.341
   Compiling enum-assoc v1.4.1
   Compiling simple-dns v0.12.0
   Compiling tikv-jemalloc-sys v0.6.1+5.3.0-1-ge13ca993e8ccb9ba9847cc330696e02839f328f7
   Compiling lru v0.18.4
   Compiling quick-xml v0.42.0
   Compiling utf8-ranges v1.0.5
   Compiling typed-arena v2.0.2
   Compiling lru-slab v0.1.3
   Compiling ra_ap_profile v0.0.341
   Compiling identity-hash v0.1.0
   Compiling sorted-index-buffer v0.2.1
   Compiling oorandom v11.1.5
   Compiling dissimilar v1.0.11
   Compiling ra_ap_hir_ty v0.0.341
   Compiling ra_ap_test_utils v0.0.341
   Compiling noq-proto v1.3.0
   Compiling plist v1.10.1
   Compiling tantivy-fst v0.5.0
   Compiling n0-dns-resolver v0.1.0
   Compiling ruff_source_file v0.0.8
   Compiling num_enum_derive v0.7.6
   Compiling tsz-lowering v0.1.75 (/Users/rmccrar6/codex-worktrees/sol61-staged-ingest-20261006/third_party/tsz/crates/tsz-lowering)
   Compiling pyrefly_bundled v1.2.0-dev.1 (https://github.com/facebook/pyrefly?rev=30b5ca5250db9f2d9264d5e889662cf1224a75b7#30b5ca52)
   Compiling objc2-system-configuration v0.3.2
   Compiling backend-execution v0.2.0 (/Users/rmccrar6/codex-worktrees/sol61-staged-ingest-20261006/crates/execution)
   Compiling tantivy-bitpacker v0.10.0
   Compiling iroh-base v1.2.0
   Compiling toml v0.8.23
   Compiling prettyplease v0.3.0
   Compiling ryu v0.2.8
   Compiling pest v2.9.0
   Compiling tokio-stream v0.1.19
   Compiling num-bigint v0.5.1
   Compiling iroh-metrics-derive v1.0.1
   Compiling async-graphql-value v7.2.1
   Compiling async-stream-impl v0.3.6
   Compiling cargo-platform v0.3.3
   Compiling mac-addr v0.3.0
   Compiling self_cell v1.3.0
   Compiling murmurhash32 v0.3.1
   Compiling itoa v0.4.8
   Compiling serde_jsonrc v0.1.0
   Compiling tantivy-stacker v0.7.0
   Compiling netdev v0.46.3
   Compiling cargo_metadata v0.23.1
   Compiling async-stream v0.3.6
   Compiling ra_ap_hir v0.0.341
   Compiling async-graphql-parser v7.2.1
   Compiling iroh-metrics v1.0.1
   Compiling oxc_ecmascript v0.139.0
   Compiling noq v1.3.0
   Compiling bon-macros v3.10.1
   Compiling backend-advisory v0.2.0 (/Users/rmccrar6/codex-worktrees/sol61-staged-ingest-20261006/crates/advisory)
   Compiling iroh-dns v1.3.0
   Compiling tantivy-sstable v0.7.0
   Compiling tsz-checker v0.1.75 (/Users/rmccrar6/codex-worktrees/sol61-staged-ingest-20261006/third_party/tsz/crates/tsz-checker)
   Compiling num_enum v0.7.6
   Compiling ruff_python_trivia v0.0.8
   Compiling pyrefly_build v1.2.0-dev.1 (https://github.com/facebook/pyrefly?rev=30b5ca5250db9f2d9264d5e889662cf1224a75b7#30b5ca52)
   Compiling erased-serde v0.4.10
   Compiling ra_ap_test_fixture v0.0.341
   Compiling n0-watcher v1.0.0
   Compiling char_str v0.0.2
   Compiling tokio-websockets v0.13.3
   Compiling json5 v1.3.1
   Compiling js-sys v0.3.104
   Compiling line-index v0.1.2
   Compiling ra_ap_toolchain v0.0.341 (/Users/rmccrar6/codex-worktrees/sol61-staged-ingest-20261006/vendor/ra_ap_toolchain)
   Compiling derivative v2.2.0
   Compiling console v0.16.6
   Compiling ordered-float v5.5.0
   Compiling lsp-server v0.7.9
   Compiling opentelemetry v0.32.0
   Compiling convert_case v0.11.0
   Compiling inplace-vec-builder v0.1.1
   Compiling typetag-impl v0.2.23
   Compiling pyrefly_derive v1.2.0-dev.1 (https://github.com/facebook/pyrefly?rev=30b5ca5250db9f2d9264d5e889662cf1224a75b7#30b5ca52)
   Compiling configparser v3.3.0
   Compiling tree-sitter-c-sharp v0.23.5
   Compiling tree-sitter-rust v0.24.2
   Compiling tree-sitter-python v0.25.0
   Compiling tree-sitter-typescript v0.23.2
   Compiling tree-sitter-java v0.23.5
   Compiling tree-sitter-go v0.25.0
   Compiling tree-sitter-cpp v0.23.4
   Compiling downcast-rs v2.0.2
   Compiling temp-dir v0.2.0
   Compiling binary-merge v0.1.2
   Compiling unit-prefix v0.5.2
   Compiling seize v0.5.1
   Compiling fnv v1.0.7
   Compiling fastdivide v0.4.2
   Compiling unty v0.0.4
   Compiling tantivy-columnar v0.7.0
   Compiling bincode v2.0.1
   Compiling tantivy-query-grammar v0.26.0
   Compiling papaya v0.2.5
   Compiling indicatif v0.18.6
   Compiling range-collections v0.4.6
   Compiling ra_ap_project_model v0.0.341 (/Users/rmccrar6/codex-worktrees/sol61-staged-ingest-20261006/vendor/ra_ap_project_model)
   Compiling tsz-lsp v0.1.75 (/Users/rmccrar6/codex-worktrees/sol61-staged-ingest-20261006/third_party/tsz/crates/tsz-lsp)
   Compiling pyrefly_config v1.2.0-dev.1 (https://github.com/facebook/pyrefly?rev=30b5ca5250db9f2d9264d5e889662cf1224a75b7#30b5ca52)
   Compiling pyrefly_types v1.2.0-dev.1 (https://github.com/facebook/pyrefly?rev=30b5ca5250db9f2d9264d5e889662cf1224a75b7#30b5ca52)
   Compiling typetag v0.2.23
   Compiling tsp_types v1.2.0-dev.1 (https://github.com/facebook/pyrefly?rev=30b5ca5250db9f2d9264d5e889662cf1224a75b7#30b5ca52)
   Compiling ra_ap_ide_db v0.0.341
   Compiling serde-wasm-bindgen v0.6.5
   Compiling iroh-relay v1.2.0
   Compiling ruff_python_ast v0.0.8
   Compiling netwatch v0.19.3
   Compiling backend-library v0.2.0 (/Users/rmccrar6/codex-worktrees/sol61-staged-ingest-20261006/crates/library)
   Compiling bon v3.10.1
   Compiling trustfall_core v0.8.1 (https://github.com/philocalyst/trustfall?rev=5a0a8607fc5d972380437289b9a4ad1aa5150b09#5a0a8607)
warning: unnecessary qualification
   --> crates/library/interface/compiler_fragment/nested.rs:845:32
    |
845 |     pub const fn kind(self) -> super::CompilerFragmentNestedFaultKind {
    |                                ^^^^^^^^^^^^^^^^^^^^^^^^^^^^^^^^^^^^^^
    |
    = note: requested on the command line with `-W unused-qualifications`
help: remove the unnecessary path segments
    |
845 -     pub const fn kind(self) -> super::CompilerFragmentNestedFaultKind {
845 +     pub const fn kind(self) -> CompilerFragmentNestedFaultKind {
    |

warning: unnecessary qualification
   --> crates/library/interface/compiler_fragment/nested.rs:860:28
    |
860 |     const fn kind(self) -> super::CompilerFragmentNestedFaultKind {
    |                            ^^^^^^^^^^^^^^^^^^^^^^^^^^^^^^^^^^^^^^
    |
help: remove the unnecessary path segments
    |
860 -     const fn kind(self) -> super::CompilerFragmentNestedFaultKind {
860 +     const fn kind(self) -> CompilerFragmentNestedFaultKind {
    |

warning: unnecessary qualification
   --> crates/library/interface/compiler_fragment/nested.rs:872:28
    |
872 |     const fn kind(self) -> super::CompilerFragmentNestedFaultKind {
    |                            ^^^^^^^^^^^^^^^^^^^^^^^^^^^^^^^^^^^^^^
    |
help: remove the unnecessary path segments
    |
872 -     const fn kind(self) -> super::CompilerFragmentNestedFaultKind {
872 +     const fn kind(self) -> CompilerFragmentNestedFaultKind {
    |

warning: unnecessary qualification
   --> crates/library/interface/compiler_fragment/nested.rs:884:28
    |
884 |     const fn kind(self) -> super::CompilerFragmentNestedFaultKind {
    |                            ^^^^^^^^^^^^^^^^^^^^^^^^^^^^^^^^^^^^^^
    |
help: remove the unnecessary path segments
    |
884 -     const fn kind(self) -> super::CompilerFragmentNestedFaultKind {
884 +     const fn kind(self) -> CompilerFragmentNestedFaultKind {
    |

warning: unnecessary qualification
   --> crates/library/interface/compiler_fragment/nested.rs:894:28
    |
894 |     const fn kind(self) -> super::CompilerFragmentNestedFaultKind {
    |                            ^^^^^^^^^^^^^^^^^^^^^^^^^^^^^^^^^^^^^^
    |
help: remove the unnecessary path segments
    |
894 -     const fn kind(self) -> super::CompilerFragmentNestedFaultKind {
894 +     const fn kind(self) -> CompilerFragmentNestedFaultKind {
    |

warning: unnecessary qualification
   --> crates/library/interface/compiler_fragment/nested.rs:931:28
    |
931 |     const fn kind(self) -> super::CompilerFragmentNestedFaultKind {
    |                            ^^^^^^^^^^^^^^^^^^^^^^^^^^^^^^^^^^^^^^
    |
help: remove the unnecessary path segments
    |
931 -     const fn kind(self) -> super::CompilerFragmentNestedFaultKind {
931 +     const fn kind(self) -> CompilerFragmentNestedFaultKind {
    |

warning: unnecessary qualification
   --> crates/library/interface/compiler_fragment/nested.rs:958:28
    |
958 |     const fn kind(self) -> super::CompilerFragmentNestedFaultKind {
    |                            ^^^^^^^^^^^^^^^^^^^^^^^^^^^^^^^^^^^^^^
    |
help: remove the unnecessary path segments
    |
958 -     const fn kind(self) -> super::CompilerFragmentNestedFaultKind {
958 +     const fn kind(self) -> CompilerFragmentNestedFaultKind {
    |

warning: unnecessary qualification
   --> crates/library/interface/compiler_fragment/nested.rs:980:28
    |
980 |     const fn kind(self) -> super::CompilerFragmentNestedFaultKind {
    |                            ^^^^^^^^^^^^^^^^^^^^^^^^^^^^^^^^^^^^^^
    |
help: remove the unnecessary path segments
    |
980 -     const fn kind(self) -> super::CompilerFragmentNestedFaultKind {
980 +     const fn kind(self) -> CompilerFragmentNestedFaultKind {
    |

warning: unnecessary qualification
   --> crates/library/interface/compiler_fragment/nested.rs:999:28
    |
999 |     const fn kind(self) -> super::CompilerFragmentNestedFaultKind {
    |                            ^^^^^^^^^^^^^^^^^^^^^^^^^^^^^^^^^^^^^^
    |
help: remove the unnecessary path segments
    |
999 -     const fn kind(self) -> super::CompilerFragmentNestedFaultKind {
999 +     const fn kind(self) -> CompilerFragmentNestedFaultKind {
    |

warning: unused import: `CompilerToolIssue`
 --> crates/library/surface.rs:5:53
  |
5 |     CompilerFragmentFaultKind, CompilerToolFailure, CompilerToolIssue, CompilerToolRequirement,
  |                                                     ^^^^^^^^^^^^^^^^^
  |
  = note: `#[warn(unused_imports)]` (part of `#[warn(unused)]`) on by default

warning: unused imports: `PackageAnonymousCallableAnchorFaultFacts` and `PackageAnonymousCallableAnchorPoolFact`
  --> crates/library/surface.rs:27:48
   |
27 |     CompilerNativeToolFact, CompilerStageFact, PackageAnonymousCallableAnchorFaultFacts,
   |                                                ^^^^^^^^^^^^^^^^^^^^^^^^^^^^^^^^^^^^^^^^
28 |     PackageAnonymousCallableAnchorPoolFact, PackageCompilerFailureCause,
   |     ^^^^^^^^^^^^^^^^^^^^^^^^^^^^^^^^^^^^^^

warning: unnecessary qualification
    --> crates/library/surface.rs:3958:31
     |
3958 |         let mut coordinates = std::collections::BTreeSet::new();
     |                               ^^^^^^^^^^^^^^^^^^^^^^^^^^^^^^^
     |
help: remove the unnecessary path segments
     |
3958 -         let mut coordinates = std::collections::BTreeSet::new();
3958 +         let mut coordinates = BTreeSet::new();
     |

   Compiling oxc_ast_visit v0.139.0
warning: unused variable: `ordinal`
   --> crates/library/interface/compiler_fragment.rs:385:75
    |
385 |             CompilerFragmentFault::Prepare(PrepareError::OccurrenceLane { ordinal, fault }) => {
    |                                                                           ^^^^^^^ help: try ignoring the field: `ordinal: _`
    |
    = note: `#[warn(unused_variables)]` (part of `#[warn(unused)]`) on by default

   Compiling tsz-emitter v0.1.75 (/Users/rmccrar6/codex-worktrees/sol61-staged-ingest-20261006/third_party/tsz/crates/tsz-emitter)
   Compiling ra_ap_proc_macro_api v0.0.341
   Compiling pyrefly_graph v1.2.0-dev.1 (https://github.com/facebook/pyrefly?rev=30b5ca5250db9f2d9264d5e889662cf1224a75b7#30b5ca52)
   Compiling iroh-io v0.6.2
   Compiling ra_ap_vfs-notify v0.0.341
warning: missing documentation for a variant
   --> crates/library/interface/compiler_fragment.rs:719:5
    |
719 |     AnonymousCallableName,
    |     ^^^^^^^^^^^^^^^^^^^^^
    |
    = note: requested on the command line with `-W missing-docs`

warning: missing documentation for a variant
   --> crates/library/interface/compiler_fragment.rs:720:5
    |
720 |     Capacity,
    |     ^^^^^^^^

warning: missing documentation for a variant
   --> crates/library/interface/compiler_fragment.rs:721:5
    |
721 |     InvalidTreeEntity,
    |     ^^^^^^^^^^^^^^^^^

warning: missing documentation for a variant
   --> crates/library/interface/compiler_fragment.rs:722:5
    |
722 |     Dangling,
    |     ^^^^^^^^

warning: missing documentation for a variant
   --> crates/library/interface/compiler_fragment.rs:723:5
    |
723 |     RecursiveType,
    |     ^^^^^^^^^^^^^

warning: missing documentation for a variant
   --> crates/library/interface/compiler_fragment.rs:724:5
    |
724 |     CallableElement,
    |     ^^^^^^^^^^^^^^^

warning: missing documentation for a variant
   --> crates/library/interface/compiler_fragment.rs:725:5
    |
725 |     MissingTypedVariadicParameter,
    |     ^^^^^^^^^^^^^^^^^^^^^^^^^^^^^

warning: missing documentation for a variant
   --> crates/library/interface/compiler_fragment.rs:726:5
    |
726 |     EmptyQualifiedPath,
    |     ^^^^^^^^^^^^^^^^^^

warning: missing documentation for a variant
   --> crates/library/interface/compiler_fragment.rs:727:5
    |
727 |     TypeParameterRequirements,
    |     ^^^^^^^^^^^^^^^^^^^^^^^^^

warning: missing documentation for a variant
   --> crates/library/interface/compiler_fragment.rs:728:5
    |
728 |     EmptyCxxQualification,
    |     ^^^^^^^^^^^^^^^^^^^^^

warning: missing documentation for a variant
   --> crates/library/interface/compiler_fragment.rs:729:5
    |
729 |     IllegalCQualifierTarget,
    |     ^^^^^^^^^^^^^^^^^^^^^^^

warning: missing documentation for a variant
   --> crates/library/interface/compiler_fragment.rs:730:5
    |
730 |     IllegalCxxMemberPointerOwner,
    |     ^^^^^^^^^^^^^^^^^^^^^^^^^^^^

warning: missing documentation for a variant
   --> crates/library/interface/compiler_fragment.rs:731:5
    |
731 |     InvalidDocumentationUtf8,
    |     ^^^^^^^^^^^^^^^^^^^^^^^^

warning: missing documentation for a variant
   --> crates/library/interface/compiler_fragment.rs:732:5
    |
732 |     InvalidOccurrenceSpan,
    |     ^^^^^^^^^^^^^^^^^^^^^

warning: missing documentation for a variant
   --> crates/library/interface/compiler_fragment.rs:733:5
    |
733 |     SignatureCarrierRoleCount,
    |     ^^^^^^^^^^^^^^^^^^^^^^^^^

warning: missing documentation for a variant
   --> crates/library/interface/compiler_fragment.rs:734:5
    |
734 |     SignatureCarrierRoleKind,
    |     ^^^^^^^^^^^^^^^^^^^^^^^^

warning: missing documentation for a variant
   --> crates/library/interface/compiler_fragment.rs:735:5
    |
735 |     SignatureCarrierRoleOwnerKind,
    |     ^^^^^^^^^^^^^^^^^^^^^^^^^^^^^

warning: missing documentation for a variant
   --> crates/library/interface/compiler_fragment.rs:736:5
    |
736 |     SignatureCarrierRoleAlreadyCaptured,
    |     ^^^^^^^^^^^^^^^^^^^^^^^^^^^^^^^^^^^

warning: missing documentation for a variant
   --> crates/library/interface/compiler_fragment.rs:737:5
    |
737 |     SignatureCarrierBindingsAlreadyCaptured,
    |     ^^^^^^^^^^^^^^^^^^^^^^^^^^^^^^^^^^^^^^^

warning: missing documentation for a variant
   --> crates/library/interface/compiler_fragment.rs:738:5
    |
738 |     SignatureCarrierBindingOwnerSet,
    |     ^^^^^^^^^^^^^^^^^^^^^^^^^^^^^^^

warning: missing documentation for a variant
   --> crates/library/interface/compiler_fragment.rs:739:5
    |
739 |     SignatureCarrierBindingSignature,
    |     ^^^^^^^^^^^^^^^^^^^^^^^^^^^^^^^^

warning: missing documentation for a variant
   --> crates/library/interface/compiler_fragment.rs:740:5
    |
740 |     SignatureCarrierBindingCounts,
    |     ^^^^^^^^^^^^^^^^^^^^^^^^^^^^^

warning: missing documentation for a variant
   --> crates/library/interface/compiler_fragment.rs:741:5
    |
741 |     SignatureCarrierBindingEdgeRole,
    |     ^^^^^^^^^^^^^^^^^^^^^^^^^^^^^^^

warning: missing documentation for a variant
   --> crates/library/interface/compiler_fragment.rs:742:5
    |
742 |     SignatureCarrierBindingTargetCount,
    |     ^^^^^^^^^^^^^^^^^^^^^^^^^^^^^^^^^^

warning: missing documentation for a variant
   --> crates/library/interface/compiler_fragment.rs:743:5
    |
743 |     SignatureCarrierBindingTargetKind,
    |     ^^^^^^^^^^^^^^^^^^^^^^^^^^^^^^^^^

warning: missing documentation for a variant
   --> crates/library/interface/compiler_fragment.rs:744:5
    |
744 |     SignatureCarrierBindingType,
    |     ^^^^^^^^^^^^^^^^^^^^^^^^^^^

warning: missing documentation for a variant
   --> crates/library/interface/compiler_fragment.rs:745:5
    |
745 |     SignatureCarrierBindingEdgeMismatch,
    |     ^^^^^^^^^^^^^^^^^^^^^^^^^^^^^^^^^^^

warning: missing documentation for a variant
   --> crates/library/interface/compiler_fragment.rs:746:5
    |
746 |     ParentCycle,
    |     ^^^^^^^^^^^

warning: missing documentation for a variant
   --> crates/library/interface/compiler_fragment.rs:747:5
    |
747 |     DeclarationKey,
    |     ^^^^^^^^^^^^^^

warning: missing documentation for a variant
   --> crates/library/interface/compiler_fragment.rs:748:5
    |
748 |     TypedDeclarationKey,
    |     ^^^^^^^^^^^^^^^^^^^

warning: missing documentation for a variant
   --> crates/library/interface/compiler_fragment.rs:749:5
    |
749 |     AnonymousCallableSourceUnavailable,
    |     ^^^^^^^^^^^^^^^^^^^^^^^^^^^^^^^^^^

warning: missing documentation for a variant
   --> crates/library/interface/compiler_fragment.rs:750:5
    |
750 |     AnonymousCallableAnchorInvalid,
    |     ^^^^^^^^^^^^^^^^^^^^^^^^^^^^^^

warning: missing documentation for a variant
   --> crates/library/interface/compiler_fragment.rs:751:5
    |
751 |     AnonymousCallableSourceCoordinate,
    |     ^^^^^^^^^^^^^^^^^^^^^^^^^^^^^^^^^

warning: missing documentation for a variant
   --> crates/library/interface/compiler_fragment.rs:752:5
    |
752 |     AnonymousCallableInstance,
    |     ^^^^^^^^^^^^^^^^^^^^^^^^^

warning: missing documentation for a variant
   --> crates/library/interface/compiler_fragment.rs:753:5
    |
753 |     ScopedDeclarationPreimage,
    |     ^^^^^^^^^^^^^^^^^^^^^^^^^

warning: missing documentation for a variant
   --> crates/library/interface/compiler_fragment.rs:754:5
    |
754 |     ForeignKeyPreimage,
    |     ^^^^^^^^^^^^^^^^^^

warning: missing documentation for a variant
   --> crates/library/interface/compiler_fragment.rs:755:5
    |
755 |     DuplicateDeclarationIdentity,
    |     ^^^^^^^^^^^^^^^^^^^^^^^^^^^^

warning: missing documentation for a variant
   --> crates/library/interface/compiler_fragment.rs:756:5
    |
756 |     TreeVersionCount,
    |     ^^^^^^^^^^^^^^^^

warning: missing documentation for a variant
   --> crates/library/interface/compiler_fragment.rs:757:5
    |
757 |     AuthorityRowCount,
    |     ^^^^^^^^^^^^^^^^^

warning: missing documentation for a variant
   --> crates/library/interface/compiler_fragment.rs:758:5
    |
758 |     OccurrenceAuthorityRowCount,
    |     ^^^^^^^^^^^^^^^^^^^^^^^^^^^

warning: missing documentation for a variant
   --> crates/library/interface/compiler_fragment.rs:759:5
    |
759 |     AuthorityFacts,
    |     ^^^^^^^^^^^^^^

warning: missing documentation for a variant
   --> crates/library/interface/compiler_fragment.rs:760:5
    |
760 |     OccurrenceAuthorityFacts,
    |     ^^^^^^^^^^^^^^^^^^^^^^^^

warning: missing documentation for a variant
   --> crates/library/interface/compiler_fragment.rs:761:5
    |
761 |     ImageProvenanceLineage,
    |     ^^^^^^^^^^^^^^^^^^^^^^

warning: missing documentation for a variant
   --> crates/library/interface/compiler_fragment.rs:762:5
    |
762 |     ImageProvenanceScope,
    |     ^^^^^^^^^^^^^^^^^^^^

warning: missing documentation for a variant
   --> crates/library/interface/compiler_fragment.rs:763:5
    |
763 |     ImageProvenanceScopePreimage,
    |     ^^^^^^^^^^^^^^^^^^^^^^^^^^^^

warning: missing documentation for a variant
   --> crates/library/interface/compiler_fragment.rs:764:5
    |
764 |     ImageProvenanceRecipe,
    |     ^^^^^^^^^^^^^^^^^^^^^

warning: missing documentation for a variant
   --> crates/library/interface/compiler_fragment.rs:765:5
    |
765 |     ImageProvenanceRebind,
    |     ^^^^^^^^^^^^^^^^^^^^^

warning: missing documentation for a variant
   --> crates/library/interface/compiler_fragment.rs:766:5
    |
766 |     LanguageExtension,
    |     ^^^^^^^^^^^^^^^^^

warning: missing documentation for a variant
   --> crates/library/interface/compiler_fragment.rs:767:5
    |
767 |     LanguageProfileMismatch,
    |     ^^^^^^^^^^^^^^^^^^^^^^^

warning: missing documentation for a variant
   --> crates/library/interface/compiler_fragment.rs:768:5
    |
768 |     LanguageProfileRebind,
    |     ^^^^^^^^^^^^^^^^^^^^^

warning: missing documentation for a variant
   --> crates/library/interface/compiler_fragment.rs:775:5
    |
775 |     Count,
    |     ^^^^^

warning: missing documentation for a variant
   --> crates/library/interface/compiler_fragment.rs:776:5
    |
776 |     AtomBytePoolOverflow,
    |     ^^^^^^^^^^^^^^^^^^^^

warning: missing documentation for a variant
   --> crates/library/interface/compiler_fragment.rs:777:5
    |
777 |     LayoutOverflow,
    |     ^^^^^^^^^^^^^^

warning: missing documentation for a variant
   --> crates/library/interface/compiler_fragment.rs:778:5
    |
778 |     NativeCount,
    |     ^^^^^^^^^^^

warning: missing documentation for a variant
   --> crates/library/interface/compiler_fragment.rs:779:5
    |
779 |     OutputLength,
    |     ^^^^^^^^^^^^

warning: missing documentation for a variant
   --> crates/library/interface/compiler_fragment.rs:780:5
    |
780 |     Entity,
    |     ^^^^^^

warning: missing documentation for a variant
   --> crates/library/interface/compiler_fragment.rs:781:5
    |
781 |     TypeNode,
    |     ^^^^^^^^

warning: missing documentation for a variant
   --> crates/library/interface/compiler_fragment.rs:782:5
    |
782 |     SemanticDataOverflow,
    |     ^^^^^^^^^^^^^^^^^^^^

warning: missing documentation for a variant
   --> crates/library/interface/compiler_fragment.rs:783:5
    |
783 |     SemanticEntityRoots,
    |     ^^^^^^^^^^^^^^^^^^^

warning: missing documentation for a variant
   --> crates/library/interface/compiler_fragment.rs:784:5
    |
784 |     SemanticAtomLength,
    |     ^^^^^^^^^^^^^^^^^^

warning: missing documentation for a variant
   --> crates/library/interface/compiler_fragment.rs:785:5
    |
785 |     SemanticData,
    |     ^^^^^^^^^^^^

warning: missing documentation for a variant
   --> crates/library/interface/compiler_fragment.rs:786:5
    |
786 |     OccurrenceLane,
    |     ^^^^^^^^^^^^^^

warning: missing documentation for a variant
   --> crates/library/interface/compiler_fragment.rs:787:5
    |
787 |     TypeFacts,
    |     ^^^^^^^^^

warning: missing documentation for a variant
   --> crates/library/interface/compiler_fragment.rs:788:5
    |
788 |     Documentation,
    |     ^^^^^^^^^^^^^

warning: missing documentation for a variant
   --> crates/library/interface/compiler_fragment.rs:789:5
    |
789 |     ExtensionPools,
    |     ^^^^^^^^^^^^^^

warning: missing documentation for a variant
   --> crates/library/interface/compiler_fragment.rs:790:5
    |
790 |     ExtensionPoolsMismatch,
    |     ^^^^^^^^^^^^^^^^^^^^^^

warning: missing documentation for a variant
   --> crates/library/interface/compiler_fragment.rs:797:5
    |
797 |     OutputTooSmall,
    |     ^^^^^^^^^^^^^^

warning: missing documentation for a variant
   --> crates/library/interface/compiler_fragment.rs:798:5
    |
798 |     ExtensionSection,
    |     ^^^^^^^^^^^^^^^^

warning: missing documentation for a variant
   --> crates/library/interface/compiler_fragment.rs:799:5
    |
799 |     AtomLength,
    |     ^^^^^^^^^^

warning: missing documentation for a variant
   --> crates/library/interface/compiler_fragment.rs:800:5
    |
800 |     AtomExtent,
    |     ^^^^^^^^^^

warning: missing documentation for a variant
   --> crates/library/interface/compiler_fragment.rs:801:5
    |
801 |     SemanticAtomLength,
    |     ^^^^^^^^^^^^^^^^^^

warning: missing documentation for a variant
   --> crates/library/interface/compiler_fragment.rs:808:5
    |
808 |     ExtensionPoolPair,
    |     ^^^^^^^^^^^^^^^^^

warning: missing documentation for a variant
   --> crates/library/interface/compiler_fragment.rs:809:5
    |
809 |     Documentation,
    |     ^^^^^^^^^^^^^

warning: missing documentation for a variant
   --> crates/library/interface/compiler_fragment.rs:810:5
    |
810 |     ExtensionPools,
    |     ^^^^^^^^^^^^^^

warning: missing documentation for a variant
   --> crates/library/interface/compiler_fragment.rs:811:5
    |
811 |     LanguageExtensions,
    |     ^^^^^^^^^^^^^^^^^^

warning: missing documentation for a variant
   --> crates/library/interface/compiler_fragment.rs:812:5
    |
812 |     TruncatedHeader,
    |     ^^^^^^^^^^^^^^^

warning: missing documentation for a variant
   --> crates/library/interface/compiler_fragment.rs:813:5
    |
813 |     Magic,
    |     ^^^^^

warning: missing documentation for a variant
   --> crates/library/interface/compiler_fragment.rs:814:5
    |
814 |     Schema,
    |     ^^^^^^

warning: missing documentation for a variant
   --> crates/library/interface/compiler_fragment.rs:815:5
    |
815 |     DeclaredLength,
    |     ^^^^^^^^^^^^^^

warning: missing documentation for a variant
   --> crates/library/interface/compiler_fragment.rs:816:5
    |
816 |     Extent,
    |     ^^^^^^

warning: missing documentation for a variant
   --> crates/library/interface/compiler_fragment.rs:817:5
    |
817 |     WireWidth,
    |     ^^^^^^^^^

warning: missing documentation for a variant
   --> crates/library/interface/compiler_fragment.rs:818:5
    |
818 |     Directory,
    |     ^^^^^^^^^

warning: missing documentation for a variant
   --> crates/library/interface/compiler_fragment.rs:819:5
    |
819 |     MissingSection,
    |     ^^^^^^^^^^^^^^

warning: missing documentation for a variant
   --> crates/library/interface/compiler_fragment.rs:820:5
    |
820 |     Entity,
    |     ^^^^^^

warning: missing documentation for a variant
   --> crates/library/interface/compiler_fragment.rs:821:5
    |
821 |     EntityRecord,
    |     ^^^^^^^^^^^^

warning: missing documentation for a variant
   --> crates/library/interface/compiler_fragment.rs:822:5
    |
822 |     Atom,
    |     ^^^^

warning: missing documentation for a variant
   --> crates/library/interface/compiler_fragment.rs:823:5
    |
823 |     TypeNode,
    |     ^^^^^^^^

warning: missing documentation for a variant
   --> crates/library/interface/compiler_fragment.rs:824:5
    |
824 |     SourceIdentity,
    |     ^^^^^^^^^^^^^^

warning: missing documentation for a variant
   --> crates/library/interface/compiler_fragment.rs:825:5
    |
825 |     RecipeFact,
    |     ^^^^^^^^^^

warning: missing documentation for a variant
   --> crates/library/interface/compiler_fragment.rs:826:5
    |
826 |     SemanticData,
    |     ^^^^^^^^^^^^

warning: missing documentation for a variant
   --> crates/library/interface/compiler_fragment.rs:827:5
    |
827 |     Occurrences,
    |     ^^^^^^^^^^^

warning: missing documentation for a variant
   --> crates/library/interface/compiler_fragment.rs:828:5
    |
828 |     TypeFacts,
    |     ^^^^^^^^^

warning: missing documentation for a variant
   --> crates/library/interface/compiler_fragment.rs:849:5
    |
849 |     Atom,
    |     ^^^^

warning: missing documentation for a variant
   --> crates/library/interface/compiler_fragment.rs:850:5
    |
850 |     Text,
    |     ^^^^

warning: missing documentation for a variant
   --> crates/library/interface/compiler_fragment.rs:851:5
    |
851 |     Type,
    |     ^^^^

warning: missing documentation for a variant
   --> crates/library/interface/compiler_fragment.rs:852:5
    |
852 |     Entity,
    |     ^^^^^^

warning: missing documentation for a variant
   --> crates/library/interface/compiler_fragment.rs:853:5
    |
853 |     External,
    |     ^^^^^^^^

warning: missing documentation for a variant
   --> crates/library/interface/compiler_fragment.rs:854:5
    |
854 |     Link,
    |     ^^^^

warning: missing documentation for a variant
   --> crates/library/interface/compiler_fragment.rs:855:5
    |
855 |     LinkOccurrence,
    |     ^^^^^^^^^^^^^^

warning: missing documentation for a variant
   --> crates/library/interface/compiler_fragment.rs:856:5
    |
856 |     TypeList,
    |     ^^^^^^^^

warning: missing documentation for a variant
   --> crates/library/interface/compiler_fragment.rs:857:5
    |
857 |     EntityList,
    |     ^^^^^^^^^^

warning: missing documentation for a variant
   --> crates/library/interface/compiler_fragment.rs:858:5
    |
858 |     AtomList,
    |     ^^^^^^^^

warning: missing documentation for a variant
   --> crates/library/interface/compiler_fragment.rs:859:5
    |
859 |     Docs,
    |     ^^^^

warning: missing documentation for a variant
   --> crates/library/interface/compiler_fragment.rs:860:5
    |
860 |     TupleElements,
    |     ^^^^^^^^^^^^^

warning: missing documentation for a variant
   --> crates/library/interface/compiler_fragment.rs:861:5
    |
861 |     ObjectMembers,
    |     ^^^^^^^^^^^^^

warning: missing documentation for a variant
   --> crates/library/interface/compiler_fragment.rs:862:5
    |
862 |     TemplateParts,
    |     ^^^^^^^^^^^^^

warning: missing documentation for a variant
   --> crates/library/interface/compiler_fragment.rs:863:5
    |
863 |     TypeParameterBounds,
    |     ^^^^^^^^^^^^^^^^^^^

warning: missing documentation for a variant
   --> crates/library/interface/compiler_fragment.rs:864:5
    |
864 |     TypeParameters,
    |     ^^^^^^^^^^^^^^

warning: missing documentation for a variant
   --> crates/library/interface/compiler_fragment.rs:865:5
    |
865 |     FreePredicates,
    |     ^^^^^^^^^^^^^^

warning: missing documentation for a variant
   --> crates/library/interface/compiler_fragment.rs:872:5
    |
872 |     Directory,
    |     ^^^^^^^^^

warning: missing documentation for a variant
   --> crates/library/interface/compiler_fragment.rs:873:5
    |
873 |     EntityLane,
    |     ^^^^^^^^^^

warning: missing documentation for a variant
   --> crates/library/interface/compiler_fragment.rs:874:5
    |
874 |     TypeNodeLane,
    |     ^^^^^^^^^^^^

warning: missing documentation for a variant
   --> crates/library/interface/compiler_fragment.rs:875:5
    |
875 |     AtomRecordLane,
    |     ^^^^^^^^^^^^^^

warning: missing documentation for a variant
   --> crates/library/interface/compiler_fragment.rs:876:5
    |
876 |     AtomByteLane,
    |     ^^^^^^^^^^^^

warning: missing documentation for a variant
   --> crates/library/interface/compiler_fragment.rs:877:5
    |
877 |     SourceIdentityLane,
    |     ^^^^^^^^^^^^^^^^^^

warning: missing documentation for a variant
   --> crates/library/interface/compiler_fragment.rs:878:5
    |
878 |     RecipeFactLane,
    |     ^^^^^^^^^^^^^^

warning: missing documentation for a variant
   --> crates/library/interface/compiler_fragment.rs:879:5
    |
879 |     SemanticData,
    |     ^^^^^^^^^^^^

warning: missing documentation for a variant
   --> crates/library/interface/compiler_fragment.rs:880:5
    |
880 |     Occurrences,
    |     ^^^^^^^^^^^

warning: missing documentation for a variant
   --> crates/library/interface/compiler_fragment.rs:881:5
    |
881 |     TypeFacts,
    |     ^^^^^^^^^

warning: missing documentation for a variant
   --> crates/library/interface/compiler_fragment.rs:882:5
    |
882 |     Documentation,
    |     ^^^^^^^^^^^^^

warning: missing documentation for a variant
   --> crates/library/interface/compiler_fragment.rs:883:5
    |
883 |     LanguageExtensions,
    |     ^^^^^^^^^^^^^^^^^^

warning: missing documentation for a variant
   --> crates/library/interface/compiler_fragment.rs:884:5
    |
884 |     ExtensionPools,
    |     ^^^^^^^^^^^^^^

warning: missing documentation for a variant
   --> crates/library/interface/compiler_fragment.rs:891:5
    |
891 |     Prepare,
    |     ^^^^^^^

warning: missing documentation for a variant
   --> crates/library/interface/compiler_fragment.rs:892:5
    |
892 |     Write,
    |     ^^^^^

warning: missing documentation for a variant
   --> crates/library/interface/compiler_fragment.rs:893:5
    |
893 |     Validate,
    |     ^^^^^^^^

warning: missing documentation for a variant
  --> crates/library/interface/compiler_fragment/nested.rs:15:5
   |
15 |     Atoms,
   |     ^^^^^

warning: missing documentation for a variant
  --> crates/library/interface/compiler_fragment/nested.rs:16:5
   |
16 |     Products,
   |     ^^^^^^^^

warning: missing documentation for a variant
  --> crates/library/interface/compiler_fragment/nested.rs:17:5
   |
17 |     Constructors,
   |     ^^^^^^^^^^^^

warning: missing documentation for a variant
  --> crates/library/interface/compiler_fragment/nested.rs:18:5
   |
18 |     Lists,
   |     ^^^^^

warning: missing documentation for a variant
  --> crates/library/interface/compiler_fragment/nested.rs:19:5
   |
19 |     Children,
   |     ^^^^^^^^

warning: missing documentation for a variant
  --> crates/library/interface/compiler_fragment/nested.rs:20:5
   |
20 |     AtomOrder,
   |     ^^^^^^^^^

warning: missing documentation for a variant
  --> crates/library/interface/compiler_fragment/nested.rs:21:5
   |
21 |     AtomMap,
   |     ^^^^^^^

warning: missing documentation for a variant
  --> crates/library/interface/compiler_fragment/nested.rs:22:5
   |
22 |     ProductOrder,
   |     ^^^^^^^^^^^^

warning: missing documentation for a variant
  --> crates/library/interface/compiler_fragment/nested.rs:23:5
   |
23 |     ProductMap,
   |     ^^^^^^^^^^

warning: missing documentation for a variant
  --> crates/library/interface/compiler_fragment/nested.rs:24:5
   |
24 |     Colors,
   |     ^^^^^^

warning: missing documentation for a variant
  --> crates/library/interface/compiler_fragment/nested.rs:25:5
   |
25 |     NextColors,
   |     ^^^^^^^^^^

warning: missing documentation for a variant
  --> crates/library/interface/compiler_fragment/nested.rs:26:5
   |
26 |     Hashes,
   |     ^^^^^^

warning: missing documentation for a variant
  --> crates/library/interface/compiler_fragment/nested.rs:27:5
   |
27 |     NextHashes,
   |     ^^^^^^^^^^

warning: missing documentation for a variant
  --> crates/library/interface/compiler_fragment/nested.rs:28:5
   |
28 |     Representatives,
   |     ^^^^^^^^^^^^^^^

warning: missing documentation for a variant
  --> crates/library/interface/compiler_fragment/nested.rs:29:5
   |
29 |     InternSlots,
   |     ^^^^^^^^^^^

warning: missing documentation for a variant
  --> crates/library/interface/compiler_fragment/nested.rs:36:5
   |
36 |     RefinementRounds,
   |     ^^^^^^^^^^^^^^^^

warning: missing documentation for a variant
  --> crates/library/interface/compiler_fragment/nested.rs:37:5
   |
37 |     SortComparisons,
   |     ^^^^^^^^^^^^^^^

warning: missing documentation for a variant
  --> crates/library/interface/compiler_fragment/nested.rs:38:5
   |
38 |     HashEvaluations,
   |     ^^^^^^^^^^^^^^^

warning: missing documentation for a variant
  --> crates/library/interface/compiler_fragment/nested.rs:39:5
   |
39 |     InternProbes,
   |     ^^^^^^^^^^^^

warning: missing documentation for a variant
  --> crates/library/interface/compiler_fragment/nested.rs:40:5
   |
40 |     Work,
   |     ^^^^

warning: missing documentation for a variant
  --> crates/library/interface/compiler_fragment/nested.rs:53:5
   |
53 |     EntityRecord(EntityRecordFaultFacts),
   |     ^^^^^^^^^^^^

warning: missing documentation for a variant
  --> crates/library/interface/compiler_fragment/nested.rs:54:5
   |
54 |     TypeNode(TypeNodeFaultFacts),
   |     ^^^^^^^^

warning: missing documentation for a variant
  --> crates/library/interface/compiler_fragment/nested.rs:55:5
   |
55 |     Atom(AtomFaultFacts),
   |     ^^^^

warning: missing documentation for a variant
  --> crates/library/interface/compiler_fragment/nested.rs:56:5
   |
56 |     CanonicalData(CanonicalDataFaultFacts),
   |     ^^^^^^^^^^^^^

warning: missing documentation for a variant
  --> crates/library/interface/compiler_fragment/nested.rs:57:5
   |
57 |     SemanticData(SemanticDataFaultFacts),
   |     ^^^^^^^^^^^^

warning: missing documentation for a variant
  --> crates/library/interface/compiler_fragment/nested.rs:58:5
   |
58 |     Occurrence(OccurrenceFaultFacts),
   |     ^^^^^^^^^^

warning: missing documentation for a variant
  --> crates/library/interface/compiler_fragment/nested.rs:59:5
   |
59 |     SignatureCarrier(SignatureCarrierFaultFacts),
   |     ^^^^^^^^^^^^^^^^

warning: missing documentation for a variant
  --> crates/library/interface/compiler_fragment/nested.rs:60:5
   |
60 |     Validation(ValidationFaultFacts),
   |     ^^^^^^^^^^

warning: missing documentation for a variant
  --> crates/library/interface/compiler_fragment/nested.rs:68:5
   |
68 |     EntityTypeReference,
   |     ^^^^^^^^^^^^^^^^^^^

warning: missing documentation for a variant
  --> crates/library/interface/compiler_fragment/nested.rs:69:5
   |
69 |     EntityNameReference,
   |     ^^^^^^^^^^^^^^^^^^^

warning: missing documentation for a variant
  --> crates/library/interface/compiler_fragment/nested.rs:70:5
   |
70 |     EntityKindTag,
   |     ^^^^^^^^^^^^^

warning: missing documentation for a variant
  --> crates/library/interface/compiler_fragment/nested.rs:71:5
   |
71 |     EntityReservedBits,
   |     ^^^^^^^^^^^^^^^^^^

warning: missing documentation for a variant
  --> crates/library/interface/compiler_fragment/nested.rs:72:5
   |
72 |     TypeNodeReservedBytes,
   |     ^^^^^^^^^^^^^^^^^^^^^

warning: missing documentation for a variant
  --> crates/library/interface/compiler_fragment/nested.rs:73:5
   |
73 |     TypeNodeTag,
   |     ^^^^^^^^^^^

warning: missing documentation for a variant
  --> crates/library/interface/compiler_fragment/nested.rs:74:5
   |
74 |     TypeNodePrimitive,
   |     ^^^^^^^^^^^^^^^^^

warning: missing documentation for a variant
  --> crates/library/interface/compiler_fragment/nested.rs:75:5
   |
75 |     TypeNodeEdge,
   |     ^^^^^^^^^^^^

warning: missing documentation for a variant
  --> crates/library/interface/compiler_fragment/nested.rs:76:5
   |
76 |     AtomRange,
   |     ^^^^^^^^^

warning: missing documentation for a variant
  --> crates/library/interface/compiler_fragment/nested.rs:77:5
   |
77 |     AtomEmpty,
   |     ^^^^^^^^^

warning: missing documentation for a variant
  --> crates/library/interface/compiler_fragment/nested.rs:78:5
   |
78 |     CanonicalDataCount,
   |     ^^^^^^^^^^^^^^^^^^

warning: missing documentation for a variant
  --> crates/library/interface/compiler_fragment/nested.rs:79:5
   |
79 |     CanonicalDataNativeCount,
   |     ^^^^^^^^^^^^^^^^^^^^^^^^

warning: missing documentation for a variant
  --> crates/library/interface/compiler_fragment/nested.rs:80:5
   |
80 |     CanonicalDataNativeWork,
   |     ^^^^^^^^^^^^^^^^^^^^^^^

warning: missing documentation for a variant
  --> crates/library/interface/compiler_fragment/nested.rs:81:5
   |
81 |     CanonicalDataCanonicalCountOverflow,
   |     ^^^^^^^^^^^^^^^^^^^^^^^^^^^^^^^^^^^

warning: missing documentation for a variant
  --> crates/library/interface/compiler_fragment/nested.rs:82:5
   |
82 |     CanonicalDataCanonicalCountMismatch,
   |     ^^^^^^^^^^^^^^^^^^^^^^^^^^^^^^^^^^^

warning: missing documentation for a variant
  --> crates/library/interface/compiler_fragment/nested.rs:83:5
   |
83 |     CanonicalDataScratch,
   |     ^^^^^^^^^^^^^^^^^^^^

warning: missing documentation for a variant
  --> crates/library/interface/compiler_fragment/nested.rs:84:5
   |
84 |     CanonicalDataOutputTooSmall,
   |     ^^^^^^^^^^^^^^^^^^^^^^^^^^^

warning: missing documentation for a variant
  --> crates/library/interface/compiler_fragment/nested.rs:85:5
   |
85 |     CanonicalDataProductHead,
   |     ^^^^^^^^^^^^^^^^^^^^^^^^

warning: missing documentation for a variant
  --> crates/library/interface/compiler_fragment/nested.rs:86:5
   |
86 |     CanonicalDataProductList,
   |     ^^^^^^^^^^^^^^^^^^^^^^^^

warning: missing documentation for a variant
  --> crates/library/interface/compiler_fragment/nested.rs:87:5
   |
87 |     CanonicalDataConstructorCount,
   |     ^^^^^^^^^^^^^^^^^^^^^^^^^^^^^

warning: missing documentation for a variant
  --> crates/library/interface/compiler_fragment/nested.rs:88:5
   |
88 |     CanonicalDataConstructorTag,
   |     ^^^^^^^^^^^^^^^^^^^^^^^^^^^

warning: missing documentation for a variant
  --> crates/library/interface/compiler_fragment/nested.rs:89:5
   |
89 |     CanonicalDataConstructorReservedPayload,
   |     ^^^^^^^^^^^^^^^^^^^^^^^^^^^^^^^^^^^^^^^

warning: missing documentation for a variant
  --> crates/library/interface/compiler_fragment/nested.rs:90:5
   |
90 |     CanonicalDataConstructorArityOverflow,
   |     ^^^^^^^^^^^^^^^^^^^^^^^^^^^^^^^^^^^^^

warning: missing documentation for a variant
  --> crates/library/interface/compiler_fragment/nested.rs:91:5
   |
91 |     CanonicalDataConstructorArity,
   |     ^^^^^^^^^^^^^^^^^^^^^^^^^^^^^

warning: missing documentation for a variant
  --> crates/library/interface/compiler_fragment/nested.rs:92:5
   |
92 |     CanonicalDataProductChildRole,
   |     ^^^^^^^^^^^^^^^^^^^^^^^^^^^^^

warning: missing documentation for a variant
  --> crates/library/interface/compiler_fragment/nested.rs:93:5
   |
93 |     CanonicalDataListExtent,
   |     ^^^^^^^^^^^^^^^^^^^^^^^

warning: missing documentation for a variant
  --> crates/library/interface/compiler_fragment/nested.rs:94:5
   |
94 |     CanonicalDataNativeExtent,
   |     ^^^^^^^^^^^^^^^^^^^^^^^^^

warning: missing documentation for a variant
  --> crates/library/interface/compiler_fragment/nested.rs:95:5
   |
95 |     CanonicalDataProductChild,
   |     ^^^^^^^^^^^^^^^^^^^^^^^^^

warning: missing documentation for a variant
  --> crates/library/interface/compiler_fragment/nested.rs:96:5
   |
96 |     CanonicalDataOutputLength,
   |     ^^^^^^^^^^^^^^^^^^^^^^^^^

warning: missing documentation for a variant
  --> crates/library/interface/compiler_fragment/nested.rs:97:5
   |
97 |     CanonicalDataCanonicalListExtent,
   |     ^^^^^^^^^^^^^^^^^^^^^^^^^^^^^^^^

warning: missing documentation for a variant
  --> crates/library/interface/compiler_fragment/nested.rs:98:5
   |
98 |     CanonicalDataCanonicalAtom,
   |     ^^^^^^^^^^^^^^^^^^^^^^^^^^

warning: missing documentation for a variant
  --> crates/library/interface/compiler_fragment/nested.rs:99:5
   |
99 |     CanonicalDataCanonicalProduct,
   |     ^^^^^^^^^^^^^^^^^^^^^^^^^^^^^

warning: missing documentation for a variant
   --> crates/library/interface/compiler_fragment/nested.rs:100:5
    |
100 |     CanonicalDataCanonicalList,
    |     ^^^^^^^^^^^^^^^^^^^^^^^^^^

warning: missing documentation for a variant
   --> crates/library/interface/compiler_fragment/nested.rs:101:5
    |
101 |     CanonicalDataRefinementBound,
    |     ^^^^^^^^^^^^^^^^^^^^^^^^^^^^

warning: missing documentation for a variant
   --> crates/library/interface/compiler_fragment/nested.rs:102:5
    |
102 |     CanonicalDataInternTableFull,
    |     ^^^^^^^^^^^^^^^^^^^^^^^^^^^^

warning: missing documentation for a variant
   --> crates/library/interface/compiler_fragment/nested.rs:103:5
    |
103 |     CanonicalDataInternEntry,
    |     ^^^^^^^^^^^^^^^^^^^^^^^^

warning: missing documentation for a variant
   --> crates/library/interface/compiler_fragment/nested.rs:104:5
    |
104 |     CanonicalDataResourceCounterOverflow,
    |     ^^^^^^^^^^^^^^^^^^^^^^^^^^^^^^^^^^^^

warning: missing documentation for a variant
   --> crates/library/interface/compiler_fragment/nested.rs:105:5
    |
105 |     CanonicalDataBudgetAdmission,
    |     ^^^^^^^^^^^^^^^^^^^^^^^^^^^^

warning: missing documentation for a variant
   --> crates/library/interface/compiler_fragment/nested.rs:106:5
    |
106 |     CanonicalDataBudgetExceeded,
    |     ^^^^^^^^^^^^^^^^^^^^^^^^^^^

warning: missing documentation for a variant
   --> crates/library/interface/compiler_fragment/nested.rs:107:5
    |
107 |     SemanticDataHeader,
    |     ^^^^^^^^^^^^^^^^^^

warning: missing documentation for a variant
   --> crates/library/interface/compiler_fragment/nested.rs:108:5
    |
108 |     SemanticDataAtomLength,
    |     ^^^^^^^^^^^^^^^^^^^^^^

warning: missing documentation for a variant
   --> crates/library/interface/compiler_fragment/nested.rs:109:5
    |
109 |     SemanticDataProductHead,
    |     ^^^^^^^^^^^^^^^^^^^^^^^

warning: missing documentation for a variant
   --> crates/library/interface/compiler_fragment/nested.rs:110:5
    |
110 |     SemanticDataProductList,
    |     ^^^^^^^^^^^^^^^^^^^^^^^

warning: missing documentation for a variant
   --> crates/library/interface/compiler_fragment/nested.rs:111:5
    |
111 |     SemanticDataConstructorCount,
    |     ^^^^^^^^^^^^^^^^^^^^^^^^^^^^

warning: missing documentation for a variant
   --> crates/library/interface/compiler_fragment/nested.rs:112:5
    |
112 |     SemanticDataEntityRootCount,
    |     ^^^^^^^^^^^^^^^^^^^^^^^^^^^

warning: missing documentation for a variant
   --> crates/library/interface/compiler_fragment/nested.rs:113:5
    |
113 |     SemanticDataEntityRoot,
    |     ^^^^^^^^^^^^^^^^^^^^^^

warning: missing documentation for a variant
   --> crates/library/interface/compiler_fragment/nested.rs:114:5
    |
114 |     SemanticDataConstructorTag,
    |     ^^^^^^^^^^^^^^^^^^^^^^^^^^

warning: missing documentation for a variant
   --> crates/library/interface/compiler_fragment/nested.rs:115:5
    |
115 |     SemanticDataConstructorReservedPayload,
    |     ^^^^^^^^^^^^^^^^^^^^^^^^^^^^^^^^^^^^^^

warning: missing documentation for a variant
   --> crates/library/interface/compiler_fragment/nested.rs:116:5
    |
116 |     SemanticDataConstructorArityOverflow,
    |     ^^^^^^^^^^^^^^^^^^^^^^^^^^^^^^^^^^^^

warning: missing documentation for a variant
   --> crates/library/interface/compiler_fragment/nested.rs:117:5
    |
117 |     SemanticDataConstructorArity,
    |     ^^^^^^^^^^^^^^^^^^^^^^^^^^^^

warning: missing documentation for a variant
   --> crates/library/interface/compiler_fragment/nested.rs:118:5
    |
118 |     SemanticDataListExtent,
    |     ^^^^^^^^^^^^^^^^^^^^^^

warning: missing documentation for a variant
   --> crates/library/interface/compiler_fragment/nested.rs:119:5
    |
119 |     SemanticDataChildRoleCode,
    |     ^^^^^^^^^^^^^^^^^^^^^^^^^

warning: missing documentation for a variant
   --> crates/library/interface/compiler_fragment/nested.rs:120:5
    |
120 |     SemanticDataChildRole,
    |     ^^^^^^^^^^^^^^^^^^^^^

warning: missing documentation for a variant
   --> crates/library/interface/compiler_fragment/nested.rs:121:5
    |
121 |     SemanticDataChildTag,
    |     ^^^^^^^^^^^^^^^^^^^^

warning: missing documentation for a variant
   --> crates/library/interface/compiler_fragment/nested.rs:122:5
    |
122 |     SemanticDataLocalChild,
    |     ^^^^^^^^^^^^^^^^^^^^^^

warning: missing documentation for a variant
   --> crates/library/interface/compiler_fragment/nested.rs:123:5
    |
123 |     SemanticDataLocalReserved,
    |     ^^^^^^^^^^^^^^^^^^^^^^^^^

warning: missing documentation for a variant
   --> crates/library/interface/compiler_fragment/nested.rs:124:5
    |
124 |     SemanticDataExternalAuthority,
    |     ^^^^^^^^^^^^^^^^^^^^^^^^^^^^^

warning: missing documentation for a variant
   --> crates/library/interface/compiler_fragment/nested.rs:125:5
    |
125 |     SemanticDataTrailing,
    |     ^^^^^^^^^^^^^^^^^^^^

warning: missing documentation for a variant
   --> crates/library/interface/compiler_fragment/nested.rs:126:5
    |
126 |     OccurrenceOwner,
    |     ^^^^^^^^^^^^^^^

warning: missing documentation for a variant
   --> crates/library/interface/compiler_fragment/nested.rs:127:5
    |
127 |     OccurrenceLocalTarget,
    |     ^^^^^^^^^^^^^^^^^^^^^

warning: missing documentation for a variant
   --> crates/library/interface/compiler_fragment/nested.rs:128:5
    |
128 |     OccurrenceTargetTag,
    |     ^^^^^^^^^^^^^^^^^^^

warning: missing documentation for a variant
   --> crates/library/interface/compiler_fragment/nested.rs:129:5
    |
129 |     OccurrenceOriginTag,
    |     ^^^^^^^^^^^^^^^^^^^

warning: missing documentation for a variant
   --> crates/library/interface/compiler_fragment/nested.rs:130:5
    |
130 |     OccurrenceReferenceKind,
    |     ^^^^^^^^^^^^^^^^^^^^^^^

warning: missing documentation for a variant
   --> crates/library/interface/compiler_fragment/nested.rs:131:5
    |
131 |     OccurrenceConfidence,
    |     ^^^^^^^^^^^^^^^^^^^^

warning: missing documentation for a variant
   --> crates/library/interface/compiler_fragment/nested.rs:132:5
    |
132 |     OccurrenceSpan,
    |     ^^^^^^^^^^^^^^

warning: missing documentation for a variant
   --> crates/library/interface/compiler_fragment/nested.rs:133:5
    |
133 |     OccurrenceKindCell,
    |     ^^^^^^^^^^^^^^^^^^

warning: missing documentation for a variant
   --> crates/library/interface/compiler_fragment/nested.rs:134:5
    |
134 |     OccurrenceEmptyPath,
    |     ^^^^^^^^^^^^^^^^^^^

warning: missing documentation for a variant
   --> crates/library/interface/compiler_fragment/nested.rs:135:5
    |
135 |     OccurrenceTruncated,
    |     ^^^^^^^^^^^^^^^^^^^

warning: missing documentation for a variant
   --> crates/library/interface/compiler_fragment/nested.rs:136:5
    |
136 |     OccurrenceTrailingBytes,
    |     ^^^^^^^^^^^^^^^^^^^^^^^

warning: missing documentation for a variant
   --> crates/library/interface/compiler_fragment/nested.rs:137:5
    |
137 |     OccurrenceLegacyStableTarget,
    |     ^^^^^^^^^^^^^^^^^^^^^^^^^^^^

warning: missing documentation for a variant
   --> crates/library/interface/compiler_fragment/nested.rs:138:5
    |
138 |     OccurrenceAuthorityDomain,
    |     ^^^^^^^^^^^^^^^^^^^^^^^^^

warning: missing documentation for a variant
   --> crates/library/interface/compiler_fragment/nested.rs:139:5
    |
139 |     OccurrenceAuthorityWidth,
    |     ^^^^^^^^^^^^^^^^^^^^^^^^

warning: missing documentation for a variant
   --> crates/library/interface/compiler_fragment/nested.rs:140:5
    |
140 |     ValidateTruncatedHeader,
    |     ^^^^^^^^^^^^^^^^^^^^^^^

warning: missing documentation for a variant
   --> crates/library/interface/compiler_fragment/nested.rs:141:5
    |
141 |     ValidateMagic,
    |     ^^^^^^^^^^^^^

warning: missing documentation for a variant
   --> crates/library/interface/compiler_fragment/nested.rs:142:5
    |
142 |     ValidateSchema,
    |     ^^^^^^^^^^^^^^

warning: missing documentation for a variant
   --> crates/library/interface/compiler_fragment/nested.rs:143:5
    |
143 |     ValidateDeclaredLength,
    |     ^^^^^^^^^^^^^^^^^^^^^^

warning: missing documentation for a variant
   --> crates/library/interface/compiler_fragment/nested.rs:144:5
    |
144 |     ValidateExtent,
    |     ^^^^^^^^^^^^^^

warning: missing documentation for a variant
   --> crates/library/interface/compiler_fragment/nested.rs:145:5
    |
145 |     ValidateWireWidth,
    |     ^^^^^^^^^^^^^^^^^

warning: missing documentation for a variant
   --> crates/library/interface/compiler_fragment/nested.rs:146:5
    |
146 |     SignatureCarrierRoleCount,
    |     ^^^^^^^^^^^^^^^^^^^^^^^^^

warning: missing documentation for a variant
   --> crates/library/interface/compiler_fragment/nested.rs:147:5
    |
147 |     SignatureCarrierRoleKind,
    |     ^^^^^^^^^^^^^^^^^^^^^^^^

warning: missing documentation for a variant
   --> crates/library/interface/compiler_fragment/nested.rs:148:5
    |
148 |     SignatureCarrierRoleOwnerKind,
    |     ^^^^^^^^^^^^^^^^^^^^^^^^^^^^^

warning: missing documentation for a variant
   --> crates/library/interface/compiler_fragment/nested.rs:149:5
    |
149 |     SignatureCarrierBindingOwnerSet,
    |     ^^^^^^^^^^^^^^^^^^^^^^^^^^^^^^^

warning: missing documentation for a variant
   --> crates/library/interface/compiler_fragment/nested.rs:150:5
    |
150 |     SignatureCarrierBindingSignature,
    |     ^^^^^^^^^^^^^^^^^^^^^^^^^^^^^^^^

warning: missing documentation for a variant
   --> crates/library/interface/compiler_fragment/nested.rs:151:5
    |
151 |     SignatureCarrierBindingCounts,
    |     ^^^^^^^^^^^^^^^^^^^^^^^^^^^^^

warning: missing documentation for a variant
   --> crates/library/interface/compiler_fragment/nested.rs:152:5
    |
152 |     SignatureCarrierBindingEdgeRole,
    |     ^^^^^^^^^^^^^^^^^^^^^^^^^^^^^^^

warning: missing documentation for a variant
   --> crates/library/interface/compiler_fragment/nested.rs:153:5
    |
153 |     SignatureCarrierBindingTargetCount,
    |     ^^^^^^^^^^^^^^^^^^^^^^^^^^^^^^^^^^

warning: missing documentation for a variant
   --> crates/library/interface/compiler_fragment/nested.rs:154:5
    |
154 |     SignatureCarrierBindingTargetKind,
    |     ^^^^^^^^^^^^^^^^^^^^^^^^^^^^^^^^^

warning: missing documentation for a variant
   --> crates/library/interface/compiler_fragment/nested.rs:155:5
    |
155 |     SignatureCarrierBindingType,
    |     ^^^^^^^^^^^^^^^^^^^^^^^^^^^

warning: missing documentation for a variant
   --> crates/library/interface/compiler_fragment/nested.rs:156:5
    |
156 |     SignatureCarrierBindingEdgeMismatch,
    |     ^^^^^^^^^^^^^^^^^^^^^^^^^^^^^^^^^^^

warning: missing documentation for a variant
   --> crates/library/interface/compiler_fragment/nested.rs:168:15
    |
168 |               $($variant { $($field: $ty),* }),*
    |                 ^^^^^^^^^^^^^^^^^^^^^^^^^^^^^
...
173 | / nested_fault_enum! {
174 | |     /// Entity-record and entity-coordinate validation subcauses.
175 | |     EntityRecordFaultFacts {
176 | |         TypeReference { ordinal: u32, target: u32, node_count: u32 },
...   |
181 | | }
    | |_- in this macro invocation
    |
    = note: this warning originates in the macro `nested_fault_enum` (in Nightly builds, run with -Z macro-backtrace for more info)

warning: missing documentation for a struct field
   --> crates/library/interface/compiler_fragment/nested.rs:168:28
    |
168 |               $($variant { $($field: $ty),* }),*
    |                              ^^^^^^^^^^^
...
173 | / nested_fault_enum! {
174 | |     /// Entity-record and entity-coordinate validation subcauses.
175 | |     EntityRecordFaultFacts {
176 | |         TypeReference { ordinal: u32, target: u32, node_count: u32 },
...   |
181 | | }
    | |_- in this macro invocation
    |
    = note: this warning originates in the macro `nested_fault_enum` (in Nightly builds, run with -Z macro-backtrace for more info)

warning: missing documentation for a variant
    --> crates/library/interface/compiler_fragment/nested.rs:168:15
     |
 168 |               $($variant { $($field: $ty),* }),*
     |                 ^^^^^^^^^^^^^^^^^^^^^^^^^^^^^
...
1017 | / nested_fault_enum! {
1018 | |     /// Type-node validation subcauses.
1019 | |     TypeNodeFaultFacts {
1020 | |         ReservedBytes { ordinal: u32, packed: u32 },
...    |
1025 | | }
     | |_- in this macro invocation
     |
     = note: this warning originates in the macro `nested_fault_enum` (in Nightly builds, run with -Z macro-backtrace for more info)

warning: missing documentation for a struct field
    --> crates/library/interface/compiler_fragment/nested.rs:168:28
     |
 168 |               $($variant { $($field: $ty),* }),*
     |                              ^^^^^^^^^^^
...
1017 | / nested_fault_enum! {
1018 | |     /// Type-node validation subcauses.
1019 | |     TypeNodeFaultFacts {
1020 | |         ReservedBytes { ordinal: u32, packed: u32 },
...    |
1025 | | }
     | |_- in this macro invocation
     |
     = note: this warning originates in the macro `nested_fault_enum` (in Nightly builds, run with -Z macro-backtrace for more info)

warning: missing documentation for a variant
    --> crates/library/interface/compiler_fragment/nested.rs:168:15
     |
 168 |               $($variant { $($field: $ty),* }),*
     |                 ^^^^^^^^^^^^^^^^^^^^^^^^^^^^^
...
1027 | / nested_fault_enum! {
1028 | |     /// Atom-record validation subcauses.
1029 | |     AtomFaultFacts {
1030 | |         Range { ordinal: u32, start: u32, length: u32, byte_count: u32 },
...    |
1033 | | }
     | |_- in this macro invocation
     |
     = note: this warning originates in the macro `nested_fault_enum` (in Nightly builds, run with -Z macro-backtrace for more info)

warning: missing documentation for a struct field
    --> crates/library/interface/compiler_fragment/nested.rs:168:28
     |
 168 |               $($variant { $($field: $ty),* }),*
     |                              ^^^^^^^^^^^
...
1027 | / nested_fault_enum! {
1028 | |     /// Atom-record validation subcauses.
1029 | |     AtomFaultFacts {
1030 | |         Range { ordinal: u32, start: u32, length: u32, byte_count: u32 },
...    |
1033 | | }
     | |_- in this macro invocation
     |
     = note: this warning originates in the macro `nested_fault_enum` (in Nightly builds, run with -Z macro-backtrace for more info)

warning: missing documentation for a variant
    --> crates/library/interface/compiler_fragment/nested.rs:168:15
     |
 168 |               $($variant { $($field: $ty),* }),*
     |                 ^^^^^^^^^^^^^^^^^^^^^^^^^^^^^
...
1035 | / nested_fault_enum! {
1036 | |     /// Canonical semantic graph preparation subcauses.
1037 | |     CanonicalDataFaultFacts {
1038 | |         Count { lane: Lane, actual: u64 },
...    |
1068 | | }
     | |_- in this macro invocation
     |
     = note: this warning originates in the macro `nested_fault_enum` (in Nightly builds, run with -Z macro-backtrace for more info)

warning: missing documentation for a struct field
    --> crates/library/interface/compiler_fragment/nested.rs:168:28
     |
 168 |               $($variant { $($field: $ty),* }),*
     |                              ^^^^^^^^^^^
...
1035 | / nested_fault_enum! {
1036 | |     /// Canonical semantic graph preparation subcauses.
1037 | |     CanonicalDataFaultFacts {
1038 | |         Count { lane: Lane, actual: u64 },
...    |
1068 | | }
     | |_- in this macro invocation
     |
     = note: this warning originates in the macro `nested_fault_enum` (in Nightly builds, run with -Z macro-backtrace for more info)

warning: missing documentation for a variant
    --> crates/library/interface/compiler_fragment/nested.rs:168:15
     |
 168 |               $($variant { $($field: $ty),* }),*
     |                 ^^^^^^^^^^^^^^^^^^^^^^^^^^^^^
...
1070 | / nested_fault_enum! {
1071 | |     /// Semantic-data reopening subcauses.
1072 | |     SemanticDataFaultFacts {
1073 | |         Header { required: u64, actual: u64 },
...    |
1093 | | }
     | |_- in this macro invocation
     |
     = note: this warning originates in the macro `nested_fault_enum` (in Nightly builds, run with -Z macro-backtrace for more info)

warning: missing documentation for a struct field
    --> crates/library/interface/compiler_fragment/nested.rs:168:28
     |
 168 |               $($variant { $($field: $ty),* }),*
     |                              ^^^^^^^^^^^
...
1070 | / nested_fault_enum! {
1071 | |     /// Semantic-data reopening subcauses.
1072 | |     SemanticDataFaultFacts {
1073 | |         Header { required: u64, actual: u64 },
...    |
1093 | | }
     | |_- in this macro invocation
     |
     = note: this warning originates in the macro `nested_fault_enum` (in Nightly builds, run with -Z macro-backtrace for more info)

warning: missing documentation for a variant
    --> crates/library/interface/compiler_fragment/nested.rs:168:15
     |
 168 |               $($variant { $($field: $ty),* }),*
     |                 ^^^^^^^^^^^^^^^^^^^^^^^^^^^^^
...
1095 | / nested_fault_enum! {
1096 | |     /// Occurrence-plane reopening subcauses.
1097 | |     OccurrenceFaultFacts {
1098 | |         Owner { ordinal: u32, owner: u32, entity_count: u32 },
...    |
1113 | | }
     | |_- in this macro invocation
     |
     = note: this warning originates in the macro `nested_fault_enum` (in Nightly builds, run with -Z macro-backtrace for more info)

warning: missing documentation for a struct field
    --> crates/library/interface/compiler_fragment/nested.rs:168:28
     |
 168 |               $($variant { $($field: $ty),* }),*
     |                              ^^^^^^^^^^^
...
1095 | / nested_fault_enum! {
1096 | |     /// Occurrence-plane reopening subcauses.
1097 | |     OccurrenceFaultFacts {
1098 | |         Owner { ordinal: u32, owner: u32, entity_count: u32 },
...    |
1113 | | }
     | |_- in this macro invocation
     |
     = note: this warning originates in the macro `nested_fault_enum` (in Nightly builds, run with -Z macro-backtrace for more info)

warning: missing documentation for a variant
    --> crates/library/interface/compiler_fragment/nested.rs:168:15
     |
 168 |               $($variant { $($field: $ty),* }),*
     |                 ^^^^^^^^^^^^^^^^^^^^^^^^^^^^^
...
1115 | / nested_fault_enum! {
1116 | |     /// Signature-carrier binding subcauses.
1117 | |     SignatureCarrierFaultFacts {
1118 | |         RoleCount { expected: u64, observed: u64 },
...    |
1130 | | }
     | |_- in this macro invocation
     |
     = note: this warning originates in the macro `nested_fault_enum` (in Nightly builds, run with -Z macro-backtrace for more info)

warning: missing documentation for a struct field
    --> crates/library/interface/compiler_fragment/nested.rs:168:28
     |
 168 |               $($variant { $($field: $ty),* }),*
     |                              ^^^^^^^^^^^
...
1115 | / nested_fault_enum! {
1116 | |     /// Signature-carrier binding subcauses.
1117 | |     SignatureCarrierFaultFacts {
1118 | |         RoleCount { expected: u64, observed: u64 },
...    |
1130 | | }
     | |_- in this macro invocation
     |
     = note: this warning originates in the macro `nested_fault_enum` (in Nightly builds, run with -Z macro-backtrace for more info)

warning: missing documentation for a variant
    --> crates/library/interface/compiler_fragment/nested.rs:168:15
     |
 168 |               $($variant { $($field: $ty),* }),*
     |                 ^^^^^^^^^^^^^^^^^^^^^^^^^^^^^
...
1132 | / nested_fault_enum! {
1133 | |     /// Fragment header and extent validation subcauses.
1134 | |     ValidationFaultFacts {
1135 | |         TruncatedHeader { required: u64, actual: u64 },
...    |
1147 | | }
     | |_- in this macro invocation
     |
     = note: this warning originates in the macro `nested_fault_enum` (in Nightly builds, run with -Z macro-backtrace for more info)

warning: missing documentation for a struct field
    --> crates/library/interface/compiler_fragment/nested.rs:168:28
     |
 168 |               $($variant { $($field: $ty),* }),*
     |                              ^^^^^^^^^^^
...
1132 | / nested_fault_enum! {
1133 | |     /// Fragment header and extent validation subcauses.
1134 | |     ValidationFaultFacts {
1135 | |         TruncatedHeader { required: u64, actual: u64 },
...    |
1147 | | }
     | |_- in this macro invocation
     |
     = note: this warning originates in the macro `nested_fault_enum` (in Nightly builds, run with -Z macro-backtrace for more info)

warning: unreachable `pub` item
  --> crates/library/surface.rs:27:48
   |
25 | pub use package_compiler_failure::{
   | --- help: consider restricting its visibility: `pub(crate)`
26 |     AuthorityClassFact, AuthorityPhaseFact, CompilerAuthorityDiagnosticFacts, CompilerLanguageFact,
27 |     CompilerNativeToolFact, CompilerStageFact, PackageAnonymousCallableAnchorFaultFacts,
   |                                                ^^^^^^^^^^^^^^^^^^^^^^^^^^^^^^^^^^^^^^^^
   |
   = help: or consider exporting it for use by other crates
   = note: requested on the command line with `-W unreachable-pub`

warning: unreachable `pub` item
  --> crates/library/surface.rs:28:5
   |
25 | pub use package_compiler_failure::{
   | --- help: consider restricting its visibility: `pub(crate)`
...
28 |     PackageAnonymousCallableAnchorPoolFact, PackageCompilerFailureCause,
   |     ^^^^^^^^^^^^^^^^^^^^^^^^^^^^^^^^^^^^^^
   |
   = help: or consider exporting it for use by other crates

warning: missing documentation for a variant
  --> crates/library/surface/package_compiler_failure.rs:28:5
   |
28 |     Prepare,
   |     ^^^^^^^

warning: missing documentation for a variant
  --> crates/library/surface/package_compiler_failure.rs:29:5
   |
29 |     Write,
   |     ^^^^^

warning: missing documentation for a variant
  --> crates/library/surface/package_compiler_failure.rs:30:5
   |
30 |     Validate,
   |     ^^^^^^^^

warning: missing documentation for a variant
  --> crates/library/surface/package_compiler_failure.rs:31:5
   |
31 |     Setup,
   |     ^^^^^

warning: missing documentation for a variant
  --> crates/library/surface/package_compiler_failure.rs:32:5
   |
32 |     Lowering,
   |     ^^^^^^^^

warning: missing documentation for a variant
  --> crates/library/surface/package_compiler_failure.rs:33:5
   |
33 |     Authority,
   |     ^^^^^^^^^

warning: missing documentation for a variant
  --> crates/library/surface/package_compiler_failure.rs:40:5
   |
40 |     Rust,
   |     ^^^^

warning: missing documentation for a variant
  --> crates/library/surface/package_compiler_failure.rs:41:5
   |
41 |     TypeScript,
   |     ^^^^^^^^^^

warning: missing documentation for a variant
  --> crates/library/surface/package_compiler_failure.rs:42:5
   |
42 |     Python,
   |     ^^^^^^

warning: missing documentation for a variant
  --> crates/library/surface/package_compiler_failure.rs:43:5
   |
43 |     Go,
   |     ^^

warning: missing documentation for a variant
  --> crates/library/surface/package_compiler_failure.rs:44:5
   |
44 |     Java,
   |     ^^^^

warning: missing documentation for a variant
  --> crates/library/surface/package_compiler_failure.rs:45:5
   |
45 |     CSharp,
   |     ^^^^^^

warning: missing documentation for a variant
  --> crates/library/surface/package_compiler_failure.rs:46:5
   |
46 |     Clang,
   |     ^^^^^

warning: missing documentation for a variant
  --> crates/library/surface/package_compiler_failure.rs:53:5
   |
53 |     Parse,
   |     ^^^^^

   Compiling ruff_annotate_snippets v0.1.0 (https://github.com/astral-sh/ruff/?rev=db5aa0a5f1b92cb91d910bf0866a967554dd94f5#db5aa0a5)
warning: missing documentation for a variant
  --> crates/library/surface/package_compiler_failure.rs:54:5
   |
54 |     LowerIr,
   |     ^^^^^^^

warning: missing documentation for a variant
  --> crates/library/surface/package_compiler_failure.rs:61:5
   |
61 |     Rustc,
   |     ^^^^^

warning: missing documentation for a variant
  --> crates/library/surface/package_compiler_failure.rs:62:5
   |
62 |     Clang,
   |     ^^^^^

warning: missing documentation for a variant
  --> crates/library/surface/package_compiler_failure.rs:63:5
   |
63 |     Python,
   |     ^^^^^^

warning: missing documentation for a variant
  --> crates/library/surface/package_compiler_failure.rs:64:5
   |
64 |     TypeScriptCompiler,
   |     ^^^^^^^^^^^^^^^^^^

warning: missing documentation for a variant
  --> crates/library/surface/package_compiler_failure.rs:65:5
   |
65 |     GoCompiler,
   |     ^^^^^^^^^^

warning: missing documentation for a variant
  --> crates/library/surface/package_compiler_failure.rs:66:5
   |
66 |     JavaCompiler,
   |     ^^^^^^^^^^^^

warning: missing documentation for a variant
  --> crates/library/surface/package_compiler_failure.rs:67:5
   |
67 |     CSharpCompiler,
   |     ^^^^^^^^^^^^^^

warning: missing documentation for a struct field
   --> crates/library/surface/package_compiler_failure.rs:128:9
    |
128 |         language: CompilerLanguageFact,
    |         ^^^^^^^^^^^^^^^^^^^^^^^^^^^^^^

warning: missing documentation for a struct field
   --> crates/library/surface/package_compiler_failure.rs:129:9
    |
129 |         stage: CompilerStageFact,
    |         ^^^^^^^^^^^^^^^^^^^^^^^^

warning: missing documentation for a struct field
   --> crates/library/surface/package_compiler_failure.rs:130:9
    |
130 |         selected: CompilerNativeToolFact,
    |         ^^^^^^^^^^^^^^^^^^^^^^^^^^^^^^^^

warning: missing documentation for a struct field
   --> crates/library/surface/package_compiler_failure.rs:131:9
    |
131 |         configured: Option<CompilerNativeToolFact>,
    |         ^^^^^^^^^^^^^^^^^^^^^^^^^^^^^^^^^^^^^^^^^^

warning: missing documentation for a struct field
   --> crates/library/surface/package_compiler_failure.rs:135:9
    |
135 |         language: CompilerLanguageFact,
    |         ^^^^^^^^^^^^^^^^^^^^^^^^^^^^^^

warning: missing documentation for a struct field
   --> crates/library/surface/package_compiler_failure.rs:136:9
    |
136 |         stage: CompilerStageFact,
    |         ^^^^^^^^^^^^^^^^^^^^^^^^

warning: missing documentation for a struct field
   --> crates/library/surface/package_compiler_failure.rs:137:9
    |
137 |         tool: CompilerNativeToolFact,
    |         ^^^^^^^^^^^^^^^^^^^^^^^^^^^^

warning: missing documentation for a struct field
   --> crates/library/surface/package_compiler_failure.rs:141:9
    |
141 |         language: CompilerLanguageFact,
    |         ^^^^^^^^^^^^^^^^^^^^^^^^^^^^^^

warning: missing documentation for a struct field
   --> crates/library/surface/package_compiler_failure.rs:142:9
    |
142 |         stage: CompilerStageFact,
    |         ^^^^^^^^^^^^^^^^^^^^^^^^

warning: missing documentation for a struct field
   --> crates/library/surface/package_compiler_failure.rs:143:9
    |
143 |         issue: CompilerToolIssue,
    |         ^^^^^^^^^^^^^^^^^^^^^^^^

warning: missing documentation for a struct field
   --> crates/library/surface/package_compiler_failure.rs:149:9
    |
149 |         phase: AuthorityPhaseFact,
    |         ^^^^^^^^^^^^^^^^^^^^^^^^^

warning: missing documentation for a struct field
   --> crates/library/surface/package_compiler_failure.rs:150:9
    |
150 |         class: AuthorityClassFact,
    |         ^^^^^^^^^^^^^^^^^^^^^^^^^

warning: missing documentation for a struct field
   --> crates/library/surface/package_compiler_failure.rs:151:9
    |
151 |         diagnostic: Option<CompilerAuthorityDiagnosticFacts>,
    |         ^^^^^^^^^^^^^^^^^^^^^^^^^^^^^^^^^^^^^^^^^^^^^^^^^^^^

warning: missing documentation for a variant
   --> crates/library/surface/package_compiler_failure.rs:335:5
    |
335 |     Open,
    |     ^^^^

warning: missing documentation for a variant
   --> crates/library/surface/package_compiler_failure.rs:336:5
    |
336 |     Parse,
    |     ^^^^^

warning: missing documentation for a variant
   --> crates/library/surface/package_compiler_failure.rs:337:5
    |
337 |     Resolve,
    |     ^^^^^^^

warning: missing documentation for a variant
   --> crates/library/surface/package_compiler_failure.rs:338:5
    |
338 |     TypeCheck,
    |     ^^^^^^^^^

warning: missing documentation for a variant
   --> crates/library/surface/package_compiler_failure.rs:339:5
    |
339 |     Project,
    |     ^^^^^^^

warning: missing documentation for a variant
   --> crates/library/surface/package_compiler_failure.rs:346:5
    |
346 |     Syntax,
    |     ^^^^^^

warning: missing documentation for a variant
   --> crates/library/surface/package_compiler_failure.rs:347:5
    |
347 |     Binding,
    |     ^^^^^^^

warning: missing documentation for a variant
   --> crates/library/surface/package_compiler_failure.rs:348:5
    |
348 |     SourceScope,
    |     ^^^^^^^^^^^

warning: missing documentation for a variant
   --> crates/library/surface/package_compiler_failure.rs:349:5
    |
349 |     Type,
    |     ^^^^

warning: missing documentation for a variant
   --> crates/library/surface/package_compiler_failure.rs:350:5
    |
350 |     Authority,
    |     ^^^^^^^^^

warning: missing documentation for a variant
   --> crates/library/surface/package_compiler_failure.rs:351:5
    |
351 |     Projection,
    |     ^^^^^^^^^^

warning: missing documentation for a struct field
   --> crates/library/surface/package_compiler_failure.rs:358:5
    |
358 |     pub retained_bytes: u32,
    |     ^^^^^^^^^^^^^^^^^^^^^^^

warning: missing documentation for a struct field
   --> crates/library/surface/package_compiler_failure.rs:359:5
    |
359 |     pub observed_bytes: u64,
    |     ^^^^^^^^^^^^^^^^^^^^^^^

warning: missing documentation for a struct field
   --> crates/library/surface/package_compiler_failure.rs:360:5
    |
360 |     pub truncated: bool,
    |     ^^^^^^^^^^^^^^^^^^^

warning: missing documentation for a variant
   --> crates/library/surface/package_compiler_failure.rs:368:5
    |
368 |     NoSupportedDeclaration,
    |     ^^^^^^^^^^^^^^^^^^^^^^

warning: missing documentation for a variant
   --> crates/library/surface/package_compiler_failure.rs:369:5
    |
369 |     ExtensionAtomUnbound {
    |     ^^^^^^^^^^^^^^^^^^^^

warning: missing documentation for a struct field
   --> crates/library/surface/package_compiler_failure.rs:370:9
    |
370 |         row: u32,
    |         ^^^^^^^^

warning: missing documentation for a struct field
   --> crates/library/surface/package_compiler_failure.rs:371:9
    |
371 |         provisional: u32,
    |         ^^^^^^^^^^^^^^^^

warning: missing documentation for a struct field
   --> crates/library/surface/package_compiler_failure.rs:372:9
    |
372 |         atom_count: u32,
    |         ^^^^^^^^^^^^^^^

warning: missing documentation for a variant
   --> crates/library/surface/package_compiler_failure.rs:374:5
    |
374 |     ExtensionTypeParametersUnbound {
    |     ^^^^^^^^^^^^^^^^^^^^^^^^^^^^^^

warning: missing documentation for a struct field
   --> crates/library/surface/package_compiler_failure.rs:375:9
    |
375 |         row: u32,
    |         ^^^^^^^^

warning: missing documentation for a struct field
   --> crates/library/surface/package_compiler_failure.rs:376:9
    |
376 |         start: u32,
    |         ^^^^^^^^^^

warning: missing documentation for a struct field
   --> crates/library/surface/package_compiler_failure.rs:377:9
    |
377 |         length: u32,
    |         ^^^^^^^^^^^

warning: missing documentation for a struct field
   --> crates/library/surface/package_compiler_failure.rs:378:9
    |
378 |         element_count: u32,
    |         ^^^^^^^^^^^^^^^^^^

warning: missing documentation for a variant
   --> crates/library/surface/package_compiler_failure.rs:380:5
    |
380 |     FactRejected {
    |     ^^^^^^^^^^^^

warning: missing documentation for a struct field
   --> crates/library/surface/package_compiler_failure.rs:381:9
    |
381 |         fact: u64,
    |         ^^^^^^^^^

warning: missing documentation for a struct field
   --> crates/library/surface/package_compiler_failure.rs:382:9
    |
382 |         name_len: u64,
    |         ^^^^^^^^^^^^^

warning: missing documentation for a struct field
   --> crates/library/surface/package_compiler_failure.rs:383:9
    |
383 |         cause: PackageProjectionAdmissionFaultFacts,
    |         ^^^^^^^^^^^^^^^^^^^^^^^^^^^^^^^^^^^^^^^^^^^

warning: missing documentation for a variant
   --> crates/library/surface/package_compiler_failure.rs:385:5
    |
385 |     RustFunction,
    |     ^^^^^^^^^^^^

warning: missing documentation for a variant
   --> crates/library/surface/package_compiler_failure.rs:386:5
    |
386 |     RustConstantType,
    |     ^^^^^^^^^^^^^^^^

warning: missing documentation for a variant
   --> crates/library/surface/package_compiler_failure.rs:387:5
    |
387 |     RustGenericParameter,
    |     ^^^^^^^^^^^^^^^^^^^^

warning: missing documentation for a variant
   --> crates/library/surface/package_compiler_failure.rs:388:5
    |
388 |     PythonAssignmentName,
    |     ^^^^^^^^^^^^^^^^^^^^

warning: missing documentation for a variant
   --> crates/library/surface/package_compiler_failure.rs:389:5
    |
389 |     PythonAssignmentValue,
    |     ^^^^^^^^^^^^^^^^^^^^^

warning: missing documentation for a variant
   --> crates/library/surface/package_compiler_failure.rs:390:5
    |
390 |     ClangDeclarationForm,
    |     ^^^^^^^^^^^^^^^^^^^^

warning: missing documentation for a variant
   --> crates/library/surface/package_compiler_failure.rs:391:5
    |
391 |     TypeScriptDeclarationForm,
    |     ^^^^^^^^^^^^^^^^^^^^^^^^^

warning: missing documentation for a variant
   --> crates/library/surface/package_compiler_failure.rs:392:5
    |
392 |     TypeScriptDeclarationType,
    |     ^^^^^^^^^^^^^^^^^^^^^^^^^

warning: missing documentation for a variant
   --> crates/library/surface/package_compiler_failure.rs:393:5
    |
393 |     CSharpDeclarationForm,
    |     ^^^^^^^^^^^^^^^^^^^^^

warning: missing documentation for a variant
   --> crates/library/surface/package_compiler_failure.rs:394:5
    |
394 |     CSharpDeclarationType,
    |     ^^^^^^^^^^^^^^^^^^^^^

warning: missing documentation for a variant
   --> crates/library/surface/package_compiler_failure.rs:395:5
    |
395 |     GoDeclarationForm,
    |     ^^^^^^^^^^^^^^^^^

warning: missing documentation for a variant
   --> crates/library/surface/package_compiler_failure.rs:396:5
    |
396 |     GoDeclarationType,
    |     ^^^^^^^^^^^^^^^^^

warning: missing documentation for a variant
   --> crates/library/surface/package_compiler_failure.rs:397:5
    |
397 |     JavaDeclarationForm,
    |     ^^^^^^^^^^^^^^^^^^^

warning: missing documentation for a variant
   --> crates/library/surface/package_compiler_failure.rs:398:5
    |
398 |     JavaProjection {
    |     ^^^^^^^^^^^^^^

warning: missing documentation for a struct field
   --> crates/library/surface/package_compiler_failure.rs:399:9
    |
399 |         fault: PackageLanguageProjectionFault,
    |         ^^^^^^^^^^^^^^^^^^^^^^^^^^^^^^^^^^^^^

warning: missing documentation for a variant
   --> crates/library/surface/package_compiler_failure.rs:401:5
    |
401 |     GoProjection {
    |     ^^^^^^^^^^^^

warning: missing documentation for a struct field
   --> crates/library/surface/package_compiler_failure.rs:402:9
    |
402 |         fault: PackageLanguageProjectionFault,
    |         ^^^^^^^^^^^^^^^^^^^^^^^^^^^^^^^^^^^^^

warning: missing documentation for a variant
   --> crates/library/surface/package_compiler_failure.rs:404:5
    |
404 |     TypeScriptProjection {
    |     ^^^^^^^^^^^^^^^^^^^^

warning: missing documentation for a struct field
   --> crates/library/surface/package_compiler_failure.rs:405:9
    |
405 |         fault: PackageTypeScriptProjectionFaultFacts,
    |         ^^^^^^^^^^^^^^^^^^^^^^^^^^^^^^^^^^^^^^^^^^^^

warning: missing documentation for a variant
   --> crates/library/surface/package_compiler_failure.rs:407:5
    |
407 |     PythonProjection {
    |     ^^^^^^^^^^^^^^^^

warning: missing documentation for a struct field
   --> crates/library/surface/package_compiler_failure.rs:408:9
    |
408 |         fault: PackageLanguageProjectionFault,
    |         ^^^^^^^^^^^^^^^^^^^^^^^^^^^^^^^^^^^^^

warning: missing documentation for a variant
   --> crates/library/surface/package_compiler_failure.rs:410:5
    |
410 |     CSharpProjection {
    |     ^^^^^^^^^^^^^^^^

warning: missing documentation for a struct field
   --> crates/library/surface/package_compiler_failure.rs:411:9
    |
411 |         fault: PackageLanguageProjectionFault,
    |         ^^^^^^^^^^^^^^^^^^^^^^^^^^^^^^^^^^^^^

warning: missing documentation for a variant
   --> crates/library/surface/package_compiler_failure.rs:413:5
    |
413 |     ClangProjection {
    |     ^^^^^^^^^^^^^^^

warning: missing documentation for a struct field
   --> crates/library/surface/package_compiler_failure.rs:414:9
    |
414 |         fault: PackageLanguageProjectionFault,
    |         ^^^^^^^^^^^^^^^^^^^^^^^^^^^^^^^^^^^^^

warning: missing documentation for a variant
   --> crates/library/surface/package_compiler_failure.rs:456:5
    |
456 |     ForeignKey {
    |     ^^^^^^^^^^

warning: missing documentation for a struct field
   --> crates/library/surface/package_compiler_failure.rs:457:9
    |
457 |         start: u32,
    |         ^^^^^^^^^^

warning: missing documentation for a struct field
   --> crates/library/surface/package_compiler_failure.rs:458:9
    |
458 |         end: u32,
    |         ^^^^^^^^

warning: missing documentation for a struct field
   --> crates/library/surface/package_compiler_failure.rs:459:9
    |
459 |         cause: PackageForeignKeyFaultFacts,
    |         ^^^^^^^^^^^^^^^^^^^^^^^^^^^^^^^^^^

warning: missing documentation for a variant
   --> crates/library/surface/package_compiler_failure.rs:461:5
    |
461 |     PackageLineage {
    |     ^^^^^^^^^^^^^^

warning: missing documentation for a struct field
   --> crates/library/surface/package_compiler_failure.rs:462:9
    |
462 |         start: u32,
    |         ^^^^^^^^^^

warning: missing documentation for a struct field
   --> crates/library/surface/package_compiler_failure.rs:463:9
    |
463 |         end: u32,
    |         ^^^^^^^^

warning: missing documentation for a struct field
   --> crates/library/surface/package_compiler_failure.rs:464:9
    |
464 |         cause: PackageLineageFaultFacts,
    |         ^^^^^^^^^^^^^^^^^^^^^^^^^^^^^^^

warning: missing documentation for a variant
   --> crates/library/surface/package_compiler_failure.rs:466:5
    |
466 |     CoordinateOverflow {
    |     ^^^^^^^^^^^^^^^^^^

warning: missing documentation for a struct field
   --> crates/library/surface/package_compiler_failure.rs:467:9
    |
467 |         value: u64,
    |         ^^^^^^^^^^

warning: missing documentation for a variant
   --> crates/library/surface/package_compiler_failure.rs:469:5
    |
469 |     MissingImportBinding {
    |     ^^^^^^^^^^^^^^^^^^^^

warning: missing documentation for a struct field
   --> crates/library/surface/package_compiler_failure.rs:470:9
    |
470 |         fact: u32,
    |         ^^^^^^^^^

warning: missing documentation for a variant
   --> crates/library/surface/package_compiler_failure.rs:526:5
    |
526 |     JavaImage,
    |     ^^^^^^^^^

warning: missing documentation for a variant
   --> crates/library/surface/package_compiler_failure.rs:527:5
    |
527 |     JavaDepth,
    |     ^^^^^^^^^

warning: missing documentation for a variant
   --> crates/library/surface/package_compiler_failure.rs:528:5
    |
528 |     JavaMalformedType,
    |     ^^^^^^^^^^^^^^^^^

warning: missing documentation for a variant
   --> crates/library/surface/package_compiler_failure.rs:529:5
    |
529 |     JavaPrimitive,
    |     ^^^^^^^^^^^^^

warning: missing documentation for a variant
   --> crates/library/surface/package_compiler_failure.rs:530:5
    |
530 |     JavaAtomUtf8,
    |     ^^^^^^^^^^^^

warning: missing documentation for a variant
   --> crates/library/surface/package_compiler_failure.rs:531:5
    |
531 |     JavaSourceUtf8,
    |     ^^^^^^^^^^^^^^

warning: missing documentation for a variant
   --> crates/library/surface/package_compiler_failure.rs:532:5
    |
532 |     JavaUtf16Offset,
    |     ^^^^^^^^^^^^^^^

warning: missing documentation for a variant
   --> crates/library/surface/package_compiler_failure.rs:533:5
    |
533 |     JavaUtf16Range,
    |     ^^^^^^^^^^^^^^

warning: missing documentation for a variant
   --> crates/library/surface/package_compiler_failure.rs:534:5
    |
534 |     JavaOrphanOwner,
    |     ^^^^^^^^^^^^^^^

warning: missing documentation for a variant
   --> crates/library/surface/package_compiler_failure.rs:535:5
    |
535 |     JavaForeignKey,
    |     ^^^^^^^^^^^^^^

warning: missing documentation for a variant
   --> crates/library/surface/package_compiler_failure.rs:536:5
    |
536 |     JavaSiblingCapacity,
    |     ^^^^^^^^^^^^^^^^^^^

warning: missing documentation for a variant
   --> crates/library/surface/package_compiler_failure.rs:537:5
    |
537 |     JavaIndexCapacity,
    |     ^^^^^^^^^^^^^^^^^

warning: missing documentation for a variant
   --> crates/library/surface/package_compiler_failure.rs:538:5
    |
538 |     GoImage,
    |     ^^^^^^^

warning: missing documentation for a variant
   --> crates/library/surface/package_compiler_failure.rs:539:5
    |
539 |     GoIndexCapacity,
    |     ^^^^^^^^^^^^^^^

warning: missing documentation for a variant
   --> crates/library/surface/package_compiler_failure.rs:540:5
    |
540 |     GoDepth,
    |     ^^^^^^^

warning: missing documentation for a variant
   --> crates/library/surface/package_compiler_failure.rs:541:5
    |
541 |     GoVariadicWithoutParameter,
    |     ^^^^^^^^^^^^^^^^^^^^^^^^^^

warning: missing documentation for a variant
   --> crates/library/surface/package_compiler_failure.rs:542:5
    |
542 |     GoAnchor,
    |     ^^^^^^^^

warning: missing documentation for a variant
   --> crates/library/surface/package_compiler_failure.rs:543:5
    |
543 |     GoListCapacity,
    |     ^^^^^^^^^^^^^^

warning: missing documentation for a variant
   --> crates/library/surface/package_compiler_failure.rs:544:5
    |
544 |     GoOrphanTarget,
    |     ^^^^^^^^^^^^^^

warning: missing documentation for a variant
   --> crates/library/surface/package_compiler_failure.rs:545:5
    |
545 |     GoForeignKey,
    |     ^^^^^^^^^^^^

warning: missing documentation for a variant
   --> crates/library/surface/package_compiler_failure.rs:546:5
    |
546 |     GoPackageLineage,
    |     ^^^^^^^^^^^^^^^^

warning: missing documentation for a variant
   --> crates/library/surface/package_compiler_failure.rs:547:5
    |
547 |     GoAtomUtf8,
    |     ^^^^^^^^^^

warning: missing documentation for a variant
   --> crates/library/surface/package_compiler_failure.rs:548:5
    |
548 |     GoRelativeSpan,
    |     ^^^^^^^^^^^^^^

warning: missing documentation for a variant
   --> crates/library/surface/package_compiler_failure.rs:549:5
    |
549 |     GoOrphanOwner,
    |     ^^^^^^^^^^^^^

warning: missing documentation for a variant
   --> crates/library/surface/package_compiler_failure.rs:550:5
    |
550 |     GoAdmission,
    |     ^^^^^^^^^^^

warning: missing documentation for a variant
   --> crates/library/surface/package_compiler_failure.rs:551:5
    |
551 |     PythonForeignSpellingUtf8,
    |     ^^^^^^^^^^^^^^^^^^^^^^^^^

warning: missing documentation for a variant
   --> crates/library/surface/package_compiler_failure.rs:552:5
    |
552 |     PythonForeignKey,
    |     ^^^^^^^^^^^^^^^^

warning: missing documentation for a variant
   --> crates/library/surface/package_compiler_failure.rs:553:5
    |
553 |     PythonPackageLineage,
    |     ^^^^^^^^^^^^^^^^^^^^

warning: missing documentation for a variant
   --> crates/library/surface/package_compiler_failure.rs:554:5
    |
554 |     PythonContainment,
    |     ^^^^^^^^^^^^^^^^^

warning: missing documentation for a variant
   --> crates/library/surface/package_compiler_failure.rs:555:5
    |
555 |     CSharpImage,
    |     ^^^^^^^^^^^

warning: missing documentation for a variant
   --> crates/library/surface/package_compiler_failure.rs:556:5
    |
556 |     CSharpDepth,
    |     ^^^^^^^^^^^

warning: missing documentation for a variant
   --> crates/library/surface/package_compiler_failure.rs:557:5
    |
557 |     CSharpNameSpan,
    |     ^^^^^^^^^^^^^^

warning: missing documentation for a variant
   --> crates/library/surface/package_compiler_failure.rs:558:5
    |
558 |     CSharpOwnerOrder,
    |     ^^^^^^^^^^^^^^^^

warning: missing documentation for a variant
   --> crates/library/surface/package_compiler_failure.rs:559:5
    |
559 |     CSharpAnchor,
    |     ^^^^^^^^^^^^

warning: missing documentation for a variant
   --> crates/library/surface/package_compiler_failure.rs:560:5
    |
560 |     CSharpForeign,
    |     ^^^^^^^^^^^^^

warning: missing documentation for a variant
   --> crates/library/surface/package_compiler_failure.rs:561:5
    |
561 |     CSharpAttributeCapacity,
    |     ^^^^^^^^^^^^^^^^^^^^^^^

warning: missing documentation for a variant
   --> crates/library/surface/package_compiler_failure.rs:562:5
    |
562 |     CSharpIndexCapacity,
    |     ^^^^^^^^^^^^^^^^^^^

warning: missing documentation for a variant
   --> crates/library/surface/package_compiler_failure.rs:563:5
    |
563 |     CSharpHeterogeneousArrayRank,
    |     ^^^^^^^^^^^^^^^^^^^^^^^^^^^^

warning: missing documentation for a variant
   --> crates/library/surface/package_compiler_failure.rs:564:5
    |
564 |     CSharpResultName,
    |     ^^^^^^^^^^^^^^^^

warning: missing documentation for a variant
   --> crates/library/surface/package_compiler_failure.rs:565:5
    |
565 |     CSharpAdmission,
    |     ^^^^^^^^^^^^^^^

warning: missing documentation for a variant
   --> crates/library/surface/package_compiler_failure.rs:566:5
    |
566 |     ClangSpan,
    |     ^^^^^^^^^

warning: missing documentation for a variant
   --> crates/library/surface/package_compiler_failure.rs:567:5
    |
567 |     ClangNameless,
    |     ^^^^^^^^^^^^^

warning: missing documentation for a variant
   --> crates/library/surface/package_compiler_failure.rs:568:5
    |
568 |     ClangAnchor,
    |     ^^^^^^^^^^^

warning: missing documentation for a variant
   --> crates/library/surface/package_compiler_failure.rs:569:5
    |
569 |     ClangIndexCapacity,
    |     ^^^^^^^^^^^^^^^^^^

warning: missing documentation for a variant
   --> crates/library/surface/package_compiler_failure.rs:570:5
    |
570 |     ClangForeignOverride,
    |     ^^^^^^^^^^^^^^^^^^^^

warning: missing documentation for a variant
   --> crates/library/surface/package_compiler_failure.rs:571:5
    |
571 |     ClangForeignReference,
    |     ^^^^^^^^^^^^^^^^^^^^^

warning: missing documentation for a variant
   --> crates/library/surface/package_compiler_failure.rs:572:5
    |
572 |     ClangIllegalQualifierTarget,
    |     ^^^^^^^^^^^^^^^^^^^^^^^^^^^

warning: missing documentation for a variant
   --> crates/library/surface/package_compiler_failure.rs:573:5
    |
573 |     ClangIllegalMemberPointerOwner,
    |     ^^^^^^^^^^^^^^^^^^^^^^^^^^^^^^

warning: missing documentation for a variant
   --> crates/library/surface/package_compiler_failure.rs:641:5
    |
641 |     Tag {
    |     ^^^

warning: missing documentation for a struct field
   --> crates/library/surface/package_compiler_failure.rs:642:9
    |
642 |         actual: u32,
    |         ^^^^^^^^^^^

warning: missing documentation for a variant
   --> crates/library/surface/package_compiler_failure.rs:644:5
    |
644 |     ReservedPayload {
    |     ^^^^^^^^^^^^^^^

warning: missing documentation for a struct field
   --> crates/library/surface/package_compiler_failure.rs:645:9
    |
645 |         tag: u8,
    |         ^^^^^^^

warning: missing documentation for a struct field
   --> crates/library/surface/package_compiler_failure.rs:646:9
    |
646 |         payload0: u32,
    |         ^^^^^^^^^^^^^

warning: missing documentation for a struct field
   --> crates/library/surface/package_compiler_failure.rs:647:9
    |
647 |         payload1: u32,
    |         ^^^^^^^^^^^^^

warning: missing documentation for a variant
   --> crates/library/surface/package_compiler_failure.rs:649:5
    |
649 |     ArityOverflow {
    |     ^^^^^^^^^^^^^

warning: missing documentation for a struct field
   --> crates/library/surface/package_compiler_failure.rs:650:9
    |
650 |         tag: u8,
    |         ^^^^^^^

warning: missing documentation for a struct field
   --> crates/library/surface/package_compiler_failure.rs:651:9
    |
651 |         payload0: u32,
    |         ^^^^^^^^^^^^^

warning: missing documentation for a struct field
   --> crates/library/surface/package_compiler_failure.rs:652:9
    |
652 |         payload1: u32,
    |         ^^^^^^^^^^^^^

warning: missing documentation for a variant
   --> crates/library/surface/package_compiler_failure.rs:654:5
    |
654 |     Arity {
    |     ^^^^^

warning: missing documentation for a struct field
   --> crates/library/surface/package_compiler_failure.rs:655:9
    |
655 |         tag: u8,
    |         ^^^^^^^

warning: missing documentation for a struct field
   --> crates/library/surface/package_compiler_failure.rs:656:9
    |
656 |         expected: u32,
    |         ^^^^^^^^^^^^^

warning: missing documentation for a struct field
   --> crates/library/surface/package_compiler_failure.rs:657:9
    |
657 |         actual: u32,
    |         ^^^^^^^^^^^

warning: missing documentation for a variant
   --> crates/library/surface/package_compiler_failure.rs:676:5
    |
676 |     Tag {
    |     ^^^

warning: missing documentation for a struct field
   --> crates/library/surface/package_compiler_failure.rs:677:9
    |
677 |         actual: u8,
    |         ^^^^^^^^^^

warning: missing documentation for a variant
   --> crates/library/surface/package_compiler_failure.rs:679:5
    |
679 |     ReservedCell {
    |     ^^^^^^^^^^^^

warning: missing documentation for a struct field
   --> crates/library/surface/package_compiler_failure.rs:680:9
    |
680 |         tag: PackageTypeTagFact,
    |         ^^^^^^^^^^^^^^^^^^^^^^^

warning: missing documentation for a struct field
   --> crates/library/surface/package_compiler_failure.rs:681:9
    |
681 |         cell: PackageTypeCellFact,
    |         ^^^^^^^^^^^^^^^^^^^^^^^^^

warning: missing documentation for a struct field
   --> crates/library/surface/package_compiler_failure.rs:682:9
    |
682 |         actual: u32,
    |         ^^^^^^^^^^^

warning: missing documentation for a variant
   --> crates/library/surface/package_compiler_failure.rs:684:5
    |
684 |     MissingCell {
    |     ^^^^^^^^^^^

warning: missing documentation for a struct field
   --> crates/library/surface/package_compiler_failure.rs:685:9
    |
685 |         tag: PackageTypeTagFact,
    |         ^^^^^^^^^^^^^^^^^^^^^^^

warning: missing documentation for a struct field
   --> crates/library/surface/package_compiler_failure.rs:686:9
    |
686 |         cell: PackageTypeCellFact,
    |         ^^^^^^^^^^^^^^^^^^^^^^^^^

warning: missing documentation for a variant
   --> crates/library/surface/package_compiler_failure.rs:688:5
    |
688 |     Reason {
    |     ^^^^^^

warning: missing documentation for a struct field
   --> crates/library/surface/package_compiler_failure.rs:689:9
    |
689 |         actual: u32,
    |         ^^^^^^^^^^^

warning: missing documentation for a variant
   --> crates/library/surface/package_compiler_failure.rs:691:5
    |
691 |     PrimitiveShape {
    |     ^^^^^^^^^^^^^^

warning: missing documentation for a struct field
   --> crates/library/surface/package_compiler_failure.rs:692:9
    |
692 |         actual: u32,
    |         ^^^^^^^^^^^

warning: missing documentation for a variant
   --> crates/library/surface/package_compiler_failure.rs:694:5
    |
694 |     CvQualifiers {
    |     ^^^^^^^^^^^^

warning: missing documentation for a struct field
   --> crates/library/surface/package_compiler_failure.rs:695:9
    |
695 |         actual: u32,
    |         ^^^^^^^^^^^

warning: missing documentation for a variant
   --> crates/library/surface/package_compiler_failure.rs:697:5
    |
697 |     Width {
    |     ^^^^^

warning: missing documentation for a struct field
   --> crates/library/surface/package_compiler_failure.rs:698:9
    |
698 |         actual: u32,
    |         ^^^^^^^^^^^

warning: missing documentation for a variant
   --> crates/library/surface/package_compiler_failure.rs:700:5
    |
700 |     ChildCount {
    |     ^^^^^^^^^^

warning: missing documentation for a struct field
   --> crates/library/surface/package_compiler_failure.rs:701:9
    |
701 |         tag: PackageTypeTagFact,
    |         ^^^^^^^^^^^^^^^^^^^^^^^

warning: missing documentation for a struct field
   --> crates/library/surface/package_compiler_failure.rs:702:9
    |
702 |         min: u32,
    |         ^^^^^^^^

warning: missing documentation for a struct field
   --> crates/library/surface/package_compiler_failure.rs:703:9
    |
703 |         max: u32,
    |         ^^^^^^^^

warning: missing documentation for a struct field
   --> crates/library/surface/package_compiler_failure.rs:704:9
    |
704 |         actual: u32,
    |         ^^^^^^^^^^^

warning: missing documentation for a variant
   --> crates/library/surface/package_compiler_failure.rs:706:5
    |
706 |     ChildNameForbidden {
    |     ^^^^^^^^^^^^^^^^^^

warning: missing documentation for a struct field
   --> crates/library/surface/package_compiler_failure.rs:707:9
    |
707 |         tag: PackageTypeTagFact,
    |         ^^^^^^^^^^^^^^^^^^^^^^^

warning: missing documentation for a struct field
   --> crates/library/surface/package_compiler_failure.rs:708:9
    |
708 |         position: u32,
    |         ^^^^^^^^^^^^^

warning: missing documentation for a variant
   --> crates/library/surface/package_compiler_failure.rs:710:5
    |
710 |     ChildNameRequired {
    |     ^^^^^^^^^^^^^^^^^

warning: missing documentation for a struct field
   --> crates/library/surface/package_compiler_failure.rs:711:9
    |
711 |         tag: PackageTypeTagFact,
    |         ^^^^^^^^^^^^^^^^^^^^^^^

warning: missing documentation for a struct field
   --> crates/library/surface/package_compiler_failure.rs:712:9
    |
712 |         position: u32,
    |         ^^^^^^^^^^^^^

warning: missing documentation for a variant
   --> crates/library/surface/package_compiler_failure.rs:714:5
    |
714 |     ChildFlagsForbidden {
    |     ^^^^^^^^^^^^^^^^^^^

warning: missing documentation for a struct field
   --> crates/library/surface/package_compiler_failure.rs:715:9
    |
715 |         tag: PackageTypeTagFact,
    |         ^^^^^^^^^^^^^^^^^^^^^^^

warning: missing documentation for a struct field
   --> crates/library/surface/package_compiler_failure.rs:716:9
    |
716 |         position: u32,
    |         ^^^^^^^^^^^^^

warning: missing documentation for a struct field
   --> crates/library/surface/package_compiler_failure.rs:717:9
    |
717 |         actual: u8,
    |         ^^^^^^^^^^

warning: missing documentation for a variant
   --> crates/library/surface/package_compiler_failure.rs:719:5
    |
719 |     VariadicParameter {
    |     ^^^^^^^^^^^^^^^^^

warning: missing documentation for a struct field
   --> crates/library/surface/package_compiler_failure.rs:720:9
    |
720 |         position: u32,
    |         ^^^^^^^^^^^^^

warning: missing documentation for a struct field
   --> crates/library/surface/package_compiler_failure.rs:721:9
    |
721 |         actual: u8,
    |         ^^^^^^^^^^

warning: missing documentation for a variant
   --> crates/library/surface/package_compiler_failure.rs:723:5
    |
723 |     ChildTextForbidden {
    |     ^^^^^^^^^^^^^^^^^^

warning: missing documentation for a struct field
   --> crates/library/surface/package_compiler_failure.rs:724:9
    |
724 |         tag: PackageTypeTagFact,
    |         ^^^^^^^^^^^^^^^^^^^^^^^

warning: missing documentation for a struct field
   --> crates/library/surface/package_compiler_failure.rs:725:9
    |
725 |         position: u32,
    |         ^^^^^^^^^^^^^

warning: missing documentation for a variant
   --> crates/library/surface/package_compiler_failure.rs:753:5
    |
753 |     SelfType,
    |     ^^^^^^^^

warning: missing documentation for a variant
   --> crates/library/surface/package_compiler_failure.rs:754:5
    |
754 |     Primitive,
    |     ^^^^^^^^^

warning: missing documentation for a variant
   --> crates/library/surface/package_compiler_failure.rs:755:5
    |
755 |     Tuple,
    |     ^^^^^

warning: missing documentation for a variant
   --> crates/library/surface/package_compiler_failure.rs:756:5
    |
756 |     Slice,
    |     ^^^^^

warning: missing documentation for a variant
   --> crates/library/surface/package_compiler_failure.rs:757:5
    |
757 |     Array,
    |     ^^^^^

warning: missing documentation for a variant
   --> crates/library/surface/package_compiler_failure.rs:758:5
    |
758 |     Union,
    |     ^^^^^

warning: missing documentation for a variant
   --> crates/library/surface/package_compiler_failure.rs:759:5
    |
759 |     Intersection,
    |     ^^^^^^^^^^^^

warning: missing documentation for a variant
   --> crates/library/surface/package_compiler_failure.rs:760:5
    |
760 |     Never,
    |     ^^^^^

warning: missing documentation for a variant
   --> crates/library/surface/package_compiler_failure.rs:761:5
    |
761 |     Any,
    |     ^^^

warning: missing documentation for a variant
   --> crates/library/surface/package_compiler_failure.rs:762:5
    |
762 |     Unknown,
    |     ^^^^^^^

warning: missing documentation for a variant
   --> crates/library/surface/package_compiler_failure.rs:763:5
    |
763 |     Nominal,
    |     ^^^^^^^

warning: missing documentation for a variant
   --> crates/library/surface/package_compiler_failure.rs:764:5
    |
764 |     Apply,
    |     ^^^^^

warning: missing documentation for a variant
   --> crates/library/surface/package_compiler_failure.rs:765:5
    |
765 |     TypeVar,
    |     ^^^^^^^

warning: missing documentation for a variant
   --> crates/library/surface/package_compiler_failure.rs:766:5
    |
766 |     Wildcard,
    |     ^^^^^^^^

warning: missing documentation for a variant
   --> crates/library/surface/package_compiler_failure.rs:767:5
    |
767 |     FunctionPointer,
    |     ^^^^^^^^^^^^^^^

warning: missing documentation for a variant
   --> crates/library/surface/package_compiler_failure.rs:768:5
    |
768 |     Annotated,
    |     ^^^^^^^^^

warning: missing documentation for a variant
   --> crates/library/surface/package_compiler_failure.rs:769:5
    |
769 |     Conditional,
    |     ^^^^^^^^^^^

warning: missing documentation for a variant
   --> crates/library/surface/package_compiler_failure.rs:770:5
    |
770 |     Mapped,
    |     ^^^^^^

warning: missing documentation for a variant
   --> crates/library/surface/package_compiler_failure.rs:771:5
    |
771 |     TemplateLiteral,
    |     ^^^^^^^^^^^^^^^

warning: missing documentation for a variant
   --> crates/library/surface/package_compiler_failure.rs:772:5
    |
772 |     AnonymousRecord,
    |     ^^^^^^^^^^^^^^^

warning: missing documentation for a variant
   --> crates/library/surface/package_compiler_failure.rs:773:5
    |
773 |     ImplTrait,
    |     ^^^^^^^^^

warning: missing documentation for a variant
   --> crates/library/surface/package_compiler_failure.rs:774:5
    |
774 |     DynTrait,
    |     ^^^^^^^^

warning: missing documentation for a variant
   --> crates/library/surface/package_compiler_failure.rs:775:5
    |
775 |     Inferred,
    |     ^^^^^^^^

warning: missing documentation for a variant
   --> crates/library/surface/package_compiler_failure.rs:776:5
    |
776 |     QualifiedPath,
    |     ^^^^^^^^^^^^^

warning: missing documentation for a variant
   --> crates/library/surface/package_compiler_failure.rs:777:5
    |
777 |     Map,
    |     ^^^

warning: missing documentation for a variant
   --> crates/library/surface/package_compiler_failure.rs:778:5
    |
778 |     Channel,
    |     ^^^^^^^

warning: missing documentation for a variant
   --> crates/library/surface/package_compiler_failure.rs:779:5
    |
779 |     ArraySequence,
    |     ^^^^^^^^^^^^^

warning: missing documentation for a variant
   --> crates/library/surface/package_compiler_failure.rs:780:5
    |
780 |     ArrayRectangular,
    |     ^^^^^^^^^^^^^^^^

warning: missing documentation for a variant
   --> crates/library/surface/package_compiler_failure.rs:781:5
    |
781 |     ArrayFixed,
    |     ^^^^^^^^^^

warning: missing documentation for a variant
   --> crates/library/surface/package_compiler_failure.rs:782:5
    |
782 |     ArrayConstExpression,
    |     ^^^^^^^^^^^^^^^^^^^^

warning: missing documentation for a variant
   --> crates/library/surface/package_compiler_failure.rs:783:5
    |
783 |     ArrayIncomplete,
    |     ^^^^^^^^^^^^^^^

warning: missing documentation for a variant
   --> crates/library/surface/package_compiler_failure.rs:784:5
    |
784 |     CQualified,
    |     ^^^^^^^^^^

warning: missing documentation for a variant
   --> crates/library/surface/package_compiler_failure.rs:785:5
    |
785 |     KeyOf,
    |     ^^^^^

warning: missing documentation for a variant
   --> crates/library/surface/package_compiler_failure.rs:786:5
    |
786 |     IndexedAccess,
    |     ^^^^^^^^^^^^^

warning: missing documentation for a variant
   --> crates/library/surface/package_compiler_failure.rs:787:5
    |
787 |     TypeOf,
    |     ^^^^^^

warning: missing documentation for a variant
   --> crates/library/surface/package_compiler_failure.rs:794:5
    |
794 |     Payload0,
    |     ^^^^^^^^

warning: missing documentation for a variant
   --> crates/library/surface/package_compiler_failure.rs:795:5
    |
795 |     Payload1,
    |     ^^^^^^^^

warning: missing documentation for a variant
   --> crates/library/surface/package_compiler_failure.rs:796:5
    |
796 |     Text,
    |     ^^^^

warning: missing documentation for a variant
   --> crates/library/surface/package_compiler_failure.rs:797:5
    |
797 |     Text2,
    |     ^^^^^

warning: missing documentation for a variant
   --> crates/library/surface/package_compiler_failure.rs:798:5
    |
798 |     Nominal,
    |     ^^^^^^^

warning: missing documentation for a variant
   --> crates/library/surface/package_compiler_failure.rs:806:5
    |
806 |     EmptyName,
    |     ^^^^^^^^^

warning: missing documentation for a variant
   --> crates/library/surface/package_compiler_failure.rs:807:5
    |
807 |     AnonymousCallableAnchor {
    |     ^^^^^^^^^^^^^^^^^^^^^^^

warning: missing documentation for a struct field
   --> crates/library/surface/package_compiler_failure.rs:808:9
    |
808 |         cause: PackageAnonymousCallableAnchorFaultFacts,
    |         ^^^^^^^^^^^^^^^^^^^^^^^^^^^^^^^^^^^^^^^^^^^^^^^

warning: missing documentation for a variant
   --> crates/library/surface/package_compiler_failure.rs:810:5
    |
810 |     AnonymousCallableAnchorPoolCapacity {
    |     ^^^^^^^^^^^^^^^^^^^^^^^^^^^^^^^^^^^

warning: missing documentation for a struct field
   --> crates/library/surface/package_compiler_failure.rs:811:9
    |
811 |         pool: PackageAnonymousCallableAnchorPoolFact,
    |         ^^^^^^^^^^^^^^^^^^^^^^^^^^^^^^^^^^^^^^^^^^^^

warning: missing documentation for a struct field
   --> crates/library/surface/package_compiler_failure.rs:812:9
    |
812 |         used: u64,
    |         ^^^^^^^^^

warning: missing documentation for a struct field
   --> crates/library/surface/package_compiler_failure.rs:813:9
    |
813 |         requested: u64,
    |         ^^^^^^^^^^^^^^

warning: missing documentation for a struct field
   --> crates/library/surface/package_compiler_failure.rs:814:9
    |
814 |         capacity: u64,
    |         ^^^^^^^^^^^^^

warning: missing documentation for a variant
   --> crates/library/surface/package_compiler_failure.rs:816:5
    |
816 |     Capacity,
    |     ^^^^^^^^

warning: missing documentation for a variant
   --> crates/library/surface/package_compiler_failure.rs:817:5
    |
817 |     ChildCapacity,
    |     ^^^^^^^^^^^^^

warning: missing documentation for a variant
   --> crates/library/surface/package_compiler_failure.rs:818:5
    |
818 |     ProductChildPoolCapacity {
    |     ^^^^^^^^^^^^^^^^^^^^^^^^

warning: missing documentation for a struct field
   --> crates/library/surface/package_compiler_failure.rs:819:9
    |
819 |         used: u64,
    |         ^^^^^^^^^

warning: missing documentation for a struct field
   --> crates/library/surface/package_compiler_failure.rs:820:9
    |
820 |         requested: u64,
    |         ^^^^^^^^^^^^^^

warning: missing documentation for a struct field
   --> crates/library/surface/package_compiler_failure.rs:821:9
    |
821 |         capacity: u64,
    |         ^^^^^^^^^^^^^

warning: missing documentation for a variant
   --> crates/library/surface/package_compiler_failure.rs:823:5
    |
823 |     Constructor {
    |     ^^^^^^^^^^^

warning: missing documentation for a struct field
   --> crates/library/surface/package_compiler_failure.rs:824:9
    |
824 |         cause: PackageProjectionConstructorFaultFacts,
    |         ^^^^^^^^^^^^^^^^^^^^^^^^^^^^^^^^^^^^^^^^^^^^^

warning: missing documentation for a variant
   --> crates/library/surface/package_compiler_failure.rs:826:5
    |
826 |     ChildRole {
    |     ^^^^^^^^^

warning: missing documentation for a struct field
   --> crates/library/surface/package_compiler_failure.rs:827:9
    |
827 |         position: u64,
    |         ^^^^^^^^^^^^^

warning: missing documentation for a struct field
   --> crates/library/surface/package_compiler_failure.rs:828:9
    |
828 |         expected: u8,
    |         ^^^^^^^^^^^^

warning: missing documentation for a struct field
   --> crates/library/surface/package_compiler_failure.rs:829:9
    |
829 |         actual: u8,
    |         ^^^^^^^^^^

warning: missing documentation for a variant
   --> crates/library/surface/package_compiler_failure.rs:831:5
    |
831 |     ChildTarget {
    |     ^^^^^^^^^^^

warning: missing documentation for a struct field
   --> crates/library/surface/package_compiler_failure.rs:832:9
    |
832 |         position: u64,
    |         ^^^^^^^^^^^^^

warning: missing documentation for a struct field
   --> crates/library/surface/package_compiler_failure.rs:833:9
    |
833 |         target: u32,
    |         ^^^^^^^^^^^

warning: missing documentation for a struct field
   --> crates/library/surface/package_compiler_failure.rs:834:9
    |
834 |         fact_count: u64,
    |         ^^^^^^^^^^^^^^^

warning: missing documentation for a variant
   --> crates/library/surface/package_compiler_failure.rs:836:5
    |
836 |     TypeRecord {
    |     ^^^^^^^^^^

warning: missing documentation for a struct field
   --> crates/library/surface/package_compiler_failure.rs:837:9
    |
837 |         cause: PackageProjectionSemanticTypeFaultFacts,
    |         ^^^^^^^^^^^^^^^^^^^^^^^^^^^^^^^^^^^^^^^^^^^^^^

warning: missing documentation for a variant
   --> crates/library/surface/package_compiler_failure.rs:839:5
    |
839 |     TypeChild {
    |     ^^^^^^^^^

warning: missing documentation for a struct field
   --> crates/library/surface/package_compiler_failure.rs:840:9
    |
840 |         position: u64,
    |         ^^^^^^^^^^^^^

warning: missing documentation for a struct field
   --> crates/library/surface/package_compiler_failure.rs:841:9
    |
841 |         cause: PackageProjectionSemanticTypeFaultFacts,
    |         ^^^^^^^^^^^^^^^^^^^^^^^^^^^^^^^^^^^^^^^^^^^^^^

warning: missing documentation for a variant
   --> crates/library/surface/package_compiler_failure.rs:843:5
    |
843 |     TypeChildTarget {
    |     ^^^^^^^^^^^^^^^

warning: missing documentation for a struct field
   --> crates/library/surface/package_compiler_failure.rs:844:9
    |
844 |         position: u64,
    |         ^^^^^^^^^^^^^

warning: missing documentation for a struct field
   --> crates/library/surface/package_compiler_failure.rs:845:9
    |
845 |         target: u32,
    |         ^^^^^^^^^^^

warning: missing documentation for a struct field
   --> crates/library/surface/package_compiler_failure.rs:846:9
    |
846 |         fact_count: u64,
    |         ^^^^^^^^^^^^^^^

warning: missing documentation for a variant
   --> crates/library/surface/package_compiler_failure.rs:848:5
    |
848 |     TypeChildCapacity,
    |     ^^^^^^^^^^^^^^^^^

warning: missing documentation for a variant
   --> crates/library/surface/package_compiler_failure.rs:849:5
    |
849 |     TypeChildPoolCapacity {
    |     ^^^^^^^^^^^^^^^^^^^^^

warning: missing documentation for a struct field
   --> crates/library/surface/package_compiler_failure.rs:850:9
    |
850 |         lane: u8,
    |         ^^^^^^^^

warning: missing documentation for a struct field
   --> crates/library/surface/package_compiler_failure.rs:851:9
    |
851 |         used: u64,
    |         ^^^^^^^^^

warning: missing documentation for a struct field
   --> crates/library/surface/package_compiler_failure.rs:852:9
    |
852 |         requested: u64,
    |         ^^^^^^^^^^^^^^

warning: missing documentation for a struct field
   --> crates/library/surface/package_compiler_failure.rs:853:9
    |
853 |         capacity: u64,
    |         ^^^^^^^^^^^^^

warning: missing documentation for a variant
   --> crates/library/surface/package_compiler_failure.rs:855:5
    |
855 |     TypeRowCapacity,
    |     ^^^^^^^^^^^^^^^

warning: missing documentation for a variant
   --> crates/library/surface/package_compiler_failure.rs:856:5
    |
856 |     ComputedRowCapacity,
    |     ^^^^^^^^^^^^^^^^^^^

warning: missing documentation for a variant
   --> crates/library/surface/package_compiler_failure.rs:857:5
    |
857 |     TypeProjectionDepthLimit {
    |     ^^^^^^^^^^^^^^^^^^^^^^^^

warning: missing documentation for a struct field
   --> crates/library/surface/package_compiler_failure.rs:858:9
    |
858 |         depth: u64,
    |         ^^^^^^^^^^

warning: missing documentation for a struct field
   --> crates/library/surface/package_compiler_failure.rs:859:9
    |
859 |         maximum: u64,
    |         ^^^^^^^^^^^^

warning: missing documentation for a variant
   --> crates/library/surface/package_compiler_failure.rs:861:5
    |
861 |     TypeProjectionCycle {
    |     ^^^^^^^^^^^^^^^^^^^

warning: missing documentation for a struct field
   --> crates/library/surface/package_compiler_failure.rs:862:9
    |
862 |         type_id: u32,
    |         ^^^^^^^^^^^^

warning: missing documentation for a variant
   --> crates/library/surface/package_compiler_failure.rs:864:5
    |
864 |     TypeProjectionRecursiveReference {
    |     ^^^^^^^^^^^^^^^^^^^^^^^^^^^^^^^^

warning: missing documentation for a struct field
   --> crates/library/surface/package_compiler_failure.rs:865:9
    |
865 |         distance: u32,
    |         ^^^^^^^^^^^^^

warning: missing documentation for a variant
   --> crates/library/surface/package_compiler_failure.rs:867:5
    |
867 |     TypeProjectionWidth {
    |     ^^^^^^^^^^^^^^^^^^^

warning: missing documentation for a struct field
   --> crates/library/surface/package_compiler_failure.rs:868:9
    |
868 |         actual: u64,
    |         ^^^^^^^^^^^

warning: missing documentation for a struct field
   --> crates/library/surface/package_compiler_failure.rs:869:9
    |
869 |         maximum: u64,
    |         ^^^^^^^^^^^^

warning: missing documentation for a variant
   --> crates/library/surface/package_compiler_failure.rs:871:5
    |
871 |     OccurrenceOwner {
    |     ^^^^^^^^^^^^^^^

warning: missing documentation for a struct field
   --> crates/library/surface/package_compiler_failure.rs:872:9
    |
872 |         owner: u32,
    |         ^^^^^^^^^^

warning: missing documentation for a struct field
   --> crates/library/surface/package_compiler_failure.rs:873:9
    |
873 |         fact_count: u64,
    |         ^^^^^^^^^^^^^^^

warning: missing documentation for a variant
   --> crates/library/surface/package_compiler_failure.rs:875:5
    |
875 |     OccurrenceCapacity,
    |     ^^^^^^^^^^^^^^^^^^

warning: missing documentation for a variant
   --> crates/library/surface/package_compiler_failure.rs:876:5
    |
876 |     DocOwner {
    |     ^^^^^^^^

warning: missing documentation for a struct field
   --> crates/library/surface/package_compiler_failure.rs:877:9
    |
877 |         owner: u32,
    |         ^^^^^^^^^^

warning: missing documentation for a struct field
   --> crates/library/surface/package_compiler_failure.rs:878:9
    |
878 |         fact_count: u64,
    |         ^^^^^^^^^^^^^^^

warning: missing documentation for a variant
   --> crates/library/surface/package_compiler_failure.rs:880:5
    |
880 |     DocCapacity,
    |     ^^^^^^^^^^^

warning: missing documentation for a variant
   --> crates/library/surface/package_compiler_failure.rs:881:5
    |
881 |     ExtensionAtomCapacity,
    |     ^^^^^^^^^^^^^^^^^^^^^

warning: missing documentation for a variant
   --> crates/library/surface/package_compiler_failure.rs:882:5
    |
882 |     TypeParameterCapacity,
    |     ^^^^^^^^^^^^^^^^^^^^^

warning: missing documentation for a variant
   --> crates/library/surface/package_compiler_failure.rs:883:5
    |
883 |     TypeParameterBoundCapacity {
    |     ^^^^^^^^^^^^^^^^^^^^^^^^^^

warning: missing documentation for a struct field
   --> crates/library/surface/package_compiler_failure.rs:884:9
    |
884 |         requested: u64,
    |         ^^^^^^^^^^^^^^

warning: missing documentation for a struct field
   --> crates/library/surface/package_compiler_failure.rs:885:9
    |
885 |         available: u64,
    |         ^^^^^^^^^^^^^^

warning: missing documentation for a variant
   --> crates/library/surface/package_compiler_failure.rs:887:5
    |
887 |     RefListCapacity,
    |     ^^^^^^^^^^^^^^^

warning: missing documentation for a variant
   --> crates/library/surface/package_compiler_failure.rs:888:5
    |
888 |     RefListElements,
    |     ^^^^^^^^^^^^^^^

warning: missing documentation for a variant
   --> crates/library/surface/package_compiler_failure.rs:889:5
    |
889 |     RefTarget {
    |     ^^^^^^^^^

warning: missing documentation for a struct field
   --> crates/library/surface/package_compiler_failure.rs:890:9
    |
890 |         lane: u8,
    |         ^^^^^^^^

warning: missing documentation for a struct field
   --> crates/library/surface/package_compiler_failure.rs:891:9
    |
891 |         raw: u32,
    |         ^^^^^^^^

warning: missing documentation for a struct field
   --> crates/library/surface/package_compiler_failure.rs:892:9
    |
892 |         fact_count: u64,
    |         ^^^^^^^^^^^^^^^

warning: missing documentation for a variant
   --> crates/library/surface/package_compiler_failure.rs:894:5
    |
894 |     SourceSpan {
    |     ^^^^^^^^^^

warning: missing documentation for a struct field
   --> crates/library/surface/package_compiler_failure.rs:895:9
    |
895 |         entity: u32,
    |         ^^^^^^^^^^^

warning: missing documentation for a struct field
   --> crates/library/surface/package_compiler_failure.rs:896:9
    |
896 |         start: u32,
    |         ^^^^^^^^^^

warning: missing documentation for a struct field
   --> crates/library/surface/package_compiler_failure.rs:897:9
    |
897 |         end: u32,
    |         ^^^^^^^^

warning: missing documentation for a struct field
   --> crates/library/surface/package_compiler_failure.rs:898:9
    |
898 |         source_len: u32,
    |         ^^^^^^^^^^^^^^^

warning: missing documentation for a variant
   --> crates/library/surface/package_compiler_failure.rs:900:5
    |
900 |     ConflictingSourceSpan {
    |     ^^^^^^^^^^^^^^^^^^^^^

warning: missing documentation for a struct field
   --> crates/library/surface/package_compiler_failure.rs:901:9
    |
901 |         entity: u32,
    |         ^^^^^^^^^^^

warning: missing documentation for a struct field
   --> crates/library/surface/package_compiler_failure.rs:902:9
    |
902 |         existing_start: u32,
    |         ^^^^^^^^^^^^^^^^^^^

warning: missing documentation for a struct field
   --> crates/library/surface/package_compiler_failure.rs:903:9
    |
903 |         existing_end: u32,
    |         ^^^^^^^^^^^^^^^^^

warning: missing documentation for a struct field
   --> crates/library/surface/package_compiler_failure.rs:904:9
    |
904 |         requested_start: u32,
    |         ^^^^^^^^^^^^^^^^^^^^

warning: missing documentation for a struct field
   --> crates/library/surface/package_compiler_failure.rs:905:9
    |
905 |         requested_end: u32,
    |         ^^^^^^^^^^^^^^^^^^

warning: missing documentation for a variant
   --> crates/library/surface/package_compiler_failure.rs:907:5
    |
907 |     ConflictingParentage {
    |     ^^^^^^^^^^^^^^^^^^^^

warning: missing documentation for a struct field
   --> crates/library/surface/package_compiler_failure.rs:908:9
    |
908 |         entity: u32,
    |         ^^^^^^^^^^^

warning: missing documentation for a struct field
   --> crates/library/surface/package_compiler_failure.rs:909:9
    |
909 |         existing: PackageParentageFact,
    |         ^^^^^^^^^^^^^^^^^^^^^^^^^^^^^^

warning: missing documentation for a struct field
   --> crates/library/surface/package_compiler_failure.rs:910:9
    |
910 |         requested: PackageParentageFact,
    |         ^^^^^^^^^^^^^^^^^^^^^^^^^^^^^^^

warning: missing documentation for a variant
   --> crates/library/surface/package_compiler_failure.rs:912:5
    |
912 |     ConflictingMemberInventory {
    |     ^^^^^^^^^^^^^^^^^^^^^^^^^^

warning: missing documentation for a struct field
   --> crates/library/surface/package_compiler_failure.rs:913:9
    |
913 |         entity: u32,
    |         ^^^^^^^^^^^

warning: missing documentation for a struct field
   --> crates/library/surface/package_compiler_failure.rs:914:9
    |
914 |         existing_count: u64,
    |         ^^^^^^^^^^^^^^^^^^^

warning: missing documentation for a struct field
   --> crates/library/surface/package_compiler_failure.rs:915:9
    |
915 |         requested_count: u64,
    |         ^^^^^^^^^^^^^^^^^^^^

warning: missing documentation for a struct field
   --> crates/library/surface/package_compiler_failure.rs:916:9
    |
916 |         first_difference: u64,
    |         ^^^^^^^^^^^^^^^^^^^^^

warning: missing documentation for a struct field
   --> crates/library/surface/package_compiler_failure.rs:917:9
    |
917 |         existing_member: Option<u32>,
    |         ^^^^^^^^^^^^^^^^^^^^^^^^^^^^

warning: missing documentation for a struct field
   --> crates/library/surface/package_compiler_failure.rs:918:9
    |
918 |         requested_member: Option<u32>,
    |         ^^^^^^^^^^^^^^^^^^^^^^^^^^^^^

warning: missing documentation for a variant
    --> crates/library/surface/package_compiler_failure.rs:1014:5
     |
1014 |     Unavailable,
     |     ^^^^^^^^^^^

warning: missing documentation for a variant
    --> crates/library/surface/package_compiler_failure.rs:1015:5
     |
1015 |     Root,
     |     ^^^^

warning: missing documentation for a variant
    --> crates/library/surface/package_compiler_failure.rs:1016:5
     |
1016 |     Bound { parent: u32 },
     |     ^^^^^

warning: missing documentation for a struct field
    --> crates/library/surface/package_compiler_failure.rs:1016:13
     |
1016 |     Bound { parent: u32 },
     |             ^^^^^^^^^^^

warning: missing documentation for a variant
    --> crates/library/surface/package_compiler_failure.rs:1017:5
     |
1017 |     UnrepresentedAuthorityOwner { identity: [u8; 16] },
     |     ^^^^^^^^^^^^^^^^^^^^^^^^^^^

warning: missing documentation for a struct field
    --> crates/library/surface/package_compiler_failure.rs:1017:35
     |
1017 |     UnrepresentedAuthorityOwner { identity: [u8; 16] },
     |                                   ^^^^^^^^^^^^^^^^^^

warning: missing documentation for a variant
    --> crates/library/surface/package_compiler_failure.rs:1024:5
     |
1024 |     EmptyPath,
     |     ^^^^^^^^^

warning: missing documentation for a variant
    --> crates/library/surface/package_compiler_failure.rs:1025:5
     |
1025 |     BackslashInPath,
     |     ^^^^^^^^^^^^^^^

warning: missing documentation for a variant
    --> crates/library/surface/package_compiler_failure.rs:1032:5
     |
1032 |     EmptyEcosystem,
     |     ^^^^^^^^^^^^^^

warning: missing documentation for a variant
    --> crates/library/surface/package_compiler_failure.rs:1033:5
     |
1033 |     EmptyPackage,
     |     ^^^^^^^^^^^^

warning: missing documentation for a variant
    --> crates/library/surface/package_compiler_failure.rs:1034:5
     |
1034 |     SeparatorInEcosystem,
     |     ^^^^^^^^^^^^^^^^^^^^

warning: missing documentation for a variant
    --> crates/library/surface/package_compiler_failure.rs:1035:5
     |
1035 |     SeparatorInPackage,
     |     ^^^^^^^^^^^^^^^^^^

warning: missing documentation for a variant
    --> crates/library/surface/package_compiler_failure.rs:1036:5
     |
1036 |     BackslashEcosystem,
     |     ^^^^^^^^^^^^^^^^^^

warning: missing documentation for a variant
    --> crates/library/surface/package_compiler_failure.rs:1037:5
     |
1037 |     BackslashPackage,
     |     ^^^^^^^^^^^^^^^^

warning: missing documentation for a variant
    --> crates/library/surface/package_compiler_failure.rs:1038:5
     |
1038 |     BackslashInvalid { segment: u8 },
     |     ^^^^^^^^^^^^^^^^

warning: missing documentation for a struct field
    --> crates/library/surface/package_compiler_failure.rs:1038:24
     |
1038 |     BackslashInvalid { segment: u8 },
     |                        ^^^^^^^^^^^

   Compiling lru v0.16.4
   Compiling backon v1.6.0
   Compiling fuzzy-matcher v0.3.7
   Compiling tantivy-tokenizer-api v0.7.0
   Compiling sketches-ddsketch v0.4.1
   Compiling rust-stemmers v1.2.0
warning: method `contains_unnameable_self_referential_application` is never used
   --> third_party/tsz/crates/tsz-emitter/src/emitter/types/printer/type_printing.rs:783:19
    |
 51 | impl<'a> TypePrinter<'a> {
    | ------------------------ method in this implementation
...
783 |     pub(crate) fn contains_unnameable_self_referential_application(&self, type_id: TypeId) -> bool {
    |                   ^^^^^^^^^^^^^^^^^^^^^^^^^^^^^^^^^^^^^^^^^^^^^^^^
    |
    = note: `#[warn(dead_code)]` (part of `#[warn(unused)]`) on by default

   Compiling trustfall_derive v0.3.1 (https://github.com/philocalyst/trustfall?rev=5a0a8607fc5d972380437289b9a4ad1aa5150b09#5a0a8607)
   Compiling measure_time v0.9.0
   Compiling positioned-io v0.3.5
   Compiling oneshot v0.1.13
   Compiling htmlescape v0.3.1
   Compiling faster-hex v0.6.1
   Compiling levenshtein_automata v0.2.1
   Compiling census v0.4.2
   Compiling xxhash-rust v0.8.19
   Compiling datasketches v0.2.0
   Compiling lz4_flex v0.13.1
   Compiling capnp v0.25.6
   Compiling tantivy v0.26.2
warning: `tsz-emitter` (lib) generated 1 warning
   Compiling oxc_parser v0.139.0
   Compiling bao-tree v0.16.0
   Compiling tsz-core v0.1.75 (/Users/rmccrar6/codex-worktrees/sol61-staged-ingest-20261006/third_party/tsz/crates/tsz-core)
   Compiling trustfall v0.8.1 (https://github.com/philocalyst/trustfall?rev=5a0a8607fc5d972380437289b9a4ad1aa5150b09#5a0a8607)
   Compiling iroh v1.2.0
   Compiling ra_ap_load-cargo v0.0.341
   Compiling oxc_semantic v0.139.0
   Compiling ruff_python_parser v0.0.8
   Compiling zopfli v0.8.3
   Compiling zip v4.6.1
   Compiling backend-frontend-clang v0.2.0 (/Users/rmccrar6/codex-worktrees/sol61-staged-ingest-20261006/frontends/clang)
   Compiling backend-frontend-go v0.2.0 (/Users/rmccrar6/codex-worktrees/sol61-staged-ingest-20261006/frontends/go)
warning: function `cache_entry_is_valid` is never used
    --> frontends/go/src/legacy/oracle.rs:2119:4
     |
2119 | fn cache_entry_is_valid(
     |    ^^^^^^^^^^^^^^^^^^^^
     |
     = note: `#[warn(dead_code)]` (part of `#[warn(unused)]`) on by default

warning: function `hash_regular_file` is never used
    --> frontends/go/src/legacy/oracle.rs:2352:4
     |
2352 | fn hash_regular_file(path: &Path) -> std::io::Result<[u8; 32]> {
     |    ^^^^^^^^^^^^^^^^^

warning: `backend-frontend-go` (lib) generated 2 warnings
   Compiling backend-frontend-java v0.2.0 (/Users/rmccrar6/codex-worktrees/sol61-staged-ingest-20261006/frontends/java)
   Compiling backend-frontend-typescript v0.2.0 (/Users/rmccrar6/codex-worktrees/sol61-staged-ingest-20261006/frontends/typescript)
warning: unnecessary qualification
    --> frontends/typescript/src/legacy/checker.rs:1178:15
     |
1178 |         match std::fs::remove_dir_all(&work) {
     |               ^^^^^^^^^^^^^^^^^^^^^^^
     |
     = note: requested on the command line with `-W unused-qualifications`
help: remove the unnecessary path segments
     |
1178 -         match std::fs::remove_dir_all(&work) {
1178 +         match fs::remove_dir_all(&work) {
     |

warning: unnecessary qualification
    --> frontends/typescript/src/legacy/checker.rs:1256:17
     |
1256 |                 std::fs::write(&file, source).map_err(|cause| CheckerError::Work {
     |                 ^^^^^^^^^^^^^^
     |
help: remove the unnecessary path segments
     |
1256 -                 std::fs::write(&file, source).map_err(|cause| CheckerError::Work {
1256 +                 fs::write(&file, source).map_err(|cause| CheckerError::Work {
     |

warning: unnecessary qualification
    --> frontends/typescript/src/legacy/checker.rs:1277:15
     |
1277 |         match std::fs::remove_dir_all(&work) {
     |               ^^^^^^^^^^^^^^^^^^^^^^^
     |
help: remove the unnecessary path segments
     |
1277 -         match std::fs::remove_dir_all(&work) {
1277 +         match fs::remove_dir_all(&work) {
     |

warning: unnecessary qualification
    --> frontends/typescript/src/legacy/checker.rs:1333:17
     |
1333 |                 std::fs::write(&file, source).map_err(|cause| CheckerError::Work {
     |                 ^^^^^^^^^^^^^^
     |
help: remove the unnecessary path segments
     |
1333 -                 std::fs::write(&file, source).map_err(|cause| CheckerError::Work {
1333 +                 fs::write(&file, source).map_err(|cause| CheckerError::Work {
     |

warning: unnecessary qualification
    --> frontends/typescript/src/legacy/checker.rs:1342:15
     |
1342 |         match std::fs::remove_dir_all(&work) {
     |               ^^^^^^^^^^^^^^^^^^^^^^^
     |
help: remove the unnecessary path segments
     |
1342 -         match std::fs::remove_dir_all(&work) {
1342 +         match fs::remove_dir_all(&work) {
     |

warning: unnecessary qualification
    --> frontends/typescript/src/legacy/checker.rs:1377:15
     |
1377 |         match std::fs::remove_dir_all(&work) {
     |               ^^^^^^^^^^^^^^^^^^^^^^^
     |
help: remove the unnecessary path segments
     |
1377 -         match std::fs::remove_dir_all(&work) {
1377 +         match fs::remove_dir_all(&work) {
     |

warning: unnecessary qualification
    --> frontends/typescript/src/legacy/checker.rs:1397:9
     |
1397 |         std::fs::write(&file, source).map_err(|cause| CheckerError::Work {
     |         ^^^^^^^^^^^^^^
     |
help: remove the unnecessary path segments
     |
1397 -         std::fs::write(&file, source).map_err(|cause| CheckerError::Work {
1397 +         fs::write(&file, source).map_err(|cause| CheckerError::Work {
     |

warning: unnecessary qualification
    --> frontends/typescript/src/legacy/checker.rs:1424:9
     |
1424 |         std::fs::write(&file, source).map_err(|cause| CheckerError::Work {
     |         ^^^^^^^^^^^^^^
     |
help: remove the unnecessary path segments
     |
1424 -         std::fs::write(&file, source).map_err(|cause| CheckerError::Work {
1424 +         fs::write(&file, source).map_err(|cause| CheckerError::Work {
     |

warning: unnecessary qualification
    --> frontends/typescript/src/legacy/checker.rs:1443:13
     |
1443 |             std::fs::write(&file, source).map_err(|cause| CheckerError::Work {
     |             ^^^^^^^^^^^^^^
     |
help: remove the unnecessary path segments
     |
1443 -             std::fs::write(&file, source).map_err(|cause| CheckerError::Work {
1443 +             fs::write(&file, source).map_err(|cause| CheckerError::Work {
     |

warning: unnecessary qualification
    --> frontends/typescript/src/legacy/checker.rs:1449:15
     |
1449 |         match std::fs::remove_dir_all(&work) {
     |               ^^^^^^^^^^^^^^^^^^^^^^^
     |
help: remove the unnecessary path segments
     |
1449 -         match std::fs::remove_dir_all(&work) {
1449 +         match fs::remove_dir_all(&work) {
     |

warning: unnecessary qualification
    --> frontends/typescript/src/legacy/checker.rs:1740:20
     |
1740 |     let metadata = std::fs::symlink_metadata(source).map_err(|cause| CheckerError::Work {
     |                    ^^^^^^^^^^^^^^^^^^^^^^^^^
     |
help: remove the unnecessary path segments
     |
1740 -     let metadata = std::fs::symlink_metadata(source).map_err(|cause| CheckerError::Work {
1740 +     let metadata = fs::symlink_metadata(source).map_err(|cause| CheckerError::Work {
     |

warning: unnecessary qualification
    --> frontends/typescript/src/legacy/checker.rs:1750:5
     |
1750 |     std::fs::create_dir_all(destination).map_err(|cause| CheckerError::Work {
     |     ^^^^^^^^^^^^^^^^^^^^^^^
     |
help: remove the unnecessary path segments
     |
1750 -     std::fs::create_dir_all(destination).map_err(|cause| CheckerError::Work {
1750 +     fs::create_dir_all(destination).map_err(|cause| CheckerError::Work {
     |

warning: unnecessary qualification
    --> frontends/typescript/src/legacy/checker.rs:1754:18
     |
1754 |     for entry in std::fs::read_dir(source).map_err(|cause| CheckerError::Work {
     |                  ^^^^^^^^^^^^^^^^^
     |
help: remove the unnecessary path segments
     |
1754 -     for entry in std::fs::read_dir(source).map_err(|cause| CheckerError::Work {
1754 +     for entry in fs::read_dir(source).map_err(|cause| CheckerError::Work {
     |

warning: unnecessary qualification
    --> frontends/typescript/src/legacy/checker.rs:1771:24
     |
1771 |         let metadata = std::fs::symlink_metadata(&child).map_err(|cause| CheckerError::Work {
     |                        ^^^^^^^^^^^^^^^^^^^^^^^^^
     |
help: remove the unnecessary path segments
     |
1771 -         let metadata = std::fs::symlink_metadata(&child).map_err(|cause| CheckerError::Work {
1771 +         let metadata = fs::symlink_metadata(&child).map_err(|cause| CheckerError::Work {
     |

warning: unnecessary qualification
    --> frontends/typescript/src/legacy/checker.rs:1808:13
     |
1808 |             std::fs::File::open(&child)
     |             ^^^^^^^^^^^^^^^^^^^
     |
help: remove the unnecessary path segments
     |
1808 -             std::fs::File::open(&child)
1808 +             fs::File::open(&child)
     |

warning: unnecessary qualification
    --> frontends/typescript/src/legacy/checker.rs:1844:13
     |
1844 |             std::fs::write(&target, bytes).map_err(|cause| CheckerError::Work {
     |             ^^^^^^^^^^^^^^
     |
help: remove the unnecessary path segments
     |
1844 -             std::fs::write(&target, bytes).map_err(|cause| CheckerError::Work {
1844 +             fs::write(&target, bytes).map_err(|cause| CheckerError::Work {
     |

   Compiling tikv-jemallocator v0.6.1
   Compiling pyrefly v1.2.0-dev.1 (/Users/rmccrar6/codex-worktrees/sol61-staged-ingest-20261006/vendor/pyrefly_native_1_2)
warning: `backend-frontend-typescript` (lib) generated 16 warnings (run `cargo fix --lib -p backend-frontend-typescript` to apply 16 suggestions)
   Compiling backend-frontend-rust v0.2.0 (/Users/rmccrar6/codex-worktrees/sol61-staged-ingest-20261006/frontends/rust)
   Compiling backend-frontend-csharp v0.2.0 (/Users/rmccrar6/codex-worktrees/sol61-staged-ingest-20261006/frontends/csharp)
   Compiling backend-extension-trustfall v0.2.0 (/Users/rmccrar6/codex-worktrees/sol61-staged-ingest-20261006/extensions/trustfall)
   Compiling backend-extension-tantivy v0.2.0 (/Users/rmccrar6/codex-worktrees/sol61-staged-ingest-20261006/extensions/tantivy)
   Compiling opentelemetry_sdk v0.32.1
   Compiling opentelemetry-appender-tracing v0.32.0
   Compiling tracing-opentelemetry v0.33.0
   Compiling backend-extension-qdrant v0.2.0 (/Users/rmccrar6/codex-worktrees/sol61-staged-ingest-20261006/extensions/qdrant)
   Compiling backend-runtime v0.2.0 (/Users/rmccrar6/codex-worktrees/sol61-staged-ingest-20261006/crates/runtime)
   Compiling sha1 v0.10.7
   Compiling quick-xml v0.41.0
   Compiling backend-frontend-python v0.2.0 (/Users/rmccrar6/codex-worktrees/sol61-staged-ingest-20261006/frontends/python)
   Compiling backend-cluster-transport v0.2.0 (/Users/rmccrar6/codex-worktrees/sol61-staged-ingest-20261006/crates/cluster-transport)
   Compiling backend-extension-turso v0.2.0 (/Users/rmccrar6/codex-worktrees/sol61-staged-ingest-20261006/extensions/turso)
warning: unused imports: `ArtifactBudget`, `ArtifactClosureClaim`, and `FileStore`
 --> extensions/turso/src/authority/types.rs:4:21
  |
4 | use backend_store::{ArtifactBudget, ArtifactClosureClaim, FileStore};
  |                     ^^^^^^^^^^^^^^  ^^^^^^^^^^^^^^^^^^^^  ^^^^^^^^^
  |
  = note: `#[warn(unused_imports)]` (part of `#[warn(unused)]`) on by default

warning: unused import: `ProjectionGenerationId`
 --> extensions/turso/src/connection.rs:4:5
  |
4 |     ProjectionGenerationId, ProjectionGraphSeed, ProjectionNamespace, ProjectionOperationGuard,
  |     ^^^^^^^^^^^^^^^^^^^^^^

warning: unused import: `backend_library::CheckedPackageGraphFacts`
  --> extensions/turso/src/connection.rs:11:5
   |
11 | use backend_library::CheckedPackageGraphFacts;
   |     ^^^^^^^^^^^^^^^^^^^^^^^^^^^^^^^^^^^^^^^^^

warning: unused import: `DirectoryCapability`
  --> extensions/turso/src/connection.rs:12:42
   |
12 | use backend_platform::{CreatedDirectory, DirectoryCapability, FileIdentity};
   |                                          ^^^^^^^^^^^^^^^^^^^

warning: unnecessary qualification
    --> extensions/turso/src/graph.rs:1436:13
     |
1436 | ) -> Result<backend_library::ProductText, ProjectionError> {
     |             ^^^^^^^^^^^^^^^^^^^^^^^^^^^^
     |
     = note: requested on the command line with `-W unused-qualifications`
help: remove the unnecessary path segments
     |
1436 - ) -> Result<backend_library::ProductText, ProjectionError> {
1436 + ) -> Result<ProductText, ProjectionError> {
     |

warning: unnecessary qualification
    --> extensions/turso/src/graph.rs:1440:5
     |
1440 |     backend_library::ProductText::new(value).map_err(|_| misuse_graph_edge(field))
     |     ^^^^^^^^^^^^^^^^^^^^^^^^^^^^^^^^^
     |
help: remove the unnecessary path segments
     |
1440 -     backend_library::ProductText::new(value).map_err(|_| misuse_graph_edge(field))
1440 +     ProductText::new(value).map_err(|_| misuse_graph_edge(field))
     |

warning: unused imports: `SeekFrom` and `Seek`
  --> extensions/turso/src/projection_namespace.rs:16:21
   |
16 | use std::io::{Read, Seek, SeekFrom, Write};
   |                     ^^^^  ^^^^^^^^

warning: variable does not need to be mutable
   --> extensions/turso/src/projection_namespace.rs:813:14
    |
813 | fn lock_file(mut file: File, shared: bool) -> Result<File, ProjectionError> {
    |              ----^^^^
    |              |
    |              help: remove this `mut`
    |
    = note: `#[warn(unused_mut)]` (part of `#[warn(unused)]`) on by default

warning: field `0` is never read
   --> extensions/turso/src/projection_namespace.rs:805:14
    |
805 |     Conflict(Option<ProjectionSelector>),
    |     -------- ^^^^^^^^^^^^^^^^^^^^^^^^^^
    |     |
    |     field in this variant
    |
    = note: `#[warn(dead_code)]` (part of `#[warn(unused)]`) on by default
help: consider changing the field to be of unit type to suppress this warning while preserving the field numbering, or remove the field
    |
805 -     Conflict(Option<ProjectionSelector>),
805 +     Conflict(()),
    |

warning: unreachable `pub` item
  --> extensions/turso/src/authority/mod.rs:51:34
   |
47 | pub use types::{
   | --- help: consider restricting its visibility: `pub(crate)`
...
51 |     ExistingGenerationSelection, NoResultRetirementBarrier, ProjectionKind, ProjectionWatermark,
   |                                  ^^^^^^^^^^^^^^^^^^^^^^^^^
   |
   = help: or consider exporting it for use by other crates
   = note: requested on the command line with `-W unreachable-pub`

warning: missing documentation for a struct field
  --> extensions/turso/src/authority/error.rs:16:14
   |
16 |     Schema { found: i64 },
   |              ^^^^^^^^^^
   |
   = note: requested on the command line with `-W missing-docs`

warning: missing documentation for a struct field
   --> extensions/turso/src/authority/snapshot.rs:357:27
    |
357 |     SourceExceedsBudget { estimate: u64, limit: u64 },
    |                           ^^^^^^^^^^^^^

warning: missing documentation for a struct field
   --> extensions/turso/src/authority/snapshot.rs:357:42
    |
357 |     SourceExceedsBudget { estimate: u64, limit: u64 },
    |                                          ^^^^^^^^^^

warning: missing documentation for a struct field
   --> extensions/turso/src/authority/snapshot.rs:361:27
    |
361 |     OutputExceedsBudget { observed: u64, limit: u64 },
    |                           ^^^^^^^^^^^^^

warning: missing documentation for a struct field
   --> extensions/turso/src/authority/snapshot.rs:361:42
    |
361 |     OutputExceedsBudget { observed: u64, limit: u64 },
    |                                          ^^^^^^^^^^

warning: missing documentation for a struct field
   --> extensions/turso/src/authority/snapshot.rs:372:21
    |
372 |     StageUnpinned { path: PathBuf, source: io::Error },
    |                     ^^^^^^^^^^^^^

warning: missing documentation for a struct field
   --> extensions/turso/src/authority/snapshot.rs:372:36
    |
372 |     StageUnpinned { path: PathBuf, source: io::Error },
    |                                    ^^^^^^^^^^^^^^^^^

warning: `backend-extension-turso` (lib) generated 17 warnings (run `cargo fix --lib -p backend-extension-turso` to apply 9 suggestions)
   Compiling backend-engine v0.2.0 (/Users/rmccrar6/codex-worktrees/sol61-staged-ingest-20261006/crates/engine)
   Compiling backend-store-s3 v0.2.0 (/Users/rmccrar6/codex-worktrees/sol61-staged-ingest-20261006/crates/store-s3)
warning: unused imports: `CompilationManifestFacts` and `CompilationManifestView`
 --> crates/engine/src/application/cluster_coordinator/result_wire.rs:9:5
  |
9 |     CompilationManifestFacts, CompilationManifestIdentity, CompilationManifestView,
  |     ^^^^^^^^^^^^^^^^^^^^^^^^                               ^^^^^^^^^^^^^^^^^^^^^^^
  |
  = note: `#[warn(unused_imports)]` (part of `#[warn(unused)]`) on by default

warning: unused imports: `TszCheckerOptions`, `TszEnvironmentFingerprint`, `TszFileInput`, `TszProjectOptions`, `TszProject`, and `TszSourceError`
  --> crates/engine/src/application/compiler.rs:37:5
   |
37 |     TszCheckerOptions, TszEnvironmentFingerprint, TszFileInput, TszProject, TszProjectAuthority,
   |     ^^^^^^^^^^^^^^^^^  ^^^^^^^^^^^^^^^^^^^^^^^^^  ^^^^^^^^^^^^  ^^^^^^^^^^
38 |     TszProjectExecutionBudget, TszProjectOptions, TszSourceError,
   |                                ^^^^^^^^^^^^^^^^^  ^^^^^^^^^^^^^^

warning: unused import: `FragmentCause`
  --> crates/engine/src/application/compiler.rs:42:70
   |
42 |     CompilerRequest as ApplicationCompilerRequest, CompilerTerminal, FragmentCause,
   |                                                                      ^^^^^^^^^^^^^

warning: unnecessary qualification
    --> crates/engine/src/application/compiler.rs:1779:15
     |
1779 |     deadline: std::time::Instant,
     |               ^^^^^^^^^^^^^^^^^^
     |
     = note: requested on the command line with `-W unused-qualifications`
help: remove the unnecessary path segments
     |
1779 -     deadline: std::time::Instant,
1779 +     deadline: Instant,
     |

warning: unnecessary qualification
    --> crates/engine/src/application/compiler.rs:2062:37
     |
2062 |         let mut tsz_package_paths = std::collections::BTreeMap::<Box<str>, Box<str>>::new();
     |                                     ^^^^^^^^^^^^^^^^^^^^^^^^^^^^^^^^^^^^^^^^^^^^^^^^^^^^^
     |
help: remove the unnecessary path segments
     |
2062 -         let mut tsz_package_paths = std::collections::BTreeMap::<Box<str>, Box<str>>::new();
2062 +         let mut tsz_package_paths = BTreeMap::<Box<str>, Box<str>>::new();
     |

warning: unnecessary qualification
   --> crates/engine/src/application/host/authority.rs:458:25
    |
458 |                         crate::application::ToolchainProbeError::TypeScriptInterpreterUnavailable {
    |                         ^^^^^^^^^^^^^^^^^^^^^^^^^^^^^^^^^^^^^^^^^^^^^^^^^^^^^^^^^^^^^^^^^^^^^^^^^
    |
help: remove the unnecessary path segments
    |
458 -                         crate::application::ToolchainProbeError::TypeScriptInterpreterUnavailable {
458 +                         ToolchainProbeError::TypeScriptInterpreterUnavailable {
    |

warning: unnecessary qualification
   --> crates/engine/src/application/host/authority.rs:465:29
    |
465 | ...                   crate::application::ToolchainProbeError::TypeScriptModuleRootUnavailable {
    |                       ^^^^^^^^^^^^^^^^^^^^^^^^^^^^^^^^^^^^^^^^^^^^^^^^^^^^^^^^^^^^^^^^^^^^^^^^
    |
help: remove the unnecessary path segments
    |
465 -                             crate::application::ToolchainProbeError::TypeScriptModuleRootUnavailable {
465 +                             ToolchainProbeError::TypeScriptModuleRootUnavailable {
    |

warning: unnecessary qualification
    --> crates/engine/src/application/typescript_host.rs:3118:45
     |
3118 |             Err(source) if source.kind() == std::io::ErrorKind::NotFound => {}
     |                                             ^^^^^^^^^^^^^^^^^^^^^^^^^^^^
     |
help: remove the unnecessary path segments
     |
3118 -             Err(source) if source.kind() == std::io::ErrorKind::NotFound => {}
3118 +             Err(source) if source.kind() == io::ErrorKind::NotFound => {}
     |

warning: unnecessary qualification
    --> crates/engine/src/application/typescript_host.rs:3218:41
     |
3218 |         Err(source) if source.kind() == std::io::ErrorKind::NotFound => {}
     |                                         ^^^^^^^^^^^^^^^^^^^^^^^^^^^^
     |
help: remove the unnecessary path segments
     |
3218 -         Err(source) if source.kind() == std::io::ErrorKind::NotFound => {}
3218 +         Err(source) if source.kind() == io::ErrorKind::NotFound => {}
     |

warning: unnecessary qualification
    --> crates/engine/src/application/typescript_host.rs:3604:17
     |
3604 |         source: std::io::Error,
     |                 ^^^^^^^^^^^^^^
     |
help: remove the unnecessary path segments
     |
3604 -         source: std::io::Error,
3604 +         source: io::Error,
     |

warning: unnecessary qualification
    --> crates/engine/src/application/typescript_host.rs:3610:17
     |
3610 |         source: std::io::Error,
     |                 ^^^^^^^^^^^^^^
     |
help: remove the unnecessary path segments
     |
3610 -         source: std::io::Error,
3610 +         source: io::Error,
     |

warning: unnecessary qualification
    --> crates/engine/src/application/typescript_host.rs:3630:17
     |
3630 |         source: std::io::Error,
     |                 ^^^^^^^^^^^^^^
     |
help: remove the unnecessary path segments
     |
3630 -         source: std::io::Error,
3630 +         source: io::Error,
     |

warning: unnecessary qualification
    --> crates/engine/src/application/typescript_host.rs:3638:17
     |
3638 |         source: std::io::Error,
     |                 ^^^^^^^^^^^^^^
     |
help: remove the unnecessary path segments
     |
3638 -         source: std::io::Error,
3638 +         source: io::Error,
     |

warning: unused import: `Duration`
  --> crates/engine/src/application/typescript_program.rs:13:12
   |
13 |     time::{Duration, Instant},
   |            ^^^^^^^^

warning: unused import: `self::typescript_program::build_native_inputs`
  --> crates/engine/src/application/mod.rs:22:16
   |
22 | pub(crate) use self::typescript_program::build_native_inputs;
   |                ^^^^^^^^^^^^^^^^^^^^^^^^^^^^^^^^^^^^^^^^^^^^^

warning: unused imports: `NativeCompilerEnvironment` and `admit_typescript_script_invocation`
   --> crates/engine/src/application/mod.rs:103:44
    |
103 |     NATIVE_COMPILER_ENVIRONMENT_POLICY_ID, NativeCompilerEnvironment,
    |                                            ^^^^^^^^^^^^^^^^^^^^^^^^^
104 |     admit_typescript_script_invocation, compiler_directory_object_identity,
    |     ^^^^^^^^^^^^^^^^^^^^^^^^^^^^^^^^^^

warning: unused import: `ProductSourceRelation`
  --> crates/engine/src/builtin/file_facts_relation.rs:13:70
   |
13 |     Container, DeclarationKind, ProductFileRef, ProductSourceRecord, ProductSourceRelation,
   |                                                                      ^^^^^^^^^^^^^^^^^^^^^

warning: unnecessary qualification
    --> crates/engine/src/driver/lower/typescript.rs:4252:14
     |
4252 |     binder: &backend_frontend_typescript::TszBinderState,
     |              ^^^^^^^^^^^^^^^^^^^^^^^^^^^^^^^^^^^^^^^^^^^
     |
help: remove the unnecessary path segments
     |
4252 -     binder: &backend_frontend_typescript::TszBinderState,
4252 +     binder: &TszBinderState,
     |

warning: unnecessary qualification
    --> crates/engine/src/driver/lower/typescript.rs:4584:14
     |
4584 |     binder: &backend_frontend_typescript::TszBinderState,
     |              ^^^^^^^^^^^^^^^^^^^^^^^^^^^^^^^^^^^^^^^^^^^
     |
help: remove the unnecessary path segments
     |
4584 -     binder: &backend_frontend_typescript::TszBinderState,
4584 +     binder: &TszBinderState,
     |

warning: unnecessary qualification
    --> crates/engine/src/driver/lower/typescript.rs:6131:18
     |
6131 |         binder: &backend_frontend_typescript::TszBinderState,
     |                  ^^^^^^^^^^^^^^^^^^^^^^^^^^^^^^^^^^^^^^^^^^^
     |
help: remove the unnecessary path segments
     |
6131 -         binder: &backend_frontend_typescript::TszBinderState,
6131 +         binder: &TszBinderState,
     |

warning: unnecessary qualification
   --> crates/engine/src/driver/types/toolchain.rs:125:19
    |
125 |         path: Box<std::path::Path>,
    |                   ^^^^^^^^^^^^^^^
    |
help: remove the unnecessary path segments
    |
125 -         path: Box<std::path::Path>,
125 +         path: Box<Path>,
    |

warning: unnecessary qualification
   --> crates/engine/src/driver/types/toolchain.rs:136:19
    |
136 |         path: Box<std::path::Path>,
    |                   ^^^^^^^^^^^^^^^
    |
help: remove the unnecessary path segments
    |
136 -         path: Box<std::path::Path>,
136 +         path: Box<Path>,
    |

warning: unused import: `NativeRecipe`
  --> crates/engine/src/driver/types.rs:26:26
   |
26 | pub(crate) use request::{NativeRecipe, SourceLease, WorkPermit, WorkStopped};
   |                          ^^^^^^^^^^^^

warning: unused imports: `NativeArtifactRole` and `NativeWorkPhase`
  --> crates/engine/src/driver/types.rs:42:26
   |
42 |     LoweringUnsupported, NativeArtifactRole, NativeWorkPhase,
   |                          ^^^^^^^^^^^^^^^^^^  ^^^^^^^^^^^^^^^

warning: unnecessary qualification
  --> crates/engine/src/workspace/head.rs:99:22
   |
99 |         let schema = backend_version::SchemaIdentity::of_relation::<R>();
   |                      ^^^^^^^^^^^^^^^^^^^^^^^^^^^^^^^^^^^^^^^^^^^^^^^^^
   |
help: remove the unnecessary path segments
   |
99 -         let schema = backend_version::SchemaIdentity::of_relation::<R>();
99 +         let schema = SchemaIdentity::of_relation::<R>();
   |

warning: unnecessary qualification
   --> crates/engine/src/workspace/head.rs:239:22
    |
239 |         let schema = backend_version::SchemaIdentity::of_relation::<R>();
    |                      ^^^^^^^^^^^^^^^^^^^^^^^^^^^^^^^^^^^^^^^^^^^^^^^^^
    |
help: remove the unnecessary path segments
    |
239 -         let schema = backend_version::SchemaIdentity::of_relation::<R>();
239 +         let schema = SchemaIdentity::of_relation::<R>();
    |

   Compiling hmac v0.12.1
warning: unused import: `error::Error`
  --> crates/engine/src/application/compiler.rs:67:5
   |
67 |     error::Error as _,
   |     ^^^^^^^^^^^^

warning: variable does not need to be mutable
    --> crates/engine/src/driver/lower/typescript.rs:9952:17
     |
9952 |             let mut record = SemanticTypeRecord::leaf(SemanticTypeTag::TemplateLiteral);
     |                 ----^^^^^^
     |                 |
     |                 help: remove this `mut`
     |
     = note: `#[warn(unused_mut)]` (part of `#[warn(unused)]`) on by default

warning: type `ToolchainProbeFileRole` is more private than the item `ToolchainProbeError::ExecutableWitness::role`
   --> crates/engine/src/application/toolchain_probe.rs:616:9
    |
616 |         role: ToolchainProbeFileRole,
    |         ^^^^^^^^^^^^^^^^^^^^^^^^^^^^ field `ToolchainProbeError::ExecutableWitness::role` is reachable at visibility `pub`
    |
note: but type `ToolchainProbeFileRole` is only usable at visibility `pub(crate)`
   --> crates/engine/src/application/toolchain_probe.rs:766:1
    |
766 | pub(crate) enum ToolchainProbeFileRole {
    | ^^^^^^^^^^^^^^^^^^^^^^^^^^^^^^^^^^^^^^
    = note: `#[warn(private_interfaces)]` on by default

warning: type `ToolchainProbeFileRole` is more private than the item `ToolchainProbeError::ExecutableChanged::role`
   --> crates/engine/src/application/toolchain_probe.rs:627:9
    |
627 |         role: ToolchainProbeFileRole,
    |         ^^^^^^^^^^^^^^^^^^^^^^^^^^^^ field `ToolchainProbeError::ExecutableChanged::role` is reachable at visibility `pub`
    |
note: but type `ToolchainProbeFileRole` is only usable at visibility `pub(crate)`
   --> crates/engine/src/application/toolchain_probe.rs:766:1
    |
766 | pub(crate) enum ToolchainProbeFileRole {
    | ^^^^^^^^^^^^^^^^^^^^^^^^^^^^^^^^^^^^^^

warning: associated functions `derive_with_streamed_field` and `from_encoded` are never used
   --> crates/engine/src/acquisition/identity.rs:113:27
    |
108 |         impl $name {
    |         ---------- associated functions in this implementation
...
113 |             pub(super) fn derive_with_streamed_field(
    |                           ^^^^^^^^^^^^^^^^^^^^^^^^^^
...
141 |             pub(crate) const fn from_encoded(bytes: [u8; ID_BYTES]) -> Self {
    |                                 ^^^^^^^^^^^^
...
158 | identity!(ReleaseClaimId, b"release-claim");
    | ------------------------------------------- in this macro invocation
    |
    = note: `#[warn(dead_code)]` (part of `#[warn(unused)]`) on by default
    = note: this warning originates in the macro `identity` (in Nightly builds, run with -Z macro-backtrace for more info)

warning: associated function `derive_with_streamed_field` is never used
   --> crates/engine/src/acquisition/identity.rs:113:27
    |
108 |         impl $name {
    |         ---------- associated function in this implementation
...
113 |             pub(super) fn derive_with_streamed_field(
    |                           ^^^^^^^^^^^^^^^^^^^^^^^^^^
...
159 | identity!(RawArchiveObjectId, b"raw-archive-object");
    | ---------------------------------------------------- in this macro invocation
    |
    = note: this warning originates in the macro `identity` (in Nightly builds, run with -Z macro-backtrace for more info)

warning: associated functions `derive_with_streamed_field` and `from_encoded` are never used
   --> crates/engine/src/acquisition/identity.rs:113:27
    |
108 |         impl $name {
    |         ---------- associated functions in this implementation
...
113 |             pub(super) fn derive_with_streamed_field(
    |                           ^^^^^^^^^^^^^^^^^^^^^^^^^^
...
141 |             pub(crate) const fn from_encoded(bytes: [u8; ID_BYTES]) -> Self {
    |                                 ^^^^^^^^^^^^
...
160 | identity!(TreeManifestId, b"tree-manifest");
    | ------------------------------------------- in this macro invocation
    |
    = note: this warning originates in the macro `identity` (in Nightly builds, run with -Z macro-backtrace for more info)

warning: associated functions `derive_with_streamed_field` and `from_encoded` are never used
   --> crates/engine/src/acquisition/identity.rs:113:27
    |
108 |         impl $name {
    |         ---------- associated functions in this implementation
...
113 |             pub(super) fn derive_with_streamed_field(
    |                           ^^^^^^^^^^^^^^^^^^^^^^^^^^
...
141 |             pub(crate) const fn from_encoded(bytes: [u8; ID_BYTES]) -> Self {
    |                                 ^^^^^^^^^^^^
...
161 | identity!(SourceSnapshotId, b"source-snapshot");
    | ----------------------------------------------- in this macro invocation
    |
    = note: this warning originates in the macro `identity` (in Nightly builds, run with -Z macro-backtrace for more info)

warning: associated functions `derive_with_streamed_field` and `from_encoded` are never used
   --> crates/engine/src/acquisition/identity.rs:113:27
    |
108 |         impl $name {
    |         ---------- associated functions in this implementation
...
113 |             pub(super) fn derive_with_streamed_field(
    |                           ^^^^^^^^^^^^^^^^^^^^^^^^^^
...
141 |             pub(crate) const fn from_encoded(bytes: [u8; ID_BYTES]) -> Self {
    |                                 ^^^^^^^^^^^^
...
162 | identity!(AcquisitionDeltaId, b"acquisition-delta");
    | --------------------------------------------------- in this macro invocation
    |
    = note: this warning originates in the macro `identity` (in Nightly builds, run with -Z macro-backtrace for more info)

warning: associated functions `derive_with_streamed_field` and `from_encoded` are never used
   --> crates/engine/src/acquisition/identity.rs:113:27
    |
108 |         impl $name {
    |         ---------- associated functions in this implementation
...
113 |             pub(super) fn derive_with_streamed_field(
    |                           ^^^^^^^^^^^^^^^^^^^^^^^^^^
...
141 |             pub(crate) const fn from_encoded(bytes: [u8; ID_BYTES]) -> Self {
    |                                 ^^^^^^^^^^^^
...
163 | identity!(AcquisitionReceiptId, b"acquisition-receipt");
    | ------------------------------------------------------- in this macro invocation
    |
    = note: this warning originates in the macro `identity` (in Nightly builds, run with -Z macro-backtrace for more info)

warning: associated function `derive` is never used
   --> crates/engine/src/acquisition/identity.rs:109:27
    |
108 |         impl $name {
    |         ---------- associated function in this implementation
109 |             pub(super) fn derive(fields: &[&[u8]]) -> Self {
    |                           ^^^^^^
...
164 | identity!(AcquisitionRecordId, b"acquisition-record");
    | ----------------------------------------------------- in this macro invocation
    |
    = note: this warning originates in the macro `identity` (in Nightly builds, run with -Z macro-backtrace for more info)

warning: associated function `derive_with_streamed_field` is never used
   --> crates/engine/src/acquisition/identity.rs:113:27
    |
108 |         impl $name {
    |         ---------- associated function in this implementation
...
113 |             pub(super) fn derive_with_streamed_field(
    |                           ^^^^^^^^^^^^^^^^^^^^^^^^^^
...
165 | identity!(PublicationRootId, b"publication-root");
    | ------------------------------------------------- in this macro invocation
    |
    = note: this warning originates in the macro `identity` (in Nightly builds, run with -Z macro-backtrace for more info)

warning: field `request` is never read
    --> crates/engine/src/application/runtime.rs:3343:9
     |
3341 |     PackageSources {
     |     -------------- field in this variant
3342 |         facts: RequestFacts,
3343 |         request: OwnedPackageSourceSet,
     |         ^^^^^^^

warning: function `fragment_terminal` is never used
   --> crates/engine/src/application/terminal/native.rs:291:10
    |
291 | const fn fragment_terminal(
    |          ^^^^^^^^^^^^^^^^^

warning: function `executable_object_identity` is never used
   --> crates/engine/src/application/toolchain_probe.rs:371:15
    |
371 | pub(crate) fn executable_object_identity(path: &Path) -> io::Result<(u64, u64)> {
    |               ^^^^^^^^^^^^^^^^^^^^^^^^^^

warning: function `compiler_directory_object_identity` is never used
   --> crates/engine/src/application/toolchain_probe.rs:389:15
    |
389 | pub(crate) fn compiler_directory_object_identity(path: &Path) -> io::Result<(u64, u64)> {
    |               ^^^^^^^^^^^^^^^^^^^^^^^^^^^^^^^^^^

warning: method `validate_launch_objects` is never used
   --> crates/engine/src/application/typescript_host.rs:100:19
    |
 75 | impl TypeScriptProjectInvocationLease {
    | ------------------------------------- method in this implementation
...
100 |     pub(crate) fn validate_launch_objects(
    |                   ^^^^^^^^^^^^^^^^^^^^^^^

warning: fields `compiler_path`, `compiler_origin`, `node_version`, `node_origin`, and `selected_build_config_paths` are never read
   --> crates/engine/src/application/typescript_host.rs:177:16
    |
173 | pub(crate) struct TypeScriptProjectInputs<'a> {
    |                   ----------------------- fields in this struct
...
177 |     pub(crate) compiler_path: &'a Path,
    |                ^^^^^^^^^^^^^
178 |     pub(crate) compiler_version: &'a [u8],
179 |     pub(crate) compiler_origin: TypeScriptSelectionOrigin,
    |                ^^^^^^^^^^^^^^^
180 |     pub(crate) node_path: &'a Path,
181 |     pub(crate) node_version: &'a [u8],
    |                ^^^^^^^^^^^^
182 |     pub(crate) node_origin: TypeScriptSelectionOrigin,
    |                ^^^^^^^^^^^
...
185 |     pub(crate) selected_build_config_paths: &'a [Box<Path>],
    |                ^^^^^^^^^^^^^^^^^^^^^^^^^^^
    |
    = note: `TypeScriptProjectInputs` has derived impls for the traits `Debug` and `Clone`, but these are intentionally ignored during dead code analysis

warning: methods `load_source` and `validate_current` are never used
   --> crates/engine/src/application/typescript_host.rs:213:19
    |
204 | impl TypeScriptProjectInputs<'_> {
    | -------------------------------- methods in this implementation
...
213 |     pub(crate) fn load_source(
    |                   ^^^^^^^^^^^
...
220 |     pub(crate) fn validate_current(&self) -> Result<(), TypeScriptProjectHostError> {
    |                   ^^^^^^^^^^^^^^^^

warning: enum `TypeScriptResolverObservationRef` is never used
   --> crates/engine/src/application/typescript_host.rs:245:17
    |
245 | pub(crate) enum TypeScriptResolverObservationRef<'a> {
    |                 ^^^^^^^^^^^^^^^^^^^^^^^^^^^^^^^^

warning: methods `read_directory`, `loaded_sources`, and `observations` are never used
   --> crates/engine/src/application/typescript_host.rs:467:19
    |
336 | impl TypeScriptResolverCapability<'_> {
    | ------------------------------------- methods in this implementation
...
467 |     pub(crate) fn read_directory(
    |                   ^^^^^^^^^^^^^^
...
626 |     pub(crate) fn loaded_sources(
    |                   ^^^^^^^^^^^^^^
...
632 |     pub(crate) fn observations(&self) -> Vec<TypeScriptResolverObservationRef<'_>> {
    |                   ^^^^^^^^^^^^

warning: method `load_source` is never used
    --> crates/engine/src/application/typescript_host.rs:1248:8
     |
1051 | impl TypeScriptProjectWitness {
     | ----------------------------- method in this implementation
...
1248 |     fn load_source(&self, path: &Path) -> Result<TypeScriptFileInput, TypeScriptProjectHostError> {
     |        ^^^^^^^^^^^

warning: function `extension_matches` is never used
    --> crates/engine/src/application/typescript_host.rs:1584:4
     |
1584 | fn extension_matches(path: &Path, extensions: &[&str]) -> bool {
     |    ^^^^^^^^^^^^^^^^^

warning: function `resolver_observation_ref_path` is never used
    --> crates/engine/src/application/typescript_host.rs:1597:4
     |
1597 | fn resolver_observation_ref_path<'a>(
     |    ^^^^^^^^^^^^^^^^^^^^^^^^^^^^^

warning: function `resolver_observation_ref_tag` is never used
    --> crates/engine/src/application/typescript_host.rs:1608:4
     |
1608 | fn resolver_observation_ref_tag(observation: &TypeScriptResolverObservationRef<'_>) -> u8 {
     |    ^^^^^^^^^^^^^^^^^^^^^^^^^^^^

warning: associated function `new` is never used
    --> crates/engine/src/application/typescript_host.rs:2640:19
     |
2639 | impl TypeScriptProjectHost {
     | -------------------------- associated function in this implementation
2640 |     pub(crate) fn new(
     |                   ^^^

warning: function `find_project_typescript` is never used
    --> crates/engine/src/application/typescript_host.rs:3068:4
     |
3068 | fn find_project_typescript(
     |    ^^^^^^^^^^^^^^^^^^^^^^^

warning: variants `AbsentPath`, `CargoProject`, `ToolchainInput`, and `ExternalInput` are never constructed
   --> crates/engine/src/compiler_read_observation_v2.rs:91:5
    |
 85 | pub(crate) enum CompilerReadObservationEventClassV2 {
    |                 ----------------------------------- variants in this enum
...
 91 |     AbsentPath = 3,
    |     ^^^^^^^^^^
...
 97 |     CargoProject = 6,
    |     ^^^^^^^^^^^^
...
101 |     ToolchainInput = 8,
    |     ^^^^^^^^^^^^^^
...
105 |     ExternalInput = 10,
    |     ^^^^^^^^^^^^^
    |
    = note: `CompilerReadObservationEventClassV2` has derived impls for the traits `Debug` and `Clone`, but these are intentionally ignored during dead code analysis

warning: methods `observe_path_event` and `observe_nonpath_event` are never used
   --> crates/engine/src/compiler_read_observation_v2.rs:338:19
    |
246 | impl CompilerReadObservationRecorderV2 {
    | -------------------------------------- methods in this implementation
...
338 |     pub(crate) fn observe_path_event(
    |                   ^^^^^^^^^^^^^^^^^^
...
426 |     pub(crate) fn observe_nonpath_event(
    |                   ^^^^^^^^^^^^^^^^^^^^^

warning: method `compilation_attempt_id` is never used
   --> crates/engine/src/compiler_unit_read_closure_v2.rs:180:25
    |
176 | impl VerifiedUnitReadClosure {
    | ---------------------------- method in this implementation
...
180 |     pub(crate) const fn compilation_attempt_id(&self) -> CompilationAttemptId {
    |                         ^^^^^^^^^^^^^^^^^^^^^^

warning: method `mark_members_captured` is never used
    --> crates/engine/src/driver/lower.rs:1863:19
     |
 923 | impl<'source> FactSet<'source> {
     | ------------------------------ method in this implementation
...
1863 |     pub(super) fn mark_members_captured(&mut self, entity: u32) -> Result<(), FactFault> {
     |                   ^^^^^^^^^^^^^^^^^^^^^

warning: method `mark_members_captured` is never used
   --> crates/engine/src/driver/lower/provenance.rs:198:19
    |
 36 | impl Provenance {
    | --------------- method in this implementation
...
198 |     pub(super) fn mark_members_captured(
    |                   ^^^^^^^^^^^^^^^^^^^^^

warning: struct `NativeRecipe` is never constructed
   --> crates/engine/src/driver/types/request.rs:335:19
    |
335 | pub(crate) struct NativeRecipe<'source, 'toolchain> {
    |                   ^^^^^^^^^^^^

warning: methods `invocation` and `validate_invocation` are never used
   --> crates/engine/src/driver/types/toolchain.rs:337:25
    |
140 | impl<'path> ResolvedToolchain<'path> {
    | ------------------------------------ methods in this implementation
...
337 |     pub(crate) const fn invocation(self) -> NativeInvocation<'path> {
    |                         ^^^^^^^^^^
...
368 |     pub(crate) fn validate_invocation(self) -> Result<(), NativeInvocationError> {
    |                   ^^^^^^^^^^^^^^^^^^^

warning: methods `release` and `admit_releases` are never used
    --> crates/engine/src/registry/ecosystem.rs:1011:8
     |
 804 | impl EcosystemAdapter {
     | --------------------- methods in this implementation
...
1011 |     fn release(
     |        ^^^^^^^
...
1151 |     pub(crate) fn admit_releases(
     |                   ^^^^^^^^^^^^^^

warning: methods `maven_versions`, `maven_release`, `maven_archive_url`, `maven_source_archive_url`, `maven_archive_url_with_classifier`, and `conan_archive_name` are never used
   --> crates/engine/src/registry/ecosystem_decoders.rs:630:19
    |
220 | impl EcosystemAdapter {
    | --------------------- methods in this implementation
...
630 |     pub(crate) fn maven_versions(&self, bytes: &[u8]) -> Result<Vec<String>, TransportFailure> {
    |                   ^^^^^^^^^^^^^^
...
639 |     pub(crate) fn maven_release(
    |                   ^^^^^^^^^^^^^
...
683 |     pub(crate) fn maven_archive_url(&self, version: &str) -> String {
    |                   ^^^^^^^^^^^^^^^^^
...
687 |     pub(crate) fn maven_source_archive_url(&self, version: &str) -> String {
    |                   ^^^^^^^^^^^^^^^^^^^^^^^^
...
707 |     fn maven_archive_url_with_classifier(&self, version: &str, classifier: &str) -> String {
    |        ^^^^^^^^^^^^^^^^^^^^^^^^^^^^^^^^^
...
996 |     pub(crate) fn conan_archive_name(&self, bytes: &[u8]) -> Result<String, TransportFailure> {
    |                   ^^^^^^^^^^^^^^^^^^

warning: function `is_sdist` is never used
    --> crates/engine/src/registry/ecosystem_decoders.rs:2661:4
     |
2661 | fn is_sdist(filename: &str) -> bool {
     |    ^^^^^^^^

warning: function `is_wheel` is never used
    --> crates/engine/src/registry/ecosystem_decoders.rs:2667:4
     |
2667 | fn is_wheel(filename: &str) -> bool {
     |    ^^^^^^^^

warning: field `stats` is never read
   --> crates/engine/src/registry/frontier.rs:354:5
    |
350 | pub(super) struct PreparedFactsUpdate {
    |                   ------------------- field in this struct
...
354 |     stats: UpdateStats,
    |     ^^^^^
    |
    = note: `PreparedFactsUpdate` has derived impls for the traits `Debug` and `Clone`, but these are intentionally ignored during dead code analysis

warning: method `stats` is never used
   --> crates/engine/src/registry/frontier.rs:364:19
    |
357 | impl PreparedFactsUpdate {
    | ------------------------ method in this implementation
...
364 |     pub(super) fn stats(&self) -> UpdateStats {
    |                   ^^^^^

warning: constant `MAX_FACTS_PROOF_LEVELS` is never used
   --> crates/engine/src/registry/frontier.rs:400:7
    |
400 | const MAX_FACTS_PROOF_LEVELS: usize = usize::BITS as usize;
    |       ^^^^^^^^^^^^^^^^^^^^^^

warning: method `proof` is never used
   --> crates/engine/src/registry/frontier.rs:451:19
    |
402 | impl FactsMerkleMap {
    | ------------------- method in this implementation
...
451 |     pub(super) fn proof(&self, coordinate: &PackageCoordinate) -> Option<backend_store::KeyProof> {
    |                   ^^^^^

warning: method `admit_reader` is never used
  --> crates/engine/src/registry/identity.rs:66:19
   |
37 | impl PublishedArtifactClaim {
   | --------------------------- method in this implementation
...
66 |     pub(crate) fn admit_reader<R: Read>(
   |                   ^^^^^^^^^^^^

warning: method `permit_authority` is never used
   --> crates/engine/src/registry/identity.rs:309:19
    |
281 | impl RegistryCredentialPolicy {
    | ----------------------------- method in this implementation
...
309 |     pub(crate) fn permit_authority(&mut self, url: &str) -> bool {
    |                   ^^^^^^^^^^^^^^^^

warning: methods `poll`, `acquire_page`, and `verify_and_store` are never used
    --> crates/engine/src/registry/owner.rs:1060:19
     |
 434 | impl RegistryOwner {
     | ------------------ methods in this implementation
...
1060 |     pub(crate) fn poll<T: RegistryTransport>(
     |                   ^^^^
...
1209 |     fn acquire_page<T: RegistryTransport>(
     |        ^^^^^^^^^^^^
...
1269 |     pub(crate) fn verify_and_store(
     |                   ^^^^^^^^^^^^^^^^

warning: enum `PageAcquisition` is never used
    --> crates/engine/src/registry/owner.rs:1322:6
     |
1322 | enum PageAcquisition {
     |      ^^^^^^^^^^^^^^^

warning: method `verify_and_store` is never used
    --> crates/engine/src/registry/owner.rs:1350:19
     |
1339 | impl ArchiveStageContext {
     | ------------------------ method in this implementation
...
1350 |     pub(crate) fn verify_and_store(
     |                   ^^^^^^^^^^^^^^^^

warning: methods `body_length` and `telemetry` are never used
   --> crates/engine/src/registry/transport.rs:141:19
    |
106 | impl ArchiveArtifact {
    | -------------------- methods in this implementation
...
141 |     pub(crate) fn body_length(&self) -> u64 {
    |                   ^^^^^^^^^^^
...
157 |     pub(crate) const fn telemetry(&self) -> TransferTelemetry {
    |                         ^^^^^^^^^

warning: methods `verify_archive` and `canonical_digest` are never used
   --> crates/engine/src/registry/transport.rs:406:19
    |
405 | impl RemotePackage {
    | ------------------ methods in this implementation
406 |     pub(crate) fn verify_archive(
    |                   ^^^^^^^^^^^^^^
...
513 |     pub(crate) const fn canonical_digest(&self) -> Option<[u8; 32]> {
    |                         ^^^^^^^^^^^^^^^^

warning: method `maven_checksum` is never used
    --> crates/engine/src/registry/transport.rs:1518:8
     |
 675 | impl HttpRegistryTransport {
     | -------------------------- method in this implementation
...
1518 |     fn maven_checksum(
     |        ^^^^^^^^^^^^^^

warning: missing documentation for a method
   --> crates/engine/src/application/cluster_coordinator/result_wire.rs:109:5
    |
109 |     pub const fn role(self) -> CompilerResultMemberRole {
    |     ^^^^^^^^^^^^^^^^^^^^^^^^^^^^^^^^^^^^^^^^^^^^^^^^^^^
    |
    = note: requested on the command line with `-W missing-docs`

warning: missing documentation for a method
   --> crates/engine/src/application/cluster_coordinator/result_wire.rs:114:5
    |
114 |     pub const fn reference(self) -> ObjectRef<ObjectDomain> {
    |     ^^^^^^^^^^^^^^^^^^^^^^^^^^^^^^^^^^^^^^^^^^^^^^^^^^^^^^^

warning: missing documentation for a method
   --> crates/engine/src/application/cluster_coordinator/result_wire.rs:119:5
    |
119 |     pub const fn key(self) -> u64 {
    |     ^^^^^^^^^^^^^^^^^^^^^^^^^^^^^

warning: missing documentation for a method
   --> crates/engine/src/application/cluster_coordinator/result_wire.rs:124:5
    |
124 |     pub const fn parent(self) -> Option<u64> {
    |     ^^^^^^^^^^^^^^^^^^^^^^^^^^^^^^^^^^^^^^^^

warning: missing documentation for a method
   --> crates/engine/src/builtin/semantic_relation.rs:474:5
    |
474 |     pub const fn completed(self) -> NonZeroU32 {
    |     ^^^^^^^^^^^^^^^^^^^^^^^^^^^^^^^^^^^^^^^^^^

warning: missing documentation for a method
   --> crates/engine/src/builtin/semantic_relation.rs:478:5
    |
478 |     pub const fn total(self) -> NonZeroU32 {
    |     ^^^^^^^^^^^^^^^^^^^^^^^^^^^^^^^^^^^^^^

warning: missing documentation for a struct field
   --> crates/engine/src/driver/types/lowering.rs:183:32
    |
183 |     TypeProjectionDepthLimit { depth: u8, maximum: u8 },
    |                                ^^^^^^^^^

warning: missing documentation for a struct field
   --> crates/engine/src/driver/types/lowering.rs:183:43
    |
183 |     TypeProjectionDepthLimit { depth: u8, maximum: u8 },
    |                                           ^^^^^^^^^^^

warning: missing documentation for a struct field
   --> crates/engine/src/driver/types/lowering.rs:185:27
    |
185 |     TypeProjectionCycle { type_id: u32 },
    |                           ^^^^^^^^^^^^

warning: missing documentation for a struct field
   --> crates/engine/src/driver/types/lowering.rs:187:40
    |
187 |     TypeProjectionRecursiveReference { distance: u32 },
    |                                        ^^^^^^^^^^^^^

warning: missing documentation for a struct field
   --> crates/engine/src/driver/types/lowering.rs:189:27
    |
189 |     TypeProjectionWidth { actual: usize, maximum: usize },
    |                           ^^^^^^^^^^^^^

warning: missing documentation for a struct field
   --> crates/engine/src/driver/types/lowering.rs:189:42
    |
189 |     TypeProjectionWidth { actual: usize, maximum: usize },
    |                                          ^^^^^^^^^^^^^^

   Compiling backend-client v0.2.0 (/Users/rmccrar6/codex-worktrees/sol61-staged-ingest-20261006/crates/client)
warning: unnecessary qualification
  --> crates/client/src/query_continuation.rs:49:6
   |
49 | impl std::io::Write for ProofBudget {
   |      ^^^^^^^^^^^^^^
   |
   = note: requested on the command line with `-W unused-qualifications`
help: remove the unnecessary path segments
   |
49 - impl std::io::Write for ProofBudget {
49 + impl Write for ProofBudget {
   |

warning: `backend-library` (lib) generated 621 warnings (run `cargo fix --lib -p backend-library` to apply 15 suggestions)
warning: `backend-client` (lib) generated 1 warning (run `cargo fix --lib -p backend-client` to apply 1 suggestion)
warning: `backend-engine` (lib) generated 88 warnings (run `cargo fix --lib -p backend-engine` to apply 27 suggestions)
   Compiling backend-local-service v0.2.0 (/Users/rmccrar6/codex-worktrees/sol61-staged-ingest-20261006/crates/local-service)
error[E0432]: unresolved imports `backend_semantic::ir::CompileRecipeFact`, `backend_semantic::ir::NativeTool`, `backend_semantic::ir::PackageUrl`, `backend_semantic::ir::Stage`
    --> crates/local-service/src/builtin/view_build/call_join.rs:1206:23
     |
1206 |         BorrowedTree, CompileRecipeFact, Confidence, CorePayloadHash, DeclarationFamilyId,
     |                       ^^^^^^^^^^^^^^^^^ no `CompileRecipeFact` in `ir`
...
1209 |         ForeignTargetOrigin, IrBuilder, ItemKind, LanguageProfile, LinkKind, NativeTool,
     |                                                                              ^^^^^^^^^^ no `NativeTool` in `ir`
1210 |         OccurrenceAuthorityFacts, PackageUrl, ParentageAuthority, SemanticImageView,
     |                                   ^^^^^^^^^^ no `PackageUrl` in `ir`
1211 |         SourceIdentity, SourceSpan, Stage, TreeEntityId, TreeItemInput, TreeLinkInput,
     |                                     ^^^^^ no `Stage` in `ir`
     |
note: variant `crate::builtin::commands::adapter::AddTarget::PackageUrl` exists but is inaccessible
    --> crates/local-service/src/builtin/commands/adapter.rs:264:5
     |
 264 |     PackageUrl,
     |     ^^^^^^^^^^ not accessible
note: variant `crate::compiler_trust::CompilerScopeField::Stage` exists but is inaccessible
    --> crates/local-service/src/compiler_trust.rs:68:5
     |
  68 |     Stage,
     |     ^^^^^ not accessible

error[E0425]: cannot find function `fixture_version` in this scope
     --> crates/local-service/src/builtin/view_build/call_join.rs:1348:29
      |
 1348 |         let root_identity = fixture_version(identity_byte).identity();
      |                             ^^^^^^^^^^^^^^^ not found in this scope
      |
note: these functions exist but are inaccessible
     --> crates/local-service/src/builtin/commands/semantic_query.rs:1201:5
      |
 1201 |     fn fixture_version(identity: u8) -> EntityVersion {
      |     ^^^^^^^^^^^^^^^^^^^^^^^^^^^^^^^^^^^^^^^^^^^^^^^^^ `crate::builtin::commands::semantic_query::project_call_tests::fixture_version`: not accessible
...
10764 |     fn fixture_version(identity: u8) -> EntityVersion {
      |     ^^^^^^^^^^^^^^^^^^^^^^^^^^^^^^^^^^^^^^^^^^^^^^^^^ `crate::builtin::commands::semantic_query::references_tests::fixture_version`: not accessible
      |
     ::: crates/local-service/src/builtin/view_build/csharp_field_namespace_join.rs:45:1
      |
   45 | fn fixture_version(identity: u8) -> EntityVersion {
      | ^^^^^^^^^^^^^^^^^^^^^^^^^^^^^^^^^^^^^^^^^^^^^^^^^ `crate::builtin::view_build::csharp_field_namespace_join::fixture_version`: not accessible
      |
     ::: crates/local-service/src/builtin/view_build/go_field_join.rs:35:1
      |
   35 | fn fixture_version(identity: u8) -> EntityVersion {
      | ^^^^^^^^^^^^^^^^^^^^^^^^^^^^^^^^^^^^^^^^^^^^^^^^^ `crate::builtin::view_build::go_field_join::fixture_version`: not accessible
      |
     ::: crates/local-service/src/builtin/view_build/go_type_mention_join.rs:35:1
      |
   35 | fn fixture_version(identity: u8) -> EntityVersion {
      | ^^^^^^^^^^^^^^^^^^^^^^^^^^^^^^^^^^^^^^^^^^^^^^^^^ `crate::builtin::view_build::go_type_mention_join::fixture_version`: not accessible
      |
     ::: crates/local-service/src/builtin/view_build/image_reopen.rs:201:1
      |
  201 | fn fixture_version(identity: u8) -> EntityVersion {
      | ^^^^^^^^^^^^^^^^^^^^^^^^^^^^^^^^^^^^^^^^^^^^^^^^^ `crate::builtin::view_build::image_reopen::fixture_version`: not accessible
      |
     ::: crates/local-service/src/builtin/view_build/java_enum_value_join.rs:35:1
      |
   35 | fn fixture_version(identity: u8) -> EntityVersion {
      | ^^^^^^^^^^^^^^^^^^^^^^^^^^^^^^^^^^^^^^^^^^^^^^^^^ `crate::builtin::view_build::java_enum_value_join::fixture_version`: not accessible
      |
     ::: crates/local-service/src/builtin/view_build/py_function_field_join.rs:41:1
      |
   41 | fn fixture_version(identity: u8) -> EntityVersion {
      | ^^^^^^^^^^^^^^^^^^^^^^^^^^^^^^^^^^^^^^^^^^^^^^^^^ `crate::builtin::view_build::py_function_field_join::fixture_version`: not accessible
      |
     ::: crates/local-service/src/builtin/view_build/py_static_field_join.rs:44:1
      |
   44 | fn fixture_version(identity: u8) -> EntityVersion {
      | ^^^^^^^^^^^^^^^^^^^^^^^^^^^^^^^^^^^^^^^^^^^^^^^^^ `crate::builtin::view_build::py_static_field_join::fixture_version`: not accessible
      |
     ::: crates/local-service/src/builtin/view_build/mod.rs:237:5
      |
  237 |     fn fixture_version(identity: u8) -> EntityVersion {
      |     ^^^^^^^^^^^^^^^^^^^^^^^^^^^^^^^^^^^^^^^^^^^^^^^^^ `crate::builtin::view_build::tests::fixture_version`: not accessible

error[E0425]: cannot find function `fixture_version` in this scope
     --> crates/local-service/src/builtin/view_build/call_join.rs:1427:18
      |
 1427 |             vec![fixture_version(identity_byte)]
      |                  ^^^^^^^^^^^^^^^ not found in this scope
      |
note: these functions exist but are inaccessible
     --> crates/local-service/src/builtin/commands/semantic_query.rs:1201:5
      |
 1201 |     fn fixture_version(identity: u8) -> EntityVersion {
      |     ^^^^^^^^^^^^^^^^^^^^^^^^^^^^^^^^^^^^^^^^^^^^^^^^^ `crate::builtin::commands::semantic_query::project_call_tests::fixture_version`: not accessible
...
10764 |     fn fixture_version(identity: u8) -> EntityVersion {
      |     ^^^^^^^^^^^^^^^^^^^^^^^^^^^^^^^^^^^^^^^^^^^^^^^^^ `crate::builtin::commands::semantic_query::references_tests::fixture_version`: not accessible
      |
     ::: crates/local-service/src/builtin/view_build/csharp_field_namespace_join.rs:45:1
      |
   45 | fn fixture_version(identity: u8) -> EntityVersion {
      | ^^^^^^^^^^^^^^^^^^^^^^^^^^^^^^^^^^^^^^^^^^^^^^^^^ `crate::builtin::view_build::csharp_field_namespace_join::fixture_version`: not accessible
      |
     ::: crates/local-service/src/builtin/view_build/go_field_join.rs:35:1
      |
   35 | fn fixture_version(identity: u8) -> EntityVersion {
      | ^^^^^^^^^^^^^^^^^^^^^^^^^^^^^^^^^^^^^^^^^^^^^^^^^ `crate::builtin::view_build::go_field_join::fixture_version`: not accessible
      |
     ::: crates/local-service/src/builtin/view_build/go_type_mention_join.rs:35:1
      |
   35 | fn fixture_version(identity: u8) -> EntityVersion {
      | ^^^^^^^^^^^^^^^^^^^^^^^^^^^^^^^^^^^^^^^^^^^^^^^^^ `crate::builtin::view_build::go_type_mention_join::fixture_version`: not accessible
      |
     ::: crates/local-service/src/builtin/view_build/image_reopen.rs:201:1
      |
  201 | fn fixture_version(identity: u8) -> EntityVersion {
      | ^^^^^^^^^^^^^^^^^^^^^^^^^^^^^^^^^^^^^^^^^^^^^^^^^ `crate::builtin::view_build::image_reopen::fixture_version`: not accessible
      |
     ::: crates/local-service/src/builtin/view_build/java_enum_value_join.rs:35:1
      |
   35 | fn fixture_version(identity: u8) -> EntityVersion {
      | ^^^^^^^^^^^^^^^^^^^^^^^^^^^^^^^^^^^^^^^^^^^^^^^^^ `crate::builtin::view_build::java_enum_value_join::fixture_version`: not accessible
      |
     ::: crates/local-service/src/builtin/view_build/py_function_field_join.rs:41:1
      |
   41 | fn fixture_version(identity: u8) -> EntityVersion {
      | ^^^^^^^^^^^^^^^^^^^^^^^^^^^^^^^^^^^^^^^^^^^^^^^^^ `crate::builtin::view_build::py_function_field_join::fixture_version`: not accessible
      |
     ::: crates/local-service/src/builtin/view_build/py_static_field_join.rs:44:1
      |
   44 | fn fixture_version(identity: u8) -> EntityVersion {
      | ^^^^^^^^^^^^^^^^^^^^^^^^^^^^^^^^^^^^^^^^^^^^^^^^^ `crate::builtin::view_build::py_static_field_join::fixture_version`: not accessible
      |
     ::: crates/local-service/src/builtin/view_build/mod.rs:237:5
      |
  237 |     fn fixture_version(identity: u8) -> EntityVersion {
      |     ^^^^^^^^^^^^^^^^^^^^^^^^^^^^^^^^^^^^^^^^^^^^^^^^^ `crate::builtin::view_build::tests::fixture_version`: not accessible

error[E0425]: cannot find function `fixture_version` in this scope
     --> crates/local-service/src/builtin/view_build/call_join.rs:1430:17
      |
 1430 |                 fixture_version(identity_byte),
      |                 ^^^^^^^^^^^^^^^ not found in this scope
      |
note: these functions exist but are inaccessible
     --> crates/local-service/src/builtin/commands/semantic_query.rs:1201:5
      |
 1201 |     fn fixture_version(identity: u8) -> EntityVersion {
      |     ^^^^^^^^^^^^^^^^^^^^^^^^^^^^^^^^^^^^^^^^^^^^^^^^^ `crate::builtin::commands::semantic_query::project_call_tests::fixture_version`: not accessible
...
10764 |     fn fixture_version(identity: u8) -> EntityVersion {
      |     ^^^^^^^^^^^^^^^^^^^^^^^^^^^^^^^^^^^^^^^^^^^^^^^^^ `crate::builtin::commands::semantic_query::references_tests::fixture_version`: not accessible
      |
     ::: crates/local-service/src/builtin/view_build/csharp_field_namespace_join.rs:45:1
      |
   45 | fn fixture_version(identity: u8) -> EntityVersion {
      | ^^^^^^^^^^^^^^^^^^^^^^^^^^^^^^^^^^^^^^^^^^^^^^^^^ `crate::builtin::view_build::csharp_field_namespace_join::fixture_version`: not accessible
      |
     ::: crates/local-service/src/builtin/view_build/go_field_join.rs:35:1
      |
   35 | fn fixture_version(identity: u8) -> EntityVersion {
      | ^^^^^^^^^^^^^^^^^^^^^^^^^^^^^^^^^^^^^^^^^^^^^^^^^ `crate::builtin::view_build::go_field_join::fixture_version`: not accessible
      |
     ::: crates/local-service/src/builtin/view_build/go_type_mention_join.rs:35:1
      |
   35 | fn fixture_version(identity: u8) -> EntityVersion {
      | ^^^^^^^^^^^^^^^^^^^^^^^^^^^^^^^^^^^^^^^^^^^^^^^^^ `crate::builtin::view_build::go_type_mention_join::fixture_version`: not accessible
      |
     ::: crates/local-service/src/builtin/view_build/image_reopen.rs:201:1
      |
  201 | fn fixture_version(identity: u8) -> EntityVersion {
      | ^^^^^^^^^^^^^^^^^^^^^^^^^^^^^^^^^^^^^^^^^^^^^^^^^ `crate::builtin::view_build::image_reopen::fixture_version`: not accessible
      |
     ::: crates/local-service/src/builtin/view_build/java_enum_value_join.rs:35:1
      |
   35 | fn fixture_version(identity: u8) -> EntityVersion {
      | ^^^^^^^^^^^^^^^^^^^^^^^^^^^^^^^^^^^^^^^^^^^^^^^^^ `crate::builtin::view_build::java_enum_value_join::fixture_version`: not accessible
      |
     ::: crates/local-service/src/builtin/view_build/py_function_field_join.rs:41:1
      |
   41 | fn fixture_version(identity: u8) -> EntityVersion {
      | ^^^^^^^^^^^^^^^^^^^^^^^^^^^^^^^^^^^^^^^^^^^^^^^^^ `crate::builtin::view_build::py_function_field_join::fixture_version`: not accessible
      |
     ::: crates/local-service/src/builtin/view_build/py_static_field_join.rs:44:1
      |
   44 | fn fixture_version(identity: u8) -> EntityVersion {
      | ^^^^^^^^^^^^^^^^^^^^^^^^^^^^^^^^^^^^^^^^^^^^^^^^^ `crate::builtin::view_build::py_static_field_join::fixture_version`: not accessible
      |
     ::: crates/local-service/src/builtin/view_build/mod.rs:237:5
      |
  237 |     fn fixture_version(identity: u8) -> EntityVersion {
      |     ^^^^^^^^^^^^^^^^^^^^^^^^^^^^^^^^^^^^^^^^^^^^^^^^^ `crate::builtin::view_build::tests::fixture_version`: not accessible

error[E0425]: cannot find function `fixture_version` in this scope
     --> crates/local-service/src/builtin/view_build/call_join.rs:1431:17
      |
 1431 |                 fixture_version(identity_byte.wrapping_add(1)),
      |                 ^^^^^^^^^^^^^^^ not found in this scope
      |
note: these functions exist but are inaccessible
     --> crates/local-service/src/builtin/commands/semantic_query.rs:1201:5
      |
 1201 |     fn fixture_version(identity: u8) -> EntityVersion {
      |     ^^^^^^^^^^^^^^^^^^^^^^^^^^^^^^^^^^^^^^^^^^^^^^^^^ `crate::builtin::commands::semantic_query::project_call_tests::fixture_version`: not accessible
...
10764 |     fn fixture_version(identity: u8) -> EntityVersion {
      |     ^^^^^^^^^^^^^^^^^^^^^^^^^^^^^^^^^^^^^^^^^^^^^^^^^ `crate::builtin::commands::semantic_query::references_tests::fixture_version`: not accessible
      |
     ::: crates/local-service/src/builtin/view_build/csharp_field_namespace_join.rs:45:1
      |
   45 | fn fixture_version(identity: u8) -> EntityVersion {
      | ^^^^^^^^^^^^^^^^^^^^^^^^^^^^^^^^^^^^^^^^^^^^^^^^^ `crate::builtin::view_build::csharp_field_namespace_join::fixture_version`: not accessible
      |
     ::: crates/local-service/src/builtin/view_build/go_field_join.rs:35:1
      |
   35 | fn fixture_version(identity: u8) -> EntityVersion {
      | ^^^^^^^^^^^^^^^^^^^^^^^^^^^^^^^^^^^^^^^^^^^^^^^^^ `crate::builtin::view_build::go_field_join::fixture_version`: not accessible
      |
     ::: crates/local-service/src/builtin/view_build/go_type_mention_join.rs:35:1
      |
   35 | fn fixture_version(identity: u8) -> EntityVersion {
      | ^^^^^^^^^^^^^^^^^^^^^^^^^^^^^^^^^^^^^^^^^^^^^^^^^ `crate::builtin::view_build::go_type_mention_join::fixture_version`: not accessible
      |
     ::: crates/local-service/src/builtin/view_build/image_reopen.rs:201:1
      |
  201 | fn fixture_version(identity: u8) -> EntityVersion {
      | ^^^^^^^^^^^^^^^^^^^^^^^^^^^^^^^^^^^^^^^^^^^^^^^^^ `crate::builtin::view_build::image_reopen::fixture_version`: not accessible
      |
     ::: crates/local-service/src/builtin/view_build/java_enum_value_join.rs:35:1
      |
   35 | fn fixture_version(identity: u8) -> EntityVersion {
      | ^^^^^^^^^^^^^^^^^^^^^^^^^^^^^^^^^^^^^^^^^^^^^^^^^ `crate::builtin::view_build::java_enum_value_join::fixture_version`: not accessible
      |
     ::: crates/local-service/src/builtin/view_build/py_function_field_join.rs:41:1
      |
   41 | fn fixture_version(identity: u8) -> EntityVersion {
      | ^^^^^^^^^^^^^^^^^^^^^^^^^^^^^^^^^^^^^^^^^^^^^^^^^ `crate::builtin::view_build::py_function_field_join::fixture_version`: not accessible
      |
     ::: crates/local-service/src/builtin/view_build/py_static_field_join.rs:44:1
      |
   44 | fn fixture_version(identity: u8) -> EntityVersion {
      | ^^^^^^^^^^^^^^^^^^^^^^^^^^^^^^^^^^^^^^^^^^^^^^^^^ `crate::builtin::view_build::py_static_field_join::fixture_version`: not accessible
      |
     ::: crates/local-service/src/builtin/view_build/mod.rs:237:5
      |
  237 |     fn fixture_version(identity: u8) -> EntityVersion {
      |     ^^^^^^^^^^^^^^^^^^^^^^^^^^^^^^^^^^^^^^^^^^^^^^^^^ `crate::builtin::view_build::tests::fixture_version`: not accessible

error[E0425]: cannot find function `fixture_version` in this scope
     --> crates/local-service/src/builtin/view_build/call_join.rs:1450:13
      |
 1450 |             fixture_version(identity_byte).identity()
      |             ^^^^^^^^^^^^^^^ not found in this scope
      |
note: these functions exist but are inaccessible
     --> crates/local-service/src/builtin/commands/semantic_query.rs:1201:5
      |
 1201 |     fn fixture_version(identity: u8) -> EntityVersion {
      |     ^^^^^^^^^^^^^^^^^^^^^^^^^^^^^^^^^^^^^^^^^^^^^^^^^ `crate::builtin::commands::semantic_query::project_call_tests::fixture_version`: not accessible
...
10764 |     fn fixture_version(identity: u8) -> EntityVersion {
      |     ^^^^^^^^^^^^^^^^^^^^^^^^^^^^^^^^^^^^^^^^^^^^^^^^^ `crate::builtin::commands::semantic_query::references_tests::fixture_version`: not accessible
      |
     ::: crates/local-service/src/builtin/view_build/csharp_field_namespace_join.rs:45:1
      |
   45 | fn fixture_version(identity: u8) -> EntityVersion {
      | ^^^^^^^^^^^^^^^^^^^^^^^^^^^^^^^^^^^^^^^^^^^^^^^^^ `crate::builtin::view_build::csharp_field_namespace_join::fixture_version`: not accessible
      |
     ::: crates/local-service/src/builtin/view_build/go_field_join.rs:35:1
      |
   35 | fn fixture_version(identity: u8) -> EntityVersion {
      | ^^^^^^^^^^^^^^^^^^^^^^^^^^^^^^^^^^^^^^^^^^^^^^^^^ `crate::builtin::view_build::go_field_join::fixture_version`: not accessible
      |
     ::: crates/local-service/src/builtin/view_build/go_type_mention_join.rs:35:1
      |
   35 | fn fixture_version(identity: u8) -> EntityVersion {
      | ^^^^^^^^^^^^^^^^^^^^^^^^^^^^^^^^^^^^^^^^^^^^^^^^^ `crate::builtin::view_build::go_type_mention_join::fixture_version`: not accessible
      |
     ::: crates/local-service/src/builtin/view_build/image_reopen.rs:201:1
      |
  201 | fn fixture_version(identity: u8) -> EntityVersion {
      | ^^^^^^^^^^^^^^^^^^^^^^^^^^^^^^^^^^^^^^^^^^^^^^^^^ `crate::builtin::view_build::image_reopen::fixture_version`: not accessible
      |
     ::: crates/local-service/src/builtin/view_build/java_enum_value_join.rs:35:1
      |
   35 | fn fixture_version(identity: u8) -> EntityVersion {
      | ^^^^^^^^^^^^^^^^^^^^^^^^^^^^^^^^^^^^^^^^^^^^^^^^^ `crate::builtin::view_build::java_enum_value_join::fixture_version`: not accessible
      |
     ::: crates/local-service/src/builtin/view_build/py_function_field_join.rs:41:1
      |
   41 | fn fixture_version(identity: u8) -> EntityVersion {
      | ^^^^^^^^^^^^^^^^^^^^^^^^^^^^^^^^^^^^^^^^^^^^^^^^^ `crate::builtin::view_build::py_function_field_join::fixture_version`: not accessible
      |
     ::: crates/local-service/src/builtin/view_build/py_static_field_join.rs:44:1
      |
   44 | fn fixture_version(identity: u8) -> EntityVersion {
      | ^^^^^^^^^^^^^^^^^^^^^^^^^^^^^^^^^^^^^^^^^^^^^^^^^ `crate::builtin::view_build::py_static_field_join::fixture_version`: not accessible
      |
     ::: crates/local-service/src/builtin/view_build/mod.rs:237:5
      |
  237 |     fn fixture_version(identity: u8) -> EntityVersion {
      |     ^^^^^^^^^^^^^^^^^^^^^^^^^^^^^^^^^^^^^^^^^^^^^^^^^ `crate::builtin::view_build::tests::fixture_version`: not accessible

error[E0425]: cannot find function `fixture_version` in this scope
     --> crates/local-service/src/builtin/view_build/call_join.rs:1452:13
      |
 1452 |             fixture_version(identity_byte.wrapping_add(1)).identity()
      |             ^^^^^^^^^^^^^^^ not found in this scope
      |
note: these functions exist but are inaccessible
     --> crates/local-service/src/builtin/commands/semantic_query.rs:1201:5
      |
 1201 |     fn fixture_version(identity: u8) -> EntityVersion {
      |     ^^^^^^^^^^^^^^^^^^^^^^^^^^^^^^^^^^^^^^^^^^^^^^^^^ `crate::builtin::commands::semantic_query::project_call_tests::fixture_version`: not accessible
...
10764 |     fn fixture_version(identity: u8) -> EntityVersion {
      |     ^^^^^^^^^^^^^^^^^^^^^^^^^^^^^^^^^^^^^^^^^^^^^^^^^ `crate::builtin::commands::semantic_query::references_tests::fixture_version`: not accessible
      |
     ::: crates/local-service/src/builtin/view_build/csharp_field_namespace_join.rs:45:1
      |
   45 | fn fixture_version(identity: u8) -> EntityVersion {
      | ^^^^^^^^^^^^^^^^^^^^^^^^^^^^^^^^^^^^^^^^^^^^^^^^^ `crate::builtin::view_build::csharp_field_namespace_join::fixture_version`: not accessible
      |
     ::: crates/local-service/src/builtin/view_build/go_field_join.rs:35:1
      |
   35 | fn fixture_version(identity: u8) -> EntityVersion {
      | ^^^^^^^^^^^^^^^^^^^^^^^^^^^^^^^^^^^^^^^^^^^^^^^^^ `crate::builtin::view_build::go_field_join::fixture_version`: not accessible
      |
     ::: crates/local-service/src/builtin/view_build/go_type_mention_join.rs:35:1
      |
   35 | fn fixture_version(identity: u8) -> EntityVersion {
      | ^^^^^^^^^^^^^^^^^^^^^^^^^^^^^^^^^^^^^^^^^^^^^^^^^ `crate::builtin::view_build::go_type_mention_join::fixture_version`: not accessible
      |
     ::: crates/local-service/src/builtin/view_build/image_reopen.rs:201:1
      |
  201 | fn fixture_version(identity: u8) -> EntityVersion {
      | ^^^^^^^^^^^^^^^^^^^^^^^^^^^^^^^^^^^^^^^^^^^^^^^^^ `crate::builtin::view_build::image_reopen::fixture_version`: not accessible
      |
     ::: crates/local-service/src/builtin/view_build/java_enum_value_join.rs:35:1
      |
   35 | fn fixture_version(identity: u8) -> EntityVersion {
      | ^^^^^^^^^^^^^^^^^^^^^^^^^^^^^^^^^^^^^^^^^^^^^^^^^ `crate::builtin::view_build::java_enum_value_join::fixture_version`: not accessible
      |
     ::: crates/local-service/src/builtin/view_build/py_function_field_join.rs:41:1
      |
   41 | fn fixture_version(identity: u8) -> EntityVersion {
      | ^^^^^^^^^^^^^^^^^^^^^^^^^^^^^^^^^^^^^^^^^^^^^^^^^ `crate::builtin::view_build::py_function_field_join::fixture_version`: not accessible
      |
     ::: crates/local-service/src/builtin/view_build/py_static_field_join.rs:44:1
      |
   44 | fn fixture_version(identity: u8) -> EntityVersion {
      | ^^^^^^^^^^^^^^^^^^^^^^^^^^^^^^^^^^^^^^^^^^^^^^^^^ `crate::builtin::view_build::py_static_field_join::fixture_version`: not accessible
      |
     ::: crates/local-service/src/builtin/view_build/mod.rs:237:5
      |
  237 |     fn fixture_version(identity: u8) -> EntityVersion {
      |     ^^^^^^^^^^^^^^^^^^^^^^^^^^^^^^^^^^^^^^^^^^^^^^^^^ `crate::builtin::view_build::tests::fixture_version`: not accessible

warning: unnecessary qualification
    --> crates/local-service/src/builtin/ingest.rs:3107:13
     |
3107 |             std::time::SystemTime::now()
     |             ^^^^^^^^^^^^^^^^^^^^^^^^^^
     |
     = note: requested on the command line with `-W unused-qualifications`
help: remove the unnecessary path segments
     |
3107 -             std::time::SystemTime::now()
3107 +             SystemTime::now()
     |

warning: unnecessary qualification
    --> crates/local-service/src/builtin/ingest.rs:3108:33
     |
3108 |                 .duration_since(std::time::UNIX_EPOCH)
     |                                 ^^^^^^^^^^^^^^^^^^^^^
     |
help: remove the unnecessary path segments
     |
3108 -                 .duration_since(std::time::UNIX_EPOCH)
3108 +                 .duration_since(UNIX_EPOCH)
     |

warning: unnecessary qualification
    --> crates/local-service/src/builtin/ingest.rs:3185:13
     |
3185 |             std::time::SystemTime::now()
     |             ^^^^^^^^^^^^^^^^^^^^^^^^^^
     |
help: remove the unnecessary path segments
     |
3185 -             std::time::SystemTime::now()
3185 +             SystemTime::now()
     |

warning: unnecessary qualification
    --> crates/local-service/src/builtin/ingest.rs:3186:33
     |
3186 |                 .duration_since(std::time::UNIX_EPOCH)
     |                                 ^^^^^^^^^^^^^^^^^^^^^
     |
help: remove the unnecessary path segments
     |
3186 -                 .duration_since(std::time::UNIX_EPOCH)
3186 +                 .duration_since(UNIX_EPOCH)
     |

warning: unnecessary qualification
    --> crates/local-service/src/builtin/ingest.rs:3233:13
     |
3233 |             std::time::SystemTime::now()
     |             ^^^^^^^^^^^^^^^^^^^^^^^^^^
     |
help: remove the unnecessary path segments
     |
3233 -             std::time::SystemTime::now()
3233 +             SystemTime::now()
     |

warning: unnecessary qualification
    --> crates/local-service/src/builtin/ingest.rs:3234:33
     |
3234 |                 .duration_since(std::time::UNIX_EPOCH)
     |                                 ^^^^^^^^^^^^^^^^^^^^^
     |
help: remove the unnecessary path segments
     |
3234 -                 .duration_since(std::time::UNIX_EPOCH)
3234 +                 .duration_since(UNIX_EPOCH)
     |

warning: unnecessary qualification
    --> crates/local-service/src/builtin/ingest.rs:3278:17
     |
3278 |                 std::mem::size_of::<CompilerSourceHandle>() + source.relative_path.capacity()
     |                 ^^^^^^^^^^^^^^^^^^^^^^^^^^^^^^^^^^^^^^^^^
     |
help: remove the unnecessary path segments
     |
3278 -                 std::mem::size_of::<CompilerSourceHandle>() + source.relative_path.capacity()
3278 +                 size_of::<CompilerSourceHandle>() + source.relative_path.capacity()
     |

warning: unnecessary qualification
    --> crates/local-service/src/builtin/ingest.rs:3307:13
     |
3307 |             std::time::SystemTime::now()
     |             ^^^^^^^^^^^^^^^^^^^^^^^^^^
     |
help: remove the unnecessary path segments
     |
3307 -             std::time::SystemTime::now()
3307 +             SystemTime::now()
     |

warning: unnecessary qualification
    --> crates/local-service/src/builtin/ingest.rs:3308:33
     |
3308 |                 .duration_since(std::time::UNIX_EPOCH)
     |                                 ^^^^^^^^^^^^^^^^^^^^^
     |
help: remove the unnecessary path segments
     |
3308 -                 .duration_since(std::time::UNIX_EPOCH)
3308 +                 .duration_since(UNIX_EPOCH)
     |

warning: unnecessary qualification
    --> crates/local-service/src/builtin/ingest.rs:3461:13
     |
3461 |             std::time::SystemTime::now()
     |             ^^^^^^^^^^^^^^^^^^^^^^^^^^
     |
help: remove the unnecessary path segments
     |
3461 -             std::time::SystemTime::now()
3461 +             SystemTime::now()
     |

warning: unnecessary qualification
    --> crates/local-service/src/builtin/ingest.rs:3462:33
     |
3462 |                 .duration_since(std::time::UNIX_EPOCH)
     |                                 ^^^^^^^^^^^^^^^^^^^^^
     |
help: remove the unnecessary path segments
     |
3462 -                 .duration_since(std::time::UNIX_EPOCH)
3462 +                 .duration_since(UNIX_EPOCH)
     |

warning: unnecessary qualification
    --> crates/local-service/src/builtin/ingest.rs:3494:13
     |
3494 |             std::time::SystemTime::now()
     |             ^^^^^^^^^^^^^^^^^^^^^^^^^^
     |
help: remove the unnecessary path segments
     |
3494 -             std::time::SystemTime::now()
3494 +             SystemTime::now()
     |

warning: unnecessary qualification
    --> crates/local-service/src/builtin/ingest.rs:3495:33
     |
3495 |                 .duration_since(std::time::UNIX_EPOCH)
     |                                 ^^^^^^^^^^^^^^^^^^^^^
     |
help: remove the unnecessary path segments
     |
3495 -                 .duration_since(std::time::UNIX_EPOCH)
3495 +                 .duration_since(UNIX_EPOCH)
     |

warning: unnecessary qualification
    --> crates/local-service/src/builtin/ingest.rs:3543:13
     |
3543 |             std::time::SystemTime::now()
     |             ^^^^^^^^^^^^^^^^^^^^^^^^^^
     |
help: remove the unnecessary path segments
     |
3543 -             std::time::SystemTime::now()
3543 +             SystemTime::now()
     |

warning: unnecessary qualification
    --> crates/local-service/src/builtin/ingest.rs:3544:33
     |
3544 |                 .duration_since(std::time::UNIX_EPOCH)
     |                                 ^^^^^^^^^^^^^^^^^^^^^
     |
help: remove the unnecessary path segments
     |
3544 -                 .duration_since(std::time::UNIX_EPOCH)
3544 +                 .duration_since(UNIX_EPOCH)
     |

warning: unnecessary qualification
    --> crates/local-service/src/builtin/ingest.rs:3612:13
     |
3612 |             std::time::SystemTime::now()
     |             ^^^^^^^^^^^^^^^^^^^^^^^^^^
     |
help: remove the unnecessary path segments
     |
3612 -             std::time::SystemTime::now()
3612 +             SystemTime::now()
     |

warning: unnecessary qualification
    --> crates/local-service/src/builtin/ingest.rs:3613:33
     |
3613 |                 .duration_since(std::time::UNIX_EPOCH)
     |                                 ^^^^^^^^^^^^^^^^^^^^^
     |
help: remove the unnecessary path segments
     |
3613 -                 .duration_since(std::time::UNIX_EPOCH)
3613 +                 .duration_since(UNIX_EPOCH)
     |

warning: unnecessary qualification
    --> crates/local-service/src/builtin/ingest.rs:3649:13
     |
3649 |             std::time::SystemTime::now()
     |             ^^^^^^^^^^^^^^^^^^^^^^^^^^
     |
help: remove the unnecessary path segments
     |
3649 -             std::time::SystemTime::now()
3649 +             SystemTime::now()
     |

warning: unnecessary qualification
    --> crates/local-service/src/builtin/ingest.rs:3650:33
     |
3650 |                 .duration_since(std::time::UNIX_EPOCH)
     |                                 ^^^^^^^^^^^^^^^^^^^^^
     |
help: remove the unnecessary path segments
     |
3650 -                 .duration_since(std::time::UNIX_EPOCH)
3650 +                 .duration_since(UNIX_EPOCH)
     |

warning: unnecessary qualification
    --> crates/local-service/src/builtin/ingest.rs:4188:13
     |
4188 |             std::time::SystemTime::now()
     |             ^^^^^^^^^^^^^^^^^^^^^^^^^^
     |
help: remove the unnecessary path segments
     |
4188 -             std::time::SystemTime::now()
4188 +             SystemTime::now()
     |

warning: unnecessary qualification
    --> crates/local-service/src/builtin/ingest.rs:4189:33
     |
4189 |                 .duration_since(std::time::UNIX_EPOCH)
     |                                 ^^^^^^^^^^^^^^^^^^^^^
     |
help: remove the unnecessary path segments
     |
4189 -                 .duration_since(std::time::UNIX_EPOCH)
4189 +                 .duration_since(UNIX_EPOCH)
     |

warning: unnecessary qualification
    --> crates/local-service/src/builtin/ingest.rs:4849:13
     |
4849 |             std::time::SystemTime::now()
     |             ^^^^^^^^^^^^^^^^^^^^^^^^^^
     |
help: remove the unnecessary path segments
     |
4849 -             std::time::SystemTime::now()
4849 +             SystemTime::now()
     |

warning: unnecessary qualification
    --> crates/local-service/src/builtin/ingest.rs:4850:33
     |
4850 |                 .duration_since(std::time::UNIX_EPOCH)
     |                                 ^^^^^^^^^^^^^^^^^^^^^
     |
help: remove the unnecessary path segments
     |
4850 -                 .duration_since(std::time::UNIX_EPOCH)
4850 +                 .duration_since(UNIX_EPOCH)
     |

warning: unnecessary qualification
    --> crates/local-service/src/builtin/ingest.rs:4982:17
     |
4982 |                 backend_compile::SourceExcerpt::Captured { .. }
     |                 ^^^^^^^^^^^^^^^^^^^^^^^^^^^^^^^^^^^^^^^^
     |
help: remove the unnecessary path segments
     |
4982 -                 backend_compile::SourceExcerpt::Captured { .. }
4982 +                 SourceExcerpt::Captured { .. }
     |

warning: unnecessary qualification
    --> crates/local-service/src/builtin/ingest.rs:5046:13
     |
5046 |             std::time::SystemTime::now()
     |             ^^^^^^^^^^^^^^^^^^^^^^^^^^
     |
help: remove the unnecessary path segments
     |
5046 -             std::time::SystemTime::now()
5046 +             SystemTime::now()
     |

warning: unnecessary qualification
    --> crates/local-service/src/builtin/ingest.rs:5047:33
     |
5047 |                 .duration_since(std::time::UNIX_EPOCH)
     |                                 ^^^^^^^^^^^^^^^^^^^^^
     |
help: remove the unnecessary path segments
     |
5047 -                 .duration_since(std::time::UNIX_EPOCH)
5047 +                 .duration_since(UNIX_EPOCH)
     |

warning: unnecessary qualification
    --> crates/local-service/src/builtin/ingest.rs:5389:13
     |
5389 |             std::time::SystemTime::now()
     |             ^^^^^^^^^^^^^^^^^^^^^^^^^^
     |
help: remove the unnecessary path segments
     |
5389 -             std::time::SystemTime::now()
5389 +             SystemTime::now()
     |

warning: unnecessary qualification
    --> crates/local-service/src/builtin/ingest.rs:5390:33
     |
5390 |                 .duration_since(std::time::UNIX_EPOCH)
     |                                 ^^^^^^^^^^^^^^^^^^^^^
     |
help: remove the unnecessary path segments
     |
5390 -                 .duration_since(std::time::UNIX_EPOCH)
5390 +                 .duration_since(UNIX_EPOCH)
     |

warning: unnecessary qualification
  --> crates/local-service/src/builtin/profile_membership_tests.rs:21:13
   |
21 |             backend_engine::builtin::ProductSemanticCaptureRelation,
   |             ^^^^^^^^^^^^^^^^^^^^^^^^^^^^^^^^^^^^^^^^^^^^^^^^^^^^^^^
   |
help: remove the unnecessary path segments
   |
21 -             backend_engine::builtin::ProductSemanticCaptureRelation,
21 +             ProductSemanticCaptureRelation,
   |

warning: unnecessary qualification
  --> crates/local-service/src/builtin/profile_membership_tests.rs:24:13
   |
24 |             backend_engine::builtin::ProductSourceFileFactsRelation,
   |             ^^^^^^^^^^^^^^^^^^^^^^^^^^^^^^^^^^^^^^^^^^^^^^^^^^^^^^^
   |
help: remove the unnecessary path segments
   |
24 -             backend_engine::builtin::ProductSourceFileFactsRelation,
24 +             ProductSourceFileFactsRelation,
   |

warning: unnecessary qualification
  --> crates/local-service/src/builtin/profile_membership_tests.rs:48:22
   |
48 |     let dispatcher = super::super::builtin_dispatcher(
   |                      ^^^^^^^^^^^^^^^^^^^^^^^^^^^^^^^^
   |
help: remove the unnecessary path segments
   |
48 -     let dispatcher = super::super::builtin_dispatcher(
48 +     let dispatcher = builtin_dispatcher(
   |

warning: unnecessary qualification
  --> crates/local-service/src/builtin/profile_membership_tests.rs:49:14
   |
49 |         Some(super::super::ECHO_AUTHORITY_SECRET),
   |              ^^^^^^^^^^^^^^^^^^^^^^^^^^^^^^^^^^^
   |
help: remove the unnecessary path segments
   |
49 -         Some(super::super::ECHO_AUTHORITY_SECRET),
49 +         Some(ECHO_AUTHORITY_SECRET),
   |

warning: unnecessary qualification
   --> crates/local-service/src/builtin/profile_membership_tests.rs:266:5
    |
266 |     super::resolve_project_file_keys(project_key, &project, |page_key| {
    |     ^^^^^^^^^^^^^^^^^^^^^^^^^^^^^^^^
    |
help: remove the unnecessary path segments
    |
266 -     super::resolve_project_file_keys(project_key, &project, |page_key| {
266 +     resolve_project_file_keys(project_key, &project, |page_key| {
    |

warning: unnecessary qualification
   --> crates/local-service/src/builtin/profile_membership_tests.rs:291:9
    |
291 |         super::validate_project_file(package.to_bytes(), key, &record)
    |         ^^^^^^^^^^^^^^^^^^^^^^^^^^^^
    |
help: remove the unnecessary path segments
    |
291 -         super::validate_project_file(package.to_bytes(), key, &record)
291 +         validate_project_file(package.to_bytes(), key, &record)
    |

warning: unnecessary qualification
   --> crates/local-service/src/builtin/profile_membership_tests.rs:864:9
    |
864 |         backend_engine::WorkspaceModel::request_id(&BuiltinModel, &unbound_intent),
    |         ^^^^^^^^^^^^^^^^^^^^^^^^^^^^^^^^^^^^^^^^^^
    |
help: remove the unnecessary path segments
    |
864 -         backend_engine::WorkspaceModel::request_id(&BuiltinModel, &unbound_intent),
864 +         WorkspaceModel::request_id(&BuiltinModel, &unbound_intent),
    |

warning: unnecessary qualification
   --> crates/local-service/src/builtin/profile_membership_tests.rs:956:26
    |
956 |             let actual = super::admit_persisted_intent(persisted.closure_manifest().objects())
    |                          ^^^^^^^^^^^^^^^^^^^^^^^^^^^^^
    |
help: remove the unnecessary path segments
    |
956 -             let actual = super::admit_persisted_intent(persisted.closure_manifest().objects())
956 +             let actual = admit_persisted_intent(persisted.closure_manifest().objects())
    |

warning: unnecessary qualification
    --> crates/local-service/src/builtin/profile_membership_tests.rs:1140:26
     |
1140 |             let actual = super::admit_persisted_intent(persisted.closure_manifest().objects())
     |                          ^^^^^^^^^^^^^^^^^^^^^^^^^^^^^
     |
help: remove the unnecessary path segments
     |
1140 -             let actual = super::admit_persisted_intent(persisted.closure_manifest().objects())
1140 +             let actual = admit_persisted_intent(persisted.closure_manifest().objects())
     |

warning: unnecessary qualification
    --> crates/local-service/src/builtin/profile_membership_tests.rs:1178:9
     |
1178 |         super::validate_capture_basis_closure_id(hybrid_basis, selected_base.closure())
     |         ^^^^^^^^^^^^^^^^^^^^^^^^^^^^^^^^^^^^^^^^
     |
help: remove the unnecessary path segments
     |
1178 -         super::validate_capture_basis_closure_id(hybrid_basis, selected_base.closure())
1178 +         validate_capture_basis_closure_id(hybrid_basis, selected_base.closure())
     |

warning: unnecessary qualification
    --> crates/local-service/src/builtin/profile_membership_tests.rs:1209:17
     |
1209 |                 super::admit_persisted_intent(persisted.closure_manifest().objects())
     |                 ^^^^^^^^^^^^^^^^^^^^^^^^^^^^^
     |
help: remove the unnecessary path segments
     |
1209 -                 super::admit_persisted_intent(persisted.closure_manifest().objects())
1209 +                 admit_persisted_intent(persisted.closure_manifest().objects())
     |

warning: unnecessary qualification
    --> crates/local-service/src/builtin/profile_membership_tests.rs:1236:13
     |
1236 |             super::validate_persisted_capture_changes(
     |             ^^^^^^^^^^^^^^^^^^^^^^^^^^^^^^^^^^^^^^^^^
     |
help: remove the unnecessary path segments
     |
1236 -             super::validate_persisted_capture_changes(
1236 +             validate_persisted_capture_changes(
     |

warning: unnecessary qualification
   --> crates/local-service/src/builtin/staged_intent.rs:304:9
    |
304 |         std::fs::File::open(&markers)
    |         ^^^^^^^^^^^^^^^^^^^
    |
help: remove the unnecessary path segments
    |
304 -         std::fs::File::open(&markers)
304 +         fs::File::open(&markers)
    |

warning: unused import: `BuiltinCaptureBasis`
  --> crates/local-service/src/builtin.rs:75:31
   |
75 |     BuiltinAuthorityVerifier, BuiltinCaptureBasis, BuiltinCaptureChange, BuiltinProfile,
   |                               ^^^^^^^^^^^^^^^^^^^
   |
   = note: `#[warn(unused_imports)]` (part of `#[warn(unused)]`) on by default

warning: unnecessary qualification
    --> crates/local-service/src/builtin/cluster_dispatch.rs:5613:20
     |
5613 |     fn block_on<F: std::future::Future>(&self, future: F) -> F::Output {
     |                    ^^^^^^^^^^^^^^^^^^^
     |
help: remove the unnecessary path segments
     |
5613 -     fn block_on<F: std::future::Future>(&self, future: F) -> F::Output {
5613 +     fn block_on<F: Future>(&self, future: F) -> F::Output {
     |

warning: unnecessary qualification
   --> crates/local-service/src/builtin/remote_semantic_query.rs:527:30
    |
527 |         file.set_permissions(std::fs::Permissions::from_mode(0o600))?;
    |                              ^^^^^^^^^^^^^^^^^^^^^^^^^^^^^^^
    |
help: remove the unnecessary path segments
    |
527 -         file.set_permissions(std::fs::Permissions::from_mode(0o600))?;
527 +         file.set_permissions(fs::Permissions::from_mode(0o600))?;
    |

warning: unnecessary qualification
    --> crates/local-service/src/builtin/remote_semantic_query.rs:1500:17
     |
1500 |                 backend_engine::cluster_transport::SecretKey::from_bytes(&[99; 32]).public(),
     |                 ^^^^^^^^^^^^^^^^^^^^^^^^^^^^^^^^^^^^^^^^^^^^^^^^^^^^^^^^
     |
help: remove the unnecessary path segments
     |
1500 -                 backend_engine::cluster_transport::SecretKey::from_bytes(&[99; 32]).public(),
1500 +                 SecretKey::from_bytes(&[99; 32]).public(),
     |

warning: unused import: `BuiltinSemanticRelation`
 --> crates/local-service/src/builtin/embedded_host_retired_tests.rs:8:50
  |
8 |     BuiltinIntentOperation, BuiltinIntentSchema, BuiltinSemanticRelation, BuiltinSourceChange,
  |                                                  ^^^^^^^^^^^^^^^^^^^^^^^

warning: unnecessary qualification
    --> crates/local-service/src/builtin/generation_residence.rs:1420:30
     |
1420 |         let initial_weight = super::resident_weight(initial.images()).expect("initial weight");
     |                              ^^^^^^^^^^^^^^^^^^^^^^
     |
help: remove the unnecessary path segments
     |
1420 -         let initial_weight = super::resident_weight(initial.images()).expect("initial weight");
1420 +         let initial_weight = resident_weight(initial.images()).expect("initial weight");
     |

warning: unnecessary qualification
    --> crates/local-service/src/builtin/generation_residence.rs:1422:13
     |
1422 |             super::resident_weight(replacement.images()).expect("replacement weight");
     |             ^^^^^^^^^^^^^^^^^^^^^^
     |
help: remove the unnecessary path segments
     |
1422 -             super::resident_weight(replacement.images()).expect("replacement weight");
1422 +             resident_weight(replacement.images()).expect("replacement weight");
     |

warning: unnecessary qualification
    --> crates/local-service/src/builtin/generation_residence.rs:1503:27
     |
1503 |         let total_bytes = super::resident_weight(expected.images())
     |                           ^^^^^^^^^^^^^^^^^^^^^^
     |
help: remove the unnecessary path segments
     |
1503 -         let total_bytes = super::resident_weight(expected.images())
1503 +         let total_bytes = resident_weight(expected.images())
     |

warning: unnecessary qualification
  --> crates/local-service/src/builtin/s3_publication/config.rs:87:12
   |
87 |         if std::env::var_os(CHILD_MODE_ENV).is_some() {
   |            ^^^^^^^^^^^^^^^^
   |
help: remove the unnecessary path segments
   |
87 -         if std::env::var_os(CHILD_MODE_ENV).is_some() {
87 +         if env::var_os(CHILD_MODE_ENV).is_some() {
   |

warning: unnecessary qualification
  --> crates/local-service/src/builtin/s3_publication/config.rs:98:26
   |
98 |         let executable = std::env::current_exe().expect("resolve unit-test executable");
   |                          ^^^^^^^^^^^^^^^^^^^^^
   |
help: remove the unnecessary path segments
   |
98 -         let executable = std::env::current_exe().expect("resolve unit-test executable");
98 +         let executable = env::current_exe().expect("resolve unit-test executable");
   |

warning: unnecessary qualification
   --> crates/local-service/src/builtin/s3_publication.rs:551:23
    |
551 |         let scratch = std::env::temp_dir().join(format!(
    |                       ^^^^^^^^^^^^^^^^^^
    |
help: remove the unnecessary path segments
    |
551 -         let scratch = std::env::temp_dir().join(format!(
551 +         let scratch = env::temp_dir().join(format!(
    |

warning: unnecessary qualification
   --> crates/local-service/src/builtin/s3_publication.rs:617:23
    |
617 |         let scratch = std::env::temp_dir().join(format!(
    |                       ^^^^^^^^^^^^^^^^^^
    |
help: remove the unnecessary path segments
    |
617 -         let scratch = std::env::temp_dir().join(format!(
617 +         let scratch = env::temp_dir().join(format!(
    |

warning: unnecessary qualification
   --> crates/local-service/src/builtin/s3_publication.rs:707:23
    |
707 |         let scratch = std::env::temp_dir().join(format!(
    |                       ^^^^^^^^^^^^^^^^^^
    |
help: remove the unnecessary path segments
    |
707 -         let scratch = std::env::temp_dir().join(format!(
707 +         let scratch = env::temp_dir().join(format!(
    |

warning: unused import: `ProductSemanticCaptureOutcome`
  --> crates/local-service/src/builtin/semantic_authority.rs:18:30
   |
18 |     PartialSemanticCoverage, ProductSemanticCaptureOutcome, ProductSemanticPublicationKey,
   |                              ^^^^^^^^^^^^^^^^^^^^^^^^^^^^^

warning: unnecessary qualification
   --> crates/local-service/src/builtin/semantic_authority.rs:420:14
    |
420 |     reached: std::sync::mpsc::SyncSender<NativeHistoryFenceDiagnostic>,
    |              ^^^^^^^^^^^^^^^^^^^^^^^^^^^^^^^^^^^^^^^^^^^^^^^^^^^^^^^^^
    |
help: remove the unnecessary path segments
    |
420 -     reached: std::sync::mpsc::SyncSender<NativeHistoryFenceDiagnostic>,
420 +     reached: SyncSender<NativeHistoryFenceDiagnostic>,
    |

warning: unnecessary qualification
   --> crates/local-service/src/builtin/semantic_authority.rs:421:14
    |
421 |     release: std::sync::mpsc::Receiver<()>,
    |              ^^^^^^^^^^^^^^^^^^^^^^^^^^^^^
    |
help: remove the unnecessary path segments
    |
421 -     release: std::sync::mpsc::Receiver<()>,
421 +     release: mpsc::Receiver<()>,
    |

warning: unnecessary qualification
   --> crates/local-service/src/builtin/semantic_authority.rs:437:47
    |
437 |     native_history_writer_probe: Mutex<Option<std::sync::mpsc::SyncSender<bool>>>,
    |                                               ^^^^^^^^^^^^^^^^^^^^^^^^^^^^^^^^^
    |
help: remove the unnecessary path segments
    |
437 -     native_history_writer_probe: Mutex<Option<std::sync::mpsc::SyncSender<bool>>>,
437 +     native_history_writer_probe: Mutex<Option<SyncSender<bool>>>,
    |

warning: unnecessary qualification
   --> crates/local-service/src/builtin/semantic_authority.rs:521:18
    |
521 |         reached: std::sync::mpsc::SyncSender<NativeHistoryFenceDiagnostic>,
    |                  ^^^^^^^^^^^^^^^^^^^^^^^^^^^^^^^^^^^^^^^^^^^^^^^^^^^^^^^^^
    |
help: remove the unnecessary path segments
    |
521 -         reached: std::sync::mpsc::SyncSender<NativeHistoryFenceDiagnostic>,
521 +         reached: SyncSender<NativeHistoryFenceDiagnostic>,
    |

warning: unnecessary qualification
   --> crates/local-service/src/builtin/semantic_authority.rs:522:18
    |
522 |         release: std::sync::mpsc::Receiver<()>,
    |                  ^^^^^^^^^^^^^^^^^^^^^^^^^^^^^
    |
help: remove the unnecessary path segments
    |
522 -         release: std::sync::mpsc::Receiver<()>,
522 +         release: mpsc::Receiver<()>,
    |

warning: unnecessary qualification
   --> crates/local-service/src/builtin/semantic_authority.rs:566:17
    |
566 |         sender: std::sync::mpsc::SyncSender<bool>,
    |                 ^^^^^^^^^^^^^^^^^^^^^^^^^^^^^^^^^
    |
help: remove the unnecessary path segments
    |
566 -         sender: std::sync::mpsc::SyncSender<bool>,
566 +         sender: SyncSender<bool>,
    |

warning: unnecessary qualification
    --> crates/local-service/src/builtin/semantic_authority.rs:1439:18
     |
1439 |         reached: std::sync::mpsc::SyncSender<NativeHistoryFenceDiagnostic>,
     |                  ^^^^^^^^^^^^^^^^^^^^^^^^^^^^^^^^^^^^^^^^^^^^^^^^^^^^^^^^^
     |
help: remove the unnecessary path segments
     |
1439 -         reached: std::sync::mpsc::SyncSender<NativeHistoryFenceDiagnostic>,
1439 +         reached: SyncSender<NativeHistoryFenceDiagnostic>,
     |

warning: unnecessary qualification
    --> crates/local-service/src/builtin/semantic_authority.rs:1440:18
     |
1440 |         release: std::sync::mpsc::Receiver<()>,
     |                  ^^^^^^^^^^^^^^^^^^^^^^^^^^^^^
     |
help: remove the unnecessary path segments
     |
1440 -         release: std::sync::mpsc::Receiver<()>,
1440 +         release: mpsc::Receiver<()>,
     |

warning: unnecessary qualification
    --> crates/local-service/src/builtin/semantic_authority.rs:4186:16
     |
4186 |             || std::path::PathBuf::from("rustc"),
     |                ^^^^^^^^^^^^^^^^^^^^^^^^
     |
help: remove the unnecessary path segments
     |
4186 -             || std::path::PathBuf::from("rustc"),
4186 +             || PathBuf::from("rustc"),
     |

warning: unnecessary qualification
    --> crates/local-service/src/builtin/semantic_authority.rs:4187:13
     |
4187 |             std::path::PathBuf::from,
     |             ^^^^^^^^^^^^^^^^^^^^^^^^
     |
help: remove the unnecessary path segments
     |
4187 -             std::path::PathBuf::from,
4187 +             PathBuf::from,
     |

warning: unnecessary qualification
    --> crates/local-service/src/builtin/semantic_authority.rs:4447:29
     |
4447 |     struct ScratchWorkspace(std::path::PathBuf);
     |                             ^^^^^^^^^^^^^^^^^^
     |
help: remove the unnecessary path segments
     |
4447 -     struct ScratchWorkspace(std::path::PathBuf);
4447 +     struct ScratchWorkspace(PathBuf);
     |

warning: unnecessary qualification
    --> crates/local-service/src/builtin/semantic_authority.rs:4473:54
     |
4473 |         let (attempted_sender, attempted_receiver) = std::sync::mpsc::channel();
     |                                                      ^^^^^^^^^^^^^^^^^^^^^^^^
     |
help: remove the unnecessary path segments
     |
4473 -         let (attempted_sender, attempted_receiver) = std::sync::mpsc::channel();
4473 +         let (attempted_sender, attempted_receiver) = mpsc::channel();
     |

warning: unnecessary qualification
    --> crates/local-service/src/builtin/semantic_authority.rs:4474:52
     |
4474 |         let (acquired_sender, acquired_receiver) = std::sync::mpsc::channel();
     |                                                    ^^^^^^^^^^^^^^^^^^^^^^^^
     |
help: remove the unnecessary path segments
     |
4474 -         let (acquired_sender, acquired_receiver) = std::sync::mpsc::channel();
4474 +         let (acquired_sender, acquired_receiver) = mpsc::channel();
     |

warning: unnecessary qualification
    --> crates/local-service/src/builtin/semantic_authority.rs:4492:35
     |
4492 |                     .recv_timeout(std::time::Duration::from_secs(2))
     |                                   ^^^^^^^^^^^^^^^^^^^^^^^^^^^^^^
     |
help: remove the unnecessary path segments
     |
4492 -                     .recv_timeout(std::time::Duration::from_secs(2))
4492 +                     .recv_timeout(Duration::from_secs(2))
     |

warning: unnecessary qualification
    --> crates/local-service/src/builtin/semantic_authority.rs:4506:27
     |
4506 |             .recv_timeout(std::time::Duration::from_secs(2))
     |                           ^^^^^^^^^^^^^^^^^^^^^^^^^^^^^^
     |
help: remove the unnecessary path segments
     |
4506 -             .recv_timeout(std::time::Duration::from_secs(2))
4506 +             .recv_timeout(Duration::from_secs(2))
     |

warning: unnecessary qualification
    --> crates/local-service/src/builtin/semantic_authority.rs:4515:19
     |
4515 |         seen: Arc<std::sync::Mutex<Option<PublicationFence>>>,
     |                   ^^^^^^^^^^^^^^^^^^^^^^^^^^^^^^^^^^^^^^^^^^
     |
help: remove the unnecessary path segments
     |
4515 -         seen: Arc<std::sync::Mutex<Option<PublicationFence>>>,
4515 +         seen: Arc<Mutex<Option<PublicationFence>>>,
     |

warning: unnecessary qualification
    --> crates/local-service/src/builtin/semantic_authority.rs:4538:24
     |
4538 |             _selected: super::super::s3_publication::RemoteClosureSelection,
     |                        ^^^^^^^^^^^^^^^^^^^^^^^^^^^^^^^^^^^^^^^^^^^^^^^^^^^^
     |
help: remove the unnecessary path segments
     |
4538 -             _selected: super::super::s3_publication::RemoteClosureSelection,
4538 +             _selected: RemoteClosureSelection,
     |

warning: unnecessary qualification
    --> crates/local-service/src/builtin/semantic_authority.rs:4540:31
     |
4540 |             _expected_schema: backend_version::SchemaIdentity,
     |                               ^^^^^^^^^^^^^^^^^^^^^^^^^^^^^^^
     |
help: remove the unnecessary path segments
     |
4540 -             _expected_schema: backend_version::SchemaIdentity,
4540 +             _expected_schema: SchemaIdentity,
     |

warning: unnecessary qualification
    --> crates/local-service/src/builtin/semantic_authority.rs:4549:24
     |
4549 |             _selected: super::super::s3_publication::RemoteClosureSelection,
     |                        ^^^^^^^^^^^^^^^^^^^^^^^^^^^^^^^^^^^^^^^^^^^^^^^^^^^^
     |
help: remove the unnecessary path segments
     |
4549 -             _selected: super::super::s3_publication::RemoteClosureSelection,
4549 +             _selected: RemoteClosureSelection,
     |

warning: unnecessary qualification
    --> crates/local-service/src/builtin/semantic_authority.rs:4596:29
     |
4596 |         let seen = Arc::new(std::sync::Mutex::new(None));
     |                             ^^^^^^^^^^^^^^^^^^^^^
     |
help: remove the unnecessary path segments
     |
4596 -         let seen = Arc::new(std::sync::Mutex::new(None));
4596 +         let seen = Arc::new(Mutex::new(None));
     |

warning: unnecessary qualification
    --> crates/local-service/src/builtin/versioned_planes.rs:2321:9
     |
2321 |         std::fs::remove_dir_all(directory).expect("remove history workspace");
     |         ^^^^^^^^^^^^^^^^^^^^^^^
     |
help: remove the unnecessary path segments
     |
2321 -         std::fs::remove_dir_all(directory).expect("remove history workspace");
2321 +         fs::remove_dir_all(directory).expect("remove history workspace");
     |

warning: unnecessary qualification
    --> crates/local-service/src/builtin/versioned_planes.rs:2395:13
     |
2395 |             backend_semantic::ir::LanguageProfile::Rust(
     |             ^^^^^^^^^^^^^^^^^^^^^^^^^^^^^^^^^^^^^^^^^^^
     |
help: remove the unnecessary path segments
     |
2395 -             backend_semantic::ir::LanguageProfile::Rust(
2395 +             LanguageProfile::Rust(
     |

warning: unnecessary qualification
    --> crates/local-service/src/builtin/versioned_planes.rs:2396:17
     |
2396 |                 backend_semantic::ir::RustEdition::Rust2021,
     |                 ^^^^^^^^^^^^^^^^^^^^^^^^^^^^^^^^^^^^^^^^^^^
     |
help: remove the unnecessary path segments
     |
2396 -                 backend_semantic::ir::RustEdition::Rust2021,
2396 +                 RustEdition::Rust2021,
     |

warning: unnecessary qualification
    --> crates/local-service/src/builtin/versioned_planes.rs:2413:9
     |
2413 |         std::fs::remove_dir_all(directory).expect("remove temporary authority workspace");
     |         ^^^^^^^^^^^^^^^^^^^^^^^
     |
help: remove the unnecessary path segments
     |
2413 -         std::fs::remove_dir_all(directory).expect("remove temporary authority workspace");
2413 +         fs::remove_dir_all(directory).expect("remove temporary authority workspace");
     |

warning: unnecessary qualification
    --> crates/local-service/src/builtin/versioned_planes.rs:2430:13
     |
2430 |             backend_semantic::ir::LanguageProfile::Rust(
     |             ^^^^^^^^^^^^^^^^^^^^^^^^^^^^^^^^^^^^^^^^^^^
     |
help: remove the unnecessary path segments
     |
2430 -             backend_semantic::ir::LanguageProfile::Rust(
2430 +             LanguageProfile::Rust(
     |

warning: unnecessary qualification
    --> crates/local-service/src/builtin/versioned_planes.rs:2431:17
     |
2431 |                 backend_semantic::ir::RustEdition::Rust2021,
     |                 ^^^^^^^^^^^^^^^^^^^^^^^^^^^^^^^^^^^^^^^^^^^
     |
help: remove the unnecessary path segments
     |
2431 -                 backend_semantic::ir::RustEdition::Rust2021,
2431 +                 RustEdition::Rust2021,
     |

warning: unnecessary qualification
    --> crates/local-service/src/builtin/versioned_planes.rs:2460:9
     |
2460 |         std::fs::remove_dir_all(directory).expect("remove temporary authority workspace");
     |         ^^^^^^^^^^^^^^^^^^^^^^^
     |
help: remove the unnecessary path segments
     |
2460 -         std::fs::remove_dir_all(directory).expect("remove temporary authority workspace");
2460 +         fs::remove_dir_all(directory).expect("remove temporary authority workspace");
     |

warning: unnecessary qualification
    --> crates/local-service/src/builtin/versioned_planes.rs:2558:25
     |
2558 |             _selected: &backend_extension_turso::SelectedGeneration,
     |                         ^^^^^^^^^^^^^^^^^^^^^^^^^^^^^^^^^^^^^^^^^^^
     |
help: remove the unnecessary path segments
     |
2558 -             _selected: &backend_extension_turso::SelectedGeneration,
2558 +             _selected: &SelectedGeneration,
     |

warning: unnecessary qualification
    --> crates/local-service/src/builtin/versioned_planes.rs:2690:25
     |
2690 |             _selected: &backend_extension_turso::SelectedGeneration,
     |                         ^^^^^^^^^^^^^^^^^^^^^^^^^^^^^^^^^^^^^^^^^^^
     |
help: remove the unnecessary path segments
     |
2690 -             _selected: &backend_extension_turso::SelectedGeneration,
2690 +             _selected: &SelectedGeneration,
     |

warning: unused imports: `CorePayloadHash` and `EntityVersion`
    --> crates/local-service/src/builtin/view_build/call_join.rs:1206:54
     |
1206 |         BorrowedTree, CompileRecipeFact, Confidence, CorePayloadHash, DeclarationFamilyId,
     |                                                      ^^^^^^^^^^^^^^^
1207 |         DeclarationIdentity, EntityAuthorityFacts, EntityVersion, ExternalDeclarationIdentity,
     |                                                    ^^^^^^^^^^^^^

warning: unnecessary qualification
    --> crates/local-service/src/builtin/view_build/image_rows.rs:1549:25
     |
1549 |         let projected = super::project_image_rows(
     |                         ^^^^^^^^^^^^^^^^^^^^^^^^^
     |
help: remove the unnecessary path segments
     |
1549 -         let projected = super::project_image_rows(
1549 +         let projected = project_image_rows(
     |

warning: unnecessary qualification
    --> crates/local-service/src/builtin/view_build/image_rows.rs:1573:9
     |
1573 |         super::apply_projected_image(&projected, &mut sink).expect("apply direct projection");
     |         ^^^^^^^^^^^^^^^^^^^^^^^^^^^^
     |
help: remove the unnecessary path segments
     |
1573 -         super::apply_projected_image(&projected, &mut sink).expect("apply direct projection");
1573 +         apply_projected_image(&projected, &mut sink).expect("apply direct projection");
     |

warning: unused import: `ProductSemanticCaptureOutcome`
  --> crates/local-service/src/builtin/view_build/semantic.rs:24:5
   |
24 |     ProductSemanticCaptureOutcome, ProductSemanticPublicationRecord, SemanticUnavailableReason,
   |     ^^^^^^^^^^^^^^^^^^^^^^^^^^^^^

warning: unnecessary qualification
    --> crates/local-service/src/builtin/view_publish.rs:1752:32
     |
1752 |                 cargo_aliases: std::collections::BTreeMap::new(),
     |                                ^^^^^^^^^^^^^^^^^^^^^^^^^^^^^^^
     |
help: remove the unnecessary path segments
     |
1752 -                 cargo_aliases: std::collections::BTreeMap::new(),
1752 +                 cargo_aliases: BTreeMap::new(),
     |

warning: unnecessary qualification
    --> crates/local-service/src/builtin/view_publish.rs:1949:19
     |
1949 |         initial: &backend_engine::ViewRoot,
     |                   ^^^^^^^^^^^^^^^^^^^^^^^^
     |
help: remove the unnecessary path segments
     |
1949 -         initial: &backend_engine::ViewRoot,
1949 +         initial: &ViewRoot,
     |

warning: unnecessary qualification
    --> crates/local-service/src/builtin/commands/adapter.rs:2554:29
     |
2554 |                         && !super::super::ingest::compiler_revision_is_current(revision_fence)
     |                             ^^^^^^^^^^^^^^^^^^^^^^^^^^^^^^^^^^^^^^^^^^^^^^^^^^
     |
help: remove the unnecessary path segments
     |
2554 -                         && !super::super::ingest::compiler_revision_is_current(revision_fence)
2554 +                         && !ingest::compiler_revision_is_current(revision_fence)
     |

warning: unnecessary qualification
    --> crates/local-service/src/builtin/commands/adapter.rs:3101:29
     |
3101 |                         && !super::super::ingest::compiler_revision_is_current(revision_fence)
     |                             ^^^^^^^^^^^^^^^^^^^^^^^^^^^^^^^^^^^^^^^^^^^^^^^^^^
     |
help: remove the unnecessary path segments
     |
3101 -                         && !super::super::ingest::compiler_revision_is_current(revision_fence)
3101 +                         && !ingest::compiler_revision_is_current(revision_fence)
     |

warning: unnecessary qualification
    --> crates/local-service/src/builtin/commands/adapter.rs:3261:9
     |
3261 |         super::super::ingest::recover_indexed_excerpt(
     |         ^^^^^^^^^^^^^^^^^^^^^^^^^^^^^^^^^^^^^^^^^^^^^
     |
help: remove the unnecessary path segments
     |
3261 -         super::super::ingest::recover_indexed_excerpt(
3261 +         ingest::recover_indexed_excerpt(
     |

warning: unused import: `BuiltinSemanticRelation`
    --> crates/local-service/src/builtin/commands/adapter.rs:4298:54
     |
4298 |         BuiltinIntent, BuiltinModel, BuiltinProfile, BuiltinSemanticRelation,
     |                                                      ^^^^^^^^^^^^^^^^^^^^^^^

warning: unused import: `ProductSemanticCaptureRelation`
  --> crates/local-service/src/builtin/commands/index.rs:19:61
   |
19 |     PartialSemanticCoverage, ProductSemanticCaptureOutcome, ProductSemanticCaptureRelation,
   |                                                             ^^^^^^^^^^^^^^^^^^^^^^^^^^^^^^

warning: unused import: `Relation as _`
  --> crates/local-service/src/builtin/commands/index.rs:39:33
   |
39 | use backend_version::{Coverage, Relation as _, ScopeRoot, WorkspaceRoot};
   |                                 ^^^^^^^^^^^^^

warning: unnecessary qualification
    --> crates/local-service/src/builtin/commands/index.rs:1435:48
     |
1435 |     compiler_failure: Option<(LanguageProfile, backend_library::PackageCompilerFailure)>,
     |                                                ^^^^^^^^^^^^^^^^^^^^^^^^^^^^^^^^^^^^^^^
     |
help: remove the unnecessary path segments
     |
1435 -     compiler_failure: Option<(LanguageProfile, backend_library::PackageCompilerFailure)>,
1435 +     compiler_failure: Option<(LanguageProfile, PackageCompilerFailure)>,
     |

warning: unnecessary qualification
    --> crates/local-service/src/builtin/commands/index.rs:1672:48
     |
1672 |     compiler_failure: Option<(LanguageProfile, backend_library::PackageCompilerFailure)>,
     |                                                ^^^^^^^^^^^^^^^^^^^^^^^^^^^^^^^^^^^^^^^
     |
help: remove the unnecessary path segments
     |
1672 -     compiler_failure: Option<(LanguageProfile, backend_library::PackageCompilerFailure)>,
1672 +     compiler_failure: Option<(LanguageProfile, PackageCompilerFailure)>,
     |

warning: unnecessary qualification
    --> crates/local-service/src/builtin/commands/index_operation.rs:1442:20
     |
1442 |     fn open(path: &std::path::Path) -> IndexOperationJournal {
     |                    ^^^^^^^^^^^^^^^
     |
help: remove the unnecessary path segments
     |
1442 -     fn open(path: &std::path::Path) -> IndexOperationJournal {
1442 +     fn open(path: &Path) -> IndexOperationJournal {
     |

warning: unnecessary qualification
    --> crates/local-service/src/builtin/commands/index_operation.rs:1522:23
     |
1522 |     fn cleanup(path: &std::path::Path) {
     |                       ^^^^^^^^^^^^^^^
     |
help: remove the unnecessary path segments
     |
1522 -     fn cleanup(path: &std::path::Path) {
1522 +     fn cleanup(path: &Path) {
     |

warning: unnecessary qualification
    --> crates/local-service/src/builtin/commands/index_operation.rs:2163:32
     |
2163 |         let mut journal = open(std::path::Path::new(&path));
     |                                ^^^^^^^^^^^^^^^^^^^^
     |
help: remove the unnecessary path segments
     |
2163 -         let mut journal = open(std::path::Path::new(&path));
2163 +         let mut journal = open(Path::new(&path));
     |

warning: unnecessary qualification
     --> crates/local-service/src/builtin/commands/semantic_query.rs:10834:19
      |
10834 |             kind: backend_semantic::ir::LinkKind::Calls,
      |                   ^^^^^^^^^^^^^^^^^^^^^^^^^^^^^^^^^^^^^
      |
help: remove the unnecessary path segments
      |
10834 -             kind: backend_semantic::ir::LinkKind::Calls,
10834 +             kind: LinkKind::Calls,
      |

warning: unnecessary qualification
     --> crates/local-service/src/builtin/commands/semantic_query.rs:10870:23
      |
10870 |                 kind: backend_semantic::ir::LinkKind::Calls,
      |                       ^^^^^^^^^^^^^^^^^^^^^^^^^^^^^^^^^^^^^
      |
help: remove the unnecessary path segments
      |
10870 -                 kind: backend_semantic::ir::LinkKind::Calls,
10870 +                 kind: LinkKind::Calls,
      |

warning: unnecessary qualification
     --> crates/local-service/src/builtin/commands/semantic_query.rs:10895:29
      |
10895 |         let callee_symbol = super::super::super::view_build::semantic_symbol(
      |                             ^^^^^^^^^^^^^^^^^^^^^^^^^^^^^^^^^^^^^^^^^^^^^^^^
      |
help: remove the unnecessary path segments
      |
10895 -         let callee_symbol = super::super::super::view_build::semantic_symbol(
10895 +         let callee_symbol = view_build::semantic_symbol(
      |

warning: unnecessary qualification
     --> crates/local-service/src/builtin/commands/semantic_query.rs:10909:16
      |
10909 |             != super::super::super::view_build::semantic_symbol(
      |                ^^^^^^^^^^^^^^^^^^^^^^^^^^^^^^^^^^^^^^^^^^^^^^^^
      |
help: remove the unnecessary path segments
      |
10909 -             != super::super::super::view_build::semantic_symbol(
10909 +             != view_build::semantic_symbol(
      |

warning: unnecessary qualification
     --> crates/local-service/src/builtin/commands/semantic_query.rs:10950:22
      |
10950 |         let absent = super::super::super::view_build::semantic_symbol(
      |                      ^^^^^^^^^^^^^^^^^^^^^^^^^^^^^^^^^^^^^^^^^^^^^^^^
      |
help: remove the unnecessary path segments
      |
10950 -         let absent = super::super::super::view_build::semantic_symbol(
10950 +         let absent = view_build::semantic_symbol(
      |

warning: unnecessary qualification
    --> crates/local-service/src/builtin/commands/semantic_shapes.rs:2111:53
     |
2111 |             backend_engine::SemanticTypeFact::Known(backend_engine::SemanticTypeExpr::Object(
     |                                                     ^^^^^^^^^^^^^^^^^^^^^^^^^^^^^^^^^^^^^^^^
     |
help: remove the unnecessary path segments
     |
2111 -             backend_engine::SemanticTypeFact::Known(backend_engine::SemanticTypeExpr::Object(
2111 +             backend_engine::SemanticTypeFact::Known(SemanticTypeExpr::Object(
     |

warning: unnecessary qualification
    --> crates/local-service/src/builtin/commands/semantic_shapes.rs:2120:33
     |
2120 | ...                   backend_engine::SemanticTypeExpr::Literal(
     |                       ^^^^^^^^^^^^^^^^^^^^^^^^^^^^^^^^^^^^^^^^^
     |
help: remove the unnecessary path segments
     |
2120 -                                 backend_engine::SemanticTypeExpr::Literal(
2120 +                                 SemanticTypeExpr::Literal(
     |

warning: unused import: `PreparedBuiltinIntent`
  --> crates/local-service/src/builtin/commands/mod.rs:19:5
   |
19 |     PreparedBuiltinIntent, commit_builtin_intent, commit_prepared_builtin_intent,
   |     ^^^^^^^^^^^^^^^^^^^^^

warning: unused import: `source_capture_receipt_for_root`
  --> crates/local-service/src/builtin/commands/mod.rs:23:62
   |
23 |     recover_awaiting_selection, recover_offered_reservation, source_capture_receipt_for_root,
   |                                                              ^^^^^^^^^^^^^^^^^^^^^^^^^^^^^^^

warning: unnecessary qualification
    --> crates/local-service/src/builtin/registry.rs:1061:35
     |
1061 |             let source_identity = backend_engine::serde_json::to_vec(&source.source)
     |                                   ^^^^^^^^^^^^^^^^^^^^^^^^^^^^^^^^^^
     |
help: remove the unnecessary path segments
     |
1061 -             let source_identity = backend_engine::serde_json::to_vec(&source.source)
1061 +             let source_identity = serde_json::to_vec(&source.source)
     |

warning: unnecessary qualification
    --> crates/local-service/src/builtin/registry.rs:1086:25
     |
1086 |         let osv_scope = backend_engine::serde_json::to_vec(&self.advisory_config.osv_scope)
     |                         ^^^^^^^^^^^^^^^^^^^^^^^^^^^^^^^^^^
     |
help: remove the unnecessary path segments
     |
1086 -         let osv_scope = backend_engine::serde_json::to_vec(&self.advisory_config.osv_scope)
1086 +         let osv_scope = serde_json::to_vec(&self.advisory_config.osv_scope)
     |

warning: unnecessary qualification
    --> crates/local-service/src/builtin/registry.rs:1391:17
     |
1391 |                 backend_engine::acquisition::NegativeFactKind::Yanked => {
     |                 ^^^^^^^^^^^^^^^^^^^^^^^^^^^^^^^^^^^^^^^^^^^^^^^^^^^^^
     |
help: remove the unnecessary path segments
     |
1391 -                 backend_engine::acquisition::NegativeFactKind::Yanked => {
1391 +                 NegativeFactKind::Yanked => {
     |

warning: unnecessary qualification
    --> crates/local-service/src/builtin/registry.rs:1396:17
     |
1396 |                 backend_engine::acquisition::NegativeFactKind::AdvisoryBlocked => {
     |                 ^^^^^^^^^^^^^^^^^^^^^^^^^^^^^^^^^^^^^^^^^^^^^^^^^^^^^^^^^^^^^^
     |
help: remove the unnecessary path segments
     |
1396 -                 backend_engine::acquisition::NegativeFactKind::AdvisoryBlocked => {
1396 +                 NegativeFactKind::AdvisoryBlocked => {
     |

warning: unnecessary qualification
    --> crates/local-service/src/builtin/registry.rs:1399:17
     |
1399 |                 backend_engine::acquisition::NegativeFactKind::Unsupported => {
     |                 ^^^^^^^^^^^^^^^^^^^^^^^^^^^^^^^^^^^^^^^^^^^^^^^^^^^^^^^^^^
     |
help: remove the unnecessary path segments
     |
1399 -                 backend_engine::acquisition::NegativeFactKind::Unsupported => {
1399 +                 NegativeFactKind::Unsupported => {
     |

warning: unnecessary qualification
    --> crates/local-service/src/builtin/registry.rs:1402:17
     |
1402 |                 backend_engine::acquisition::NegativeFactKind::NotFound => {
     |                 ^^^^^^^^^^^^^^^^^^^^^^^^^^^^^^^^^^^^^^^^^^^^^^^^^^^^^^^
     |
help: remove the unnecessary path segments
     |
1402 -                 backend_engine::acquisition::NegativeFactKind::NotFound => {
1402 +                 NegativeFactKind::NotFound => {
     |

warning: unnecessary qualification
    --> crates/local-service/src/builtin/registry.rs:2312:27
     |
2312 |         fn capture(file: &std::fs::File) -> Result<Self, String> {
     |                           ^^^^^^^^^^^^^
     |
help: remove the unnecessary path segments
     |
2312 -         fn capture(file: &std::fs::File) -> Result<Self, String> {
2312 +         fn capture(file: &File) -> Result<Self, String> {
     |

warning: unnecessary qualification
    --> crates/local-service/src/builtin/registry.rs:3679:22
     |
3679 |         let source = backend_engine::registry::RegistrySource::new(endpoint).with_native(false);
     |                      ^^^^^^^^^^^^^^^^^^^^^^^^^^^^^^^^^^^^^^^^^^^^^
     |
help: remove the unnecessary path segments
     |
3679 -         let source = backend_engine::registry::RegistrySource::new(endpoint).with_native(false);
3679 +         let source = RegistrySource::new(endpoint).with_native(false);
     |

warning: unnecessary qualification
    --> crates/local-service/src/builtin/registry.rs:3680:23
     |
3680 |         let sources = backend_engine::registry::RegistrySourceSet::empty()
     |                       ^^^^^^^^^^^^^^^^^^^^^^^^^^^^^^^^^^^^^^^^^^^^^^^^^^
     |
help: remove the unnecessary path segments
     |
3680 -         let sources = backend_engine::registry::RegistrySourceSet::empty()
3680 +         let sources = RegistrySourceSet::empty()
     |

warning: unnecessary qualification
    --> crates/local-service/src/builtin/registry.rs:3687:21
     |
3687 |             policy: backend_engine::registry::AcquisitionPolicy::Online,
     |                     ^^^^^^^^^^^^^^^^^^^^^^^^^^^^^^^^^^^^^^^^^^^^^^^^^^^
     |
help: remove the unnecessary path segments
     |
3687 -             policy: backend_engine::registry::AcquisitionPolicy::Online,
3687 +             policy: AcquisitionPolicy::Online,
     |

warning: unnecessary qualification
    --> crates/local-service/src/builtin/registry.rs:4313:24
     |
4313 |         let original = std::sync::Arc::new(
     |                        ^^^^^^^^^^^^^^^^^^^
     |
help: remove the unnecessary path segments
     |
4313 -         let original = std::sync::Arc::new(
4313 +         let original = Arc::new(
     |

warning: unnecessary qualification
    --> crates/local-service/src/builtin/registry.rs:4318:13
     |
4318 |             std::sync::Arc::clone(&original)
     |             ^^^^^^^^^^^^^^^^^^^^^
     |
help: remove the unnecessary path segments
     |
4318 -             std::sync::Arc::clone(&original)
4318 +             Arc::clone(&original)
     |

warning: unnecessary qualification
    --> crates/local-service/src/builtin/registry.rs:4320:13
     |
4320 |             std::sync::Arc::new(
     |             ^^^^^^^^^^^^^^^^^^^
     |
help: remove the unnecessary path segments
     |
4320 -             std::sync::Arc::new(
4320 +             Arc::new(
     |

warning: unnecessary qualification
    --> crates/local-service/src/builtin/registry.rs:4324:17
     |
4324 |         assert!(std::sync::Arc::ptr_eq(&original, &reused));
     |                 ^^^^^^^^^^^^^^^^^^^^^^
     |
help: remove the unnecessary path segments
     |
4324 -         assert!(std::sync::Arc::ptr_eq(&original, &reused));
4324 +         assert!(Arc::ptr_eq(&original, &reused));
     |

warning: unnecessary qualification
    --> crates/local-service/src/builtin/registry.rs:4326:23
     |
4326 |         let rebuilt = std::sync::Arc::new(
     |                       ^^^^^^^^^^^^^^^^^^^
     |
help: remove the unnecessary path segments
     |
4326 -         let rebuilt = std::sync::Arc::new(
4326 +         let rebuilt = Arc::new(
     |

warning: unnecessary qualification
    --> crates/local-service/src/builtin/browse/cargo_metadata.rs:2455:29
     |
2455 |         let sccache_paths = super::super::sccache_configuration_paths(&package)
     |                             ^^^^^^^^^^^^^^^^^^^^^^^^^^^^^^^^^^^^^^^^^
     |
help: remove the unnecessary path segments
     |
2455 -         let sccache_paths = super::super::sccache_configuration_paths(&package)
2455 +         let sccache_paths = sccache_configuration_paths(&package)
     |

warning: unnecessary qualification
    --> crates/local-service/src/builtin/browse/cargo_metadata.rs:2458:13
     |
2458 |             super::super::rustup_selection_paths(&package).expect("request-CWD rustup selectors");
     |             ^^^^^^^^^^^^^^^^^^^^^^^^^^^^^^^^^^^^
     |
help: remove the unnecessary path segments
     |
2458 -             super::super::rustup_selection_paths(&package).expect("request-CWD rustup selectors");
2458 +             rustup_selection_paths(&package).expect("request-CWD rustup selectors");
     |

warning: unnecessary qualification
    --> crates/local-service/src/builtin/browse/cargo_metadata.rs:2468:9
     |
2468 |         super::super::observation_witness_with_context(&workspace, &watched, [1; 32], [2; 32])
     |         ^^^^^^^^^^^^^^^^^^^^^^^^^^^^^^^^^^^^^^^^^^^^^^
     |
help: remove the unnecessary path segments
     |
2468 -         super::super::observation_witness_with_context(&workspace, &watched, [1; 32], [2; 32])
2468 +         observation_witness_with_context(&workspace, &watched, [1; 32], [2; 32])
     |

warning: unnecessary qualification
    --> crates/local-service/src/builtin/discovery_search.rs:6264:31
     |
6264 |     fn temp_journal_path() -> std::path::PathBuf {
     |                               ^^^^^^^^^^^^^^^^^^
     |
help: remove the unnecessary path segments
     |
6264 -     fn temp_journal_path() -> std::path::PathBuf {
6264 +     fn temp_journal_path() -> PathBuf {
     |

warning: unnecessary qualification
    --> crates/local-service/src/builtin/discovery_search.rs:6311:27
     |
6311 |     fn file_sha256(path: &std::path::Path) -> String {
     |                           ^^^^^^^^^^^^^^^
     |
help: remove the unnecessary path segments
     |
6311 -     fn file_sha256(path: &std::path::Path) -> String {
6311 +     fn file_sha256(path: &Path) -> String {
     |

warning: unnecessary qualification
    --> crates/local-service/src/builtin/discovery_search.rs:6315:24
     |
6315 |         let mut file = std::fs::File::open(path).expect("open benchmark executable");
     |                        ^^^^^^^^^^^^^^^^^^^
     |
help: remove the unnecessary path segments
     |
6315 -         let mut file = std::fs::File::open(path).expect("open benchmark executable");
6315 +         let mut file = File::open(path).expect("open benchmark executable");
     |

warning: unnecessary qualification
    --> crates/local-service/src/builtin/discovery_search.rs:6346:40
     |
6346 |     fn measured_directory_bytes(path: &std::path::Path) -> u64 {
     |                                        ^^^^^^^^^^^^^^^
     |
help: remove the unnecessary path segments
     |
6346 -     fn measured_directory_bytes(path: &std::path::Path) -> u64 {
6346 +     fn measured_directory_bytes(path: &Path) -> u64 {
     |

warning: unnecessary qualification
    --> crates/local-service/src/builtin/discovery_search.rs:6347:27
     |
6347 |         let Ok(entries) = std::fs::read_dir(path) else {
     |                           ^^^^^^^^^^^^^^^^^
     |
help: remove the unnecessary path segments
     |
6347 -         let Ok(entries) = std::fs::read_dir(path) else {
6347 +         let Ok(entries) = fs::read_dir(path) else {
     |

warning: unnecessary qualification
    --> crates/local-service/src/builtin/discovery_search.rs:6359:21
     |
6359 |                     std::fs::symlink_metadata(entry.path())
     |                     ^^^^^^^^^^^^^^^^^^^^^^^^^
     |
help: remove the unnecessary path segments
     |
6359 -                     std::fs::symlink_metadata(entry.path())
6359 +                     fs::symlink_metadata(entry.path())
     |

warning: unnecessary qualification
    --> crates/local-service/src/builtin/discovery_search.rs:6361:33
     |
6361 |                         .filter(std::fs::Metadata::is_file)
     |                                 ^^^^^^^^^^^^^^^^^^^^^^^^^^
     |
help: remove the unnecessary path segments
     |
6361 -                         .filter(std::fs::Metadata::is_file)
6361 +                         .filter(fs::Metadata::is_file)
     |

warning: unnecessary qualification
    --> crates/local-service/src/builtin/discovery_search.rs:6448:28
     |
6448 |         let journal_path = std::path::PathBuf::from(
     |                            ^^^^^^^^^^^^^^^^^^^^^^^^
     |
help: remove the unnecessary path segments
     |
6448 -         let journal_path = std::path::PathBuf::from(
6448 +         let journal_path = PathBuf::from(
     |

warning: unnecessary qualification
    --> crates/local-service/src/builtin/discovery_search.rs:6452:27
     |
6452 |         let labels_path = std::path::PathBuf::from(
     |                           ^^^^^^^^^^^^^^^^^^^^^^^^
     |
help: remove the unnecessary path segments
     |
6452 -         let labels_path = std::path::PathBuf::from(
6452 +         let labels_path = PathBuf::from(
     |

warning: unnecessary qualification
    --> crates/local-service/src/builtin/discovery_search.rs:6456:26
     |
6456 |         let cache_root = std::path::PathBuf::from(
     |                          ^^^^^^^^^^^^^^^^^^^^^^^^
     |
help: remove the unnecessary path segments
     |
6456 -         let cache_root = std::path::PathBuf::from(
6456 +         let cache_root = PathBuf::from(
     |

warning: unnecessary qualification
    --> crates/local-service/src/builtin/discovery_search.rs:6460:27
     |
6460 |         let report_path = std::path::PathBuf::from(
     |                           ^^^^^^^^^^^^^^^^^^^^^^^^
     |
help: remove the unnecessary path segments
     |
6460 -         let report_path = std::path::PathBuf::from(
6460 +         let report_path = PathBuf::from(
     |

warning: unnecessary qualification
    --> crates/local-service/src/builtin/discovery_search.rs:6468:32
     |
6468 |         let executable_bytes = std::fs::metadata(&executable_path)
     |                                ^^^^^^^^^^^^^^^^^
     |
help: remove the unnecessary path segments
     |
6468 -         let executable_bytes = std::fs::metadata(&executable_path)
6468 +         let executable_bytes = fs::metadata(&executable_path)
     |

warning: unnecessary qualification
    --> crates/local-service/src/builtin/discovery_search.rs:6472:13
     |
6472 |             std::path::PathBuf::from(env!("CARGO_MANIFEST_DIR")).join("../../Cargo.lock");
     |             ^^^^^^^^^^^^^^^^^^^^^^^^
     |
help: remove the unnecessary path segments
     |
6472 -             std::path::PathBuf::from(env!("CARGO_MANIFEST_DIR")).join("../../Cargo.lock");
6472 +             PathBuf::from(env!("CARGO_MANIFEST_DIR")).join("../../Cargo.lock");
     |

warning: unnecessary qualification
    --> crates/local-service/src/builtin/discovery_search.rs:6479:29
     |
6479 |         let journal_bytes = std::fs::read(&journal_path).expect("read pinned journal copy");
     |                             ^^^^^^^^^^^^^
     |
help: remove the unnecessary path segments
     |
6479 -         let journal_bytes = std::fs::read(&journal_path).expect("read pinned journal copy");
6479 +         let journal_bytes = fs::read(&journal_path).expect("read pinned journal copy");
     |

warning: unnecessary qualification
    --> crates/local-service/src/builtin/discovery_search.rs:6492:28
     |
6492 |         let labels_bytes = std::fs::read(&labels_path).expect("read independent query labels");
     |                            ^^^^^^^^^^^^^
     |
help: remove the unnecessary path segments
     |
6492 -         let labels_bytes = std::fs::read(&labels_path).expect("read independent query labels");
6492 +         let labels_bytes = fs::read(&labels_path).expect("read independent query labels");
     |

warning: unnecessary qualification
    --> crates/local-service/src/builtin/discovery_search.rs:6804:13
     |
6804 |             std::fs::create_dir_all(parent).expect("create benchmark report directory");
     |             ^^^^^^^^^^^^^^^^^^^^^^^
     |
help: remove the unnecessary path segments
     |
6804 -             std::fs::create_dir_all(parent).expect("create benchmark report directory");
6804 +             fs::create_dir_all(parent).expect("create benchmark report directory");
     |

warning: unnecessary qualification
    --> crates/local-service/src/builtin/discovery_search.rs:6806:9
     |
6806 |         std::fs::write(
     |         ^^^^^^^^^^^^^^
     |
help: remove the unnecessary path segments
     |
6806 -         std::fs::write(
6806 +         fs::write(
     |

warning: unnecessary qualification
    --> crates/local-service/src/builtin/discovery_search.rs:7798:17
     |
7798 |         let _ = std::fs::remove_file(&path);
     |                 ^^^^^^^^^^^^^^^^^^^^
     |
help: remove the unnecessary path segments
     |
7798 -         let _ = std::fs::remove_file(&path);
7798 +         let _ = fs::remove_file(&path);
     |

warning: unnecessary qualification
    --> crates/local-service/src/builtin/discovery_search.rs:7799:17
     |
7799 |         let _ = std::fs::remove_file(path.with_extension("journal.lock"));
     |                 ^^^^^^^^^^^^^^^^^^^^
     |
help: remove the unnecessary path segments
     |
7799 -         let _ = std::fs::remove_file(path.with_extension("journal.lock"));
7799 +         let _ = fs::remove_file(path.with_extension("journal.lock"));
     |

warning: unnecessary qualification
    --> crates/local-service/src/builtin/discovery_search.rs:7894:17
     |
7894 |         let _ = std::fs::remove_file(&path);
     |                 ^^^^^^^^^^^^^^^^^^^^
     |
help: remove the unnecessary path segments
     |
7894 -         let _ = std::fs::remove_file(&path);
7894 +         let _ = fs::remove_file(&path);
     |

warning: unnecessary qualification
    --> crates/local-service/src/builtin/discovery_search.rs:7895:17
     |
7895 |         let _ = std::fs::remove_file(path.with_extension("journal.lock"));
     |                 ^^^^^^^^^^^^^^^^^^^^
     |
help: remove the unnecessary path segments
     |
7895 -         let _ = std::fs::remove_file(path.with_extension("journal.lock"));
7895 +         let _ = fs::remove_file(path.with_extension("journal.lock"));
     |

warning: unnecessary qualification
    --> crates/local-service/src/builtin/discovery_search.rs:8043:17
     |
8043 |         let _ = std::fs::remove_file(&path);
     |                 ^^^^^^^^^^^^^^^^^^^^
     |
help: remove the unnecessary path segments
     |
8043 -         let _ = std::fs::remove_file(&path);
8043 +         let _ = fs::remove_file(&path);
     |

warning: unnecessary qualification
    --> crates/local-service/src/builtin/discovery_search.rs:8044:17
     |
8044 |         let _ = std::fs::remove_file(path.with_extension("journal.lock"));
     |                 ^^^^^^^^^^^^^^^^^^^^
     |
help: remove the unnecessary path segments
     |
8044 -         let _ = std::fs::remove_file(path.with_extension("journal.lock"));
8044 +         let _ = fs::remove_file(path.with_extension("journal.lock"));
     |

warning: unnecessary qualification
    --> crates/local-service/src/builtin/discovery_search.rs:8047:17
     |
8047 |         let _ = std::fs::remove_file(std::path::PathBuf::from(lock_path));
     |                 ^^^^^^^^^^^^^^^^^^^^
     |
help: remove the unnecessary path segments
     |
8047 -         let _ = std::fs::remove_file(std::path::PathBuf::from(lock_path));
8047 +         let _ = fs::remove_file(std::path::PathBuf::from(lock_path));
     |

warning: unnecessary qualification
    --> crates/local-service/src/builtin/discovery_search.rs:8047:38
     |
8047 |         let _ = std::fs::remove_file(std::path::PathBuf::from(lock_path));
     |                                      ^^^^^^^^^^^^^^^^^^^^^^^^
     |
help: remove the unnecessary path segments
     |
8047 -         let _ = std::fs::remove_file(std::path::PathBuf::from(lock_path));
8047 +         let _ = std::fs::remove_file(PathBuf::from(lock_path));
     |

warning: unnecessary qualification
    --> crates/local-service/src/builtin/discovery_search.rs:8216:17
     |
8216 |         let _ = std::fs::remove_file(&path);
     |                 ^^^^^^^^^^^^^^^^^^^^
     |
help: remove the unnecessary path segments
     |
8216 -         let _ = std::fs::remove_file(&path);
8216 +         let _ = fs::remove_file(&path);
     |

warning: unnecessary qualification
    --> crates/local-service/src/builtin/discovery_search.rs:8217:17
     |
8217 |         let _ = std::fs::remove_file(path.with_extension("journal.lock"));
     |                 ^^^^^^^^^^^^^^^^^^^^
     |
help: remove the unnecessary path segments
     |
8217 -         let _ = std::fs::remove_file(path.with_extension("journal.lock"));
8217 +         let _ = fs::remove_file(path.with_extension("journal.lock"));
     |

warning: unnecessary qualification
    --> crates/local-service/src/builtin/discovery_search.rs:8305:9
     |
8305 |         std::fs::write(
     |         ^^^^^^^^^^^^^^
     |
help: remove the unnecessary path segments
     |
8305 -         std::fs::write(
8305 +         fs::write(
     |

warning: unnecessary qualification
    --> crates/local-service/src/builtin/discovery_search.rs:8313:9
     |
8313 |         std::fs::create_dir(&incomplete).expect("simulated interrupted build");
     |         ^^^^^^^^^^^^^^^^^^^
     |
help: remove the unnecessary path segments
     |
8313 -         std::fs::create_dir(&incomplete).expect("simulated interrupted build");
8313 +         fs::create_dir(&incomplete).expect("simulated interrupted build");
     |

warning: unnecessary qualification
    --> crates/local-service/src/builtin/discovery_search.rs:8338:17
     |
8338 |         let _ = std::fs::remove_dir_all(cache);
     |                 ^^^^^^^^^^^^^^^^^^^^^^^
     |
help: remove the unnecessary path segments
     |
8338 -         let _ = std::fs::remove_dir_all(cache);
8338 +         let _ = fs::remove_dir_all(cache);
     |

warning: unnecessary qualification
    --> crates/local-service/src/builtin/discovery_search.rs:8412:17
     |
8412 |         let _ = std::fs::remove_dir_all(cache);
     |                 ^^^^^^^^^^^^^^^^^^^^^^^
     |
help: remove the unnecessary path segments
     |
8412 -         let _ = std::fs::remove_dir_all(cache);
8412 +         let _ = fs::remove_dir_all(cache);
     |

warning: unnecessary qualification
    --> crates/local-service/src/builtin/discovery_search.rs:8507:9
     |
8507 |         std::fs::set_permissions(&latest_root, std::fs::Permissions::from_mode(0o000))
     |         ^^^^^^^^^^^^^^^^^^^^^^^^
     |
help: remove the unnecessary path segments
     |
8507 -         std::fs::set_permissions(&latest_root, std::fs::Permissions::from_mode(0o000))
8507 +         fs::set_permissions(&latest_root, std::fs::Permissions::from_mode(0o000))
     |

warning: unnecessary qualification
    --> crates/local-service/src/builtin/discovery_search.rs:8507:48
     |
8507 |         std::fs::set_permissions(&latest_root, std::fs::Permissions::from_mode(0o000))
     |                                                ^^^^^^^^^^^^^^^^^^^^^^^^^^^^^^^
     |
help: remove the unnecessary path segments
     |
8507 -         std::fs::set_permissions(&latest_root, std::fs::Permissions::from_mode(0o000))
8507 +         std::fs::set_permissions(&latest_root, fs::Permissions::from_mode(0o000))
     |

warning: unnecessary qualification
    --> crates/local-service/src/builtin/discovery_search.rs:8514:9
     |
8514 |         std::fs::set_permissions(&latest_root, std::fs::Permissions::from_mode(0o700))
     |         ^^^^^^^^^^^^^^^^^^^^^^^^
     |
help: remove the unnecessary path segments
     |
8514 -         std::fs::set_permissions(&latest_root, std::fs::Permissions::from_mode(0o700))
8514 +         fs::set_permissions(&latest_root, std::fs::Permissions::from_mode(0o700))
     |

warning: unnecessary qualification
    --> crates/local-service/src/builtin/discovery_search.rs:8514:48
     |
8514 |         std::fs::set_permissions(&latest_root, std::fs::Permissions::from_mode(0o700))
     |                                                ^^^^^^^^^^^^^^^^^^^^^^^^^^^^^^^
     |
help: remove the unnecessary path segments
     |
8514 -         std::fs::set_permissions(&latest_root, std::fs::Permissions::from_mode(0o700))
8514 +         std::fs::set_permissions(&latest_root, fs::Permissions::from_mode(0o700))
     |

warning: unnecessary qualification
    --> crates/local-service/src/builtin/discovery_search.rs:8531:9
     |
8531 |         std::fs::write(&external, b"outside bytes remain unchanged").expect("sentinel");
     |         ^^^^^^^^^^^^^^
     |
help: remove the unnecessary path segments
     |
8531 -         std::fs::write(&external, b"outside bytes remain unchanged").expect("sentinel");
8531 +         fs::write(&external, b"outside bytes remain unchanged").expect("sentinel");
     |

warning: unnecessary qualification
    --> crates/local-service/src/builtin/discovery_search.rs:8533:9
     |
8533 |         std::fs::remove_file(&manifest).expect("remove selected manifest");
     |         ^^^^^^^^^^^^^^^^^^^^
     |
help: remove the unnecessary path segments
     |
8533 -         std::fs::remove_file(&manifest).expect("remove selected manifest");
8533 +         fs::remove_file(&manifest).expect("remove selected manifest");
     |

warning: unnecessary qualification
    --> crates/local-service/src/builtin/discovery_search.rs:8554:13
     |
8554 |             std::fs::symlink_metadata(&manifest)
     |             ^^^^^^^^^^^^^^^^^^^^^^^^^
     |
help: remove the unnecessary path segments
     |
8554 -             std::fs::symlink_metadata(&manifest)
8554 +             fs::symlink_metadata(&manifest)
     |

warning: unnecessary qualification
    --> crates/local-service/src/builtin/discovery_search.rs:8561:13
     |
8561 |             std::fs::read(&external).expect("external target remains unchanged after refusal"),
     |             ^^^^^^^^^^^^^
     |
help: remove the unnecessary path segments
     |
8561 -             std::fs::read(&external).expect("external target remains unchanged after refusal"),
8561 +             fs::read(&external).expect("external target remains unchanged after refusal"),
     |

warning: unnecessary qualification
    --> crates/local-service/src/builtin/discovery_search.rs:8586:13
     |
8586 |             std::fs::read(&external).expect("external target remains readable"),
     |             ^^^^^^^^^^^^^
     |
help: remove the unnecessary path segments
     |
8586 -             std::fs::read(&external).expect("external target remains readable"),
8586 +             fs::read(&external).expect("external target remains readable"),
     |

warning: unnecessary qualification
    --> crates/local-service/src/builtin/discovery_search.rs:8605:17
     |
8605 |         let _ = std::fs::remove_dir_all(cache);
     |                 ^^^^^^^^^^^^^^^^^^^^^^^
     |
help: remove the unnecessary path segments
     |
8605 -         let _ = std::fs::remove_dir_all(cache);
8605 +         let _ = fs::remove_dir_all(cache);
     |

warning: unnecessary qualification
    --> crates/local-service/src/builtin/discovery_search.rs:9413:17
     |
9413 |         let _ = std::fs::remove_file(&path);
     |                 ^^^^^^^^^^^^^^^^^^^^
     |
help: remove the unnecessary path segments
     |
9413 -         let _ = std::fs::remove_file(&path);
9413 +         let _ = fs::remove_file(&path);
     |

warning: unnecessary qualification
    --> crates/local-service/src/builtin/discovery_search.rs:9416:17
     |
9416 |         let _ = std::fs::remove_file(std::path::PathBuf::from(lock_path));
     |                 ^^^^^^^^^^^^^^^^^^^^
     |
help: remove the unnecessary path segments
     |
9416 -         let _ = std::fs::remove_file(std::path::PathBuf::from(lock_path));
9416 +         let _ = fs::remove_file(std::path::PathBuf::from(lock_path));
     |

warning: unnecessary qualification
    --> crates/local-service/src/builtin/discovery_search.rs:9416:38
     |
9416 |         let _ = std::fs::remove_file(std::path::PathBuf::from(lock_path));
     |                                      ^^^^^^^^^^^^^^^^^^^^^^^^
     |
help: remove the unnecessary path segments
     |
9416 -         let _ = std::fs::remove_file(std::path::PathBuf::from(lock_path));
9416 +         let _ = std::fs::remove_file(PathBuf::from(lock_path));
     |

warning: unnecessary qualification
    --> crates/local-service/src/builtin/discovery_search.rs:9473:42
     |
9473 |         let store = DiscoveryStore::open(std::path::PathBuf::from(journal))
     |                                          ^^^^^^^^^^^^^^^^^^^^^^^^
     |
help: remove the unnecessary path segments
     |
9473 -         let store = DiscoveryStore::open(std::path::PathBuf::from(journal))
9473 +         let store = DiscoveryStore::open(PathBuf::from(journal))
     |

warning: unnecessary qualification
   --> crates/local-service/src/builtin/product_state.rs:281:37
    |
281 |                     .unwrap_or_else(backend_engine::AdvisoryPackageDto::unknown);
    |                                     ^^^^^^^^^^^^^^^^^^^^^^^^^^^^^^^^^^^^^^^^^^^
    |
help: remove the unnecessary path segments
    |
281 -                     .unwrap_or_else(backend_engine::AdvisoryPackageDto::unknown);
281 +                     .unwrap_or_else(AdvisoryPackageDto::unknown);
    |

warning: unnecessary qualification
    --> crates/local-service/src/builtin/product_state.rs:1790:20
     |
1790 |     let metadata = backend_library::ForgeRepositoryMetadataRecord {
     |                    ^^^^^^^^^^^^^^^^^^^^^^^^^^^^^^^^^^^^^^^^^^^^^^
     |
help: remove the unnecessary path segments
     |
1790 -     let metadata = backend_library::ForgeRepositoryMetadataRecord {
1790 +     let metadata = ForgeRepositoryMetadataRecord {
     |

warning: unnecessary qualification
    --> crates/local-service/src/builtin/product_state.rs:2763:31
     |
2763 |         continuation: Option<&super::discovery_search::SearchContinuation>,
     |                               ^^^^^^^^^^^^^^^^^^^^^^^^^^^^^^^^^^^^^^^^^^^
     |
help: remove the unnecessary path segments
     |
2763 -         continuation: Option<&super::discovery_search::SearchContinuation>,
2763 +         continuation: Option<&SearchContinuation>,
     |

warning: unnecessary qualification
    --> crates/local-service/src/builtin/product_state.rs:4649:13
     |
4649 |             backend_engine::ProductPackageCoordinate::parse("pkg:cargo/needle@1.0.0")
     |             ^^^^^^^^^^^^^^^^^^^^^^^^^^^^^^^^^^^^^^^^^^^^^^^
     |
help: remove the unnecessary path segments
     |
4649 -             backend_engine::ProductPackageCoordinate::parse("pkg:cargo/needle@1.0.0")
4649 +             ProductPackageCoordinate::parse("pkg:cargo/needle@1.0.0")
     |

warning: unnecessary qualification
    --> crates/local-service/src/builtin/product_state.rs:4763:38
     |
4763 |                     if group.kind == backend_library::RegistrySearchGroupKind::Discovered =>
     |                                      ^^^^^^^^^^^^^^^^^^^^^^^^^^^^^^^^^^^^^^^^^^^^^^^^^^^^
     |
help: remove the unnecessary path segments
     |
4763 -                     if group.kind == backend_library::RegistrySearchGroupKind::Discovered =>
4763 +                     if group.kind == RegistrySearchGroupKind::Discovered =>
     |

warning: unnecessary qualification
    --> crates/local-service/src/builtin/product_state.rs:4787:38
     |
4787 |                     if group.kind == backend_library::RegistrySearchGroupKind::Acquired =>
     |                                      ^^^^^^^^^^^^^^^^^^^^^^^^^^^^^^^^^^^^^^^^^^^^^^^^^^
     |
help: remove the unnecessary path segments
     |
4787 -                     if group.kind == backend_library::RegistrySearchGroupKind::Acquired =>
4787 +                     if group.kind == RegistrySearchGroupKind::Acquired =>
     |

warning: unnecessary qualification
    --> crates/local-service/src/builtin/product_state.rs:4969:17
     |
4969 |                 backend_library::RegistrySearchGroupKind::Acquired
     |                 ^^^^^^^^^^^^^^^^^^^^^^^^^^^^^^^^^^^^^^^^^^^^^^^^^^
     |
help: remove the unnecessary path segments
     |
4969 -                 backend_library::RegistrySearchGroupKind::Acquired
4969 +                 RegistrySearchGroupKind::Acquired
     |

warning: unnecessary qualification
    --> crates/local-service/src/builtin/product_state.rs:4997:13
     |
4997 |             backend_engine::ProductPackageCoordinate::parse("pkg:cargo/rare-needle@2.0.0")
     |             ^^^^^^^^^^^^^^^^^^^^^^^^^^^^^^^^^^^^^^^^^^^^^^^
     |
help: remove the unnecessary path segments
     |
4997 -             backend_engine::ProductPackageCoordinate::parse("pkg:cargo/rare-needle@2.0.0")
4997 +             ProductPackageCoordinate::parse("pkg:cargo/rare-needle@2.0.0")
     |

warning: unnecessary qualification
    --> crates/local-service/src/builtin/product_state.rs:5128:25
     |
5128 |             coordinate: backend_engine::ProductPackageCoordinate::parse(format!(
     |                         ^^^^^^^^^^^^^^^^^^^^^^^^^^^^^^^^^^^^^^^^^^^^^^^
     |
help: remove the unnecessary path segments
     |
5128 -             coordinate: backend_engine::ProductPackageCoordinate::parse(format!(
5128 +             coordinate: ProductPackageCoordinate::parse(format!(
     |

warning: unnecessary qualification
   --> crates/local-service/src/builtin/search_source_page.rs:903:24
    |
903 |         let snapshot = super::store_relation(relation, "empty".to_owned()).expect("snapshot");
    |                        ^^^^^^^^^^^^^^^^^^^^^
    |
help: remove the unnecessary path segments
    |
903 -         let snapshot = super::store_relation(relation, "empty".to_owned()).expect("snapshot");
903 +         let snapshot = store_relation(relation, "empty".to_owned()).expect("snapshot");
    |

warning: unnecessary qualification
   --> crates/local-service/src/builtin/search_source_page.rs:923:24
    |
923 |         let snapshot = super::store_relation(relation, "miskeyed".to_owned()).expect("snapshot");
    |                        ^^^^^^^^^^^^^^^^^^^^^
    |
help: remove the unnecessary path segments
    |
923 -         let snapshot = super::store_relation(relation, "miskeyed".to_owned()).expect("snapshot");
923 +         let snapshot = store_relation(relation, "miskeyed".to_owned()).expect("snapshot");
    |

warning: unnecessary qualification
    --> crates/local-service/src/builtin/search_source_page.rs:1011:24
     |
1011 |         let snapshot = super::store_relation(relation, "missing-membership-page".to_owned())
     |                        ^^^^^^^^^^^^^^^^^^^^^
     |
help: remove the unnecessary path segments
     |
1011 -         let snapshot = super::store_relation(relation, "missing-membership-page".to_owned())
1011 +         let snapshot = store_relation(relation, "missing-membership-page".to_owned())
     |

warning: unnecessary qualification
    --> crates/local-service/src/builtin/search_source_page.rs:1039:13
     |
1039 |             super::store_relation(relation, "orphan-membership-page".to_owned()).expect("snapshot");
     |             ^^^^^^^^^^^^^^^^^^^^^
     |
help: remove the unnecessary path segments
     |
1039 -             super::store_relation(relation, "orphan-membership-page".to_owned()).expect("snapshot");
1039 +             store_relation(relation, "orphan-membership-page".to_owned()).expect("snapshot");
     |

warning: unnecessary qualification
    --> crates/local-service/src/query/remote.rs:1962:21
     |
1962 |         let stamp = std::time::SystemTime::now()
     |                     ^^^^^^^^^^^^^^^^^^^^^^^^^^
     |
help: remove the unnecessary path segments
     |
1962 -         let stamp = std::time::SystemTime::now()
1962 +         let stamp = SystemTime::now()
     |

warning: unnecessary qualification
    --> crates/local-service/src/query/remote.rs:1963:29
     |
1963 |             .duration_since(std::time::UNIX_EPOCH)
     |                             ^^^^^^^^^^^^^^^^^^^^^
     |
help: remove the unnecessary path segments
     |
1963 -             .duration_since(std::time::UNIX_EPOCH)
1963 +             .duration_since(UNIX_EPOCH)
     |

warning: unnecessary qualification
    --> crates/local-service/src/query/remote.rs:2036:21
     |
2036 |         let stamp = std::time::SystemTime::now()
     |                     ^^^^^^^^^^^^^^^^^^^^^^^^^^
     |
help: remove the unnecessary path segments
     |
2036 -         let stamp = std::time::SystemTime::now()
2036 +         let stamp = SystemTime::now()
     |

warning: unnecessary qualification
    --> crates/local-service/src/query/remote.rs:2037:29
     |
2037 |             .duration_since(std::time::UNIX_EPOCH)
     |                             ^^^^^^^^^^^^^^^^^^^^^
     |
help: remove the unnecessary path segments
     |
2037 -             .duration_since(std::time::UNIX_EPOCH)
2037 +             .duration_since(UNIX_EPOCH)
     |

warning: unnecessary qualification
    --> crates/local-service/src/query/remote.rs:2205:21
     |
2205 |         let stamp = std::time::SystemTime::now()
     |                     ^^^^^^^^^^^^^^^^^^^^^^^^^^
     |
help: remove the unnecessary path segments
     |
2205 -         let stamp = std::time::SystemTime::now()
2205 +         let stamp = SystemTime::now()
     |

warning: unnecessary qualification
    --> crates/local-service/src/query/remote.rs:2206:29
     |
2206 |             .duration_since(std::time::UNIX_EPOCH)
     |                             ^^^^^^^^^^^^^^^^^^^^^
     |
help: remove the unnecessary path segments
     |
2206 -             .duration_since(std::time::UNIX_EPOCH)
2206 +             .duration_since(UNIX_EPOCH)
     |

warning: unnecessary qualification
   --> crates/local-service/src/query/tests.rs:185:9
    |
185 |         backend_engine::RowId::Symbol(backend_engine::symbol_key("alpha::prefix")).stable_key();
    |         ^^^^^^^^^^^^^^^^^^^^^^^^^^^^^
    |
help: remove the unnecessary path segments
    |
185 -         backend_engine::RowId::Symbol(backend_engine::symbol_key("alpha::prefix")).stable_key();
185 +         RowId::Symbol(backend_engine::symbol_key("alpha::prefix")).stable_key();
    |

warning: unnecessary qualification
   --> crates/local-service/src/query/tests.rs:199:9
    |
199 |         backend_engine::RowId::Symbol(backend_engine::symbol_key("nowhere::stray")).stable_key();
    |         ^^^^^^^^^^^^^^^^^^^^^^^^^^^^^
    |
help: remove the unnecessary path segments
    |
199 -         backend_engine::RowId::Symbol(backend_engine::symbol_key("nowhere::stray")).stable_key();
199 +         RowId::Symbol(backend_engine::symbol_key("nowhere::stray")).stable_key();
    |

warning: unnecessary qualification
    --> crates/local-service/src/builtin.rs:1015:28
     |
1015 |     filesystem_workspace: &std::path::Path,
     |                            ^^^^^^^^^^^^^^^
     |
help: remove the unnecessary path segments
     |
1015 -     filesystem_workspace: &std::path::Path,
1015 +     filesystem_workspace: &Path,
     |

warning: unnecessary qualification
    --> crates/local-service/src/builtin.rs:1051:28
     |
1051 |     filesystem_workspace: &std::path::Path,
     |                            ^^^^^^^^^^^^^^^
     |
help: remove the unnecessary path segments
     |
1051 -     filesystem_workspace: &std::path::Path,
1051 +     filesystem_workspace: &Path,
     |

warning: unnecessary qualification
    --> crates/local-service/src/builtin.rs:1133:28
     |
1133 |     filesystem_workspace: &std::path::Path,
     |                            ^^^^^^^^^^^^^^^
     |
help: remove the unnecessary path segments
     |
1133 -     filesystem_workspace: &std::path::Path,
1133 +     filesystem_workspace: &Path,
     |

warning: unnecessary qualification
    --> crates/local-service/src/builtin.rs:2637:25
     |
2637 |                     Err(std::sync::mpsc::TryRecvError::Empty)
     |                         ^^^^^^^^^^^^^^^^^^^^^^^^^^^^^^^^^^^^
     |
help: remove the unnecessary path segments
     |
2637 -                     Err(std::sync::mpsc::TryRecvError::Empty)
2637 +                     Err(TryRecvError::Empty)
     |

warning: unnecessary qualification
   --> crates/local-service/src/cluster_owner.rs:510:31
    |
510 |         let remaining_names = std::fs::read_dir(&scratch.0)
    |                               ^^^^^^^^^^^^^^^^^
    |
help: remove the unnecessary path segments
    |
510 -         let remaining_names = std::fs::read_dir(&scratch.0)
510 +         let remaining_names = fs::read_dir(&scratch.0)
    |

warning: unnecessary qualification
    --> crates/local-service/src/discovery.rs:2355:13
     |
2355 |             std::time::SystemTime::now()
     |             ^^^^^^^^^^^^^^^^^^^^^^^^^^
     |
help: remove the unnecessary path segments
     |
2355 -             std::time::SystemTime::now()
2355 +             SystemTime::now()
     |

warning: unnecessary qualification
    --> crates/local-service/src/discovery.rs:2356:33
     |
2356 |                 .duration_since(std::time::UNIX_EPOCH)
     |                                 ^^^^^^^^^^^^^^^^^^^^^
     |
help: remove the unnecessary path segments
     |
2356 -                 .duration_since(std::time::UNIX_EPOCH)
2356 +                 .duration_since(UNIX_EPOCH)
     |

warning: unnecessary qualification
    --> crates/local-service/src/discovery.rs:2524:22
     |
2524 |         let server = std::thread::spawn(move || {
     |                      ^^^^^^^^^^^^^^^^^^
     |
help: remove the unnecessary path segments
     |
2524 -         let server = std::thread::spawn(move || {
2524 +         let server = thread::spawn(move || {
     |

warning: unnecessary qualification
    --> crates/local-service/src/discovery.rs:2538:29
     |
2538 | ...                   std::thread::sleep(Duration::from_millis(5));
     |                       ^^^^^^^^^^^^^^^^^^
     |
help: remove the unnecessary path segments
     |
2538 -                             std::thread::sleep(Duration::from_millis(5));
2538 +                             thread::sleep(Duration::from_millis(5));
     |

warning: unnecessary qualification
    --> crates/local-service/src/discovery.rs:2596:22
     |
2596 |         let server = std::thread::spawn(move || {
     |                      ^^^^^^^^^^^^^^^^^^
     |
help: remove the unnecessary path segments
     |
2596 -         let server = std::thread::spawn(move || {
2596 +         let server = thread::spawn(move || {
     |

warning: unnecessary qualification
    --> crates/local-service/src/discovery.rs:2804:26
     |
2804 |         let mut hasher = backend_engine::blake3::Hasher::new();
     |                          ^^^^^^^^^^^^^^^^^^^^^^^^^^^^^^^^^^^
     |
help: remove the unnecessary path segments
     |
2804 -         let mut hasher = backend_engine::blake3::Hasher::new();
2804 +         let mut hasher = blake3::Hasher::new();
     |

warning: unnecessary qualification
    --> crates/local-service/src/listener.rs:1861:23
     |
1861 |             shutdown: super::ListenerShutdown,
     |                       ^^^^^^^^^^^^^^^^^^^^^^^
     |
help: remove the unnecessary path segments
     |
1861 -             shutdown: super::ListenerShutdown,
1861 +             shutdown: ListenerShutdown,
     |

warning: unnecessary qualification
    --> crates/local-service/src/listener.rs:1862:28
     |
1862 |             worker: Option<thread::JoinHandle<Result<usize, super::ListenerError>>>,
     |                            ^^^^^^^^^^^^^^^^^^^^^^^^^^^^^^^^^^^^^^^^^^^^^^^^^^^^^^^
     |
help: remove the unnecessary path segments
     |
1862 -             worker: Option<thread::JoinHandle<Result<usize, super::ListenerError>>>,
1862 +             worker: Option<JoinHandle<Result<usize, super::ListenerError>>>,
     |

warning: unnecessary qualification
    --> crates/local-service/src/listener.rs:1862:61
     |
1862 |             worker: Option<thread::JoinHandle<Result<usize, super::ListenerError>>>,
     |                                                             ^^^^^^^^^^^^^^^^^^^^
     |
help: remove the unnecessary path segments
     |
1862 -             worker: Option<thread::JoinHandle<Result<usize, super::ListenerError>>>,
1862 +             worker: Option<thread::JoinHandle<Result<usize, ListenerError>>>,
     |

warning: unnecessary qualification
    --> crates/local-service/src/listener.rs:1913:30
     |
1913 |                 .is_some_and(thread::JoinHandle::is_finished),
     |                              ^^^^^^^^^^^^^^^^^^^^^^^^^^^^^^^
     |
help: remove the unnecessary path segments
     |
1913 -                 .is_some_and(thread::JoinHandle::is_finished),
1913 +                 .is_some_and(JoinHandle::is_finished),
     |

warning: unnecessary qualification
    --> crates/local-service/src/listener.rs:1941:30
     |
1941 |                 .is_some_and(thread::JoinHandle::is_finished)
     |                              ^^^^^^^^^^^^^^^^^^^^^^^^^^^^^^^
     |
help: remove the unnecessary path segments
     |
1941 -                 .is_some_and(thread::JoinHandle::is_finished)
1941 +                 .is_some_and(JoinHandle::is_finished)
     |

warning: unnecessary qualification
    --> crates/local-service/src/listener.rs:1949:30
     |
1949 |                 .is_some_and(thread::JoinHandle::is_finished),
     |                              ^^^^^^^^^^^^^^^^^^^^^^^^^^^^^^^
     |
help: remove the unnecessary path segments
     |
1949 -                 .is_some_and(thread::JoinHandle::is_finished),
1949 +                 .is_some_and(JoinHandle::is_finished),
     |

warning: unnecessary qualification
  --> crates/local-service/src/service/tests.rs:44:47
   |
44 |     let request = EngineRequest::Subscription(backend_engine::LocalSubscriptionRequest {
   |                                               ^^^^^^^^^^^^^^^^^^^^^^^^^^^^^^^^^^^^^^^^
   |
help: remove the unnecessary path segments
   |
44 -     let request = EngineRequest::Subscription(backend_engine::LocalSubscriptionRequest {
44 +     let request = EngineRequest::Subscription(LocalSubscriptionRequest {
   |

error[E0624]: associated function `from_bytes` is private
   --> crates/local-service/src/builtin/staged_intent.rs:217:65
    |
217 |                 .map(|index| index.contains_object_id(ObjectId::from_bytes(raw_id)))
    |                                                                 ^^^^^^^^^^ private associated function
    |
   ::: crates/store/src/closure/mod.rs:45:5
    |
 45 |     pub(crate) const fn from_bytes(bytes: Hash) -> Self {
    |     --------------------------------------------------- private associated function defined here

error[E0599]: no method named `links_from` found for struct `SemanticImageView<'_>` in the current scope
    --> crates/local-service/src/builtin/view_build/call_join.rs:1604:14
     |
1603 |           let external_call = caller_image
     |  _____________________________-
1604 | |             .links_from(backend_semantic::ir::EntityId::new(0))
     | |             -^^^^^^^^^^ method not found in `SemanticImageView<'_>`
     | |_____________|
     |
     |
    ::: crates/semantic/src/ir/reader.rs:727:8
     |
 727 |       fn links_from(&self, entity: EntityId) -> Self::Links<'_>;
     |          ---------- the method is available for `SemanticImageView<'_>` here
     |
     = help: items from traits can only be used if the trait is in scope
help: trait `SemanticReader` which provides `links_from` is implemented but not in scope; perhaps you want to import it
     |
1201 +     use backend_semantic::ir::SemanticReader;
     |

error[E0599]: no method named `links_from` found for struct `SemanticImageView<'_>` in the current scope
    --> crates/local-service/src/builtin/view_build/call_join.rs:1613:14
     |
1612 |           let external_reference = caller_image
     |  __________________________________-
1613 | |             .links_from(backend_semantic::ir::EntityId::new(0))
     | |             -^^^^^^^^^^ method not found in `SemanticImageView<'_>`
     | |_____________|
     |
     |
    ::: crates/semantic/src/ir/reader.rs:727:8
     |
 727 |       fn links_from(&self, entity: EntityId) -> Self::Links<'_>;
     |          ---------- the method is available for `SemanticImageView<'_>` here
     |
     = help: items from traits can only be used if the trait is in scope
help: trait `SemanticReader` which provides `links_from` is implemented but not in scope; perhaps you want to import it
     |
1201 +     use backend_semantic::ir::SemanticReader;
     |

error[E0599]: no method named `links_from` found for struct `SemanticImageView<'_>` in the current scope
    --> crates/local-service/src/builtin/view_build/call_join.rs:1713:14
     |
1712 |           let current_call = current_image
     |  ____________________________-
1713 | |             .links_from(backend_semantic::ir::EntityId::new(0))
     | |             -^^^^^^^^^^ method not found in `SemanticImageView<'_>`
     | |_____________|
     |
     |
    ::: crates/semantic/src/ir/reader.rs:727:8
     |
 727 |       fn links_from(&self, entity: EntityId) -> Self::Links<'_>;
     |          ---------- the method is available for `SemanticImageView<'_>` here
     |
     = help: items from traits can only be used if the trait is in scope
help: trait `SemanticReader` which provides `links_from` is implemented but not in scope; perhaps you want to import it
     |
1201 +     use backend_semantic::ir::SemanticReader;
     |

warning: variable does not need to be mutable
    --> crates/local-service/src/builtin/profile.rs:1336:13
     |
1336 |         let mut intent = Self::new_with_version(
     |             ----^^^^^^
     |             |
     |             help: remove this `mut`
     |
     = note: `#[warn(unused_mut)]` (part of `#[warn(unused)]`) on by default

warning: variable does not need to be mutable
   --> crates/local-service/src/builtin/staged_intent.rs:673:5
    |
673 |     mut visit: impl FnMut(EvidenceKind, &[u8]) -> Result<(), StoreError>,
    |     ----^^^^^
    |     |
    |     help: remove this `mut`

warning: unused variable: `capture_relation`
   --> crates/local-service/src/builtin/view_build/semantic.rs:543:9
    |
543 |     let capture_relation = semantic_capture_relation(snapshot)
    |         ^^^^^^^^^^^^^^^^ help: if this is intentional, prefix it with an underscore: `_capture_relation`
    |
    = note: `#[warn(unused_variables)]` (part of `#[warn(unused)]`) on by default

warning: unused variable: `frontier`
    --> crates/local-service/src/builtin/view_publish.rs:1089:13
     |
1089 |         let frontier =
     |             ^^^^^^^^ help: if this is intentional, prefix it with an underscore: `_frontier`

warning: variable does not need to be mutable
    --> crates/local-service/src/builtin/commands/adapter.rs:1915:17
     |
1915 |             let mut terminal;
     |                 ----^^^^^^^^
     |                 |
     |                 help: remove this `mut`

Some errors have detailed explanations: E0425, E0432, E0599, E0624.
For more information about an error, try `rustc --explain E0425`.
warning: `backend-local-service` (lib test) generated 217 warnings
error: could not compile `backend-local-service` (lib test) due to 11 previous errors; 217 warnings emitted
