/Users/rmccrar6/.local/share/nudox/build-receipts/validation-f85fb905ddc499bcfe701812ab68e971f7aad097/run-cargo-f85.sh: line 87: [: unlimited: integer expected
{"cargo_lock_sha256": "5f997f548c3f47161dd044b441381936a51cb3db35d7ae699c46473769d5467f", "commit": "f85fb905ddc499bcfe701812ab68e971f7aad097", "entries": 9233, "gitlink_entries": 4108, "manifest_kind": "final", "manifest_sha256": "9d5858a15d59b1a002aae465e77c0cd40626e3920b9863049dc82a1ac7a63dd3", "parent_entries": 5125, "status": "verified", "tree": "23d57113d614edc95ee60de3f7a394f4baba3ad6"}
nudox cargo: using host capacity permit 0
nudox cargo: using explicit role graph slot 0
warning: resolver for the non root package will be ignored, specify resolver at the workspace root:
package:   /Users/rmccrar6/.local/share/nudox/source-releases/f85fb905ddc499bcfe701812ab68e971f7aad097/source/vendor/gpui_ce_components/Cargo.toml
workspace: /Users/rmccrar6/.local/share/nudox/source-releases/f85fb905ddc499bcfe701812ab68e971f7aad097/source/Cargo.toml
   Compiling proc-macro2 v1.0.107
   Compiling unicode-ident v1.0.24
   Compiling quote v1.0.47
   Compiling cfg-if v1.0.4
   Compiling syn v2.0.119
   Compiling libc v0.2.189
   Compiling syn v3.0.4
   Compiling find-msvc-tools v0.1.12
   Compiling shlex v2.0.1
   Compiling cc v1.2.67
   Compiling serde_core v1.0.229
   Compiling serde v1.0.229
   Compiling version_check v0.9.5
   Compiling serde_derive v1.0.229
   Compiling getrandom v0.2.17
   Compiling synstructure v0.13.2
   Compiling generic-array v0.14.7
   Compiling autocfg v1.5.1
   Compiling bitflags v2.13.1
   Compiling memchr v2.8.3
   Compiling zerofrom-derive v0.1.7
   Compiling typenum v1.20.1
   Compiling zerofrom v0.1.8
   Compiling yoke-derive v0.8.2
   Compiling stable_deref_trait v1.2.1
   Compiling yoke v0.8.3
   Compiling rand_core v0.6.4
   Compiling zerovec-derive v0.11.6
   Compiling log v0.4.34
   Compiling zerovec v0.11.8
   Compiling crypto-common v0.1.7
   Compiling displaydoc v0.2.7
   Compiling aho-corasick v1.1.5
   Compiling smallvec v1.16.0
   Compiling once_cell v1.21.4
   Compiling regex-syntax v0.8.11
   Compiling writeable v0.6.4
   Compiling rustix v1.1.4
   Compiling regex-automata v0.4.18
   Compiling errno v0.3.14
   Compiling rand_core v0.10.1
   Compiling getrandom v0.4.3
   Compiling crossbeam-utils v0.8.22
   Compiling heck v0.5.0
   Compiling zerocopy v0.8.56
   Compiling tinystr v0.8.4
   Compiling num-traits v0.2.19
   Compiling zerocopy-derive v0.8.56
   Compiling zmij v1.0.23
   Compiling itoa v1.0.18
   Compiling libm v0.2.16
   Compiling rustversion v1.0.23
   Compiling thiserror v2.0.20
   Compiling litemap v0.8.3
   Compiling semver v1.0.28
   Compiling either v1.18.0
   Compiling rustc_version v0.4.1
   Compiling icu_locale_core v2.3.0
   Compiling potential_utf v0.1.6
   Compiling zerotrie v0.2.5
   Compiling thiserror-impl v2.0.20
   Compiling lazy_static v1.5.0
   Compiling getrandom v0.3.4
   Compiling subtle v2.6.1
   Compiling icu_provider v2.3.1
   Compiling cpufeatures v0.2.17
   Compiling crossbeam-epoch v0.9.20
   Compiling glob v0.3.4
   Compiling utf8_iter v1.0.4
   Compiling cfg_aliases v0.2.2
   Compiling icu_locale_fallback_data v2.3.0
   Compiling icu_collections v2.3.0
   Compiling clang-sys v1.9.1
   Compiling tracing-core v0.1.36
   Compiling inout v0.1.4
   Compiling memoffset v0.9.1
   Compiling libloading v0.8.9
   Compiling icu_normalizer_data v2.3.0
   Compiling prettyplease v0.2.37
   Compiling rustix v0.38.44
   Compiling cipher v0.4.4
   Compiling universal-hash v0.5.1
   Compiling bytemuck_derive v1.12.0
   Compiling tracing-attributes v0.1.31
   Compiling opaque-debug v0.3.1
   Compiling minimal-lexical v0.2.1
   Compiling icu_collator_data v2.3.0
   Compiling core-foundation-sys v0.8.7
   Compiling icu_locale_data v2.3.0
   Compiling pin-project-lite v0.2.17
   Compiling parking_lot_core v0.9.12
   Compiling tracing v0.1.44
   Compiling iana-time-zone v0.1.65
   Compiling nom v7.1.3
   Compiling polyval v0.6.2
   Compiling bytemuck v1.25.2
   Compiling icu_locale_fallback v2.3.0
   Compiling tracing-log v0.2.0
   Compiling rand_core v0.9.5
   Compiling strum_macros v0.26.4
   Compiling num-integer v0.1.47
   Compiling sharded-slab v0.1.7
   Compiling ppv-lite86 v0.2.21
   Compiling branches v0.4.6
   Compiling crc32c v0.6.8
   Compiling chacha20 v0.10.2
   Compiling matchers v0.2.0
   Compiling bigdecimal v0.4.10
   Compiling uncased v0.9.10
   Compiling simsimd v6.5.16
   Compiling aegis v0.9.15
   Compiling miette-derive v7.6.0
   Compiling turso_macros v0.8.0-pre.11
   Compiling thread_local v1.1.10
   Compiling nu-ansi-term v0.50.3
   Compiling write16 v1.0.0
   Compiling unicode-width v0.1.14
   Compiling turso_ext v0.8.0-pre.11
   Compiling bindgen v0.69.5
   Compiling bytes v1.12.1
   Compiling anyhow v1.0.104
   Compiling serde_json v1.0.151
   Compiling home v0.5.12
   Compiling utf16_iter v1.0.5
   Compiling fastrand v2.5.0
   Compiling scopeguard v1.2.0
   Compiling lock_api v0.4.14
   Compiling tempfile v3.27.0
   Compiling icu_normalizer v2.3.0
   Compiling which v4.4.2
   Compiling miette v7.6.0
   Compiling tracing-subscriber v0.3.23
   Compiling rand v0.10.2
   Compiling rand_chacha v0.9.0
   Compiling num-bigint v0.4.8
   Compiling strum v0.26.3
   Compiling ghash v0.5.1
   Compiling cexpr v0.6.0
   Compiling regex v1.13.1
   Compiling chrono v0.4.45
   Compiling aes v0.8.4
   Compiling ctr v0.9.2
   Compiling icu_properties v2.3.0
   Compiling turso_core v0.8.0-pre.11
   Compiling itertools v0.12.1
   Compiling aead v0.5.2
   Compiling blake3 v1.8.7
   Compiling aristo-macros v0.4.1
   Compiling softaes v0.1.5
   Compiling byteorder v1.5.0
   Compiling lazycell v1.3.0
   Compiling siphasher v1.0.3
   Compiling sha1_smol v1.0.1
   Compiling rustc-hash v1.1.0
   Compiling shlex v1.3.0
   Compiling uuid v1.26.0
   Compiling fastbloom v0.14.1
   Compiling roaring v0.11.5
   Compiling aristo v0.4.1
   Compiling aes-gcm v0.10.3
   Compiling icu_collator v2.3.1
   Compiling parking_lot v0.12.5
   Compiling icu_locale v2.3.1
   Compiling turso_parser v0.8.0-pre.11
   Compiling rand v0.9.5
   Compiling twox-hash v2.1.4
   Compiling http v1.5.0
   Compiling intrusive-collections v0.9.7
   Compiling pack1 v1.1.0
   Compiling rapidhash v4.5.1
   Compiling arc-swap v1.9.2
   Compiling itertools v0.14.0
   Compiling polling v3.11.0
   Compiling ryu v1.0.23
   Compiling constant_time_eq v0.4.2
   Compiling time-core v0.1.9
   Compiling cfg_block v0.1.1
   Compiling simdutf8 v0.1.5
   Compiling hex v0.4.3
   Compiling num-conv v0.2.2
   Compiling bumpalo v3.20.3
   Compiling unicode-xid v0.2.6
   Compiling equivalent v1.0.2
   Compiling allocator-api2 v0.4.0
   Compiling fallible-iterator v0.3.0
   Compiling hashbrown v0.17.1
   Compiling deranged v0.5.8
   Compiling powerfmt v0.2.0
   Compiling pastey v0.2.3
   Compiling rustc-hash v2.1.3
   Compiling arrayvec v0.7.8
   Compiling time v0.3.55
   Compiling indexmap v2.14.2
   Compiling derive_more-impl v2.1.1
   Compiling prost-derive v0.14.4
   Compiling turso_sdk_kit v0.8.0-pre.11
   Compiling crossbeam-channel v0.5.16
   Compiling strum_macros v0.28.0
   Compiling env_filter v2.0.0
   Compiling socket2 v0.6.5
   Compiling symlink v0.1.0
   Compiling genawaiter-macro v0.99.1
   Compiling genawaiter v0.99.1
   Compiling tracing-appender v0.2.5
   Compiling backend-platform v0.1.0 (/Users/rmccrar6/.local/share/nudox/source-releases/f85fb905ddc499bcfe701812ab68e971f7aad097/source/crates/platform)
warning: unnecessary qualification
   --> crates/platform/executable_identity.rs:705:49
    |
705 |             std::slice::from_raw_parts(base.add(std::mem::size_of::<MachHeader64>()), command_bytes)
    |                                                 ^^^^^^^^^^^^^^^^^^^^^^^^^^^^^^^^^
    |
    = note: requested on the command line with `-W unused-qualifications`
help: remove the unnecessary path segments
    |
705 -             std::slice::from_raw_parts(base.add(std::mem::size_of::<MachHeader64>()), command_bytes)
705 +             std::slice::from_raw_parts(base.add(size_of::<MachHeader64>()), command_bytes)
    |

warning: unnecessary qualification
   --> crates/platform/macos_process.rs:219:47
    |
219 |     let expected_size = libc::c_int::try_from(std::mem::size_of::<ProcBsdInfoWithUniqId>())
    |                                               ^^^^^^^^^^^^^^^^^^^^^^^^^^^^^^^^^^^^^^^^^^
    |
help: remove the unnecessary path segments
    |
219 -     let expected_size = libc::c_int::try_from(std::mem::size_of::<ProcBsdInfoWithUniqId>())
219 +     let expected_size = libc::c_int::try_from(size_of::<ProcBsdInfoWithUniqId>())
    |

warning: unnecessary qualification
   --> crates/platform/macos_process.rs:268:22
    |
268 |         .checked_mul(std::mem::size_of::<libc::pid_t>())
    |                      ^^^^^^^^^^^^^^^^^^^^^^^^^^^^^^^^
    |
help: remove the unnecessary path segments
    |
268 -         .checked_mul(std::mem::size_of::<libc::pid_t>())
268 +         .checked_mul(size_of::<libc::pid_t>())
    |

warning: associated function `new` is never used
  --> crates/platform/executable_identity.rs:75:8
   |
73 | impl RunningExecutable {
   | ---------------------- associated function in this implementation
74 |     #[cfg(any(target_os = "linux", target_os = "macos"))]
75 |     fn new(file: File) -> io::Result<Self> {
   |        ^^^
   |
   = note: `#[warn(dead_code)]` (part of `#[warn(unused)]`) on by default

warning: missing documentation for a struct field
  --> crates/platform/child_output.rs:38:5
   |
38 |     pub program: OsString,
   |     ^^^^^^^^^^^^^^^^^^^^^
   |
   = note: requested on the command line with `-W missing-docs`

warning: missing documentation for a struct field
  --> crates/platform/child_output.rs:39:5
   |
39 |     pub args: Vec<OsString>,
   |     ^^^^^^^^^^^^^^^^^^^^^^^

warning: missing documentation for a struct field
  --> crates/platform/child_output.rs:40:5
   |
40 |     pub cwd: Option<PathBuf>,
   |     ^^^^^^^^^^^^^^^^^^^^^^^^

warning: missing documentation for a struct field
  --> crates/platform/child_output.rs:41:5
   |
41 |     pub environment: CaptureEnvironment,
   |     ^^^^^^^^^^^^^^^^^^^^^^^^^^^^^^^^^^^

warning: missing documentation for a struct field
  --> crates/platform/child_output.rs:42:5
   |
42 |     pub overrides: Vec<(OsString, Option<OsString>)>,
   |     ^^^^^^^^^^^^^^^^^^^^^^^^^^^^^^^^^^^^^^^^^^^^^^^^

warning: missing documentation for an enum
  --> crates/platform/child_output.rs:46:1
   |
46 | pub enum CaptureEnvironment {
   | ^^^^^^^^^^^^^^^^^^^^^^^^^^^

warning: missing documentation for a variant
  --> crates/platform/child_output.rs:47:5
   |
47 |     Inherit,
   |     ^^^^^^^

warning: missing documentation for a variant
  --> crates/platform/child_output.rs:48:5
   |
48 |     Clear,
   |     ^^^^^

warning: missing documentation for a struct field
  --> crates/platform/child_output.rs:54:5
   |
54 |     pub deadline: Instant,
   |     ^^^^^^^^^^^^^^^^^^^^^

warning: missing documentation for a struct field
  --> crates/platform/child_output.rs:55:5
   |
55 |     pub stdout_bytes: usize,
   |     ^^^^^^^^^^^^^^^^^^^^^^^

warning: missing documentation for a struct field
  --> crates/platform/child_output.rs:56:5
   |
56 |     pub stderr_bytes: usize,
   |     ^^^^^^^^^^^^^^^^^^^^^^^

warning: missing documentation for a struct field
  --> crates/platform/child_output.rs:62:5
   |
62 |     pub status: ExitStatus,
   |     ^^^^^^^^^^^^^^^^^^^^^^

warning: missing documentation for a struct field
  --> crates/platform/child_output.rs:63:5
   |
63 |     pub stdout: Vec<u8>,
   |     ^^^^^^^^^^^^^^^^^^^

warning: missing documentation for a struct field
  --> crates/platform/child_output.rs:64:5
   |
64 |     pub stderr: Vec<u8>,
   |     ^^^^^^^^^^^^^^^^^^^

warning: missing documentation for an enum
  --> crates/platform/child_output.rs:68:1
   |
68 | pub enum OutputStream {
   | ^^^^^^^^^^^^^^^^^^^^^

warning: missing documentation for a variant
  --> crates/platform/child_output.rs:69:5
   |
69 |     Stdout,
   |     ^^^^^^

warning: missing documentation for a variant
  --> crates/platform/child_output.rs:70:5
   |
70 |     Stderr,
   |     ^^^^^^

warning: missing documentation for a variant
  --> crates/platform/child_output.rs:76:5
   |
76 |     Unsupported,
   |     ^^^^^^^^^^^

warning: missing documentation for a struct field
  --> crates/platform/child_output.rs:79:9
   |
79 |         maximum: usize,
   |         ^^^^^^^^^^^^^^

warning: missing documentation for a variant
  --> crates/platform/child_output.rs:81:5
   |
81 |     Spawn(io::Error),
   |     ^^^^^

warning: missing documentation for a variant
  --> crates/platform/child_output.rs:82:5
   |
82 |     MissingPipe(OutputStream),
   |     ^^^^^^^^^^^

warning: missing documentation for a variant
  --> crates/platform/child_output.rs:83:5
   |
83 |     Configure {
   |     ^^^^^^^^^

warning: missing documentation for a struct field
  --> crates/platform/child_output.rs:84:9
   |
84 |         stream: OutputStream,
   |         ^^^^^^^^^^^^^^^^^^^^

warning: missing documentation for a struct field
  --> crates/platform/child_output.rs:85:9
   |
85 |         source: io::Error,
   |         ^^^^^^^^^^^^^^^^^

warning: missing documentation for a variant
  --> crates/platform/child_output.rs:87:5
   |
87 |     Read {
   |     ^^^^

warning: missing documentation for a struct field
  --> crates/platform/child_output.rs:88:9
   |
88 |         stream: OutputStream,
   |         ^^^^^^^^^^^^^^^^^^^^

warning: missing documentation for a struct field
  --> crates/platform/child_output.rs:89:9
   |
89 |         source: io::Error,
   |         ^^^^^^^^^^^^^^^^^

warning: missing documentation for a variant
  --> crates/platform/child_output.rs:91:5
   |
91 |     Wait(io::Error),
   |     ^^^^

warning: missing documentation for a variant
  --> crates/platform/child_output.rs:92:5
   |
92 |     OutputLimit {
   |     ^^^^^^^^^^^

warning: missing documentation for a struct field
  --> crates/platform/child_output.rs:93:9
   |
93 |         stream: OutputStream,
   |         ^^^^^^^^^^^^^^^^^^^^

warning: missing documentation for a struct field
  --> crates/platform/child_output.rs:94:9
   |
94 |         observed: usize,
   |         ^^^^^^^^^^^^^^^

warning: missing documentation for a struct field
  --> crates/platform/child_output.rs:95:9
   |
95 |         maximum: usize,
   |         ^^^^^^^^^^^^^^

warning: missing documentation for a variant
  --> crates/platform/child_output.rs:97:5
   |
97 |     Deadline,
   |     ^^^^^^^^

warning: missing documentation for a variant
  --> crates/platform/child_output.rs:98:5
   |
98 |     Cancelled,
   |     ^^^^^^^^^

warning: missing documentation for a variant
  --> crates/platform/child_output.rs:99:5
   |
99 |     Cleanup {
   |     ^^^^^^^

warning: missing documentation for a struct field
   --> crates/platform/child_output.rs:100:9
    |
100 |         primary: Box<Self>,
    |         ^^^^^^^^^^^^^^^^^^

warning: missing documentation for a struct field
   --> crates/platform/child_output.rs:101:9
    |
101 |         source: io::Error,
    |         ^^^^^^^^^^^^^^^^^

warning: `backend-platform` (lib) generated 41 warnings (run `cargo fix --lib -p backend-platform` to apply 3 suggestions)
   Compiling env_logger v0.11.11
   Compiling strum v0.28.0
   Compiling prost v0.14.4
   Compiling derive_more v2.1.1
   Compiling ring v0.17.14
   Compiling turso_sdk_kit_macros v0.8.0-pre.11
   Compiling base64 v0.22.1
   Compiling turso_sync_engine v0.8.0-pre.11
   Compiling backend-version v0.1.0 (/Users/rmccrar6/.local/share/nudox/source-releases/f85fb905ddc499bcfe701812ab68e971f7aad097/source/crates/version)
warning: unnecessary qualification
   --> crates/version/src/ids/hash.rs:235:17
    |
235 |         schema: crate::workspace::SchemaIdentity,
    |                 ^^^^^^^^^^^^^^^^^^^^^^^^^^^^^^^^
    |
    = note: requested on the command line with `-W unused-qualifications`
help: remove the unnecessary path segments
    |
235 -         schema: crate::workspace::SchemaIdentity,
235 +         schema: SchemaIdentity,
    |

warning: unnecessary qualification
   --> crates/version/src/ids/hash.rs:317:13
    |
317 |     schema: crate::workspace::SchemaIdentity,
    |             ^^^^^^^^^^^^^^^^^^^^^^^^^^^^^^^^
    |
help: remove the unnecessary path segments
    |
317 -     schema: crate::workspace::SchemaIdentity,
317 +     schema: SchemaIdentity,
    |

warning: unnecessary qualification
   --> crates/version/src/ids/hash.rs:336:13
    |
336 |     schema: crate::workspace::SchemaIdentity,
    |             ^^^^^^^^^^^^^^^^^^^^^^^^^^^^^^^^
    |
help: remove the unnecessary path segments
    |
336 -     schema: crate::workspace::SchemaIdentity,
336 +     schema: SchemaIdentity,
    |

warning: unnecessary qualification
   --> crates/version/src/ids/hash.rs:350:13
    |
350 |     schema: crate::workspace::SchemaIdentity,
    |             ^^^^^^^^^^^^^^^^^^^^^^^^^^^^^^^^
    |
help: remove the unnecessary path segments
    |
350 -     schema: crate::workspace::SchemaIdentity,
350 +     schema: SchemaIdentity,
    |

warning: unnecessary qualification
   --> crates/version/src/ids/hash.rs:363:13
    |
363 |     schema: crate::workspace::SchemaIdentity,
    |             ^^^^^^^^^^^^^^^^^^^^^^^^^^^^^^^^
    |
help: remove the unnecessary path segments
    |
363 -     schema: crate::workspace::SchemaIdentity,
363 +     schema: SchemaIdentity,
    |

warning: unnecessary qualification
   --> crates/version/src/ids/hash.rs:383:13
    |
383 |     schema: crate::workspace::SchemaIdentity,
    |             ^^^^^^^^^^^^^^^^^^^^^^^^^^^^^^^^
    |
help: remove the unnecessary path segments
    |
383 -     schema: crate::workspace::SchemaIdentity,
383 +     schema: SchemaIdentity,
    |

warning: `backend-version` (lib) generated 6 warnings (run `cargo fix --lib -p backend-version` to apply 6 suggestions)
   Compiling fearless_simd v0.7.0
   Compiling zeroize v1.9.0
   Compiling rustls-pki-types v1.15.1
   Compiling backend-store v0.1.0 (/Users/rmccrar6/.local/share/nudox/source-releases/f85fb905ddc499bcfe701812ab68e971f7aad097/source/crates/store)
warning: unnecessary qualification
   --> crates/store/src/durable/artifact.rs:876:17
    |
876 |     ) -> Result<super::nodes::DurableManifest, StoreError> {
    |                 ^^^^^^^^^^^^^^^^^^^^^^^^^^^^^
    |
    = note: requested on the command line with `-W unused-qualifications`
help: remove the unnecessary path segments
    |
876 -     ) -> Result<super::nodes::DurableManifest, StoreError> {
876 +     ) -> Result<nodes::DurableManifest, StoreError> {
    |

warning: unnecessary qualification
   --> crates/store/src/durable/artifact.rs:905:17
    |
905 |     ) -> Result<super::nodes::DurableManifest, StoreError> {
    |                 ^^^^^^^^^^^^^^^^^^^^^^^^^^^^^
    |
help: remove the unnecessary path segments
    |
905 -     ) -> Result<super::nodes::DurableManifest, StoreError> {
905 +     ) -> Result<nodes::DurableManifest, StoreError> {
    |

warning: unused import: `Path`
  --> crates/store/src/durable/artifact_fs.rs:15:12
   |
15 |     path::{Path, PathBuf},
   |            ^^^^
   |
   = note: `#[warn(unused_imports)]` (part of `#[warn(unused)]`) on by default

warning: unnecessary qualification
   --> crates/store/src/durable/artifact_fs.rs:345:24
    |
345 |             let name = super::next_session_name();
    |                        ^^^^^^^^^^^^^^^^^^^^^^^^
    |
help: remove the unnecessary path segments
    |
345 -             let name = super::next_session_name();
345 +             let name = next_session_name();
    |

warning: unnecessary qualification
   --> crates/store/src/durable/artifact_fs.rs:436:22
    |
436 |             .map_err(self::error)?;
    |                      ^^^^^^^^^^^
    |
help: remove the unnecessary path segments
    |
436 -             .map_err(self::error)?;
436 +             .map_err(error)?;
    |

warning: unnecessary qualification
   --> crates/store/src/durable/artifact_fs.rs:559:22
    |
559 |             .map_err(self::error)?;
    |                      ^^^^^^^^^^^
    |
help: remove the unnecessary path segments
    |
559 -             .map_err(self::error)?;
559 +             .map_err(error)?;
    |

warning: unnecessary qualification
   --> crates/store/src/durable/artifact_fs.rs:584:22
    |
584 |             .map_err(self::error)?;
    |                      ^^^^^^^^^^^
    |
help: remove the unnecessary path segments
    |
584 -             .map_err(self::error)?;
584 +             .map_err(error)?;
    |

warning: unnecessary qualification
   --> crates/store/src/durable/artifact_fs.rs:593:22
    |
593 |             .map_err(self::error)?;
    |                      ^^^^^^^^^^^
    |
help: remove the unnecessary path segments
    |
593 -             .map_err(self::error)?;
593 +             .map_err(error)?;
    |

warning: unnecessary qualification
   --> crates/store/src/durable/artifact_fs.rs:609:72
    |
609 |             unlinkat(directory, &stage_name, AtFlags::empty()).map_err(self::error)?;
    |                                                                        ^^^^^^^^^^^
    |
help: remove the unnecessary path segments
    |
609 -             unlinkat(directory, &stage_name, AtFlags::empty()).map_err(self::error)?;
609 +             unlinkat(directory, &stage_name, AtFlags::empty()).map_err(error)?;
    |

warning: unnecessary qualification
   --> crates/store/src/durable/artifact_fs.rs:724:17
    |
724 |                 super::wait_test_link_barrier();
    |                 ^^^^^^^^^^^^^^^^^^^^^^^^^^^^^
    |
help: remove the unnecessary path segments
    |
724 -                 super::wait_test_link_barrier();
724 +                 wait_test_link_barrier();
    |

warning: unnecessary qualification
   --> crates/store/src/durable/artifact_fs.rs:786:13
    |
786 |             super::wait_test_link_barrier();
    |             ^^^^^^^^^^^^^^^^^^^^^^^^^^^^^
    |
help: remove the unnecessary path segments
    |
786 -             super::wait_test_link_barrier();
786 +             wait_test_link_barrier();
    |

warning: unnecessary qualification
   --> crates/store/src/durable/gc/sweep.rs:120:43
    |
120 |     pub(super) const fn mark_key(self) -> super::state::MarkKey {
    |                                           ^^^^^^^^^^^^^^^^^^^^^
    |
help: remove the unnecessary path segments
    |
120 -     pub(super) const fn mark_key(self) -> super::state::MarkKey {
120 +     pub(super) const fn mark_key(self) -> state::MarkKey {
    |

warning: unnecessary qualification
   --> crates/store/src/durable/gc/sweep.rs:122:38
    |
122 |             Self::Pack { id, .. } => super::state::MarkKey::Pack(id),
    |                                      ^^^^^^^^^^^^^^^^^^^^^^^^^^^
    |
help: remove the unnecessary path segments
    |
122 -             Self::Pack { id, .. } => super::state::MarkKey::Pack(id),
122 +             Self::Pack { id, .. } => state::MarkKey::Pack(id),
    |

warning: unnecessary qualification
   --> crates/store/src/durable/gc/sweep.rs:123:34
    |
123 |             Self::Closure(id) => super::state::MarkKey::Closure(id),
    |                                  ^^^^^^^^^^^^^^^^^^^^^^^^^^^^^^
    |
help: remove the unnecessary path segments
    |
123 -             Self::Closure(id) => super::state::MarkKey::Closure(id),
123 +             Self::Closure(id) => state::MarkKey::Closure(id),
    |

warning: unnecessary qualification
   --> crates/store/src/durable/gc/sweep.rs:124:33
    |
124 |             Self::Object(id) => super::state::MarkKey::Object(id),
    |                                 ^^^^^^^^^^^^^^^^^^^^^^^^^^^^^
    |
help: remove the unnecessary path segments
    |
124 -             Self::Object(id) => super::state::MarkKey::Object(id),
124 +             Self::Object(id) => state::MarkKey::Object(id),
    |

warning: unnecessary qualification
   --> crates/store/src/durable/gc/sweep.rs:247:13
    |
247 |     limits: super::state::GcLimits,
    |             ^^^^^^^^^^^^^^^^^^^^^^
    |
help: remove the unnecessary path segments
    |
247 -     limits: super::state::GcLimits,
247 +     limits: GcLimits,
    |

warning: unnecessary qualification
   --> crates/store/src/durable/gc/sweep.rs:268:13
    |
268 |     limits: super::state::GcLimits,
    |             ^^^^^^^^^^^^^^^^^^^^^^
    |
help: remove the unnecessary path segments
    |
268 -     limits: super::state::GcLimits,
268 +     limits: GcLimits,
    |

warning: unnecessary qualification
   --> crates/store/src/durable/gc/sweep.rs:364:13
    |
364 |     limits: super::state::GcLimits,
    |             ^^^^^^^^^^^^^^^^^^^^^^
    |
help: remove the unnecessary path segments
    |
364 -     limits: super::state::GcLimits,
364 +     limits: GcLimits,
    |

warning: unnecessary qualification
   --> crates/store/src/durable/gc/sweep.rs:547:24
    |
547 |         F: FnOnce(&mut super::roots::GcRootResolver<'_>) -> Result<(), StoreError>,
    |                        ^^^^^^^^^^^^^^^^^^^^^^^^^^^^^^^^
    |
help: remove the unnecessary path segments
    |
547 -         F: FnOnce(&mut super::roots::GcRootResolver<'_>) -> Result<(), StoreError>,
547 +         F: FnOnce(&mut GcRootResolver<'_>) -> Result<(), StoreError>,
    |

warning: unnecessary qualification
   --> crates/store/src/durable/gc/sweep.rs:550:28
    |
550 |         let mut resolver = super::roots::GcRootResolver::new(self);
    |                            ^^^^^^^^^^^^^^^^^^^^^^^^^^^^^^^^^
    |
help: remove the unnecessary path segments
    |
550 -         let mut resolver = super::roots::GcRootResolver::new(self);
550 +         let mut resolver = GcRootResolver::new(self);
    |

warning: unnecessary qualification
   --> crates/store/src/durable/mod.rs:205:22
    |
205 | fn lock_error(error: std::fs::TryLockError) -> StoreError {
    |                      ^^^^^^^^^^^^^^^^^^^^^
    |
help: remove the unnecessary path segments
    |
205 - fn lock_error(error: std::fs::TryLockError) -> StoreError {
205 + fn lock_error(error: fs::TryLockError) -> StoreError {
    |

warning: unnecessary qualification
   --> crates/store/src/durable/mod.rs:207:9
    |
207 |         std::fs::TryLockError::WouldBlock => {
    |         ^^^^^^^^^^^^^^^^^^^^^^^^^^^^^^^^^
    |
help: remove the unnecessary path segments
    |
207 -         std::fs::TryLockError::WouldBlock => {
207 +         fs::TryLockError::WouldBlock => {
    |

warning: unnecessary qualification
   --> crates/store/src/durable/mod.rs:210:9
    |
210 |         std::fs::TryLockError::Error(error) => io_error(&error),
    |         ^^^^^^^^^^^^^^^^^^^^^^^^^^^^
    |
help: remove the unnecessary path segments
    |
210 -         std::fs::TryLockError::Error(error) => io_error(&error),
210 +         fs::TryLockError::Error(error) => io_error(&error),
    |

warning: variable does not need to be mutable
   --> crates/store/src/durable/streaming_closure.rs:523:9
    |
523 |         mut file: File,
    |         ----^^^^
    |         |
    |         help: remove this `mut`
    |
    = note: `#[warn(unused_mut)]` (part of `#[warn(unused)]`) on by default

warning: method `counts` is never used
  --> crates/store/src/tree/node.rs:46:19
   |
39 | impl StoreCas {
   | ------------- method in this implementation
...
46 |     pub(crate) fn counts(&self) -> (usize, usize) {
   |                   ^^^^^^
   |
   = note: `#[warn(dead_code)]` (part of `#[warn(unused)]`) on by default

warning: method `append_group` is never used
   --> crates/store/src/journal/journal.rs:122:19
    |
 91 | impl FileJournal {
    | ---------------- method in this implementation
...
122 |     pub(crate) fn append_group(
    |                   ^^^^^^^^^^^^

warning: missing documentation for an associated constant
  --> crates/store/src/journal/mod.rs:34:5
   |
34 |     pub const FIRST: Self = Self { value: 0 };
   |     ^^^^^^^^^^^^^^^^^^^^^
   |
   = note: requested on the command line with `-W missing-docs`

warning: missing documentation for a struct field
  --> crates/store/src/journal/mod.rs:82:5
   |
82 |     pub sequence: FrameSequence,
   |     ^^^^^^^^^^^^^^^^^^^^^^^^^^^

warning: missing documentation for a struct field
  --> crates/store/src/journal/mod.rs:83:5
   |
83 |     pub durable_end: JournalOffset,
   |     ^^^^^^^^^^^^^^^^^^^^^^^^^^^^^^

warning: missing documentation for a variant
  --> crates/store/src/journal/error.rs:14:5
   |
14 |     Open,
   |     ^^^^

warning: missing documentation for a variant
  --> crates/store/src/journal/error.rs:15:5
   |
15 |     Create,
   |     ^^^^^^

warning: missing documentation for a variant
  --> crates/store/src/journal/error.rs:16:5
   |
16 |     Inspect,
   |     ^^^^^^^

warning: missing documentation for a variant
  --> crates/store/src/journal/error.rs:17:5
   |
17 |     ReadHeader,
   |     ^^^^^^^^^^

warning: missing documentation for a variant
  --> crates/store/src/journal/error.rs:18:5
   |
18 |     WriteHeader,
   |     ^^^^^^^^^^^

warning: missing documentation for a variant
  --> crates/store/src/journal/error.rs:19:5
   |
19 |     ReadFrame,
   |     ^^^^^^^^^

warning: missing documentation for a variant
  --> crates/store/src/journal/error.rs:20:5
   |
20 |     RepairTail,
   |     ^^^^^^^^^^

warning: missing documentation for a variant
  --> crates/store/src/journal/error.rs:21:5
   |
21 |     OpenParentDirectory,
   |     ^^^^^^^^^^^^^^^^^^^

warning: missing documentation for a variant
  --> crates/store/src/journal/error.rs:22:5
   |
22 |     SyncParentDirectory,
   |     ^^^^^^^^^^^^^^^^^^^

warning: missing documentation for a variant
  --> crates/store/src/journal/error.rs:23:5
   |
23 |     SyncHeader,
   |     ^^^^^^^^^^

warning: missing documentation for a variant
  --> crates/store/src/journal/error.rs:24:5
   |
24 |     SyncTailRepair,
   |     ^^^^^^^^^^^^^^

warning: missing documentation for a variant
  --> crates/store/src/journal/error.rs:30:5
   |
30 |     Position,
   |     ^^^^^^^^

warning: missing documentation for a variant
  --> crates/store/src/journal/error.rs:31:5
   |
31 |     WriteFrame,
   |     ^^^^^^^^^^

warning: missing documentation for a variant
  --> crates/store/src/journal/error.rs:32:5
   |
32 |     SyncFrame,
   |     ^^^^^^^^^

warning: missing documentation for a variant
  --> crates/store/src/journal/error.rs:39:5
   |
39 |     Truncated {
   |     ^^^^^^^^^

warning: missing documentation for a struct field
  --> crates/store/src/journal/error.rs:40:9
   |
40 |         required: JournalOffset,
   |         ^^^^^^^^^^^^^^^^^^^^^^^

warning: missing documentation for a struct field
  --> crates/store/src/journal/error.rs:41:9
   |
41 |         actual: JournalOffset,
   |         ^^^^^^^^^^^^^^^^^^^^^

warning: missing documentation for a variant
  --> crates/store/src/journal/error.rs:44:5
   |
44 |     Magic { observed: [u8; 8] },
   |     ^^^^^

warning: missing documentation for a struct field
  --> crates/store/src/journal/error.rs:44:13
   |
44 |     Magic { observed: [u8; 8] },
   |             ^^^^^^^^^^^^^^^^^

warning: missing documentation for a variant
  --> crates/store/src/journal/error.rs:46:5
   |
46 |     PhysicalVersion { observed: u16 },
   |     ^^^^^^^^^^^^^^^

warning: missing documentation for a struct field
  --> crates/store/src/journal/error.rs:46:23
   |
46 |     PhysicalVersion { observed: u16 },
   |                       ^^^^^^^^^^^^^

warning: missing documentation for a variant
  --> crates/store/src/journal/error.rs:48:5
   |
48 |     HeaderWidth { expected: u16, observed: u16 },
   |     ^^^^^^^^^^^

warning: missing documentation for a struct field
  --> crates/store/src/journal/error.rs:48:19
   |
48 |     HeaderWidth { expected: u16, observed: u16 },
   |                   ^^^^^^^^^^^^^

warning: missing documentation for a struct field
  --> crates/store/src/journal/error.rs:48:34
   |
48 |     HeaderWidth { expected: u16, observed: u16 },
   |                                  ^^^^^^^^^^^^^

warning: missing documentation for a variant
  --> crates/store/src/journal/error.rs:50:5
   |
50 |     RecordWidth { expected: u16, observed: u16 },
   |     ^^^^^^^^^^^

warning: missing documentation for a struct field
  --> crates/store/src/journal/error.rs:50:19
   |
50 |     RecordWidth { expected: u16, observed: u16 },
   |                   ^^^^^^^^^^^^^

warning: missing documentation for a struct field
  --> crates/store/src/journal/error.rs:50:34
   |
50 |     RecordWidth { expected: u16, observed: u16 },
   |                                  ^^^^^^^^^^^^^

warning: missing documentation for a variant
  --> crates/store/src/journal/error.rs:52:5
   |
52 |     Reserved { observed: u16 },
   |     ^^^^^^^^

warning: missing documentation for a struct field
  --> crates/store/src/journal/error.rs:52:16
   |
52 |     Reserved { observed: u16 },
   |                ^^^^^^^^^^^^^

warning: missing documentation for a variant
  --> crates/store/src/journal/error.rs:54:5
   |
54 |     Checksum,
   |     ^^^^^^^^

warning: missing documentation for a variant
  --> crates/store/src/journal/error.rs:61:5
   |
61 |     Io {
   |     ^^

warning: missing documentation for a struct field
  --> crates/store/src/journal/error.rs:62:9
   |
62 |         step: JournalIoStep,
   |         ^^^^^^^^^^^^^^^^^^^

warning: missing documentation for a struct field
  --> crates/store/src/journal/error.rs:64:9
   |
64 |         source: io::Error,
   |         ^^^^^^^^^^^^^^^^^

warning: missing documentation for a variant
  --> crates/store/src/journal/error.rs:67:5
   |
67 |     ExclusiveOwnership(#[source] TryLockError),
   |     ^^^^^^^^^^^^^^^^^^

warning: missing documentation for a variant
  --> crates/store/src/journal/error.rs:69:5
   |
69 |     Header(#[from] HeaderError),
   |     ^^^^^^

warning: missing documentation for a variant
  --> crates/store/src/journal/error.rs:71:5
   |
71 |     FrameChecksum {
   |     ^^^^^^^^^^^^^

warning: missing documentation for a struct field
  --> crates/store/src/journal/error.rs:72:9
   |
72 |         sequence: FrameSequence,
   |         ^^^^^^^^^^^^^^^^^^^^^^^

warning: missing documentation for a struct field
  --> crates/store/src/journal/error.rs:73:9
   |
73 |         offset: JournalOffset,
   |         ^^^^^^^^^^^^^^^^^^^^^

warning: missing documentation for a variant
  --> crates/store/src/journal/error.rs:76:5
   |
76 |     Sequence {
   |     ^^^^^^^^

warning: missing documentation for a struct field
  --> crates/store/src/journal/error.rs:77:9
   |
77 |         expected: FrameSequence,
   |         ^^^^^^^^^^^^^^^^^^^^^^^

warning: missing documentation for a struct field
  --> crates/store/src/journal/error.rs:78:9
   |
78 |         observed: FrameSequence,
   |         ^^^^^^^^^^^^^^^^^^^^^^^

warning: missing documentation for a variant
  --> crates/store/src/journal/error.rs:81:5
   |
81 |     OffsetOverflow { sequence: FrameSequence },
   |     ^^^^^^^^^^^^^^

warning: missing documentation for a struct field
  --> crates/store/src/journal/error.rs:81:22
   |
81 |     OffsetOverflow { sequence: FrameSequence },
   |                      ^^^^^^^^^^^^^^^^^^^^^^^

warning: missing documentation for a variant
  --> crates/store/src/journal/error.rs:83:5
   |
83 |     Decode(#[source] WorkflowRecordError),
   |     ^^^^^^

warning: missing documentation for a variant
  --> crates/store/src/journal/error.rs:85:5
   |
85 |     Reduction(#[source] ReductionError),
   |     ^^^^^^^^^

warning: missing documentation for a variant
  --> crates/store/src/journal/error.rs:87:5
   |
87 |     Poisoned,
   |     ^^^^^^^^

warning: missing documentation for a variant
   --> crates/store/src/journal/error.rs:100:5
    |
100 |     Reduction(#[source] ReductionError),
    |     ^^^^^^^^^

warning: missing documentation for a variant
   --> crates/store/src/journal/error.rs:102:5
    |
102 |     Poisoned,
    |     ^^^^^^^^

warning: missing documentation for a variant
   --> crates/store/src/journal/error.rs:104:5
    |
104 |     ReceiptOverflow { sequence: FrameSequence },
    |     ^^^^^^^^^^^^^^^

warning: missing documentation for a struct field
   --> crates/store/src/journal/error.rs:104:23
    |
104 |     ReceiptOverflow { sequence: FrameSequence },
    |                       ^^^^^^^^^^^^^^^^^^^^^^^

warning: missing documentation for a variant
   --> crates/store/src/journal/error.rs:106:5
    |
106 |     OutcomeUnknown {
    |     ^^^^^^^^^^^^^^

warning: missing documentation for a struct field
   --> crates/store/src/journal/error.rs:107:9
    |
107 |         attempted: WorkflowRecord,
    |         ^^^^^^^^^^^^^^^^^^^^^^^^^

warning: missing documentation for a struct field
   --> crates/store/src/journal/error.rs:108:9
    |
108 |         sequence: FrameSequence,
    |         ^^^^^^^^^^^^^^^^^^^^^^^

warning: missing documentation for a struct field
   --> crates/store/src/journal/error.rs:109:9
    |
109 |         step: CommitIoStep,
    |         ^^^^^^^^^^^^^^^^^^

warning: missing documentation for a struct field
   --> crates/store/src/journal/error.rs:111:9
    |
111 |         source: io::Error,
    |         ^^^^^^^^^^^^^^^^^

warning: missing documentation for a constant
  --> crates/store/src/journal/format.rs:40:1
   |
40 | pub const JOURNAL_HEADER_BYTES: usize = size_of::<HeaderRecord>();
   | ^^^^^^^^^^^^^^^^^^^^^^^^^^^^^^^^^^^^^

warning: missing documentation for a constant
  --> crates/store/src/journal/format.rs:41:1
   |
41 | pub const JOURNAL_FRAME_BYTES: usize = size_of::<FrameRecord>();
   | ^^^^^^^^^^^^^^^^^^^^^^^^^^^^^^^^^^^^

warning: missing documentation for a struct
  --> crates/store/src/journal/journal.rs:26:1
   |
26 | pub struct FileJournal {
   | ^^^^^^^^^^^^^^^^^^^^^^

warning: missing documentation for an associated function
  --> crates/store/src/journal/journal.rs:92:5
   |
92 |     pub fn create(path: impl AsRef<Path>) -> Result<Self, JournalError> {
   |     ^^^^^^^^^^^^^^^^^^^^^^^^^^^^^^^^^^^^^^^^^^^^^^^^^^^^^^^^^^^^^^^^^^^

warning: missing documentation for an associated function
  --> crates/store/src/journal/journal.rs:96:5
   |
96 |     pub fn open(path: impl AsRef<Path>) -> Result<Self, JournalError> {
   |     ^^^^^^^^^^^^^^^^^^^^^^^^^^^^^^^^^^^^^^^^^^^^^^^^^^^^^^^^^^^^^^^^^

warning: missing documentation for a method
   --> crates/store/src/journal/journal.rs:117:5
    |
117 |     pub fn append(&mut self, event: WorkflowEvent) -> Result<StableReceipt, CommitError> {
    |     ^^^^^^^^^^^^^^^^^^^^^^^^^^^^^^^^^^^^^^^^^^^^^^^^^^^^^^^^^^^^^^^^^^^^^^^^^^^^^^^^^^^^

warning: missing documentation for a method
   --> crates/store/src/journal/journal.rs:246:5
    |
246 |     pub fn replay(&mut self) -> Result<Recovery, JournalError> {
    |     ^^^^^^^^^^^^^^^^^^^^^^^^^^^^^^^^^^^^^^^^^^^^^^^^^^^^^^^^^^

warning: missing documentation for a struct field
   --> crates/store/src/journal/publication/errors.rs:121:26
    |
121 |     FrameBytesOverflow { queue_capacity: NonZeroUsize },
    |                          ^^^^^^^^^^^^^^^^^^^^^^^^^^^^

warning: `backend-store` (lib) generated 92 warnings (run `cargo fix --lib -p backend-store` to apply 24 suggestions)
   Compiling turso_sync_sdk_kit v0.8.0-pre.11
   Compiling untrusted v0.9.0
   Compiling crc32fast v1.5.1
   Compiling tree-sitter-language v0.1.8
   Compiling httparse v1.10.1
   Compiling turso v0.8.0-pre.10
   Compiling backend-flow v0.1.0 (/Users/rmccrar6/.local/share/nudox/source-releases/f85fb905ddc499bcfe701812ab68e971f7aad097/source/crates/flow)
   Compiling nix v0.30.1
   Compiling memmap2 v0.9.11
   Compiling simd-adler32 v0.3.10
   Compiling adler2 v2.0.1
   Compiling rustls v0.23.45
   Compiling crossbeam-deque v0.8.7
   Compiling miniz_oxide v0.9.1
   Compiling backend-semantic v0.1.0 (/Users/rmccrar6/.local/share/nudox/source-releases/f85fb905ddc499bcfe701812ab68e971f7aad097/source/crates/semantic)
warning: unnecessary qualification
 --> crates/semantic/src/ir/jumbo_rope/descriptor.rs:9:38
  |
9 | const DESCRIPTOR_WIRE_BYTES: usize = super::JUMBO_VALUE_DESCRIPTOR_WIRE_BYTES;
  |                                      ^^^^^^^^^^^^^^^^^^^^^^^^^^^^^^^^^^^^^^^^
  |
  = note: requested on the command line with `-W unused-qualifications`
help: remove the unnecessary path segments
  |
9 - const DESCRIPTOR_WIRE_BYTES: usize = super::JUMBO_VALUE_DESCRIPTOR_WIRE_BYTES;
9 + const DESCRIPTOR_WIRE_BYTES: usize = JUMBO_VALUE_DESCRIPTOR_WIRE_BYTES;
  |

warning: unused import: `descriptor_identity`
 --> crates/semantic/src/ir/jumbo_rope/receiver.rs:6:25
  |
6 | use super::descriptor::{descriptor_identity, empty_rope_root};
  |                         ^^^^^^^^^^^^^^^^^^^
  |
  = note: `#[warn(unused_imports)]` (part of `#[warn(unused)]`) on by default

warning: unnecessary qualification
   --> crates/semantic/src/ir/jumbo_rope/mod.rs:171:24
    |
171 |         let per_leaf = core::mem::size_of::<Option<LeafReceipt>>();
    |                        ^^^^^^^^^^^^^^^^^^^^^^^^^^^^^^^^^^^^^^^^^
    |
help: remove the unnecessary path segments
    |
171 -         let per_leaf = core::mem::size_of::<Option<LeafReceipt>>();
171 +         let per_leaf = size_of::<Option<LeafReceipt>>();
    |

warning: unnecessary qualification
   --> crates/semantic/src/ir/reader.rs:893:11
    |
893 |         = crate::ir::SignatureCarrierBindings<'image>
    |           ^^^^^^^^^^^^^^^^^^^^^^^^^^^^^^^^^^^^^^^^^^^
    |
help: remove the unnecessary path segments
    |
893 -         = crate::ir::SignatureCarrierBindings<'image>
893 +         = SignatureCarrierBindings<'image>
    |

warning: unnecessary qualification
   --> crates/semantic/src/ir/segment_boundary_policy.rs:241:42
    |
241 |             self.current_segment_bytes = crate::ir::versioned_records::SPIR_HEADER_BYTES;
    |                                          ^^^^^^^^^^^^^^^^^^^^^^^^^^^^^^^^^^^^^^^^^^^^^^^
    |
help: remove the unnecessary path segments
    |
241 -             self.current_segment_bytes = crate::ir::versioned_records::SPIR_HEADER_BYTES;
241 +             self.current_segment_bytes = SPIR_HEADER_BYTES;
    |

warning: unused import: `LanguageExtensionViolation`
 --> crates/semantic/src/ir/semantic/builder.rs:8:45
  |
8 | use super::error::{BuildError, EntityRange, LanguageExtensionViolation, SemanticSpace};
  |                                             ^^^^^^^^^^^^^^^^^^^^^^^^^^

warning: unused imports: `LinkOccurrenceSpace` and `LinkSpace`
  --> crates/semantic/src/ir/semantic/builder.rs:11:23
   |
11 |     LinkOccurrenceId, LinkOccurrenceSpace, LinkSpace, ObjectMemberListId, TemplatePartListId,
   |                       ^^^^^^^^^^^^^^^^^^^  ^^^^^^^^^

warning: unused import: `PackedTypes`
  --> crates/semantic/src/ir/semantic/builder.rs:18:19
   |
18 |     ObjectMember, PackedTypes, PropertyKey, QualifiedSegments, TemplatePart, TupleElement,
   |                   ^^^^^^^^^^^

warning: unused imports: `Confidence`, `ForeignExternalTarget`, and `LinkKind`
  --> crates/semantic/src/ir/semantic/builder.rs:23:5
   |
23 |     Confidence, DeclarationLinkTarget, DocFragment, DocInput, EntityVersion, ExternalTarget,
   |     ^^^^^^^^^^
24 |     ForeignExternalTarget, ForeignTargetOrigin, Item, Link, LinkKey, LinkKind, LinkOccurrence,
   |     ^^^^^^^^^^^^^^^^^^^^^                                            ^^^^^^^^

warning: unused imports: `AnnotationKind`, `AtomTableView`, `AtomTable`, `ChannelDirection`, `DeclarationFamilyId`, `EntityAuthorityColumns`, `ExternalDeclarationIdentity`, `ExternalEntityRef`, `ListTableView`, `ListTable`, `OccurrenceAuthorityColumns`, `PreimageOverflow`, `RawColumn`, `SlabPlan`, `Slab`, `StableRef`, `Type`, and `VariantFingerprint`
  --> crates/semantic/src/ir/semantic/builder.rs:33:5
   |
33 |     AnnotationKind, AtomId, AtomInterner, AtomTable, AtomTableView, AuthorityFactFault,
   |     ^^^^^^^^^^^^^^                        ^^^^^^^^^  ^^^^^^^^^^^^^
34 |     AuthorityFactPlane, CapacityError, CapacitySpace, ChannelDirection, DeclarationFamilyId,
   |                                                       ^^^^^^^^^^^^^^^^  ^^^^^^^^^^^^^^^^^^^
35 |     DeclarationIdentity, DeclarationKey, DenseId, EntityAuthorityColumns, EntityAuthorityFacts,
   |                                                   ^^^^^^^^^^^^^^^^^^^^^^
36 |     EntityId, ExternalDeclarationIdentity, ExternalEntityRef, FactAvailability, ImageProvenance,
   |               ^^^^^^^^^^^^^^^^^^^^^^^^^^^  ^^^^^^^^^^^^^^^^^
37 |     ImageProvenanceClaim, Interner, ListId, ListInterner, ListTable, ListTableView,
   |                                                           ^^^^^^^^^  ^^^^^^^^^^^^^
38 |     OccurrenceAuthorityColumns, OccurrenceAuthorityFacts, PackageLineage, ParentageAuthority,
   |     ^^^^^^^^^^^^^^^^^^^^^^^^^^
39 |     PreimageOverflow, SemanticScopeClaim, SemanticScopeFacts, SignatureCarrierBindingRole,
   |     ^^^^^^^^^^^^^^^^
40 |     SignatureCarrierOwnerInput, SignatureCarrierRole, SourceIdentity, StableRef, TextId, Type,
   |                                                                       ^^^^^^^^^          ^^^^
41 |     TypeId, VariantFingerprint,
   |             ^^^^^^^^^^^^^^^^^^
42 |     authority::{AuthorityColumns, OccurrenceAuthorityColumn},
43 |     columnar::{RawColumn, Slab, SlabPlan},
   |                ^^^^^^^^^  ^^^^  ^^^^^^^^

warning: unused import: `Language`
  --> crates/semantic/src/ir/semantic/builder.rs:46:44
   |
46 | use crate::vocabulary::{CompileRecipeFact, Language, LanguageProfile, PackageUrl};
   |                                            ^^^^^^^^

warning: unused imports: `fmt` and `num::NonZeroU16`
  --> crates/semantic/src/ir/semantic/builder.rs:49:12
   |
49 | use core::{fmt, hash::Hash, num::NonZeroU16};
   |            ^^^              ^^^^^^^^^^^^^^^

warning: unnecessary qualification
   --> crates/semantic/src/ir/semantic/builder.rs:729:20
    |
729 |             space: crate::ir::CapacitySpace::Value,
    |                    ^^^^^^^^^^^^^^^^^^^^^^^^^^^^^^^
    |
help: remove the unnecessary path segments
    |
729 -             space: crate::ir::CapacitySpace::Value,
729 +             space: CapacitySpace::Value,
    |

warning: unnecessary qualification
   --> crates/semantic/src/ir/semantic/builder.rs:769:20
    |
769 |             space: crate::ir::CapacitySpace::Value,
    |                    ^^^^^^^^^^^^^^^^^^^^^^^^^^^^^^^
    |
help: remove the unnecessary path segments
    |
769 -             space: crate::ir::CapacitySpace::Value,
769 +             space: CapacitySpace::Value,
    |

warning: unnecessary qualification
   --> crates/semantic/src/ir/semantic/builder.rs:788:24
    |
788 |                 space: crate::ir::CapacitySpace::Value,
    |                        ^^^^^^^^^^^^^^^^^^^^^^^^^^^^^^^
    |
help: remove the unnecessary path segments
    |
788 -                 space: crate::ir::CapacitySpace::Value,
788 +                 space: CapacitySpace::Value,
    |

warning: unnecessary qualification
   --> crates/semantic/src/ir/semantic/builder.rs:815:20
    |
815 |             space: crate::ir::CapacitySpace::Value,
    |                    ^^^^^^^^^^^^^^^^^^^^^^^^^^^^^^^
    |
help: remove the unnecessary path segments
    |
815 -             space: crate::ir::CapacitySpace::Value,
815 +             space: CapacitySpace::Value,
    |

warning: unnecessary qualification
   --> crates/semantic/src/ir/semantic/builder.rs:819:20
    |
819 |             space: crate::ir::CapacitySpace::Value,
    |                    ^^^^^^^^^^^^^^^^^^^^^^^^^^^^^^^
    |
help: remove the unnecessary path segments
    |
819 -             space: crate::ir::CapacitySpace::Value,
819 +             space: CapacitySpace::Value,
    |

warning: unnecessary qualification
   --> crates/semantic/src/ir/semantic/builder.rs:849:20
    |
849 |             space: crate::ir::CapacitySpace::Value,
    |                    ^^^^^^^^^^^^^^^^^^^^^^^^^^^^^^^
    |
help: remove the unnecessary path segments
    |
849 -             space: crate::ir::CapacitySpace::Value,
849 +             space: CapacitySpace::Value,
    |

warning: unnecessary qualification
   --> crates/semantic/src/ir/semantic/builder.rs:853:20
    |
853 |             space: crate::ir::CapacitySpace::Value,
    |                    ^^^^^^^^^^^^^^^^^^^^^^^^^^^^^^^
    |
help: remove the unnecessary path segments
    |
853 -             space: crate::ir::CapacitySpace::Value,
853 +             space: CapacitySpace::Value,
    |

warning: unused import: `TypeListId`
 --> crates/semantic/src/ir/semantic/columns.rs:7:87
  |
7 | use super::ids::{AtomListId, DocId, EntityListId, ItemKind, LinkId, LinkOccurrenceId, TypeListId};
  |                                                                                       ^^^^^^^^^^

warning: unused import: `TypeInterner`
  --> crates/semantic/src/ir/semantic/columns.rs:15:62
   |
15 |     FreePredicate, ObjectMember, TemplatePart, TupleElement, TypeInterner, TypeParameter,
   |                                                              ^^^^^^^^^^^^

warning: unused imports: `AnnotationKind`, `AtomTable`, `AuthorityColumns`, `AuthorityFactFault`, `AuthorityFactPlane`, `ChannelDirection`, `DeclarationFamilyId`, `DeclarationIdentity`, `DeclarationKey`, `EntityAuthorityFacts`, `ExternalDeclarationIdentity`, `ExternalEntityRef`, `FactAvailability`, `HashIndex`, `ImageProvenanceClaim`, `ListId`, `ListInterner`, `ListTable`, `OccurrenceAuthorityColumn`, `OccurrenceAuthorityFacts`, `PackageLineage`, `ParentageAuthority`, `PreimageOverflow`, `SemanticScopeClaim`, `SemanticScopeFacts`, `SourceIdentity`, `StableRef`, `TextId`, `VariantFingerprint`, and `hash`
  --> crates/semantic/src/ir/semantic/columns.rs:25:5
   |
25 |     AnnotationKind, AtomId, AtomInterner, AtomTable, AtomTableView, AuthorityFactFault,
   |     ^^^^^^^^^^^^^^                        ^^^^^^^^^                 ^^^^^^^^^^^^^^^^^^
26 |     AuthorityFactPlane, CapacityError, ChannelDirection, DeclarationFamilyId, DeclarationIdentity,
   |     ^^^^^^^^^^^^^^^^^^                 ^^^^^^^^^^^^^^^^  ^^^^^^^^^^^^^^^^^^^  ^^^^^^^^^^^^^^^^^^^
27 |     DeclarationKey, DenseId, EntityAuthorityColumns, EntityAuthorityFacts, EntityId,
   |     ^^^^^^^^^^^^^^                                   ^^^^^^^^^^^^^^^^^^^^
28 |     ExternalDeclarationIdentity, ExternalEntityRef, FactAvailability, ImageProvenance,
   |     ^^^^^^^^^^^^^^^^^^^^^^^^^^^  ^^^^^^^^^^^^^^^^^  ^^^^^^^^^^^^^^^^
29 |     ImageProvenanceClaim, Interner, ListId, ListInterner, ListTable, ListTableView,
   |     ^^^^^^^^^^^^^^^^^^^^            ^^^^^^  ^^^^^^^^^^^^  ^^^^^^^^^
30 |     OccurrenceAuthorityColumns, OccurrenceAuthorityFacts, PackageLineage, ParentageAuthority,
   |                                 ^^^^^^^^^^^^^^^^^^^^^^^^  ^^^^^^^^^^^^^^  ^^^^^^^^^^^^^^^^^^
31 |     PreimageOverflow, SemanticScopeClaim, SemanticScopeFacts, SourceIdentity, StableRef, TextId,
   |     ^^^^^^^^^^^^^^^^  ^^^^^^^^^^^^^^^^^^  ^^^^^^^^^^^^^^^^^^  ^^^^^^^^^^^^^^  ^^^^^^^^^  ^^^^^^
32 |     Type, TypeId, VariantFingerprint,
   |                   ^^^^^^^^^^^^^^^^^^
33 |     authority::{AuthorityColumns, OccurrenceAuthorityColumn},
   |                 ^^^^^^^^^^^^^^^^  ^^^^^^^^^^^^^^^^^^^^^^^^^
34 |     columnar::{RawColumn, Slab, SlabPlan},
35 |     interner::{HashIndex, hash},
   |                ^^^^^^^^^  ^^^^

warning: unused import: `ConcreteType`
 --> crates/semantic/src/ir/semantic/error.rs:4:26
  |
4 |     CallableElementRole, ConcreteType, TupleElementKind, TypeParameterRequirements,
  |                          ^^^^^^^^^^^^

warning: unused imports: `ExternalTarget`, `LinkTarget`, and `SourceSpan`
 --> crates/semantic/src/ir/semantic/error.rs:6:24
  |
6 | use super::relations::{ExternalTarget, LinkTarget, SourceSpan};
  |                        ^^^^^^^^^^^^^^  ^^^^^^^^^^  ^^^^^^^^^^

warning: unused imports: `AtomId`, `DenseId`, and `TextId`
  --> crates/semantic/src/ir/semantic/error.rs:8:5
   |
 8 |     AtomId, AuthorityFactFault, CapacityError, DeclarationIdentity, DenseId, EntityId,
   |     ^^^^^^                                                          ^^^^^^^
 9 |     ImageProvenanceClaim, PreimageOverflow, ProductChildRole, SignatureCarrierBindingRole,
10 |     SourceIdentity, TextId, TypeId, VariantFingerprint,
   |                     ^^^^^^

warning: unnecessary qualification
   --> crates/semantic/src/ir/semantic/error.rs:234:16
    |
234 |         cause: crate::ir::PreimageOverflow,
    |                ^^^^^^^^^^^^^^^^^^^^^^^^^^^
    |
help: remove the unnecessary path segments
    |
234 -         cause: crate::ir::PreimageOverflow,
234 +         cause: PreimageOverflow,
    |

warning: unnecessary qualification
   --> crates/semantic/src/ir/semantic/error.rs:241:16
    |
241 |         cause: crate::ir::PreimageOverflow,
    |                ^^^^^^^^^^^^^^^^^^^^^^^^^^^
    |
help: remove the unnecessary path segments
    |
241 -         cause: crate::ir::PreimageOverflow,
241 +         cause: PreimageOverflow,
    |

warning: unused imports: `LanguageExtensionColumnView`, `LinkOccurrenceColumns`, and `SparseColumnView`
  --> crates/semantic/src/ir/semantic/image.rs:8:58
   |
 8 |     EntityColumns, GraphColumns, IrIndices, ItemColumns, LanguageExtensionColumnView,
   |                                                          ^^^^^^^^^^^^^^^^^^^^^^^^^^^
 9 |     LanguageExtensions, LanguageExtensionsView, LinkOccurrenceColumns, PackedLinkOccurrences,
   |                                                 ^^^^^^^^^^^^^^^^^^^^^
10 |     PackedLinks, SourceColumns, SourceColumnsView, SparseColumnView, StorageColumns, VcsColumns,
   |                                                    ^^^^^^^^^^^^^^^^

warning: unused import: `super::error::BuildError`
  --> crates/semantic/src/ir/semantic/image.rs:12:5
   |
12 | use super::error::BuildError;
   |     ^^^^^^^^^^^^^^^^^^^^^^^^

warning: unused imports: `ComputedType` and `ConcreteType`
  --> crates/semantic/src/ir/semantic/image.rs:20:5
   |
20 |     ComputedType, ConcreteType, FreePredicate, ObjectMember, PackedTypes, TemplatePart,
   |     ^^^^^^^^^^^^  ^^^^^^^^^^^^

warning: unused imports: `Confidence`, `LinkKind`, and `LinkTarget`
  --> crates/semantic/src/ir/semantic/image.rs:24:5
   |
24 |     Confidence, DocFragment, EntityVersion, ExternalTarget, Link, LinkKind, LinkOccurrence,
   |     ^^^^^^^^^^                                                    ^^^^^^^^
25 |     LinkTarget, SourceSpan,
   |     ^^^^^^^^^^

warning: unused imports: `TypeColumns` and `UnknownType`
  --> crates/semantic/src/ir/semantic/image.rs:27:25
   |
27 | use super::type_model::{TypeColumns, TypeExpr, TypeState, TypedTypeId, UnknownType, Visibility};
   |                         ^^^^^^^^^^^                                    ^^^^^^^^^^^

warning: unused imports: `AnnotationKind`, `AtomInterner`, `AtomTableView`, `AuthorityFactFault`, `AuthorityFactPlane`, `CapacityError`, `ChannelDirection`, `DeclarationKey`, `DenseId`, `EntityAuthorityFacts`, `ExternalDeclarationIdentity`, `ExternalEntityRef`, `FactAvailability`, `HashIndex`, `ImageProvenanceClaim`, `Interner`, `ListId`, `ListInterner`, `ListTableView`, `OccurrenceAuthorityFacts`, `PackageLineage`, `ParentageAuthority`, `PreimageOverflow`, `RawColumn`, `SemanticScopeClaim`, `SemanticScopeFacts`, `SlabPlan`, `Slab`, `SourceIdentity`, `StableRef`, `Type`, `VariantFingerprint`, and `hash`
  --> crates/semantic/src/ir/semantic/image.rs:29:5
   |
29 |     AnnotationKind, AtomId, AtomInterner, AtomTable, AtomTableView, AuthorityFactFault,
   |     ^^^^^^^^^^^^^^          ^^^^^^^^^^^^             ^^^^^^^^^^^^^  ^^^^^^^^^^^^^^^^^^
30 |     AuthorityFactPlane, CapacityError, ChannelDirection, DeclarationFamilyId, DeclarationIdentity,
   |     ^^^^^^^^^^^^^^^^^^  ^^^^^^^^^^^^^  ^^^^^^^^^^^^^^^^
31 |     DeclarationKey, DenseId, EntityAuthorityColumns, EntityAuthorityFacts, EntityId,
   |     ^^^^^^^^^^^^^^  ^^^^^^^                          ^^^^^^^^^^^^^^^^^^^^
32 |     ExternalDeclarationIdentity, ExternalEntityRef, FactAvailability, ImageProvenance,
   |     ^^^^^^^^^^^^^^^^^^^^^^^^^^^  ^^^^^^^^^^^^^^^^^  ^^^^^^^^^^^^^^^^
33 |     ImageProvenanceClaim, Interner, ListId, ListInterner, ListTable, ListTableView,
   |     ^^^^^^^^^^^^^^^^^^^^  ^^^^^^^^  ^^^^^^  ^^^^^^^^^^^^             ^^^^^^^^^^^^^
34 |     OccurrenceAuthorityColumns, OccurrenceAuthorityFacts, PackageLineage, ParentageAuthority,
   |                                 ^^^^^^^^^^^^^^^^^^^^^^^^  ^^^^^^^^^^^^^^  ^^^^^^^^^^^^^^^^^^
35 |     PreimageOverflow, SemanticScopeClaim, SemanticScopeFacts, SourceIdentity, StableRef, TextId,
   |     ^^^^^^^^^^^^^^^^  ^^^^^^^^^^^^^^^^^^  ^^^^^^^^^^^^^^^^^^  ^^^^^^^^^^^^^^  ^^^^^^^^^
36 |     Type, TypeId, VariantFingerprint,
   |     ^^^^          ^^^^^^^^^^^^^^^^^^
37 |     authority::{AuthorityColumns, OccurrenceAuthorityColumn},
38 |     columnar::{RawColumn, Slab, SlabPlan},
   |                ^^^^^^^^^  ^^^^  ^^^^^^^^
39 |     interner::{HashIndex, hash},
   |                ^^^^^^^^^  ^^^^

warning: unused import: `core::fmt`
  --> crates/semantic/src/ir/semantic/image.rs:41:5
   |
41 | use core::fmt;
   |     ^^^^^^^^^

warning: unnecessary qualification
  --> crates/semantic/src/ir/semantic/image.rs:87:17
   |
87 |         entity: crate::ir::EntityId,
   |                 ^^^^^^^^^^^^^^^^^^^
   |
help: remove the unnecessary path segments
   |
87 -         entity: crate::ir::EntityId,
87 +         entity: EntityId,
   |

warning: unnecessary qualification
   --> crates/semantic/src/ir/semantic/image.rs:116:16
    |
116 |         owner: crate::ir::EntityId,
    |                ^^^^^^^^^^^^^^^^^^^
    |
help: remove the unnecessary path segments
    |
116 -         owner: crate::ir::EntityId,
116 +         owner: EntityId,
    |

warning: unnecessary qualification
   --> crates/semantic/src/ir/semantic/image.rs:119:21
    |
119 |         if *kind != super::ids::ItemKind::Function {
    |                     ^^^^^^^^^^^^^^^^^^^^^^^^^^^^^^
    |
help: remove the unnecessary path segments
    |
119 -         if *kind != super::ids::ItemKind::Function {
119 +         if *kind != ItemKind::Function {
    |

warning: unused import: `super::packed_types::TypeParameter`
 --> crates/semantic/src/ir/semantic/language_facts.rs:2:5
  |
2 | use super::packed_types::TypeParameter;
  |     ^^^^^^^^^^^^^^^^^^^^^^^^^^^^^^^^^^

warning: unused import: `AtomId`
 --> crates/semantic/src/ir/semantic/language_facts.rs:4:17
  |
4 | use crate::ir::{AtomId, TypeId};
  |                 ^^^^^^

warning: unused imports: `EntityListId`, `FreePredicateListId`, and `TypeParameterListId`
 --> crates/semantic/src/ir/semantic/packed_types.rs:2:17
  |
2 |     AtomListId, EntityListId, ExternalId, FreePredicateListId, ObjectMemberListId,
  |                 ^^^^^^^^^^^^              ^^^^^^^^^^^^^^^^^^^
3 |     TemplatePartListId, TupleElementListId, TypeListId, TypeParameterBoundListId,
4 |     TypeParameterListId,
  |     ^^^^^^^^^^^^^^^^^^^

warning: unused imports: `ComputedState`, `ConcreteState`, `GuardedType`, `TypedTypeId`, and `UnknownState`
 --> crates/semantic/src/ir/semantic/packed_types.rs:7:18
  |
7 |     BuiltinType, ComputedState, ConcreteState, CxxReferenceCategory, GuardedType, Mutability,
  |                  ^^^^^^^^^^^^^  ^^^^^^^^^^^^^                        ^^^^^^^^^^^
8 |     NativeCharacterRole, TypeColumns, TypeExpr, TypeHeader, TypePairPayload, TypeQuadPayload,
9 |     TypeState, TypeTag, TypeTriplePayload, TypedTypeId, UnknownReason, UnknownState, UnknownType,
  |                                            ^^^^^^^^^^^                 ^^^^^^^^^^^^

warning: unused imports: `CvQualifiers` and `VariantFingerprint`
  --> crates/semantic/src/ir/semantic/packed_types.rs:12:62
   |
12 |     AnnotationKind, AtomId, CapacityError, ChannelDirection, CvQualifiers, DenseId, EntityId,
   |                                                              ^^^^^^^^^^^^
13 |     TypeId, VariantFingerprint,
   |             ^^^^^^^^^^^^^^^^^^

warning: unused import: `fmt`
  --> crates/semantic/src/ir/semantic/packed_types.rs:17:12
   |
17 | use core::{fmt, hash::Hash, num::NonZeroU16};
   |            ^^^

warning: unused import: `DenseId`
 --> crates/semantic/src/ir/semantic/relations.rs:5:69
  |
5 |     AtomId, AtomInterner, DeclarationFamilyId, DeclarationIdentity, DenseId, EntityId,
  |                                                                     ^^^^^^^

warning: unused import: `backend_version::ContentId`
 --> crates/semantic/src/ir/semantic/relations.rs:8:5
  |
8 | use backend_version::ContentId;
  |     ^^^^^^^^^^^^^^^^^^^^^^^^^^

warning: unused import: `core::fmt`
 --> crates/semantic/src/ir/semantic/relations.rs:9:5
  |
9 | use core::fmt;
  |     ^^^^^^^^^

warning: unnecessary qualification
   --> crates/semantic/src/ir/semantic/relations.rs:179:30
    |
179 |     pub const BYTES: usize = core::mem::size_of::<Self>();
    |                              ^^^^^^^^^^^^^^^^^^^^^^^^^^
    |
help: remove the unnecessary path segments
    |
179 -     pub const BYTES: usize = core::mem::size_of::<Self>();
179 +     pub const BYTES: usize = size_of::<Self>();
    |

warning: unused import: `super::error::EntityRange`
 --> crates/semantic/src/ir/semantic/tree.rs:1:5
  |
1 | use super::error::EntityRange;
  |     ^^^^^^^^^^^^^^^^^^^^^^^^^

warning: unused import: `EntityId`
 --> crates/semantic/src/ir/semantic/tree.rs:6:39
  |
6 | use crate::ir::{EntityAuthorityFacts, EntityId, OccurrenceAuthorityFacts, TypeId};
  |                                       ^^^^^^^^

warning: unused import: `DenseId`
 --> crates/semantic/src/ir/semantic/type_model.rs:2:25
  |
2 | use crate::ir::{AtomId, DenseId, TypeId};
  |                         ^^^^^^^

warning: unused imports: `VerifiedTypedPlaneSegmentV2` and `verify_semantic_typed_plane_inventory_v2`
  --> crates/semantic/src/ir/semantic_generation.rs:19:36
   |
19 |     VerifiedTypedPlaneInventoryV2, VerifiedTypedPlaneSegmentV2,
   |                                    ^^^^^^^^^^^^^^^^^^^^^^^^^^^
20 |     verify_semantic_typed_plane_history_v3_with_segment_source,
21 |     verify_semantic_typed_plane_inventory_v2,
   |     ^^^^^^^^^^^^^^^^^^^^^^^^^^^^^^^^^^^^^^^^

warning: unnecessary qualification
   --> crates/semantic/src/ir/semantic_generation.rs:877:22
    |
877 |         .checked_mul(core::mem::size_of::<TypedPlaneSegmentPayloadV2<'static>>())
    |                      ^^^^^^^^^^^^^^^^^^^^^^^^^^^^^^^^^^^^^^^^^^^^^^^^^^^^^^^^^
    |
help: remove the unnecessary path segments
    |
877 -         .checked_mul(core::mem::size_of::<TypedPlaneSegmentPayloadV2<'static>>())
877 +         .checked_mul(size_of::<TypedPlaneSegmentPayloadV2<'static>>())
    |

warning: unnecessary qualification
   --> crates/semantic/src/ir/semantic_generation.rs:881:13
    |
881 |             core::mem::size_of::<TypedPlaneFamilyPayloadsV2<'static>>()
    |             ^^^^^^^^^^^^^^^^^^^^^^^^^^^^^^^^^^^^^^^^^^^^^^^^^^^^^^^^^
    |
help: remove the unnecessary path segments
    |
881 -             core::mem::size_of::<TypedPlaneFamilyPayloadsV2<'static>>()
881 +             size_of::<TypedPlaneFamilyPayloadsV2<'static>>()
    |

warning: unnecessary qualification
   --> crates/semantic/src/ir/semantic_generation.rs:882:19
    |
882 |                 + core::mem::size_of::<Vec<TypedPlaneSegmentPayloadV2<'static>>>(),
    |                   ^^^^^^^^^^^^^^^^^^^^^^^^^^^^^^^^^^^^^^^^^^^^^^^^^^^^^^^^^^^^^^
    |
help: remove the unnecessary path segments
    |
882 -                 + core::mem::size_of::<Vec<TypedPlaneSegmentPayloadV2<'static>>>(),
882 +                 + size_of::<Vec<TypedPlaneSegmentPayloadV2<'static>>>(),
    |

warning: unnecessary qualification
  --> crates/semantic/src/ir/semantic_image/full_wire/validate.rs:94:5
   |
94 |     super::typed_decode::validate_semantic_nodes(bytes, layout, typed)?;
   |     ^^^^^^^^^^^^^^^^^^^^^^^^^^^^^^^^^^^^^^^^^^^^
   |
help: remove the unnecessary path segments
   |
94 -     super::typed_decode::validate_semantic_nodes(bytes, layout, typed)?;
94 +     typed_decode::validate_semantic_nodes(bytes, layout, typed)?;
   |

warning: unnecessary qualification
   --> crates/semantic/src/ir/semantic_image/full_wire/validate.rs:844:13
    |
844 |             super::typed_decode::list_count(bytes, layout, typed, 5, entity.attributes.raw)?;
    |             ^^^^^^^^^^^^^^^^^^^^^^^^^^^^^^^
    |
help: remove the unnecessary path segments
    |
844 -             super::typed_decode::list_count(bytes, layout, typed, 5, entity.attributes.raw)?;
844 +             typed_decode::list_count(bytes, layout, typed, 5, entity.attributes.raw)?;
    |

warning: unnecessary qualification
   --> crates/semantic/src/ir/semantic_image/full_wire/view.rs:936:9
    |
936 |         super::FullSemanticImageField::EntityLists,
    |         ^^^^^^^^^^^^^^^^^^^^^^^^^^^^^^^^^^^^^^^^^^
    |
help: remove the unnecessary path segments
    |
936 -         super::FullSemanticImageField::EntityLists,
936 +         FullSemanticImageField::EntityLists,
    |

warning: unnecessary qualification
   --> crates/semantic/src/ir/semantic_image/full_wire/view.rs:959:9
    |
959 |         super::FullSemanticImageField::Documentation,
    |         ^^^^^^^^^^^^^^^^^^^^^^^^^^^^^^^^^^^^^^^^^^^^
    |
help: remove the unnecessary path segments
    |
959 -         super::FullSemanticImageField::Documentation,
959 +         FullSemanticImageField::Documentation,
    |

warning: unnecessary qualification
   --> crates/semantic/src/ir/semantic_image/full_wire/view.rs:983:9
    |
983 |         super::FullSemanticImageField::EntityLists,
    |         ^^^^^^^^^^^^^^^^^^^^^^^^^^^^^^^^^^^^^^^^^^
    |
help: remove the unnecessary path segments
    |
983 -         super::FullSemanticImageField::EntityLists,
983 +         FullSemanticImageField::EntityLists,
    |

warning: unnecessary qualification
   --> crates/semantic/src/ir/semantic_image/full_wire/view.rs:987:20
    |
987 |             field: super::FullSemanticImageField::EntityLists,
    |                    ^^^^^^^^^^^^^^^^^^^^^^^^^^^^^^^^^^^^^^^^^^
    |
help: remove the unnecessary path segments
    |
987 -             field: super::FullSemanticImageField::EntityLists,
987 +             field: FullSemanticImageField::EntityLists,
    |

warning: unnecessary qualification
   --> crates/semantic/src/ir/semantic_image/full_wire/view.rs:992:20
    |
992 |             field: super::FullSemanticImageField::EntityLists,
    |                    ^^^^^^^^^^^^^^^^^^^^^^^^^^^^^^^^^^^^^^^^^^
    |
help: remove the unnecessary path segments
    |
992 -             field: super::FullSemanticImageField::EntityLists,
992 +             field: FullSemanticImageField::EntityLists,
    |

warning: unnecessary qualification
   --> crates/semantic/src/ir/semantic_image/full_wire/view.rs:996:20
    |
996 |             field: super::FullSemanticImageField::EntityLists,
    |                    ^^^^^^^^^^^^^^^^^^^^^^^^^^^^^^^^^^^^^^^^^^
    |
help: remove the unnecessary path segments
    |
996 -             field: super::FullSemanticImageField::EntityLists,
996 +             field: FullSemanticImageField::EntityLists,
    |

warning: unnecessary qualification
    --> crates/semantic/src/ir/semantic_image/full_wire/view.rs:1123:20
     |
1123 |             field: super::FullSemanticImageField::ExtensionBindings,
     |                    ^^^^^^^^^^^^^^^^^^^^^^^^^^^^^^^^^^^^^^^^^^^^^^^^
     |
help: remove the unnecessary path segments
     |
1123 -             field: super::FullSemanticImageField::ExtensionBindings,
1123 +             field: FullSemanticImageField::ExtensionBindings,
     |

warning: unnecessary qualification
    --> crates/semantic/src/ir/semantic_image/full_wire/view.rs:1134:28
     |
1134 |                     field: super::FullSemanticImageField::ExtensionBindings,
     |                            ^^^^^^^^^^^^^^^^^^^^^^^^^^^^^^^^^^^^^^^^^^^^^^^^
     |
help: remove the unnecessary path segments
     |
1134 -                     field: super::FullSemanticImageField::ExtensionBindings,
1134 +                     field: FullSemanticImageField::ExtensionBindings,
     |

warning: unnecessary qualification
    --> crates/semantic/src/ir/semantic_image/full_wire/view.rs:1138:28
     |
1138 |                     field: super::FullSemanticImageField::ExtensionBindings,
     |                            ^^^^^^^^^^^^^^^^^^^^^^^^^^^^^^^^^^^^^^^^^^^^^^^^
     |
help: remove the unnecessary path segments
     |
1138 -                     field: super::FullSemanticImageField::ExtensionBindings,
1138 +                     field: FullSemanticImageField::ExtensionBindings,
     |

warning: unnecessary qualification
    --> crates/semantic/src/ir/semantic_image/full_wire/view.rs:1142:20
     |
1142 |             field: super::FullSemanticImageField::ExtensionBindings,
     |                    ^^^^^^^^^^^^^^^^^^^^^^^^^^^^^^^^^^^^^^^^^^^^^^^^
     |
help: remove the unnecessary path segments
     |
1142 -             field: super::FullSemanticImageField::ExtensionBindings,
1142 +             field: FullSemanticImageField::ExtensionBindings,
     |

warning: unnecessary qualification
    --> crates/semantic/src/ir/semantic_image/full_wire/view.rs:1148:13
     |
1148 |             super::FullSemanticImageField::ExtensionBindings,
     |             ^^^^^^^^^^^^^^^^^^^^^^^^^^^^^^^^^^^^^^^^^^^^^^^^
     |
help: remove the unnecessary path segments
     |
1148 -             super::FullSemanticImageField::ExtensionBindings,
1148 +             FullSemanticImageField::ExtensionBindings,
     |

warning: unnecessary qualification
    --> crates/semantic/src/ir/semantic_image/full_wire/view.rs:1153:13
     |
1153 |             super::FullSemanticImageField::ExtensionBindings,
     |             ^^^^^^^^^^^^^^^^^^^^^^^^^^^^^^^^^^^^^^^^^^^^^^^^
     |
help: remove the unnecessary path segments
     |
1153 -             super::FullSemanticImageField::ExtensionBindings,
1153 +             FullSemanticImageField::ExtensionBindings,
     |

warning: unnecessary qualification
  --> crates/semantic/src/ir/semantic_image/typed/mod.rs:31:29
   |
31 |         self.canonical_node(model::TypedPlanNode::Type(id))
   |                             ^^^^^^^^^^^^^^^^^^^^^^^^^^
   |
help: remove the unnecessary path segments
   |
31 -         self.canonical_node(model::TypedPlanNode::Type(id))
31 +         self.canonical_node(TypedPlanNode::Type(id))
   |

warning: unnecessary qualification
  --> crates/semantic/src/ir/semantic_image/typed/mod.rs:38:29
   |
38 |         self.canonical_node(model::TypedPlanNode::AtomList(id))
   |                             ^^^^^^^^^^^^^^^^^^^^^^^^^^^^^^
   |
help: remove the unnecessary path segments
   |
38 -         self.canonical_node(model::TypedPlanNode::AtomList(id))
38 +         self.canonical_node(TypedPlanNode::AtomList(id))
   |

warning: unnecessary qualification
  --> crates/semantic/src/ir/semantic_image/typed/mod.rs:45:29
   |
45 |         self.canonical_node(model::TypedPlanNode::TypeList(id))
   |                             ^^^^^^^^^^^^^^^^^^^^^^^^^^^^^^
   |
help: remove the unnecessary path segments
   |
45 -         self.canonical_node(model::TypedPlanNode::TypeList(id))
45 +         self.canonical_node(TypedPlanNode::TypeList(id))
   |

warning: unnecessary qualification
  --> crates/semantic/src/ir/semantic_image/typed/mod.rs:52:29
   |
52 |         self.canonical_node(model::TypedPlanNode::TypeParameters(id))
   |                             ^^^^^^^^^^^^^^^^^^^^^^^^^^^^^^^^^^^^
   |
help: remove the unnecessary path segments
   |
52 -         self.canonical_node(model::TypedPlanNode::TypeParameters(id))
52 +         self.canonical_node(TypedPlanNode::TypeParameters(id))
   |

warning: unnecessary qualification
  --> crates/semantic/src/ir/semantic_image/typed/mod.rs:59:29
   |
59 |         self.canonical_node(model::TypedPlanNode::FreePredicates(id))
   |                             ^^^^^^^^^^^^^^^^^^^^^^^^^^^^^^^^^^^^
   |
help: remove the unnecessary path segments
   |
59 -         self.canonical_node(model::TypedPlanNode::FreePredicates(id))
59 +         self.canonical_node(TypedPlanNode::FreePredicates(id))
   |

warning: unnecessary qualification
  --> crates/semantic/src/ir/semantic_image/typed/mod.rs:66:36
   |
66 |     fn canonical_node(&self, node: model::TypedPlanNode) -> Result<u32, TypedPlanError> {
   |                                    ^^^^^^^^^^^^^^^^^^^^
   |
help: remove the unnecessary path segments
   |
66 -     fn canonical_node(&self, node: model::TypedPlanNode) -> Result<u32, TypedPlanError> {
66 +     fn canonical_node(&self, node: TypedPlanNode) -> Result<u32, TypedPlanError> {
   |

warning: unnecessary qualification
  --> crates/semantic/src/ir/semantic_image/typed/mod.rs:72:20
   |
72 |             .ok_or(model::TypedPlanFault::MissingNode {
   |                    ^^^^^^^^^^^^^^^^^^^^^^^^^^^^^^^^^^
   |
help: remove the unnecessary path segments
   |
72 -             .ok_or(model::TypedPlanFault::MissingNode {
72 +             .ok_or(TypedPlanFault::MissingNode {
   |

warning: unnecessary qualification
   --> crates/semantic/src/ir/semantic_render/display.rs:959:31
    |
959 | const fn link_kind_name(kind: crate::ir::LinkKind) -> &'static str {
    |                               ^^^^^^^^^^^^^^^^^^^
    |
help: remove the unnecessary path segments
    |
959 - const fn link_kind_name(kind: crate::ir::LinkKind) -> &'static str {
959 + const fn link_kind_name(kind: LinkKind) -> &'static str {
    |

warning: unnecessary qualification
   --> crates/semantic/src/ir/semantic_render/display.rs:961:9
    |
961 |         crate::ir::LinkKind::Calls => "calls",
    |         ^^^^^^^^^^^^^^^^^^^^^^^^^^
    |
help: remove the unnecessary path segments
    |
961 -         crate::ir::LinkKind::Calls => "calls",
961 +         LinkKind::Calls => "calls",
    |

warning: unnecessary qualification
   --> crates/semantic/src/ir/semantic_render/display.rs:962:9
    |
962 |         crate::ir::LinkKind::MethodCall => "method-call",
    |         ^^^^^^^^^^^^^^^^^^^^^^^^^^^^^^^
    |
help: remove the unnecessary path segments
    |
962 -         crate::ir::LinkKind::MethodCall => "method-call",
962 +         LinkKind::MethodCall => "method-call",
    |

warning: unnecessary qualification
   --> crates/semantic/src/ir/semantic_render/display.rs:963:9
    |
963 |         crate::ir::LinkKind::TypeReference => "type-reference",
    |         ^^^^^^^^^^^^^^^^^^^^^^^^^^^^^^^^^^
    |
help: remove the unnecessary path segments
    |
963 -         crate::ir::LinkKind::TypeReference => "type-reference",
963 +         LinkKind::TypeReference => "type-reference",
    |

warning: unnecessary qualification
   --> crates/semantic/src/ir/semantic_render/display.rs:964:9
    |
964 |         crate::ir::LinkKind::Reads => "reads",
    |         ^^^^^^^^^^^^^^^^^^^^^^^^^^
    |
help: remove the unnecessary path segments
    |
964 -         crate::ir::LinkKind::Reads => "reads",
964 +         LinkKind::Reads => "reads",
    |

warning: unnecessary qualification
   --> crates/semantic/src/ir/semantic_render/display.rs:965:9
    |
965 |         crate::ir::LinkKind::Writes => "writes",
    |         ^^^^^^^^^^^^^^^^^^^^^^^^^^^
    |
help: remove the unnecessary path segments
    |
965 -         crate::ir::LinkKind::Writes => "writes",
965 +         LinkKind::Writes => "writes",
    |

warning: unnecessary qualification
   --> crates/semantic/src/ir/semantic_render/display.rs:966:9
    |
966 |         crate::ir::LinkKind::Imports => "imports",
    |         ^^^^^^^^^^^^^^^^^^^^^^^^^^^^
    |
help: remove the unnecessary path segments
    |
966 -         crate::ir::LinkKind::Imports => "imports",
966 +         LinkKind::Imports => "imports",
    |

warning: unnecessary qualification
   --> crates/semantic/src/ir/semantic_render/display.rs:967:9
    |
967 |         crate::ir::LinkKind::Implements => "implements",
    |         ^^^^^^^^^^^^^^^^^^^^^^^^^^^^^^^
    |
help: remove the unnecessary path segments
    |
967 -         crate::ir::LinkKind::Implements => "implements",
967 +         LinkKind::Implements => "implements",
    |

warning: unnecessary qualification
   --> crates/semantic/src/ir/semantic_render/display.rs:968:9
    |
968 |         crate::ir::LinkKind::Overrides => "overrides",
    |         ^^^^^^^^^^^^^^^^^^^^^^^^^^^^^^
    |
help: remove the unnecessary path segments
    |
968 -         crate::ir::LinkKind::Overrides => "overrides",
968 +         LinkKind::Overrides => "overrides",
    |

warning: unnecessary qualification
   --> crates/semantic/src/ir/semantic_render/display.rs:969:9
    |
969 |         crate::ir::LinkKind::Reexports => "reexports",
    |         ^^^^^^^^^^^^^^^^^^^^^^^^^^^^^^
    |
help: remove the unnecessary path segments
    |
969 -         crate::ir::LinkKind::Reexports => "reexports",
969 +         LinkKind::Reexports => "reexports",
    |

warning: unnecessary qualification
   --> crates/semantic/src/ir/semantic_render/display.rs:970:9
    |
970 |         crate::ir::LinkKind::Inherits => "inherits",
    |         ^^^^^^^^^^^^^^^^^^^^^^^^^^^^^
    |
help: remove the unnecessary path segments
    |
970 -         crate::ir::LinkKind::Inherits => "inherits",
970 +         LinkKind::Inherits => "inherits",
    |

warning: unnecessary qualification
   --> crates/semantic/src/ir/semantic_render/display.rs:971:9
    |
971 |         crate::ir::LinkKind::Documents => "documents",
    |         ^^^^^^^^^^^^^^^^^^^^^^^^^^^^^^
    |
help: remove the unnecessary path segments
    |
971 -         crate::ir::LinkKind::Documents => "documents",
971 +         LinkKind::Documents => "documents",
    |

warning: unnecessary qualification
   --> crates/semantic/src/ir/semantic_render.rs:321:35
    |
321 | const fn availability_name(value: crate::ir::FactAvailability) -> &'static str {
    |                                   ^^^^^^^^^^^^^^^^^^^^^^^^^^^
    |
help: remove the unnecessary path segments
    |
321 - const fn availability_name(value: crate::ir::FactAvailability) -> &'static str {
321 + const fn availability_name(value: FactAvailability) -> &'static str {
    |

warning: unnecessary qualification
   --> crates/semantic/src/ir/semantic_render.rs:323:9
    |
323 |         crate::ir::FactAvailability::Captured => "captured",
    |         ^^^^^^^^^^^^^^^^^^^^^^^^^^^^^^^^^^^^^
    |
help: remove the unnecessary path segments
    |
323 -         crate::ir::FactAvailability::Captured => "captured",
323 +         FactAvailability::Captured => "captured",
    |

warning: unnecessary qualification
   --> crates/semantic/src/ir/semantic_render.rs:324:9
    |
324 |         crate::ir::FactAvailability::Unavailable => "unavailable",
    |         ^^^^^^^^^^^^^^^^^^^^^^^^^^^^^^^^^^^^^^^^
    |
help: remove the unnecessary path segments
    |
324 -         crate::ir::FactAvailability::Unavailable => "unavailable",
324 +         FactAvailability::Unavailable => "unavailable",
    |

warning: unnecessary qualification
  --> crates/semantic/src/ir/typed_plane_manifest_v2.rs:33:43
   |
33 | const HEADER_BYTES: usize = MAGIC.len() + core::mem::size_of::<u16>();
   |                                           ^^^^^^^^^^^^^^^^^^^^^^^^^
   |
help: remove the unnecessary path segments
   |
33 - const HEADER_BYTES: usize = MAGIC.len() + core::mem::size_of::<u16>();
33 + const HEADER_BYTES: usize = MAGIC.len() + size_of::<u16>();
   |

warning: unnecessary qualification
   --> crates/semantic/src/ir/typed_plane_manifest_v2.rs:626:23
    |
626 |     let per_segment = core::mem::size_of::<SemanticTypedPlaneSegmentClaimV2>()
    |                       ^^^^^^^^^^^^^^^^^^^^^^^^^^^^^^^^^^^^^^^^^^^^^^^^^^^^^^
    |
help: remove the unnecessary path segments
    |
626 -     let per_segment = core::mem::size_of::<SemanticTypedPlaneSegmentClaimV2>()
626 +     let per_segment = size_of::<SemanticTypedPlaneSegmentClaimV2>()
    |

warning: unnecessary qualification
   --> crates/semantic/src/ir/typed_plane_manifest_v2.rs:628:45
    |
628 |         .and_then(|bytes| bytes.checked_add(core::mem::size_of::<[u8; 32]>()))
    |                                             ^^^^^^^^^^^^^^^^^^^^^^^^^^^^^^
    |
help: remove the unnecessary path segments
    |
628 -         .and_then(|bytes| bytes.checked_add(core::mem::size_of::<[u8; 32]>()))
628 +         .and_then(|bytes| bytes.checked_add(size_of::<[u8; 32]>()))
    |

warning: unnecessary qualification
   --> crates/semantic/src/ir/typed_plane_manifest_v2.rs:635:13
    |
635 |             core::mem::size_of::<SemanticTypedPlaneFamilyDescriptorV2>()
    |             ^^^^^^^^^^^^^^^^^^^^^^^^^^^^^^^^^^^^^^^^^^^^^^^^^^^^^^^^^^
    |
help: remove the unnecessary path segments
    |
635 -             core::mem::size_of::<SemanticTypedPlaneFamilyDescriptorV2>()
635 +             size_of::<SemanticTypedPlaneFamilyDescriptorV2>()
    |

warning: unnecessary qualification
   --> crates/semantic/src/ir/typed_plane_manifest_v2.rs:636:19
    |
636 |                 + core::mem::size_of::<Vec<SemanticTypedPlaneSegmentClaimV2>>(),
    |                   ^^^^^^^^^^^^^^^^^^^^^^^^^^^^^^^^^^^^^^^^^^^^^^^^^^^^^^^^^^^
    |
help: remove the unnecessary path segments
    |
636 -                 + core::mem::size_of::<Vec<SemanticTypedPlaneSegmentClaimV2>>(),
636 +                 + size_of::<Vec<SemanticTypedPlaneSegmentClaimV2>>(),
    |

warning: unnecessary qualification
   --> crates/semantic/src/ir/typed_plane_manifest_v3.rs:297:29
    |
297 |             .saturating_mul(std::mem::size_of::<(StableRowKey, SemanticRowPayloadClaimV3)>())
    |                             ^^^^^^^^^^^^^^^^^^^^^^^^^^^^^^^^^^^^^^^^^^^^^^^^^^^^^^^^^^^^^^
    |
help: remove the unnecessary path segments
    |
297 -             .saturating_mul(std::mem::size_of::<(StableRowKey, SemanticRowPayloadClaimV3)>())
297 +             .saturating_mul(size_of::<(StableRowKey, SemanticRowPayloadClaimV3)>())
    |

warning: unnecessary qualification
    --> crates/semantic/src/ir/typed_plane_manifest_v3.rs:1341:25
     |
1341 |         .saturating_mul(std::mem::size_of::<PendingDescriptorNodeV3>());
     |                         ^^^^^^^^^^^^^^^^^^^^^^^^^^^^^^^^^^^^^^^^^^^^
     |
help: remove the unnecessary path segments
     |
1341 -         .saturating_mul(std::mem::size_of::<PendingDescriptorNodeV3>());
1341 +         .saturating_mul(size_of::<PendingDescriptorNodeV3>());
     |

warning: unnecessary qualification
    --> crates/semantic/src/ir/typed_plane_manifest_v3.rs:1344:29
     |
1344 |             .saturating_mul(std::mem::size_of::<(StableRowKey, SemanticRowPayloadClaimV3)>()),
     |                             ^^^^^^^^^^^^^^^^^^^^^^^^^^^^^^^^^^^^^^^^^^^^^^^^^^^^^^^^^^^^^^
     |
help: remove the unnecessary path segments
     |
1344 -             .saturating_mul(std::mem::size_of::<(StableRowKey, SemanticRowPayloadClaimV3)>()),
1344 +             .saturating_mul(size_of::<(StableRowKey, SemanticRowPayloadClaimV3)>()),
     |

warning: unnecessary qualification
    --> crates/semantic/src/ir/typed_plane_manifest_v3.rs:1349:38
     |
1349 |           bytes = bytes.saturating_add(std::mem::size_of::<
     |  ______________________________________^
1350 | |             CheckedCanonicalRoot<SemanticTypedPlaneRowRelationV3>,
1351 | |         >());
     | |_________^
     |
help: remove the unnecessary path segments
     |
1349 -         bytes = bytes.saturating_add(std::mem::size_of::<
1349 +         bytes = bytes.saturating_add(size_of::<
     |

warning: unnecessary qualification
    --> crates/semantic/src/ir/typed_plane_manifest_v3.rs:1355:29
     |
1355 |             .saturating_mul(std::mem::size_of::<(StableRowKey, SemanticRowPayloadClaimV3)>()),
     |                             ^^^^^^^^^^^^^^^^^^^^^^^^^^^^^^^^^^^^^^^^^^^^^^^^^^^^^^^^^^^^^^
     |
help: remove the unnecessary path segments
     |
1355 -             .saturating_mul(std::mem::size_of::<(StableRowKey, SemanticRowPayloadClaimV3)>()),
1355 +             .saturating_mul(size_of::<(StableRowKey, SemanticRowPayloadClaimV3)>()),
     |

warning: unnecessary qualification
    --> crates/semantic/src/ir/typed_plane_manifest_v3.rs:1357:63
     |
1357 |       bytes.saturating_add(branch_child_capacity.saturating_mul(std::mem::size_of::<
     |  _______________________________________________________________^
1358 | |         backend_version::CommittedChild<SemanticTypedPlaneRowRelationV3>,
1359 | |     >()))
     | |_____^
     |
help: remove the unnecessary path segments
     |
1357 -     bytes.saturating_add(branch_child_capacity.saturating_mul(std::mem::size_of::<
1357 +     bytes.saturating_add(branch_child_capacity.saturating_mul(size_of::<
     |

warning: unnecessary qualification
    --> crates/semantic/src/ir/vcs.rs:2600:6
     |
2600 | impl core::iter::FusedIterator for StableLinks<'_> {}
     |      ^^^^^^^^^^^^^^^^^^^^^^^^^
     |
help: remove the unnecessary path segments
     |
2600 - impl core::iter::FusedIterator for StableLinks<'_> {}
2600 + impl FusedIterator for StableLinks<'_> {}
     |

warning: unused import: `AuthorityScopeClaim`
  --> crates/semantic/src/ir/versioned.rs:13:5
   |
13 |     AuthorityScopeClaim, Coverage, CoverageWitness, ObjectVersion, Schema, SchemaIdentity,
   |     ^^^^^^^^^^^^^^^^^^^

warning: unused imports: `validate_language_extension_family_v2_with_limits` and `validate_types_family_v2_with_limits`
  --> crates/semantic/src/ir/versioned_records/aggregate.rs:37:38
   |
37 |     TypesFamilyVerificationLimitsV2, validate_language_extension_family_v2_with_limits,
   |                                      ^^^^^^^^^^^^^^^^^^^^^^^^^^^^^^^^^^^^^^^^^^^^^^^^^
38 |     validate_types_family_v2_with_limits,
   |     ^^^^^^^^^^^^^^^^^^^^^^^^^^^^^^^^^^^^

warning: unnecessary qualification
   --> crates/semantic/src/ir/versioned_records/aggregate.rs:336:19
    |
336 |     SegmentSource(alloc::string::String),
    |                   ^^^^^^^^^^^^^^^^^^^^^
    |
help: remove the unnecessary path segments
    |
336 -     SegmentSource(alloc::string::String),
336 +     SegmentSource(String),
    |

warning: unused import: `put_text`
 --> crates/semantic/src/ir/versioned_records/declarations.rs:7:41
  |
7 |     Cursor, encode_identity, put_bytes, put_text, put_u32, read_checked_jumbo_descriptor,
  |                                         ^^^^^^^^

warning: unnecessary qualification
   --> crates/semantic/src/ir/versioned_records/source_provenance.rs:360:13
    |
360 |             crate::ir::JumboValueFamily::SourceProvenance,
    |             ^^^^^^^^^^^^^^^^^^^^^^^^^^^^^^^^^^^^^^^^^^^^^
    |
help: remove the unnecessary path segments
    |
360 -             crate::ir::JumboValueFamily::SourceProvenance,
360 +             JumboValueFamily::SourceProvenance,
    |

warning: unnecessary qualification
   --> crates/semantic/src/ir/versioned_records/source_provenance.rs:362:13
    |
362 |             crate::ir::JumboValueEncoding::Bytes,
    |             ^^^^^^^^^^^^^^^^^^^^^^^^^^^^^^^^^^^^
    |
help: remove the unnecessary path segments
    |
362 -             crate::ir::JumboValueEncoding::Bytes,
362 +             JumboValueEncoding::Bytes,
    |

warning: unnecessary qualification
   --> crates/semantic/src/ir/versioned_records/source_provenance.rs:424:9
    |
424 |         crate::ir::JumboValueFamily::SourceProvenance,
    |         ^^^^^^^^^^^^^^^^^^^^^^^^^^^^^^^^^^^^^^^^^^^^^
    |
help: remove the unnecessary path segments
    |
424 -         crate::ir::JumboValueFamily::SourceProvenance,
424 +         JumboValueFamily::SourceProvenance,
    |

warning: unnecessary qualification
   --> crates/semantic/src/ir/versioned_records/source_provenance.rs:426:9
    |
426 |         crate::ir::JumboValueEncoding::Bytes,
    |         ^^^^^^^^^^^^^^^^^^^^^^^^^^^^^^^^^^^^
    |
help: remove the unnecessary path segments
    |
426 -         crate::ir::JumboValueEncoding::Bytes,
426 +         JumboValueEncoding::Bytes,
    |

warning: unused import: `super::EXTERNAL_TARGET_TAG`
 --> crates/semantic/src/ir/versioned_records/types/catalog.rs:5:5
  |
5 | use super::EXTERNAL_TARGET_TAG;
  |     ^^^^^^^^^^^^^^^^^^^^^^^^^^

warning: unnecessary qualification
   --> crates/semantic/src/ir/versioned_records/types/catalog.rs:122:15
    |
122 |     row_keys: alloc::boxed::Box<[[u8; 32]]>,
    |               ^^^^^^^^^^^^^^^^^^^^^^^^^^^^^
    |
help: remove the unnecessary path segments
    |
122 -     row_keys: alloc::boxed::Box<[[u8; 32]]>,
122 +     row_keys: Box<[[u8; 32]]>,
    |

warning: unnecessary qualification
   --> crates/semantic/src/ir/versioned_records/types/catalog.rs:123:18
    |
123 |     row_domains: alloc::boxed::Box<[TypesRowDomainV2]>,
    |                  ^^^^^^^^^^^^^^^^^^^^^^^^^^^^^^^^^^^^^
    |
help: remove the unnecessary path segments
    |
123 -     row_domains: alloc::boxed::Box<[TypesRowDomainV2]>,
123 +     row_domains: Box<[TypesRowDomainV2]>,
    |

warning: unnecessary qualification
   --> crates/semantic/src/ir/versioned_records/types/catalog.rs:124:19
    |
124 |     edge_offsets: alloc::boxed::Box<[usize]>,
    |                   ^^^^^^^^^^^^^^^^^^^^^^^^^^
    |
help: remove the unnecessary path segments
    |
124 -     edge_offsets: alloc::boxed::Box<[usize]>,
124 +     edge_offsets: Box<[usize]>,
    |

warning: unnecessary qualification
   --> crates/semantic/src/ir/versioned_records/types/catalog.rs:125:16
    |
125 |     row_edges: alloc::boxed::Box<[TypesReferenceV2]>,
    |                ^^^^^^^^^^^^^^^^^^^^^^^^^^^^^^^^^^^^^
    |
help: remove the unnecessary path segments
    |
125 -     row_edges: alloc::boxed::Box<[TypesReferenceV2]>,
125 +     row_edges: Box<[TypesReferenceV2]>,
    |

warning: unnecessary qualification
   --> crates/semantic/src/ir/versioned_records/types/catalog.rs:126:22
    |
126 |     root_identities: alloc::boxed::Box<[[u8; 32]]>,
    |                      ^^^^^^^^^^^^^^^^^^^^^^^^^^^^^
    |
help: remove the unnecessary path segments
    |
126 -     root_identities: alloc::boxed::Box<[[u8; 32]]>,
126 +     root_identities: Box<[[u8; 32]]>,
    |

warning: unnecessary qualification
   --> crates/semantic/src/ir/versioned_records/types/catalog.rs:127:25
    |
127 |     root_type_presence: alloc::boxed::Box<[([u8; 32], bool)]>,
    |                         ^^^^^^^^^^^^^^^^^^^^^^^^^^^^^^^^^^^^^
    |
help: remove the unnecessary path segments
    |
127 -     root_type_presence: alloc::boxed::Box<[([u8; 32], bool)]>,
127 +     root_type_presence: Box<[([u8; 32], bool)]>,
    |

warning: unnecessary qualification
   --> crates/semantic/src/ir/versioned_records/types/catalog.rs:128:29
    |
128 |     declaration_references: alloc::boxed::Box<[[u8; 32]]>,
    |                             ^^^^^^^^^^^^^^^^^^^^^^^^^^^^^
    |
help: remove the unnecessary path segments
    |
128 -     declaration_references: alloc::boxed::Box<[[u8; 32]]>,
128 +     declaration_references: Box<[[u8; 32]]>,
    |

warning: unnecessary qualification
   --> crates/semantic/src/ir/versioned_records/types/catalog.rs:129:27
    |
129 |     external_target_keys: alloc::boxed::Box<[[u8; 32]]>,
    |                           ^^^^^^^^^^^^^^^^^^^^^^^^^^^^^
    |
help: remove the unnecessary path segments
    |
129 -     external_target_keys: alloc::boxed::Box<[[u8; 32]]>,
129 +     external_target_keys: Box<[[u8; 32]]>,
    |

warning: unnecessary qualification
  --> crates/semantic/src/ir/versioned_records/types/plan.rs:25:10
   |
25 |     Type(crate::ir::TypeId),
   |          ^^^^^^^^^^^^^^^^^
   |
help: remove the unnecessary path segments
   |
25 -     Type(crate::ir::TypeId),
25 +     Type(TypeId),
   |

warning: unnecessary qualification
   --> crates/semantic/src/ir/versioned_records/types/plan.rs:269:32
    |
269 |     pub fn type_key(&self, id: crate::ir::TypeId) -> Result<[u8; 32], SemanticPlaneRecordError> {
    |                                ^^^^^^^^^^^^^^^^^
    |
help: remove the unnecessary path segments
    |
269 -     pub fn type_key(&self, id: crate::ir::TypeId) -> Result<[u8; 32], SemanticPlaneRecordError> {
269 +     pub fn type_key(&self, id: TypeId) -> Result<[u8; 32], SemanticPlaneRecordError> {
    |

warning: unnecessary qualification
    --> crates/semantic/src/ir/versioned_records/types/plan.rs:1023:34
     |
1023 |         0 => TypedPlanNode::Type(crate::ir::TypeId::new(raw)),
     |                                  ^^^^^^^^^^^^^^^^^^^^^^
     |
help: remove the unnecessary path segments
     |
1023 -         0 => TypedPlanNode::Type(crate::ir::TypeId::new(raw)),
1023 +         0 => TypedPlanNode::Type(TypeId::new(raw)),
     |

warning: unnecessary qualification
    --> crates/semantic/src/ir/versioned_records.rs:1261:22
     |
1261 |           .checked_mul(core::mem::size_of::<
     |  ______________________^
1262 | |             CanonicalSemanticPlaneRowKey<Encoder::Handle>,
1263 | |         >())
     | |_________^
     |
help: remove the unnecessary path segments
     |
1261 -         .checked_mul(core::mem::size_of::<
1261 +         .checked_mul(size_of::<
     |

warning: unnecessary qualification
   --> crates/semantic/src/ir/view/error.rs:293:19
    |
293 |         raw: [u8; backend_version::HASH_BYTES],
    |                   ^^^^^^^^^^^^^^^^^^^^^^^^^^^
    |
help: remove the unnecessary path segments
    |
293 -         raw: [u8; backend_version::HASH_BYTES],
293 +         raw: [u8; HASH_BYTES],
    |

warning: unnecessary qualification
   --> crates/semantic/src/ir_vocabulary/identity.rs:404:23
    |
404 | const _: () = assert!(core::mem::size_of::<StableRef>() == StableRef::CANONICAL_BYTES);
    |                       ^^^^^^^^^^^^^^^^^^^^^^^^^^^^^^^
    |
help: remove the unnecessary path segments
    |
404 - const _: () = assert!(core::mem::size_of::<StableRef>() == StableRef::CANONICAL_BYTES);
404 + const _: () = assert!(size_of::<StableRef>() == StableRef::CANONICAL_BYTES);
    |

warning: unnecessary qualification
   --> crates/semantic/src/vocabulary/authority.rs:563:6
    |
563 | impl core::fmt::Display for NativeWorkerPanic {
    |      ^^^^^^^^^^^^^^^^^^
    |
help: remove the unnecessary path segments
    |
563 - impl core::fmt::Display for NativeWorkerPanic {
563 + impl fmt::Display for NativeWorkerPanic {
    |

warning: unnecessary qualification
   --> crates/semantic/src/vocabulary/authority.rs:564:35
    |
564 |     fn fmt(&self, formatter: &mut core::fmt::Formatter<'_>) -> core::fmt::Result {
    |                                   ^^^^^^^^^^^^^^^^^^^^^^^^
    |
help: remove the unnecessary path segments
    |
564 -     fn fmt(&self, formatter: &mut core::fmt::Formatter<'_>) -> core::fmt::Result {
564 +     fn fmt(&self, formatter: &mut fmt::Formatter<'_>) -> core::fmt::Result {
    |

warning: unnecessary qualification
   --> crates/semantic/src/vocabulary/authority.rs:564:64
    |
564 |     fn fmt(&self, formatter: &mut core::fmt::Formatter<'_>) -> core::fmt::Result {
    |                                                                ^^^^^^^^^^^^^^^^^
    |
help: remove the unnecessary path segments
    |
564 -     fn fmt(&self, formatter: &mut core::fmt::Formatter<'_>) -> core::fmt::Result {
564 +     fn fmt(&self, formatter: &mut core::fmt::Formatter<'_>) -> fmt::Result {
    |

warning: unnecessary qualification
   --> crates/semantic/src/vocabulary/authority.rs:711:23
    |
711 | const _: () = assert!(core::mem::size_of::<LoweringUnsupported>() <= 96);
    |                       ^^^^^^^^^^^^^^^^^^^^^^^^^^^^^^^^^^^^^^^^^
    |
help: remove the unnecessary path segments
    |
711 - const _: () = assert!(core::mem::size_of::<LoweringUnsupported>() <= 96);
711 + const _: () = assert!(size_of::<LoweringUnsupported>() <= 96);
    |

warning: unnecessary qualification
  --> crates/semantic/src/vocabulary/clang.rs:82:23
   |
82 | const _: () = assert!(core::mem::size_of::<ClangProjectionFault>() <= 32);
   |                       ^^^^^^^^^^^^^^^^^^^^^^^^^^^^^^^^^^^^^^^^^^
   |
help: remove the unnecessary path segments
   |
82 - const _: () = assert!(core::mem::size_of::<ClangProjectionFault>() <= 32);
82 + const _: () = assert!(size_of::<ClangProjectionFault>() <= 32);
   |

warning: unnecessary qualification
   --> crates/semantic/src/vocabulary/csharp.rs:204:23
    |
204 | const _: () = assert!(core::mem::size_of::<CSharpProjectionFault>() <= 64);
    |                       ^^^^^^^^^^^^^^^^^^^^^^^^^^^^^^^^^^^^^^^^^^^
    |
help: remove the unnecessary path segments
    |
204 - const _: () = assert!(core::mem::size_of::<CSharpProjectionFault>() <= 64);
204 + const _: () = assert!(size_of::<CSharpProjectionFault>() <= 64);
    |

warning: unnecessary qualification
   --> crates/semantic/src/vocabulary/go.rs:577:23
    |
577 | const _: () = assert!(core::mem::size_of::<GoProjectionFault>() <= 64);
    |                       ^^^^^^^^^^^^^^^^^^^^^^^^^^^^^^^^^^^^^^^
    |
help: remove the unnecessary path segments
    |
577 - const _: () = assert!(core::mem::size_of::<GoProjectionFault>() <= 64);
577 + const _: () = assert!(size_of::<GoProjectionFault>() <= 64);
    |

warning: unnecessary qualification
   --> crates/semantic/src/vocabulary/java.rs:281:23
    |
281 | const _: () = assert!(core::mem::size_of::<JavaProjectionFault>() <= 32);
    |                       ^^^^^^^^^^^^^^^^^^^^^^^^^^^^^^^^^^^^^^^^^
    |
help: remove the unnecessary path segments
    |
281 - const _: () = assert!(core::mem::size_of::<JavaProjectionFault>() <= 32);
281 + const _: () = assert!(size_of::<JavaProjectionFault>() <= 32);
    |

warning: unnecessary qualification
  --> crates/semantic/src/vocabulary/python.rs:47:23
   |
47 | const _: () = assert!(core::mem::size_of::<PythonProjectionFault>() <= 16);
   |                       ^^^^^^^^^^^^^^^^^^^^^^^^^^^^^^^^^^^^^^^^^^^
   |
help: remove the unnecessary path segments
   |
47 - const _: () = assert!(core::mem::size_of::<PythonProjectionFault>() <= 16);
47 + const _: () = assert!(size_of::<PythonProjectionFault>() <= 16);
   |

warning: unnecessary qualification
  --> crates/semantic/src/vocabulary/typescript.rs:37:23
   |
37 | const _: () = assert!(core::mem::size_of::<TypeScriptProjectionFault>() <= 16);
   |                       ^^^^^^^^^^^^^^^^^^^^^^^^^^^^^^^^^^^^^^^^^^^^^^^
   |
help: remove the unnecessary path segments
   |
37 - const _: () = assert!(core::mem::size_of::<TypeScriptProjectionFault>() <= 16);
37 + const _: () = assert!(size_of::<TypeScriptProjectionFault>() <= 16);
   |

warning: unused import: `TypeState`
 --> crates/semantic/src/ir/semantic/packed_types.rs:9:5
  |
9 |     TypeState, TypeTag, TypeTriplePayload, TypedTypeId, UnknownReason, UnknownState, UnknownType,
  |     ^^^^^^^^^

warning: value assigned to `cursor` is never read
   --> crates/semantic/src/ir/extension_pools/reopen.rs:699:9
    |
699 |         cursor = advance(cursor, bytes)?;
    |         ^^^^^^^^^^^^^^^^^^^^^^^^^^^^^^^^
    |
    = help: maybe it is overwritten before being read?
    = note: `#[warn(unused_assignments)]` (part of `#[warn(unused)]`) on by default

warning: unused variable: `tier`
   --> crates/semantic/src/ir/semantic_generation.rs:761:5
    |
761 |     tier: SemanticTypedPlaneVerificationTierV2,
    |     ^^^^ help: if this is intentional, prefix it with an underscore: `_tier`
    |
    = note: `#[warn(unused_variables)]` (part of `#[warn(unused)]`) on by default

warning: unused variable: `mapping_length`
   --> crates/semantic/src/ir/semantic_image/full_wire/mapping.rs:431:5
    |
431 |     mapping_length: usize,
    |     ^^^^^^^^^^^^^^ help: if this is intentional, prefix it with an underscore: `_mapping_length`

warning: value assigned to `queued_root_bytes` is never read
   --> crates/semantic/src/ir/typed_plane_manifest_v3.rs:875:21
    |
875 |                     queued_root_bytes = 0;
    |                     ^^^^^^^^^^^^^^^^^^^^^
    |
    = help: maybe it is overwritten before being read?

warning: variable does not need to be mutable
   --> crates/semantic/src/ir/versioned_records/aggregate.rs:817:5
    |
817 |     mut jumbo_admission: Option<&mut dyn JumboPlaneClosureAdmissionV2>,
    |     ----^^^^^^^^^^^^^^^
    |     |
    |     help: remove this `mut`
    |
    = note: `#[warn(unused_mut)]` (part of `#[warn(unused)]`) on by default

warning: variable does not need to be mutable
   --> crates/semantic/src/ir/versioned_records/source_provenance.rs:164:5
    |
164 |     mut jumbo_sink: Option<&mut dyn JumboRopeObjectSink<Error = SemanticPlaneRecordError>>,
    |     ----^^^^^^^^^^
    |     |
    |     help: remove this `mut`

warning: type `DocsWireReferences` is more private than the item `JumboPlaneClosureAdmissionV2::admit`
   --> crates/semantic/src/ir/versioned_records/aggregate.rs:347:5
    |
347 | /     fn admit(
348 | |         &mut self,
349 | |         family: SemanticIrPlane,
350 | |         descriptor: crate::ir::CheckedJumboValueDescriptor,
351 | |         documentation_reference_budget: u64,
352 | |     ) -> Result<Option<super::declarations::DocsWireReferences>, SemanticTypedPlaneInventoryV2Error>;
    | |_____________________________________________________________________________________________________^ method `JumboPlaneClosureAdmissionV2::admit` is reachable at visibility `pub(crate)`
    |
note: but type `DocsWireReferences` is only usable at visibility `pub(in crate::ir::versioned_records)`
   --> crates/semantic/src/ir/versioned_records/declarations.rs:67:1
    |
 67 | pub(super) struct DocsWireReferences {
    | ^^^^^^^^^^^^^^^^^^^^^^^^^^^^^^^^^^^^
    = note: `#[warn(private_interfaces)]` on by default

warning: type `DocsWireReferences` is more private than the item `<JumboObjectClosureAdmissionV2<'_, S> as JumboPlaneClosureAdmissionV2>::admit`
   --> crates/semantic/src/ir/versioned_records/aggregate.rs:463:5
    |
463 | /     fn admit(
464 | |         &mut self,
465 | |         family: SemanticIrPlane,
466 | |         descriptor: crate::ir::CheckedJumboValueDescriptor,
467 | |         documentation_reference_budget: u64,
468 | |     ) -> Result<Option<super::declarations::DocsWireReferences>, SemanticTypedPlaneInventoryV2Error>
    | |____________________________________________________________________________________________________^ method `<JumboObjectClosureAdmissionV2<'_, S> as JumboPlaneClosureAdmissionV2>::admit` is reachable at visibility `pub(crate)`
    |
note: but type `DocsWireReferences` is only usable at visibility `pub(in crate::ir::versioned_records)`
   --> crates/semantic/src/ir/versioned_records/declarations.rs:67:1
    |
 67 | pub(super) struct DocsWireReferences {
    | ^^^^^^^^^^^^^^^^^^^^^^^^^^^^^^^^^^^^

warning: function `reopened_computed_type` is never used
   --> crates/semantic/src/ir/semantic/type_model.rs:315:21
    |
315 | pub(crate) const fn reopened_computed_type(id: TypeId) -> ComputedTypeId {
    |                     ^^^^^^^^^^^^^^^^^^^^^^
    |
    = note: `#[warn(dead_code)]` (part of `#[warn(unused)]`) on by default

warning: method `key` is never used
   --> crates/semantic/src/ir/semantic_image/full/model.rs:236:19
    |
210 | impl TerminalPoolPlan {
    | --------------------- method in this implementation
...
236 |     pub(crate) fn key(
    |                   ^^^

warning: field `family` is never read
   --> crates/semantic/src/ir/typed_plane_manifest_v3.rs:413:5
    |
412 | pub struct SemanticTypedPlaneRangeCursorV3<'tree> {
    |            ------------------------------- field in this struct
413 |     family: RowFamily,
    |     ^^^^^^

warning: function `validate_record` is never used
    --> crates/semantic/src/ir/versioned_records.rs:2342:4
     |
2342 | fn validate_record(
     |    ^^^^^^^^^^^^^^^

warning: field `payload` is never read
   --> crates/semantic/src/ir/versioned_records/aggregate.rs:144:16
    |
138 | pub(crate) struct TypedPlaneSegmentPayloadV2<'bytes> {
    |                   -------------------------- field in this struct
...
144 |     pub(crate) payload: &'bytes [u8],
    |                ^^^^^^^
    |
    = note: `TypedPlaneSegmentPayloadV2` has derived impls for the traits `Debug` and `Clone`, but these are intentionally ignored during dead code analysis

warning: function `verify_semantic_typed_plane_inventory_v2` is never used
   --> crates/semantic/src/ir/versioned_records/aggregate.rs:510:15
    |
510 | pub(crate) fn verify_semantic_typed_plane_inventory_v2(
    |               ^^^^^^^^^^^^^^^^^^^^^^^^^^^^^^^^^^^^^^^^

warning: function `verify_semantic_typed_plane_inventory_v2_with_jumbo_source` is never used
   --> crates/semantic/src/ir/versioned_records/aggregate.rs:532:15
    |
532 | pub(crate) fn verify_semantic_typed_plane_inventory_v2_with_jumbo_source<S>(
    |               ^^^^^^^^^^^^^^^^^^^^^^^^^^^^^^^^^^^^^^^^^^^^^^^^^^^^^^^^^^

warning: function `validate_record` is never used
   --> crates/semantic/src/ir/versioned_records/declarations.rs:605:15
    |
605 | pub(super) fn validate_record(
    |               ^^^^^^^^^^^^^^^

warning: function `jumbo_descriptor_for_record` is never used
   --> crates/semantic/src/ir/versioned_records/declarations.rs:735:15
    |
735 | pub(super) fn jumbo_descriptor_for_record(
    |               ^^^^^^^^^^^^^^^^^^^^^^^^^^^

warning: function `validate_record` is never used
   --> crates/semantic/src/ir/versioned_records/source_provenance.rs:308:15
    |
308 | pub(super) fn validate_record(
    |               ^^^^^^^^^^^^^^^

warning: function `jumbo_descriptor_for_record` is never used
   --> crates/semantic/src/ir/versioned_records/source_provenance.rs:400:15
    |
400 | pub(super) fn jumbo_descriptor_for_record(
    |               ^^^^^^^^^^^^^^^^^^^^^^^^^^^

warning: variant `AnonymousCycle` is never constructed
   --> crates/semantic/src/ir/versioned_records/types/plan.rs:107:5
    |
106 | enum TypedPlanFault {
    |      -------------- variant in this enum
107 |     AnonymousCycle,
    |     ^^^^^^^^^^^^^^
    |
    = note: `TypedPlanFault` has derived impls for the traits `Debug` and `Clone`, but these are intentionally ignored during dead code analysis

warning: function `external_identity_from_payload` is never used
   --> crates/semantic/src/ir/versioned_records/types/wire.rs:837:15
    |
837 | pub(super) fn external_identity_from_payload(
    |               ^^^^^^^^^^^^^^^^^^^^^^^^^^^^^^

warning: function `put_text` is never used
  --> crates/semantic/src/ir/versioned_records/wire.rs:22:15
   |
22 | pub(super) fn put_text(out: &mut Vec<u8>, value: &str) -> Result<(), SemanticPlaneRecordError> {
   |               ^^^^^^^^

warning: unreachable `pub` item
 --> crates/semantic/src/catalog/feed.rs:6:1
  |
6 | pub const MAX_FEED_ID_BYTES: usize = 160;
  | ---^^^^^^^^^^^^^^^^^^^^^^^^^^^^^^^
  | |
  | help: consider restricting its visibility: `pub(super)`
  |
  = help: or consider exporting it for use by other crates
  = note: requested on the command line with `-W unreachable-pub`

warning: unreachable `pub` item
 --> crates/semantic/src/catalog/feed.rs:8:1
  |
8 | pub const MAX_FEED_TOKEN_BYTES: usize = 2_048;
  | ---^^^^^^^^^^^^^^^^^^^^^^^^^^^^^^^^^^
  | |
  | help: consider restricting its visibility: `pub(super)`
  |
  = help: or consider exporting it for use by other crates

warning: missing documentation for a struct field
  --> crates/semantic/src/graph_vector/lease/contract.rs:39:27
   |
39 |     InvalidItemCapacity { maximum: usize, observed: usize },
   |                           ^^^^^^^^^^^^^^
   |
   = note: requested on the command line with `-W missing-docs`

warning: missing documentation for a struct field
  --> crates/semantic/src/graph_vector/lease/contract.rs:39:43
   |
39 |     InvalidItemCapacity { maximum: usize, observed: usize },
   |                                           ^^^^^^^^^^^^^^^

warning: missing documentation for a struct field
  --> crates/semantic/src/graph_vector/lease/contract.rs:41:27
   |
41 |     InvalidByteCapacity { required: usize, observed: usize },
   |                           ^^^^^^^^^^^^^^^

warning: missing documentation for a struct field
  --> crates/semantic/src/graph_vector/lease/contract.rs:41:44
   |
41 |     InvalidByteCapacity { required: usize, observed: usize },
   |                                            ^^^^^^^^^^^^^^^

warning: missing documentation for a struct field
  --> crates/semantic/src/graph_vector/lease/contract.rs:43:28
   |
43 |     CancellationCapacity { maximum: usize },
   |                            ^^^^^^^^^^^^^^

warning: missing documentation for a struct field
  --> crates/semantic/src/graph_vector/lease/contract.rs:45:25
   |
45 |     PartitionCapacity { maximum: usize, observed: usize },
   |                         ^^^^^^^^^^^^^^

warning: missing documentation for a struct field
  --> crates/semantic/src/graph_vector/lease/contract.rs:45:41
   |
45 |     PartitionCapacity { maximum: usize, observed: usize },
   |                                         ^^^^^^^^^^^^^^^

warning: missing documentation for a struct field
  --> crates/semantic/src/graph_vector/lease/contract.rs:48:9
   |
48 |         first_index: usize,
   |         ^^^^^^^^^^^^^^^^^^

warning: missing documentation for a struct field
  --> crates/semantic/src/graph_vector/lease/contract.rs:49:9
   |
49 |         index: usize,
   |         ^^^^^^^^^^^^

warning: missing documentation for a struct field
  --> crates/semantic/src/graph_vector/lease/contract.rs:50:9
   |
50 |         partition: PartitionId,
   |         ^^^^^^^^^^^^^^^^^^^^^^

warning: missing documentation for a struct field
  --> crates/semantic/src/graph_vector/lease/contract.rs:55:31
   |
55 |     PartitionAlreadySettled { partition: PartitionId },
   |                               ^^^^^^^^^^^^^^^^^^^^^^

warning: missing documentation for a struct field
  --> crates/semantic/src/graph_vector/lease/contract.rs:59:20
   |
59 |     ItemCapacity { maximum: usize, observed: usize },
   |                    ^^^^^^^^^^^^^^

warning: missing documentation for a struct field
  --> crates/semantic/src/graph_vector/lease/contract.rs:59:36
   |
59 |     ItemCapacity { maximum: usize, observed: usize },
   |                                    ^^^^^^^^^^^^^^^

warning: missing documentation for a struct field
  --> crates/semantic/src/graph_vector/lease/contract.rs:61:20
   |
61 |     ByteCapacity { maximum: usize, observed: usize },
   |                    ^^^^^^^^^^^^^^

warning: missing documentation for a struct field
  --> crates/semantic/src/graph_vector/lease/contract.rs:61:36
   |
61 |     ByteCapacity { maximum: usize, observed: usize },
   |                                    ^^^^^^^^^^^^^^^

warning: missing documentation for a struct field
  --> crates/semantic/src/graph_vector/lease/contract.rs:63:27
   |
63 |     UnselectedPartition { observed: PartitionId },
   |                           ^^^^^^^^^^^^^^^^^^^^^

warning: missing documentation for a struct field
  --> crates/semantic/src/graph_vector/lease/contract.rs:66:9
   |
66 |         edge_index: usize,
   |         ^^^^^^^^^^^^^^^^^

warning: missing documentation for a struct field
  --> crates/semantic/src/graph_vector/lease/contract.rs:67:9
   |
67 |         expected: GraphAuthority,
   |         ^^^^^^^^^^^^^^^^^^^^^^^^

warning: missing documentation for a struct field
  --> crates/semantic/src/graph_vector/lease/contract.rs:68:9
   |
68 |         observed: GraphAuthority,
   |         ^^^^^^^^^^^^^^^^^^^^^^^^

warning: missing documentation for a struct field
  --> crates/semantic/src/graph_vector/lease/contract.rs:72:9
   |
72 |         edge_index: usize,
   |         ^^^^^^^^^^^^^^^^^

warning: missing documentation for a struct field
  --> crates/semantic/src/graph_vector/lease/contract.rs:73:9
   |
73 |         expected: PartitionId,
   |         ^^^^^^^^^^^^^^^^^^^^^

warning: missing documentation for a struct field
  --> crates/semantic/src/graph_vector/lease/contract.rs:74:9
   |
74 |         observed: PartitionId,
   |         ^^^^^^^^^^^^^^^^^^^^^

warning: missing documentation for a struct field
  --> crates/semantic/src/graph_vector/lease/contract.rs:77:32
   |
77 |     MissingPartitionCapacity { maximum: usize, observed: usize },
   |                                ^^^^^^^^^^^^^^

warning: missing documentation for a struct field
  --> crates/semantic/src/graph_vector/lease/contract.rs:77:48
   |
77 |     MissingPartitionCapacity { maximum: usize, observed: usize },
   |                                                ^^^^^^^^^^^^^^^

warning: missing documentation for a struct field
  --> crates/semantic/src/graph_vector/lease/contract.rs:80:9
   |
80 |         first_index: usize,
   |         ^^^^^^^^^^^^^^^^^^

warning: missing documentation for a struct field
  --> crates/semantic/src/graph_vector/lease/contract.rs:81:9
   |
81 |         index: usize,
   |         ^^^^^^^^^^^^

warning: missing documentation for a struct field
  --> crates/semantic/src/graph_vector/lease/contract.rs:82:9
   |
82 |         partition: PartitionId,
   |         ^^^^^^^^^^^^^^^^^^^^^^

warning: missing documentation for a struct field
  --> crates/semantic/src/graph_vector/lease/contract.rs:86:9
   |
86 |         expected: Option<PartitionId>,
   |         ^^^^^^^^^^^^^^^^^^^^^^^^^^^^^

warning: missing documentation for a struct field
  --> crates/semantic/src/graph_vector/lease/contract.rs:87:9
   |
87 |         observed: Option<PartitionId>,
   |         ^^^^^^^^^^^^^^^^^^^^^^^^^^^^^

warning: missing documentation for a struct field
  --> crates/semantic/src/graph_vector/lease/contract.rs:88:9
   |
88 |         index: usize,
   |         ^^^^^^^^^^^^

warning: missing documentation for a struct field
  --> crates/semantic/src/graph_vector/lease/contract.rs:93:20
   |
93 |     CorruptState { cell: LeaseStateCell },
   |                    ^^^^^^^^^^^^^^^^^^^^

warning: missing documentation for a struct field
   --> crates/semantic/src/graph_vector/lease/contract.rs:109:16
    |
109 |     Complete { authority: GraphAuthority },
    |                ^^^^^^^^^^^^^^^^^^^^^^^^^

warning: missing documentation for a struct field
   --> crates/semantic/src/graph_vector/lease/contract.rs:111:17
    |
111 |     Cancelled { authority: GraphAuthority },
    |                 ^^^^^^^^^^^^^^^^^^^^^^^^^

warning: missing documentation for a struct field
   --> crates/semantic/src/graph_vector/lease/contract.rs:114:9
    |
114 |         authority: GraphAuthority,
    |         ^^^^^^^^^^^^^^^^^^^^^^^^^

warning: missing documentation for a struct field
   --> crates/semantic/src/graph_vector/lease/contract.rs:115:9
    |
115 |         missing: MissingPartitions,
    |         ^^^^^^^^^^^^^^^^^^^^^^^^^^

warning: missing documentation for a struct field
   --> crates/semantic/src/graph_vector/lease/contract.rs:119:9
    |
119 |         authority: GraphAuthority,
    |         ^^^^^^^^^^^^^^^^^^^^^^^^^

warning: missing documentation for a struct field
   --> crates/semantic/src/graph_vector/lease/contract.rs:120:9
    |
120 |         reason: GraphDegradation,
    |         ^^^^^^^^^^^^^^^^^^^^^^^^

warning: missing documentation for a struct field
   --> crates/semantic/src/graph_vector/lease/contract.rs:124:9
    |
124 |         authority: GraphAuthority,
    |         ^^^^^^^^^^^^^^^^^^^^^^^^^

warning: missing documentation for a struct field
   --> crates/semantic/src/graph_vector/lease/contract.rs:125:9
    |
125 |         missing: MissingPartitions,
    |         ^^^^^^^^^^^^^^^^^^^^^^^^^^

warning: missing documentation for a struct field
   --> crates/semantic/src/graph_vector/lease/contract.rs:126:9
    |
126 |         reason: GraphDegradation,
    |         ^^^^^^^^^^^^^^^^^^^^^^^^

warning: missing documentation for a struct field
   --> crates/semantic/src/graph_vector/lease/contract.rs:130:9
    |
130 |         authority: GraphAuthority,
    |         ^^^^^^^^^^^^^^^^^^^^^^^^^

warning: missing documentation for a struct field
   --> crates/semantic/src/graph_vector/lease/contract.rs:131:9
    |
131 |         cause: StreamCapacityError,
    |         ^^^^^^^^^^^^^^^^^^^^^^^^^^

warning: unreachable `pub` item
  --> crates/semantic/src/index_core/exact.rs:34:1
   |
34 | pub const MAX_EXACT_ROW_PAYLOAD_BYTES: usize = 256;
   | ---^^^^^^^^^^^^^^^^^^^^^^^^^^^^^^^^^^^^^^^^^
   | |
   | help: consider restricting its visibility: `pub(super)`
   |
   = help: or consider exporting it for use by other crates

warning: unreachable `pub` item
  --> crates/semantic/src/index_core/lexical.rs:32:1
   |
32 | pub const MAX_LEXICAL_ROW_PAYLOAD_BYTES: usize = 256;
   | ---^^^^^^^^^^^^^^^^^^^^^^^^^^^^^^^^^^^^^^^^^^^
   | |
   | help: consider restricting its visibility: `pub(super)`
   |
   = help: or consider exporting it for use by other crates

warning: missing documentation for a struct field
   --> crates/semantic/src/ir/authority.rs:107:5
    |
107 |     pub ecosystem: AtomId,
    |     ^^^^^^^^^^^^^^^^^^^^^

warning: missing documentation for a struct field
   --> crates/semantic/src/ir/authority.rs:108:5
    |
108 |     pub package: AtomId,
    |     ^^^^^^^^^^^^^^^^^^^

warning: missing documentation for a struct field
   --> crates/semantic/src/ir/authority.rs:109:5
    |
109 |     pub path: AtomId,
    |     ^^^^^^^^^^^^^^^^

warning: missing documentation for a struct field
   --> crates/semantic/src/ir/authority.rs:119:5
    |
119 |     pub identity: ContentId<SemanticScopeDomain>,
    |     ^^^^^^^^^^^^^^^^^^^^^^^^^^^^^^^^^^^^^^^^^^^^

warning: missing documentation for a struct field
   --> crates/semantic/src/ir/authority.rs:142:5
    |
142 |     pub source: SourceIdentity,
    |     ^^^^^^^^^^^^^^^^^^^^^^^^^^

warning: missing documentation for a struct field
   --> crates/semantic/src/ir/authority.rs:143:5
    |
143 |     pub recipe: CompileRecipeFact,
    |     ^^^^^^^^^^^^^^^^^^^^^^^^^^^^^

warning: missing documentation for a struct field
   --> crates/semantic/src/ir/authority.rs:144:5
    |
144 |     pub scope: SemanticScopeClaim,
    |     ^^^^^^^^^^^^^^^^^^^^^^^^^^^^^

warning: missing documentation for a variant
   --> crates/semantic/src/ir/authority.rs:152:5
    |
152 |     Unavailable,
    |     ^^^^^^^^^^^

warning: missing documentation for a variant
   --> crates/semantic/src/ir/authority.rs:153:5
    |
153 |     Captured {
    |     ^^^^^^^^

warning: missing documentation for a struct field
   --> crates/semantic/src/ir/authority.rs:154:9
    |
154 |         source: SourceIdentity,
    |         ^^^^^^^^^^^^^^^^^^^^^^

warning: missing documentation for a struct field
   --> crates/semantic/src/ir/authority.rs:155:9
    |
155 |         recipe: CompileRecipeFact,
    |         ^^^^^^^^^^^^^^^^^^^^^^^^^

warning: missing documentation for a struct field
   --> crates/semantic/src/ir/authority.rs:159:9
    |
159 |         scope: SemanticScopeFacts,
    |         ^^^^^^^^^^^^^^^^^^^^^^^^^

warning: missing documentation for a struct field
   --> crates/semantic/src/ir/authority.rs:176:5
    |
176 |     pub parentage: &'ir [ParentageAuthority],
    |     ^^^^^^^^^^^^^^^^^^^^^^^^^^^^^^^^^^^^^^^^

warning: missing documentation for a struct field
   --> crates/semantic/src/ir/authority.rs:177:5
    |
177 |     pub source: &'ir [FactAvailability],
    |     ^^^^^^^^^^^^^^^^^^^^^^^^^^^^^^^^^^^

warning: missing documentation for a struct field
   --> crates/semantic/src/ir/authority.rs:178:5
    |
178 |     pub source_file: &'ir [FactAvailability],
    |     ^^^^^^^^^^^^^^^^^^^^^^^^^^^^^^^^^^^^^^^^

warning: missing documentation for a struct field
   --> crates/semantic/src/ir/authority.rs:179:5
    |
179 |     pub members: &'ir [FactAvailability],
    |     ^^^^^^^^^^^^^^^^^^^^^^^^^^^^^^^^^^^^

warning: missing documentation for a struct field
   --> crates/semantic/src/ir/authority.rs:180:5
    |
180 |     pub semantic_type: &'ir [FactAvailability],
    |     ^^^^^^^^^^^^^^^^^^^^^^^^^^^^^^^^^^^^^^^^^^

warning: missing documentation for a struct field
   --> crates/semantic/src/ir/authority.rs:181:5
    |
181 |     pub documentation: &'ir [FactAvailability],
    |     ^^^^^^^^^^^^^^^^^^^^^^^^^^^^^^^^^^^^^^^^^^

warning: missing documentation for a struct field
   --> crates/semantic/src/ir/authority.rs:182:5
    |
182 |     pub visibility: &'ir [FactAvailability],
    |     ^^^^^^^^^^^^^^^^^^^^^^^^^^^^^^^^^^^^^^^

warning: missing documentation for a struct field
   --> crates/semantic/src/ir/authority.rs:183:5
    |
183 |     pub attributes: &'ir [FactAvailability],
    |     ^^^^^^^^^^^^^^^^^^^^^^^^^^^^^^^^^^^^^^^

warning: missing documentation for a struct field
   --> crates/semantic/src/ir/authority.rs:184:5
    |
184 |     pub language_extension: &'ir [FactAvailability],
    |     ^^^^^^^^^^^^^^^^^^^^^^^^^^^^^^^^^^^^^^^^^^^^^^^

warning: missing documentation for a struct field
   --> crates/semantic/src/ir/authority.rs:195:5
    |
195 |     pub source: FactAvailability,
    |     ^^^^^^^^^^^^^^^^^^^^^^^^^^^^

warning: missing documentation for a struct field
   --> crates/semantic/src/ir/authority.rs:201:5
    |
201 |     pub source: &'ir [FactAvailability],
    |     ^^^^^^^^^^^^^^^^^^^^^^^^^^^^^^^^^^^

warning: missing documentation for a variant
   --> crates/semantic/src/ir/authority.rs:223:5
    |
223 |     Source,
    |     ^^^^^^

warning: missing documentation for a variant
   --> crates/semantic/src/ir/authority.rs:224:5
    |
224 |     SourceFile,
    |     ^^^^^^^^^^

warning: missing documentation for a variant
   --> crates/semantic/src/ir/authority.rs:225:5
    |
225 |     Members,
    |     ^^^^^^^

warning: missing documentation for a variant
   --> crates/semantic/src/ir/authority.rs:226:5
    |
226 |     SemanticType,
    |     ^^^^^^^^^^^^

warning: missing documentation for a variant
   --> crates/semantic/src/ir/authority.rs:227:5
    |
227 |     Documentation,
    |     ^^^^^^^^^^^^^

warning: missing documentation for a variant
   --> crates/semantic/src/ir/authority.rs:228:5
    |
228 |     Visibility,
    |     ^^^^^^^^^^

warning: missing documentation for a variant
   --> crates/semantic/src/ir/authority.rs:229:5
    |
229 |     Attributes,
    |     ^^^^^^^^^^

warning: missing documentation for a variant
   --> crates/semantic/src/ir/authority.rs:230:5
    |
230 |     LanguageExtension,
    |     ^^^^^^^^^^^^^^^^^

warning: missing documentation for a variant
   --> crates/semantic/src/ir/authority.rs:231:5
    |
231 |     OccurrenceSource,
    |     ^^^^^^^^^^^^^^^^

warning: missing documentation for a struct field
   --> crates/semantic/src/ir/authority.rs:239:9
    |
239 |         claimed: ParentageAuthority,
    |         ^^^^^^^^^^^^^^^^^^^^^^^^^^^

warning: missing documentation for a struct field
   --> crates/semantic/src/ir/authority.rs:240:9
    |
240 |         local_parent: Option<DeclarationIdentity>,
    |         ^^^^^^^^^^^^^^^^^^^^^^^^^^^^^^^^^^^^^^^^^

warning: missing documentation for a struct field
   --> crates/semantic/src/ir/authority.rs:244:9
    |
244 |         plane: AuthorityFactPlane,
    |         ^^^^^^^^^^^^^^^^^^^^^^^^^

warning: missing documentation for a struct field
   --> crates/semantic/src/ir/authority.rs:245:9
    |
245 |         claimed: FactAvailability,
    |         ^^^^^^^^^^^^^^^^^^^^^^^^^

warning: missing documentation for a struct field
   --> crates/semantic/src/ir/authority.rs:246:9
    |
246 |         present: bool,
    |         ^^^^^^^^^^^^^

warning: missing documentation for a struct field
   --> crates/semantic/src/ir/authority.rs:250:9
    |
250 |         source: FactAvailability,
    |         ^^^^^^^^^^^^^^^^^^^^^^^^

warning: missing documentation for a struct field
   --> crates/semantic/src/ir/authority.rs:251:9
    |
251 |         source_file: FactAvailability,
    |         ^^^^^^^^^^^^^^^^^^^^^^^^^^^^^

warning: missing documentation for a variant
  --> crates/semantic/src/ir/discovery.rs:18:5
   |
18 |     MissingExtensionPools,
   |     ^^^^^^^^^^^^^^^^^^^^^

warning: missing documentation for a variant
  --> crates/semantic/src/ir/discovery.rs:19:5
   |
19 |     TypeFacts(crate::ir::TypeFactFault),
   |     ^^^^^^^^^

warning: missing documentation for a variant
  --> crates/semantic/src/ir/discovery.rs:20:5
   |
20 |     ExtensionPools(ExtensionPoolFault),
   |     ^^^^^^^^^^^^^^

warning: missing documentation for a variant
  --> crates/semantic/src/ir/discovery.rs:21:5
   |
21 |     LanguageExtensions(LanguageExtensionReopenError),
   |     ^^^^^^^^^^^^^^^^^^

warning: missing documentation for a struct field
  --> crates/semantic/src/ir/discovery.rs:37:5
   |
37 |     pub entities: u32,
   |     ^^^^^^^^^^^^^^^^^

warning: missing documentation for a struct field
  --> crates/semantic/src/ir/discovery.rs:38:5
   |
38 |     pub atoms: u32,
   |     ^^^^^^^^^^^^^^

warning: missing documentation for a struct field
  --> crates/semantic/src/ir/discovery.rs:39:5
   |
39 |     pub compact_type_nodes: u32,
   |     ^^^^^^^^^^^^^^^^^^^^^^^^^^^

warning: missing documentation for a struct field
  --> crates/semantic/src/ir/discovery.rs:40:5
   |
40 |     pub canonical_products: u32,
   |     ^^^^^^^^^^^^^^^^^^^^^^^^^^^

warning: missing documentation for a struct field
  --> crates/semantic/src/ir/discovery.rs:41:5
   |
41 |     pub canonical_product_children: u32,
   |     ^^^^^^^^^^^^^^^^^^^^^^^^^^^^^^^^^^^

warning: missing documentation for a struct field
  --> crates/semantic/src/ir/discovery.rs:45:5
   |
45 |     pub occurrences: u32,
   |     ^^^^^^^^^^^^^^^^^^^^

warning: missing documentation for a struct field
  --> crates/semantic/src/ir/discovery.rs:46:5
   |
46 |     pub declared_type_facts: u32,
   |     ^^^^^^^^^^^^^^^^^^^^^^^^^^^^

warning: missing documentation for a struct field
  --> crates/semantic/src/ir/discovery.rs:47:5
   |
47 |     pub computed_type_facts: u32,
   |     ^^^^^^^^^^^^^^^^^^^^^^^^^^^^

warning: missing documentation for a struct field
  --> crates/semantic/src/ir/discovery.rs:48:5
   |
48 |     pub documentation_fragments: u32,
   |     ^^^^^^^^^^^^^^^^^^^^^^^^^^^^^^^^

warning: missing documentation for a struct field
  --> crates/semantic/src/ir/discovery.rs:49:5
   |
49 |     pub language_extension_section: bool,
   |     ^^^^^^^^^^^^^^^^^^^^^^^^^^^^^^^^^^^^

warning: missing documentation for a struct field
  --> crates/semantic/src/ir/discovery.rs:50:5
   |
50 |     pub extension_pool_section: bool,
   |     ^^^^^^^^^^^^^^^^^^^^^^^^^^^^^^^^

warning: missing documentation for a variant
  --> crates/semantic/src/ir/docs_facts.rs:88:5
   |
88 |     Owner {
   |     ^^^^^

warning: missing documentation for a struct field
  --> crates/semantic/src/ir/docs_facts.rs:89:9
   |
89 |         ordinal: u32,
   |         ^^^^^^^^^^^^

warning: missing documentation for a struct field
  --> crates/semantic/src/ir/docs_facts.rs:90:9
   |
90 |         owner: EntityId,
   |         ^^^^^^^^^^^^^^^

warning: missing documentation for a struct field
  --> crates/semantic/src/ir/docs_facts.rs:91:9
   |
91 |         entity_count: u32,
   |         ^^^^^^^^^^^^^^^^^

warning: missing documentation for a variant
  --> crates/semantic/src/ir/docs_facts.rs:94:5
   |
94 |     FragmentTag { ordinal: u32, actual: u8 },
   |     ^^^^^^^^^^^

warning: missing documentation for a struct field
  --> crates/semantic/src/ir/docs_facts.rs:94:19
   |
94 |     FragmentTag { ordinal: u32, actual: u8 },
   |                   ^^^^^^^^^^^^

warning: missing documentation for a struct field
  --> crates/semantic/src/ir/docs_facts.rs:94:33
   |
94 |     FragmentTag { ordinal: u32, actual: u8 },
   |                                 ^^^^^^^^^^

warning: missing documentation for a variant
  --> crates/semantic/src/ir/docs_facts.rs:96:5
   |
96 |     LinkTag { ordinal: u32, actual: u8 },
   |     ^^^^^^^

warning: missing documentation for a struct field
  --> crates/semantic/src/ir/docs_facts.rs:96:15
   |
96 |     LinkTag { ordinal: u32, actual: u8 },
   |               ^^^^^^^^^^^^

warning: missing documentation for a struct field
  --> crates/semantic/src/ir/docs_facts.rs:96:29
   |
96 |     LinkTag { ordinal: u32, actual: u8 },
   |                             ^^^^^^^^^^

warning: missing documentation for a variant
  --> crates/semantic/src/ir/docs_facts.rs:98:5
   |
98 |     EmptyCell { ordinal: u32, field: &'static str },
   |     ^^^^^^^^^

warning: missing documentation for a struct field
  --> crates/semantic/src/ir/docs_facts.rs:98:17
   |
98 |     EmptyCell { ordinal: u32, field: &'static str },
   |                 ^^^^^^^^^^^^

warning: missing documentation for a struct field
  --> crates/semantic/src/ir/docs_facts.rs:98:31
   |
98 |     EmptyCell { ordinal: u32, field: &'static str },
   |                               ^^^^^^^^^^^^^^^^^^^

warning: missing documentation for a variant
   --> crates/semantic/src/ir/docs_facts.rs:100:5
    |
100 |     LinkTarget {
    |     ^^^^^^^^^^

warning: missing documentation for a struct field
   --> crates/semantic/src/ir/docs_facts.rs:101:9
    |
101 |         ordinal: u32,
    |         ^^^^^^^^^^^^

warning: missing documentation for a struct field
   --> crates/semantic/src/ir/docs_facts.rs:102:9
    |
102 |         target: u32,
    |         ^^^^^^^^^^^

warning: missing documentation for a struct field
   --> crates/semantic/src/ir/docs_facts.rs:103:9
    |
103 |         entity_count: u32,
    |         ^^^^^^^^^^^^^^^^^

warning: missing documentation for a variant
   --> crates/semantic/src/ir/docs_facts.rs:106:5
    |
106 |     Truncated { ordinal: u32, needed: usize },
    |     ^^^^^^^^^

warning: missing documentation for a struct field
   --> crates/semantic/src/ir/docs_facts.rs:106:17
    |
106 |     Truncated { ordinal: u32, needed: usize },
    |                 ^^^^^^^^^^^^

warning: missing documentation for a struct field
   --> crates/semantic/src/ir/docs_facts.rs:106:31
    |
106 |     Truncated { ordinal: u32, needed: usize },
    |                               ^^^^^^^^^^^^^

warning: missing documentation for a variant
   --> crates/semantic/src/ir/docs_facts.rs:108:5
    |
108 |     TrailingBytes { declared: u32 },
    |     ^^^^^^^^^^^^^

warning: missing documentation for a struct field
   --> crates/semantic/src/ir/docs_facts.rs:108:21
    |
108 |     TrailingBytes { declared: u32 },
    |                     ^^^^^^^^^^^^^

warning: missing documentation for a variant
   --> crates/semantic/src/ir/docs_facts.rs:110:5
    |
110 |     Presence { ordinal: u32, actual: u8 },
    |     ^^^^^^^^

warning: missing documentation for a struct field
   --> crates/semantic/src/ir/docs_facts.rs:110:16
    |
110 |     Presence { ordinal: u32, actual: u8 },
    |                ^^^^^^^^^^^^

warning: missing documentation for a struct field
   --> crates/semantic/src/ir/docs_facts.rs:110:30
    |
110 |     Presence { ordinal: u32, actual: u8 },
    |                              ^^^^^^^^^^

warning: missing documentation for a struct field
   --> crates/semantic/src/ir/edit_session.rs:256:26
    |
256 |     KeyChannelMismatch { channel: DependencyChannel },
    |                          ^^^^^^^^^^^^^^^^^^^^^^^^^^

warning: missing documentation for a struct field
    --> crates/semantic/src/ir/edit_session.rs:1580:26
     |
1580 |     FamilyKindMismatch { family: RowFamily },
     |                          ^^^^^^^^^^^^^^^^^

warning: missing documentation for a struct field
    --> crates/semantic/src/ir/edit_session.rs:1586:31
     |
1586 |     UnsortedOrDuplicateRows { family: RowFamily },
     |                               ^^^^^^^^^^^^^^^^^

warning: missing documentation for a struct field
    --> crates/semantic/src/ir/edit_session.rs:1603:32
     |
1603 |     UnobservedDependencyEdge { channel: DependencyChannel },
     |                                ^^^^^^^^^^^^^^^^^^^^^^^^^^

warning: missing documentation for a struct field
    --> crates/semantic/src/ir/edit_session.rs:1610:28
     |
1610 |     DependentRowNotOwned { family: RowFamily },
     |                            ^^^^^^^^^^^^^^^^^

warning: missing documentation for a struct field
    --> crates/semantic/src/ir/edit_session.rs:1618:29
     |
1618 |     DuplicateUnitRevision { unit: SourceUnitKey, revision: u64 },
     |                             ^^^^^^^^^^^^^^^^^^^

warning: missing documentation for a struct field
    --> crates/semantic/src/ir/edit_session.rs:1618:50
     |
1618 |     DuplicateUnitRevision { unit: SourceUnitKey, revision: u64 },
     |                                                  ^^^^^^^^^^^^^

warning: missing documentation for an enum
  --> crates/semantic/src/ir/extension_pools/model.rs:10:1
   |
10 | pub enum ExtensionTypeParameterBound<'bytes> {
   | ^^^^^^^^^^^^^^^^^^^^^^^^^^^^^^^^^^^^^^^^^^^^

warning: missing documentation for a variant
  --> crates/semantic/src/ir/extension_pools/model.rs:11:5
   |
11 |     Type(u32),
   |     ^^^^

warning: missing documentation for a variant
  --> crates/semantic/src/ir/extension_pools/model.rs:12:5
   |
12 |     Lifetime(&'bytes [u8]),
   |     ^^^^^^^^

warning: missing documentation for a struct
  --> crates/semantic/src/ir/extension_pools/model.rs:16:1
   |
16 | pub struct ExtensionTypeParameterBoundRange {
   | ^^^^^^^^^^^^^^^^^^^^^^^^^^^^^^^^^^^^^^^^^^^

warning: missing documentation for a struct field
  --> crates/semantic/src/ir/extension_pools/model.rs:17:5
   |
17 |     pub start: u32,
   |     ^^^^^^^^^^^^^^

warning: missing documentation for a struct field
  --> crates/semantic/src/ir/extension_pools/model.rs:18:5
   |
18 |     pub length: u32,
   |     ^^^^^^^^^^^^^^^

warning: missing documentation for an enum
  --> crates/semantic/src/ir/extension_pools/model.rs:22:1
   |
22 | pub enum ExtensionTypeParameterKind {
   | ^^^^^^^^^^^^^^^^^^^^^^^^^^^^^^^^^^^

warning: missing documentation for a variant
  --> crates/semantic/src/ir/extension_pools/model.rs:23:5
   |
23 |     Type { inference: TypeParameterInference },
   |     ^^^^

warning: missing documentation for a struct field
  --> crates/semantic/src/ir/extension_pools/model.rs:23:12
   |
23 |     Type { inference: TypeParameterInference },
   |            ^^^^^^^^^^^^^^^^^^^^^^^^^^^^^^^^^

warning: missing documentation for a variant
  --> crates/semantic/src/ir/extension_pools/model.rs:24:5
   |
24 |     ConstValue { value_type: u32 },
   |     ^^^^^^^^^^

warning: missing documentation for a struct field
  --> crates/semantic/src/ir/extension_pools/model.rs:24:18
   |
24 |     ConstValue { value_type: u32 },
   |                  ^^^^^^^^^^^^^^^

warning: missing documentation for a variant
  --> crates/semantic/src/ir/extension_pools/model.rs:25:5
   |
25 |     Lifetime,
   |     ^^^^^^^^

warning: missing documentation for a struct
  --> crates/semantic/src/ir/extension_pools/model.rs:29:1
   |
29 | pub struct ExtensionTypeParameter<'bytes> {
   | ^^^^^^^^^^^^^^^^^^^^^^^^^^^^^^^^^^^^^^^^^

warning: missing documentation for a struct field
  --> crates/semantic/src/ir/extension_pools/model.rs:30:5
   |
30 |     pub name: &'bytes [u8],
   |     ^^^^^^^^^^^^^^^^^^^^^^

warning: missing documentation for a struct field
  --> crates/semantic/src/ir/extension_pools/model.rs:31:5
   |
31 |     pub bounds: ExtensionTypeParameterBoundRange,
   |     ^^^^^^^^^^^^^^^^^^^^^^^^^^^^^^^^^^^^^^^^^^^^

warning: missing documentation for a struct field
  --> crates/semantic/src/ir/extension_pools/model.rs:32:5
   |
32 |     pub default: Option<u32>,
   |     ^^^^^^^^^^^^^^^^^^^^^^^^

warning: missing documentation for a struct field
  --> crates/semantic/src/ir/extension_pools/model.rs:33:5
   |
33 |     pub variance: Variance,
   |     ^^^^^^^^^^^^^^^^^^^^^^

warning: missing documentation for a struct field
  --> crates/semantic/src/ir/extension_pools/model.rs:34:5
   |
34 |     pub kind: ExtensionTypeParameterKind,
   |     ^^^^^^^^^^^^^^^^^^^^^^^^^^^^^^^^^^^^

warning: missing documentation for a struct field
  --> crates/semantic/src/ir/extension_pools/model.rs:35:5
   |
35 |     pub requirements: TypeParameterRequirements,
   |     ^^^^^^^^^^^^^^^^^^^^^^^^^^^^^^^^^^^^^^^^^^^

warning: missing documentation for a struct
  --> crates/semantic/src/ir/extension_pools/model.rs:39:1
   |
39 | pub struct ExtensionTypeParameterRange {
   | ^^^^^^^^^^^^^^^^^^^^^^^^^^^^^^^^^^^^^^

warning: missing documentation for a struct field
  --> crates/semantic/src/ir/extension_pools/model.rs:40:5
   |
40 |     pub start: u32,
   |     ^^^^^^^^^^^^^^

warning: missing documentation for a struct field
  --> crates/semantic/src/ir/extension_pools/model.rs:41:5
   |
41 |     pub length: u32,
   |     ^^^^^^^^^^^^^^^

warning: missing documentation for a struct
  --> crates/semantic/src/ir/extension_pools/model.rs:58:1
   |
58 | pub struct ExtensionRefList<'bytes> {
   | ^^^^^^^^^^^^^^^^^^^^^^^^^^^^^^^^^^^

warning: missing documentation for a struct field
  --> crates/semantic/src/ir/extension_pools/model.rs:59:5
   |
59 |     pub elements: &'bytes [u32],
   |     ^^^^^^^^^^^^^^^^^^^^^^^^^^^

warning: missing documentation for a variant
  --> crates/semantic/src/ir/extension_pools/model.rs:65:5
   |
65 |     Atoms,
   |     ^^^^^

warning: missing documentation for a variant
  --> crates/semantic/src/ir/extension_pools/model.rs:66:5
   |
66 |     Types,
   |     ^^^^^

warning: missing documentation for a variant
  --> crates/semantic/src/ir/extension_pools/model.rs:67:5
   |
67 |     Entities,
   |     ^^^^^^^^

warning: missing documentation for a struct
  --> crates/semantic/src/ir/extension_pools/model.rs:71:1
   |
71 | pub struct ExtensionPoolsLane<'bytes> {
   | ^^^^^^^^^^^^^^^^^^^^^^^^^^^^^^^^^^^^^

warning: missing documentation for a struct field
  --> crates/semantic/src/ir/extension_pools/model.rs:72:5
   |
72 |     pub type_parameters: &'bytes [ExtensionTypeParameter<'bytes>],
   |     ^^^^^^^^^^^^^^^^^^^^^^^^^^^^^^^^^^^^^^^^^^^^^^^^^^^^^^^^^^^^^

warning: missing documentation for a struct field
  --> crates/semantic/src/ir/extension_pools/model.rs:73:5
   |
73 |     pub type_parameter_bounds: &'bytes [ExtensionTypeParameterBound<'bytes>],
   |     ^^^^^^^^^^^^^^^^^^^^^^^^^^^^^^^^^^^^^^^^^^^^^^^^^^^^^^^^^^^^^^^^^^^^^^^^

warning: missing documentation for a struct field
  --> crates/semantic/src/ir/extension_pools/model.rs:74:5
   |
74 |     pub type_parameter_lists: &'bytes [ExtensionTypeParameterRange],
   |     ^^^^^^^^^^^^^^^^^^^^^^^^^^^^^^^^^^^^^^^^^^^^^^^^^^^^^^^^^^^^^^^

warning: missing documentation for a struct field
  --> crates/semantic/src/ir/extension_pools/model.rs:79:5
   |
79 |     pub atom_lists: &'bytes [ExtensionRefList<'bytes>],
   |     ^^^^^^^^^^^^^^^^^^^^^^^^^^^^^^^^^^^^^^^^^^^^^^^^^^

warning: missing documentation for a struct field
  --> crates/semantic/src/ir/extension_pools/model.rs:80:5
   |
80 |     pub type_lists: &'bytes [ExtensionRefList<'bytes>],
   |     ^^^^^^^^^^^^^^^^^^^^^^^^^^^^^^^^^^^^^^^^^^^^^^^^^^

warning: missing documentation for a struct field
  --> crates/semantic/src/ir/extension_pools/model.rs:81:5
   |
81 |     pub entity_lists: &'bytes [ExtensionRefList<'bytes>],
   |     ^^^^^^^^^^^^^^^^^^^^^^^^^^^^^^^^^^^^^^^^^^^^^^^^^^^^

warning: missing documentation for an enum
  --> crates/semantic/src/ir/extension_pools/model.rs:85:1
   |
85 | pub enum ExtensionPoolFault {
   | ^^^^^^^^^^^^^^^^^^^^^^^^^^^

warning: missing documentation for a variant
  --> crates/semantic/src/ir/extension_pools/model.rs:87:5
   |
87 |     EmptyName { ordinal: u32 },
   |     ^^^^^^^^^

warning: missing documentation for a struct field
  --> crates/semantic/src/ir/extension_pools/model.rs:87:17
   |
87 |     EmptyName { ordinal: u32 },
   |                 ^^^^^^^^^^^^

warning: missing documentation for a variant
  --> crates/semantic/src/ir/extension_pools/model.rs:89:5
   |
89 |     TypeReference {
   |     ^^^^^^^^^^^^^

warning: missing documentation for a struct field
  --> crates/semantic/src/ir/extension_pools/model.rs:90:9
   |
90 |         ordinal: u32,
   |         ^^^^^^^^^^^^

warning: missing documentation for a struct field
  --> crates/semantic/src/ir/extension_pools/model.rs:91:9
   |
91 |         field: TypeParameterField,
   |         ^^^^^^^^^^^^^^^^^^^^^^^^^

warning: missing documentation for a struct field
  --> crates/semantic/src/ir/extension_pools/model.rs:92:9
   |
92 |         raw: u32,
   |         ^^^^^^^^

warning: missing documentation for a struct field
  --> crates/semantic/src/ir/extension_pools/model.rs:93:9
   |
93 |         limit: u32,
   |         ^^^^^^^^^^

warning: missing documentation for a variant
  --> crates/semantic/src/ir/extension_pools/model.rs:96:5
   |
96 |     BoundTypeReference { bound: u32, raw: u32, limit: u32 },
   |     ^^^^^^^^^^^^^^^^^^

warning: missing documentation for a struct field
  --> crates/semantic/src/ir/extension_pools/model.rs:96:26
   |
96 |     BoundTypeReference { bound: u32, raw: u32, limit: u32 },
   |                          ^^^^^^^^^^

warning: missing documentation for a struct field
  --> crates/semantic/src/ir/extension_pools/model.rs:96:38
   |
96 |     BoundTypeReference { bound: u32, raw: u32, limit: u32 },
   |                                      ^^^^^^^^

warning: missing documentation for a struct field
  --> crates/semantic/src/ir/extension_pools/model.rs:96:48
   |
96 |     BoundTypeReference { bound: u32, raw: u32, limit: u32 },
   |                                                ^^^^^^^^^^

warning: missing documentation for a variant
   --> crates/semantic/src/ir/extension_pools/model.rs:100:5
    |
100 |     TypeParameterBounds {
    |     ^^^^^^^^^^^^^^^^^^^

warning: missing documentation for a struct field
   --> crates/semantic/src/ir/extension_pools/model.rs:101:9
    |
101 |         ordinal: u32,
    |         ^^^^^^^^^^^^

warning: missing documentation for a struct field
   --> crates/semantic/src/ir/extension_pools/model.rs:102:9
    |
102 |         start: u32,
    |         ^^^^^^^^^^

warning: missing documentation for a struct field
   --> crates/semantic/src/ir/extension_pools/model.rs:103:9
    |
103 |         length: u32,
    |         ^^^^^^^^^^^

warning: missing documentation for a struct field
   --> crates/semantic/src/ir/extension_pools/model.rs:104:9
    |
104 |         bound_count: u32,
    |         ^^^^^^^^^^^^^^^^

warning: missing documentation for a variant
   --> crates/semantic/src/ir/extension_pools/model.rs:107:5
    |
107 |     EmptyLifetime { bound: u32 },
    |     ^^^^^^^^^^^^^

warning: missing documentation for a struct field
   --> crates/semantic/src/ir/extension_pools/model.rs:107:21
    |
107 |     EmptyLifetime { bound: u32 },
    |                     ^^^^^^^^^^

warning: missing documentation for a variant
   --> crates/semantic/src/ir/extension_pools/model.rs:109:5
    |
109 |     TypeParameterBoundPosition { position: u32, length: u32 },
    |     ^^^^^^^^^^^^^^^^^^^^^^^^^^

warning: missing documentation for a struct field
   --> crates/semantic/src/ir/extension_pools/model.rs:109:34
    |
109 |     TypeParameterBoundPosition { position: u32, length: u32 },
    |                                  ^^^^^^^^^^^^^

warning: missing documentation for a struct field
   --> crates/semantic/src/ir/extension_pools/model.rs:109:49
    |
109 |     TypeParameterBoundPosition { position: u32, length: u32 },
    |                                                 ^^^^^^^^^^^

warning: missing documentation for a variant
   --> crates/semantic/src/ir/extension_pools/model.rs:111:5
    |
111 |     FreePredicateSubject {
    |     ^^^^^^^^^^^^^^^^^^^^

warning: missing documentation for a struct field
   --> crates/semantic/src/ir/extension_pools/model.rs:112:9
    |
112 |         predicate: u32,
    |         ^^^^^^^^^^^^^^

warning: missing documentation for a struct field
   --> crates/semantic/src/ir/extension_pools/model.rs:113:9
    |
113 |         raw: u32,
    |         ^^^^^^^^

warning: missing documentation for a struct field
   --> crates/semantic/src/ir/extension_pools/model.rs:114:9
    |
114 |         limit: u32,
    |         ^^^^^^^^^^

warning: missing documentation for a variant
   --> crates/semantic/src/ir/extension_pools/model.rs:119:5
    |
119 |     FreePredicateBounds {
    |     ^^^^^^^^^^^^^^^^^^^

warning: missing documentation for a struct field
   --> crates/semantic/src/ir/extension_pools/model.rs:120:9
    |
120 |         predicate: u32,
    |         ^^^^^^^^^^^^^^

warning: missing documentation for a struct field
   --> crates/semantic/src/ir/extension_pools/model.rs:121:9
    |
121 |         start: u32,
    |         ^^^^^^^^^^

warning: missing documentation for a struct field
   --> crates/semantic/src/ir/extension_pools/model.rs:122:9
    |
122 |         length: u32,
    |         ^^^^^^^^^^^

warning: missing documentation for a struct field
   --> crates/semantic/src/ir/extension_pools/model.rs:123:9
    |
123 |         bound_count: u32,
    |         ^^^^^^^^^^^^^^^^

warning: missing documentation for a variant
   --> crates/semantic/src/ir/extension_pools/model.rs:128:5
    |
128 |     FreePredicateList {
    |     ^^^^^^^^^^^^^^^^^

warning: missing documentation for a struct field
   --> crates/semantic/src/ir/extension_pools/model.rs:129:9
    |
129 |         list: u32,
    |         ^^^^^^^^^

warning: missing documentation for a struct field
   --> crates/semantic/src/ir/extension_pools/model.rs:130:9
    |
130 |         start: u32,
    |         ^^^^^^^^^^

warning: missing documentation for a struct field
   --> crates/semantic/src/ir/extension_pools/model.rs:131:9
    |
131 |         length: u32,
    |         ^^^^^^^^^^^

warning: missing documentation for a struct field
   --> crates/semantic/src/ir/extension_pools/model.rs:132:9
    |
132 |         predicate_count: u32,
    |         ^^^^^^^^^^^^^^^^^^^^

warning: missing documentation for a variant
   --> crates/semantic/src/ir/extension_pools/model.rs:137:5
    |
137 |     TypeParameterRequirements {
    |     ^^^^^^^^^^^^^^^^^^^^^^^^^

warning: missing documentation for a struct field
   --> crates/semantic/src/ir/extension_pools/model.rs:138:9
    |
138 |         ordinal: u32,
    |         ^^^^^^^^^^^^

warning: missing documentation for a struct field
   --> crates/semantic/src/ir/extension_pools/model.rs:139:9
    |
139 |         primary: TypeParameterPrimaryRequirement,
    |         ^^^^^^^^^^^^^^^^^^^^^^^^^^^^^^^^^^^^^^^^

warning: missing documentation for a struct field
   --> crates/semantic/src/ir/extension_pools/model.rs:140:9
    |
140 |         constructor: bool,
    |         ^^^^^^^^^^^^^^^^^

warning: missing documentation for a struct field
   --> crates/semantic/src/ir/extension_pools/model.rs:141:9
    |
141 |         allows_ref_like: bool,
    |         ^^^^^^^^^^^^^^^^^^^^^

warning: missing documentation for a variant
   --> crates/semantic/src/ir/extension_pools/model.rs:144:5
    |
144 |     TypeParameterTag {
    |     ^^^^^^^^^^^^^^^^

warning: missing documentation for a struct field
   --> crates/semantic/src/ir/extension_pools/model.rs:145:9
    |
145 |         ordinal: u32,
    |         ^^^^^^^^^^^^

warning: missing documentation for a struct field
   --> crates/semantic/src/ir/extension_pools/model.rs:146:9
    |
146 |         field: TypeParameterTagField,
    |         ^^^^^^^^^^^^^^^^^^^^^^^^^^^^

warning: missing documentation for a struct field
   --> crates/semantic/src/ir/extension_pools/model.rs:147:9
    |
147 |         actual: u8,
    |         ^^^^^^^^^^

warning: missing documentation for a variant
   --> crates/semantic/src/ir/extension_pools/model.rs:152:5
    |
152 |     TypeParameterRange {
    |     ^^^^^^^^^^^^^^^^^^

warning: missing documentation for a struct field
   --> crates/semantic/src/ir/extension_pools/model.rs:153:9
    |
153 |         list: u32,
    |         ^^^^^^^^^

warning: missing documentation for a struct field
   --> crates/semantic/src/ir/extension_pools/model.rs:154:9
    |
154 |         start: u32,
    |         ^^^^^^^^^^

warning: missing documentation for a struct field
   --> crates/semantic/src/ir/extension_pools/model.rs:155:9
    |
155 |         length: u32,
    |         ^^^^^^^^^^^

warning: missing documentation for a struct field
   --> crates/semantic/src/ir/extension_pools/model.rs:156:9
    |
156 |         element_count: u32,
    |         ^^^^^^^^^^^^^^^^^^

warning: missing documentation for a variant
   --> crates/semantic/src/ir/extension_pools/model.rs:159:5
    |
159 |     TypeParameterList { list: u32, count: u32 },
    |     ^^^^^^^^^^^^^^^^^

warning: missing documentation for a struct field
   --> crates/semantic/src/ir/extension_pools/model.rs:159:25
    |
159 |     TypeParameterList { list: u32, count: u32 },
    |                         ^^^^^^^^^

warning: missing documentation for a struct field
   --> crates/semantic/src/ir/extension_pools/model.rs:159:36
    |
159 |     TypeParameterList { list: u32, count: u32 },
    |                                    ^^^^^^^^^^

warning: missing documentation for a variant
   --> crates/semantic/src/ir/extension_pools/model.rs:161:5
    |
161 |     TypeParameterElement { ordinal: u32, count: u32 },
    |     ^^^^^^^^^^^^^^^^^^^^

warning: missing documentation for a struct field
   --> crates/semantic/src/ir/extension_pools/model.rs:161:28
    |
161 |     TypeParameterElement { ordinal: u32, count: u32 },
    |                            ^^^^^^^^^^^^

warning: missing documentation for a struct field
   --> crates/semantic/src/ir/extension_pools/model.rs:161:42
    |
161 |     TypeParameterElement { ordinal: u32, count: u32 },
    |                                          ^^^^^^^^^^

warning: missing documentation for a variant
   --> crates/semantic/src/ir/extension_pools/model.rs:163:5
    |
163 |     TypeParameterPosition { position: u32, length: u32 },
    |     ^^^^^^^^^^^^^^^^^^^^^

warning: missing documentation for a struct field
   --> crates/semantic/src/ir/extension_pools/model.rs:163:29
    |
163 |     TypeParameterPosition { position: u32, length: u32 },
    |                             ^^^^^^^^^^^^^

warning: missing documentation for a struct field
   --> crates/semantic/src/ir/extension_pools/model.rs:163:44
    |
163 |     TypeParameterPosition { position: u32, length: u32 },
    |                                            ^^^^^^^^^^^

warning: missing documentation for a variant
   --> crates/semantic/src/ir/extension_pools/model.rs:165:5
    |
165 |     LegacyTypeParameterStart { start: u32, element_count: u32 },
    |     ^^^^^^^^^^^^^^^^^^^^^^^^

warning: missing documentation for a struct field
   --> crates/semantic/src/ir/extension_pools/model.rs:165:32
    |
165 |     LegacyTypeParameterStart { start: u32, element_count: u32 },
    |                                ^^^^^^^^^^

warning: missing documentation for a struct field
   --> crates/semantic/src/ir/extension_pools/model.rs:165:44
    |
165 |     LegacyTypeParameterStart { start: u32, element_count: u32 },
    |                                            ^^^^^^^^^^^^^^^^^^

warning: missing documentation for a variant
   --> crates/semantic/src/ir/extension_pools/model.rs:167:5
    |
167 |     Reference {
    |     ^^^^^^^^^

warning: missing documentation for a struct field
   --> crates/semantic/src/ir/extension_pools/model.rs:168:9
    |
168 |         lane: ExtensionPoolListLane,
    |         ^^^^^^^^^^^^^^^^^^^^^^^^^^^

warning: missing documentation for a struct field
   --> crates/semantic/src/ir/extension_pools/model.rs:169:9
    |
169 |         list: u32,
    |         ^^^^^^^^^

warning: missing documentation for a struct field
   --> crates/semantic/src/ir/extension_pools/model.rs:170:9
    |
170 |         position: u32,
    |         ^^^^^^^^^^^^^

warning: missing documentation for a struct field
   --> crates/semantic/src/ir/extension_pools/model.rs:171:9
    |
171 |         raw: u32,
    |         ^^^^^^^^

warning: missing documentation for a struct field
   --> crates/semantic/src/ir/extension_pools/model.rs:172:9
    |
172 |         limit: u32,
    |         ^^^^^^^^^^

warning: missing documentation for a variant
   --> crates/semantic/src/ir/extension_pools/model.rs:175:5
    |
175 |     Truncated { needed: usize },
    |     ^^^^^^^^^

warning: missing documentation for a struct field
   --> crates/semantic/src/ir/extension_pools/model.rs:175:17
    |
175 |     Truncated { needed: usize },
    |                 ^^^^^^^^^^^^^

warning: missing documentation for a variant
   --> crates/semantic/src/ir/extension_pools/model.rs:177:5
    |
177 |     TrailingBytes,
    |     ^^^^^^^^^^^^^

warning: missing documentation for a variant
   --> crates/semantic/src/ir/extension_pools/model.rs:179:5
    |
179 |     Presence { actual: u8 },
    |     ^^^^^^^^

warning: missing documentation for a struct field
   --> crates/semantic/src/ir/extension_pools/model.rs:179:16
    |
179 |     Presence { actual: u8 },
    |                ^^^^^^^^^^

warning: missing documentation for a variant
   --> crates/semantic/src/ir/extension_pools/model.rs:181:5
    |
181 |     StructuralOverflow { at: usize },
    |     ^^^^^^^^^^^^^^^^^^

warning: missing documentation for a struct field
   --> crates/semantic/src/ir/extension_pools/model.rs:181:26
    |
181 |     StructuralOverflow { at: usize },
    |                          ^^^^^^^^^

warning: missing documentation for an enum
   --> crates/semantic/src/ir/extension_pools/model.rs:185:1
    |
185 | pub enum TypeParameterField {
    | ^^^^^^^^^^^^^^^^^^^^^^^^^^^

warning: missing documentation for a variant
   --> crates/semantic/src/ir/extension_pools/model.rs:186:5
    |
186 |     LegacyConstraint,
    |     ^^^^^^^^^^^^^^^^

warning: missing documentation for a variant
   --> crates/semantic/src/ir/extension_pools/model.rs:187:5
    |
187 |     Default,
    |     ^^^^^^^

warning: missing documentation for a variant
   --> crates/semantic/src/ir/extension_pools/model.rs:188:5
    |
188 |     ConstValueType,
    |     ^^^^^^^^^^^^^^

warning: missing documentation for an enum
   --> crates/semantic/src/ir/extension_pools/model.rs:192:1
    |
192 | pub enum TypeParameterTagField {
    | ^^^^^^^^^^^^^^^^^^^^^^^^^^^^^^

warning: missing documentation for a variant
   --> crates/semantic/src/ir/extension_pools/model.rs:193:5
    |
193 |     Variance,
    |     ^^^^^^^^

warning: missing documentation for a variant
   --> crates/semantic/src/ir/extension_pools/model.rs:194:5
    |
194 |     Kind,
    |     ^^^^

warning: missing documentation for a variant
   --> crates/semantic/src/ir/extension_pools/model.rs:195:5
    |
195 |     PrimaryRequirement,
    |     ^^^^^^^^^^^^^^^^^^

warning: missing documentation for a variant
   --> crates/semantic/src/ir/extension_pools/model.rs:196:5
    |
196 |     RequirementFlags,
    |     ^^^^^^^^^^^^^^^^

warning: missing documentation for a variant
   --> crates/semantic/src/ir/extension_pools/model.rs:197:5
    |
197 |     Bound,
    |     ^^^^^

warning: missing documentation for an enum
   --> crates/semantic/src/ir/extension_pools/model.rs:201:1
    |
201 | pub enum TypeParameterListBounds {
    | ^^^^^^^^^^^^^^^^^^^^^^^^^^^^^^^^

warning: missing documentation for a variant
   --> crates/semantic/src/ir/extension_pools/model.rs:202:5
    |
202 |     ExactRanges { count: u32 },
    |     ^^^^^^^^^^^

warning: missing documentation for a struct field
   --> crates/semantic/src/ir/extension_pools/model.rs:202:19
    |
202 |     ExactRanges { count: u32 },
    |                   ^^^^^^^^^^

warning: missing documentation for a variant
   --> crates/semantic/src/ir/extension_pools/model.rs:203:5
    |
203 |     LegacyStarts { element_count: u32 },
    |     ^^^^^^^^^^^^

warning: missing documentation for a struct field
   --> crates/semantic/src/ir/extension_pools/model.rs:203:20
    |
203 |     LegacyStarts { element_count: u32 },
    |                    ^^^^^^^^^^^^^^^^^^

warning: missing documentation for an enum
  --> crates/semantic/src/ir/extension_pools/reopen.rs:67:1
   |
67 | pub enum DecodedTypeParameterSemantics {
   | ^^^^^^^^^^^^^^^^^^^^^^^^^^^^^^^^^^^^^^

warning: missing documentation for a variant
  --> crates/semantic/src/ir/extension_pools/reopen.rs:68:5
   |
68 |     Exact {
   |     ^^^^^

warning: missing documentation for a struct field
  --> crates/semantic/src/ir/extension_pools/reopen.rs:69:9
   |
69 |         bounds: ExtensionTypeParameterBoundRange,
   |         ^^^^^^^^^^^^^^^^^^^^^^^^^^^^^^^^^^^^^^^^

warning: missing documentation for a struct field
  --> crates/semantic/src/ir/extension_pools/reopen.rs:70:9
   |
70 |         variance: Variance,
   |         ^^^^^^^^^^^^^^^^^^

warning: missing documentation for a struct field
  --> crates/semantic/src/ir/extension_pools/reopen.rs:71:9
   |
71 |         kind: DecodedTypeParameterKind,
   |         ^^^^^^^^^^^^^^^^^^^^^^^^^^^^^^

warning: missing documentation for a struct field
  --> crates/semantic/src/ir/extension_pools/reopen.rs:72:9
   |
72 |         requirements: TypeParameterRequirements,
   |         ^^^^^^^^^^^^^^^^^^^^^^^^^^^^^^^^^^^^^^^

warning: missing documentation for a variant
  --> crates/semantic/src/ir/extension_pools/reopen.rs:74:5
   |
74 |     Legacy {
   |     ^^^^^^

warning: missing documentation for a struct field
  --> crates/semantic/src/ir/extension_pools/reopen.rs:75:9
   |
75 |         constraint: Option<u32>,
   |         ^^^^^^^^^^^^^^^^^^^^^^^

warning: missing documentation for an enum
  --> crates/semantic/src/ir/extension_pools/reopen.rs:80:1
   |
80 | pub enum DecodedTypeParameterKind {
   | ^^^^^^^^^^^^^^^^^^^^^^^^^^^^^^^^^

warning: missing documentation for a variant
  --> crates/semantic/src/ir/extension_pools/reopen.rs:81:5
   |
81 |     Type { inference: TypeParameterInference },
   |     ^^^^

warning: missing documentation for a struct field
  --> crates/semantic/src/ir/extension_pools/reopen.rs:81:12
   |
81 |     Type { inference: TypeParameterInference },
   |            ^^^^^^^^^^^^^^^^^^^^^^^^^^^^^^^^^

warning: missing documentation for a variant
  --> crates/semantic/src/ir/extension_pools/reopen.rs:82:5
   |
82 |     ConstValue { value_type: u32 },
   |     ^^^^^^^^^^

warning: missing documentation for a struct field
  --> crates/semantic/src/ir/extension_pools/reopen.rs:82:18
   |
82 |     ConstValue { value_type: u32 },
   |                  ^^^^^^^^^^^^^^^

warning: missing documentation for a variant
  --> crates/semantic/src/ir/extension_pools/reopen.rs:83:5
   |
83 |     Lifetime,
   |     ^^^^^^^^

warning: missing documentation for an enum
  --> crates/semantic/src/ir/extension_pools/reopen.rs:87:1
   |
87 | pub enum DecodedTypeParameterBound<'payload> {
   | ^^^^^^^^^^^^^^^^^^^^^^^^^^^^^^^^^^^^^^^^^^^^

warning: missing documentation for a variant
  --> crates/semantic/src/ir/extension_pools/reopen.rs:88:5
   |
88 |     Type(u32),
   |     ^^^^

warning: missing documentation for a variant
  --> crates/semantic/src/ir/extension_pools/reopen.rs:89:5
   |
89 |     Lifetime(&'payload [u8]),
   |     ^^^^^^^^

warning: missing documentation for a method
   --> crates/semantic/src/ir/extension_pools/reopen.rs:102:5
    |
102 | /     pub fn get(
103 | |         &self,
104 | |         position: u32,
105 | |     ) -> Result<DecodedTypeParameterBound<'payload>, ExtensionPoolFault> {
    | |________________________________________________________________________^

warning: missing documentation for a struct
   --> crates/semantic/src/ir/extension_pools/reopen.rs:144:1
    |
144 | pub struct DecodedTypeParameterBoundCursor<'payload> {
    | ^^^^^^^^^^^^^^^^^^^^^^^^^^^^^^^^^^^^^^^^^^^^^^^^^^^^

warning: missing documentation for a struct field
   --> crates/semantic/src/ir/extension_pools/reopen.rs:270:23
    |
270 |     LegacyStartOnly { start: u32 },
    |                       ^^^^^^^^^^

warning: missing documentation for a method
   --> crates/semantic/src/ir/extension_pools/reopen.rs:506:5
    |
506 |     pub fn atom_list(&self, ordinal: u32) -> Result<DecodedRefList<'payload>, ExtensionPoolFault> {
    |     ^^^^^^^^^^^^^^^^^^^^^^^^^^^^^^^^^^^^^^^^^^^^^^^^^^^^^^^^^^^^^^^^^^^^^^^^^^^^^^^^^^^^^^^^^^^^^

warning: missing documentation for a method
   --> crates/semantic/src/ir/extension_pools/reopen.rs:510:5
    |
510 |     pub fn type_list(&self, ordinal: u32) -> Result<DecodedRefList<'payload>, ExtensionPoolFault> {
    |     ^^^^^^^^^^^^^^^^^^^^^^^^^^^^^^^^^^^^^^^^^^^^^^^^^^^^^^^^^^^^^^^^^^^^^^^^^^^^^^^^^^^^^^^^^^^^^

warning: missing documentation for a method
   --> crates/semantic/src/ir/extension_pools/reopen.rs:514:5
    |
514 | /     pub fn entity_list(
515 | |         &self,
516 | |         ordinal: u32,
517 | |     ) -> Result<DecodedRefList<'payload>, ExtensionPoolFault> {
    | |_____________________________________________________________^

warning: missing documentation for a struct
   --> crates/semantic/src/ir/interner.rs:210:1
    |
210 | pub struct ArenaRange {
    | ^^^^^^^^^^^^^^^^^^^^^

warning: missing documentation for a struct field
   --> crates/semantic/src/ir/jumbo_rope/mod.rs:277:28
    |
277 |     DescriptorWireLength { expected: usize, observed: usize },
    |                            ^^^^^^^^^^^^^^^

warning: missing documentation for a struct field
   --> crates/semantic/src/ir/jumbo_rope/mod.rs:277:45
    |
277 |     DescriptorWireLength { expected: usize, observed: usize },
    |                                             ^^^^^^^^^^^^^^^

warning: missing documentation for a struct field
   --> crates/semantic/src/ir/jumbo_rope/mod.rs:289:21
    |
289 |     ValueTooLarge { observed: u64, maximum: u64 },
    |                     ^^^^^^^^^^^^^

warning: missing documentation for a struct field
   --> crates/semantic/src/ir/jumbo_rope/mod.rs:289:36
    |
289 |     ValueTooLarge { observed: u64, maximum: u64 },
    |                                    ^^^^^^^^^^^^

warning: missing documentation for a struct field
   --> crates/semantic/src/ir/jumbo_rope/mod.rs:292:21
    |
292 |     TooManyLeaves { observed: u64, maximum: u64 },
    |                     ^^^^^^^^^^^^^

warning: missing documentation for a struct field
   --> crates/semantic/src/ir/jumbo_rope/mod.rs:292:36
    |
292 |     TooManyLeaves { observed: u64, maximum: u64 },
    |                                    ^^^^^^^^^^^^

warning: missing documentation for a struct field
   --> crates/semantic/src/ir/jumbo_rope/mod.rs:295:24
    |
295 |     MetadataTooLarge { observed: usize, maximum: usize },
    |                        ^^^^^^^^^^^^^^^

warning: missing documentation for a struct field
   --> crates/semantic/src/ir/jumbo_rope/mod.rs:295:41
    |
295 |     MetadataTooLarge { observed: usize, maximum: usize },
    |                                         ^^^^^^^^^^^^^^

warning: missing documentation for a struct field
   --> crates/semantic/src/ir/jumbo_rope/mod.rs:310:23
    |
310 |     ScratchCapacity { observed: usize, maximum: usize },
    |                       ^^^^^^^^^^^^^^^

warning: missing documentation for a struct field
   --> crates/semantic/src/ir/jumbo_rope/mod.rs:310:40
    |
310 |     ScratchCapacity { observed: usize, maximum: usize },
    |                                        ^^^^^^^^^^^^^^

warning: missing documentation for a struct field
   --> crates/semantic/src/ir/jumbo_rope/mod.rs:313:24
    |
313 |     FrontierCapacity { observed: usize, maximum: usize },
    |                        ^^^^^^^^^^^^^^^

warning: missing documentation for a struct field
   --> crates/semantic/src/ir/jumbo_rope/mod.rs:313:41
    |
313 |     FrontierCapacity { observed: usize, maximum: usize },
    |                                         ^^^^^^^^^^^^^^

warning: missing documentation for a struct field
   --> crates/semantic/src/ir/jumbo_rope/mod.rs:316:25
    |
316 |     InvalidLeafLength { ordinal: u64, observed: usize },
    |                         ^^^^^^^^^^^^

warning: missing documentation for a struct field
   --> crates/semantic/src/ir/jumbo_rope/mod.rs:316:39
    |
316 |     InvalidLeafLength { ordinal: u64, observed: usize },
    |                                       ^^^^^^^^^^^^^^^

warning: missing documentation for a struct field
   --> crates/semantic/src/ir/jumbo_rope/mod.rs:319:29
    |
319 |     LeafOrdinalOutOfRange { ordinal: u64, leaf_count: u64 },
    |                             ^^^^^^^^^^^^

warning: missing documentation for a struct field
   --> crates/semantic/src/ir/jumbo_rope/mod.rs:319:43
    |
319 |     LeafOrdinalOutOfRange { ordinal: u64, leaf_count: u64 },
    |                                           ^^^^^^^^^^^^^^^

warning: missing documentation for a struct field
   --> crates/semantic/src/ir/jumbo_rope/mod.rs:322:20
    |
322 |     ProofTooDeep { observed: usize, maximum: usize },
    |                    ^^^^^^^^^^^^^^^

warning: missing documentation for a struct field
   --> crates/semantic/src/ir/jumbo_rope/mod.rs:322:37
    |
322 |     ProofTooDeep { observed: usize, maximum: usize },
    |                                     ^^^^^^^^^^^^^^

warning: missing documentation for a struct field
   --> crates/semantic/src/ir/jumbo_rope/mod.rs:337:21
    |
337 |     MissingLeaves { missing: u64 },
    |                     ^^^^^^^^^^^^

warning: missing documentation for an enum
  --> crates/semantic/src/ir/model.rs:19:1
   |
19 | pub enum SourceIdentityFault {
   | ^^^^^^^^^^^^^^^^^^^^^^^^^^^^

warning: missing documentation for a variant
  --> crates/semantic/src/ir/model.rs:21:5
   |
21 |     Authority(#[source] backend_version::ContentIdDecodeError),
   |     ^^^^^^^^^

warning: missing documentation for an enum
  --> crates/semantic/src/ir/model.rs:25:1
   |
25 | pub enum RecipeFactFault {
   | ^^^^^^^^^^^^^^^^^^^^^^^^

warning: missing documentation for a variant
  --> crates/semantic/src/ir/model.rs:27:5
   |
27 |     Profile { actual: [u8; 2] },
   |     ^^^^^^^

warning: missing documentation for a struct field
  --> crates/semantic/src/ir/model.rs:27:15
   |
27 |     Profile { actual: [u8; 2] },
   |               ^^^^^^^^^^^^^^^

warning: missing documentation for a variant
  --> crates/semantic/src/ir/model.rs:29:5
   |
29 |     Stage { actual: u8 },
   |     ^^^^^

warning: missing documentation for a struct field
  --> crates/semantic/src/ir/model.rs:29:13
   |
29 |     Stage { actual: u8 },
   |             ^^^^^^^^^^

warning: missing documentation for a variant
  --> crates/semantic/src/ir/model.rs:31:5
   |
31 |     Tool { actual: u8 },
   |     ^^^^

warning: missing documentation for a struct field
  --> crates/semantic/src/ir/model.rs:31:12
   |
31 |     Tool { actual: u8 },
   |            ^^^^^^^^^^

warning: missing documentation for a variant
  --> crates/semantic/src/ir/model.rs:33:5
   |
33 |     Identity(#[source] backend_version::ContentIdDecodeError),
   |     ^^^^^^^^

warning: missing documentation for a variant
  --> crates/semantic/src/ir/model.rs:35:5
   |
35 |     Toolchain(#[source] backend_version::ContentIdDecodeError),
   |     ^^^^^^^^^

warning: missing documentation for a variant
  --> crates/semantic/src/ir/model.rs:37:5
   |
37 |     IdentityRelation {
   |     ^^^^^^^^^^^^^^^^

warning: missing documentation for a struct field
  --> crates/semantic/src/ir/model.rs:38:9
   |
38 |         expected: ContentId<backend_version::CompileRecipeDomain>,
   |         ^^^^^^^^^^^^^^^^^^^^^^^^^^^^^^^^^^^^^^^^^^^^^^^^^^^^^^^^^

warning: missing documentation for a struct field
  --> crates/semantic/src/ir/model.rs:39:9
   |
39 |         observed: ContentId<backend_version::CompileRecipeDomain>,
   |         ^^^^^^^^^^^^^^^^^^^^^^^^^^^^^^^^^^^^^^^^^^^^^^^^^^^^^^^^^

warning: missing documentation for a struct
  --> crates/semantic/src/ir/model.rs:48:1
   |
48 | pub struct EntityFault {
   | ^^^^^^^^^^^^^^^^^^^^^^

warning: missing documentation for a struct field
  --> crates/semantic/src/ir/model.rs:49:5
   |
49 |     pub target: TypeId,
   |     ^^^^^^^^^^^^^^^^^^

warning: missing documentation for a struct field
  --> crates/semantic/src/ir/model.rs:50:5
   |
50 |     pub node_count: u32,
   |     ^^^^^^^^^^^^^^^^^^^

warning: missing documentation for a struct
  --> crates/semantic/src/ir/model.rs:55:1
   |
55 | pub struct EntityNameFault {
   | ^^^^^^^^^^^^^^^^^^^^^^^^^^

warning: missing documentation for a struct field
  --> crates/semantic/src/ir/model.rs:56:5
   |
56 |     pub target: AtomId,
   |     ^^^^^^^^^^^^^^^^^^

warning: missing documentation for a struct field
  --> crates/semantic/src/ir/model.rs:57:5
   |
57 |     pub atom_count: u32,
   |     ^^^^^^^^^^^^^^^^^^^

warning: missing documentation for an enum
  --> crates/semantic/src/ir/model.rs:61:1
   |
61 | pub enum EntityRecordFault {
   | ^^^^^^^^^^^^^^^^^^^^^^^^^^

warning: missing documentation for a variant
  --> crates/semantic/src/ir/model.rs:63:5
   |
63 |     Type(#[from] EntityFault),
   |     ^^^^

warning: missing documentation for a variant
  --> crates/semantic/src/ir/model.rs:65:5
   |
65 |     Name(#[from] EntityNameFault),
   |     ^^^^

warning: missing documentation for a variant
  --> crates/semantic/src/ir/model.rs:67:5
   |
67 |     Kind { actual: u16 },
   |     ^^^^

warning: missing documentation for a struct field
  --> crates/semantic/src/ir/model.rs:67:12
   |
67 |     Kind { actual: u16 },
   |            ^^^^^^^^^^^

warning: missing documentation for a variant
  --> crates/semantic/src/ir/model.rs:69:5
   |
69 |     Reserved { actual: u16 },
   |     ^^^^^^^^

warning: missing documentation for a struct field
  --> crates/semantic/src/ir/model.rs:69:16
   |
69 |     Reserved { actual: u16 },
   |                ^^^^^^^^^^^

warning: missing documentation for an enum
  --> crates/semantic/src/ir/model.rs:73:1
   |
73 | pub enum AtomFault {
   | ^^^^^^^^^^^^^^^^^^

warning: missing documentation for a variant
  --> crates/semantic/src/ir/model.rs:75:5
   |
75 |     Range {
   |     ^^^^^

warning: missing documentation for a struct field
  --> crates/semantic/src/ir/model.rs:76:9
   |
76 |         ordinal: AtomId,
   |         ^^^^^^^^^^^^^^^

warning: missing documentation for a struct field
  --> crates/semantic/src/ir/model.rs:77:9
   |
77 |         start: u32,
   |         ^^^^^^^^^^

warning: missing documentation for a struct field
  --> crates/semantic/src/ir/model.rs:78:9
   |
78 |         length: u32,
   |         ^^^^^^^^^^^

warning: missing documentation for a struct field
  --> crates/semantic/src/ir/model.rs:79:9
   |
79 |         byte_count: u32,
   |         ^^^^^^^^^^^^^^^

warning: missing documentation for a variant
  --> crates/semantic/src/ir/model.rs:82:5
   |
82 |     Empty { ordinal: AtomId },
   |     ^^^^^

warning: missing documentation for a struct field
  --> crates/semantic/src/ir/model.rs:82:13
   |
82 |     Empty { ordinal: AtomId },
   |             ^^^^^^^^^^^^^^^

warning: missing documentation for a struct
   --> crates/semantic/src/ir/model.rs:100:1
    |
100 | pub struct EntityRecord {
    | ^^^^^^^^^^^^^^^^^^^^^^^

warning: missing documentation for a struct field
   --> crates/semantic/src/ir/model.rs:101:5
    |
101 |     pub semantic_type: TypeId,
    |     ^^^^^^^^^^^^^^^^^^^^^^^^^

warning: missing documentation for a struct field
   --> crates/semantic/src/ir/model.rs:102:5
    |
102 |     pub name: AtomId,
    |     ^^^^^^^^^^^^^^^^

warning: missing documentation for a struct field
   --> crates/semantic/src/ir/model.rs:103:5
    |
103 |     pub kind: EntityKind,
    |     ^^^^^^^^^^^^^^^^^^^^

warning: missing documentation for a struct
   --> crates/semantic/src/ir/model.rs:107:1
    |
107 | pub struct EntityType {
    | ^^^^^^^^^^^^^^^^^^^^^

warning: missing documentation for a struct field
   --> crates/semantic/src/ir/model.rs:108:5
    |
108 |     pub entity: EntityId,
    |     ^^^^^^^^^^^^^^^^^^^^

warning: missing documentation for a struct field
   --> crates/semantic/src/ir/model.rs:109:5
    |
109 |     pub semantic_type: TypeId,
    |     ^^^^^^^^^^^^^^^^^^^^^^^^^

warning: missing documentation for a struct field
   --> crates/semantic/src/ir/model.rs:110:5
    |
110 |     pub name: AtomId,
    |     ^^^^^^^^^^^^^^^^

warning: missing documentation for a struct field
   --> crates/semantic/src/ir/model.rs:111:5
    |
111 |     pub kind: EntityKind,
    |     ^^^^^^^^^^^^^^^^^^^^

warning: missing documentation for an enum
   --> crates/semantic/src/ir/model.rs:116:1
    |
116 | pub enum PrimitiveType {
    | ^^^^^^^^^^^^^^^^^^^^^^

warning: missing documentation for a variant
   --> crates/semantic/src/ir/model.rs:117:5
    |
117 |     Bool = 0,
    |     ^^^^

warning: missing documentation for a variant
   --> crates/semantic/src/ir/model.rs:118:5
    |
118 |     I32 = 1,
    |     ^^^

warning: missing documentation for a variant
   --> crates/semantic/src/ir/model.rs:119:5
    |
119 |     String = 2,
    |     ^^^^^^

warning: missing documentation for an enum
   --> crates/semantic/src/ir/model.rs:123:1
    |
123 | pub enum TypeNode {
    | ^^^^^^^^^^^^^^^^^

warning: missing documentation for a variant
   --> crates/semantic/src/ir/model.rs:124:5
    |
124 |     Primitive(PrimitiveType),
    |     ^^^^^^^^^

warning: missing documentation for a variant
   --> crates/semantic/src/ir/model.rs:125:5
    |
125 |     Reference(TypeId),
    |     ^^^^^^^^^

warning: missing documentation for an enum
   --> crates/semantic/src/ir/model.rs:129:1
    |
129 | pub enum TypeNodeFault {
    | ^^^^^^^^^^^^^^^^^^^^^^

warning: missing documentation for a variant
   --> crates/semantic/src/ir/model.rs:131:5
    |
131 |     Reserved { actual: [u8; 3] },
    |     ^^^^^^^^

warning: missing documentation for a struct field
   --> crates/semantic/src/ir/model.rs:131:16
    |
131 |     Reserved { actual: [u8; 3] },
    |                ^^^^^^^^^^^^^^^

warning: missing documentation for a variant
   --> crates/semantic/src/ir/model.rs:133:5
    |
133 |     Tag { actual: u8 },
    |     ^^^

warning: missing documentation for a struct field
   --> crates/semantic/src/ir/model.rs:133:11
    |
133 |     Tag { actual: u8 },
    |           ^^^^^^^^^^

warning: missing documentation for a variant
   --> crates/semantic/src/ir/model.rs:135:5
    |
135 |     Primitive { actual: u32 },
    |     ^^^^^^^^^

warning: missing documentation for a struct field
   --> crates/semantic/src/ir/model.rs:135:17
    |
135 |     Primitive { actual: u32 },
    |                 ^^^^^^^^^^^

warning: missing documentation for a variant
   --> crates/semantic/src/ir/model.rs:137:5
    |
137 |     Edge { target: TypeId, node_count: u32 },
    |     ^^^^

warning: missing documentation for a struct field
   --> crates/semantic/src/ir/model.rs:137:12
    |
137 |     Edge { target: TypeId, node_count: u32 },
    |            ^^^^^^^^^^^^^^

warning: missing documentation for a struct field
   --> crates/semantic/src/ir/model.rs:137:28
    |
137 |     Edge { target: TypeId, node_count: u32 },
    |                            ^^^^^^^^^^^^^^^

warning: missing documentation for an enum
  --> crates/semantic/src/ir/prepared.rs:30:1
   |
30 | pub enum LayoutStep {
   | ^^^^^^^^^^^^^^^^^^^

warning: missing documentation for a variant
  --> crates/semantic/src/ir/prepared.rs:31:5
   |
31 |     Directory,
   |     ^^^^^^^^^

warning: missing documentation for a variant
  --> crates/semantic/src/ir/prepared.rs:32:5
   |
32 |     EntityLane,
   |     ^^^^^^^^^^

warning: missing documentation for a variant
  --> crates/semantic/src/ir/prepared.rs:33:5
   |
33 |     TypeNodeLane,
   |     ^^^^^^^^^^^^

warning: missing documentation for a variant
  --> crates/semantic/src/ir/prepared.rs:34:5
   |
34 |     AtomRecordLane,
   |     ^^^^^^^^^^^^^^

warning: missing documentation for a variant
  --> crates/semantic/src/ir/prepared.rs:35:5
   |
35 |     AtomByteLane,
   |     ^^^^^^^^^^^^

warning: missing documentation for a variant
  --> crates/semantic/src/ir/prepared.rs:36:5
   |
36 |     SourceIdentityLane,
   |     ^^^^^^^^^^^^^^^^^^

warning: missing documentation for a variant
  --> crates/semantic/src/ir/prepared.rs:37:5
   |
37 |     RecipeFactLane,
   |     ^^^^^^^^^^^^^^

warning: missing documentation for a variant
  --> crates/semantic/src/ir/prepared.rs:38:5
   |
38 |     SemanticData,
   |     ^^^^^^^^^^^^

warning: missing documentation for a variant
  --> crates/semantic/src/ir/prepared.rs:39:5
   |
39 |     Occurrences,
   |     ^^^^^^^^^^^

warning: missing documentation for a variant
  --> crates/semantic/src/ir/prepared.rs:40:5
   |
40 |     TypeFacts,
   |     ^^^^^^^^^

warning: missing documentation for a variant
  --> crates/semantic/src/ir/prepared.rs:41:5
   |
41 |     Documentation,
   |     ^^^^^^^^^^^^^

warning: missing documentation for a variant
  --> crates/semantic/src/ir/prepared.rs:42:5
   |
42 |     LanguageExtensions,
   |     ^^^^^^^^^^^^^^^^^^

warning: missing documentation for a variant
  --> crates/semantic/src/ir/prepared.rs:43:5
   |
43 |     ExtensionPools,
   |     ^^^^^^^^^^^^^^

warning: missing documentation for an enum
  --> crates/semantic/src/ir/prepared.rs:47:1
   |
47 | pub enum PrepareError {
   | ^^^^^^^^^^^^^^^^^^^^^

warning: missing documentation for a variant
  --> crates/semantic/src/ir/prepared.rs:49:5
   |
49 |     Count {
   |     ^^^^^

warning: missing documentation for a struct field
  --> crates/semantic/src/ir/prepared.rs:50:9
   |
50 |         lane: LayoutStep,
   |         ^^^^^^^^^^^^^^^^

warning: missing documentation for a struct field
  --> crates/semantic/src/ir/prepared.rs:51:9
   |
51 |         actual: usize,
   |         ^^^^^^^^^^^^^

warning: missing documentation for a struct field
  --> crates/semantic/src/ir/prepared.rs:53:9
   |
53 |         source: TryFromIntError,
   |         ^^^^^^^^^^^^^^^^^^^^^^^

warning: missing documentation for a variant
  --> crates/semantic/src/ir/prepared.rs:56:5
   |
56 |     AtomBytePoolOverflow { ordinal: AtomId },
   |     ^^^^^^^^^^^^^^^^^^^^

warning: missing documentation for a struct field
  --> crates/semantic/src/ir/prepared.rs:56:28
   |
56 |     AtomBytePoolOverflow { ordinal: AtomId },
   |                            ^^^^^^^^^^^^^^^

warning: missing documentation for a variant
  --> crates/semantic/src/ir/prepared.rs:60:5
   |
60 |     LayoutOverflow {
   |     ^^^^^^^^^^^^^^

warning: missing documentation for a struct field
  --> crates/semantic/src/ir/prepared.rs:61:9
   |
61 |         step: LayoutStep,
   |         ^^^^^^^^^^^^^^^^

warning: missing documentation for a struct field
  --> crates/semantic/src/ir/prepared.rs:62:9
   |
62 |         entity_count: u32,
   |         ^^^^^^^^^^^^^^^^^

warning: missing documentation for a struct field
  --> crates/semantic/src/ir/prepared.rs:63:9
   |
63 |         type_node_count: u32,
   |         ^^^^^^^^^^^^^^^^^^^^

warning: missing documentation for a variant
  --> crates/semantic/src/ir/prepared.rs:66:5
   |
66 |     NativeCount {
   |     ^^^^^^^^^^^

warning: missing documentation for a struct field
  --> crates/semantic/src/ir/prepared.rs:67:9
   |
67 |         step: LayoutStep,
   |         ^^^^^^^^^^^^^^^^

warning: missing documentation for a struct field
  --> crates/semantic/src/ir/prepared.rs:68:9
   |
68 |         actual: u32,
   |         ^^^^^^^^^^^

warning: missing documentation for a struct field
  --> crates/semantic/src/ir/prepared.rs:70:9
   |
70 |         source: TryFromIntError,
   |         ^^^^^^^^^^^^^^^^^^^^^^^

warning: missing documentation for a variant
  --> crates/semantic/src/ir/prepared.rs:73:5
   |
73 |     OutputLength {
   |     ^^^^^^^^^^^^

warning: missing documentation for a struct field
  --> crates/semantic/src/ir/prepared.rs:74:9
   |
74 |         actual: usize,
   |         ^^^^^^^^^^^^^

warning: missing documentation for a struct field
  --> crates/semantic/src/ir/prepared.rs:76:9
   |
76 |         source: TryFromIntError,
   |         ^^^^^^^^^^^^^^^^^^^^^^^

warning: missing documentation for a variant
  --> crates/semantic/src/ir/prepared.rs:79:5
   |
79 |     Entity {
   |     ^^^^^^

warning: missing documentation for a struct field
  --> crates/semantic/src/ir/prepared.rs:80:9
   |
80 |         ordinal: EntityId,
   |         ^^^^^^^^^^^^^^^^^

warning: missing documentation for a struct field
  --> crates/semantic/src/ir/prepared.rs:82:9
   |
82 |         fault: EntityRecordFault,
   |         ^^^^^^^^^^^^^^^^^^^^^^^^

warning: missing documentation for a variant
  --> crates/semantic/src/ir/prepared.rs:85:5
   |
85 |     TypeNode {
   |     ^^^^^^^^

warning: missing documentation for a struct field
  --> crates/semantic/src/ir/prepared.rs:86:9
   |
86 |         ordinal: TypeId,
   |         ^^^^^^^^^^^^^^^

warning: missing documentation for a struct field
  --> crates/semantic/src/ir/prepared.rs:88:9
   |
88 |         fault: TypeNodeFault,
   |         ^^^^^^^^^^^^^^^^^^^^

warning: missing documentation for a variant
  --> crates/semantic/src/ir/prepared.rs:93:5
   |
93 |     SemanticDataOverflow {
   |     ^^^^^^^^^^^^^^^^^^^^

warning: missing documentation for a struct field
  --> crates/semantic/src/ir/prepared.rs:94:9
   |
94 |         atoms: u32,
   |         ^^^^^^^^^^

warning: missing documentation for a struct field
  --> crates/semantic/src/ir/prepared.rs:95:9
   |
95 |         products: u32,
   |         ^^^^^^^^^^^^^

warning: missing documentation for a struct field
  --> crates/semantic/src/ir/prepared.rs:96:9
   |
96 |         children: u32,
   |         ^^^^^^^^^^^^^

warning: missing documentation for a variant
  --> crates/semantic/src/ir/prepared.rs:99:5
   |
99 |     SemanticEntityRoots { roots: u32, entities: u32 },
   |     ^^^^^^^^^^^^^^^^^^^

warning: missing documentation for a struct field
  --> crates/semantic/src/ir/prepared.rs:99:27
   |
99 |     SemanticEntityRoots { roots: u32, entities: u32 },
   |                           ^^^^^^^^^^

warning: missing documentation for a struct field
  --> crates/semantic/src/ir/prepared.rs:99:39
   |
99 |     SemanticEntityRoots { roots: u32, entities: u32 },
   |                                       ^^^^^^^^^^^^^

warning: missing documentation for a variant
   --> crates/semantic/src/ir/prepared.rs:101:5
    |
101 |     SemanticAtomLength {
    |     ^^^^^^^^^^^^^^^^^^

warning: missing documentation for a struct field
   --> crates/semantic/src/ir/prepared.rs:102:9
    |
102 |         ordinal: AtomId,
    |         ^^^^^^^^^^^^^^^

warning: missing documentation for a struct field
   --> crates/semantic/src/ir/prepared.rs:103:9
    |
103 |         actual: usize,
    |         ^^^^^^^^^^^^^

warning: missing documentation for a struct field
   --> crates/semantic/src/ir/prepared.rs:105:9
    |
105 |         source: TryFromIntError,
    |         ^^^^^^^^^^^^^^^^^^^^^^^

warning: missing documentation for a struct field
   --> crates/semantic/src/ir/prepared.rs:113:9
    |
113 |         cause: CanonicalDataError,
    |         ^^^^^^^^^^^^^^^^^^^^^^^^^

warning: missing documentation for a variant
   --> crates/semantic/src/ir/prepared.rs:116:5
    |
116 |     OccurrenceLane {
    |     ^^^^^^^^^^^^^^

warning: missing documentation for a struct field
   --> crates/semantic/src/ir/prepared.rs:117:9
    |
117 |         ordinal: u32,
    |         ^^^^^^^^^^^^

warning: missing documentation for a struct field
   --> crates/semantic/src/ir/prepared.rs:119:9
    |
119 |         fault: crate::ir::view::OccurrenceFault,
    |         ^^^^^^^^^^^^^^^^^^^^^^^^^^^^^^^^^^^^^^^

warning: missing documentation for a variant
   --> crates/semantic/src/ir/prepared.rs:122:5
    |
122 |     TypeFacts {
    |     ^^^^^^^^^

warning: missing documentation for a struct field
   --> crates/semantic/src/ir/prepared.rs:124:9
    |
124 |         fault: crate::ir::TypeFactFault,
    |         ^^^^^^^^^^^^^^^^^^^^^^^^^^^^^^^

warning: missing documentation for a variant
   --> crates/semantic/src/ir/prepared.rs:127:5
    |
127 |     Documentation {
    |     ^^^^^^^^^^^^^

warning: missing documentation for a struct field
   --> crates/semantic/src/ir/prepared.rs:129:9
    |
129 |         fault: crate::ir::DocFactFault,
    |         ^^^^^^^^^^^^^^^^^^^^^^^^^^^^^^

warning: missing documentation for a variant
   --> crates/semantic/src/ir/prepared.rs:132:5
    |
132 |     ExtensionPools {
    |     ^^^^^^^^^^^^^^

warning: missing documentation for a struct field
   --> crates/semantic/src/ir/prepared.rs:134:9
    |
134 |         fault: crate::ir::ExtensionPoolFault,
    |         ^^^^^^^^^^^^^^^^^^^^^^^^^^^^^^^^^^^^

warning: missing documentation for a variant
   --> crates/semantic/src/ir/prepared.rs:137:5
    |
137 |     ExtensionPoolsMismatch,
    |     ^^^^^^^^^^^^^^^^^^^^^^

warning: missing documentation for an enum
   --> crates/semantic/src/ir/prepared.rs:141:1
    |
141 | pub enum WriteError {
    | ^^^^^^^^^^^^^^^^^^^

warning: missing documentation for a variant
   --> crates/semantic/src/ir/prepared.rs:143:5
    |
143 |     OutputTooSmall { required: usize, available: usize },
    |     ^^^^^^^^^^^^^^

warning: missing documentation for a struct field
   --> crates/semantic/src/ir/prepared.rs:143:22
    |
143 |     OutputTooSmall { required: usize, available: usize },
    |                      ^^^^^^^^^^^^^^^

warning: missing documentation for a struct field
   --> crates/semantic/src/ir/prepared.rs:143:39
    |
143 |     OutputTooSmall { required: usize, available: usize },
    |                                       ^^^^^^^^^^^^^^^^

warning: missing documentation for a variant
   --> crates/semantic/src/ir/prepared.rs:145:5
    |
145 |     ExtensionSection {
    |     ^^^^^^^^^^^^^^^^

warning: missing documentation for a struct field
   --> crates/semantic/src/ir/prepared.rs:147:9
    |
147 |         fault: crate::ir::semantic_extension_section::LanguageExtensionEncodeError,
    |         ^^^^^^^^^^^^^^^^^^^^^^^^^^^^^^^^^^^^^^^^^^^^^^^^^^^^^^^^^^^^^^^^^^^^^^^^^^

warning: missing documentation for a variant
   --> crates/semantic/src/ir/prepared.rs:150:5
    |
150 |     AtomLength {
    |     ^^^^^^^^^^

warning: missing documentation for a struct field
   --> crates/semantic/src/ir/prepared.rs:151:9
    |
151 |         ordinal: AtomId,
    |         ^^^^^^^^^^^^^^^

warning: missing documentation for a struct field
   --> crates/semantic/src/ir/prepared.rs:152:9
    |
152 |         actual: usize,
    |         ^^^^^^^^^^^^^

warning: missing documentation for a struct field
   --> crates/semantic/src/ir/prepared.rs:154:9
    |
154 |         source: TryFromIntError,
    |         ^^^^^^^^^^^^^^^^^^^^^^^

warning: missing documentation for a variant
   --> crates/semantic/src/ir/prepared.rs:157:5
    |
157 |     AtomExtent { ordinal: AtomId },
    |     ^^^^^^^^^^

warning: missing documentation for a struct field
   --> crates/semantic/src/ir/prepared.rs:157:18
    |
157 |     AtomExtent { ordinal: AtomId },
    |                  ^^^^^^^^^^^^^^^

warning: missing documentation for a variant
   --> crates/semantic/src/ir/prepared.rs:159:5
    |
159 |     SemanticAtomLength {
    |     ^^^^^^^^^^^^^^^^^^

warning: missing documentation for a struct field
   --> crates/semantic/src/ir/prepared.rs:160:9
    |
160 |         ordinal: AtomId,
    |         ^^^^^^^^^^^^^^^

warning: missing documentation for a struct field
   --> crates/semantic/src/ir/prepared.rs:161:9
    |
161 |         actual: usize,
    |         ^^^^^^^^^^^^^

warning: missing documentation for a struct field
   --> crates/semantic/src/ir/prepared.rs:163:9
    |
163 |         source: TryFromIntError,
    |         ^^^^^^^^^^^^^^^^^^^^^^^

warning: missing documentation for a struct
   --> crates/semantic/src/ir/prepared.rs:167:1
    |
167 | pub struct PreparedFragment<'facts> {
    | ^^^^^^^^^^^^^^^^^^^^^^^^^^^^^^^^^^^

warning: missing documentation for a struct field
   --> crates/semantic/src/ir/prepared.rs:185:5
    |
185 |     pub data: Option<&'facts CanonicalDataGraph<'facts, 'facts>>,
    |     ^^^^^^^^^^^^^^^^^^^^^^^^^^^^^^^^^^^^^^^^^^^^^^^^^^^^^^^^^^^^

warning: missing documentation for a struct field
   --> crates/semantic/src/ir/prepared.rs:186:5
    |
186 |     pub occurrences: Option<&'facts crate::ir::semantic_facts::OccurrenceLane<'facts>>,
    |     ^^^^^^^^^^^^^^^^^^^^^^^^^^^^^^^^^^^^^^^^^^^^^^^^^^^^^^^^^^^^^^^^^^^^^^^^^^^^^^^^^^

warning: missing documentation for a struct field
   --> crates/semantic/src/ir/prepared.rs:187:5
    |
187 |     pub type_facts: Option<&'facts crate::ir::type_facts::TypeFactLane<'facts>>,
    |     ^^^^^^^^^^^^^^^^^^^^^^^^^^^^^^^^^^^^^^^^^^^^^^^^^^^^^^^^^^^^^^^^^^^^^^^^^^^

warning: missing documentation for a struct field
   --> crates/semantic/src/ir/prepared.rs:188:5
    |
188 |     pub docs: Option<&'facts DocumentationLane<'facts>>,
    |     ^^^^^^^^^^^^^^^^^^^^^^^^^^^^^^^^^^^^^^^^^^^^^^^^^^^

warning: missing documentation for a struct field
   --> crates/semantic/src/ir/prepared.rs:189:5
    |
189 |     pub extensions: Option<&'facts ExtensionSectionInput<'facts>>,
    |     ^^^^^^^^^^^^^^^^^^^^^^^^^^^^^^^^^^^^^^^^^^^^^^^^^^^^^^^^^^^^^

warning: missing documentation for a struct field
   --> crates/semantic/src/ir/prepared.rs:190:5
    |
190 |     pub pools: Option<&'facts ExtensionPoolsLane<'facts>>,
    |     ^^^^^^^^^^^^^^^^^^^^^^^^^^^^^^^^^^^^^^^^^^^^^^^^^^^^^

warning: missing documentation for an associated function
   --> crates/semantic/src/ir/prepared.rs:203:5
    |
203 | /     pub fn prepare(
204 | |         source: SourceIdentity,
205 | |         recipe: RecipeFact,
206 | |         entities: &'facts [EntityRecord],
207 | |         type_nodes: &'facts [TypeNode],
208 | |         atoms: &'facts [AtomInput<'facts>],
209 | |     ) -> Result<Self, PrepareError> {
    | |___________________________________^

warning: missing documentation for a method
   --> crates/semantic/src/ir/prepared.rs:430:5
    |
430 |     pub const fn required_capacity(&self) -> usize {
    |     ^^^^^^^^^^^^^^^^^^^^^^^^^^^^^^^^^^^^^^^^^^^^^^

warning: missing documentation for a method
   --> crates/semantic/src/ir/prepared.rs:434:5
    |
434 | /     pub fn write_into<'output>(
435 | |         &self,
436 | |         output: &'output mut [u8],
437 | |     ) -> Result<&'output [u8], WriteError> {
    | |__________________________________________^

warning: missing documentation for a struct field
   --> crates/semantic/src/ir/range.rs:300:22
    |
300 |     FragmentLength { expected: u32, observed: u32 },
    |                      ^^^^^^^^^^^^^

warning: missing documentation for a struct field
   --> crates/semantic/src/ir/range.rs:300:37
    |
300 |     FragmentLength { expected: u32, observed: u32 },
    |                                     ^^^^^^^^^^^^^

warning: missing documentation for a struct field
   --> crates/semantic/src/ir/range.rs:304:9
    |
304 |         expected: ArtifactId<IrFragmentEncoding, IrFragmentDomain>,
    |         ^^^^^^^^^^^^^^^^^^^^^^^^^^^^^^^^^^^^^^^^^^^^^^^^^^^^^^^^^^

warning: missing documentation for a struct field
   --> crates/semantic/src/ir/range.rs:305:9
    |
305 |         observed: ArtifactId<IrFragmentEncoding, IrFragmentDomain>,
    |         ^^^^^^^^^^^^^^^^^^^^^^^^^^^^^^^^^^^^^^^^^^^^^^^^^^^^^^^^^^

warning: missing documentation for a struct field
   --> crates/semantic/src/ir/range.rs:319:9
    |
319 |         section: SectionKind,
    |         ^^^^^^^^^^^^^^^^^^^^

warning: missing documentation for a struct field
   --> crates/semantic/src/ir/range.rs:320:9
    |
320 |         expected: u32,
    |         ^^^^^^^^^^^^^

warning: missing documentation for a struct field
   --> crates/semantic/src/ir/range.rs:321:9
    |
321 |         observed: u32,
    |         ^^^^^^^^^^^^^

warning: missing documentation for a struct field
   --> crates/semantic/src/ir/range.rs:326:9
    |
326 |         section: SectionKind,
    |         ^^^^^^^^^^^^^^^^^^^^

warning: missing documentation for a struct field
   --> crates/semantic/src/ir/range.rs:327:9
    |
327 |         observed: usize,
    |         ^^^^^^^^^^^^^^^

warning: missing documentation for a struct field
   --> crates/semantic/src/ir/range.rs:329:9
    |
329 |         source: TryFromIntError,
    |         ^^^^^^^^^^^^^^^^^^^^^^^

warning: missing documentation for a struct field
   --> crates/semantic/src/ir/range.rs:334:9
    |
334 |         section: SectionKind,
    |         ^^^^^^^^^^^^^^^^^^^^

warning: missing documentation for a struct field
   --> crates/semantic/src/ir/range.rs:335:9
    |
335 |         expected: u32,
    |         ^^^^^^^^^^^^^

warning: missing documentation for a struct field
   --> crates/semantic/src/ir/range.rs:336:9
    |
336 |         observed: u32,
    |         ^^^^^^^^^^^^^

warning: missing documentation for a struct field
   --> crates/semantic/src/ir/range.rs:341:9
    |
341 |         section: SectionKind,
    |         ^^^^^^^^^^^^^^^^^^^^

warning: missing documentation for a struct field
   --> crates/semantic/src/ir/range.rs:342:9
    |
342 |         expected: ArtifactId<IrFragmentRangeEncoding, IrFragmentDomain>,
    |         ^^^^^^^^^^^^^^^^^^^^^^^^^^^^^^^^^^^^^^^^^^^^^^^^^^^^^^^^^^^^^^^

warning: missing documentation for a struct field
   --> crates/semantic/src/ir/range.rs:343:9
    |
343 |         observed: ArtifactId<IrFragmentRangeEncoding, IrFragmentDomain>,
    |         ^^^^^^^^^^^^^^^^^^^^^^^^^^^^^^^^^^^^^^^^^^^^^^^^^^^^^^^^^^^^^^^

warning: missing documentation for a struct field
   --> crates/semantic/src/ir/reader.rs:135:19
    |
135 |     Unavailable { owner: EntityId },
    |                   ^^^^^^^^^^^^^^^

warning: missing documentation for a struct field
   --> crates/semantic/src/ir/reader.rs:138:9
    |
138 |         owner: EntityId,
    |         ^^^^^^^^^^^^^^^

warning: missing documentation for a struct field
   --> crates/semantic/src/ir/reader.rs:139:9
    |
139 |         parameters: u32,
    |         ^^^^^^^^^^^^^^^

warning: missing documentation for a struct field
   --> crates/semantic/src/ir/reader.rs:140:9
    |
140 |         results: u32,
    |         ^^^^^^^^^^^^

warning: missing documentation for a struct field
   --> crates/semantic/src/ir/reader.rs:404:23
    |
404 |     MissingExternal { external: ExternalId },
    |                       ^^^^^^^^^^^^^^^^^^^^

warning: missing documentation for a struct field
   --> crates/semantic/src/ir/reader.rs:407:19
    |
407 |     MissingAtom { atom: AtomId },
    |                   ^^^^^^^^^^^^

warning: missing documentation for a struct field
   --> crates/semantic/src/ir/reader.rs:437:5
    |
437 |     pub id: EntityId,
    |     ^^^^^^^^^^^^^^^^

warning: missing documentation for a struct field
   --> crates/semantic/src/ir/reader.rs:438:5
    |
438 |     pub name: AtomId,
    |     ^^^^^^^^^^^^^^^^

warning: missing documentation for a struct field
   --> crates/semantic/src/ir/reader.rs:439:5
    |
439 |     pub kind: crate::ir::ItemKind,
    |     ^^^^^^^^^^^^^^^^^^^^^^^^^^^^^

warning: missing documentation for a struct field
   --> crates/semantic/src/ir/reader.rs:440:5
    |
440 |     pub visibility: crate::ir::Visibility,
    |     ^^^^^^^^^^^^^^^^^^^^^^^^^^^^^^^^^^^^^

warning: missing documentation for a struct field
   --> crates/semantic/src/ir/reader.rs:441:5
    |
441 |     pub parent: Option<EntityId>,
    |     ^^^^^^^^^^^^^^^^^^^^^^^^^^^^

warning: missing documentation for a struct field
   --> crates/semantic/src/ir/reader.rs:442:5
    |
442 |     pub semantic_type: Option<TypeId>,
    |     ^^^^^^^^^^^^^^^^^^^^^^^^^^^^^^^^^

warning: missing documentation for a struct field
   --> crates/semantic/src/ir/reader.rs:443:5
    |
443 |     pub members: EntityListId,
    |     ^^^^^^^^^^^^^^^^^^^^^^^^^

warning: missing documentation for a struct field
   --> crates/semantic/src/ir/reader.rs:444:5
    |
444 |     pub docs: DocId,
    |     ^^^^^^^^^^^^^^^

warning: missing documentation for a struct field
   --> crates/semantic/src/ir/reader.rs:445:5
    |
445 |     pub attributes: AtomListId,
    |     ^^^^^^^^^^^^^^^^^^^^^^^^^^

warning: missing documentation for a struct field
   --> crates/semantic/src/ir/reader.rs:446:5
    |
446 |     pub source: Option<SourceSpan>,
    |     ^^^^^^^^^^^^^^^^^^^^^^^^^^^^^^

warning: missing documentation for a struct field
   --> crates/semantic/src/ir/reader.rs:447:5
    |
447 |     pub authority: EntityAuthorityFacts,
    |     ^^^^^^^^^^^^^^^^^^^^^^^^^^^^^^^^^^^

warning: missing documentation for a struct field
   --> crates/semantic/src/ir/reader.rs:448:5
    |
448 |     pub version: EntityVersion,
    |     ^^^^^^^^^^^^^^^^^^^^^^^^^^

warning: missing documentation for a struct field
   --> crates/semantic/src/ir/reader.rs:454:5
    |
454 |     pub authority: SemanticImageAuthority,
    |     ^^^^^^^^^^^^^^^^^^^^^^^^^^^^^^^^^^^^^

warning: missing documentation for a struct field
   --> crates/semantic/src/ir/reader.rs:455:5
    |
455 |     pub provenance: ImageProvenance,
    |     ^^^^^^^^^^^^^^^^^^^^^^^^^^^^^^^

warning: missing documentation for a struct field
   --> crates/semantic/src/ir/reader.rs:464:5
    |
464 |     pub id: EntityId,
    |     ^^^^^^^^^^^^^^^^

warning: missing documentation for a struct field
   --> crates/semantic/src/ir/reader.rs:465:5
    |
465 |     pub name: AtomId,
    |     ^^^^^^^^^^^^^^^^

warning: missing documentation for a struct field
   --> crates/semantic/src/ir/reader.rs:466:5
    |
466 |     pub kind: crate::ir::ItemKind,
    |     ^^^^^^^^^^^^^^^^^^^^^^^^^^^^^

warning: missing documentation for a struct field
   --> crates/semantic/src/ir/reader.rs:467:5
    |
467 |     pub visibility: crate::ir::Visibility,
    |     ^^^^^^^^^^^^^^^^^^^^^^^^^^^^^^^^^^^^^

warning: missing documentation for a struct field
   --> crates/semantic/src/ir/reader.rs:472:5
    |
472 |     pub authority: EntityAuthorityFacts,
    |     ^^^^^^^^^^^^^^^^^^^^^^^^^^^^^^^^^^^

warning: missing documentation for a struct field
   --> crates/semantic/src/ir/reader.rs:473:5
    |
473 |     pub source: Option<SourceSpan>,
    |     ^^^^^^^^^^^^^^^^^^^^^^^^^^^^^^

warning: missing documentation for a struct field
   --> crates/semantic/src/ir/reader.rs:474:5
    |
474 |     pub version: EntityVersion,
    |     ^^^^^^^^^^^^^^^^^^^^^^^^^^

warning: missing documentation for an associated type
   --> crates/semantic/src/ir/reader.rs:490:5
    |
490 |     type CanonicalCoreEntities<'image>: ExactSizeIterator<Item = CoreSemanticEntity> + FusedIterator
    |     ^^^^^^^^^^^^^^^^^^^^^^^^^^^^^^^^^^^^^^^^^^^^^^^^^^^^^^^^^^^^^^^^^^^^^^^^^^^^^^^^^^^^^^^^^^^^^^^^

warning: missing documentation for a method
   --> crates/semantic/src/ir/reader.rs:494:5
    |
494 |     fn image_facts(&self) -> SemanticImageFacts;
    |     ^^^^^^^^^^^^^^^^^^^^^^^^^^^^^^^^^^^^^^^^^^^^

warning: missing documentation for a method
   --> crates/semantic/src/ir/reader.rs:495:5
    |
495 |     fn core_entity(&self, id: EntityId) -> Option<CoreSemanticEntity>;
    |     ^^^^^^^^^^^^^^^^^^^^^^^^^^^^^^^^^^^^^^^^^^^^^^^^^^^^^^^^^^^^^^^^^^

warning: missing documentation for a method
   --> crates/semantic/src/ir/reader.rs:496:5
    |
496 |     fn core_entity_by_identity(&self, identity: DeclarationIdentity) -> Option<CoreSemanticEntity>;
    |     ^^^^^^^^^^^^^^^^^^^^^^^^^^^^^^^^^^^^^^^^^^^^^^^^^^^^^^^^^^^^^^^^^^^^^^^^^^^^^^^^^^^^^^^^^^^^^^^

warning: missing documentation for a method
   --> crates/semantic/src/ir/reader.rs:497:5
    |
497 |     fn atom(&self, id: AtomId) -> Option<&[u8]>;
    |     ^^^^^^^^^^^^^^^^^^^^^^^^^^^^^^^^^^^^^^^^^^^^

warning: missing documentation for a method
   --> crates/semantic/src/ir/reader.rs:498:5
    |
498 |     fn text(&self, id: crate::ir::TextId) -> Option<&str>;
    |     ^^^^^^^^^^^^^^^^^^^^^^^^^^^^^^^^^^^^^^^^^^^^^^^^^^^^^^

warning: missing documentation for a method
   --> crates/semantic/src/ir/reader.rs:499:5
    |
499 |     fn canonical_core_entities(&self) -> Self::CanonicalCoreEntities<'_>;
    |     ^^^^^^^^^^^^^^^^^^^^^^^^^^^^^^^^^^^^^^^^^^^^^^^^^^^^^^^^^^^^^^^^^^^^^

warning: missing documentation for an associated type
   --> crates/semantic/src/ir/reader.rs:509:5
    |
509 |     type CanonicalEntities<'image>: ExactSizeIterator<Item = SemanticEntity> + FusedIterator
    |     ^^^^^^^^^^^^^^^^^^^^^^^^^^^^^^^^^^^^^^^^^^^^^^^^^^^^^^^^^^^^^^^^^^^^^^^^^^^^^^^^^^^^^^^^

warning: missing documentation for an associated type
   --> crates/semantic/src/ir/reader.rs:512:5
    |
512 |     type CanonicalLinks<'image>: ExactSizeIterator<Item = (LinkId, Link)> + FusedIterator
    |     ^^^^^^^^^^^^^^^^^^^^^^^^^^^^^^^^^^^^^^^^^^^^^^^^^^^^^^^^^^^^^^^^^^^^^^^^^^^^^^^^^^^^^

warning: missing documentation for an associated type
   --> crates/semantic/src/ir/reader.rs:515:5
    |
515 |     type Links<'image>: ExactSizeIterator<Item = (LinkId, Link)> + FusedIterator
    |     ^^^^^^^^^^^^^^^^^^^^^^^^^^^^^^^^^^^^^^^^^^^^^^^^^^^^^^^^^^^^^^^^^^^^^^^^^^^^

warning: missing documentation for an associated type
   --> crates/semantic/src/ir/reader.rs:518:5
    |
518 | /     type Occurrences<'image>: ExactSizeIterator<Item = (LinkOccurrenceId, LinkOccurrence)>
519 | |         + FusedIterator
    | |_______________________^

warning: missing documentation for an associated type
   --> crates/semantic/src/ir/reader.rs:522:5
    |
522 | /     type TypeScriptExtensions<'image>: ExactSizeIterator<Item = (EntityId, TypeScriptFacts)>
523 | |         + FusedIterator
    | |_______________________^

warning: missing documentation for an associated type
   --> crates/semantic/src/ir/reader.rs:526:5
    |
526 |     type CSharpExtensions<'image>: ExactSizeIterator<Item = (EntityId, CSharpFacts)> + FusedIterator
    |     ^^^^^^^^^^^^^^^^^^^^^^^^^^^^^^^^^^^^^^^^^^^^^^^^^^^^^^^^^^^^^^^^^^^^^^^^^^^^^^^^^^^^^^^^^^^^^^^^

warning: missing documentation for an associated type
   --> crates/semantic/src/ir/reader.rs:529:5
    |
529 |     type GoExtensions<'image>: ExactSizeIterator<Item = (EntityId, GoFacts)> + FusedIterator
    |     ^^^^^^^^^^^^^^^^^^^^^^^^^^^^^^^^^^^^^^^^^^^^^^^^^^^^^^^^^^^^^^^^^^^^^^^^^^^^^^^^^^^^^^^^

warning: missing documentation for an associated type
   --> crates/semantic/src/ir/reader.rs:532:5
    |
532 |     type RustExtensions<'image>: ExactSizeIterator<Item = (EntityId, RustFacts)> + FusedIterator
    |     ^^^^^^^^^^^^^^^^^^^^^^^^^^^^^^^^^^^^^^^^^^^^^^^^^^^^^^^^^^^^^^^^^^^^^^^^^^^^^^^^^^^^^^^^^^^^

warning: missing documentation for an associated type
   --> crates/semantic/src/ir/reader.rs:535:5
    |
535 |     type PythonExtensions<'image>: ExactSizeIterator<Item = (EntityId, PythonFacts)> + FusedIterator
    |     ^^^^^^^^^^^^^^^^^^^^^^^^^^^^^^^^^^^^^^^^^^^^^^^^^^^^^^^^^^^^^^^^^^^^^^^^^^^^^^^^^^^^^^^^^^^^^^^^

warning: missing documentation for an associated type
   --> crates/semantic/src/ir/reader.rs:538:5
    |
538 |     type JavaExtensions<'image>: ExactSizeIterator<Item = (EntityId, JavaFacts)> + FusedIterator
    |     ^^^^^^^^^^^^^^^^^^^^^^^^^^^^^^^^^^^^^^^^^^^^^^^^^^^^^^^^^^^^^^^^^^^^^^^^^^^^^^^^^^^^^^^^^^^^

warning: missing documentation for an associated type
   --> crates/semantic/src/ir/reader.rs:541:5
    |
541 |     type ClangExtensions<'image>: ExactSizeIterator<Item = (EntityId, ClangFacts)> + FusedIterator
    |     ^^^^^^^^^^^^^^^^^^^^^^^^^^^^^^^^^^^^^^^^^^^^^^^^^^^^^^^^^^^^^^^^^^^^^^^^^^^^^^^^^^^^^^^^^^^^^^

warning: missing documentation for an associated type
   --> crates/semantic/src/ir/reader.rs:544:5
    |
544 |     type Types<'image>: ExactSizeIterator<Item = TypeId> + FusedIterator
    |     ^^^^^^^^^^^^^^^^^^^^^^^^^^^^^^^^^^^^^^^^^^^^^^^^^^^^^^^^^^^^^^^^^^^^

warning: missing documentation for an associated type
   --> crates/semantic/src/ir/reader.rs:547:5
    |
547 |     type Atoms<'image>: ExactSizeIterator<Item = AtomId> + FusedIterator
    |     ^^^^^^^^^^^^^^^^^^^^^^^^^^^^^^^^^^^^^^^^^^^^^^^^^^^^^^^^^^^^^^^^^^^^

warning: missing documentation for an associated type
   --> crates/semantic/src/ir/reader.rs:550:5
    |
550 |     type Entities<'image>: ExactSizeIterator<Item = EntityId> + FusedIterator
    |     ^^^^^^^^^^^^^^^^^^^^^^^^^^^^^^^^^^^^^^^^^^^^^^^^^^^^^^^^^^^^^^^^^^^^^^^^^

warning: missing documentation for an associated type
   --> crates/semantic/src/ir/reader.rs:553:5
    |
553 |     type Docs<'image>: ExactSizeIterator<Item = DocFragment> + FusedIterator
    |     ^^^^^^^^^^^^^^^^^^^^^^^^^^^^^^^^^^^^^^^^^^^^^^^^^^^^^^^^^^^^^^^^^^^^^^^^

warning: missing documentation for an associated type
   --> crates/semantic/src/ir/reader.rs:556:5
    |
556 |     type TupleElements<'image>: ExactSizeIterator<Item = TupleElement> + FusedIterator
    |     ^^^^^^^^^^^^^^^^^^^^^^^^^^^^^^^^^^^^^^^^^^^^^^^^^^^^^^^^^^^^^^^^^^^^^^^^^^^^^^^^^^

warning: missing documentation for an associated type
   --> crates/semantic/src/ir/reader.rs:559:5
    |
559 |     type ObjectMembers<'image>: ExactSizeIterator<Item = ObjectMember> + FusedIterator
    |     ^^^^^^^^^^^^^^^^^^^^^^^^^^^^^^^^^^^^^^^^^^^^^^^^^^^^^^^^^^^^^^^^^^^^^^^^^^^^^^^^^^

warning: missing documentation for an associated type
   --> crates/semantic/src/ir/reader.rs:562:5
    |
562 |     type TemplateParts<'image>: ExactSizeIterator<Item = TemplatePart> + FusedIterator
    |     ^^^^^^^^^^^^^^^^^^^^^^^^^^^^^^^^^^^^^^^^^^^^^^^^^^^^^^^^^^^^^^^^^^^^^^^^^^^^^^^^^^

warning: missing documentation for an associated type
   --> crates/semantic/src/ir/reader.rs:565:5
    |
565 |     type TypeParameters<'image>: ExactSizeIterator<Item = TypeParameter> + FusedIterator
    |     ^^^^^^^^^^^^^^^^^^^^^^^^^^^^^^^^^^^^^^^^^^^^^^^^^^^^^^^^^^^^^^^^^^^^^^^^^^^^^^^^^^^^

warning: missing documentation for an associated type
   --> crates/semantic/src/ir/reader.rs:568:5
    |
568 |     type TypeParameterBounds<'image>: ExactSizeIterator<Item = TypeParameterBound> + FusedIterator
    |     ^^^^^^^^^^^^^^^^^^^^^^^^^^^^^^^^^^^^^^^^^^^^^^^^^^^^^^^^^^^^^^^^^^^^^^^^^^^^^^^^^^^^^^^^^^^^^^

warning: missing documentation for an associated type
   --> crates/semantic/src/ir/reader.rs:571:5
    |
571 |     type FreePredicates<'image>: ExactSizeIterator<Item = FreePredicate> + FusedIterator
    |     ^^^^^^^^^^^^^^^^^^^^^^^^^^^^^^^^^^^^^^^^^^^^^^^^^^^^^^^^^^^^^^^^^^^^^^^^^^^^^^^^^^^^

warning: missing documentation for an associated type
   --> crates/semantic/src/ir/reader.rs:574:5
    |
574 |     type CanonicalTypes<'image>: ExactSizeIterator<Item = (TypeId, TypeExpr)> + FusedIterator
    |     ^^^^^^^^^^^^^^^^^^^^^^^^^^^^^^^^^^^^^^^^^^^^^^^^^^^^^^^^^^^^^^^^^^^^^^^^^^^^^^^^^^^^^^^^^

warning: missing documentation for an associated type
   --> crates/semantic/src/ir/reader.rs:577:5
    |
577 | /     type CanonicalExternals<'image>: ExactSizeIterator<Item = (ExternalId, ExternalTarget)>
578 | |         + FusedIterator
    | |_______________________^

warning: missing documentation for an associated type
   --> crates/semantic/src/ir/reader.rs:581:5
    |
581 | /     type SignatureCarrierBindings<'image>: ExactSizeIterator<Item = SignatureCarrierBinding>
582 | |         + FusedIterator
    | |_______________________^

warning: missing documentation for a method
   --> crates/semantic/src/ir/reader.rs:586:5
    |
586 |     fn entity(&self, id: EntityId) -> Option<SemanticEntity>;
    |     ^^^^^^^^^^^^^^^^^^^^^^^^^^^^^^^^^^^^^^^^^^^^^^^^^^^^^^^^^

warning: missing documentation for a method
   --> crates/semantic/src/ir/reader.rs:610:5
    |
610 |     fn entity_by_identity(&self, identity: DeclarationIdentity) -> Option<SemanticEntity>;
    |     ^^^^^^^^^^^^^^^^^^^^^^^^^^^^^^^^^^^^^^^^^^^^^^^^^^^^^^^^^^^^^^^^^^^^^^^^^^^^^^^^^^^^^^

warning: missing documentation for a method
   --> crates/semantic/src/ir/reader.rs:611:5
    |
611 |     fn external(&self, id: ExternalId) -> Option<ExternalTarget>;
    |     ^^^^^^^^^^^^^^^^^^^^^^^^^^^^^^^^^^^^^^^^^^^^^^^^^^^^^^^^^^^^^

warning: missing documentation for a method
   --> crates/semantic/src/ir/reader.rs:612:5
    |
612 |     fn link(&self, id: LinkId) -> Option<Link>;
    |     ^^^^^^^^^^^^^^^^^^^^^^^^^^^^^^^^^^^^^^^^^^^

warning: missing documentation for a method
   --> crates/semantic/src/ir/reader.rs:613:5
    |
613 |     fn occurrence_authority(&self, id: LinkOccurrenceId) -> Option<OccurrenceAuthorityFacts>;
    |     ^^^^^^^^^^^^^^^^^^^^^^^^^^^^^^^^^^^^^^^^^^^^^^^^^^^^^^^^^^^^^^^^^^^^^^^^^^^^^^^^^^^^^^^^^

warning: missing documentation for a method
   --> crates/semantic/src/ir/reader.rs:615:5
    |
615 |     fn ty(&self, id: TypeId) -> Option<TypeExpr>;
    |     ^^^^^^^^^^^^^^^^^^^^^^^^^^^^^^^^^^^^^^^^^^^^^

warning: missing documentation for a method
   --> crates/semantic/src/ir/reader.rs:616:5
    |
616 |     fn types(&self, id: TypeListId) -> Option<Self::Types<'_>>;
    |     ^^^^^^^^^^^^^^^^^^^^^^^^^^^^^^^^^^^^^^^^^^^^^^^^^^^^^^^^^^^

warning: missing documentation for a method
   --> crates/semantic/src/ir/reader.rs:617:5
    |
617 |     fn atom_list(&self, id: AtomListId) -> Option<Self::Atoms<'_>>;
    |     ^^^^^^^^^^^^^^^^^^^^^^^^^^^^^^^^^^^^^^^^^^^^^^^^^^^^^^^^^^^^^^^

warning: missing documentation for a method
   --> crates/semantic/src/ir/reader.rs:618:5
    |
618 |     fn entity_list(&self, id: EntityListId) -> Option<Self::Entities<'_>>;
    |     ^^^^^^^^^^^^^^^^^^^^^^^^^^^^^^^^^^^^^^^^^^^^^^^^^^^^^^^^^^^^^^^^^^^^^^

warning: missing documentation for a method
   --> crates/semantic/src/ir/reader.rs:619:5
    |
619 |     fn docs(&self, id: DocId) -> Option<Self::Docs<'_>>;
    |     ^^^^^^^^^^^^^^^^^^^^^^^^^^^^^^^^^^^^^^^^^^^^^^^^^^^^

warning: missing documentation for a method
   --> crates/semantic/src/ir/reader.rs:620:5
    |
620 |     fn tuple_elements(&self, id: TupleElementListId) -> Option<Self::TupleElements<'_>>;
    |     ^^^^^^^^^^^^^^^^^^^^^^^^^^^^^^^^^^^^^^^^^^^^^^^^^^^^^^^^^^^^^^^^^^^^^^^^^^^^^^^^^^^^

warning: missing documentation for a method
   --> crates/semantic/src/ir/reader.rs:621:5
    |
621 |     fn object_members(&self, id: ObjectMemberListId) -> Option<Self::ObjectMembers<'_>>;
    |     ^^^^^^^^^^^^^^^^^^^^^^^^^^^^^^^^^^^^^^^^^^^^^^^^^^^^^^^^^^^^^^^^^^^^^^^^^^^^^^^^^^^^

warning: missing documentation for a method
   --> crates/semantic/src/ir/reader.rs:622:5
    |
622 |     fn template_parts(&self, id: TemplatePartListId) -> Option<Self::TemplateParts<'_>>;
    |     ^^^^^^^^^^^^^^^^^^^^^^^^^^^^^^^^^^^^^^^^^^^^^^^^^^^^^^^^^^^^^^^^^^^^^^^^^^^^^^^^^^^^

warning: missing documentation for a method
   --> crates/semantic/src/ir/reader.rs:623:5
    |
623 |     fn type_parameters(&self, id: TypeParameterListId) -> Option<Self::TypeParameters<'_>>;
    |     ^^^^^^^^^^^^^^^^^^^^^^^^^^^^^^^^^^^^^^^^^^^^^^^^^^^^^^^^^^^^^^^^^^^^^^^^^^^^^^^^^^^^^^^

warning: missing documentation for a method
   --> crates/semantic/src/ir/reader.rs:624:5
    |
624 | /     fn type_parameter_bounds(
625 | |         &self,
626 | |         id: TypeParameterBoundListId,
627 | |     ) -> Option<Self::TypeParameterBounds<'_>>;
    | |_______________________________________________^

warning: missing documentation for a method
   --> crates/semantic/src/ir/reader.rs:629:5
    |
629 |     fn free_predicates(&self, id: FreePredicateListId) -> Option<Self::FreePredicates<'_>>;
    |     ^^^^^^^^^^^^^^^^^^^^^^^^^^^^^^^^^^^^^^^^^^^^^^^^^^^^^^^^^^^^^^^^^^^^^^^^^^^^^^^^^^^^^^^

warning: missing documentation for a method
   --> crates/semantic/src/ir/reader.rs:631:5
    |
631 |     fn canonical_entities(&self) -> Self::CanonicalEntities<'_>;
    |     ^^^^^^^^^^^^^^^^^^^^^^^^^^^^^^^^^^^^^^^^^^^^^^^^^^^^^^^^^^^^

warning: missing documentation for a method
   --> crates/semantic/src/ir/reader.rs:644:5
    |
644 |     fn links_from(&self, entity: EntityId) -> Self::Links<'_>;
    |     ^^^^^^^^^^^^^^^^^^^^^^^^^^^^^^^^^^^^^^^^^^^^^^^^^^^^^^^^^^

warning: missing documentation for a method
   --> crates/semantic/src/ir/reader.rs:645:5
    |
645 |     fn link_occurrences(&self) -> Self::Occurrences<'_>;
    |     ^^^^^^^^^^^^^^^^^^^^^^^^^^^^^^^^^^^^^^^^^^^^^^^^^^^^

warning: missing documentation for a method
   --> crates/semantic/src/ir/reader.rs:646:5
    |
646 |     fn typescript_extensions(&self) -> Self::TypeScriptExtensions<'_>;
    |     ^^^^^^^^^^^^^^^^^^^^^^^^^^^^^^^^^^^^^^^^^^^^^^^^^^^^^^^^^^^^^^^^^^

warning: missing documentation for a method
   --> crates/semantic/src/ir/reader.rs:647:5
    |
647 |     fn csharp_extensions(&self) -> Self::CSharpExtensions<'_>;
    |     ^^^^^^^^^^^^^^^^^^^^^^^^^^^^^^^^^^^^^^^^^^^^^^^^^^^^^^^^^^

warning: missing documentation for a method
   --> crates/semantic/src/ir/reader.rs:648:5
    |
648 |     fn go_extensions(&self) -> Self::GoExtensions<'_>;
    |     ^^^^^^^^^^^^^^^^^^^^^^^^^^^^^^^^^^^^^^^^^^^^^^^^^^

warning: missing documentation for a method
   --> crates/semantic/src/ir/reader.rs:649:5
    |
649 |     fn rust_extensions(&self) -> Self::RustExtensions<'_>;
    |     ^^^^^^^^^^^^^^^^^^^^^^^^^^^^^^^^^^^^^^^^^^^^^^^^^^^^^^

warning: missing documentation for a method
   --> crates/semantic/src/ir/reader.rs:650:5
    |
650 |     fn python_extensions(&self) -> Self::PythonExtensions<'_>;
    |     ^^^^^^^^^^^^^^^^^^^^^^^^^^^^^^^^^^^^^^^^^^^^^^^^^^^^^^^^^^

warning: missing documentation for a method
   --> crates/semantic/src/ir/reader.rs:651:5
    |
651 |     fn java_extensions(&self) -> Self::JavaExtensions<'_>;
    |     ^^^^^^^^^^^^^^^^^^^^^^^^^^^^^^^^^^^^^^^^^^^^^^^^^^^^^^

warning: missing documentation for a method
   --> crates/semantic/src/ir/reader.rs:652:5
    |
652 |     fn clang_extensions(&self) -> Self::ClangExtensions<'_>;
    |     ^^^^^^^^^^^^^^^^^^^^^^^^^^^^^^^^^^^^^^^^^^^^^^^^^^^^^^^^

warning: missing documentation for a method
   --> crates/semantic/src/ir/reader.rs:658:5
    |
658 |     fn csharp_extension(&self, entity: EntityId) -> Option<CSharpFacts>;
    |     ^^^^^^^^^^^^^^^^^^^^^^^^^^^^^^^^^^^^^^^^^^^^^^^^^^^^^^^^^^^^^^^^^^^^

warning: missing documentation for a method
   --> crates/semantic/src/ir/reader.rs:659:5
    |
659 |     fn go_extension(&self, entity: EntityId) -> Option<GoFacts>;
    |     ^^^^^^^^^^^^^^^^^^^^^^^^^^^^^^^^^^^^^^^^^^^^^^^^^^^^^^^^^^^^

warning: missing documentation for a method
   --> crates/semantic/src/ir/reader.rs:660:5
    |
660 |     fn rust_extension(&self, entity: EntityId) -> Option<RustFacts>;
    |     ^^^^^^^^^^^^^^^^^^^^^^^^^^^^^^^^^^^^^^^^^^^^^^^^^^^^^^^^^^^^^^^^

warning: missing documentation for a method
   --> crates/semantic/src/ir/reader.rs:661:5
    |
661 |     fn python_extension(&self, entity: EntityId) -> Option<PythonFacts>;
    |     ^^^^^^^^^^^^^^^^^^^^^^^^^^^^^^^^^^^^^^^^^^^^^^^^^^^^^^^^^^^^^^^^^^^^

warning: missing documentation for a method
   --> crates/semantic/src/ir/reader.rs:662:5
    |
662 |     fn java_extension(&self, entity: EntityId) -> Option<JavaFacts>;
    |     ^^^^^^^^^^^^^^^^^^^^^^^^^^^^^^^^^^^^^^^^^^^^^^^^^^^^^^^^^^^^^^^^

warning: missing documentation for a method
   --> crates/semantic/src/ir/reader.rs:663:5
    |
663 |     fn clang_extension(&self, entity: EntityId) -> Option<ClangFacts>;
    |     ^^^^^^^^^^^^^^^^^^^^^^^^^^^^^^^^^^^^^^^^^^^^^^^^^^^^^^^^^^^^^^^^^^

warning: missing documentation for an associated function
   --> crates/semantic/src/ir/semantic/builder.rs:171:5
    |
171 |     pub fn new() -> Self {
    |     ^^^^^^^^^^^^^^^^^^^^

warning: missing documentation for a method
   --> crates/semantic/src/ir/semantic/builder.rs:619:5
    |
619 |     pub fn intern_atom(&mut self, bytes: &[u8]) -> Result<AtomId, BuildError> {
    |     ^^^^^^^^^^^^^^^^^^^^^^^^^^^^^^^^^^^^^^^^^^^^^^^^^^^^^^^^^^^^^^^^^^^^^^^^^

warning: missing documentation for a method
   --> crates/semantic/src/ir/semantic/builder.rs:622:5
    |
622 |     pub fn intern_text(&mut self, text: &str) -> Result<TextId, BuildError> {
    |     ^^^^^^^^^^^^^^^^^^^^^^^^^^^^^^^^^^^^^^^^^^^^^^^^^^^^^^^^^^^^^^^^^^^^^^^

warning: missing documentation for a method
   --> crates/semantic/src/ir/semantic/builder.rs:629:5
    |
629 |     pub fn intern_type(&mut self, ty: TypeExpr) -> Result<TypeId, BuildError> {
    |     ^^^^^^^^^^^^^^^^^^^^^^^^^^^^^^^^^^^^^^^^^^^^^^^^^^^^^^^^^^^^^^^^^^^^^^^^^

warning: missing documentation for a method
   --> crates/semantic/src/ir/semantic/builder.rs:651:5
    |
651 |     pub fn intern_concrete(&mut self, ty: ConcreteType) -> Result<ConcreteTypeId, BuildError> {
    |     ^^^^^^^^^^^^^^^^^^^^^^^^^^^^^^^^^^^^^^^^^^^^^^^^^^^^^^^^^^^^^^^^^^^^^^^^^^^^^^^^^^^^^^^^^

warning: missing documentation for a method
   --> crates/semantic/src/ir/semantic/builder.rs:654:5
    |
654 |     pub fn intern_computed(&mut self, ty: ComputedType) -> Result<ComputedTypeId, BuildError> {
    |     ^^^^^^^^^^^^^^^^^^^^^^^^^^^^^^^^^^^^^^^^^^^^^^^^^^^^^^^^^^^^^^^^^^^^^^^^^^^^^^^^^^^^^^^^^

warning: missing documentation for a method
   --> crates/semantic/src/ir/semantic/builder.rs:657:5
    |
657 |     pub fn intern_unknown(&mut self, ty: UnknownType) -> Result<UnknownTypeId, BuildError> {
    |     ^^^^^^^^^^^^^^^^^^^^^^^^^^^^^^^^^^^^^^^^^^^^^^^^^^^^^^^^^^^^^^^^^^^^^^^^^^^^^^^^^^^^^^

warning: missing documentation for a method
   --> crates/semantic/src/ir/semantic/builder.rs:660:5
    |
660 |     pub fn intern_types(&mut self, types: &[TypeId]) -> Result<TypeListId, BuildError> {
    |     ^^^^^^^^^^^^^^^^^^^^^^^^^^^^^^^^^^^^^^^^^^^^^^^^^^^^^^^^^^^^^^^^^^^^^^^^^^^^^^^^^^

warning: missing documentation for a method
   --> crates/semantic/src/ir/semantic/builder.rs:663:5
    |
663 |     pub fn intern_external(&mut self, target: ExternalTarget) -> Result<ExternalId, BuildError> {
    |     ^^^^^^^^^^^^^^^^^^^^^^^^^^^^^^^^^^^^^^^^^^^^^^^^^^^^^^^^^^^^^^^^^^^^^^^^^^^^^^^^^^^^^^^^^^^

warning: missing documentation for a method
   --> crates/semantic/src/ir/semantic/builder.rs:666:5
    |
666 |     pub fn intern_docs(&mut self, docs: &[DocFragment]) -> Result<DocId, BuildError> {
    |     ^^^^^^^^^^^^^^^^^^^^^^^^^^^^^^^^^^^^^^^^^^^^^^^^^^^^^^^^^^^^^^^^^^^^^^^^^^^^^^^^

warning: missing documentation for a method
   --> crates/semantic/src/ir/semantic/builder.rs:669:5
    |
669 |     pub fn intern_members(&mut self, members: &[EntityId]) -> Result<EntityListId, BuildError> {
    |     ^^^^^^^^^^^^^^^^^^^^^^^^^^^^^^^^^^^^^^^^^^^^^^^^^^^^^^^^^^^^^^^^^^^^^^^^^^^^^^^^^^^^^^^^^^

warning: missing documentation for a method
   --> crates/semantic/src/ir/semantic/builder.rs:672:5
    |
672 |     pub fn intern_attributes(&mut self, attributes: &[AtomId]) -> Result<AtomListId, BuildError> {
    |     ^^^^^^^^^^^^^^^^^^^^^^^^^^^^^^^^^^^^^^^^^^^^^^^^^^^^^^^^^^^^^^^^^^^^^^^^^^^^^^^^^^^^^^^^^^^^

warning: missing documentation for a method
   --> crates/semantic/src/ir/semantic/builder.rs:675:5
    |
675 | /     pub fn intern_tuple_elements(
676 | |         &mut self,
677 | |         elements: &[TupleElement],
678 | |     ) -> Result<TupleElementListId, BuildError> {
    | |_______________________________________________^

warning: missing documentation for a method
   --> crates/semantic/src/ir/semantic/builder.rs:681:5
    |
681 | /     pub fn intern_object_members(
682 | |         &mut self,
683 | |         members: &[ObjectMember],
684 | |     ) -> Result<ObjectMemberListId, BuildError> {
    | |_______________________________________________^

warning: missing documentation for a method
   --> crates/semantic/src/ir/semantic/builder.rs:687:5
    |
687 | /     pub fn intern_template_parts(
688 | |         &mut self,
689 | |         parts: &[TemplatePart],
690 | |     ) -> Result<TemplatePartListId, BuildError> {
    | |_______________________________________________^

warning: missing documentation for a method
   --> crates/semantic/src/ir/semantic/builder.rs:693:5
    |
693 | /     pub fn intern_type_parameter_bounds(
694 | |         &mut self,
695 | |         bounds: &[TypeParameterBound],
696 | |     ) -> Result<TypeParameterBoundListId, BuildError> {
    | |_____________________________________________________^

warning: missing documentation for a method
   --> crates/semantic/src/ir/semantic/builder.rs:701:5
    |
701 | /     pub fn intern_type_parameters(
702 | |         &mut self,
703 | |         parameters: &[TypeParameter],
704 | |     ) -> Result<TypeParameterListId, BuildError> {
    | |________________________________________________^

warning: missing documentation for a method
   --> crates/semantic/src/ir/semantic/builder.rs:707:5
    |
707 | /     pub fn intern_free_predicates(
708 | |         &mut self,
709 | |         predicates: &[FreePredicate],
710 | |     ) -> Result<FreePredicateListId, BuildError> {
    | |________________________________________________^

warning: missing documentation for a method
   --> crates/semantic/src/ir/semantic/builder.rs:713:5
    |
713 | /     pub fn add_item(
714 | |         &mut self,
715 | |         version: EntityVersion,
716 | |         item: Item,
717 | |         extension: Option<LanguageExtensionInput<'_>>,
718 | |         authority_facts: EntityAuthorityFacts,
719 | |     ) -> Result<EntityId, BuildError> {
    | |_____________________________________^

warning: missing documentation for a method
   --> crates/semantic/src/ir/semantic/builder.rs:740:5
    |
740 |     pub fn add_link(&mut self, link: Link) -> Result<LinkId, BuildError> {
    |     ^^^^^^^^^^^^^^^^^^^^^^^^^^^^^^^^^^^^^^^^^^^^^^^^^^^^^^^^^^^^^^^^^^^^

warning: missing documentation for a method
    --> crates/semantic/src/ir/semantic/builder.rs:1423:5
     |
1423 |     pub const fn entities(&self) -> EntityRange {
     |     ^^^^^^^^^^^^^^^^^^^^^^^^^^^^^^^^^^^^^^^^^^^

warning: missing documentation for a method
    --> crates/semantic/src/ir/semantic/builder.rs:1426:5
     |
1426 |     pub fn intern_atom(&mut self, bytes: &[u8]) -> Result<AtomId, BuildError> {
     |     ^^^^^^^^^^^^^^^^^^^^^^^^^^^^^^^^^^^^^^^^^^^^^^^^^^^^^^^^^^^^^^^^^^^^^^^^^

warning: missing documentation for a method
    --> crates/semantic/src/ir/semantic/builder.rs:1429:5
     |
1429 |     pub fn intern_text(&mut self, text: &str) -> Result<TextId, BuildError> {
     |     ^^^^^^^^^^^^^^^^^^^^^^^^^^^^^^^^^^^^^^^^^^^^^^^^^^^^^^^^^^^^^^^^^^^^^^^

warning: missing documentation for a method
    --> crates/semantic/src/ir/semantic/builder.rs:1432:5
     |
1432 |     pub fn reserve_types(&mut self, additional: usize) {
     |     ^^^^^^^^^^^^^^^^^^^^^^^^^^^^^^^^^^^^^^^^^^^^^^^^^^

warning: missing documentation for a method
    --> crates/semantic/src/ir/semantic/builder.rs:1435:5
     |
1435 |     pub fn intern_type(&mut self, ty: TypeExpr) -> Result<TypeId, BuildError> {
     |     ^^^^^^^^^^^^^^^^^^^^^^^^^^^^^^^^^^^^^^^^^^^^^^^^^^^^^^^^^^^^^^^^^^^^^^^^^

warning: missing documentation for a method
    --> crates/semantic/src/ir/semantic/builder.rs:1438:5
     |
1438 | /     pub fn intern_guarded<State: TypeState>(
1439 | |         &mut self,
1440 | |         ty: GuardedType<State>,
1441 | |     ) -> Result<TypedTypeId<State>, BuildError> {
     | |_______________________________________________^

warning: missing documentation for a method
    --> crates/semantic/src/ir/semantic/builder.rs:1444:5
     |
1444 |     pub fn intern_concrete(&mut self, ty: ConcreteType) -> Result<ConcreteTypeId, BuildError> {
     |     ^^^^^^^^^^^^^^^^^^^^^^^^^^^^^^^^^^^^^^^^^^^^^^^^^^^^^^^^^^^^^^^^^^^^^^^^^^^^^^^^^^^^^^^^^

warning: missing documentation for a method
    --> crates/semantic/src/ir/semantic/builder.rs:1447:5
     |
1447 |     pub fn intern_computed(&mut self, ty: ComputedType) -> Result<ComputedTypeId, BuildError> {
     |     ^^^^^^^^^^^^^^^^^^^^^^^^^^^^^^^^^^^^^^^^^^^^^^^^^^^^^^^^^^^^^^^^^^^^^^^^^^^^^^^^^^^^^^^^^

warning: missing documentation for a method
    --> crates/semantic/src/ir/semantic/builder.rs:1450:5
     |
1450 |     pub fn intern_unknown(&mut self, ty: UnknownType) -> Result<UnknownTypeId, BuildError> {
     |     ^^^^^^^^^^^^^^^^^^^^^^^^^^^^^^^^^^^^^^^^^^^^^^^^^^^^^^^^^^^^^^^^^^^^^^^^^^^^^^^^^^^^^^

warning: missing documentation for a method
    --> crates/semantic/src/ir/semantic/builder.rs:1453:5
     |
1453 |     pub fn intern_types(&mut self, types: &[TypeId]) -> Result<TypeListId, BuildError> {
     |     ^^^^^^^^^^^^^^^^^^^^^^^^^^^^^^^^^^^^^^^^^^^^^^^^^^^^^^^^^^^^^^^^^^^^^^^^^^^^^^^^^^

warning: missing documentation for a method
    --> crates/semantic/src/ir/semantic/builder.rs:1456:5
     |
1456 | /     pub fn intern_tuple_elements(
1457 | |         &mut self,
1458 | |         elements: &[TupleElement],
1459 | |     ) -> Result<TupleElementListId, BuildError> {
     | |_______________________________________________^

warning: missing documentation for a method
    --> crates/semantic/src/ir/semantic/builder.rs:1462:5
     |
1462 | /     pub fn intern_object_members(
1463 | |         &mut self,
1464 | |         members: &[ObjectMember],
1465 | |     ) -> Result<ObjectMemberListId, BuildError> {
     | |_______________________________________________^

warning: missing documentation for a method
    --> crates/semantic/src/ir/semantic/builder.rs:1468:5
     |
1468 | /     pub fn intern_template_parts(
1469 | |         &mut self,
1470 | |         parts: &[TemplatePart],
1471 | |     ) -> Result<TemplatePartListId, BuildError> {
     | |_______________________________________________^

warning: missing documentation for a method
    --> crates/semantic/src/ir/semantic/builder.rs:1474:5
     |
1474 | /     pub fn intern_type_parameter_bounds(
1475 | |         &mut self,
1476 | |         bounds: &[TypeParameterBound],
1477 | |     ) -> Result<TypeParameterBoundListId, BuildError> {
     | |_____________________________________________________^

warning: missing documentation for a method
    --> crates/semantic/src/ir/semantic/builder.rs:1480:5
     |
1480 | /     pub fn intern_type_parameters(
1481 | |         &mut self,
1482 | |         parameters: &[TypeParameter],
1483 | |     ) -> Result<TypeParameterListId, BuildError> {
     | |________________________________________________^

warning: missing documentation for a method
    --> crates/semantic/src/ir/semantic/builder.rs:1486:5
     |
1486 | /     pub fn intern_free_predicates(
1487 | |         &mut self,
1488 | |         predicates: &[FreePredicate],
1489 | |     ) -> Result<FreePredicateListId, BuildError> {
     | |________________________________________________^

warning: missing documentation for a method
    --> crates/semantic/src/ir/semantic/builder.rs:1502:5
     |
1502 |     pub fn intern_external(&mut self, target: ExternalTarget) -> Result<ExternalId, BuildError> {
     |     ^^^^^^^^^^^^^^^^^^^^^^^^^^^^^^^^^^^^^^^^^^^^^^^^^^^^^^^^^^^^^^^^^^^^^^^^^^^^^^^^^^^^^^^^^^^

warning: missing documentation for a method
    --> crates/semantic/src/ir/semantic/builder.rs:1505:5
     |
1505 | /     pub fn commit(
1506 | |         self,
1507 | |         items: &[TreeItemInput<'_>],
1508 | |         links: &[TreeLinkInput],
1509 | |     ) -> Result<EntityRange, BuildError> {
     | |________________________________________^

warning: missing documentation for a struct field
   --> crates/semantic/src/ir/semantic/columns.rs:500:5
    |
500 |     pub typescript: LanguageExtensionColumnView<'ir, TypeScriptFacts, TypeScriptExtension>,
    |     ^^^^^^^^^^^^^^^^^^^^^^^^^^^^^^^^^^^^^^^^^^^^^^^^^^^^^^^^^^^^^^^^^^^^^^^^^^^^^^^^^^^^^^

warning: missing documentation for a struct field
   --> crates/semantic/src/ir/semantic/columns.rs:501:5
    |
501 |     pub csharp: LanguageExtensionColumnView<'ir, CSharpFacts, CSharpExtension>,
    |     ^^^^^^^^^^^^^^^^^^^^^^^^^^^^^^^^^^^^^^^^^^^^^^^^^^^^^^^^^^^^^^^^^^^^^^^^^^

warning: missing documentation for a struct field
   --> crates/semantic/src/ir/semantic/columns.rs:502:5
    |
502 |     pub go: LanguageExtensionColumnView<'ir, GoFacts, GoExtension>,
    |     ^^^^^^^^^^^^^^^^^^^^^^^^^^^^^^^^^^^^^^^^^^^^^^^^^^^^^^^^^^^^^^

warning: missing documentation for a struct field
   --> crates/semantic/src/ir/semantic/columns.rs:503:5
    |
503 |     pub rust: LanguageExtensionColumnView<'ir, RustFacts, RustExtension>,
    |     ^^^^^^^^^^^^^^^^^^^^^^^^^^^^^^^^^^^^^^^^^^^^^^^^^^^^^^^^^^^^^^^^^^^^

warning: missing documentation for a struct field
   --> crates/semantic/src/ir/semantic/columns.rs:504:5
    |
504 |     pub python: LanguageExtensionColumnView<'ir, PythonFacts, PythonExtension>,
    |     ^^^^^^^^^^^^^^^^^^^^^^^^^^^^^^^^^^^^^^^^^^^^^^^^^^^^^^^^^^^^^^^^^^^^^^^^^^

warning: missing documentation for a struct field
   --> crates/semantic/src/ir/semantic/columns.rs:505:5
    |
505 |     pub java: LanguageExtensionColumnView<'ir, JavaFacts, JavaExtension>,
    |     ^^^^^^^^^^^^^^^^^^^^^^^^^^^^^^^^^^^^^^^^^^^^^^^^^^^^^^^^^^^^^^^^^^^^

warning: missing documentation for a struct field
   --> crates/semantic/src/ir/semantic/columns.rs:506:5
    |
506 |     pub clang: LanguageExtensionColumnView<'ir, ClangFacts, ClangExtension>,
    |     ^^^^^^^^^^^^^^^^^^^^^^^^^^^^^^^^^^^^^^^^^^^^^^^^^^^^^^^^^^^^^^^^^^^^^^^

warning: missing documentation for a struct field
   --> crates/semantic/src/ir/semantic/columns.rs:850:5
    |
850 |     pub names: &'ir [AtomId],
    |     ^^^^^^^^^^^^^^^^^^^^^^^^

warning: missing documentation for a struct field
   --> crates/semantic/src/ir/semantic/columns.rs:851:5
    |
851 |     pub kinds: &'ir [ItemKind],
    |     ^^^^^^^^^^^^^^^^^^^^^^^^^^

warning: missing documentation for a struct field
   --> crates/semantic/src/ir/semantic/columns.rs:852:5
    |
852 |     pub visibility: &'ir [Visibility],
    |     ^^^^^^^^^^^^^^^^^^^^^^^^^^^^^^^^^

warning: missing documentation for a struct field
   --> crates/semantic/src/ir/semantic/columns.rs:853:5
    |
853 |     pub parents: &'ir [OptionalId<crate::ir::Entity>],
    |     ^^^^^^^^^^^^^^^^^^^^^^^^^^^^^^^^^^^^^^^^^^^^^^^^^

warning: missing documentation for a struct field
   --> crates/semantic/src/ir/semantic/columns.rs:854:5
    |
854 |     pub semantic_types: &'ir [OptionalId<Type>],
    |     ^^^^^^^^^^^^^^^^^^^^^^^^^^^^^^^^^^^^^^^^^^^

warning: missing documentation for a struct field
   --> crates/semantic/src/ir/semantic/columns.rs:855:5
    |
855 |     pub members: &'ir [EntityListId],
    |     ^^^^^^^^^^^^^^^^^^^^^^^^^^^^^^^^

warning: missing documentation for a struct field
   --> crates/semantic/src/ir/semantic/columns.rs:856:5
    |
856 |     pub docs: &'ir [DocId],
    |     ^^^^^^^^^^^^^^^^^^^^^^

warning: missing documentation for a struct field
   --> crates/semantic/src/ir/semantic/columns.rs:857:5
    |
857 |     pub attributes: &'ir [AtomListId],
    |     ^^^^^^^^^^^^^^^^^^^^^^^^^^^^^^^^^

warning: missing documentation for a struct field
   --> crates/semantic/src/ir/semantic/columns.rs:886:5
    |
886 |     pub targets: &'ir [LinkTarget],
    |     ^^^^^^^^^^^^^^^^^^^^^^^^^^^^^^

warning: missing documentation for a struct field
   --> crates/semantic/src/ir/semantic/columns.rs:887:5
    |
887 |     pub kinds: &'ir [LinkKind],
    |     ^^^^^^^^^^^^^^^^^^^^^^^^^^

warning: missing documentation for a struct field
   --> crates/semantic/src/ir/semantic/columns.rs:888:5
    |
888 |     pub confidence: &'ir [Confidence],
    |     ^^^^^^^^^^^^^^^^^^^^^^^^^^^^^^^^^

warning: missing documentation for a struct field
   --> crates/semantic/src/ir/semantic/columns.rs:889:5
    |
889 |     pub sources: SparseColumnView<'ir, SourceSpan>,
    |     ^^^^^^^^^^^^^^^^^^^^^^^^^^^^^^^^^^^^^^^^^^^^^^

warning: missing documentation for a struct field
   --> crates/semantic/src/ir/semantic/columns.rs:890:5
    |
890 |     pub outgoing: &'ir [LinkId],
    |     ^^^^^^^^^^^^^^^^^^^^^^^^^^^

warning: missing documentation for a struct field
   --> crates/semantic/src/ir/semantic/columns.rs:891:5
    |
891 |     pub outgoing_offsets: &'ir [u32],
    |     ^^^^^^^^^^^^^^^^^^^^^^^^^^^^^^^^

warning: missing documentation for a struct field
   --> crates/semantic/src/ir/semantic/columns.rs:892:5
    |
892 |     pub incoming: &'ir [LinkId],
    |     ^^^^^^^^^^^^^^^^^^^^^^^^^^^

warning: missing documentation for a struct field
   --> crates/semantic/src/ir/semantic/columns.rs:893:5
    |
893 |     pub incoming_offsets: &'ir [u32],
    |     ^^^^^^^^^^^^^^^^^^^^^^^^^^^^^^^^

warning: missing documentation for a struct field
   --> crates/semantic/src/ir/semantic/columns.rs:902:5
    |
902 |     pub links: &'ir [LinkId],
    |     ^^^^^^^^^^^^^^^^^^^^^^^^

warning: missing documentation for a struct field
   --> crates/semantic/src/ir/semantic/columns.rs:903:5
    |
903 |     pub confidence: &'ir [Confidence],
    |     ^^^^^^^^^^^^^^^^^^^^^^^^^^^^^^^^^

warning: missing documentation for a struct field
   --> crates/semantic/src/ir/semantic/columns.rs:904:5
    |
904 |     pub sources: SparseColumnView<'ir, SourceSpan>,
    |     ^^^^^^^^^^^^^^^^^^^^^^^^^^^^^^^^^^^^^^^^^^^^^^

warning: missing documentation for a struct field
   --> crates/semantic/src/ir/semantic/columns.rs:905:5
    |
905 |     pub outgoing: &'ir [LinkOccurrenceId],
    |     ^^^^^^^^^^^^^^^^^^^^^^^^^^^^^^^^^^^^^

warning: missing documentation for a struct field
   --> crates/semantic/src/ir/semantic/columns.rs:906:5
    |
906 |     pub outgoing_offsets: &'ir [u32],
    |     ^^^^^^^^^^^^^^^^^^^^^^^^^^^^^^^^

warning: missing documentation for a struct field
    --> crates/semantic/src/ir/semantic/columns.rs:1109:5
     |
1109 |     pub versions: &'ir [EntityVersion],
     |     ^^^^^^^^^^^^^^^^^^^^^^^^^^^^^^^^^^

warning: missing documentation for a struct field
    --> crates/semantic/src/ir/semantic/columns.rs:1112:5
     |
1112 |     pub stable_links: &'ir [LinkId],
     |     ^^^^^^^^^^^^^^^^^^^^^^^^^^^^^^^

warning: missing documentation for a struct field
    --> crates/semantic/src/ir/semantic/columns.rs:1122:5
     |
1122 |     pub authority: SemanticImageAuthority,
     |     ^^^^^^^^^^^^^^^^^^^^^^^^^^^^^^^^^^^^^

warning: missing documentation for a struct field
    --> crates/semantic/src/ir/semantic/columns.rs:1125:5
     |
1125 |     pub atoms: AtomTableView<'ir>,
     |     ^^^^^^^^^^^^^^^^^^^^^^^^^^^^^

warning: missing documentation for a struct field
    --> crates/semantic/src/ir/semantic/columns.rs:1126:5
     |
1126 |     pub types: TypeColumns<'ir>,
     |     ^^^^^^^^^^^^^^^^^^^^^^^^^^^

warning: missing documentation for a struct field
    --> crates/semantic/src/ir/semantic/columns.rs:1127:5
     |
1127 |     pub externals: &'ir [ExternalTarget],
     |     ^^^^^^^^^^^^^^^^^^^^^^^^^^^^^^^^^^^^

warning: missing documentation for a struct field
    --> crates/semantic/src/ir/semantic/columns.rs:1128:5
     |
1128 |     pub type_lists: ListTableView<'ir, TypeId>,
     |     ^^^^^^^^^^^^^^^^^^^^^^^^^^^^^^^^^^^^^^^^^^

warning: missing documentation for a struct field
    --> crates/semantic/src/ir/semantic/columns.rs:1129:5
     |
1129 |     pub entity_lists: ListTableView<'ir, EntityId>,
     |     ^^^^^^^^^^^^^^^^^^^^^^^^^^^^^^^^^^^^^^^^^^^^^^

warning: missing documentation for a struct field
    --> crates/semantic/src/ir/semantic/columns.rs:1130:5
     |
1130 |     pub atom_lists: ListTableView<'ir, AtomId>,
     |     ^^^^^^^^^^^^^^^^^^^^^^^^^^^^^^^^^^^^^^^^^^

warning: missing documentation for a struct field
    --> crates/semantic/src/ir/semantic/columns.rs:1131:5
     |
1131 |     pub docs: ListTableView<'ir, DocFragment>,
     |     ^^^^^^^^^^^^^^^^^^^^^^^^^^^^^^^^^^^^^^^^^

warning: missing documentation for a struct field
    --> crates/semantic/src/ir/semantic/columns.rs:1132:5
     |
1132 |     pub tuple_elements: ListTableView<'ir, TupleElement>,
     |     ^^^^^^^^^^^^^^^^^^^^^^^^^^^^^^^^^^^^^^^^^^^^^^^^^^^^

warning: missing documentation for a struct field
    --> crates/semantic/src/ir/semantic/columns.rs:1133:5
     |
1133 |     pub object_members: ListTableView<'ir, ObjectMember>,
     |     ^^^^^^^^^^^^^^^^^^^^^^^^^^^^^^^^^^^^^^^^^^^^^^^^^^^^

warning: missing documentation for a struct field
    --> crates/semantic/src/ir/semantic/columns.rs:1134:5
     |
1134 |     pub template_parts: ListTableView<'ir, TemplatePart>,
     |     ^^^^^^^^^^^^^^^^^^^^^^^^^^^^^^^^^^^^^^^^^^^^^^^^^^^^

warning: missing documentation for a struct field
    --> crates/semantic/src/ir/semantic/columns.rs:1135:5
     |
1135 |     pub type_parameter_bounds: ListTableView<'ir, TypeParameterBound>,
     |     ^^^^^^^^^^^^^^^^^^^^^^^^^^^^^^^^^^^^^^^^^^^^^^^^^^^^^^^^^^^^^^^^^

warning: missing documentation for a struct field
    --> crates/semantic/src/ir/semantic/columns.rs:1136:5
     |
1136 |     pub type_parameters: ListTableView<'ir, TypeParameter>,
     |     ^^^^^^^^^^^^^^^^^^^^^^^^^^^^^^^^^^^^^^^^^^^^^^^^^^^^^^

warning: missing documentation for a struct field
    --> crates/semantic/src/ir/semantic/columns.rs:1137:5
     |
1137 |     pub free_predicates: ListTableView<'ir, FreePredicate>,
     |     ^^^^^^^^^^^^^^^^^^^^^^^^^^^^^^^^^^^^^^^^^^^^^^^^^^^^^^

warning: missing documentation for a struct field
    --> crates/semantic/src/ir/semantic/columns.rs:1138:5
     |
1138 |     pub entities: EntityColumns<'ir>,
     |     ^^^^^^^^^^^^^^^^^^^^^^^^^^^^^^^^

warning: missing documentation for a struct field
    --> crates/semantic/src/ir/semantic/columns.rs:1143:5
     |
1143 |     pub sources: SourceColumnsView<'ir>,
     |     ^^^^^^^^^^^^^^^^^^^^^^^^^^^^^^^^^^^

warning: missing documentation for a struct field
    --> crates/semantic/src/ir/semantic/columns.rs:1144:5
     |
1144 |     pub language_extensions: LanguageExtensionsView<'ir>,
     |     ^^^^^^^^^^^^^^^^^^^^^^^^^^^^^^^^^^^^^^^^^^^^^^^^^^^^

warning: missing documentation for a struct field
    --> crates/semantic/src/ir/semantic/columns.rs:1145:5
     |
1145 |     pub graph: GraphColumns<'ir>,
     |     ^^^^^^^^^^^^^^^^^^^^^^^^^^^^

warning: missing documentation for a struct field
    --> crates/semantic/src/ir/semantic/columns.rs:1146:5
     |
1146 |     pub vcs: VcsColumns<'ir>,
     |     ^^^^^^^^^^^^^^^^^^^^^^^^

warning: missing documentation for a struct field
    --> crates/semantic/src/ir/semantic/columns.rs:1147:5
     |
1147 |     pub kind_entities: &'ir [EntityId],
     |     ^^^^^^^^^^^^^^^^^^^^^^^^^^^^^^^^^^

warning: missing documentation for a struct field
    --> crates/semantic/src/ir/semantic/columns.rs:1148:5
     |
1148 |     pub kind_offsets: &'ir [u32; 16],
     |     ^^^^^^^^^^^^^^^^^^^^^^^^^^^^^^^^

warning: missing documentation for a struct field
    --> crates/semantic/src/ir/semantic/columns.rs:1149:5
     |
1149 |     pub name_entities: &'ir [EntityId],
     |     ^^^^^^^^^^^^^^^^^^^^^^^^^^^^^^^^^^

warning: missing documentation for a method
  --> crates/semantic/src/ir/semantic/error.rs:29:5
   |
29 |     pub const fn start(self) -> EntityId {
   |     ^^^^^^^^^^^^^^^^^^^^^^^^^^^^^^^^^^^^

warning: missing documentation for a method
  --> crates/semantic/src/ir/semantic/error.rs:33:5
   |
33 |     pub const fn len(self) -> u32 {
   |     ^^^^^^^^^^^^^^^^^^^^^^^^^^^^^

warning: missing documentation for a method
  --> crates/semantic/src/ir/semantic/error.rs:37:5
   |
37 |     pub const fn is_empty(self) -> bool {
   |     ^^^^^^^^^^^^^^^^^^^^^^^^^^^^^^^^^^^

warning: missing documentation for a variant
  --> crates/semantic/src/ir/semantic/error.rs:45:5
   |
45 |     Atom,
   |     ^^^^

warning: missing documentation for a variant
  --> crates/semantic/src/ir/semantic/error.rs:46:5
   |
46 |     Text,
   |     ^^^^

warning: missing documentation for a variant
  --> crates/semantic/src/ir/semantic/error.rs:47:5
   |
47 |     Type,
   |     ^^^^

warning: missing documentation for a variant
  --> crates/semantic/src/ir/semantic/error.rs:48:5
   |
48 |     Entity,
   |     ^^^^^^

warning: missing documentation for a variant
  --> crates/semantic/src/ir/semantic/error.rs:49:5
   |
49 |     External,
   |     ^^^^^^^^

warning: missing documentation for a variant
  --> crates/semantic/src/ir/semantic/error.rs:50:5
   |
50 |     Link,
   |     ^^^^

warning: missing documentation for a variant
  --> crates/semantic/src/ir/semantic/error.rs:51:5
   |
51 |     LinkOccurrence,
   |     ^^^^^^^^^^^^^^

warning: missing documentation for a variant
  --> crates/semantic/src/ir/semantic/error.rs:52:5
   |
52 |     TypeList,
   |     ^^^^^^^^

warning: missing documentation for a variant
  --> crates/semantic/src/ir/semantic/error.rs:53:5
   |
53 |     EntityList,
   |     ^^^^^^^^^^

warning: missing documentation for a variant
  --> crates/semantic/src/ir/semantic/error.rs:54:5
   |
54 |     AtomList,
   |     ^^^^^^^^

warning: missing documentation for a variant
  --> crates/semantic/src/ir/semantic/error.rs:55:5
   |
55 |     Docs,
   |     ^^^^

warning: missing documentation for a variant
  --> crates/semantic/src/ir/semantic/error.rs:56:5
   |
56 |     TupleElements,
   |     ^^^^^^^^^^^^^

warning: missing documentation for a variant
  --> crates/semantic/src/ir/semantic/error.rs:57:5
   |
57 |     ObjectMembers,
   |     ^^^^^^^^^^^^^

warning: missing documentation for a variant
  --> crates/semantic/src/ir/semantic/error.rs:58:5
   |
58 |     TemplateParts,
   |     ^^^^^^^^^^^^^

warning: missing documentation for a variant
  --> crates/semantic/src/ir/semantic/error.rs:59:5
   |
59 |     TypeParameterBounds,
   |     ^^^^^^^^^^^^^^^^^^^

warning: missing documentation for a variant
  --> crates/semantic/src/ir/semantic/error.rs:60:5
   |
60 |     TypeParameters,
   |     ^^^^^^^^^^^^^^

warning: missing documentation for a variant
  --> crates/semantic/src/ir/semantic/error.rs:61:5
   |
61 |     FreePredicates,
   |     ^^^^^^^^^^^^^^

warning: missing documentation for a struct field
  --> crates/semantic/src/ir/semantic/error.rs:74:23
   |
74 |     MissingPoolFact { fact: usize, count: usize },
   |                       ^^^^^^^^^^^

warning: missing documentation for a struct field
  --> crates/semantic/src/ir/semantic/error.rs:74:36
   |
74 |     MissingPoolFact { fact: usize, count: usize },
   |                                    ^^^^^^^^^^^^

warning: missing documentation for a variant
  --> crates/semantic/src/ir/semantic/error.rs:80:5
   |
80 |     Capacity(CapacityError),
   |     ^^^^^^^^

warning: missing documentation for a variant
  --> crates/semantic/src/ir/semantic/error.rs:81:5
   |
81 |     InvalidTreeEntity {
   |     ^^^^^^^^^^^^^^^^^

warning: missing documentation for a struct field
  --> crates/semantic/src/ir/semantic/error.rs:82:9
   |
82 |         raw: u32,
   |         ^^^^^^^^

warning: missing documentation for a struct field
  --> crates/semantic/src/ir/semantic/error.rs:83:9
   |
83 |         count: u32,
   |         ^^^^^^^^^^

warning: missing documentation for a variant
  --> crates/semantic/src/ir/semantic/error.rs:85:5
   |
85 |     Dangling {
   |     ^^^^^^^^

warning: missing documentation for a struct field
  --> crates/semantic/src/ir/semantic/error.rs:86:9
   |
86 |         space: SemanticSpace,
   |         ^^^^^^^^^^^^^^^^^^^^

warning: missing documentation for a struct field
  --> crates/semantic/src/ir/semantic/error.rs:87:9
   |
87 |         raw: u32,
   |         ^^^^^^^^

warning: missing documentation for a struct field
  --> crates/semantic/src/ir/semantic/error.rs:94:9
   |
94 |         raw: u32,
   |         ^^^^^^^^

warning: missing documentation for a struct field
   --> crates/semantic/src/ir/semantic/error.rs:100:9
    |
100 |         role: CallableElementRole,
    |         ^^^^^^^^^^^^^^^^^^^^^^^^^

warning: missing documentation for a struct field
   --> crates/semantic/src/ir/semantic/error.rs:101:9
    |
101 |         position: usize,
    |         ^^^^^^^^^^^^^^^

warning: missing documentation for a struct field
   --> crates/semantic/src/ir/semantic/error.rs:102:9
    |
102 |         kind: TupleElementKind,
    |         ^^^^^^^^^^^^^^^^^^^^^^

warning: missing documentation for a struct field
   --> crates/semantic/src/ir/semantic/error.rs:107:9
    |
107 |         parameter_count: usize,
    |         ^^^^^^^^^^^^^^^^^^^^^^

warning: missing documentation for a struct field
   --> crates/semantic/src/ir/semantic/error.rs:114:9
    |
114 |         list: u32,
    |         ^^^^^^^^^

warning: missing documentation for a struct field
   --> crates/semantic/src/ir/semantic/error.rs:115:9
    |
115 |         position: u32,
    |         ^^^^^^^^^^^^^

warning: missing documentation for a struct field
   --> crates/semantic/src/ir/semantic/error.rs:116:9
    |
116 |         requirements: TypeParameterRequirements,
    |         ^^^^^^^^^^^^^^^^^^^^^^^^^^^^^^^^^^^^^^^

warning: missing documentation for a struct field
   --> crates/semantic/src/ir/semantic/error.rs:125:9
    |
125 |         target: TypeId,
    |         ^^^^^^^^^^^^^^

warning: missing documentation for a struct field
   --> crates/semantic/src/ir/semantic/error.rs:126:9
    |
126 |         qualifiers: crate::ir::CvQualifiers,
    |         ^^^^^^^^^^^^^^^^^^^^^^^^^^^^^^^^^^^

warning: missing documentation for a struct field
   --> crates/semantic/src/ir/semantic/error.rs:132:9
    |
132 |         owner: TypeId,
    |         ^^^^^^^^^^^^^

warning: missing documentation for a struct field
   --> crates/semantic/src/ir/semantic/error.rs:139:9
    |
139 |         bytes: usize,
    |         ^^^^^^^^^^^^

warning: missing documentation for a struct field
   --> crates/semantic/src/ir/semantic/error.rs:143:9
    |
143 |         owner: EntityId,
    |         ^^^^^^^^^^^^^^^

warning: missing documentation for a struct field
   --> crates/semantic/src/ir/semantic/error.rs:144:9
    |
144 |         start: u32,
    |         ^^^^^^^^^^

warning: missing documentation for a struct field
   --> crates/semantic/src/ir/semantic/error.rs:145:9
    |
145 |         end: u32,
    |         ^^^^^^^^

warning: missing documentation for a struct field
   --> crates/semantic/src/ir/semantic/error.rs:150:9
    |
150 |         expected: usize,
    |         ^^^^^^^^^^^^^^^

warning: missing documentation for a struct field
   --> crates/semantic/src/ir/semantic/error.rs:151:9
    |
151 |         observed: usize,
    |         ^^^^^^^^^^^^^^^

warning: missing documentation for a struct field
   --> crates/semantic/src/ir/semantic/error.rs:155:9
    |
155 |         entity: EntityId,
    |         ^^^^^^^^^^^^^^^^

warning: missing documentation for a struct field
   --> crates/semantic/src/ir/semantic/error.rs:156:9
    |
156 |         kind: crate::ir::ItemKind,
    |         ^^^^^^^^^^^^^^^^^^^^^^^^^

warning: missing documentation for a struct field
   --> crates/semantic/src/ir/semantic/error.rs:160:9
    |
160 |         owner: EntityId,
    |         ^^^^^^^^^^^^^^^

warning: missing documentation for a struct field
   --> crates/semantic/src/ir/semantic/error.rs:161:9
    |
161 |         kind: crate::ir::ItemKind,
    |         ^^^^^^^^^^^^^^^^^^^^^^^^^

warning: missing documentation for a struct field
   --> crates/semantic/src/ir/semantic/error.rs:171:9
    |
171 |         row: usize,
    |         ^^^^^^^^^^

warning: missing documentation for a struct field
   --> crates/semantic/src/ir/semantic/error.rs:172:9
    |
172 |         expected: Option<EntityId>,
    |         ^^^^^^^^^^^^^^^^^^^^^^^^^^

warning: missing documentation for a struct field
   --> crates/semantic/src/ir/semantic/error.rs:173:9
    |
173 |         observed: Option<EntityId>,
    |         ^^^^^^^^^^^^^^^^^^^^^^^^^^

warning: missing documentation for a struct field
   --> crates/semantic/src/ir/semantic/error.rs:177:9
    |
177 |         owner: EntityId,
    |         ^^^^^^^^^^^^^^^

warning: missing documentation for a struct field
   --> crates/semantic/src/ir/semantic/error.rs:181:9
    |
181 |         owner: EntityId,
    |         ^^^^^^^^^^^^^^^

warning: missing documentation for a struct field
   --> crates/semantic/src/ir/semantic/error.rs:182:9
    |
182 |         parameters: u32,
    |         ^^^^^^^^^^^^^^^

warning: missing documentation for a struct field
   --> crates/semantic/src/ir/semantic/error.rs:183:9
    |
183 |         results: u32,
    |         ^^^^^^^^^^^^

warning: missing documentation for a struct field
   --> crates/semantic/src/ir/semantic/error.rs:187:9
    |
187 |         owner: EntityId,
    |         ^^^^^^^^^^^^^^^

warning: missing documentation for a struct field
   --> crates/semantic/src/ir/semantic/error.rs:188:9
    |
188 |         position: u32,
    |         ^^^^^^^^^^^^^

warning: missing documentation for a struct field
   --> crates/semantic/src/ir/semantic/error.rs:189:9
    |
189 |         expected: ProductChildRole,
    |         ^^^^^^^^^^^^^^^^^^^^^^^^^^

warning: missing documentation for a struct field
   --> crates/semantic/src/ir/semantic/error.rs:190:9
    |
190 |         observed: ProductChildRole,
    |         ^^^^^^^^^^^^^^^^^^^^^^^^^^

warning: missing documentation for a struct field
   --> crates/semantic/src/ir/semantic/error.rs:195:9
    |
195 |         expected: usize,
    |         ^^^^^^^^^^^^^^^

warning: missing documentation for a struct field
   --> crates/semantic/src/ir/semantic/error.rs:196:9
    |
196 |         observed: usize,
    |         ^^^^^^^^^^^^^^^

warning: missing documentation for a struct field
   --> crates/semantic/src/ir/semantic/error.rs:200:9
    |
200 |         owner: EntityId,
    |         ^^^^^^^^^^^^^^^

warning: missing documentation for a struct field
   --> crates/semantic/src/ir/semantic/error.rs:201:9
    |
201 |         carrier: EntityId,
    |         ^^^^^^^^^^^^^^^^^

warning: missing documentation for a struct field
   --> crates/semantic/src/ir/semantic/error.rs:202:9
    |
202 |         kind: crate::ir::ItemKind,
    |         ^^^^^^^^^^^^^^^^^^^^^^^^^

warning: missing documentation for a struct field
   --> crates/semantic/src/ir/semantic/error.rs:206:9
    |
206 |         owner: EntityId,
    |         ^^^^^^^^^^^^^^^

warning: missing documentation for a struct field
   --> crates/semantic/src/ir/semantic/error.rs:207:9
    |
207 |         carrier: EntityId,
    |         ^^^^^^^^^^^^^^^^^

warning: missing documentation for a struct field
   --> crates/semantic/src/ir/semantic/error.rs:208:9
    |
208 |         role: SignatureCarrierBindingRole,
    |         ^^^^^^^^^^^^^^^^^^^^^^^^^^^^^^^^^

warning: missing documentation for a struct field
   --> crates/semantic/src/ir/semantic/error.rs:209:9
    |
209 |         position: u32,
    |         ^^^^^^^^^^^^^

warning: missing documentation for a struct field
   --> crates/semantic/src/ir/semantic/error.rs:214:9
    |
214 |         owner: EntityId,
    |         ^^^^^^^^^^^^^^^

warning: missing documentation for a struct field
   --> crates/semantic/src/ir/semantic/error.rs:215:9
    |
215 |         position: u32,
    |         ^^^^^^^^^^^^^

warning: missing documentation for a struct field
   --> crates/semantic/src/ir/semantic/error.rs:216:9
    |
216 |         product_target: u32,
    |         ^^^^^^^^^^^^^^^^^^^

warning: missing documentation for a struct field
   --> crates/semantic/src/ir/semantic/error.rs:217:9
    |
217 |         type_target: u32,
    |         ^^^^^^^^^^^^^^^^

warning: missing documentation for a struct field
   --> crates/semantic/src/ir/semantic/error.rs:221:9
    |
221 |         entity: EntityId,
    |         ^^^^^^^^^^^^^^^^

warning: missing documentation for a struct field
   --> crates/semantic/src/ir/semantic/error.rs:227:9
    |
227 |         entity: EntityId,
    |         ^^^^^^^^^^^^^^^^

warning: missing documentation for a struct field
   --> crates/semantic/src/ir/semantic/error.rs:228:9
    |
228 |         cause: crate::ir::DeclarationKeyFault,
    |         ^^^^^^^^^^^^^^^^^^^^^^^^^^^^^^^^^^^^^

warning: missing documentation for a struct field
   --> crates/semantic/src/ir/semantic/error.rs:233:9
    |
233 |         entity: EntityId,
    |         ^^^^^^^^^^^^^^^^

warning: missing documentation for a struct field
   --> crates/semantic/src/ir/semantic/error.rs:234:9
    |
234 |         cause: crate::ir::PreimageOverflow,
    |         ^^^^^^^^^^^^^^^^^^^^^^^^^^^^^^^^^^

warning: missing documentation for a struct field
   --> crates/semantic/src/ir/semantic/error.rs:239:9
    |
239 |         owner: EntityId,
    |         ^^^^^^^^^^^^^^^

warning: missing documentation for a struct field
   --> crates/semantic/src/ir/semantic/error.rs:240:9
    |
240 |         target: VariantFingerprint,
    |         ^^^^^^^^^^^^^^^^^^^^^^^^^^

warning: missing documentation for a struct field
   --> crates/semantic/src/ir/semantic/error.rs:241:9
    |
241 |         cause: crate::ir::PreimageOverflow,
    |         ^^^^^^^^^^^^^^^^^^^^^^^^^^^^^^^^^^

warning: missing documentation for a variant
   --> crates/semantic/src/ir/semantic/error.rs:243:5
    |
243 |     DuplicateDeclarationIdentity {
    |     ^^^^^^^^^^^^^^^^^^^^^^^^^^^^

warning: missing documentation for a struct field
   --> crates/semantic/src/ir/semantic/error.rs:244:9
    |
244 |         identity: DeclarationIdentity,
    |         ^^^^^^^^^^^^^^^^^^^^^^^^^^^^^

warning: missing documentation for a variant
   --> crates/semantic/src/ir/semantic/error.rs:246:5
    |
246 |     TreeVersionCount {
    |     ^^^^^^^^^^^^^^^^

warning: missing documentation for a struct field
   --> crates/semantic/src/ir/semantic/error.rs:247:9
    |
247 |         versions: usize,
    |         ^^^^^^^^^^^^^^^

warning: missing documentation for a struct field
   --> crates/semantic/src/ir/semantic/error.rs:248:9
    |
248 |         items: usize,
    |         ^^^^^^^^^^^^

warning: missing documentation for a struct field
   --> crates/semantic/src/ir/semantic/error.rs:254:9
    |
254 |         entities: usize,
    |         ^^^^^^^^^^^^^^^

warning: missing documentation for a struct field
   --> crates/semantic/src/ir/semantic/error.rs:255:9
    |
255 |         authority_rows: usize,
    |         ^^^^^^^^^^^^^^^^^^^^^

warning: missing documentation for a struct field
   --> crates/semantic/src/ir/semantic/error.rs:260:9
    |
260 |         occurrences: usize,
    |         ^^^^^^^^^^^^^^^^^^

warning: missing documentation for a struct field
   --> crates/semantic/src/ir/semantic/error.rs:261:9
    |
261 |         authority_rows: usize,
    |         ^^^^^^^^^^^^^^^^^^^^^

warning: missing documentation for a struct field
   --> crates/semantic/src/ir/semantic/error.rs:265:9
    |
265 |         entity: EntityId,
    |         ^^^^^^^^^^^^^^^^

warning: missing documentation for a struct field
   --> crates/semantic/src/ir/semantic/error.rs:266:9
    |
266 |         cause: AuthorityFactFault,
    |         ^^^^^^^^^^^^^^^^^^^^^^^^^

warning: missing documentation for a struct field
   --> crates/semantic/src/ir/semantic/error.rs:270:9
    |
270 |         occurrence: LinkOccurrenceId,
    |         ^^^^^^^^^^^^^^^^^^^^^^^^^^^^

warning: missing documentation for a struct field
   --> crates/semantic/src/ir/semantic/error.rs:271:9
    |
271 |         cause: AuthorityFactFault,
    |         ^^^^^^^^^^^^^^^^^^^^^^^^^

warning: missing documentation for a struct field
   --> crates/semantic/src/ir/semantic/error.rs:276:9
    |
276 |         cause: crate::ir::PackageLineageFault,
    |         ^^^^^^^^^^^^^^^^^^^^^^^^^^^^^^^^^^^^^

warning: missing documentation for a struct field
   --> crates/semantic/src/ir/semantic/error.rs:281:9
    |
281 |         cause: crate::ir::DeclarationKeyFault,
    |         ^^^^^^^^^^^^^^^^^^^^^^^^^^^^^^^^^^^^^

warning: missing documentation for a struct field
   --> crates/semantic/src/ir/semantic/error.rs:286:9
    |
286 |         cause: PreimageOverflow,
    |         ^^^^^^^^^^^^^^^^^^^^^^^

warning: missing documentation for a struct field
   --> crates/semantic/src/ir/semantic/error.rs:291:9
    |
291 |         source: SourceIdentity,
    |         ^^^^^^^^^^^^^^^^^^^^^^

warning: missing documentation for a struct field
   --> crates/semantic/src/ir/semantic/error.rs:292:9
    |
292 |         recipe: CompileRecipeFact,
    |         ^^^^^^^^^^^^^^^^^^^^^^^^^

warning: missing documentation for a struct field
   --> crates/semantic/src/ir/semantic/error.rs:298:9
    |
298 |         existing: ImageProvenanceClaim,
    |         ^^^^^^^^^^^^^^^^^^^^^^^^^^^^^^

warning: missing documentation for a struct field
   --> crates/semantic/src/ir/semantic/error.rs:299:9
    |
299 |         requested: ImageProvenanceClaim,
    |         ^^^^^^^^^^^^^^^^^^^^^^^^^^^^^^^

warning: missing documentation for a variant
   --> crates/semantic/src/ir/semantic/error.rs:301:5
    |
301 |     LanguageExtension {
    |     ^^^^^^^^^^^^^^^^^

warning: missing documentation for a struct field
   --> crates/semantic/src/ir/semantic/error.rs:302:9
    |
302 |         language: Language,
    |         ^^^^^^^^^^^^^^^^^^

warning: missing documentation for a struct field
   --> crates/semantic/src/ir/semantic/error.rs:303:9
    |
303 |         entity: EntityId,
    |         ^^^^^^^^^^^^^^^^

warning: missing documentation for a struct field
   --> crates/semantic/src/ir/semantic/error.rs:304:9
    |
304 |         violation: LanguageExtensionViolation,
    |         ^^^^^^^^^^^^^^^^^^^^^^^^^^^^^^^^^^^^^

warning: missing documentation for a variant
   --> crates/semantic/src/ir/semantic/error.rs:306:5
    |
306 |     LanguageProfileMismatch {
    |     ^^^^^^^^^^^^^^^^^^^^^^^

warning: missing documentation for a struct field
   --> crates/semantic/src/ir/semantic/error.rs:307:9
    |
307 |         authority: SemanticImageAuthority,
    |         ^^^^^^^^^^^^^^^^^^^^^^^^^^^^^^^^^

warning: missing documentation for a struct field
   --> crates/semantic/src/ir/semantic/error.rs:308:9
    |
308 |         extension: Language,
    |         ^^^^^^^^^^^^^^^^^^^

warning: missing documentation for a variant
   --> crates/semantic/src/ir/semantic/error.rs:310:5
    |
310 |     LanguageProfileRebind {
    |     ^^^^^^^^^^^^^^^^^^^^^

warning: missing documentation for a struct field
   --> crates/semantic/src/ir/semantic/error.rs:311:9
    |
311 |         existing: SemanticImageAuthority,
    |         ^^^^^^^^^^^^^^^^^^^^^^^^^^^^^^^^

warning: missing documentation for a struct field
   --> crates/semantic/src/ir/semantic/error.rs:312:9
    |
312 |         requested: LanguageProfile,
    |         ^^^^^^^^^^^^^^^^^^^^^^^^^^

warning: missing documentation for a method
   --> crates/semantic/src/ir/semantic/image.rs:239:5
    |
239 |     pub fn atom(&self, id: AtomId) -> Option<&[u8]> {
    |     ^^^^^^^^^^^^^^^^^^^^^^^^^^^^^^^^^^^^^^^^^^^^^^^

warning: missing documentation for a method
   --> crates/semantic/src/ir/semantic/image.rs:243:5
    |
243 |     pub fn text(&self, id: TextId) -> Option<&str> {
    |     ^^^^^^^^^^^^^^^^^^^^^^^^^^^^^^^^^^^^^^^^^^^^^^

warning: missing documentation for a method
   --> crates/semantic/src/ir/semantic/image.rs:247:5
    |
247 |     pub fn ty(&self, id: TypeId) -> Option<TypeExpr> {
    |     ^^^^^^^^^^^^^^^^^^^^^^^^^^^^^^^^^^^^^^^^^^^^^^^^

warning: missing documentation for a method
   --> crates/semantic/src/ir/semantic/image.rs:251:5
    |
251 |     pub fn typed_type<State: TypeState>(&self, id: TypedTypeId<State>) -> Option<State::Node> {
    |     ^^^^^^^^^^^^^^^^^^^^^^^^^^^^^^^^^^^^^^^^^^^^^^^^^^^^^^^^^^^^^^^^^^^^^^^^^^^^^^^^^^^^^^^^^

warning: missing documentation for a method
   --> crates/semantic/src/ir/semantic/image.rs:255:5
    |
255 |     pub fn types(&self, id: TypeListId) -> Option<&[TypeId]> {
    |     ^^^^^^^^^^^^^^^^^^^^^^^^^^^^^^^^^^^^^^^^^^^^^^^^^^^^^^^^

warning: missing documentation for a method
   --> crates/semantic/src/ir/semantic/image.rs:259:5
    |
259 |     pub fn atom_list(&self, id: AtomListId) -> Option<&[AtomId]> {
    |     ^^^^^^^^^^^^^^^^^^^^^^^^^^^^^^^^^^^^^^^^^^^^^^^^^^^^^^^^^^^^

warning: missing documentation for a method
   --> crates/semantic/src/ir/semantic/image.rs:273:5
    |
273 |     pub fn tuple_elements(&self, id: TupleElementListId) -> Option<&[TupleElement]> {
    |     ^^^^^^^^^^^^^^^^^^^^^^^^^^^^^^^^^^^^^^^^^^^^^^^^^^^^^^^^^^^^^^^^^^^^^^^^^^^^^^^

warning: missing documentation for a method
   --> crates/semantic/src/ir/semantic/image.rs:277:5
    |
277 |     pub fn object_members(&self, id: ObjectMemberListId) -> Option<&[ObjectMember]> {
    |     ^^^^^^^^^^^^^^^^^^^^^^^^^^^^^^^^^^^^^^^^^^^^^^^^^^^^^^^^^^^^^^^^^^^^^^^^^^^^^^^

warning: missing documentation for a method
   --> crates/semantic/src/ir/semantic/image.rs:281:5
    |
281 |     pub fn template_parts(&self, id: TemplatePartListId) -> Option<&[TemplatePart]> {
    |     ^^^^^^^^^^^^^^^^^^^^^^^^^^^^^^^^^^^^^^^^^^^^^^^^^^^^^^^^^^^^^^^^^^^^^^^^^^^^^^^

warning: missing documentation for a method
   --> crates/semantic/src/ir/semantic/image.rs:285:5
    |
285 |     pub fn type_parameters(&self, id: TypeParameterListId) -> Option<&[TypeParameter]> {
    |     ^^^^^^^^^^^^^^^^^^^^^^^^^^^^^^^^^^^^^^^^^^^^^^^^^^^^^^^^^^^^^^^^^^^^^^^^^^^^^^^^^^

warning: missing documentation for a method
   --> crates/semantic/src/ir/semantic/image.rs:289:5
    |
289 | /     pub fn type_parameter_bounds(
290 | |         &self,
291 | |         id: TypeParameterBoundListId,
292 | |     ) -> Option<&[TypeParameterBound]> {
    | |______________________________________^

warning: missing documentation for a method
   --> crates/semantic/src/ir/semantic/image.rs:296:5
    |
296 |     pub fn free_predicates(&self, id: FreePredicateListId) -> Option<&[FreePredicate]> {
    |     ^^^^^^^^^^^^^^^^^^^^^^^^^^^^^^^^^^^^^^^^^^^^^^^^^^^^^^^^^^^^^^^^^^^^^^^^^^^^^^^^^^

warning: missing documentation for a method
   --> crates/semantic/src/ir/semantic/image.rs:300:5
    |
300 |     pub fn external(&self, id: ExternalId) -> Option<&ExternalTarget> {
    |     ^^^^^^^^^^^^^^^^^^^^^^^^^^^^^^^^^^^^^^^^^^^^^^^^^^^^^^^^^^^^^^^^^

warning: missing documentation for a method
   --> crates/semantic/src/ir/semantic/image.rs:304:5
    |
304 |     pub fn version(&self, id: EntityId) -> Option<EntityVersion> {
    |     ^^^^^^^^^^^^^^^^^^^^^^^^^^^^^^^^^^^^^^^^^^^^^^^^^^^^^^^^^^^^

warning: missing documentation for a method
   --> crates/semantic/src/ir/semantic/image.rs:415:5
    |
415 |     pub fn item(&self, id: EntityId) -> Option<ItemView<'_>> {
    |     ^^^^^^^^^^^^^^^^^^^^^^^^^^^^^^^^^^^^^^^^^^^^^^^^^^^^^^^^

warning: missing documentation for a method
   --> crates/semantic/src/ir/semantic/image.rs:448:5
    |
448 |     pub fn items(&self) -> impl ExactSizeIterator<Item = ItemView<'_>> {
    |     ^^^^^^^^^^^^^^^^^^^^^^^^^^^^^^^^^^^^^^^^^^^^^^^^^^^^^^^^^^^^^^^^^^

warning: missing documentation for a method
   --> crates/semantic/src/ir/semantic/image.rs:455:5
    |
455 |     pub fn link(&self, id: LinkId) -> Option<Link> {
    |     ^^^^^^^^^^^^^^^^^^^^^^^^^^^^^^^^^^^^^^^^^^^^^^

warning: missing documentation for a method
   --> crates/semantic/src/ir/semantic/image.rs:507:5
    |
507 |     pub fn links_from(&self, entity: EntityId) -> LinkIter<'_> {
    |     ^^^^^^^^^^^^^^^^^^^^^^^^^^^^^^^^^^^^^^^^^^^^^^^^^^^^^^^^^^

warning: missing documentation for a method
   --> crates/semantic/src/ir/semantic/image.rs:511:5
    |
511 |     pub fn links_to(&self, entity: EntityId) -> LinkIter<'_> {
    |     ^^^^^^^^^^^^^^^^^^^^^^^^^^^^^^^^^^^^^^^^^^^^^^^^^^^^^^^^

warning: missing documentation for a method
   --> crates/semantic/src/ir/semantic/image.rs:539:5
    |
539 |     pub const fn id(self) -> EntityId {
    |     ^^^^^^^^^^^^^^^^^^^^^^^^^^^^^^^^^

warning: missing documentation for a method
   --> crates/semantic/src/ir/semantic/image.rs:543:5
    |
543 |     pub fn kind(self) -> ItemKind {
    |     ^^^^^^^^^^^^^^^^^^^^^^^^^^^^^

warning: missing documentation for a method
   --> crates/semantic/src/ir/semantic/image.rs:547:5
    |
547 |     pub fn visibility(self) -> Visibility {
    |     ^^^^^^^^^^^^^^^^^^^^^^^^^^^^^^^^^^^^^

warning: missing documentation for a method
   --> crates/semantic/src/ir/semantic/image.rs:551:5
    |
551 |     pub fn parent(self) -> Option<EntityId> {
    |     ^^^^^^^^^^^^^^^^^^^^^^^^^^^^^^^^^^^^^^^

warning: missing documentation for a method
   --> crates/semantic/src/ir/semantic/image.rs:555:5
    |
555 |     pub fn semantic_type(self) -> Option<TypeId> {
    |     ^^^^^^^^^^^^^^^^^^^^^^^^^^^^^^^^^^^^^^^^^^^^

warning: missing documentation for a method
   --> crates/semantic/src/ir/semantic/image.rs:559:5
    |
559 |     pub fn source(self) -> Option<SourceSpan> {
    |     ^^^^^^^^^^^^^^^^^^^^^^^^^^^^^^^^^^^^^^^^^

warning: missing documentation for a method
   --> crates/semantic/src/ir/semantic/image.rs:563:5
    |
563 |     pub fn version(self) -> EntityVersion {
    |     ^^^^^^^^^^^^^^^^^^^^^^^^^^^^^^^^^^^^^

warning: missing documentation for a method
   --> crates/semantic/src/ir/semantic/image.rs:567:5
    |
567 |     pub fn name(self) -> &'ir [u8] {
    |     ^^^^^^^^^^^^^^^^^^^^^^^^^^^^^^

warning: missing documentation for a method
   --> crates/semantic/src/ir/semantic/image.rs:573:5
    |
573 |     pub fn members(self) -> &'ir [EntityId] {
    |     ^^^^^^^^^^^^^^^^^^^^^^^^^^^^^^^^^^^^^^^

warning: missing documentation for a method
   --> crates/semantic/src/ir/semantic/image.rs:580:5
    |
580 |     pub fn docs(self) -> &'ir [DocFragment] {
    |     ^^^^^^^^^^^^^^^^^^^^^^^^^^^^^^^^^^^^^^^

warning: missing documentation for a method
   --> crates/semantic/src/ir/semantic/image.rs:587:5
    |
587 |     pub fn attributes(self) -> &'ir [AtomId] {
    |     ^^^^^^^^^^^^^^^^^^^^^^^^^^^^^^^^^^^^^^^^

warning: missing documentation for a method
   --> crates/semantic/src/ir/semantic/image.rs:594:5
    |
594 |     pub fn links_from(self) -> LinkIter<'ir> {
    |     ^^^^^^^^^^^^^^^^^^^^^^^^^^^^^^^^^^^^^^^^

warning: missing documentation for a method
   --> crates/semantic/src/ir/semantic/image.rs:604:5
    |
604 |     pub fn links_to(self) -> LinkIter<'ir> {
    |     ^^^^^^^^^^^^^^^^^^^^^^^^^^^^^^^^^^^^^^

warning: missing documentation for a struct field
  --> crates/semantic/src/ir/semantic/language_facts.rs:10:5
   |
10 |     pub type_parameters: TypeParameterListId,
   |     ^^^^^^^^^^^^^^^^^^^^^^^^^^^^^^^^^^^^^^^^

warning: missing documentation for a struct field
  --> crates/semantic/src/ir/semantic/language_facts.rs:11:5
   |
11 |     pub declared: Option<TypeId>,
   |     ^^^^^^^^^^^^^^^^^^^^^^^^^^^^

warning: missing documentation for a variant
  --> crates/semantic/src/ir/semantic/language_facts.rs:45:5
   |
45 |     Oblivious,
   |     ^^^^^^^^^

warning: missing documentation for a variant
  --> crates/semantic/src/ir/semantic/language_facts.rs:46:5
   |
46 |     NonNullable,
   |     ^^^^^^^^^^^

warning: missing documentation for a variant
  --> crates/semantic/src/ir/semantic/language_facts.rs:47:5
   |
47 |     Nullable,
   |     ^^^^^^^^

warning: missing documentation for a variant
  --> crates/semantic/src/ir/semantic/language_facts.rs:54:5
   |
54 |     Value,
   |     ^^^^^

warning: missing documentation for a variant
  --> crates/semantic/src/ir/semantic/language_facts.rs:55:5
   |
55 |     In,
   |     ^^

warning: missing documentation for a variant
  --> crates/semantic/src/ir/semantic/language_facts.rs:56:5
   |
56 |     Ref,
   |     ^^^

warning: missing documentation for a variant
  --> crates/semantic/src/ir/semantic/language_facts.rs:57:5
   |
57 |     Out,
   |     ^^^

warning: missing documentation for a struct field
  --> crates/semantic/src/ir/semantic/language_facts.rs:63:5
   |
63 |     pub is_async: bool,
   |     ^^^^^^^^^^^^^^^^^^

warning: missing documentation for a struct field
  --> crates/semantic/src/ir/semantic/language_facts.rs:64:5
   |
64 |     pub is_iterator: bool,
   |     ^^^^^^^^^^^^^^^^^^^^^

warning: missing documentation for a struct field
  --> crates/semantic/src/ir/semantic/language_facts.rs:65:5
   |
65 |     pub is_extension: bool,
   |     ^^^^^^^^^^^^^^^^^^^^^^

warning: missing documentation for a variant
  --> crates/semantic/src/ir/semantic/language_facts.rs:72:5
   |
72 |     None,
   |     ^^^^

warning: missing documentation for a variant
  --> crates/semantic/src/ir/semantic/language_facts.rs:73:5
   |
73 |     Definition,
   |     ^^^^^^^^^^

warning: missing documentation for a variant
  --> crates/semantic/src/ir/semantic/language_facts.rs:74:5
   |
74 |     Implementation,
   |     ^^^^^^^^^^^^^^

warning: missing documentation for a struct field
  --> crates/semantic/src/ir/semantic/language_facts.rs:80:5
   |
80 |     pub nullability: CSharpNullability,
   |     ^^^^^^^^^^^^^^^^^^^^^^^^^^^^^^^^^^

warning: missing documentation for a struct field
  --> crates/semantic/src/ir/semantic/language_facts.rs:81:5
   |
81 |     pub reference_kind: CSharpReferenceKind,
   |     ^^^^^^^^^^^^^^^^^^^^^^^^^^^^^^^^^^^^^^^

warning: missing documentation for a struct field
  --> crates/semantic/src/ir/semantic/language_facts.rs:82:5
   |
82 |     pub constraints: TypeParameterListId,
   |     ^^^^^^^^^^^^^^^^^^^^^^^^^^^^^^^^^^^^

warning: missing documentation for a struct field
  --> crates/semantic/src/ir/semantic/language_facts.rs:83:5
   |
83 |     pub effects: CSharpMemberEffects,
   |     ^^^^^^^^^^^^^^^^^^^^^^^^^^^^^^^^

warning: missing documentation for a struct field
  --> crates/semantic/src/ir/semantic/language_facts.rs:84:5
   |
84 |     pub attributes: AtomListId,
   |     ^^^^^^^^^^^^^^^^^^^^^^^^^^

warning: missing documentation for a struct field
  --> crates/semantic/src/ir/semantic/language_facts.rs:85:5
   |
85 |     pub partial: CSharpPartialRole,
   |     ^^^^^^^^^^^^^^^^^^^^^^^^^^^^^^

warning: missing documentation for a struct field
  --> crates/semantic/src/ir/semantic/language_facts.rs:86:5
   |
86 |     pub xml_provenance: Option<SourceSpan>,
   |     ^^^^^^^^^^^^^^^^^^^^^^^^^^^^^^^^^^^^^^

warning: missing documentation for a struct field
  --> crates/semantic/src/ir/semantic/language_facts.rs:92:5
   |
92 |     pub parameters: TypeListId,
   |     ^^^^^^^^^^^^^^^^^^^^^^^^^^

warning: missing documentation for a struct field
  --> crates/semantic/src/ir/semantic/language_facts.rs:93:5
   |
93 |     pub results: TypeListId,
   |     ^^^^^^^^^^^^^^^^^^^^^^^

warning: missing documentation for a struct field
  --> crates/semantic/src/ir/semantic/language_facts.rs:94:5
   |
94 |     pub variadic: bool,
   |     ^^^^^^^^^^^^^^^^^^

warning: missing documentation for a struct field
   --> crates/semantic/src/ir/semantic/language_facts.rs:100:5
    |
100 |     pub signature: GoSignature,
    |     ^^^^^^^^^^^^^^^^^^^^^^^^^^

warning: missing documentation for a struct field
   --> crates/semantic/src/ir/semantic/language_facts.rs:101:5
    |
101 |     pub type_parameters: TypeParameterListId,
    |     ^^^^^^^^^^^^^^^^^^^^^^^^^^^^^^^^^^^^^^^^

warning: missing documentation for a struct field
   --> crates/semantic/src/ir/semantic/language_facts.rs:102:5
    |
102 |     pub fields: EntityListId,
    |     ^^^^^^^^^^^^^^^^^^^^^^^^

warning: missing documentation for a struct field
   --> crates/semantic/src/ir/semantic/language_facts.rs:103:5
    |
103 |     pub method_set: EntityListId,
    |     ^^^^^^^^^^^^^^^^^^^^^^^^^^^^

warning: missing documentation for a struct field
   --> crates/semantic/src/ir/semantic/language_facts.rs:104:5
    |
104 |     pub build_constraints: AtomListId,
    |     ^^^^^^^^^^^^^^^^^^^^^^^^^^^^^^^^^

warning: missing documentation for a struct field
   --> crates/semantic/src/ir/semantic/language_facts.rs:105:5
    |
105 |     pub constant_value: AtomListId,
    |     ^^^^^^^^^^^^^^^^^^^^^^^^^^^^^^

warning: missing documentation for a struct field
   --> crates/semantic/src/ir/semantic/language_facts.rs:106:5
    |
106 |     pub constant_group: i64,
    |     ^^^^^^^^^^^^^^^^^^^^^^^

warning: missing documentation for a struct field
   --> crates/semantic/src/ir/semantic/language_facts.rs:107:5
    |
107 |     pub constant_flags: u32,
    |     ^^^^^^^^^^^^^^^^^^^^^^^

warning: missing documentation for a variant
   --> crates/semantic/src/ir/semantic/language_facts.rs:114:5
    |
114 |     Value,
    |     ^^^^^

warning: missing documentation for a variant
   --> crates/semantic/src/ir/semantic/language_facts.rs:115:5
    |
115 |     SharedBorrow,
    |     ^^^^^^^^^^^^

warning: missing documentation for a variant
   --> crates/semantic/src/ir/semantic/language_facts.rs:116:5
    |
116 |     MutableBorrow,
    |     ^^^^^^^^^^^^^

warning: missing documentation for a variant
   --> crates/semantic/src/ir/semantic/language_facts.rs:117:5
    |
117 |     Moved,
    |     ^^^^^

warning: missing documentation for a struct field
   --> crates/semantic/src/ir/semantic/language_facts.rs:123:5
    |
123 |     pub ownership: RustOwnership,
    |     ^^^^^^^^^^^^^^^^^^^^^^^^^^^^

warning: missing documentation for a struct field
   --> crates/semantic/src/ir/semantic/language_facts.rs:124:5
    |
124 |     pub lifetimes: AtomListId,
    |     ^^^^^^^^^^^^^^^^^^^^^^^^^

warning: missing documentation for a struct field
   --> crates/semantic/src/ir/semantic/language_facts.rs:125:5
    |
125 |     pub where_clauses: TypeParameterListId,
    |     ^^^^^^^^^^^^^^^^^^^^^^^^^^^^^^^^^^^^^^

warning: missing documentation for a struct field
   --> crates/semantic/src/ir/semantic/language_facts.rs:126:5
    |
126 |     pub macros: AtomListId,
    |     ^^^^^^^^^^^^^^^^^^^^^^

warning: missing documentation for a variant
   --> crates/semantic/src/ir/semantic/language_facts.rs:140:5
    |
140 |     PositionalOnly,
    |     ^^^^^^^^^^^^^^

warning: missing documentation for a variant
   --> crates/semantic/src/ir/semantic/language_facts.rs:141:5
    |
141 |     PositionalOrKeyword,
    |     ^^^^^^^^^^^^^^^^^^^

warning: missing documentation for a variant
   --> crates/semantic/src/ir/semantic/language_facts.rs:142:5
    |
142 |     VariadicPositional,
    |     ^^^^^^^^^^^^^^^^^^

warning: missing documentation for a variant
   --> crates/semantic/src/ir/semantic/language_facts.rs:143:5
    |
143 |     KeywordOnly,
    |     ^^^^^^^^^^^

warning: missing documentation for a variant
   --> crates/semantic/src/ir/semantic/language_facts.rs:144:5
    |
144 |     VariadicKeyword,
    |     ^^^^^^^^^^^^^^^

warning: missing documentation for a struct field
   --> crates/semantic/src/ir/semantic/language_facts.rs:150:5
    |
150 |     pub decorators: AtomListId,
    |     ^^^^^^^^^^^^^^^^^^^^^^^^^^

warning: missing documentation for a struct field
   --> crates/semantic/src/ir/semantic/language_facts.rs:151:5
    |
151 |     pub parameter_kind: PythonParameterKind,
    |     ^^^^^^^^^^^^^^^^^^^^^^^^^^^^^^^^^^^^^^^

warning: missing documentation for a struct field
   --> crates/semantic/src/ir/semantic/language_facts.rs:152:5
    |
152 |     pub dynamic_confidence: Confidence,
    |     ^^^^^^^^^^^^^^^^^^^^^^^^^^^^^^^^^^

warning: missing documentation for a struct field
   --> crates/semantic/src/ir/semantic/language_facts.rs:158:5
    |
158 |     pub throws: TypeListId,
    |     ^^^^^^^^^^^^^^^^^^^^^^

warning: missing documentation for a struct field
   --> crates/semantic/src/ir/semantic/language_facts.rs:159:5
    |
159 |     pub annotations: AtomListId,
    |     ^^^^^^^^^^^^^^^^^^^^^^^^^^^

warning: missing documentation for a struct field
   --> crates/semantic/src/ir/semantic/language_facts.rs:160:5
    |
160 |     pub overloads: EntityListId,
    |     ^^^^^^^^^^^^^^^^^^^^^^^^^^^

warning: missing documentation for a struct field
   --> crates/semantic/src/ir/semantic/language_facts.rs:161:5
    |
161 |     pub record_components: EntityListId,
    |     ^^^^^^^^^^^^^^^^^^^^^^^^^^^^^^^^^^^

warning: missing documentation for a struct field
   --> crates/semantic/src/ir/semantic/language_facts.rs:167:5
    |
167 |     pub is_const: bool,
    |     ^^^^^^^^^^^^^^^^^^

warning: missing documentation for a struct field
   --> crates/semantic/src/ir/semantic/language_facts.rs:168:5
    |
168 |     pub is_volatile: bool,
    |     ^^^^^^^^^^^^^^^^^^^^^

warning: missing documentation for a struct field
   --> crates/semantic/src/ir/semantic/language_facts.rs:169:5
    |
169 |     pub is_restrict: bool,
    |     ^^^^^^^^^^^^^^^^^^^^^

warning: missing documentation for a variant
   --> crates/semantic/src/ir/semantic/language_facts.rs:176:5
    |
176 |     None,
    |     ^^^^

warning: missing documentation for a variant
   --> crates/semantic/src/ir/semantic/language_facts.rs:177:5
    |
177 |     Auto,
    |     ^^^^

warning: missing documentation for a variant
   --> crates/semantic/src/ir/semantic/language_facts.rs:178:5
    |
178 |     Static,
    |     ^^^^^^

warning: missing documentation for a variant
   --> crates/semantic/src/ir/semantic/language_facts.rs:179:5
    |
179 |     Extern,
    |     ^^^^^^

warning: missing documentation for a variant
   --> crates/semantic/src/ir/semantic/language_facts.rs:180:5
    |
180 |     Register,
    |     ^^^^^^^^

warning: missing documentation for a variant
   --> crates/semantic/src/ir/semantic/language_facts.rs:181:5
    |
181 |     ThreadLocal,
    |     ^^^^^^^^^^^

warning: missing documentation for a struct field
   --> crates/semantic/src/ir/semantic/language_facts.rs:187:5
    |
187 |     pub size_bits: Option<u32>,
    |     ^^^^^^^^^^^^^^^^^^^^^^^^^^

warning: missing documentation for a struct field
   --> crates/semantic/src/ir/semantic/language_facts.rs:188:5
    |
188 |     pub align_bits: Option<u32>,
    |     ^^^^^^^^^^^^^^^^^^^^^^^^^^^

warning: missing documentation for a struct field
   --> crates/semantic/src/ir/semantic/language_facts.rs:194:5
    |
194 |     pub qualifiers: ClangQualifiers,
    |     ^^^^^^^^^^^^^^^^^^^^^^^^^^^^^^^

warning: missing documentation for a struct field
   --> crates/semantic/src/ir/semantic/language_facts.rs:195:5
    |
195 |     pub storage: ClangStorageClass,
    |     ^^^^^^^^^^^^^^^^^^^^^^^^^^^^^^

warning: missing documentation for a struct field
   --> crates/semantic/src/ir/semantic/language_facts.rs:196:5
    |
196 |     pub layout: ClangLayout,
    |     ^^^^^^^^^^^^^^^^^^^^^^^

warning: missing documentation for a struct field
   --> crates/semantic/src/ir/semantic/language_facts.rs:197:5
    |
197 |     pub templates: TypeParameterListId,
    |     ^^^^^^^^^^^^^^^^^^^^^^^^^^^^^^^^^^

warning: missing documentation for a struct field
   --> crates/semantic/src/ir/semantic/language_facts.rs:198:5
    |
198 |     pub includes: AtomListId,
    |     ^^^^^^^^^^^^^^^^^^^^^^^^

warning: missing documentation for a variant
   --> crates/semantic/src/ir/semantic/language_facts.rs:227:5
    |
227 |     TypeScript(&'facts TypeScriptFacts),
    |     ^^^^^^^^^^

warning: missing documentation for a variant
   --> crates/semantic/src/ir/semantic/language_facts.rs:228:5
    |
228 |     CSharp(&'facts CSharpFacts),
    |     ^^^^^^

warning: missing documentation for a variant
   --> crates/semantic/src/ir/semantic/language_facts.rs:229:5
    |
229 |     Go(&'facts GoFacts),
    |     ^^

warning: missing documentation for a variant
   --> crates/semantic/src/ir/semantic/language_facts.rs:230:5
    |
230 |     Rust(&'facts RustFacts),
    |     ^^^^

warning: missing documentation for a variant
   --> crates/semantic/src/ir/semantic/language_facts.rs:231:5
    |
231 |     Python(&'facts PythonFacts),
    |     ^^^^^^

warning: missing documentation for a variant
   --> crates/semantic/src/ir/semantic/language_facts.rs:232:5
    |
232 |     Java(&'facts JavaFacts),
    |     ^^^^

warning: missing documentation for a variant
   --> crates/semantic/src/ir/semantic/language_facts.rs:233:5
    |
233 |     Clang(&'facts ClangFacts),
    |     ^^^^^

warning: missing documentation for a method
   --> crates/semantic/src/ir/semantic/packed_types.rs:998:5
    |
998 |     pub const fn is_computed(self) -> bool {
    |     ^^^^^^^^^^^^^^^^^^^^^^^^^^^^^^^^^^^^^^

warning: missing documentation for a method
    --> crates/semantic/src/ir/semantic/packed_types.rs:1002:5
     |
1002 |     pub const fn concrete(self) -> Option<ConcreteType> {
     |     ^^^^^^^^^^^^^^^^^^^^^^^^^^^^^^^^^^^^^^^^^^^^^^^^^^^

warning: missing documentation for a method
    --> crates/semantic/src/ir/semantic/packed_types.rs:1009:5
     |
1009 |     pub const fn computed(self) -> Option<ComputedType> {
     |     ^^^^^^^^^^^^^^^^^^^^^^^^^^^^^^^^^^^^^^^^^^^^^^^^^^^

warning: missing documentation for a variant
    --> crates/semantic/src/ir/semantic/packed_types.rs:1020:5
     |
1020 |     Builtin(BuiltinType),
     |     ^^^^^^^

warning: missing documentation for a variant
    --> crates/semantic/src/ir/semantic/packed_types.rs:1021:5
     |
1021 |     Literal(LiteralType),
     |     ^^^^^^^

warning: missing documentation for a variant
    --> crates/semantic/src/ir/semantic/packed_types.rs:1022:5
     |
1022 |     Nominal(EntityId),
     |     ^^^^^^^

warning: missing documentation for a variant
    --> crates/semantic/src/ir/semantic/packed_types.rs:1023:5
     |
1023 |     External(ExternalId),
     |     ^^^^^^^^

warning: missing documentation for a variant
    --> crates/semantic/src/ir/semantic/packed_types.rs:1024:5
     |
1024 |     Parameter(AtomId),
     |     ^^^^^^^^^

warning: missing documentation for a variant
    --> crates/semantic/src/ir/semantic/packed_types.rs:1025:5
     |
1025 |     Applied {
     |     ^^^^^^^

warning: missing documentation for a struct field
    --> crates/semantic/src/ir/semantic/packed_types.rs:1026:9
     |
1026 |         constructor: TypeId,
     |         ^^^^^^^^^^^^^^^^^^^

warning: missing documentation for a struct field
    --> crates/semantic/src/ir/semantic/packed_types.rs:1027:9
     |
1027 |         arguments: TypeListId,
     |         ^^^^^^^^^^^^^^^^^^^^^

warning: missing documentation for a variant
    --> crates/semantic/src/ir/semantic/packed_types.rs:1029:5
     |
1029 |     Tuple(TupleElementListId),
     |     ^^^^^

warning: missing documentation for a variant
    --> crates/semantic/src/ir/semantic/packed_types.rs:1030:5
     |
1030 |     Object(ObjectMemberListId),
     |     ^^^^^^

warning: missing documentation for a variant
    --> crates/semantic/src/ir/semantic/packed_types.rs:1031:5
     |
1031 |     Function {
     |     ^^^^^^^^

warning: missing documentation for a struct field
    --> crates/semantic/src/ir/semantic/packed_types.rs:1040:9
     |
1040 |         abi: Option<AtomId>,
     |         ^^^^^^^^^^^^^^^^^^^

warning: missing documentation for a struct field
    --> crates/semantic/src/ir/semantic/packed_types.rs:1041:9
     |
1041 |         variadic: VariadicForm,
     |         ^^^^^^^^^^^^^^^^^^^^^^

warning: missing documentation for a struct field
    --> crates/semantic/src/ir/semantic/packed_types.rs:1042:9
     |
1042 |         unsafe_: bool,
     |         ^^^^^^^^^^^^^

warning: missing documentation for a variant
    --> crates/semantic/src/ir/semantic/packed_types.rs:1044:5
     |
1044 |     Reference {
     |     ^^^^^^^^^

warning: missing documentation for a struct field
    --> crates/semantic/src/ir/semantic/packed_types.rs:1045:9
     |
1045 |         target: TypeId,
     |         ^^^^^^^^^^^^^^

warning: missing documentation for a struct field
    --> crates/semantic/src/ir/semantic/packed_types.rs:1046:9
     |
1046 |         mutability: Mutability,
     |         ^^^^^^^^^^^^^^^^^^^^^^

warning: missing documentation for a struct field
    --> crates/semantic/src/ir/semantic/packed_types.rs:1047:9
     |
1047 |         lifetime: Option<AtomId>,
     |         ^^^^^^^^^^^^^^^^^^^^^^^^

warning: missing documentation for a struct field
    --> crates/semantic/src/ir/semantic/packed_types.rs:1053:9
     |
1053 |         target: TypeId,
     |         ^^^^^^^^^^^^^^

warning: missing documentation for a struct field
    --> crates/semantic/src/ir/semantic/packed_types.rs:1054:9
     |
1054 |         category: CxxReferenceCategory,
     |         ^^^^^^^^^^^^^^^^^^^^^^^^^^^^^^

warning: missing documentation for a struct field
    --> crates/semantic/src/ir/semantic/packed_types.rs:1059:9
     |
1059 |         target: TypeId,
     |         ^^^^^^^^^^^^^^

warning: missing documentation for a struct field
    --> crates/semantic/src/ir/semantic/packed_types.rs:1064:9
     |
1064 |         owner: TypeId,
     |         ^^^^^^^^^^^^^

warning: missing documentation for a struct field
    --> crates/semantic/src/ir/semantic/packed_types.rs:1065:9
     |
1065 |         member: TypeId,
     |         ^^^^^^^^^^^^^^

warning: missing documentation for a struct field
    --> crates/semantic/src/ir/semantic/packed_types.rs:1070:9
     |
1070 |         target: TypeId,
     |         ^^^^^^^^^^^^^^

warning: missing documentation for a struct field
    --> crates/semantic/src/ir/semantic/packed_types.rs:1071:9
     |
1071 |         qualifiers: crate::ir::CvQualifiers,
     |         ^^^^^^^^^^^^^^^^^^^^^^^^^^^^^^^^^^^

warning: missing documentation for a struct field
    --> crates/semantic/src/ir/semantic/packed_types.rs:1077:9
     |
1077 |         target: TypeId,
     |         ^^^^^^^^^^^^^^

warning: missing documentation for a struct field
    --> crates/semantic/src/ir/semantic/packed_types.rs:1083:9
     |
1083 |         role: NativeCharacterRole,
     |         ^^^^^^^^^^^^^^^^^^^^^^^^^

warning: missing documentation for a struct field
    --> crates/semantic/src/ir/semantic/packed_types.rs:1084:9
     |
1084 |         width: NonZeroU16,
     |         ^^^^^^^^^^^^^^^^^

warning: missing documentation for a variant
    --> crates/semantic/src/ir/semantic/packed_types.rs:1086:5
     |
1086 |     Pointer {
     |     ^^^^^^^

warning: missing documentation for a struct field
    --> crates/semantic/src/ir/semantic/packed_types.rs:1087:9
     |
1087 |         target: TypeId,
     |         ^^^^^^^^^^^^^^

warning: missing documentation for a struct field
    --> crates/semantic/src/ir/semantic/packed_types.rs:1088:9
     |
1088 |         mutability: Mutability,
     |         ^^^^^^^^^^^^^^^^^^^^^^

warning: missing documentation for a variant
    --> crates/semantic/src/ir/semantic/packed_types.rs:1090:5
     |
1090 |     Slice(TypeId),
     |     ^^^^^

warning: missing documentation for a variant
    --> crates/semantic/src/ir/semantic/packed_types.rs:1091:5
     |
1091 |     Array {
     |     ^^^^^

warning: missing documentation for a struct field
    --> crates/semantic/src/ir/semantic/packed_types.rs:1092:9
     |
1092 |         element: TypeId,
     |         ^^^^^^^^^^^^^^^

warning: missing documentation for a struct field
    --> crates/semantic/src/ir/semantic/packed_types.rs:1093:9
     |
1093 |         shape: ArrayShape,
     |         ^^^^^^^^^^^^^^^^^

warning: missing documentation for a variant
    --> crates/semantic/src/ir/semantic/packed_types.rs:1095:5
     |
1095 |     Optional(TypeId),
     |     ^^^^^^^^

warning: missing documentation for a variant
    --> crates/semantic/src/ir/semantic/packed_types.rs:1096:5
     |
1096 |     Union(TypeListId),
     |     ^^^^^

warning: missing documentation for a variant
    --> crates/semantic/src/ir/semantic/packed_types.rs:1097:5
     |
1097 |     Intersection(TypeListId),
     |     ^^^^^^^^^^^^

warning: missing documentation for a struct field
    --> crates/semantic/src/ir/semantic/packed_types.rs:1106:9
     |
1106 |         kind: AnnotationKind,
     |         ^^^^^^^^^^^^^^^^^^^^

warning: missing documentation for a struct field
    --> crates/semantic/src/ir/semantic/packed_types.rs:1107:9
     |
1107 |         target: TypeId,
     |         ^^^^^^^^^^^^^^

warning: missing documentation for a struct field
    --> crates/semantic/src/ir/semantic/packed_types.rs:1116:9
     |
1116 |         self_type: TypeId,
     |         ^^^^^^^^^^^^^^^^^

warning: missing documentation for a struct field
    --> crates/semantic/src/ir/semantic/packed_types.rs:1117:9
     |
1117 |         trait_type: Option<TypeId>,
     |         ^^^^^^^^^^^^^^^^^^^^^^^^^^

warning: missing documentation for a struct field
    --> crates/semantic/src/ir/semantic/packed_types.rs:1118:9
     |
1118 |         segments: QualifiedSegments,
     |         ^^^^^^^^^^^^^^^^^^^^^^^^^^^

warning: missing documentation for a struct field
    --> crates/semantic/src/ir/semantic/packed_types.rs:1119:9
     |
1119 |         spelling: AtomId,
     |         ^^^^^^^^^^^^^^^^

warning: missing documentation for a struct field
    --> crates/semantic/src/ir/semantic/packed_types.rs:1123:9
     |
1123 |         key: TypeId,
     |         ^^^^^^^^^^^

warning: missing documentation for a struct field
    --> crates/semantic/src/ir/semantic/packed_types.rs:1124:9
     |
1124 |         value: TypeId,
     |         ^^^^^^^^^^^^^

warning: missing documentation for a struct field
    --> crates/semantic/src/ir/semantic/packed_types.rs:1128:9
     |
1128 |         direction: ChannelDirection,
     |         ^^^^^^^^^^^^^^^^^^^^^^^^^^^

warning: missing documentation for a struct field
    --> crates/semantic/src/ir/semantic/packed_types.rs:1129:9
     |
1129 |         element: TypeId,
     |         ^^^^^^^^^^^^^^^

warning: missing documentation for a variant
    --> crates/semantic/src/ir/semantic/packed_types.rs:1176:5
     |
1176 |     Sequence,
     |     ^^^^^^^^

warning: missing documentation for a variant
    --> crates/semantic/src/ir/semantic/packed_types.rs:1177:5
     |
1177 |     Rectangular { rank: NonZeroU16 },
     |     ^^^^^^^^^^^

warning: missing documentation for a struct field
    --> crates/semantic/src/ir/semantic/packed_types.rs:1177:19
     |
1177 |     Rectangular { rank: NonZeroU16 },
     |                   ^^^^^^^^^^^^^^^^

warning: missing documentation for a variant
    --> crates/semantic/src/ir/semantic/packed_types.rs:1178:5
     |
1178 |     FixedValue { length: u64 },
     |     ^^^^^^^^^^

warning: missing documentation for a struct field
    --> crates/semantic/src/ir/semantic/packed_types.rs:1178:18
     |
1178 |     FixedValue { length: u64 },
     |                  ^^^^^^^^^^^

warning: missing documentation for a variant
    --> crates/semantic/src/ir/semantic/packed_types.rs:1179:5
     |
1179 |     ConstExpression(AtomId),
     |     ^^^^^^^^^^^^^^^

warning: missing documentation for a variant
    --> crates/semantic/src/ir/semantic/packed_types.rs:1180:5
     |
1180 |     Incomplete,
     |     ^^^^^^^^^^

warning: missing documentation for a variant
    --> crates/semantic/src/ir/semantic/packed_types.rs:1187:5
     |
1187 |     Unbounded,
     |     ^^^^^^^^^

warning: missing documentation for a variant
    --> crates/semantic/src/ir/semantic/packed_types.rs:1188:5
     |
1188 |     Extends(TypeId),
     |     ^^^^^^^

warning: missing documentation for a variant
    --> crates/semantic/src/ir/semantic/packed_types.rs:1189:5
     |
1189 |     Super(TypeId),
     |     ^^^^^

warning: missing documentation for a variant
    --> crates/semantic/src/ir/semantic/packed_types.rs:1197:5
     |
1197 |     Captured(AtomListId),
     |     ^^^^^^^^

warning: missing documentation for a variant
    --> crates/semantic/src/ir/semantic/packed_types.rs:1198:5
     |
1198 |     Unavailable,
     |     ^^^^^^^^^^^

warning: missing documentation for a variant
    --> crates/semantic/src/ir/semantic/packed_types.rs:1205:5
     |
1205 |     String(AtomId),
     |     ^^^^^^

warning: missing documentation for a variant
    --> crates/semantic/src/ir/semantic/packed_types.rs:1206:5
     |
1206 |     Number(AtomId),
     |     ^^^^^^

warning: missing documentation for a variant
    --> crates/semantic/src/ir/semantic/packed_types.rs:1207:5
     |
1207 |     BigInt(AtomId),
     |     ^^^^^^

warning: missing documentation for a variant
    --> crates/semantic/src/ir/semantic/packed_types.rs:1208:5
     |
1208 |     Boolean(bool),
     |     ^^^^^^^

warning: missing documentation for a variant
    --> crates/semantic/src/ir/semantic/packed_types.rs:1209:5
     |
1209 |     Null,
     |     ^^^^

warning: missing documentation for a variant
    --> crates/semantic/src/ir/semantic/packed_types.rs:1210:5
     |
1210 |     Undefined,
     |     ^^^^^^^^^

warning: missing documentation for a variant
    --> crates/semantic/src/ir/semantic/packed_types.rs:1216:5
     |
1216 |     KeyOf(TypeId),
     |     ^^^^^

warning: missing documentation for a variant
    --> crates/semantic/src/ir/semantic/packed_types.rs:1217:5
     |
1217 |     TypeOf(TypeQuery),
     |     ^^^^^^

warning: missing documentation for a variant
    --> crates/semantic/src/ir/semantic/packed_types.rs:1218:5
     |
1218 |     IndexedAccess {
     |     ^^^^^^^^^^^^^

warning: missing documentation for a struct field
    --> crates/semantic/src/ir/semantic/packed_types.rs:1219:9
     |
1219 |         object: TypeId,
     |         ^^^^^^^^^^^^^^

warning: missing documentation for a struct field
    --> crates/semantic/src/ir/semantic/packed_types.rs:1220:9
     |
1220 |         index: TypeId,
     |         ^^^^^^^^^^^^^

warning: missing documentation for a variant
    --> crates/semantic/src/ir/semantic/packed_types.rs:1222:5
     |
1222 |     Conditional {
     |     ^^^^^^^^^^^

warning: missing documentation for a struct field
    --> crates/semantic/src/ir/semantic/packed_types.rs:1223:9
     |
1223 |         check: TypeId,
     |         ^^^^^^^^^^^^^

warning: missing documentation for a struct field
    --> crates/semantic/src/ir/semantic/packed_types.rs:1224:9
     |
1224 |         extends: TypeId,
     |         ^^^^^^^^^^^^^^^

warning: missing documentation for a struct field
    --> crates/semantic/src/ir/semantic/packed_types.rs:1225:9
     |
1225 |         then_type: TypeId,
     |         ^^^^^^^^^^^^^^^^^

warning: missing documentation for a struct field
    --> crates/semantic/src/ir/semantic/packed_types.rs:1226:9
     |
1226 |         else_type: TypeId,
     |         ^^^^^^^^^^^^^^^^^

warning: missing documentation for a struct field
    --> crates/semantic/src/ir/semantic/packed_types.rs:1227:9
     |
1227 |         distributive: bool,
     |         ^^^^^^^^^^^^^^^^^^

warning: missing documentation for a variant
    --> crates/semantic/src/ir/semantic/packed_types.rs:1229:5
     |
1229 |     Mapped {
     |     ^^^^^^

warning: missing documentation for a struct field
    --> crates/semantic/src/ir/semantic/packed_types.rs:1230:9
     |
1230 |         parameter: AtomId,
     |         ^^^^^^^^^^^^^^^^^

warning: missing documentation for a struct field
    --> crates/semantic/src/ir/semantic/packed_types.rs:1231:9
     |
1231 |         constraint: TypeId,
     |         ^^^^^^^^^^^^^^^^^^

warning: missing documentation for a struct field
    --> crates/semantic/src/ir/semantic/packed_types.rs:1232:9
     |
1232 |         name_as: Option<TypeId>,
     |         ^^^^^^^^^^^^^^^^^^^^^^^

warning: missing documentation for a struct field
    --> crates/semantic/src/ir/semantic/packed_types.rs:1233:9
     |
1233 |         value: TypeId,
     |         ^^^^^^^^^^^^^

warning: missing documentation for a struct field
    --> crates/semantic/src/ir/semantic/packed_types.rs:1234:9
     |
1234 |         readonly: MappedModifier,
     |         ^^^^^^^^^^^^^^^^^^^^^^^^

warning: missing documentation for a struct field
    --> crates/semantic/src/ir/semantic/packed_types.rs:1235:9
     |
1235 |         optional: MappedModifier,
     |         ^^^^^^^^^^^^^^^^^^^^^^^^

warning: missing documentation for a variant
    --> crates/semantic/src/ir/semantic/packed_types.rs:1237:5
     |
1237 |     Infer {
     |     ^^^^^

warning: missing documentation for a struct field
    --> crates/semantic/src/ir/semantic/packed_types.rs:1238:9
     |
1238 |         parameter: AtomId,
     |         ^^^^^^^^^^^^^^^^^

warning: missing documentation for a struct field
    --> crates/semantic/src/ir/semantic/packed_types.rs:1239:9
     |
1239 |         constraint: Option<TypeId>,
     |         ^^^^^^^^^^^^^^^^^^^^^^^^^^

warning: missing documentation for a variant
    --> crates/semantic/src/ir/semantic/packed_types.rs:1241:5
     |
1241 |     TemplateLiteral(TemplatePartListId),
     |     ^^^^^^^^^^^^^^^

warning: missing documentation for a variant
    --> crates/semantic/src/ir/semantic/packed_types.rs:1242:5
     |
1242 |     Import {
     |     ^^^^^^

warning: missing documentation for a struct field
    --> crates/semantic/src/ir/semantic/packed_types.rs:1243:9
     |
1243 |         specifier: AtomId,
     |         ^^^^^^^^^^^^^^^^^

warning: missing documentation for a struct field
    --> crates/semantic/src/ir/semantic/packed_types.rs:1244:9
     |
1244 |         qualifier: AtomListId,
     |         ^^^^^^^^^^^^^^^^^^^^^

warning: missing documentation for a struct field
    --> crates/semantic/src/ir/semantic/packed_types.rs:1245:9
     |
1245 |         arguments: TypeListId,
     |         ^^^^^^^^^^^^^^^^^^^^^

warning: missing documentation for a variant
    --> crates/semantic/src/ir/semantic/packed_types.rs:1247:5
     |
1247 |     Awaited(TypeId),
     |     ^^^^^^^

warning: missing documentation for a variant
    --> crates/semantic/src/ir/semantic/packed_types.rs:1248:5
     |
1248 |     This,
     |     ^^^^

warning: missing documentation for a variant
    --> crates/semantic/src/ir/semantic/packed_types.rs:1273:5
     |
1273 |     Entity(EntityId),
     |     ^^^^^^

warning: missing documentation for a variant
    --> crates/semantic/src/ir/semantic/packed_types.rs:1274:5
     |
1274 |     Path(AtomListId),
     |     ^^^^

warning: missing documentation for a variant
    --> crates/semantic/src/ir/semantic/packed_types.rs:1275:5
     |
1275 |     External(ExternalId),
     |     ^^^^^^^^

warning: missing documentation for a variant
    --> crates/semantic/src/ir/semantic/packed_types.rs:1282:5
     |
1282 |     Preserve,
     |     ^^^^^^^^

warning: missing documentation for a variant
    --> crates/semantic/src/ir/semantic/packed_types.rs:1283:5
     |
1283 |     Add,
     |     ^^^

warning: missing documentation for a variant
    --> crates/semantic/src/ir/semantic/packed_types.rs:1284:5
     |
1284 |     Remove,
     |     ^^^^^^

warning: missing documentation for a struct field
    --> crates/semantic/src/ir/semantic/packed_types.rs:1290:5
     |
1290 |     pub label: Option<AtomId>,
     |     ^^^^^^^^^^^^^^^^^^^^^^^^^

warning: missing documentation for a struct field
    --> crates/semantic/src/ir/semantic/packed_types.rs:1291:5
     |
1291 |     pub ty: TypeId,
     |     ^^^^^^^^^^^^^^

warning: missing documentation for a struct field
    --> crates/semantic/src/ir/semantic/packed_types.rs:1292:5
     |
1292 |     pub kind: TupleElementKind,
     |     ^^^^^^^^^^^^^^^^^^^^^^^^^^

warning: missing documentation for an enum
    --> crates/semantic/src/ir/semantic/packed_types.rs:1297:1
     |
1297 | pub enum TupleElementKind {
     | ^^^^^^^^^^^^^^^^^^^^^^^^^

warning: missing documentation for a variant
    --> crates/semantic/src/ir/semantic/packed_types.rs:1298:5
     |
1298 |     Required,
     |     ^^^^^^^^

warning: missing documentation for a variant
    --> crates/semantic/src/ir/semantic/packed_types.rs:1299:5
     |
1299 |     Optional,
     |     ^^^^^^^^

warning: missing documentation for a variant
    --> crates/semantic/src/ir/semantic/packed_types.rs:1300:5
     |
1300 |     Rest,
     |     ^^^^

warning: missing documentation for a variant
    --> crates/semantic/src/ir/semantic/packed_types.rs:1312:5
     |
1312 |     Parameter,
     |     ^^^^^^^^^

warning: missing documentation for a variant
    --> crates/semantic/src/ir/semantic/packed_types.rs:1313:5
     |
1313 |     Result,
     |     ^^^^^^

warning: missing documentation for a variant
    --> crates/semantic/src/ir/semantic/packed_types.rs:1320:5
     |
1320 |     Named(AtomId),
     |     ^^^^^

warning: missing documentation for a variant
    --> crates/semantic/src/ir/semantic/packed_types.rs:1321:5
     |
1321 |     Private(AtomId),
     |     ^^^^^^^

warning: missing documentation for a variant
    --> crates/semantic/src/ir/semantic/packed_types.rs:1322:5
     |
1322 |     Numeric(AtomId),
     |     ^^^^^^^

warning: missing documentation for a variant
    --> crates/semantic/src/ir/semantic/packed_types.rs:1323:5
     |
1323 |     Computed(TypeId),
     |     ^^^^^^^^

warning: missing documentation for a variant
    --> crates/semantic/src/ir/semantic/packed_types.rs:1329:5
     |
1329 |     Property {
     |     ^^^^^^^^

warning: missing documentation for a struct field
    --> crates/semantic/src/ir/semantic/packed_types.rs:1330:9
     |
1330 |         key: PropertyKey,
     |         ^^^^^^^^^^^^^^^^

warning: missing documentation for a struct field
    --> crates/semantic/src/ir/semantic/packed_types.rs:1331:9
     |
1331 |         ty: TypeId,
     |         ^^^^^^^^^^

warning: missing documentation for a struct field
    --> crates/semantic/src/ir/semantic/packed_types.rs:1332:9
     |
1332 |         optional: bool,
     |         ^^^^^^^^^^^^^^

warning: missing documentation for a struct field
    --> crates/semantic/src/ir/semantic/packed_types.rs:1333:9
     |
1333 |         readonly: bool,
     |         ^^^^^^^^^^^^^^

warning: missing documentation for a variant
    --> crates/semantic/src/ir/semantic/packed_types.rs:1335:5
     |
1335 |     Method {
     |     ^^^^^^

warning: missing documentation for a struct field
    --> crates/semantic/src/ir/semantic/packed_types.rs:1336:9
     |
1336 |         key: PropertyKey,
     |         ^^^^^^^^^^^^^^^^

warning: missing documentation for a struct field
    --> crates/semantic/src/ir/semantic/packed_types.rs:1337:9
     |
1337 |         signature: TypeId,
     |         ^^^^^^^^^^^^^^^^^

warning: missing documentation for a struct field
    --> crates/semantic/src/ir/semantic/packed_types.rs:1338:9
     |
1338 |         optional: bool,
     |         ^^^^^^^^^^^^^^

warning: missing documentation for a variant
    --> crates/semantic/src/ir/semantic/packed_types.rs:1340:5
     |
1340 |     Index {
     |     ^^^^^

warning: missing documentation for a struct field
    --> crates/semantic/src/ir/semantic/packed_types.rs:1341:9
     |
1341 |         parameter: AtomId,
     |         ^^^^^^^^^^^^^^^^^

warning: missing documentation for a struct field
    --> crates/semantic/src/ir/semantic/packed_types.rs:1342:9
     |
1342 |         key: TypeId,
     |         ^^^^^^^^^^^

warning: missing documentation for a struct field
    --> crates/semantic/src/ir/semantic/packed_types.rs:1343:9
     |
1343 |         value: TypeId,
     |         ^^^^^^^^^^^^^

warning: missing documentation for a struct field
    --> crates/semantic/src/ir/semantic/packed_types.rs:1344:9
     |
1344 |         readonly: bool,
     |         ^^^^^^^^^^^^^^

warning: missing documentation for a variant
    --> crates/semantic/src/ir/semantic/packed_types.rs:1346:5
     |
1346 |     Call(TypeId),
     |     ^^^^

warning: missing documentation for a variant
    --> crates/semantic/src/ir/semantic/packed_types.rs:1347:5
     |
1347 |     Construct(TypeId),
     |     ^^^^^^^^^

warning: missing documentation for a variant
    --> crates/semantic/src/ir/semantic/packed_types.rs:1353:5
     |
1353 |     Bytes(AtomId),
     |     ^^^^^

warning: missing documentation for a variant
    --> crates/semantic/src/ir/semantic/packed_types.rs:1354:5
     |
1354 |     Placeholder(TypeId),
     |     ^^^^^^^^^^^

warning: missing documentation for a struct field
    --> crates/semantic/src/ir/semantic/packed_types.rs:1388:12
     |
1388 |     Type { inference: TypeParameterInference },
     |            ^^^^^^^^^^^^^^^^^^^^^^^^^^^^^^^^^

warning: missing documentation for a struct field
    --> crates/semantic/src/ir/semantic/packed_types.rs:1390:18
     |
1390 |     ConstValue { value_type: TypeId },
     |                  ^^^^^^^^^^^^^^^^^^

warning: missing documentation for a variant
    --> crates/semantic/src/ir/semantic/packed_types.rs:1399:5
     |
1399 |     Ordinary,
     |     ^^^^^^^^

warning: missing documentation for a variant
    --> crates/semantic/src/ir/semantic/packed_types.rs:1400:5
     |
1400 |     Const,
     |     ^^^^^

warning: missing documentation for a variant
    --> crates/semantic/src/ir/semantic/packed_types.rs:1407:5
     |
1407 |     None,
     |     ^^^^

warning: missing documentation for a variant
    --> crates/semantic/src/ir/semantic/packed_types.rs:1408:5
     |
1408 |     Reference { nullable: bool },
     |     ^^^^^^^^^

warning: missing documentation for a struct field
    --> crates/semantic/src/ir/semantic/packed_types.rs:1408:17
     |
1408 |     Reference { nullable: bool },
     |                 ^^^^^^^^^^^^^^

warning: missing documentation for a variant
    --> crates/semantic/src/ir/semantic/packed_types.rs:1409:5
     |
1409 |     Value,
     |     ^^^^^

warning: missing documentation for a variant
    --> crates/semantic/src/ir/semantic/packed_types.rs:1410:5
     |
1410 |     Unmanaged,
     |     ^^^^^^^^^

warning: missing documentation for a variant
    --> crates/semantic/src/ir/semantic/packed_types.rs:1411:5
     |
1411 |     NotNull,
     |     ^^^^^^^

warning: missing documentation for a variant
    --> crates/semantic/src/ir/semantic/packed_types.rs:1412:5
     |
1412 |     Default,
     |     ^^^^^^^

warning: missing documentation for a struct field
    --> crates/semantic/src/ir/semantic/packed_types.rs:1423:5
     |
1423 |     pub primary: TypeParameterPrimaryRequirement,
     |     ^^^^^^^^^^^^^^^^^^^^^^^^^^^^^^^^^^^^^^^^^^^^

warning: missing documentation for a struct field
    --> crates/semantic/src/ir/semantic/packed_types.rs:1424:5
     |
1424 |     pub constructor: bool,
     |     ^^^^^^^^^^^^^^^^^^^^^

warning: missing documentation for a struct field
    --> crates/semantic/src/ir/semantic/packed_types.rs:1425:5
     |
1425 |     pub allows_ref_like: bool,
     |     ^^^^^^^^^^^^^^^^^^^^^^^^^

warning: missing documentation for an associated function
    --> crates/semantic/src/ir/semantic/packed_types.rs:1430:5
     |
1430 |     pub const fn none() -> Self {
     |     ^^^^^^^^^^^^^^^^^^^^^^^^^^^

warning: missing documentation for a method
    --> crates/semantic/src/ir/semantic/packed_types.rs:1439:5
     |
1439 |     pub const fn is_valid(self) -> bool {
     |     ^^^^^^^^^^^^^^^^^^^^^^^^^^^^^^^^^^^

warning: missing documentation for a struct field
    --> crates/semantic/src/ir/semantic/packed_types.rs:1458:5
     |
1458 |     pub name: AtomId,
     |     ^^^^^^^^^^^^^^^^

warning: missing documentation for a struct field
    --> crates/semantic/src/ir/semantic/packed_types.rs:1461:5
     |
1461 |     pub default: Option<TypeId>,
     |     ^^^^^^^^^^^^^^^^^^^^^^^^^^^

warning: missing documentation for a struct field
    --> crates/semantic/src/ir/semantic/packed_types.rs:1462:5
     |
1462 |     pub variance: Variance,
     |     ^^^^^^^^^^^^^^^^^^^^^^

warning: missing documentation for a struct field
    --> crates/semantic/src/ir/semantic/packed_types.rs:1463:5
     |
1463 |     pub kind: TypeParameterKind,
     |     ^^^^^^^^^^^^^^^^^^^^^^^^^^^

warning: missing documentation for a struct field
    --> crates/semantic/src/ir/semantic/packed_types.rs:1464:5
     |
1464 |     pub requirements: TypeParameterRequirements,
     |     ^^^^^^^^^^^^^^^^^^^^^^^^^^^^^^^^^^^^^^^^^^^

warning: missing documentation for an enum
    --> crates/semantic/src/ir/semantic/packed_types.rs:1469:1
     |
1469 | pub enum Variance {
     | ^^^^^^^^^^^^^^^^^

warning: missing documentation for a variant
    --> crates/semantic/src/ir/semantic/packed_types.rs:1470:5
     |
1470 |     Invariant,
     |     ^^^^^^^^^

warning: missing documentation for a variant
    --> crates/semantic/src/ir/semantic/packed_types.rs:1471:5
     |
1471 |     Covariant,
     |     ^^^^^^^^^

warning: missing documentation for a variant
    --> crates/semantic/src/ir/semantic/packed_types.rs:1472:5
     |
1472 |     Contravariant,
     |     ^^^^^^^^^^^^^

warning: missing documentation for a variant
    --> crates/semantic/src/ir/semantic/packed_types.rs:1473:5
     |
1473 |     Bivariant,
     |     ^^^^^^^^^

warning: missing documentation for a variant
  --> crates/semantic/src/ir/semantic/relations.rs:14:5
   |
14 |     Local(EntityId),
   |     ^^^^^

warning: missing documentation for a variant
  --> crates/semantic/src/ir/semantic/relations.rs:15:5
   |
15 |     External(ExternalId),
   |     ^^^^^^^^

warning: missing documentation for a variant
  --> crates/semantic/src/ir/semantic/relations.rs:21:5
   |
21 |     Package {
   |     ^^^^^^^

warning: missing documentation for a struct field
  --> crates/semantic/src/ir/semantic/relations.rs:22:9
   |
22 |         ecosystem: AtomId,
   |         ^^^^^^^^^^^^^^^^^

warning: missing documentation for a struct field
  --> crates/semantic/src/ir/semantic/relations.rs:23:9
   |
23 |         package: AtomId,
   |         ^^^^^^^^^^^^^^^

warning: missing documentation for a variant
  --> crates/semantic/src/ir/semantic/relations.rs:25:5
   |
25 |     Namespace {
   |     ^^^^^^^^^

warning: missing documentation for a struct field
  --> crates/semantic/src/ir/semantic/relations.rs:26:9
   |
26 |         ecosystem: AtomId,
   |         ^^^^^^^^^^^^^^^^^

warning: missing documentation for a struct field
  --> crates/semantic/src/ir/semantic/relations.rs:27:9
   |
27 |         namespace: AtomId,
   |         ^^^^^^^^^^^^^^^^^

warning: missing documentation for a variant
  --> crates/semantic/src/ir/semantic/relations.rs:29:5
   |
29 |     Universe {
   |     ^^^^^^^^

warning: missing documentation for a struct field
  --> crates/semantic/src/ir/semantic/relations.rs:30:9
   |
30 |         ecosystem: AtomId,
   |         ^^^^^^^^^^^^^^^^^

warning: missing documentation for a struct field
  --> crates/semantic/src/ir/semantic/relations.rs:35:9
   |
35 |         ecosystem: AtomId,
   |         ^^^^^^^^^^^^^^^^^

warning: missing documentation for a struct field
  --> crates/semantic/src/ir/semantic/relations.rs:60:14
   |
60 |     Stable { target: StableRef },
   |              ^^^^^^^^^^^^^^^^^

warning: missing documentation for a struct field
  --> crates/semantic/src/ir/semantic/relations.rs:67:9
   |
67 |         target: ExternalEntityRef,
   |         ^^^^^^^^^^^^^^^^^^^^^^^^^

warning: missing documentation for a struct field
  --> crates/semantic/src/ir/semantic/relations.rs:68:9
   |
68 |         display: AtomId,
   |         ^^^^^^^^^^^^^^^

warning: missing documentation for a variant
  --> crates/semantic/src/ir/semantic/relations.rs:75:5
   |
75 |     Text(TextId),
   |     ^^^^

warning: missing documentation for a variant
  --> crates/semantic/src/ir/semantic/relations.rs:76:5
   |
76 |     Code(TextId),
   |     ^^^^

warning: missing documentation for a variant
  --> crates/semantic/src/ir/semantic/relations.rs:77:5
   |
77 |     Link { label: TextId, target: LinkTarget },
   |     ^^^^

warning: missing documentation for a struct field
  --> crates/semantic/src/ir/semantic/relations.rs:77:12
   |
77 |     Link { label: TextId, target: LinkTarget },
   |            ^^^^^^^^^^^^^

warning: missing documentation for a struct field
  --> crates/semantic/src/ir/semantic/relations.rs:77:27
   |
77 |     Link { label: TextId, target: LinkTarget },
   |                           ^^^^^^^^^^^^^^^^^^

warning: missing documentation for a variant
  --> crates/semantic/src/ir/semantic/relations.rs:78:5
   |
78 |     SoftBreak,
   |     ^^^^^^^^^

warning: missing documentation for a variant
  --> crates/semantic/src/ir/semantic/relations.rs:79:5
   |
79 |     HardBreak,
   |     ^^^^^^^^^

warning: missing documentation for a variant
  --> crates/semantic/src/ir/semantic/relations.rs:85:5
   |
85 |     Text(&'source str),
   |     ^^^^

warning: missing documentation for a variant
  --> crates/semantic/src/ir/semantic/relations.rs:86:5
   |
86 |     Code(&'source str),
   |     ^^^^

warning: missing documentation for a variant
  --> crates/semantic/src/ir/semantic/relations.rs:87:5
   |
87 |     Link {
   |     ^^^^

warning: missing documentation for a struct field
  --> crates/semantic/src/ir/semantic/relations.rs:88:9
   |
88 |         label: &'source str,
   |         ^^^^^^^^^^^^^^^^^^^

warning: missing documentation for a struct field
  --> crates/semantic/src/ir/semantic/relations.rs:89:9
   |
89 |         target: TreeLinkTarget,
   |         ^^^^^^^^^^^^^^^^^^^^^^

warning: missing documentation for a variant
  --> crates/semantic/src/ir/semantic/relations.rs:91:5
   |
91 |     SoftBreak,
   |     ^^^^^^^^^

warning: missing documentation for a variant
  --> crates/semantic/src/ir/semantic/relations.rs:92:5
   |
92 |     HardBreak,
   |     ^^^^^^^^^

warning: missing documentation for a method
   --> crates/semantic/src/ir/semantic/relations.rs:114:5
    |
114 |     pub const fn file(self) -> AtomId {
    |     ^^^^^^^^^^^^^^^^^^^^^^^^^^^^^^^^^

warning: missing documentation for a method
   --> crates/semantic/src/ir/semantic/relations.rs:118:5
    |
118 |     pub const fn start(self) -> u32 {
    |     ^^^^^^^^^^^^^^^^^^^^^^^^^^^^^^^

warning: missing documentation for a method
   --> crates/semantic/src/ir/semantic/relations.rs:122:5
    |
122 |     pub const fn end(self) -> u32 {
    |     ^^^^^^^^^^^^^^^^^^^^^^^^^^^^^

warning: missing documentation for a method
   --> crates/semantic/src/ir/semantic/relations.rs:126:5
    |
126 |     pub const fn len(self) -> u32 {
    |     ^^^^^^^^^^^^^^^^^^^^^^^^^^^^^

warning: missing documentation for a method
   --> crates/semantic/src/ir/semantic/relations.rs:130:5
    |
130 |     pub const fn is_empty(self) -> bool {
    |     ^^^^^^^^^^^^^^^^^^^^^^^^^^^^^^^^^^^

warning: missing documentation for a variant
   --> crates/semantic/src/ir/semantic/relations.rs:140:5
    |
140 |     Local(DeclarationIdentity),
    |     ^^^^^

warning: missing documentation for a variant
   --> crates/semantic/src/ir/semantic/relations.rs:141:5
    |
141 |     Stable(StableRef),
    |     ^^^^^^

warning: missing documentation for a variant
   --> crates/semantic/src/ir/semantic/relations.rs:142:5
    |
142 |     Foreign(ExternalDeclarationIdentity),
    |     ^^^^^^^

warning: missing documentation for a variant
   --> crates/semantic/src/ir/semantic/relations.rs:143:5
    |
143 |     FragmentEntity(ExternalEntityRef),
    |     ^^^^^^^^^^^^^^

warning: missing documentation for a struct field
   --> crates/semantic/src/ir/semantic/relations.rs:159:5
    |
159 |     pub declaration_shape: CorePayloadPlane,
    |     ^^^^^^^^^^^^^^^^^^^^^^^^^^^^^^^^^^^^^^^

warning: missing documentation for a struct field
   --> crates/semantic/src/ir/semantic/relations.rs:160:5
    |
160 |     pub type_structure: CorePayloadPlane,
    |     ^^^^^^^^^^^^^^^^^^^^^^^^^^^^^^^^^^^^

warning: missing documentation for a struct field
   --> crates/semantic/src/ir/semantic/relations.rs:161:5
    |
161 |     pub ordered_product_children: CorePayloadPlane,
    |     ^^^^^^^^^^^^^^^^^^^^^^^^^^^^^^^^^^^^^^^^^^^^^^

warning: missing documentation for a struct field
   --> crates/semantic/src/ir/semantic/relations.rs:162:5
    |
162 |     pub ordered_local_members: CorePayloadPlane,
    |     ^^^^^^^^^^^^^^^^^^^^^^^^^^^^^^^^^^^^^^^^^^^

warning: missing documentation for a struct field
   --> crates/semantic/src/ir/semantic/relations.rs:163:5
    |
163 |     pub documentation: CorePayloadPlane,
    |     ^^^^^^^^^^^^^^^^^^^^^^^^^^^^^^^^^^^

warning: missing documentation for a struct field
   --> crates/semantic/src/ir/semantic/relations.rs:164:5
    |
164 |     pub visibility: CorePayloadPlane,
    |     ^^^^^^^^^^^^^^^^^^^^^^^^^^^^^^^^

warning: missing documentation for a struct field
   --> crates/semantic/src/ir/semantic/relations.rs:165:5
    |
165 |     pub language_extension: CorePayloadPlane,
    |     ^^^^^^^^^^^^^^^^^^^^^^^^^^^^^^^^^^^^^^^^

warning: missing documentation for a struct field
   --> crates/semantic/src/ir/semantic/relations.rs:166:5
    |
166 |     pub source_provenance: CorePayloadPlane,
    |     ^^^^^^^^^^^^^^^^^^^^^^^^^^^^^^^^^^^^^^^

warning: missing documentation for a struct field
   --> crates/semantic/src/ir/semantic/relations.rs:167:5
    |
167 |     pub occurrences: CorePayloadPlane,
    |     ^^^^^^^^^^^^^^^^^^^^^^^^^^^^^^^^^

warning: missing documentation for a struct field
   --> crates/semantic/src/ir/semantic/relations.rs:168:5
    |
168 |     pub opaque_parentage: CorePayloadPlane,
    |     ^^^^^^^^^^^^^^^^^^^^^^^^^^^^^^^^^^^^^^

warning: missing documentation for an associated function
   --> crates/semantic/src/ir/semantic/relations.rs:196:5
    |
196 |     pub const fn from_raw(bytes: [u8; 16]) -> Self {
    |     ^^^^^^^^^^^^^^^^^^^^^^^^^^^^^^^^^^^^^^^^^^^^^^

warning: missing documentation for an associated function
   --> crates/semantic/src/ir/semantic/relations.rs:200:5
    |
200 |     pub fn from_canonical_bytes(bytes: &[u8]) -> Self {
    |     ^^^^^^^^^^^^^^^^^^^^^^^^^^^^^^^^^^^^^^^^^^^^^^^^^

warning: missing documentation for a method
   --> crates/semantic/src/ir/semantic/relations.rs:209:5
    |
209 |     pub const fn as_bytes(&self) -> &[u8; 16] {
    |     ^^^^^^^^^^^^^^^^^^^^^^^^^^^^^^^^^^^^^^^^^

warning: missing documentation for a struct field
   --> crates/semantic/src/ir/semantic/relations.rs:241:5
    |
241 |     pub name: AtomId,
    |     ^^^^^^^^^^^^^^^^

warning: missing documentation for a struct field
   --> crates/semantic/src/ir/semantic/relations.rs:242:5
    |
242 |     pub kind: ItemKind,
    |     ^^^^^^^^^^^^^^^^^^

warning: missing documentation for a struct field
   --> crates/semantic/src/ir/semantic/relations.rs:243:5
    |
243 |     pub visibility: Visibility,
    |     ^^^^^^^^^^^^^^^^^^^^^^^^^^

warning: missing documentation for a struct field
   --> crates/semantic/src/ir/semantic/relations.rs:244:5
    |
244 |     pub parent: Option<EntityId>,
    |     ^^^^^^^^^^^^^^^^^^^^^^^^^^^^

warning: missing documentation for a struct field
   --> crates/semantic/src/ir/semantic/relations.rs:245:5
    |
245 |     pub semantic_type: Option<TypeId>,
    |     ^^^^^^^^^^^^^^^^^^^^^^^^^^^^^^^^^

warning: missing documentation for a struct field
   --> crates/semantic/src/ir/semantic/relations.rs:246:5
    |
246 |     pub members: EntityListId,
    |     ^^^^^^^^^^^^^^^^^^^^^^^^^

warning: missing documentation for a struct field
   --> crates/semantic/src/ir/semantic/relations.rs:247:5
    |
247 |     pub docs: DocId,
    |     ^^^^^^^^^^^^^^^

warning: missing documentation for a struct field
   --> crates/semantic/src/ir/semantic/relations.rs:248:5
    |
248 |     pub attributes: AtomListId,
    |     ^^^^^^^^^^^^^^^^^^^^^^^^^^

warning: missing documentation for a struct field
   --> crates/semantic/src/ir/semantic/relations.rs:249:5
    |
249 |     pub source: Option<SourceSpan>,
    |     ^^^^^^^^^^^^^^^^^^^^^^^^^^^^^^

warning: missing documentation for a variant
   --> crates/semantic/src/ir/semantic/relations.rs:255:5
    |
255 |     Calls,
    |     ^^^^^

warning: missing documentation for a variant
   --> crates/semantic/src/ir/semantic/relations.rs:256:5
    |
256 |     MethodCall,
    |     ^^^^^^^^^^

warning: missing documentation for a variant
   --> crates/semantic/src/ir/semantic/relations.rs:257:5
    |
257 |     TypeReference,
    |     ^^^^^^^^^^^^^

warning: missing documentation for a variant
   --> crates/semantic/src/ir/semantic/relations.rs:258:5
    |
258 |     Reads,
    |     ^^^^^

warning: missing documentation for a variant
   --> crates/semantic/src/ir/semantic/relations.rs:259:5
    |
259 |     Writes,
    |     ^^^^^^

warning: missing documentation for a variant
   --> crates/semantic/src/ir/semantic/relations.rs:260:5
    |
260 |     Imports,
    |     ^^^^^^^

warning: missing documentation for a variant
   --> crates/semantic/src/ir/semantic/relations.rs:261:5
    |
261 |     Implements,
    |     ^^^^^^^^^^

warning: missing documentation for a variant
   --> crates/semantic/src/ir/semantic/relations.rs:262:5
    |
262 |     Overrides,
    |     ^^^^^^^^^

warning: missing documentation for a variant
   --> crates/semantic/src/ir/semantic/relations.rs:263:5
    |
263 |     Reexports,
    |     ^^^^^^^^^

warning: missing documentation for a variant
   --> crates/semantic/src/ir/semantic/relations.rs:264:5
    |
264 |     Inherits,
    |     ^^^^^^^^

warning: missing documentation for a variant
   --> crates/semantic/src/ir/semantic/relations.rs:265:5
    |
265 |     Documents,
    |     ^^^^^^^^^

warning: missing documentation for a variant
   --> crates/semantic/src/ir/semantic/relations.rs:272:5
    |
272 |     Syntactic,
    |     ^^^^^^^^^

warning: missing documentation for a variant
   --> crates/semantic/src/ir/semantic/relations.rs:273:5
    |
273 |     Heuristic,
    |     ^^^^^^^^^

warning: missing documentation for a variant
   --> crates/semantic/src/ir/semantic/relations.rs:274:5
    |
274 |     Indexed,
    |     ^^^^^^^

warning: missing documentation for a variant
   --> crates/semantic/src/ir/semantic/relations.rs:275:5
    |
275 |     Imported,
    |     ^^^^^^^^

warning: missing documentation for a variant
   --> crates/semantic/src/ir/semantic/relations.rs:276:5
    |
276 |     Compiler,
    |     ^^^^^^^^

warning: missing documentation for a struct field
   --> crates/semantic/src/ir/semantic/relations.rs:282:5
    |
282 |     pub from: EntityId,
    |     ^^^^^^^^^^^^^^^^^^

warning: missing documentation for a struct field
   --> crates/semantic/src/ir/semantic/relations.rs:283:5
    |
283 |     pub target: LinkTarget,
    |     ^^^^^^^^^^^^^^^^^^^^^^

warning: missing documentation for a struct field
   --> crates/semantic/src/ir/semantic/relations.rs:284:5
    |
284 |     pub kind: LinkKind,
    |     ^^^^^^^^^^^^^^^^^^

warning: missing documentation for a struct field
   --> crates/semantic/src/ir/semantic/relations.rs:302:5
    |
302 |     pub link: LinkId,
    |     ^^^^^^^^^^^^^^^^

warning: missing documentation for a struct field
   --> crates/semantic/src/ir/semantic/relations.rs:303:5
    |
303 |     pub confidence: Confidence,
    |     ^^^^^^^^^^^^^^^^^^^^^^^^^^

warning: missing documentation for a struct field
   --> crates/semantic/src/ir/semantic/relations.rs:304:5
    |
304 |     pub source: Option<SourceSpan>,
    |     ^^^^^^^^^^^^^^^^^^^^^^^^^^^^^^

warning: missing documentation for a struct field
  --> crates/semantic/src/ir/semantic/tree.rs:11:5
   |
11 |     pub name: &'source [u8],
   |     ^^^^^^^^^^^^^^^^^^^^^^^

warning: missing documentation for a struct field
  --> crates/semantic/src/ir/semantic/tree.rs:12:5
   |
12 |     pub kind: ItemKind,
   |     ^^^^^^^^^^^^^^^^^^

warning: missing documentation for a struct field
  --> crates/semantic/src/ir/semantic/tree.rs:13:5
   |
13 |     pub visibility: Visibility,
   |     ^^^^^^^^^^^^^^^^^^^^^^^^^^

warning: missing documentation for a struct field
  --> crates/semantic/src/ir/semantic/tree.rs:16:5
   |
16 |     pub parent: Option<TreeEntityId>,
   |     ^^^^^^^^^^^^^^^^^^^^^^^^^^^^^^^^

warning: missing documentation for a struct field
  --> crates/semantic/src/ir/semantic/tree.rs:17:5
   |
17 |     pub semantic_type: Option<TypeId>,
   |     ^^^^^^^^^^^^^^^^^^^^^^^^^^^^^^^^^

warning: missing documentation for a struct field
  --> crates/semantic/src/ir/semantic/tree.rs:18:5
   |
18 |     pub members: &'source [TreeEntityId],
   |     ^^^^^^^^^^^^^^^^^^^^^^^^^^^^^^^^^^^^

warning: missing documentation for a struct field
  --> crates/semantic/src/ir/semantic/tree.rs:19:5
   |
19 |     pub docs: &'source [DocInput<'source>],
   |     ^^^^^^^^^^^^^^^^^^^^^^^^^^^^^^^^^^^^^^

warning: missing documentation for a struct field
  --> crates/semantic/src/ir/semantic/tree.rs:20:5
   |
20 |     pub attributes: &'source [&'source [u8]],
   |     ^^^^^^^^^^^^^^^^^^^^^^^^^^^^^^^^^^^^^^^^

warning: missing documentation for a struct field
  --> crates/semantic/src/ir/semantic/tree.rs:21:5
   |
21 |     pub source: Option<SourceSpan>,
   |     ^^^^^^^^^^^^^^^^^^^^^^^^^^^^^^

warning: missing documentation for a struct field
  --> crates/semantic/src/ir/semantic/tree.rs:22:5
   |
22 |     pub extension: Option<LanguageExtensionInput<'source>>,
   |     ^^^^^^^^^^^^^^^^^^^^^^^^^^^^^^^^^^^^^^^^^^^^^^^^^^^^^^

warning: missing documentation for a struct field
  --> crates/semantic/src/ir/semantic/tree.rs:31:5
   |
31 |     pub from: TreeEntityId,
   |     ^^^^^^^^^^^^^^^^^^^^^^

warning: missing documentation for a struct field
  --> crates/semantic/src/ir/semantic/tree.rs:32:5
   |
32 |     pub target: TreeLinkTarget,
   |     ^^^^^^^^^^^^^^^^^^^^^^^^^^

warning: missing documentation for a struct field
  --> crates/semantic/src/ir/semantic/tree.rs:33:5
   |
33 |     pub kind: LinkKind,
   |     ^^^^^^^^^^^^^^^^^^

warning: missing documentation for a struct field
  --> crates/semantic/src/ir/semantic/tree.rs:34:5
   |
34 |     pub confidence: Confidence,
   |     ^^^^^^^^^^^^^^^^^^^^^^^^^^

warning: missing documentation for a struct field
  --> crates/semantic/src/ir/semantic/tree.rs:37:5
   |
37 |     pub source: Option<SourceSpan>,
   |     ^^^^^^^^^^^^^^^^^^^^^^^^^^^^^^

warning: missing documentation for a variant
  --> crates/semantic/src/ir/semantic/tree.rs:43:5
   |
43 |     Local(TreeEntityId),
   |     ^^^^^

warning: missing documentation for a variant
  --> crates/semantic/src/ir/semantic/tree.rs:44:5
   |
44 |     External(ExternalId),
   |     ^^^^^^^^

warning: missing documentation for a struct field
  --> crates/semantic/src/ir/semantic/tree.rs:49:5
   |
49 |     pub versions: &'source [EntityVersion],
   |     ^^^^^^^^^^^^^^^^^^^^^^^^^^^^^^^^^^^^^^

warning: missing documentation for a struct field
  --> crates/semantic/src/ir/semantic/tree.rs:50:5
   |
50 |     pub items: &'source [TreeItemInput<'source>],
   |     ^^^^^^^^^^^^^^^^^^^^^^^^^^^^^^^^^^^^^^^^^^^^

warning: missing documentation for a struct field
  --> crates/semantic/src/ir/semantic/tree.rs:51:5
   |
51 |     pub links: &'source [TreeLinkInput],
   |     ^^^^^^^^^^^^^^^^^^^^^^^^^^^^^^^^^^^

warning: missing documentation for a variant
  --> crates/semantic/src/ir/semantic/type_model.rs:11:5
   |
11 |     Private,
   |     ^^^^^^^

warning: missing documentation for a variant
  --> crates/semantic/src/ir/semantic/type_model.rs:12:5
   |
12 |     Restricted,
   |     ^^^^^^^^^^

warning: missing documentation for a variant
  --> crates/semantic/src/ir/semantic/type_model.rs:13:5
   |
13 |     Package,
   |     ^^^^^^^

warning: missing documentation for a variant
  --> crates/semantic/src/ir/semantic/type_model.rs:14:5
   |
14 |     Public,
   |     ^^^^^^

warning: missing documentation for a variant
  --> crates/semantic/src/ir/semantic/type_model.rs:21:5
   |
21 |     Immutable,
   |     ^^^^^^^^^

warning: missing documentation for a variant
  --> crates/semantic/src/ir/semantic/type_model.rs:22:5
   |
22 |     Mutable,
   |     ^^^^^^^

warning: missing documentation for a variant
  --> crates/semantic/src/ir/semantic/type_model.rs:30:5
   |
30 |     Lvalue,
   |     ^^^^^^

warning: missing documentation for a variant
  --> crates/semantic/src/ir/semantic/type_model.rs:31:5
   |
31 |     Rvalue,
   |     ^^^^^^

warning: missing documentation for a variant
  --> crates/semantic/src/ir/semantic/type_model.rs:38:5
   |
38 |     Unit,
   |     ^^^^

warning: missing documentation for a variant
  --> crates/semantic/src/ir/semantic/type_model.rs:39:5
   |
39 |     Never,
   |     ^^^^^

warning: missing documentation for a variant
  --> crates/semantic/src/ir/semantic/type_model.rs:40:5
   |
40 |     Bool,
   |     ^^^^

warning: missing documentation for a variant
  --> crates/semantic/src/ir/semantic/type_model.rs:44:5
   |
44 |     I8,
   |     ^^

warning: missing documentation for a variant
  --> crates/semantic/src/ir/semantic/type_model.rs:45:5
   |
45 |     I16,
   |     ^^^

warning: missing documentation for a variant
  --> crates/semantic/src/ir/semantic/type_model.rs:46:5
   |
46 |     I32,
   |     ^^^

warning: missing documentation for a variant
  --> crates/semantic/src/ir/semantic/type_model.rs:47:5
   |
47 |     I64,
   |     ^^^

warning: missing documentation for a variant
  --> crates/semantic/src/ir/semantic/type_model.rs:48:5
   |
48 |     I128,
   |     ^^^^

warning: missing documentation for a variant
  --> crates/semantic/src/ir/semantic/type_model.rs:49:5
   |
49 |     U8,
   |     ^^

warning: missing documentation for a variant
  --> crates/semantic/src/ir/semantic/type_model.rs:50:5
   |
50 |     U16,
   |     ^^^

warning: missing documentation for a variant
  --> crates/semantic/src/ir/semantic/type_model.rs:51:5
   |
51 |     U32,
   |     ^^^

warning: missing documentation for a variant
  --> crates/semantic/src/ir/semantic/type_model.rs:52:5
   |
52 |     U64,
   |     ^^^

warning: missing documentation for a variant
  --> crates/semantic/src/ir/semantic/type_model.rs:53:5
   |
53 |     U128,
   |     ^^^^

warning: missing documentation for a variant
  --> crates/semantic/src/ir/semantic/type_model.rs:54:5
   |
54 |     F16,
   |     ^^^

warning: missing documentation for a variant
  --> crates/semantic/src/ir/semantic/type_model.rs:55:5
   |
55 |     F32,
   |     ^^^

warning: missing documentation for a variant
  --> crates/semantic/src/ir/semantic/type_model.rs:56:5
   |
56 |     F64,
   |     ^^^

warning: missing documentation for a variant
  --> crates/semantic/src/ir/semantic/type_model.rs:57:5
   |
57 |     String,
   |     ^^^^^^

warning: missing documentation for a variant
  --> crates/semantic/src/ir/semantic/type_model.rs:58:5
   |
58 |     Bytes,
   |     ^^^^^

warning: missing documentation for a variant
  --> crates/semantic/src/ir/semantic/type_model.rs:59:5
   |
59 |     Object,
   |     ^^^^^^

warning: missing documentation for a variant
  --> crates/semantic/src/ir/semantic/type_model.rs:64:5
   |
64 |     Void,
   |     ^^^^

warning: missing documentation for a variant
  --> crates/semantic/src/ir/semantic/type_model.rs:65:5
   |
65 |     Number,
   |     ^^^^^^

warning: missing documentation for a variant
  --> crates/semantic/src/ir/semantic/type_model.rs:66:5
   |
66 |     BigInt,
   |     ^^^^^^

warning: missing documentation for a variant
  --> crates/semantic/src/ir/semantic/type_model.rs:67:5
   |
67 |     Symbol,
   |     ^^^^^^

warning: missing documentation for a variant
  --> crates/semantic/src/ir/semantic/type_model.rs:68:5
   |
68 |     UniqueSymbol,
   |     ^^^^^^^^^^^^

warning: missing documentation for a variant
  --> crates/semantic/src/ir/semantic/type_model.rs:69:5
   |
69 |     Null,
   |     ^^^^

warning: missing documentation for a variant
  --> crates/semantic/src/ir/semantic/type_model.rs:70:5
   |
70 |     Undefined,
   |     ^^^^^^^^^

warning: missing documentation for a variant
   --> crates/semantic/src/ir/semantic/type_model.rs:128:5
    |
128 |     Unannotated,
    |     ^^^^^^^^^^^

warning: missing documentation for a variant
   --> crates/semantic/src/ir/semantic/type_model.rs:129:5
    |
129 |     DynamicallyTyped,
    |     ^^^^^^^^^^^^^^^^

warning: missing documentation for a variant
   --> crates/semantic/src/ir/semantic/type_model.rs:130:5
    |
130 |     UnresolvedLocalName,
    |     ^^^^^^^^^^^^^^^^^^^

warning: missing documentation for a variant
   --> crates/semantic/src/ir/semantic/type_model.rs:131:5
    |
131 |     UnresolvedExternal,
    |     ^^^^^^^^^^^^^^^^^^

warning: missing documentation for a variant
   --> crates/semantic/src/ir/semantic/type_model.rs:132:5
    |
132 |     TruncatedAtDepthLimit,
    |     ^^^^^^^^^^^^^^^^^^^^^

warning: missing documentation for a variant
   --> crates/semantic/src/ir/semantic/type_model.rs:133:5
    |
133 |     OracleGap,
    |     ^^^^^^^^^

warning: missing documentation for a variant
   --> crates/semantic/src/ir/semantic/type_model.rs:134:5
    |
134 |     NoIrRepresentation,
    |     ^^^^^^^^^^^^^^^^^^

warning: missing documentation for a variant
   --> crates/semantic/src/ir/semantic/type_model.rs:135:5
    |
135 |     Error,
    |     ^^^^^

warning: missing documentation for a struct field
   --> crates/semantic/src/ir/semantic/type_model.rs:145:5
    |
145 |     pub reason: UnknownReason,
    |     ^^^^^^^^^^^^^^^^^^^^^^^^^

warning: missing documentation for a struct field
   --> crates/semantic/src/ir/semantic/type_model.rs:146:5
    |
146 |     pub spelling: Option<AtomId>,
    |     ^^^^^^^^^^^^^^^^^^^^^^^^^^^^

warning: missing documentation for an associated function
   --> crates/semantic/src/ir/semantic/type_model.rs:151:5
    |
151 |     pub const fn new(reason: UnknownReason) -> Self {
    |     ^^^^^^^^^^^^^^^^^^^^^^^^^^^^^^^^^^^^^^^^^^^^^^^

warning: missing documentation for a method
   --> crates/semantic/src/ir/semantic/type_model.rs:159:5
    |
159 |     pub const fn with_spelling(self, spelling: AtomId) -> Self {
    |     ^^^^^^^^^^^^^^^^^^^^^^^^^^^^^^^^^^^^^^^^^^^^^^^^^^^^^^^^^^

warning: missing documentation for a variant
   --> crates/semantic/src/ir/semantic/type_model.rs:176:5
    |
176 |     Concrete(ConcreteType),
    |     ^^^^^^^^

warning: missing documentation for a variant
   --> crates/semantic/src/ir/semantic/type_model.rs:177:5
    |
177 |     Computed(ComputedType),
    |     ^^^^^^^^

warning: missing documentation for a variant
   --> crates/semantic/src/ir/semantic/type_model.rs:178:5
    |
178 |     Unknown(UnknownType),
    |     ^^^^^^^

warning: missing documentation for a variant
   --> crates/semantic/src/ir/semantic/type_model.rs:354:5
    |
354 |     Builtin,
    |     ^^^^^^^

warning: missing documentation for a variant
   --> crates/semantic/src/ir/semantic/type_model.rs:355:5
    |
355 |     Literal,
    |     ^^^^^^^

warning: missing documentation for a variant
   --> crates/semantic/src/ir/semantic/type_model.rs:356:5
    |
356 |     Nominal,
    |     ^^^^^^^

warning: missing documentation for a variant
   --> crates/semantic/src/ir/semantic/type_model.rs:357:5
    |
357 |     External,
    |     ^^^^^^^^

warning: missing documentation for a variant
   --> crates/semantic/src/ir/semantic/type_model.rs:358:5
    |
358 |     Parameter,
    |     ^^^^^^^^^

warning: missing documentation for a variant
   --> crates/semantic/src/ir/semantic/type_model.rs:359:5
    |
359 |     Applied,
    |     ^^^^^^^

warning: missing documentation for a variant
   --> crates/semantic/src/ir/semantic/type_model.rs:360:5
    |
360 |     Tuple,
    |     ^^^^^

warning: missing documentation for a variant
   --> crates/semantic/src/ir/semantic/type_model.rs:361:5
    |
361 |     Object,
    |     ^^^^^^

warning: missing documentation for a variant
   --> crates/semantic/src/ir/semantic/type_model.rs:362:5
    |
362 |     Function,
    |     ^^^^^^^^

warning: missing documentation for a variant
   --> crates/semantic/src/ir/semantic/type_model.rs:363:5
    |
363 |     Reference,
    |     ^^^^^^^^^

warning: missing documentation for a variant
   --> crates/semantic/src/ir/semantic/type_model.rs:364:5
    |
364 |     Pointer,
    |     ^^^^^^^

warning: missing documentation for a variant
   --> crates/semantic/src/ir/semantic/type_model.rs:365:5
    |
365 |     Slice,
    |     ^^^^^

warning: missing documentation for a variant
   --> crates/semantic/src/ir/semantic/type_model.rs:366:5
    |
366 |     Array,
    |     ^^^^^

warning: missing documentation for a variant
   --> crates/semantic/src/ir/semantic/type_model.rs:367:5
    |
367 |     Optional,
    |     ^^^^^^^^

warning: missing documentation for a variant
   --> crates/semantic/src/ir/semantic/type_model.rs:368:5
    |
368 |     Union,
    |     ^^^^^

warning: missing documentation for a variant
   --> crates/semantic/src/ir/semantic/type_model.rs:369:5
    |
369 |     Intersection,
    |     ^^^^^^^^^^^^

warning: missing documentation for a variant
   --> crates/semantic/src/ir/semantic/type_model.rs:370:5
    |
370 |     KeyOf,
    |     ^^^^^

warning: missing documentation for a variant
   --> crates/semantic/src/ir/semantic/type_model.rs:371:5
    |
371 |     TypeOf,
    |     ^^^^^^

warning: missing documentation for a variant
   --> crates/semantic/src/ir/semantic/type_model.rs:372:5
    |
372 |     IndexedAccess,
    |     ^^^^^^^^^^^^^

warning: missing documentation for a variant
   --> crates/semantic/src/ir/semantic/type_model.rs:373:5
    |
373 |     Conditional,
    |     ^^^^^^^^^^^

warning: missing documentation for a variant
   --> crates/semantic/src/ir/semantic/type_model.rs:374:5
    |
374 |     Mapped,
    |     ^^^^^^

warning: missing documentation for a variant
   --> crates/semantic/src/ir/semantic/type_model.rs:375:5
    |
375 |     Infer,
    |     ^^^^^

warning: missing documentation for a variant
   --> crates/semantic/src/ir/semantic/type_model.rs:376:5
    |
376 |     TemplateLiteral,
    |     ^^^^^^^^^^^^^^^

warning: missing documentation for a variant
   --> crates/semantic/src/ir/semantic/type_model.rs:377:5
    |
377 |     Import,
    |     ^^^^^^

warning: missing documentation for a variant
   --> crates/semantic/src/ir/semantic/type_model.rs:378:5
    |
378 |     Awaited,
    |     ^^^^^^^

warning: missing documentation for a variant
   --> crates/semantic/src/ir/semantic/type_model.rs:379:5
    |
379 |     This,
    |     ^^^^

warning: missing documentation for a variant
   --> crates/semantic/src/ir/semantic/type_model.rs:380:5
    |
380 |     Unknown,
    |     ^^^^^^^

warning: missing documentation for a variant
   --> crates/semantic/src/ir/semantic/type_model.rs:381:5
    |
381 |     ImplTrait,
    |     ^^^^^^^^^

warning: missing documentation for a variant
   --> crates/semantic/src/ir/semantic/type_model.rs:382:5
    |
382 |     DynTrait,
    |     ^^^^^^^^

warning: missing documentation for a variant
   --> crates/semantic/src/ir/semantic/type_model.rs:383:5
    |
383 |     Wildcard,
    |     ^^^^^^^^

warning: missing documentation for a variant
   --> crates/semantic/src/ir/semantic/type_model.rs:384:5
    |
384 |     Annotated,
    |     ^^^^^^^^^

warning: missing documentation for a variant
   --> crates/semantic/src/ir/semantic/type_model.rs:385:5
    |
385 |     Inferred,
    |     ^^^^^^^^

warning: missing documentation for a variant
   --> crates/semantic/src/ir/semantic/type_model.rs:386:5
    |
386 |     QualifiedPath,
    |     ^^^^^^^^^^^^^

warning: missing documentation for a variant
   --> crates/semantic/src/ir/semantic/type_model.rs:387:5
    |
387 |     Map,
    |     ^^^

warning: missing documentation for a variant
   --> crates/semantic/src/ir/semantic/type_model.rs:388:5
    |
388 |     Channel,
    |     ^^^^^^^

warning: missing documentation for a variant
   --> crates/semantic/src/ir/semantic/type_model.rs:389:5
    |
389 |     CxxReference,
    |     ^^^^^^^^^^^^

warning: missing documentation for a variant
   --> crates/semantic/src/ir/semantic/type_model.rs:390:5
    |
390 |     CPointer,
    |     ^^^^^^^^

warning: missing documentation for a variant
   --> crates/semantic/src/ir/semantic/type_model.rs:391:5
    |
391 |     CxxMemberPointer,
    |     ^^^^^^^^^^^^^^^^

warning: missing documentation for a variant
   --> crates/semantic/src/ir/semantic/type_model.rs:392:5
    |
392 |     CQualified,
    |     ^^^^^^^^^^

warning: missing documentation for a variant
   --> crates/semantic/src/ir/semantic/type_model.rs:393:5
    |
393 |     CBlockPointer,
    |     ^^^^^^^^^^^^^

warning: missing documentation for a variant
   --> crates/semantic/src/ir/semantic/type_model.rs:394:5
    |
394 |     NativeCharacter,
    |     ^^^^^^^^^^^^^^^

warning: missing documentation for a struct
   --> crates/semantic/src/ir/semantic/type_model.rs:399:1
    |
399 | pub struct TypeHeader {
    | ^^^^^^^^^^^^^^^^^^^^^

warning: missing documentation for a struct field
  --> crates/semantic/src/ir/semantic_data_view.rs:24:5
   |
24 |     pub atoms: u32,
   |     ^^^^^^^^^^^^^^

warning: missing documentation for a struct field
  --> crates/semantic/src/ir/semantic_data_view.rs:25:5
   |
25 |     pub products: u32,
   |     ^^^^^^^^^^^^^^^^^

warning: missing documentation for a struct field
  --> crates/semantic/src/ir/semantic_data_view.rs:26:5
   |
26 |     pub constructors: u32,
   |     ^^^^^^^^^^^^^^^^^^^^^

warning: missing documentation for a struct field
  --> crates/semantic/src/ir/semantic_data_view.rs:27:5
   |
27 |     pub lists: u32,
   |     ^^^^^^^^^^^^^^

warning: missing documentation for a struct field
  --> crates/semantic/src/ir/semantic_data_view.rs:28:5
   |
28 |     pub children: u32,
   |     ^^^^^^^^^^^^^^^^^

warning: missing documentation for a struct field
  --> crates/semantic/src/ir/semantic_data_view.rs:44:5
   |
44 |     pub role: ProductChildRole,
   |     ^^^^^^^^^^^^^^^^^^^^^^^^^^

warning: missing documentation for a struct field
  --> crates/semantic/src/ir/semantic_data_view.rs:45:5
   |
45 |     pub target: ProductRef,
   |     ^^^^^^^^^^^^^^^^^^^^^^

warning: missing documentation for a struct field
  --> crates/semantic/src/ir/semantic_data_view.rs:51:5
   |
51 |     pub ordinal: AtomId,
   |     ^^^^^^^^^^^^^^^^^^^

warning: missing documentation for a struct field
  --> crates/semantic/src/ir/semantic_data_view.rs:52:5
   |
52 |     pub atom: SemanticAtom<'fragment>,
   |     ^^^^^^^^^^^^^^^^^^^^^^^^^^^^^^^^^

warning: missing documentation for a method
   --> crates/semantic/src/ir/semantic_data_view.rs:103:5
    |
103 |     pub const fn counts(self) -> SemanticDataCounts {
    |     ^^^^^^^^^^^^^^^^^^^^^^^^^^^^^^^^^^^^^^^^^^^^^^^

warning: missing documentation for a struct field
  --> crates/semantic/src/ir/semantic_discovery.rs:17:5
   |
17 |     pub captured: usize,
   |     ^^^^^^^^^^^^^^^^^^^

warning: missing documentation for a struct field
  --> crates/semantic/src/ir/semantic_discovery.rs:18:5
   |
18 |     pub unavailable: usize,
   |     ^^^^^^^^^^^^^^^^^^^^^^

warning: missing documentation for a struct field
  --> crates/semantic/src/ir/semantic_discovery.rs:24:5
   |
24 |     pub unavailable: usize,
   |     ^^^^^^^^^^^^^^^^^^^^^^

warning: missing documentation for a struct field
  --> crates/semantic/src/ir/semantic_discovery.rs:25:5
   |
25 |     pub roots: usize,
   |     ^^^^^^^^^^^^^^^^

warning: missing documentation for a struct field
  --> crates/semantic/src/ir/semantic_discovery.rs:26:5
   |
26 |     pub bound: usize,
   |     ^^^^^^^^^^^^^^^^

warning: missing documentation for a struct field
  --> crates/semantic/src/ir/semantic_discovery.rs:27:5
   |
27 |     pub unrepresented_authority_owner: usize,
   |     ^^^^^^^^^^^^^^^^^^^^^^^^^^^^^^^^^^^^^^^^

warning: missing documentation for a struct field
  --> crates/semantic/src/ir/semantic_discovery.rs:33:5
   |
33 |     pub parentage: ParentageCensus,
   |     ^^^^^^^^^^^^^^^^^^^^^^^^^^^^^^

warning: missing documentation for a struct field
  --> crates/semantic/src/ir/semantic_discovery.rs:34:5
   |
34 |     pub source: AvailabilityCensus,
   |     ^^^^^^^^^^^^^^^^^^^^^^^^^^^^^^

warning: missing documentation for a struct field
  --> crates/semantic/src/ir/semantic_discovery.rs:35:5
   |
35 |     pub source_file: AvailabilityCensus,
   |     ^^^^^^^^^^^^^^^^^^^^^^^^^^^^^^^^^^^

warning: missing documentation for a struct field
  --> crates/semantic/src/ir/semantic_discovery.rs:36:5
   |
36 |     pub members: AvailabilityCensus,
   |     ^^^^^^^^^^^^^^^^^^^^^^^^^^^^^^^

warning: missing documentation for a struct field
  --> crates/semantic/src/ir/semantic_discovery.rs:37:5
   |
37 |     pub semantic_type: AvailabilityCensus,
   |     ^^^^^^^^^^^^^^^^^^^^^^^^^^^^^^^^^^^^^

warning: missing documentation for a struct field
  --> crates/semantic/src/ir/semantic_discovery.rs:38:5
   |
38 |     pub documentation: AvailabilityCensus,
   |     ^^^^^^^^^^^^^^^^^^^^^^^^^^^^^^^^^^^^^

warning: missing documentation for a struct field
  --> crates/semantic/src/ir/semantic_discovery.rs:39:5
   |
39 |     pub visibility: AvailabilityCensus,
   |     ^^^^^^^^^^^^^^^^^^^^^^^^^^^^^^^^^^

warning: missing documentation for a struct field
  --> crates/semantic/src/ir/semantic_discovery.rs:40:5
   |
40 |     pub attributes: AvailabilityCensus,
   |     ^^^^^^^^^^^^^^^^^^^^^^^^^^^^^^^^^^

warning: missing documentation for a struct field
  --> crates/semantic/src/ir/semantic_discovery.rs:41:5
   |
41 |     pub language_extension: AvailabilityCensus,
   |     ^^^^^^^^^^^^^^^^^^^^^^^^^^^^^^^^^^^^^^^^^^

warning: missing documentation for a struct field
  --> crates/semantic/src/ir/semantic_discovery.rs:47:5
   |
47 |     pub typescript: usize,
   |     ^^^^^^^^^^^^^^^^^^^^^

warning: missing documentation for a struct field
  --> crates/semantic/src/ir/semantic_discovery.rs:48:5
   |
48 |     pub csharp: usize,
   |     ^^^^^^^^^^^^^^^^^

warning: missing documentation for a struct field
  --> crates/semantic/src/ir/semantic_discovery.rs:49:5
   |
49 |     pub go: usize,
   |     ^^^^^^^^^^^^^

warning: missing documentation for a struct field
  --> crates/semantic/src/ir/semantic_discovery.rs:50:5
   |
50 |     pub rust: usize,
   |     ^^^^^^^^^^^^^^^

warning: missing documentation for a struct field
  --> crates/semantic/src/ir/semantic_discovery.rs:51:5
   |
51 |     pub python: usize,
   |     ^^^^^^^^^^^^^^^^^

warning: missing documentation for a struct field
  --> crates/semantic/src/ir/semantic_discovery.rs:52:5
   |
52 |     pub java: usize,
   |     ^^^^^^^^^^^^^^^

warning: missing documentation for a struct field
  --> crates/semantic/src/ir/semantic_discovery.rs:53:5
   |
53 |     pub clang: usize,
   |     ^^^^^^^^^^^^^^^^

warning: missing documentation for a struct field
  --> crates/semantic/src/ir/semantic_discovery.rs:62:5
   |
62 |     pub image: SemanticImageFacts,
   |     ^^^^^^^^^^^^^^^^^^^^^^^^^^^^^

warning: missing documentation for a struct field
  --> crates/semantic/src/ir/semantic_discovery.rs:63:5
   |
63 |     pub entities: usize,
   |     ^^^^^^^^^^^^^^^^^^^

warning: missing documentation for a struct field
  --> crates/semantic/src/ir/semantic_discovery.rs:64:5
   |
64 |     pub root_entities: usize,
   |     ^^^^^^^^^^^^^^^^^^^^^^^^

warning: missing documentation for a struct field
  --> crates/semantic/src/ir/semantic_discovery.rs:65:5
   |
65 |     pub typed_entities: usize,
   |     ^^^^^^^^^^^^^^^^^^^^^^^^^

warning: missing documentation for a struct field
  --> crates/semantic/src/ir/semantic_discovery.rs:66:5
   |
66 |     pub source_bound_entities: usize,
   |     ^^^^^^^^^^^^^^^^^^^^^^^^^^^^^^^^

warning: missing documentation for a struct field
  --> crates/semantic/src/ir/semantic_discovery.rs:67:5
   |
67 |     pub member_references: usize,
   |     ^^^^^^^^^^^^^^^^^^^^^^^^^^^^

warning: missing documentation for a struct field
  --> crates/semantic/src/ir/semantic_discovery.rs:68:5
   |
68 |     pub documentation_fragments: usize,
   |     ^^^^^^^^^^^^^^^^^^^^^^^^^^^^^^^^^^

warning: missing documentation for a struct field
  --> crates/semantic/src/ir/semantic_discovery.rs:69:5
   |
69 |     pub attribute_references: usize,
   |     ^^^^^^^^^^^^^^^^^^^^^^^^^^^^^^^

warning: missing documentation for a struct field
  --> crates/semantic/src/ir/semantic_discovery.rs:70:5
   |
70 |     pub types: usize,
   |     ^^^^^^^^^^^^^^^^

warning: missing documentation for a struct field
  --> crates/semantic/src/ir/semantic_discovery.rs:71:5
   |
71 |     pub external_targets: usize,
   |     ^^^^^^^^^^^^^^^^^^^^^^^^^^^

warning: missing documentation for a struct field
  --> crates/semantic/src/ir/semantic_discovery.rs:72:5
   |
72 |     pub links: usize,
   |     ^^^^^^^^^^^^^^^^

warning: missing documentation for a struct field
  --> crates/semantic/src/ir/semantic_discovery.rs:73:5
   |
73 |     pub link_occurrences: usize,
   |     ^^^^^^^^^^^^^^^^^^^^^^^^^^^

warning: missing documentation for a struct field
  --> crates/semantic/src/ir/semantic_discovery.rs:74:5
   |
74 |     pub occurrence_source_authority: AvailabilityCensus,
   |     ^^^^^^^^^^^^^^^^^^^^^^^^^^^^^^^^^^^^^^^^^^^^^^^^^^^

warning: missing documentation for a struct field
  --> crates/semantic/src/ir/semantic_discovery.rs:75:5
   |
75 |     pub language_extensions: LanguageExtensionCensus,
   |     ^^^^^^^^^^^^^^^^^^^^^^^^^^^^^^^^^^^^^^^^^^^^^^^^

warning: missing documentation for a struct field
  --> crates/semantic/src/ir/semantic_discovery.rs:76:5
   |
76 |     pub entity_authority: EntityAuthorityCensus,
   |     ^^^^^^^^^^^^^^^^^^^^^^^^^^^^^^^^^^^^^^^^^^^

warning: missing documentation for a variant
  --> crates/semantic/src/ir/semantic_discovery.rs:82:5
   |
82 |     Members(EntityListId),
   |     ^^^^^^^

warning: missing documentation for a variant
  --> crates/semantic/src/ir/semantic_discovery.rs:83:5
   |
83 |     Documentation(DocId),
   |     ^^^^^^^^^^^^^

warning: missing documentation for a variant
  --> crates/semantic/src/ir/semantic_discovery.rs:84:5
   |
84 |     Attributes(AtomListId),
   |     ^^^^^^^^^^

warning: missing documentation for a variant
  --> crates/semantic/src/ir/semantic_discovery.rs:85:5
   |
85 |     OccurrenceAuthority(crate::ir::LinkOccurrenceId),
   |     ^^^^^^^^^^^^^^^^^^^

warning: missing documentation for a struct field
  --> crates/semantic/src/ir/semantic_discovery.rs:91:5
   |
91 |     pub entity: Option<EntityId>,
   |     ^^^^^^^^^^^^^^^^^^^^^^^^^^^^

warning: missing documentation for a struct field
  --> crates/semantic/src/ir/semantic_discovery.rs:92:5
   |
92 |     pub reference: SemanticDiscoveryReference,
   |     ^^^^^^^^^^^^^^^^^^^^^^^^^^^^^^^^^^^^^^^^^

warning: missing documentation for a struct field
   --> crates/semantic/src/ir/semantic_discovery.rs:110:5
    |
110 |     pub reader: &'image Reader,
    |     ^^^^^^^^^^^^^^^^^^^^^^^^^^

warning: missing documentation for a variant
  --> crates/semantic/src/ir/semantic_extension_section.rs:30:5
   |
30 |     TypeScript = 1,
   |     ^^^^^^^^^^

warning: missing documentation for a variant
  --> crates/semantic/src/ir/semantic_extension_section.rs:31:5
   |
31 |     CSharp = 2,
   |     ^^^^^^

warning: missing documentation for a variant
  --> crates/semantic/src/ir/semantic_extension_section.rs:32:5
   |
32 |     Go = 3,
   |     ^^

warning: missing documentation for a variant
  --> crates/semantic/src/ir/semantic_extension_section.rs:33:5
   |
33 |     Rust = 4,
   |     ^^^^

warning: missing documentation for a variant
  --> crates/semantic/src/ir/semantic_extension_section.rs:34:5
   |
34 |     Python = 5,
   |     ^^^^^^

warning: missing documentation for a variant
  --> crates/semantic/src/ir/semantic_extension_section.rs:35:5
   |
35 |     Java = 6,
   |     ^^^^

warning: missing documentation for a variant
  --> crates/semantic/src/ir/semantic_extension_section.rs:36:5
   |
36 |     Clang = 7,
   |     ^^^^^

warning: missing documentation for a struct field
  --> crates/semantic/src/ir/semantic_extension_section.rs:89:5
   |
89 |     pub atoms: u32,
   |     ^^^^^^^^^^^^^^

warning: missing documentation for a struct field
  --> crates/semantic/src/ir/semantic_extension_section.rs:90:5
   |
90 |     pub types: u32,
   |     ^^^^^^^^^^^^^^

warning: missing documentation for a struct field
  --> crates/semantic/src/ir/semantic_extension_section.rs:91:5
   |
91 |     pub entities: u32,
   |     ^^^^^^^^^^^^^^^^^

warning: missing documentation for a struct field
  --> crates/semantic/src/ir/semantic_extension_section.rs:92:5
   |
92 |     pub type_lists: u32,
   |     ^^^^^^^^^^^^^^^^^^^

warning: missing documentation for a struct field
  --> crates/semantic/src/ir/semantic_extension_section.rs:93:5
   |
93 |     pub entity_lists: u32,
   |     ^^^^^^^^^^^^^^^^^^^^^

warning: missing documentation for a struct field
  --> crates/semantic/src/ir/semantic_extension_section.rs:94:5
   |
94 |     pub atom_lists: u32,
   |     ^^^^^^^^^^^^^^^^^^^

warning: missing documentation for a variant
   --> crates/semantic/src/ir/semantic_extension_section.rs:126:5
    |
126 |     OutputTooShort {
    |     ^^^^^^^^^^^^^^

warning: missing documentation for a struct field
   --> crates/semantic/src/ir/semantic_extension_section.rs:127:9
    |
127 |         required: usize,
    |         ^^^^^^^^^^^^^^^

warning: missing documentation for a struct field
   --> crates/semantic/src/ir/semantic_extension_section.rs:128:9
    |
128 |         actual: usize,
    |         ^^^^^^^^^^^^^

warning: missing documentation for a variant
   --> crates/semantic/src/ir/semantic_extension_section.rs:130:5
    |
130 |     OutputRange {
    |     ^^^^^^^^^^^

warning: missing documentation for a struct field
   --> crates/semantic/src/ir/semantic_extension_section.rs:131:9
    |
131 |         offset: usize,
    |         ^^^^^^^^^^^^^

warning: missing documentation for a struct field
   --> crates/semantic/src/ir/semantic_extension_section.rs:132:9
    |
132 |         width: usize,
    |         ^^^^^^^^^^^^

warning: missing documentation for a struct field
   --> crates/semantic/src/ir/semantic_extension_section.rs:133:9
    |
133 |         actual: usize,
    |         ^^^^^^^^^^^^^

warning: missing documentation for a variant
   --> crates/semantic/src/ir/semantic_extension_section.rs:135:5
    |
135 |     RowCountMismatch {
    |     ^^^^^^^^^^^^^^^^

warning: missing documentation for a struct field
   --> crates/semantic/src/ir/semantic_extension_section.rs:136:9
    |
136 |         expected: usize,
    |         ^^^^^^^^^^^^^^^

warning: missing documentation for a struct field
   --> crates/semantic/src/ir/semantic_extension_section.rs:137:9
    |
137 |         observed: usize,
    |         ^^^^^^^^^^^^^^^

warning: missing documentation for a variant
   --> crates/semantic/src/ir/semantic_extension_section.rs:139:5
    |
139 |     OrdinalCountMismatch {
    |     ^^^^^^^^^^^^^^^^^^^^

warning: missing documentation for a struct field
   --> crates/semantic/src/ir/semantic_extension_section.rs:140:9
    |
140 |         rows: usize,
    |         ^^^^^^^^^^^

warning: missing documentation for a struct field
   --> crates/semantic/src/ir/semantic_extension_section.rs:141:9
    |
141 |         ordinals: usize,
    |         ^^^^^^^^^^^^^^^

warning: missing documentation for a struct field
   --> crates/semantic/src/ir/semantic_extension_section.rs:142:9
    |
142 |         facts: usize,
    |         ^^^^^^^^^^^^

warning: missing documentation for a variant
   --> crates/semantic/src/ir/semantic_extension_section.rs:144:5
    |
144 |     FactOrdinal {
    |     ^^^^^^^^^^^

warning: missing documentation for a struct field
   --> crates/semantic/src/ir/semantic_extension_section.rs:145:9
    |
145 |         plane: LanguageExtensionDirectoryKind,
    |         ^^^^^^^^^^^^^^^^^^^^^^^^^^^^^^^^^^^^^

warning: missing documentation for a struct field
   --> crates/semantic/src/ir/semantic_extension_section.rs:146:9
    |
146 |         row: u32,
    |         ^^^^^^^^

warning: missing documentation for a struct field
   --> crates/semantic/src/ir/semantic_extension_section.rs:147:9
    |
147 |         fact: u32,
    |         ^^^^^^^^^

warning: missing documentation for a struct field
   --> crates/semantic/src/ir/semantic_extension_section.rs:148:9
    |
148 |         fact_count: usize,
    |         ^^^^^^^^^^^^^^^^^

warning: missing documentation for a variant
   --> crates/semantic/src/ir/semantic_extension_section.rs:150:5
    |
150 |     LengthOverflow,
    |     ^^^^^^^^^^^^^^

warning: missing documentation for a variant
   --> crates/semantic/src/ir/semantic_extension_section.rs:166:5
    |
166 |     Magic {
    |     ^^^^^

warning: missing documentation for a struct field
   --> crates/semantic/src/ir/semantic_extension_section.rs:167:9
    |
167 |         observed: [u8; 4],
    |         ^^^^^^^^^^^^^^^^^

warning: missing documentation for a variant
   --> crates/semantic/src/ir/semantic_extension_section.rs:169:5
    |
169 |     Schema {
    |     ^^^^^^

warning: missing documentation for a struct field
   --> crates/semantic/src/ir/semantic_extension_section.rs:170:9
    |
170 |         observed: u16,
    |         ^^^^^^^^^^^^^

warning: missing documentation for a variant
   --> crates/semantic/src/ir/semantic_extension_section.rs:172:5
    |
172 |     Length {
    |     ^^^^^^

warning: missing documentation for a struct field
   --> crates/semantic/src/ir/semantic_extension_section.rs:173:9
    |
173 |         claimed: u32,
    |         ^^^^^^^^^^^^

warning: missing documentation for a struct field
   --> crates/semantic/src/ir/semantic_extension_section.rs:174:9
    |
174 |         actual: usize,
    |         ^^^^^^^^^^^^^

warning: missing documentation for a variant
   --> crates/semantic/src/ir/semantic_extension_section.rs:176:5
    |
176 |     Authority {
    |     ^^^^^^^^^

warning: missing documentation for a struct field
   --> crates/semantic/src/ir/semantic_extension_section.rs:177:9
    |
177 |         expected: SemanticImageAuthority,
    |         ^^^^^^^^^^^^^^^^^^^^^^^^^^^^^^^^

warning: missing documentation for a struct field
   --> crates/semantic/src/ir/semantic_extension_section.rs:178:9
    |
178 |         observed: [u8; 3],
    |         ^^^^^^^^^^^^^^^^^

warning: missing documentation for a variant
   --> crates/semantic/src/ir/semantic_extension_section.rs:180:5
    |
180 |     AuthorityTag {
    |     ^^^^^^^^^^^^

warning: missing documentation for a struct field
   --> crates/semantic/src/ir/semantic_extension_section.rs:181:9
    |
181 |         observed: u8,
    |         ^^^^^^^^^^^^

warning: missing documentation for a variant
   --> crates/semantic/src/ir/semantic_extension_section.rs:183:5
    |
183 |     Profile {
    |     ^^^^^^^

warning: missing documentation for a struct field
   --> crates/semantic/src/ir/semantic_extension_section.rs:184:9
    |
184 |         source: crate::vocabulary::UnknownLanguageProfile,
    |         ^^^^^^^^^^^^^^^^^^^^^^^^^^^^^^^^^^^^^^^^^^^^^^^^^

warning: missing documentation for a variant
   --> crates/semantic/src/ir/semantic_extension_section.rs:186:5
    |
186 |     PlaneCount {
    |     ^^^^^^^^^^

warning: missing documentation for a struct field
   --> crates/semantic/src/ir/semantic_extension_section.rs:187:9
    |
187 |         expected: u8,
    |         ^^^^^^^^^^^^

warning: missing documentation for a struct field
   --> crates/semantic/src/ir/semantic_extension_section.rs:188:9
    |
188 |         observed: u8,
    |         ^^^^^^^^^^^^

warning: missing documentation for a variant
   --> crates/semantic/src/ir/semantic_extension_section.rs:190:5
    |
190 |     Reserved {
    |     ^^^^^^^^

warning: missing documentation for a struct field
   --> crates/semantic/src/ir/semantic_extension_section.rs:191:9
    |
191 |         offset: usize,
    |         ^^^^^^^^^^^^^

warning: missing documentation for a struct field
   --> crates/semantic/src/ir/semantic_extension_section.rs:192:9
    |
192 |         observed: u8,
    |         ^^^^^^^^^^^^

warning: missing documentation for a variant
   --> crates/semantic/src/ir/semantic_extension_section.rs:194:5
    |
194 |     ProfilePlane {
    |     ^^^^^^^^^^^^

warning: missing documentation for a struct field
   --> crates/semantic/src/ir/semantic_extension_section.rs:195:9
    |
195 |         authority: SemanticImageAuthority,
    |         ^^^^^^^^^^^^^^^^^^^^^^^^^^^^^^^^^

warning: missing documentation for a struct field
   --> crates/semantic/src/ir/semantic_extension_section.rs:196:9
    |
196 |         kind: LanguageExtensionDirectoryKind,
    |         ^^^^^^^^^^^^^^^^^^^^^^^^^^^^^^^^^^^^

warning: missing documentation for a struct field
   --> crates/semantic/src/ir/semantic_extension_section.rs:197:9
    |
197 |         facts: u32,
    |         ^^^^^^^^^^

warning: missing documentation for a variant
   --> crates/semantic/src/ir/semantic_extension_section.rs:199:5
    |
199 |     DirectoryKind {
    |     ^^^^^^^^^^^^^

warning: missing documentation for a struct field
   --> crates/semantic/src/ir/semantic_extension_section.rs:200:9
    |
200 |         expected: LanguageExtensionDirectoryKind,
    |         ^^^^^^^^^^^^^^^^^^^^^^^^^^^^^^^^^^^^^^^^

warning: missing documentation for a struct field
   --> crates/semantic/src/ir/semantic_extension_section.rs:201:9
    |
201 |         observed: u8,
    |         ^^^^^^^^^^^^

warning: missing documentation for a variant
   --> crates/semantic/src/ir/semantic_extension_section.rs:203:5
    |
203 |     DirectoryOffset {
    |     ^^^^^^^^^^^^^^^

warning: missing documentation for a struct field
   --> crates/semantic/src/ir/semantic_extension_section.rs:204:9
    |
204 |         kind: LanguageExtensionDirectoryKind,
    |         ^^^^^^^^^^^^^^^^^^^^^^^^^^^^^^^^^^^^

warning: missing documentation for a struct field
   --> crates/semantic/src/ir/semantic_extension_section.rs:205:9
    |
205 |         expected: u32,
    |         ^^^^^^^^^^^^^

warning: missing documentation for a struct field
   --> crates/semantic/src/ir/semantic_extension_section.rs:206:9
    |
206 |         observed: u32,
    |         ^^^^^^^^^^^^^

warning: missing documentation for a variant
   --> crates/semantic/src/ir/semantic_extension_section.rs:208:5
    |
208 |     DirectoryLength {
    |     ^^^^^^^^^^^^^^^

warning: missing documentation for a struct field
   --> crates/semantic/src/ir/semantic_extension_section.rs:209:9
    |
209 |         kind: LanguageExtensionDirectoryKind,
    |         ^^^^^^^^^^^^^^^^^^^^^^^^^^^^^^^^^^^^

warning: missing documentation for a struct field
   --> crates/semantic/src/ir/semantic_extension_section.rs:210:9
    |
210 |         expected: u32,
    |         ^^^^^^^^^^^^^

warning: missing documentation for a struct field
   --> crates/semantic/src/ir/semantic_extension_section.rs:211:9
    |
211 |         observed: u32,
    |         ^^^^^^^^^^^^^

warning: missing documentation for a variant
   --> crates/semantic/src/ir/semantic_extension_section.rs:213:5
    |
213 |     StructuralOverflow {
    |     ^^^^^^^^^^^^^^^^^^

warning: missing documentation for a struct field
   --> crates/semantic/src/ir/semantic_extension_section.rs:214:9
    |
214 |         offset: usize,
    |         ^^^^^^^^^^^^^

warning: missing documentation for a variant
   --> crates/semantic/src/ir/semantic_extension_section.rs:216:5
    |
216 |     EntityRows {
    |     ^^^^^^^^^^

warning: missing documentation for a struct field
   --> crates/semantic/src/ir/semantic_extension_section.rs:217:9
    |
217 |         expected: u32,
    |         ^^^^^^^^^^^^^

warning: missing documentation for a struct field
   --> crates/semantic/src/ir/semantic_extension_section.rs:218:9
    |
218 |         observed: u32,
    |         ^^^^^^^^^^^^^

warning: missing documentation for a variant
   --> crates/semantic/src/ir/semantic_extension_section.rs:220:5
    |
220 |     Ordinal {
    |     ^^^^^^^

warning: missing documentation for a struct field
   --> crates/semantic/src/ir/semantic_extension_section.rs:221:9
    |
221 |         kind: LanguageExtensionDirectoryKind,
    |         ^^^^^^^^^^^^^^^^^^^^^^^^^^^^^^^^^^^^

warning: missing documentation for a struct field
   --> crates/semantic/src/ir/semantic_extension_section.rs:222:9
    |
222 |         row: u32,
    |         ^^^^^^^^

warning: missing documentation for a struct field
   --> crates/semantic/src/ir/semantic_extension_section.rs:223:9
    |
223 |         raw: u32,
    |         ^^^^^^^^

warning: missing documentation for a struct field
   --> crates/semantic/src/ir/semantic_extension_section.rs:224:9
    |
224 |         facts: u32,
    |         ^^^^^^^^^^

warning: missing documentation for a variant
   --> crates/semantic/src/ir/semantic_extension_section.rs:226:5
    |
226 |     CanonicalFact {
    |     ^^^^^^^^^^^^^

warning: missing documentation for a struct field
   --> crates/semantic/src/ir/semantic_extension_section.rs:227:9
    |
227 |         kind: LanguageExtensionDirectoryKind,
    |         ^^^^^^^^^^^^^^^^^^^^^^^^^^^^^^^^^^^^

warning: missing documentation for a struct field
   --> crates/semantic/src/ir/semantic_extension_section.rs:228:9
    |
228 |         fact: u32,
    |         ^^^^^^^^^

warning: missing documentation for a struct field
   --> crates/semantic/src/ir/semantic_extension_section.rs:234:9
    |
234 |         kind: LanguageExtensionDirectoryKind,
    |         ^^^^^^^^^^^^^^^^^^^^^^^^^^^^^^^^^^^^

warning: missing documentation for a struct field
   --> crates/semantic/src/ir/semantic_extension_section.rs:235:9
    |
235 |         row: u32,
    |         ^^^^^^^^

warning: missing documentation for a struct field
   --> crates/semantic/src/ir/semantic_extension_section.rs:236:9
    |
236 |         fact: u32,
    |         ^^^^^^^^^

warning: missing documentation for a variant
   --> crates/semantic/src/ir/semantic_extension_section.rs:238:5
    |
238 |     SharedReference {
    |     ^^^^^^^^^^^^^^^

warning: missing documentation for a struct field
   --> crates/semantic/src/ir/semantic_extension_section.rs:239:9
    |
239 |         kind: LanguageExtensionDirectoryKind,
    |         ^^^^^^^^^^^^^^^^^^^^^^^^^^^^^^^^^^^^

warning: missing documentation for a struct field
   --> crates/semantic/src/ir/semantic_extension_section.rs:240:9
    |
240 |         fact: u32,
    |         ^^^^^^^^^

warning: missing documentation for a struct field
   --> crates/semantic/src/ir/semantic_extension_section.rs:241:9
    |
241 |         raw: u32,
    |         ^^^^^^^^

warning: missing documentation for a struct field
   --> crates/semantic/src/ir/semantic_extension_section.rs:242:9
    |
242 |         limit: u32,
    |         ^^^^^^^^^^

warning: missing documentation for a variant
   --> crates/semantic/src/ir/semantic_extension_section.rs:244:5
    |
244 |     FactEncoding {
    |     ^^^^^^^^^^^^

warning: missing documentation for a struct field
   --> crates/semantic/src/ir/semantic_extension_section.rs:245:9
    |
245 |         kind: LanguageExtensionDirectoryKind,
    |         ^^^^^^^^^^^^^^^^^^^^^^^^^^^^^^^^^^^^

warning: missing documentation for a struct field
   --> crates/semantic/src/ir/semantic_extension_section.rs:246:9
    |
246 |         fact: u32,
    |         ^^^^^^^^^

warning: missing documentation for a struct field
   --> crates/semantic/src/ir/semantic_extension_section.rs:247:9
    |
247 |         word: u8,
    |         ^^^^^^^^

warning: missing documentation for a struct field
   --> crates/semantic/src/ir/semantic_extension_section.rs:248:9
    |
248 |         observed: u32,
    |         ^^^^^^^^^^^^^

warning: missing documentation for a variant
   --> crates/semantic/src/ir/semantic_extension_section.rs:250:5
    |
250 |     SourceSpanEncoding {
    |     ^^^^^^^^^^^^^^^^^^

warning: missing documentation for a struct field
   --> crates/semantic/src/ir/semantic_extension_section.rs:251:9
    |
251 |         kind: LanguageExtensionDirectoryKind,
    |         ^^^^^^^^^^^^^^^^^^^^^^^^^^^^^^^^^^^^

warning: missing documentation for a struct field
   --> crates/semantic/src/ir/semantic_extension_section.rs:252:9
    |
252 |         fact: u32,
    |         ^^^^^^^^^

warning: missing documentation for a struct field
   --> crates/semantic/src/ir/semantic_extension_section.rs:253:9
    |
253 |         file: u32,
    |         ^^^^^^^^^

warning: missing documentation for a struct field
   --> crates/semantic/src/ir/semantic_extension_section.rs:254:9
    |
254 |         start: u32,
    |         ^^^^^^^^^^

warning: missing documentation for a struct field
   --> crates/semantic/src/ir/semantic_extension_section.rs:255:9
    |
255 |         end: u32,
    |         ^^^^^^^^

warning: missing documentation for a variant
   --> crates/semantic/src/ir/semantic_extension_section.rs:257:5
    |
257 |     DecodedFact {
    |     ^^^^^^^^^^^

warning: missing documentation for a struct field
   --> crates/semantic/src/ir/semantic_extension_section.rs:258:9
    |
258 |         row: u32,
    |         ^^^^^^^^

warning: missing documentation for a struct field
   --> crates/semantic/src/ir/semantic_extension_section.rs:259:9
    |
259 |         fact: u32,
    |         ^^^^^^^^^

warning: missing documentation for a variant
   --> crates/semantic/src/ir/semantic_extension_section.rs:261:5
    |
261 |     Truncated,
    |     ^^^^^^^^^

warning: missing documentation for a struct field
   --> crates/semantic/src/ir/semantic_extension_section.rs:274:5
    |
274 |     pub bytes: &'wire [u8],
    |     ^^^^^^^^^^^^^^^^^^^^^^

warning: missing documentation for a struct field
   --> crates/semantic/src/ir/semantic_extension_section.rs:275:5
    |
275 |     pub authority: SemanticImageAuthority,
    |     ^^^^^^^^^^^^^^^^^^^^^^^^^^^^^^^^^^^^^

warning: missing documentation for a struct field
   --> crates/semantic/src/ir/semantic_extension_section.rs:276:5
    |
276 |     pub entity_rows: u32,
    |     ^^^^^^^^^^^^^^^^^^^^

warning: missing documentation for a struct field
   --> crates/semantic/src/ir/semantic_extension_section.rs:277:5
    |
277 |     pub typescript: ReopenedLanguageExtensionColumn<'wire, crate::ir::TypeScriptFacts>,
    |     ^^^^^^^^^^^^^^^^^^^^^^^^^^^^^^^^^^^^^^^^^^^^^^^^^^^^^^^^^^^^^^^^^^^^^^^^^^^^^^^^^^

warning: missing documentation for a struct field
   --> crates/semantic/src/ir/semantic_extension_section.rs:278:5
    |
278 |     pub csharp: ReopenedLanguageExtensionColumn<'wire, crate::ir::CSharpFacts>,
    |     ^^^^^^^^^^^^^^^^^^^^^^^^^^^^^^^^^^^^^^^^^^^^^^^^^^^^^^^^^^^^^^^^^^^^^^^^^^

warning: missing documentation for a struct field
   --> crates/semantic/src/ir/semantic_extension_section.rs:279:5
    |
279 |     pub go: ReopenedLanguageExtensionColumn<'wire, crate::ir::GoFacts>,
    |     ^^^^^^^^^^^^^^^^^^^^^^^^^^^^^^^^^^^^^^^^^^^^^^^^^^^^^^^^^^^^^^^^^^

warning: missing documentation for a struct field
   --> crates/semantic/src/ir/semantic_extension_section.rs:280:5
    |
280 |     pub rust: ReopenedLanguageExtensionColumn<'wire, crate::ir::RustFacts>,
    |     ^^^^^^^^^^^^^^^^^^^^^^^^^^^^^^^^^^^^^^^^^^^^^^^^^^^^^^^^^^^^^^^^^^^^^^

warning: missing documentation for a struct field
   --> crates/semantic/src/ir/semantic_extension_section.rs:281:5
    |
281 |     pub python: ReopenedLanguageExtensionColumn<'wire, crate::ir::PythonFacts>,
    |     ^^^^^^^^^^^^^^^^^^^^^^^^^^^^^^^^^^^^^^^^^^^^^^^^^^^^^^^^^^^^^^^^^^^^^^^^^^

warning: missing documentation for a struct field
   --> crates/semantic/src/ir/semantic_extension_section.rs:282:5
    |
282 |     pub java: ReopenedLanguageExtensionColumn<'wire, crate::ir::JavaFacts>,
    |     ^^^^^^^^^^^^^^^^^^^^^^^^^^^^^^^^^^^^^^^^^^^^^^^^^^^^^^^^^^^^^^^^^^^^^^

warning: missing documentation for a struct field
   --> crates/semantic/src/ir/semantic_extension_section.rs:283:5
    |
283 |     pub clang: ReopenedLanguageExtensionColumn<'wire, crate::ir::ClangFacts>,
    |     ^^^^^^^^^^^^^^^^^^^^^^^^^^^^^^^^^^^^^^^^^^^^^^^^^^^^^^^^^^^^^^^^^^^^^^^^

warning: missing documentation for a struct
   --> crates/semantic/src/ir/semantic_extension_section.rs:295:1
    |
295 | pub struct ReopenedLanguageExtensionColumn<'wire, Facts> {
    | ^^^^^^^^^^^^^^^^^^^^^^^^^^^^^^^^^^^^^^^^^^^^^^^^^^^^^^^^

warning: missing documentation for a trait
   --> crates/semantic/src/ir/semantic_extension_section.rs:305:1
    |
305 | pub trait LanguageExtensionWireFact: Copy + wire_fact_sealed::Sealed {
    | ^^^^^^^^^^^^^^^^^^^^^^^^^^^^^^^^^^^^^^^^^^^^^^^^^^^^^^^^^^^^^^^^^^^^

warning: missing documentation for a method
   --> crates/semantic/src/ir/semantic_extension_section.rs:313:5
    |
313 | /     pub fn get(
314 | |         self,
315 | |         entity: crate::ir::EntityId,
316 | |     ) -> Result<Option<Facts>, LanguageExtensionReopenError> {
    | |____________________________________________________________^

warning: missing documentation for a variant
  --> crates/semantic/src/ir/semantic_facts.rs:52:5
   |
52 |     Owner {
   |     ^^^^^

warning: missing documentation for a struct field
  --> crates/semantic/src/ir/semantic_facts.rs:53:9
   |
53 |         ordinal: u32,
   |         ^^^^^^^^^^^^

warning: missing documentation for a struct field
  --> crates/semantic/src/ir/semantic_facts.rs:54:9
   |
54 |         owner: EntityId,
   |         ^^^^^^^^^^^^^^^

warning: missing documentation for a struct field
  --> crates/semantic/src/ir/semantic_facts.rs:55:9
   |
55 |         entity_count: u32,
   |         ^^^^^^^^^^^^^^^^^

warning: missing documentation for a variant
  --> crates/semantic/src/ir/semantic_facts.rs:60:5
   |
60 |     LocalTarget {
   |     ^^^^^^^^^^^

warning: missing documentation for a struct field
  --> crates/semantic/src/ir/semantic_facts.rs:61:9
   |
61 |         ordinal: u32,
   |         ^^^^^^^^^^^^

warning: missing documentation for a struct field
  --> crates/semantic/src/ir/semantic_facts.rs:62:9
   |
62 |         target: u32,
   |         ^^^^^^^^^^^

warning: missing documentation for a struct field
  --> crates/semantic/src/ir/semantic_facts.rs:63:9
   |
63 |         entity_count: u32,
   |         ^^^^^^^^^^^^^^^^^

warning: missing documentation for a variant
  --> crates/semantic/src/ir/semantic_facts.rs:66:5
   |
66 |     TargetTag { ordinal: u32, actual: u8 },
   |     ^^^^^^^^^

warning: missing documentation for a struct field
  --> crates/semantic/src/ir/semantic_facts.rs:66:17
   |
66 |     TargetTag { ordinal: u32, actual: u8 },
   |                 ^^^^^^^^^^^^

warning: missing documentation for a struct field
  --> crates/semantic/src/ir/semantic_facts.rs:66:31
   |
66 |     TargetTag { ordinal: u32, actual: u8 },
   |                               ^^^^^^^^^^

warning: missing documentation for a variant
  --> crates/semantic/src/ir/semantic_facts.rs:68:5
   |
68 |     OriginTag { ordinal: u32, actual: u8 },
   |     ^^^^^^^^^

warning: missing documentation for a struct field
  --> crates/semantic/src/ir/semantic_facts.rs:68:17
   |
68 |     OriginTag { ordinal: u32, actual: u8 },
   |                 ^^^^^^^^^^^^

warning: missing documentation for a struct field
  --> crates/semantic/src/ir/semantic_facts.rs:68:31
   |
68 |     OriginTag { ordinal: u32, actual: u8 },
   |                               ^^^^^^^^^^

warning: missing documentation for a variant
  --> crates/semantic/src/ir/semantic_facts.rs:70:5
   |
70 |     ReferenceKind { ordinal: u32, actual: u8 },
   |     ^^^^^^^^^^^^^

warning: missing documentation for a struct field
  --> crates/semantic/src/ir/semantic_facts.rs:70:21
   |
70 |     ReferenceKind { ordinal: u32, actual: u8 },
   |                     ^^^^^^^^^^^^

warning: missing documentation for a struct field
  --> crates/semantic/src/ir/semantic_facts.rs:70:35
   |
70 |     ReferenceKind { ordinal: u32, actual: u8 },
   |                                   ^^^^^^^^^^

warning: missing documentation for a variant
  --> crates/semantic/src/ir/semantic_facts.rs:72:5
   |
72 |     Confidence { ordinal: u32, actual: u8 },
   |     ^^^^^^^^^^

warning: missing documentation for a struct field
  --> crates/semantic/src/ir/semantic_facts.rs:72:18
   |
72 |     Confidence { ordinal: u32, actual: u8 },
   |                  ^^^^^^^^^^^^

warning: missing documentation for a struct field
  --> crates/semantic/src/ir/semantic_facts.rs:72:32
   |
72 |     Confidence { ordinal: u32, actual: u8 },
   |                                ^^^^^^^^^^

warning: missing documentation for a variant
  --> crates/semantic/src/ir/semantic_facts.rs:74:5
   |
74 |     Span { ordinal: u32, start: u32, end: u32 },
   |     ^^^^

warning: missing documentation for a struct field
  --> crates/semantic/src/ir/semantic_facts.rs:74:12
   |
74 |     Span { ordinal: u32, start: u32, end: u32 },
   |            ^^^^^^^^^^^^

warning: missing documentation for a struct field
  --> crates/semantic/src/ir/semantic_facts.rs:74:26
   |
74 |     Span { ordinal: u32, start: u32, end: u32 },
   |                          ^^^^^^^^^^

warning: missing documentation for a struct field
  --> crates/semantic/src/ir/semantic_facts.rs:74:38
   |
74 |     Span { ordinal: u32, start: u32, end: u32 },
   |                                      ^^^^^^^^

warning: missing documentation for a variant
  --> crates/semantic/src/ir/semantic_facts.rs:76:5
   |
76 |     KindCell { ordinal: u32, actual: u16 },
   |     ^^^^^^^^

warning: missing documentation for a struct field
  --> crates/semantic/src/ir/semantic_facts.rs:76:16
   |
76 |     KindCell { ordinal: u32, actual: u16 },
   |                ^^^^^^^^^^^^

warning: missing documentation for a struct field
  --> crates/semantic/src/ir/semantic_facts.rs:76:30
   |
76 |     KindCell { ordinal: u32, actual: u16 },
   |                              ^^^^^^^^^^^

warning: missing documentation for a variant
  --> crates/semantic/src/ir/semantic_facts.rs:78:5
   |
78 |     EmptyPath { ordinal: u32 },
   |     ^^^^^^^^^

warning: missing documentation for a struct field
  --> crates/semantic/src/ir/semantic_facts.rs:78:17
   |
78 |     EmptyPath { ordinal: u32 },
   |                 ^^^^^^^^^^^^

warning: missing documentation for a variant
  --> crates/semantic/src/ir/semantic_facts.rs:80:5
   |
80 |     Truncated { ordinal: u32, needed: usize },
   |     ^^^^^^^^^

warning: missing documentation for a struct field
  --> crates/semantic/src/ir/semantic_facts.rs:80:17
   |
80 |     Truncated { ordinal: u32, needed: usize },
   |                 ^^^^^^^^^^^^

warning: missing documentation for a struct field
  --> crates/semantic/src/ir/semantic_facts.rs:80:31
   |
80 |     Truncated { ordinal: u32, needed: usize },
   |                               ^^^^^^^^^^^^^

warning: missing documentation for a variant
  --> crates/semantic/src/ir/semantic_facts.rs:82:5
   |
82 |     TrailingBytes { declared: u32 },
   |     ^^^^^^^^^^^^^

warning: missing documentation for a struct field
  --> crates/semantic/src/ir/semantic_facts.rs:82:21
   |
82 |     TrailingBytes { declared: u32 },
   |                     ^^^^^^^^^^^^^

warning: missing documentation for a variant
  --> crates/semantic/src/ir/semantic_facts.rs:86:5
   |
86 |     LegacyStableTarget { ordinal: u32, schema: u16 },
   |     ^^^^^^^^^^^^^^^^^^

warning: missing documentation for a struct field
  --> crates/semantic/src/ir/semantic_facts.rs:86:26
   |
86 |     LegacyStableTarget { ordinal: u32, schema: u16 },
   |                          ^^^^^^^^^^^^

warning: missing documentation for a struct field
  --> crates/semantic/src/ir/semantic_facts.rs:86:40
   |
86 |     LegacyStableTarget { ordinal: u32, schema: u16 },
   |                                        ^^^^^^^^^^^

warning: missing documentation for a variant
  --> crates/semantic/src/ir/semantic_facts.rs:88:5
   |
88 |     Authority(#[from] ContentIdDecodeError),
   |     ^^^^^^^^^

warning: missing documentation for a struct field
   --> crates/semantic/src/ir/semantic_generation.rs:961:28
    |
961 |     PayloadCountMismatch { expected: usize, observed: usize },
    |                            ^^^^^^^^^^^^^^^

warning: missing documentation for a struct field
   --> crates/semantic/src/ir/semantic_generation.rs:961:45
    |
961 |     PayloadCountMismatch { expected: usize, observed: usize },
    |                                             ^^^^^^^^^^^^^^^

warning: missing documentation for a struct field
   --> crates/semantic/src/ir/semantic_generation.rs:972:40
    |
972 |     VerificationAdapterLimitExceeded { estimated: usize, maximum: usize },
    |                                        ^^^^^^^^^^^^^^^^

warning: missing documentation for a struct field
   --> crates/semantic/src/ir/semantic_generation.rs:972:58
    |
972 |     VerificationAdapterLimitExceeded { estimated: usize, maximum: usize },
    |                                                          ^^^^^^^^^^^^^^

warning: missing documentation for a struct field
   --> crates/semantic/src/ir/semantic_generation.rs:978:31
    |
978 |     InventoryFamilyMismatch { index: usize },
    |                               ^^^^^^^^^^^^

warning: missing documentation for a struct field
   --> crates/semantic/src/ir/semantic_generation.rs:981:32
    |
981 |     InventorySegmentMismatch { index: usize },
    |                                ^^^^^^^^^^^^

warning: missing documentation for a struct field
    --> crates/semantic/src/ir/semantic_generation.rs:1000:9
     |
1000 |         index: usize,
     |         ^^^^^^^^^^^^

warning: missing documentation for a struct field
    --> crates/semantic/src/ir/semantic_generation.rs:1001:9
     |
1001 |         expected: SemanticIrPlane,
     |         ^^^^^^^^^^^^^^^^^^^^^^^^^

warning: missing documentation for a struct field
    --> crates/semantic/src/ir/semantic_generation.rs:1002:9
     |
1002 |         observed: SemanticIrPlane,
     |         ^^^^^^^^^^^^^^^^^^^^^^^^^

warning: missing documentation for a struct field
    --> crates/semantic/src/ir/semantic_generation.rs:1006:31
     |
1006 |     ImageFactsBuildMismatch { field: &'static str },
     |                               ^^^^^^^^^^^^^^^^^^^

warning: missing documentation for a variant
 --> crates/semantic/src/ir/semantic_image/fault.rs:9:5
  |
9 |     Header,
  |     ^^^^^^

warning: missing documentation for a variant
  --> crates/semantic/src/ir/semantic_image/fault.rs:10:5
   |
10 |     Authority,
   |     ^^^^^^^^^

warning: missing documentation for a variant
  --> crates/semantic/src/ir/semantic_image/fault.rs:11:5
   |
11 |     Provenance,
   |     ^^^^^^^^^^

warning: missing documentation for a variant
  --> crates/semantic/src/ir/semantic_image/fault.rs:12:5
   |
12 |     Directory,
   |     ^^^^^^^^^

warning: missing documentation for a variant
  --> crates/semantic/src/ir/semantic_image/fault.rs:13:5
   |
13 |     AtomRange,
   |     ^^^^^^^^^

warning: missing documentation for a variant
  --> crates/semantic/src/ir/semantic_image/fault.rs:14:5
   |
14 |     AtomOrder,
   |     ^^^^^^^^^

warning: missing documentation for a variant
  --> crates/semantic/src/ir/semantic_image/fault.rs:15:5
   |
15 |     EntityName,
   |     ^^^^^^^^^^

warning: missing documentation for a variant
  --> crates/semantic/src/ir/semantic_image/fault.rs:16:5
   |
16 |     EntityKind,
   |     ^^^^^^^^^^

warning: missing documentation for a variant
  --> crates/semantic/src/ir/semantic_image/fault.rs:17:5
   |
17 |     EntityVisibility,
   |     ^^^^^^^^^^^^^^^^

warning: missing documentation for a variant
  --> crates/semantic/src/ir/semantic_image/fault.rs:18:5
   |
18 |     EntityParent,
   |     ^^^^^^^^^^^^

warning: missing documentation for a variant
  --> crates/semantic/src/ir/semantic_image/fault.rs:19:5
   |
19 |     EntityParentage,
   |     ^^^^^^^^^^^^^^^

warning: missing documentation for a variant
  --> crates/semantic/src/ir/semantic_image/fault.rs:20:5
   |
20 |     EntityAvailability,
   |     ^^^^^^^^^^^^^^^^^^

warning: missing documentation for a variant
  --> crates/semantic/src/ir/semantic_image/fault.rs:21:5
   |
21 |     EntitySource,
   |     ^^^^^^^^^^^^

warning: missing documentation for a variant
  --> crates/semantic/src/ir/semantic_image/fault.rs:22:5
   |
22 |     EntityVersion,
   |     ^^^^^^^^^^^^^

warning: missing documentation for a variant
  --> crates/semantic/src/ir/semantic_image/fault.rs:23:5
   |
23 |     External,
   |     ^^^^^^^^

warning: missing documentation for a variant
  --> crates/semantic/src/ir/semantic_image/fault.rs:29:5
   |
29 |     AuthorityProfile {
   |     ^^^^^^^^^^^^^^^^

warning: missing documentation for a struct field
  --> crates/semantic/src/ir/semantic_image/fault.rs:30:9
   |
30 |         authority: [u8; 2],
   |         ^^^^^^^^^^^^^^^^^^

warning: missing documentation for a struct field
  --> crates/semantic/src/ir/semantic_image/fault.rs:31:9
   |
31 |         recipe: [u8; 2],
   |         ^^^^^^^^^^^^^^^

warning: missing documentation for a variant
  --> crates/semantic/src/ir/semantic_image/fault.rs:33:5
   |
33 |     RecipeStage {
   |     ^^^^^^^^^^^

warning: missing documentation for a struct field
  --> crates/semantic/src/ir/semantic_image/fault.rs:34:9
   |
34 |         observed: u8,
   |         ^^^^^^^^^^^^

warning: missing documentation for a variant
  --> crates/semantic/src/ir/semantic_image/fault.rs:36:5
   |
36 |     RecipeTool {
   |     ^^^^^^^^^^

warning: missing documentation for a struct field
  --> crates/semantic/src/ir/semantic_image/fault.rs:37:9
   |
37 |         observed: u8,
   |         ^^^^^^^^^^^^

warning: missing documentation for a variant
  --> crates/semantic/src/ir/semantic_image/fault.rs:39:5
   |
39 |     RecipeIdentity {
   |     ^^^^^^^^^^^^^^

warning: missing documentation for a struct field
  --> crates/semantic/src/ir/semantic_image/fault.rs:40:9
   |
40 |         expected: [u8; 32],
   |         ^^^^^^^^^^^^^^^^^^

warning: missing documentation for a struct field
  --> crates/semantic/src/ir/semantic_image/fault.rs:41:9
   |
41 |         observed: [u8; 32],
   |         ^^^^^^^^^^^^^^^^^^

warning: missing documentation for a variant
  --> crates/semantic/src/ir/semantic_image/fault.rs:43:5
   |
43 |     ScopeClaim {
   |     ^^^^^^^^^^

warning: missing documentation for a struct field
  --> crates/semantic/src/ir/semantic_image/fault.rs:44:9
   |
44 |         expected: [u8; 32],
   |         ^^^^^^^^^^^^^^^^^^

warning: missing documentation for a struct field
  --> crates/semantic/src/ir/semantic_image/fault.rs:45:9
   |
45 |         observed: [u8; 32],
   |         ^^^^^^^^^^^^^^^^^^

warning: missing documentation for a variant
  --> crates/semantic/src/ir/semantic_image/fault.rs:47:5
   |
47 |     ScopeAtom {
   |     ^^^^^^^^^

warning: missing documentation for a struct field
  --> crates/semantic/src/ir/semantic_image/fault.rs:48:9
   |
48 |         component: ScopeComponent,
   |         ^^^^^^^^^^^^^^^^^^^^^^^^^

warning: missing documentation for a struct field
  --> crates/semantic/src/ir/semantic_image/fault.rs:49:9
   |
49 |         raw: u32,
   |         ^^^^^^^^

warning: missing documentation for a struct field
  --> crates/semantic/src/ir/semantic_image/fault.rs:50:9
   |
50 |         atom_count: u32,
   |         ^^^^^^^^^^^^^^^

warning: missing documentation for a variant
  --> crates/semantic/src/ir/semantic_image/fault.rs:60:5
   |
60 |     Source,
   |     ^^^^^^

warning: missing documentation for a variant
  --> crates/semantic/src/ir/semantic_image/fault.rs:61:5
   |
61 |     Recipe,
   |     ^^^^^^

warning: missing documentation for a variant
  --> crates/semantic/src/ir/semantic_image/fault.rs:62:5
   |
62 |     Toolchain,
   |     ^^^^^^^^^

warning: missing documentation for a variant
  --> crates/semantic/src/ir/semantic_image/fault.rs:63:5
   |
63 |     ScopeClaim,
   |     ^^^^^^^^^^

warning: missing documentation for a variant
  --> crates/semantic/src/ir/semantic_image/fault.rs:69:5
   |
69 |     Ecosystem,
   |     ^^^^^^^^^

warning: missing documentation for a variant
  --> crates/semantic/src/ir/semantic_image/fault.rs:70:5
   |
70 |     Package,
   |     ^^^^^^^

warning: missing documentation for a variant
  --> crates/semantic/src/ir/semantic_image/fault.rs:71:5
   |
71 |     Path,
   |     ^^^^

warning: missing documentation for a variant
  --> crates/semantic/src/ir/semantic_image/fault.rs:72:5
   |
72 |     Coordinate,
   |     ^^^^^^^^^^

warning: missing documentation for a variant
  --> crates/semantic/src/ir/semantic_image/fault.rs:79:5
   |
79 |     LengthOverflow { field: CoreSemanticImageField },
   |     ^^^^^^^^^^^^^^

warning: missing documentation for a struct field
  --> crates/semantic/src/ir/semantic_image/fault.rs:79:22
   |
79 |     LengthOverflow { field: CoreSemanticImageField },
   |                      ^^^^^^^^^^^^^^^^^^^^^^^^^^^^^

warning: missing documentation for a variant
  --> crates/semantic/src/ir/semantic_image/fault.rs:81:5
   |
81 |     Truncated {
   |     ^^^^^^^^^

warning: missing documentation for a struct field
  --> crates/semantic/src/ir/semantic_image/fault.rs:82:9
   |
82 |         field: CoreSemanticImageField,
   |         ^^^^^^^^^^^^^^^^^^^^^^^^^^^^^

warning: missing documentation for a struct field
  --> crates/semantic/src/ir/semantic_image/fault.rs:83:9
   |
83 |         offset: usize,
   |         ^^^^^^^^^^^^^

warning: missing documentation for a variant
  --> crates/semantic/src/ir/semantic_image/fault.rs:86:5
   |
86 |     Reference {
   |     ^^^^^^^^^

warning: missing documentation for a struct field
  --> crates/semantic/src/ir/semantic_image/fault.rs:87:9
   |
87 |         field: CoreSemanticImageField,
   |         ^^^^^^^^^^^^^^^^^^^^^^^^^^^^^

warning: missing documentation for a struct field
  --> crates/semantic/src/ir/semantic_image/fault.rs:88:9
   |
88 |         row: u32,
   |         ^^^^^^^^

warning: missing documentation for a struct field
  --> crates/semantic/src/ir/semantic_image/fault.rs:89:9
   |
89 |         expected: u32,
   |         ^^^^^^^^^^^^^

warning: missing documentation for a struct field
  --> crates/semantic/src/ir/semantic_image/fault.rs:90:9
   |
90 |         observed: u32,
   |         ^^^^^^^^^^^^^

warning: missing documentation for a variant
  --> crates/semantic/src/ir/semantic_image/fault.rs:93:5
   |
93 |     CanonicalOrder {
   |     ^^^^^^^^^^^^^^

warning: missing documentation for a struct field
  --> crates/semantic/src/ir/semantic_image/fault.rs:94:9
   |
94 |         field: CoreSemanticImageField,
   |         ^^^^^^^^^^^^^^^^^^^^^^^^^^^^^

warning: missing documentation for a struct field
  --> crates/semantic/src/ir/semantic_image/fault.rs:95:9
   |
95 |         previous: u32,
   |         ^^^^^^^^^^^^^

warning: missing documentation for a struct field
  --> crates/semantic/src/ir/semantic_image/fault.rs:96:9
   |
96 |         row: u32,
   |         ^^^^^^^^

warning: missing documentation for a variant
  --> crates/semantic/src/ir/semantic_image/fault.rs:99:5
   |
99 |     Discriminant {
   |     ^^^^^^^^^^^^

warning: missing documentation for a struct field
   --> crates/semantic/src/ir/semantic_image/fault.rs:100:9
    |
100 |         field: CoreSemanticImageField,
    |         ^^^^^^^^^^^^^^^^^^^^^^^^^^^^^

warning: missing documentation for a struct field
   --> crates/semantic/src/ir/semantic_image/fault.rs:101:9
    |
101 |         row: u32,
    |         ^^^^^^^^

warning: missing documentation for a struct field
   --> crates/semantic/src/ir/semantic_image/fault.rs:102:9
    |
102 |         observed: u8,
    |         ^^^^^^^^^^^^

warning: missing documentation for a variant
   --> crates/semantic/src/ir/semantic_image/fault.rs:105:5
    |
105 |     Reserved {
    |     ^^^^^^^^

warning: missing documentation for a struct field
   --> crates/semantic/src/ir/semantic_image/fault.rs:106:9
    |
106 |         field: CoreSemanticImageField,
    |         ^^^^^^^^^^^^^^^^^^^^^^^^^^^^^

warning: missing documentation for a struct field
   --> crates/semantic/src/ir/semantic_image/fault.rs:107:9
    |
107 |         row: u32,
    |         ^^^^^^^^

warning: missing documentation for a struct field
   --> crates/semantic/src/ir/semantic_image/fault.rs:108:9
    |
108 |         observed: u8,
    |         ^^^^^^^^^^^^

warning: missing documentation for a variant
   --> crates/semantic/src/ir/semantic_image/fault.rs:111:5
    |
111 |     Profile {
    |     ^^^^^^^

warning: missing documentation for a struct field
   --> crates/semantic/src/ir/semantic_image/fault.rs:112:9
    |
112 |         observed: [u8; 2],
    |         ^^^^^^^^^^^^^^^^^

warning: missing documentation for a struct field
   --> crates/semantic/src/ir/semantic_image/fault.rs:114:9
    |
114 |         source: crate::vocabulary::UnknownLanguageProfile,
    |         ^^^^^^^^^^^^^^^^^^^^^^^^^^^^^^^^^^^^^^^^^^^^^^^^^

warning: missing documentation for a variant
   --> crates/semantic/src/ir/semantic_image/fault.rs:117:5
    |
117 |     Provenance { cause: CoreProvenanceFault },
    |     ^^^^^^^^^^

warning: missing documentation for a struct field
   --> crates/semantic/src/ir/semantic_image/fault.rs:117:18
    |
117 |     Provenance { cause: CoreProvenanceFault },
    |                  ^^^^^^^^^^^^^^^^^^^^^^^^^^

warning: missing documentation for a variant
   --> crates/semantic/src/ir/semantic_image/fault.rs:119:5
    |
119 |     ProvenanceIdentity {
    |     ^^^^^^^^^^^^^^^^^^

warning: missing documentation for a struct field
   --> crates/semantic/src/ir/semantic_image/fault.rs:120:9
    |
120 |         field: CoreProvenanceIdentityField,
    |         ^^^^^^^^^^^^^^^^^^^^^^^^^^^^^^^^^^

warning: missing documentation for a struct field
   --> crates/semantic/src/ir/semantic_image/fault.rs:122:9
    |
122 |         source: backend_version::ContentIdDecodeError,
    |         ^^^^^^^^^^^^^^^^^^^^^^^^^^^^^^^^^^^^^^^^^^^^^

warning: missing documentation for a variant
   --> crates/semantic/src/ir/semantic_image/fault.rs:125:5
    |
125 |     ScopeUtf8 {
    |     ^^^^^^^^^

warning: missing documentation for a struct field
   --> crates/semantic/src/ir/semantic_image/fault.rs:126:9
    |
126 |         component: ScopeComponent,
    |         ^^^^^^^^^^^^^^^^^^^^^^^^^

warning: missing documentation for a struct field
   --> crates/semantic/src/ir/semantic_image/fault.rs:128:9
    |
128 |         source: core::str::Utf8Error,
    |         ^^^^^^^^^^^^^^^^^^^^^^^^^^^^

warning: missing documentation for a variant
   --> crates/semantic/src/ir/semantic_image/fault.rs:131:5
    |
131 |     ScopeLineage {
    |     ^^^^^^^^^^^^

warning: missing documentation for a struct field
   --> crates/semantic/src/ir/semantic_image/fault.rs:132:9
    |
132 |         cause: crate::ir::PackageLineageFault,
    |         ^^^^^^^^^^^^^^^^^^^^^^^^^^^^^^^^^^^^^

warning: missing documentation for a variant
   --> crates/semantic/src/ir/semantic_image/fault.rs:135:5
    |
135 |     ScopeKey {
    |     ^^^^^^^^

warning: missing documentation for a struct field
   --> crates/semantic/src/ir/semantic_image/fault.rs:136:9
    |
136 |         cause: crate::ir::DeclarationKeyFault,
    |         ^^^^^^^^^^^^^^^^^^^^^^^^^^^^^^^^^^^^^

warning: missing documentation for a variant
   --> crates/semantic/src/ir/semantic_image/fault.rs:139:5
    |
139 |     ScopePreimage { cause: crate::ir::PreimageOverflow },
    |     ^^^^^^^^^^^^^

warning: missing documentation for a struct field
   --> crates/semantic/src/ir/semantic_image/fault.rs:139:21
    |
139 |     ScopePreimage { cause: crate::ir::PreimageOverflow },
    |                     ^^^^^^^^^^^^^^^^^^^^^^^^^^^^^^^^^^

warning: missing documentation for a variant
  --> crates/semantic/src/ir/semantic_image/full/model.rs:18:5
   |
18 |     EntityList,
   |     ^^^^^^^^^^

warning: missing documentation for a variant
  --> crates/semantic/src/ir/semantic_image/full/model.rs:19:5
   |
19 |     Documentation,
   |     ^^^^^^^^^^^^^

warning: missing documentation for a variant
  --> crates/semantic/src/ir/semantic_image/full/model.rs:25:5
   |
25 |     GeometryOverflow {
   |     ^^^^^^^^^^^^^^^^

warning: missing documentation for a struct field
  --> crates/semantic/src/ir/semantic_image/full/model.rs:26:9
   |
26 |         domain: TerminalPoolDomain,
   |         ^^^^^^^^^^^^^^^^^^^^^^^^^^

warning: missing documentation for a struct field
  --> crates/semantic/src/ir/semantic_image/full/model.rs:27:9
   |
27 |         rows: usize,
   |         ^^^^^^^^^^^

warning: missing documentation for a variant
  --> crates/semantic/src/ir/semantic_image/full/model.rs:29:5
   |
29 |     KeyLengthOverflow {
   |     ^^^^^^^^^^^^^^^^^

warning: missing documentation for a struct field
  --> crates/semantic/src/ir/semantic_image/full/model.rs:30:9
   |
30 |         domain: TerminalPoolDomain,
   |         ^^^^^^^^^^^^^^^^^^^^^^^^^^

warning: missing documentation for a struct field
  --> crates/semantic/src/ir/semantic_image/full/model.rs:31:9
   |
31 |         row: u32,
   |         ^^^^^^^^

warning: missing documentation for a variant
  --> crates/semantic/src/ir/semantic_image/full/model.rs:33:5
   |
33 |     MissingRow {
   |     ^^^^^^^^^^

warning: missing documentation for a struct field
  --> crates/semantic/src/ir/semantic_image/full/model.rs:34:9
   |
34 |         domain: TerminalPoolDomain,
   |         ^^^^^^^^^^^^^^^^^^^^^^^^^^

warning: missing documentation for a struct field
  --> crates/semantic/src/ir/semantic_image/full/model.rs:35:9
   |
35 |         row: u32,
   |         ^^^^^^^^

warning: missing documentation for a struct field
  --> crates/semantic/src/ir/semantic_image/full/model.rs:36:9
   |
36 |         count: u32,
   |         ^^^^^^^^^^

warning: missing documentation for a variant
  --> crates/semantic/src/ir/semantic_image/full/model.rs:38:5
   |
38 |     DuplicateCanonicalKey {
   |     ^^^^^^^^^^^^^^^^^^^^^

warning: missing documentation for a struct field
  --> crates/semantic/src/ir/semantic_image/full/model.rs:39:9
   |
39 |         domain: TerminalPoolDomain,
   |         ^^^^^^^^^^^^^^^^^^^^^^^^^^

warning: missing documentation for a struct field
  --> crates/semantic/src/ir/semantic_image/full/model.rs:40:9
   |
40 |         first: u32,
   |         ^^^^^^^^^^

warning: missing documentation for a struct field
  --> crates/semantic/src/ir/semantic_image/full/model.rs:41:9
   |
41 |         second: u32,
   |         ^^^^^^^^^^^

warning: missing documentation for a variant
  --> crates/semantic/src/ir/semantic_image/full/model.rs:48:5
   |
48 |     GeometryOverflow { rows: usize },
   |     ^^^^^^^^^^^^^^^^

warning: missing documentation for a struct field
  --> crates/semantic/src/ir/semantic_image/full/model.rs:48:24
   |
48 |     GeometryOverflow { rows: usize },
   |                        ^^^^^^^^^^^

warning: missing documentation for a variant
  --> crates/semantic/src/ir/semantic_image/full/model.rs:49:5
   |
49 |     MissingEntity { entity: EntityId, count: u32 },
   |     ^^^^^^^^^^^^^

warning: missing documentation for a struct field
  --> crates/semantic/src/ir/semantic_image/full/model.rs:49:21
   |
49 |     MissingEntity { entity: EntityId, count: u32 },
   |                     ^^^^^^^^^^^^^^^^

warning: missing documentation for a struct field
  --> crates/semantic/src/ir/semantic_image/full/model.rs:49:39
   |
49 |     MissingEntity { entity: EntityId, count: u32 },
   |                                       ^^^^^^^^^^

warning: missing documentation for a variant
  --> crates/semantic/src/ir/semantic_image/full/model.rs:50:5
   |
50 |     KeyLengthOverflow { entity: EntityId },
   |     ^^^^^^^^^^^^^^^^^

warning: missing documentation for a struct field
  --> crates/semantic/src/ir/semantic_image/full/model.rs:50:25
   |
50 |     KeyLengthOverflow { entity: EntityId },
   |                         ^^^^^^^^^^^^^^^^

warning: missing documentation for a variant
  --> crates/semantic/src/ir/semantic_image/full/model.rs:57:5
   |
57 |     GeometryOverflow {
   |     ^^^^^^^^^^^^^^^^

warning: missing documentation for a struct field
  --> crates/semantic/src/ir/semantic_image/full/model.rs:58:9
   |
58 |         rows: usize,
   |         ^^^^^^^^^^^

warning: missing documentation for a variant
  --> crates/semantic/src/ir/semantic_image/full/model.rs:60:5
   |
60 |     MissingLink {
   |     ^^^^^^^^^^^

warning: missing documentation for a struct field
  --> crates/semantic/src/ir/semantic_image/full/model.rs:61:9
   |
61 |         link: LinkId,
   |         ^^^^^^^^^^^^

warning: missing documentation for a struct field
  --> crates/semantic/src/ir/semantic_image/full/model.rs:62:9
   |
62 |         count: u32,
   |         ^^^^^^^^^^

warning: missing documentation for a variant
  --> crates/semantic/src/ir/semantic_image/full/model.rs:64:5
   |
64 |     MissingOccurrence {
   |     ^^^^^^^^^^^^^^^^^

warning: missing documentation for a struct field
  --> crates/semantic/src/ir/semantic_image/full/model.rs:65:9
   |
65 |         occurrence: u32,
   |         ^^^^^^^^^^^^^^^

warning: missing documentation for a struct field
  --> crates/semantic/src/ir/semantic_image/full/model.rs:66:9
   |
66 |         count: u32,
   |         ^^^^^^^^^^

warning: missing documentation for a variant
  --> crates/semantic/src/ir/semantic_image/full/model.rs:68:5
   |
68 |     DuplicateCanonicalRelation {
   |     ^^^^^^^^^^^^^^^^^^^^^^^^^^

warning: missing documentation for a struct field
  --> crates/semantic/src/ir/semantic_image/full/model.rs:69:9
   |
69 |         first: LinkId,
   |         ^^^^^^^^^^^^^

warning: missing documentation for a struct field
  --> crates/semantic/src/ir/semantic_image/full/model.rs:70:9
   |
70 |         second: LinkId,
   |         ^^^^^^^^^^^^^^

warning: missing documentation for a variant
  --> crates/semantic/src/ir/semantic_image/full/model.rs:72:5
   |
72 |     OccurrenceAuthority {
   |     ^^^^^^^^^^^^^^^^^^^

warning: missing documentation for a struct field
  --> crates/semantic/src/ir/semantic_image/full/model.rs:73:9
   |
73 |         occurrence: u32,
   |         ^^^^^^^^^^^^^^^

warning: missing documentation for a struct field
  --> crates/semantic/src/ir/semantic_image/full/model.rs:74:9
   |
74 |         claimed: FactAvailability,
   |         ^^^^^^^^^^^^^^^^^^^^^^^^^

warning: missing documentation for a struct field
  --> crates/semantic/src/ir/semantic_image/full/model.rs:75:9
   |
75 |         has_source: bool,
   |         ^^^^^^^^^^^^^^^^

warning: missing documentation for a variant
  --> crates/semantic/src/ir/semantic_image/full/model.rs:84:5
   |
84 |     GeometryOverflow {
   |     ^^^^^^^^^^^^^^^^

warning: missing documentation for a struct field
  --> crates/semantic/src/ir/semantic_image/full/model.rs:85:9
   |
85 |         language: Language,
   |         ^^^^^^^^^^^^^^^^^^

warning: missing documentation for a struct field
  --> crates/semantic/src/ir/semantic_image/full/model.rs:86:9
   |
86 |         rows: usize,
   |         ^^^^^^^^^^^

warning: missing documentation for a variant
  --> crates/semantic/src/ir/semantic_image/full/model.rs:88:5
   |
88 |     KeyLengthOverflow {
   |     ^^^^^^^^^^^^^^^^^

warning: missing documentation for a struct field
  --> crates/semantic/src/ir/semantic_image/full/model.rs:89:9
   |
89 |         language: Language,
   |         ^^^^^^^^^^^^^^^^^^

warning: missing documentation for a struct field
  --> crates/semantic/src/ir/semantic_image/full/model.rs:90:9
   |
90 |         fact: u32,
   |         ^^^^^^^^^

warning: missing documentation for a variant
  --> crates/semantic/src/ir/semantic_image/full/model.rs:92:5
   |
92 |     MissingFact {
   |     ^^^^^^^^^^^

warning: missing documentation for a struct field
  --> crates/semantic/src/ir/semantic_image/full/model.rs:93:9
   |
93 |         language: Language,
   |         ^^^^^^^^^^^^^^^^^^

warning: missing documentation for a struct field
  --> crates/semantic/src/ir/semantic_image/full/model.rs:94:9
   |
94 |         fact: u32,
   |         ^^^^^^^^^

warning: missing documentation for a struct field
  --> crates/semantic/src/ir/semantic_image/full/model.rs:95:9
   |
95 |         count: u32,
   |         ^^^^^^^^^^

warning: missing documentation for a variant
  --> crates/semantic/src/ir/semantic_image/full/model.rs:97:5
   |
97 |     DuplicateCanonicalKey {
   |     ^^^^^^^^^^^^^^^^^^^^^

warning: missing documentation for a struct field
  --> crates/semantic/src/ir/semantic_image/full/model.rs:98:9
   |
98 |         language: Language,
   |         ^^^^^^^^^^^^^^^^^^

warning: missing documentation for a struct field
  --> crates/semantic/src/ir/semantic_image/full/model.rs:99:9
   |
99 |         first: u32,
   |         ^^^^^^^^^^

warning: missing documentation for a struct field
   --> crates/semantic/src/ir/semantic_image/full/model.rs:100:9
    |
100 |         second: u32,
    |         ^^^^^^^^^^^

warning: missing documentation for a variant
   --> crates/semantic/src/ir/semantic_image/full/model.rs:102:5
    |
102 |     UnboundFact {
    |     ^^^^^^^^^^^

warning: missing documentation for a struct field
   --> crates/semantic/src/ir/semantic_image/full/model.rs:103:9
    |
103 |         language: Language,
    |         ^^^^^^^^^^^^^^^^^^

warning: missing documentation for a struct field
   --> crates/semantic/src/ir/semantic_image/full/model.rs:104:9
    |
104 |         fact: u32,
    |         ^^^^^^^^^

warning: missing documentation for a variant
   --> crates/semantic/src/ir/semantic_image/full/model.rs:106:5
    |
106 |     SparseBinding {
    |     ^^^^^^^^^^^^^

warning: missing documentation for a struct field
   --> crates/semantic/src/ir/semantic_image/full/model.rs:107:9
    |
107 |         language: Language,
    |         ^^^^^^^^^^^^^^^^^^

warning: missing documentation for a struct field
   --> crates/semantic/src/ir/semantic_image/full/model.rs:108:9
    |
108 |         entity: EntityId,
    |         ^^^^^^^^^^^^^^^^

warning: missing documentation for a struct field
   --> crates/semantic/src/ir/semantic_image/full/model.rs:109:9
    |
109 |         fact: u32,
    |         ^^^^^^^^^

warning: missing documentation for a struct field
   --> crates/semantic/src/ir/semantic_image/full/model.rs:110:9
    |
110 |         count: u32,
    |         ^^^^^^^^^^

warning: missing documentation for a variant
   --> crates/semantic/src/ir/semantic_image/full/model.rs:112:5
    |
112 |     Profile {
    |     ^^^^^^^

warning: missing documentation for a struct field
   --> crates/semantic/src/ir/semantic_image/full/model.rs:113:9
    |
113 |         language: Language,
    |         ^^^^^^^^^^^^^^^^^^

warning: missing documentation for a struct field
   --> crates/semantic/src/ir/semantic_image/full/model.rs:114:9
    |
114 |         authority: SemanticImageAuthority,
    |         ^^^^^^^^^^^^^^^^^^^^^^^^^^^^^^^^^

warning: missing documentation for a variant
   --> crates/semantic/src/ir/semantic_image/full/model.rs:116:5
    |
116 |     MultiplePlanes {
    |     ^^^^^^^^^^^^^^

warning: missing documentation for a struct field
   --> crates/semantic/src/ir/semantic_image/full/model.rs:117:9
    |
117 |         entity: EntityId,
    |         ^^^^^^^^^^^^^^^^

warning: missing documentation for a struct field
   --> crates/semantic/src/ir/semantic_image/full/model.rs:118:9
    |
118 |         first: Language,
    |         ^^^^^^^^^^^^^^^

warning: missing documentation for a struct field
   --> crates/semantic/src/ir/semantic_image/full/model.rs:119:9
    |
119 |         second: Language,
    |         ^^^^^^^^^^^^^^^^

warning: missing documentation for a variant
   --> crates/semantic/src/ir/semantic_image/full/model.rs:121:5
    |
121 |     Authority {
    |     ^^^^^^^^^

warning: missing documentation for a struct field
   --> crates/semantic/src/ir/semantic_image/full/model.rs:122:9
    |
122 |         entity: EntityId,
    |         ^^^^^^^^^^^^^^^^

warning: missing documentation for a struct field
   --> crates/semantic/src/ir/semantic_image/full/model.rs:123:9
    |
123 |         claimed: FactAvailability,
    |         ^^^^^^^^^^^^^^^^^^^^^^^^^

warning: missing documentation for a struct field
   --> crates/semantic/src/ir/semantic_image/full/model.rs:124:9
    |
124 |         present: bool,
    |         ^^^^^^^^^^^^^

warning: missing documentation for a variant
   --> crates/semantic/src/ir/semantic_image/full/model.rs:132:5
    |
132 |     Core(CoreSemanticImageFault),
    |     ^^^^

warning: missing documentation for a variant
   --> crates/semantic/src/ir/semantic_image/full/model.rs:133:5
    |
133 |     Wire(FullSemanticImageFault),
    |     ^^^^

warning: missing documentation for a variant
   --> crates/semantic/src/ir/semantic_image/full/model.rs:134:5
    |
134 |     Typed(TypedPlanError),
    |     ^^^^^

warning: missing documentation for a variant
   --> crates/semantic/src/ir/semantic_image/full/model.rs:135:5
    |
135 |     Terminal(TerminalPoolFault),
    |     ^^^^^^^^

warning: missing documentation for a variant
   --> crates/semantic/src/ir/semantic_image/full/model.rs:136:5
    |
136 |     Entity(FullEntityFault),
    |     ^^^^^^

warning: missing documentation for a variant
   --> crates/semantic/src/ir/semantic_image/full/model.rs:137:5
    |
137 |     Graph(GraphPlanFault),
    |     ^^^^^

warning: missing documentation for a variant
   --> crates/semantic/src/ir/semantic_image/full/model.rs:138:5
    |
138 |     Extension(ExtensionPlanFault),
    |     ^^^^^^^^^

warning: missing documentation for a variant
  --> crates/semantic/src/ir/semantic_image/full_wire/fault.rs:10:5
   |
10 |     Header,
   |     ^^^^^^

warning: missing documentation for a variant
  --> crates/semantic/src/ir/semantic_image/full_wire/fault.rs:11:5
   |
11 |     Authority,
   |     ^^^^^^^^^

warning: missing documentation for a variant
  --> crates/semantic/src/ir/semantic_image/full_wire/fault.rs:12:5
   |
12 |     Provenance,
   |     ^^^^^^^^^^

warning: missing documentation for a variant
  --> crates/semantic/src/ir/semantic_image/full_wire/fault.rs:13:5
   |
13 |     Directory,
   |     ^^^^^^^^^

warning: missing documentation for a variant
  --> crates/semantic/src/ir/semantic_image/full_wire/fault.rs:14:5
   |
14 |     Atoms,
   |     ^^^^^

warning: missing documentation for a variant
  --> crates/semantic/src/ir/semantic_image/full_wire/fault.rs:15:5
   |
15 |     Entities,
   |     ^^^^^^^^

warning: missing documentation for a variant
  --> crates/semantic/src/ir/semantic_image/full_wire/fault.rs:16:5
   |
16 |     TypedNodes,
   |     ^^^^^^^^^^

warning: missing documentation for a variant
  --> crates/semantic/src/ir/semantic_image/full_wire/fault.rs:17:5
   |
17 |     TypedEdges,
   |     ^^^^^^^^^^

warning: missing documentation for a variant
  --> crates/semantic/src/ir/semantic_image/full_wire/fault.rs:18:5
   |
18 |     EntityLists,
   |     ^^^^^^^^^^^

warning: missing documentation for a variant
  --> crates/semantic/src/ir/semantic_image/full_wire/fault.rs:19:5
   |
19 |     Documentation,
   |     ^^^^^^^^^^^^^

warning: missing documentation for a variant
  --> crates/semantic/src/ir/semantic_image/full_wire/fault.rs:20:5
   |
20 |     Externals,
   |     ^^^^^^^^^

warning: missing documentation for a variant
  --> crates/semantic/src/ir/semantic_image/full_wire/fault.rs:21:5
   |
21 |     Links,
   |     ^^^^^

warning: missing documentation for a variant
  --> crates/semantic/src/ir/semantic_image/full_wire/fault.rs:22:5
   |
22 |     Occurrences,
   |     ^^^^^^^^^^^

warning: missing documentation for a variant
  --> crates/semantic/src/ir/semantic_image/full_wire/fault.rs:23:5
   |
23 |     ExtensionFacts,
   |     ^^^^^^^^^^^^^^

warning: missing documentation for a variant
  --> crates/semantic/src/ir/semantic_image/full_wire/fault.rs:24:5
   |
24 |     ExtensionBindings,
   |     ^^^^^^^^^^^^^^^^^

warning: missing documentation for a variant
  --> crates/semantic/src/ir/semantic_image/full_wire/fault.rs:25:5
   |
25 |     SignatureCarrierRoles,
   |     ^^^^^^^^^^^^^^^^^^^^^

warning: missing documentation for a variant
  --> crates/semantic/src/ir/semantic_image/full_wire/fault.rs:26:5
   |
26 |     SignatureCarrierBindingRanges,
   |     ^^^^^^^^^^^^^^^^^^^^^^^^^^^^^

warning: missing documentation for a variant
  --> crates/semantic/src/ir/semantic_image/full_wire/fault.rs:27:5
   |
27 |     SignatureCarrierBindingTargets,
   |     ^^^^^^^^^^^^^^^^^^^^^^^^^^^^^^

warning: missing documentation for a variant
  --> crates/semantic/src/ir/semantic_image/full_wire/fault.rs:33:5
   |
33 |     StableFragment,
   |     ^^^^^^^^^^^^^^

warning: missing documentation for a variant
  --> crates/semantic/src/ir/semantic_image/full_wire/fault.rs:34:5
   |
34 |     FragmentEntityFragment,
   |     ^^^^^^^^^^^^^^^^^^^^^^

warning: missing documentation for a variant
  --> crates/semantic/src/ir/semantic_image/full_wire/fault.rs:43:5
   |
43 |     OutputTooShort { required: usize, actual: usize },
   |     ^^^^^^^^^^^^^^

warning: missing documentation for a struct field
  --> crates/semantic/src/ir/semantic_image/full_wire/fault.rs:43:22
   |
43 |     OutputTooShort { required: usize, actual: usize },
   |                      ^^^^^^^^^^^^^^^

warning: missing documentation for a struct field
  --> crates/semantic/src/ir/semantic_image/full_wire/fault.rs:43:39
   |
43 |     OutputTooShort { required: usize, actual: usize },
   |                                       ^^^^^^^^^^^^^

warning: missing documentation for a variant
  --> crates/semantic/src/ir/semantic_image/full_wire/fault.rs:45:5
   |
45 |     LengthOverflow { field: FullSemanticImageField },
   |     ^^^^^^^^^^^^^^

warning: missing documentation for a struct field
  --> crates/semantic/src/ir/semantic_image/full_wire/fault.rs:45:22
   |
45 |     LengthOverflow { field: FullSemanticImageField },
   |                      ^^^^^^^^^^^^^^^^^^^^^^^^^^^^^

warning: missing documentation for a variant
  --> crates/semantic/src/ir/semantic_image/full_wire/fault.rs:47:5
   |
47 |     Truncated {
   |     ^^^^^^^^^

warning: missing documentation for a struct field
  --> crates/semantic/src/ir/semantic_image/full_wire/fault.rs:48:9
   |
48 |         field: FullSemanticImageField,
   |         ^^^^^^^^^^^^^^^^^^^^^^^^^^^^^

warning: missing documentation for a struct field
  --> crates/semantic/src/ir/semantic_image/full_wire/fault.rs:49:9
   |
49 |         offset: usize,
   |         ^^^^^^^^^^^^^

warning: missing documentation for a variant
  --> crates/semantic/src/ir/semantic_image/full_wire/fault.rs:52:5
   |
52 |     Magic {
   |     ^^^^^

warning: missing documentation for a struct field
  --> crates/semantic/src/ir/semantic_image/full_wire/fault.rs:53:9
   |
53 |         expected: [u8; 4],
   |         ^^^^^^^^^^^^^^^^^

warning: missing documentation for a struct field
  --> crates/semantic/src/ir/semantic_image/full_wire/fault.rs:54:9
   |
54 |         observed: [u8; 4],
   |         ^^^^^^^^^^^^^^^^^

warning: missing documentation for a variant
  --> crates/semantic/src/ir/semantic_image/full_wire/fault.rs:57:5
   |
57 |     Schema { expected: u16, observed: u16 },
   |     ^^^^^^

warning: missing documentation for a struct field
  --> crates/semantic/src/ir/semantic_image/full_wire/fault.rs:57:14
   |
57 |     Schema { expected: u16, observed: u16 },
   |              ^^^^^^^^^^^^^

warning: missing documentation for a struct field
  --> crates/semantic/src/ir/semantic_image/full_wire/fault.rs:57:29
   |
57 |     Schema { expected: u16, observed: u16 },
   |                             ^^^^^^^^^^^^^

warning: missing documentation for a variant
  --> crates/semantic/src/ir/semantic_image/full_wire/fault.rs:59:5
   |
59 |     Length { claimed: u32, actual: usize },
   |     ^^^^^^

warning: missing documentation for a struct field
  --> crates/semantic/src/ir/semantic_image/full_wire/fault.rs:59:14
   |
59 |     Length { claimed: u32, actual: usize },
   |              ^^^^^^^^^^^^

warning: missing documentation for a struct field
  --> crates/semantic/src/ir/semantic_image/full_wire/fault.rs:59:28
   |
59 |     Length { claimed: u32, actual: usize },
   |                            ^^^^^^^^^^^^^

warning: missing documentation for a variant
  --> crates/semantic/src/ir/semantic_image/full_wire/fault.rs:61:5
   |
61 |     DirectoryCount { expected: u16, observed: u16 },
   |     ^^^^^^^^^^^^^^

warning: missing documentation for a struct field
  --> crates/semantic/src/ir/semantic_image/full_wire/fault.rs:61:22
   |
61 |     DirectoryCount { expected: u16, observed: u16 },
   |                      ^^^^^^^^^^^^^

warning: missing documentation for a struct field
  --> crates/semantic/src/ir/semantic_image/full_wire/fault.rs:61:37
   |
61 |     DirectoryCount { expected: u16, observed: u16 },
   |                                     ^^^^^^^^^^^^^

warning: missing documentation for a variant
  --> crates/semantic/src/ir/semantic_image/full_wire/fault.rs:63:5
   |
63 |     DirectoryKind {
   |     ^^^^^^^^^^^^^

warning: missing documentation for a struct field
  --> crates/semantic/src/ir/semantic_image/full_wire/fault.rs:64:9
   |
64 |         entry: u16,
   |         ^^^^^^^^^^

warning: missing documentation for a struct field
  --> crates/semantic/src/ir/semantic_image/full_wire/fault.rs:65:9
   |
65 |         expected: FullDirectoryKind,
   |         ^^^^^^^^^^^^^^^^^^^^^^^^^^^

warning: missing documentation for a struct field
  --> crates/semantic/src/ir/semantic_image/full_wire/fault.rs:66:9
   |
66 |         observed: u16,
   |         ^^^^^^^^^^^^^

warning: missing documentation for a variant
  --> crates/semantic/src/ir/semantic_image/full_wire/fault.rs:71:5
   |
71 |     DirectoryRange {
   |     ^^^^^^^^^^^^^^

warning: missing documentation for a struct field
  --> crates/semantic/src/ir/semantic_image/full_wire/fault.rs:72:9
   |
72 |         kind: FullDirectoryKind,
   |         ^^^^^^^^^^^^^^^^^^^^^^^

warning: missing documentation for a struct field
  --> crates/semantic/src/ir/semantic_image/full_wire/fault.rs:73:9
   |
73 |         offset: u32,
   |         ^^^^^^^^^^^

warning: missing documentation for a struct field
  --> crates/semantic/src/ir/semantic_image/full_wire/fault.rs:74:9
   |
74 |         length: u32,
   |         ^^^^^^^^^^^

warning: missing documentation for a struct field
  --> crates/semantic/src/ir/semantic_image/full_wire/fault.rs:75:9
   |
75 |         image_bytes: usize,
   |         ^^^^^^^^^^^^^^^^^^

warning: missing documentation for a variant
  --> crates/semantic/src/ir/semantic_image/full_wire/fault.rs:78:5
   |
78 |     DirectoryCountLane {
   |     ^^^^^^^^^^^^^^^^^^

warning: missing documentation for a struct field
  --> crates/semantic/src/ir/semantic_image/full_wire/fault.rs:79:9
   |
79 |         kind: FullDirectoryKind,
   |         ^^^^^^^^^^^^^^^^^^^^^^^

warning: missing documentation for a struct field
  --> crates/semantic/src/ir/semantic_image/full_wire/fault.rs:80:9
   |
80 |         expected: u32,
   |         ^^^^^^^^^^^^^

warning: missing documentation for a struct field
  --> crates/semantic/src/ir/semantic_image/full_wire/fault.rs:81:9
   |
81 |         observed: u32,
   |         ^^^^^^^^^^^^^

warning: missing documentation for a variant
  --> crates/semantic/src/ir/semantic_image/full_wire/fault.rs:84:5
   |
84 |     Reference {
   |     ^^^^^^^^^

warning: missing documentation for a struct field
  --> crates/semantic/src/ir/semantic_image/full_wire/fault.rs:85:9
   |
85 |         field: FullSemanticImageField,
   |         ^^^^^^^^^^^^^^^^^^^^^^^^^^^^^

warning: missing documentation for a struct field
  --> crates/semantic/src/ir/semantic_image/full_wire/fault.rs:86:9
   |
86 |         row: u32,
   |         ^^^^^^^^

warning: missing documentation for a struct field
  --> crates/semantic/src/ir/semantic_image/full_wire/fault.rs:87:9
   |
87 |         expected: u32,
   |         ^^^^^^^^^^^^^

warning: missing documentation for a struct field
  --> crates/semantic/src/ir/semantic_image/full_wire/fault.rs:88:9
   |
88 |         observed: u32,
   |         ^^^^^^^^^^^^^

warning: missing documentation for a variant
  --> crates/semantic/src/ir/semantic_image/full_wire/fault.rs:91:5
   |
91 |     Discriminant {
   |     ^^^^^^^^^^^^

warning: missing documentation for a struct field
  --> crates/semantic/src/ir/semantic_image/full_wire/fault.rs:92:9
   |
92 |         field: FullSemanticImageField,
   |         ^^^^^^^^^^^^^^^^^^^^^^^^^^^^^

warning: missing documentation for a struct field
  --> crates/semantic/src/ir/semantic_image/full_wire/fault.rs:93:9
   |
93 |         row: u32,
   |         ^^^^^^^^

warning: missing documentation for a struct field
  --> crates/semantic/src/ir/semantic_image/full_wire/fault.rs:94:9
   |
94 |         observed: u8,
   |         ^^^^^^^^^^^^

warning: missing documentation for a variant
  --> crates/semantic/src/ir/semantic_image/full_wire/fault.rs:97:5
   |
97 |     ContentIdentity {
   |     ^^^^^^^^^^^^^^^

warning: missing documentation for a struct field
  --> crates/semantic/src/ir/semantic_image/full_wire/fault.rs:98:9
   |
98 |         field: FullSemanticImageField,
   |         ^^^^^^^^^^^^^^^^^^^^^^^^^^^^^

warning: missing documentation for a struct field
  --> crates/semantic/src/ir/semantic_image/full_wire/fault.rs:99:9
   |
99 |         row: u32,
   |         ^^^^^^^^

warning: missing documentation for a struct field
   --> crates/semantic/src/ir/semantic_image/full_wire/fault.rs:100:9
    |
100 |         identity: FullSemanticImageIdentityField,
    |         ^^^^^^^^^^^^^^^^^^^^^^^^^^^^^^^^^^^^^^^^

warning: missing documentation for a struct field
   --> crates/semantic/src/ir/semantic_image/full_wire/fault.rs:102:9
    |
102 |         cause: backend_version::ContentIdDecodeError,
    |         ^^^^^^^^^^^^^^^^^^^^^^^^^^^^^^^^^^^^^^^^^^^^

warning: missing documentation for a variant
   --> crates/semantic/src/ir/semantic_image/full_wire/fault.rs:105:5
    |
105 |     EntityKind { row: u32, observed: u16 },
    |     ^^^^^^^^^^

warning: missing documentation for a struct field
   --> crates/semantic/src/ir/semantic_image/full_wire/fault.rs:105:18
    |
105 |     EntityKind { row: u32, observed: u16 },
    |                  ^^^^^^^^

warning: missing documentation for a struct field
   --> crates/semantic/src/ir/semantic_image/full_wire/fault.rs:105:28
    |
105 |     EntityKind { row: u32, observed: u16 },
    |                            ^^^^^^^^^^^^^

warning: missing documentation for a variant
   --> crates/semantic/src/ir/semantic_image/full_wire/fault.rs:107:5
    |
107 |     SignatureCarrierRoleCount { expected: u32, observed: u32 },
    |     ^^^^^^^^^^^^^^^^^^^^^^^^^

warning: missing documentation for a struct field
   --> crates/semantic/src/ir/semantic_image/full_wire/fault.rs:107:33
    |
107 |     SignatureCarrierRoleCount { expected: u32, observed: u32 },
    |                                 ^^^^^^^^^^^^^

warning: missing documentation for a struct field
   --> crates/semantic/src/ir/semantic_image/full_wire/fault.rs:107:48
    |
107 |     SignatureCarrierRoleCount { expected: u32, observed: u32 },
    |                                                ^^^^^^^^^^^^^

warning: missing documentation for a variant
   --> crates/semantic/src/ir/semantic_image/full_wire/fault.rs:109:5
    |
109 |     SignatureCarrierRoleLength { expected: u32, observed: u32 },
    |     ^^^^^^^^^^^^^^^^^^^^^^^^^^

warning: missing documentation for a struct field
   --> crates/semantic/src/ir/semantic_image/full_wire/fault.rs:109:34
    |
109 |     SignatureCarrierRoleLength { expected: u32, observed: u32 },
    |                                  ^^^^^^^^^^^^^

warning: missing documentation for a struct field
   --> crates/semantic/src/ir/semantic_image/full_wire/fault.rs:109:49
    |
109 |     SignatureCarrierRoleLength { expected: u32, observed: u32 },
    |                                                 ^^^^^^^^^^^^^

warning: missing documentation for a variant
   --> crates/semantic/src/ir/semantic_image/full_wire/fault.rs:113:5
    |
113 |     SignatureCarrierRoleKind {
    |     ^^^^^^^^^^^^^^^^^^^^^^^^

warning: missing documentation for a struct field
   --> crates/semantic/src/ir/semantic_image/full_wire/fault.rs:114:9
    |
114 |         row: u32,
    |         ^^^^^^^^

warning: missing documentation for a struct field
   --> crates/semantic/src/ir/semantic_image/full_wire/fault.rs:115:9
    |
115 |         role: u8,
    |         ^^^^^^^^

warning: missing documentation for a struct field
   --> crates/semantic/src/ir/semantic_image/full_wire/fault.rs:116:9
    |
116 |         kind: crate::ir::ItemKind,
    |         ^^^^^^^^^^^^^^^^^^^^^^^^^

warning: missing documentation for a variant
   --> crates/semantic/src/ir/semantic_image/full_wire/fault.rs:121:5
    |
121 |     SignatureCarrierRolePadding { byte: usize, observed: u8 },
    |     ^^^^^^^^^^^^^^^^^^^^^^^^^^^

warning: missing documentation for a struct field
   --> crates/semantic/src/ir/semantic_image/full_wire/fault.rs:121:35
    |
121 |     SignatureCarrierRolePadding { byte: usize, observed: u8 },
    |                                   ^^^^^^^^^^^

warning: missing documentation for a struct field
   --> crates/semantic/src/ir/semantic_image/full_wire/fault.rs:121:48
    |
121 |     SignatureCarrierRolePadding { byte: usize, observed: u8 },
    |                                                ^^^^^^^^^^^^

warning: missing documentation for a variant
   --> crates/semantic/src/ir/semantic_image/full_wire/fault.rs:123:5
    |
123 |     SignatureCarrierBindingOwnerSet {
    |     ^^^^^^^^^^^^^^^^^^^^^^^^^^^^^^^

warning: missing documentation for a struct field
   --> crates/semantic/src/ir/semantic_image/full_wire/fault.rs:124:9
    |
124 |         row: u32,
    |         ^^^^^^^^

warning: missing documentation for a struct field
   --> crates/semantic/src/ir/semantic_image/full_wire/fault.rs:125:9
    |
125 |         expected: Option<u32>,
    |         ^^^^^^^^^^^^^^^^^^^^^

warning: missing documentation for a struct field
   --> crates/semantic/src/ir/semantic_image/full_wire/fault.rs:126:9
    |
126 |         observed: Option<u32>,
    |         ^^^^^^^^^^^^^^^^^^^^^

warning: missing documentation for a variant
   --> crates/semantic/src/ir/semantic_image/full_wire/fault.rs:131:5
    |
131 |     SignatureCarrierBindingRange {
    |     ^^^^^^^^^^^^^^^^^^^^^^^^^^^^

warning: missing documentation for a struct field
   --> crates/semantic/src/ir/semantic_image/full_wire/fault.rs:132:9
    |
132 |         row: u32,
    |         ^^^^^^^^

warning: missing documentation for a struct field
   --> crates/semantic/src/ir/semantic_image/full_wire/fault.rs:133:9
    |
133 |         owner: u32,
    |         ^^^^^^^^^^

warning: missing documentation for a struct field
   --> crates/semantic/src/ir/semantic_image/full_wire/fault.rs:134:9
    |
134 |         start: u32,
    |         ^^^^^^^^^^

warning: missing documentation for a struct field
   --> crates/semantic/src/ir/semantic_image/full_wire/fault.rs:135:9
    |
135 |         parameters: u32,
    |         ^^^^^^^^^^^^^^^

warning: missing documentation for a struct field
   --> crates/semantic/src/ir/semantic_image/full_wire/fault.rs:136:9
    |
136 |         results: u32,
    |         ^^^^^^^^^^^^

warning: missing documentation for a variant
   --> crates/semantic/src/ir/semantic_image/full_wire/fault.rs:139:5
    |
139 |     SignatureCarrierBindingTargetCount { expected: u32, observed: u32 },
    |     ^^^^^^^^^^^^^^^^^^^^^^^^^^^^^^^^^^

warning: missing documentation for a struct field
   --> crates/semantic/src/ir/semantic_image/full_wire/fault.rs:139:42
    |
139 |     SignatureCarrierBindingTargetCount { expected: u32, observed: u32 },
    |                                          ^^^^^^^^^^^^^

warning: missing documentation for a struct field
   --> crates/semantic/src/ir/semantic_image/full_wire/fault.rs:139:57
    |
139 |     SignatureCarrierBindingTargetCount { expected: u32, observed: u32 },
    |                                                         ^^^^^^^^^^^^^

warning: missing documentation for a variant
   --> crates/semantic/src/ir/semantic_image/full_wire/fault.rs:143:5
    |
143 |     SignatureCarrierBindingTargetKind {
    |     ^^^^^^^^^^^^^^^^^^^^^^^^^^^^^^^^^

warning: missing documentation for a struct field
   --> crates/semantic/src/ir/semantic_image/full_wire/fault.rs:144:9
    |
144 |         owner: u32,
    |         ^^^^^^^^^^

warning: missing documentation for a struct field
   --> crates/semantic/src/ir/semantic_image/full_wire/fault.rs:145:9
    |
145 |         role: crate::ir::SignatureCarrierBindingRole,
    |         ^^^^^^^^^^^^^^^^^^^^^^^^^^^^^^^^^^^^^^^^^^^^

warning: missing documentation for a struct field
   --> crates/semantic/src/ir/semantic_image/full_wire/fault.rs:146:9
    |
146 |         position: u32,
    |         ^^^^^^^^^^^^^

warning: missing documentation for a struct field
   --> crates/semantic/src/ir/semantic_image/full_wire/fault.rs:147:9
    |
147 |         target: u32,
    |         ^^^^^^^^^^^

warning: missing documentation for a struct field
   --> crates/semantic/src/ir/semantic_image/full_wire/fault.rs:148:9
    |
148 |         kind: crate::ir::ItemKind,
    |         ^^^^^^^^^^^^^^^^^^^^^^^^^

warning: missing documentation for a variant
   --> crates/semantic/src/ir/semantic_image/full_wire/fault.rs:153:5
    |
153 |     SignatureCarrierBindingType {
    |     ^^^^^^^^^^^^^^^^^^^^^^^^^^^

warning: missing documentation for a struct field
   --> crates/semantic/src/ir/semantic_image/full_wire/fault.rs:154:9
    |
154 |         owner: u32,
    |         ^^^^^^^^^^

warning: missing documentation for a struct field
   --> crates/semantic/src/ir/semantic_image/full_wire/fault.rs:155:9
    |
155 |         role: crate::ir::SignatureCarrierBindingRole,
    |         ^^^^^^^^^^^^^^^^^^^^^^^^^^^^^^^^^^^^^^^^^^^^

warning: missing documentation for a struct field
   --> crates/semantic/src/ir/semantic_image/full_wire/fault.rs:156:9
    |
156 |         position: u32,
    |         ^^^^^^^^^^^^^

warning: missing documentation for a struct field
   --> crates/semantic/src/ir/semantic_image/full_wire/fault.rs:157:9
    |
157 |         target: u32,
    |         ^^^^^^^^^^^

warning: missing documentation for a struct field
   --> crates/semantic/src/ir/semantic_image/full_wire/fault.rs:158:9
    |
158 |         expected: Option<crate::ir::TypeId>,
    |         ^^^^^^^^^^^^^^^^^^^^^^^^^^^^^^^^^^^

warning: missing documentation for a struct field
   --> crates/semantic/src/ir/semantic_image/full_wire/fault.rs:159:9
    |
159 |         observed: Option<crate::ir::TypeId>,
    |         ^^^^^^^^^^^^^^^^^^^^^^^^^^^^^^^^^^^

warning: missing documentation for a variant
   --> crates/semantic/src/ir/semantic_image/full_wire/fault.rs:162:5
    |
162 |     SignatureCarrierBindingRoleUnion {
    |     ^^^^^^^^^^^^^^^^^^^^^^^^^^^^^^^^

warning: missing documentation for a struct field
   --> crates/semantic/src/ir/semantic_image/full_wire/fault.rs:163:9
    |
163 |         entity: u32,
    |         ^^^^^^^^^^^

warning: missing documentation for a struct field
   --> crates/semantic/src/ir/semantic_image/full_wire/fault.rs:164:9
    |
164 |         expected: u8,
    |         ^^^^^^^^^^^^

warning: missing documentation for a struct field
   --> crates/semantic/src/ir/semantic_image/full_wire/fault.rs:165:9
    |
165 |         observed: u8,
    |         ^^^^^^^^^^^^

warning: missing documentation for a variant
   --> crates/semantic/src/ir/semantic_image/full_wire/fault.rs:168:5
    |
168 |     SignatureCarrierBindingScratch { bytes: usize },
    |     ^^^^^^^^^^^^^^^^^^^^^^^^^^^^^^

warning: missing documentation for a struct field
   --> crates/semantic/src/ir/semantic_image/full_wire/fault.rs:168:38
    |
168 |     SignatureCarrierBindingScratch { bytes: usize },
    |                                      ^^^^^^^^^^^^

warning: missing documentation for a variant
   --> crates/semantic/src/ir/semantic_image/full_wire/fault.rs:170:5
    |
170 |     SignatureCarrierBindingAllocation {
    |     ^^^^^^^^^^^^^^^^^^^^^^^^^^^^^^^^^

warning: missing documentation for a struct field
   --> crates/semantic/src/ir/semantic_image/full_wire/fault.rs:171:9
    |
171 |         field: FullSemanticImageField,
    |         ^^^^^^^^^^^^^^^^^^^^^^^^^^^^^

warning: missing documentation for a struct field
   --> crates/semantic/src/ir/semantic_image/full_wire/fault.rs:172:9
    |
172 |         bytes: usize,
    |         ^^^^^^^^^^^^

warning: missing documentation for a struct field
   --> crates/semantic/src/ir/semantic_image/full_wire/fault.rs:174:9
    |
174 |         cause: alloc::collections::TryReserveError,
    |         ^^^^^^^^^^^^^^^^^^^^^^^^^^^^^^^^^^^^^^^^^^

warning: missing documentation for a variant
   --> crates/semantic/src/ir/semantic_image/full_wire/fault.rs:177:5
    |
177 |     SourceSpan { row: u32, start: u32, end: u32 },
    |     ^^^^^^^^^^

warning: missing documentation for a struct field
   --> crates/semantic/src/ir/semantic_image/full_wire/fault.rs:177:18
    |
177 |     SourceSpan { row: u32, start: u32, end: u32 },
    |                  ^^^^^^^^

warning: missing documentation for a struct field
   --> crates/semantic/src/ir/semantic_image/full_wire/fault.rs:177:28
    |
177 |     SourceSpan { row: u32, start: u32, end: u32 },
    |                            ^^^^^^^^^^

warning: missing documentation for a struct field
   --> crates/semantic/src/ir/semantic_image/full_wire/fault.rs:177:40
    |
177 |     SourceSpan { row: u32, start: u32, end: u32 },
    |                                        ^^^^^^^^

warning: missing documentation for a variant
   --> crates/semantic/src/ir/semantic_image/full_wire/fault.rs:181:5
    |
181 |     Authority {
    |     ^^^^^^^^^

warning: missing documentation for a struct field
   --> crates/semantic/src/ir/semantic_image/full_wire/fault.rs:182:9
    |
182 |         row: u32,
    |         ^^^^^^^^

warning: missing documentation for a struct field
   --> crates/semantic/src/ir/semantic_image/full_wire/fault.rs:183:9
    |
183 |         plane: u8,
    |         ^^^^^^^^^

warning: missing documentation for a struct field
   --> crates/semantic/src/ir/semantic_image/full_wire/fault.rs:184:9
    |
184 |         claimed: u8,
    |         ^^^^^^^^^^^

warning: missing documentation for a struct field
   --> crates/semantic/src/ir/semantic_image/full_wire/fault.rs:185:9
    |
185 |         present: bool,
    |         ^^^^^^^^^^^^^

warning: missing documentation for a variant
   --> crates/semantic/src/ir/semantic_image/full_wire/fault.rs:188:5
    |
188 |     DuplicateIdentity { row: u32, existing: u32 },
    |     ^^^^^^^^^^^^^^^^^

warning: missing documentation for a struct field
   --> crates/semantic/src/ir/semantic_image/full_wire/fault.rs:188:25
    |
188 |     DuplicateIdentity { row: u32, existing: u32 },
    |                         ^^^^^^^^

warning: missing documentation for a struct field
   --> crates/semantic/src/ir/semantic_image/full_wire/fault.rs:188:35
    |
188 |     DuplicateIdentity { row: u32, existing: u32 },
    |                                   ^^^^^^^^^^^^^

warning: missing documentation for a variant
   --> crates/semantic/src/ir/semantic_image/full_wire/fault.rs:190:5
    |
190 |     DuplicateCanonicalRow {
    |     ^^^^^^^^^^^^^^^^^^^^^

warning: missing documentation for a struct field
   --> crates/semantic/src/ir/semantic_image/full_wire/fault.rs:191:9
    |
191 |         field: FullSemanticImageField,
    |         ^^^^^^^^^^^^^^^^^^^^^^^^^^^^^

warning: missing documentation for a struct field
   --> crates/semantic/src/ir/semantic_image/full_wire/fault.rs:192:9
    |
192 |         row: u32,
    |         ^^^^^^^^

warning: missing documentation for a struct field
   --> crates/semantic/src/ir/semantic_image/full_wire/fault.rs:193:9
    |
193 |         existing: u32,
    |         ^^^^^^^^^^^^^

warning: missing documentation for a variant
   --> crates/semantic/src/ir/semantic_image/full_wire/fault.rs:198:5
    |
198 |     DuplicateExtensionBinding {
    |     ^^^^^^^^^^^^^^^^^^^^^^^^^

warning: missing documentation for a struct field
   --> crates/semantic/src/ir/semantic_image/full_wire/fault.rs:199:9
    |
199 |         plane: FullDirectoryKind,
    |         ^^^^^^^^^^^^^^^^^^^^^^^^

warning: missing documentation for a struct field
   --> crates/semantic/src/ir/semantic_image/full_wire/fault.rs:200:9
    |
200 |         entity: u32,
    |         ^^^^^^^^^^^

warning: missing documentation for a struct field
   --> crates/semantic/src/ir/semantic_image/full_wire/fault.rs:201:9
    |
201 |         existing: u32,
    |         ^^^^^^^^^^^^^

warning: missing documentation for a struct field
   --> crates/semantic/src/ir/semantic_image/full_wire/fault.rs:202:9
    |
202 |         row: u32,
    |         ^^^^^^^^

warning: missing documentation for a variant
   --> crates/semantic/src/ir/semantic_image/full_wire/fault.rs:205:5
    |
205 |     UnboundExtensionFact { plane: FullDirectoryKind, fact: u32 },
    |     ^^^^^^^^^^^^^^^^^^^^

warning: missing documentation for a struct field
   --> crates/semantic/src/ir/semantic_image/full_wire/fault.rs:205:28
    |
205 |     UnboundExtensionFact { plane: FullDirectoryKind, fact: u32 },
    |                            ^^^^^^^^^^^^^^^^^^^^^^^^

warning: missing documentation for a struct field
   --> crates/semantic/src/ir/semantic_image/full_wire/fault.rs:205:54
    |
205 |     UnboundExtensionFact { plane: FullDirectoryKind, fact: u32 },
    |                                                      ^^^^^^^^^

warning: missing documentation for a variant
   --> crates/semantic/src/ir/semantic_image/full_wire/fault.rs:209:5
    |
209 |     ExtensionPlaneAuthority {
    |     ^^^^^^^^^^^^^^^^^^^^^^^

warning: missing documentation for a struct field
   --> crates/semantic/src/ir/semantic_image/full_wire/fault.rs:210:9
    |
210 |         plane: FullDirectoryKind,
    |         ^^^^^^^^^^^^^^^^^^^^^^^^

warning: missing documentation for a struct field
   --> crates/semantic/src/ir/semantic_image/full_wire/fault.rs:211:9
    |
211 |         authority: crate::ir::SemanticImageAuthority,
    |         ^^^^^^^^^^^^^^^^^^^^^^^^^^^^^^^^^^^^^^^^^^^^

warning: missing documentation for a struct field
   --> crates/semantic/src/ir/semantic_image/full_wire/fault.rs:212:9
    |
212 |         facts: u32,
    |         ^^^^^^^^^^

warning: missing documentation for a struct field
   --> crates/semantic/src/ir/semantic_image/full_wire/fault.rs:213:9
    |
213 |         fact_bytes: u32,
    |         ^^^^^^^^^^^^^^^

warning: missing documentation for a struct field
   --> crates/semantic/src/ir/semantic_image/full_wire/fault.rs:214:9
    |
214 |         bindings: u32,
    |         ^^^^^^^^^^^^^

warning: missing documentation for a struct field
   --> crates/semantic/src/ir/semantic_image/full_wire/fault.rs:215:9
    |
215 |         binding_bytes: u32,
    |         ^^^^^^^^^^^^^^^^^^

warning: missing documentation for a variant
   --> crates/semantic/src/ir/semantic_image/full_wire/fault.rs:218:5
    |
218 |     ParentCycle { entity: u32, parent: u32 },
    |     ^^^^^^^^^^^

warning: missing documentation for a struct field
   --> crates/semantic/src/ir/semantic_image/full_wire/fault.rs:218:19
    |
218 |     ParentCycle { entity: u32, parent: u32 },
    |                   ^^^^^^^^^^^

warning: missing documentation for a struct field
   --> crates/semantic/src/ir/semantic_image/full_wire/fault.rs:218:32
    |
218 |     ParentCycle { entity: u32, parent: u32 },
    |                                ^^^^^^^^^^^

warning: missing documentation for a variant
   --> crates/semantic/src/ir/semantic_image/full_wire/fault.rs:220:5
    |
220 |     Reserved {
    |     ^^^^^^^^

warning: missing documentation for a struct field
   --> crates/semantic/src/ir/semantic_image/full_wire/fault.rs:221:9
    |
221 |         field: FullSemanticImageField,
    |         ^^^^^^^^^^^^^^^^^^^^^^^^^^^^^

warning: missing documentation for a struct field
   --> crates/semantic/src/ir/semantic_image/full_wire/fault.rs:222:9
    |
222 |         row: u32,
    |         ^^^^^^^^

warning: missing documentation for a struct field
   --> crates/semantic/src/ir/semantic_image/full_wire/fault.rs:223:9
    |
223 |         observed: u8,
    |         ^^^^^^^^^^^^

warning: missing documentation for a variant
   --> crates/semantic/src/ir/semantic_image/full_wire/fault.rs:226:5
    |
226 |     CanonicalOrder {
    |     ^^^^^^^^^^^^^^

warning: missing documentation for a struct field
   --> crates/semantic/src/ir/semantic_image/full_wire/fault.rs:227:9
    |
227 |         field: FullSemanticImageField,
    |         ^^^^^^^^^^^^^^^^^^^^^^^^^^^^^

warning: missing documentation for a struct field
   --> crates/semantic/src/ir/semantic_image/full_wire/fault.rs:228:9
    |
228 |         previous: u32,
    |         ^^^^^^^^^^^^^

warning: missing documentation for a struct field
   --> crates/semantic/src/ir/semantic_image/full_wire/fault.rs:229:9
    |
229 |         row: u32,
    |         ^^^^^^^^

warning: missing documentation for a variant
   --> crates/semantic/src/ir/semantic_image/full_wire/fault.rs:232:5
    |
232 |     TypedRole { node: u32, edge: u32, role: u8 },
    |     ^^^^^^^^^

warning: missing documentation for a struct field
   --> crates/semantic/src/ir/semantic_image/full_wire/fault.rs:232:17
    |
232 |     TypedRole { node: u32, edge: u32, role: u8 },
    |                 ^^^^^^^^^

warning: missing documentation for a struct field
   --> crates/semantic/src/ir/semantic_image/full_wire/fault.rs:232:28
    |
232 |     TypedRole { node: u32, edge: u32, role: u8 },
    |                            ^^^^^^^^^

warning: missing documentation for a struct field
   --> crates/semantic/src/ir/semantic_image/full_wire/fault.rs:232:39
    |
232 |     TypedRole { node: u32, edge: u32, role: u8 },
    |                                       ^^^^^^^^

warning: missing documentation for a variant
   --> crates/semantic/src/ir/semantic_image/full_wire/fault.rs:234:5
    |
234 |     TypedTarget { node: u32, edge: u32, tag: u8 },
    |     ^^^^^^^^^^^

warning: missing documentation for a struct field
   --> crates/semantic/src/ir/semantic_image/full_wire/fault.rs:234:19
    |
234 |     TypedTarget { node: u32, edge: u32, tag: u8 },
    |                   ^^^^^^^^^

warning: missing documentation for a struct field
   --> crates/semantic/src/ir/semantic_image/full_wire/fault.rs:234:30
    |
234 |     TypedTarget { node: u32, edge: u32, tag: u8 },
    |                              ^^^^^^^^^

warning: missing documentation for a struct field
   --> crates/semantic/src/ir/semantic_image/full_wire/fault.rs:234:41
    |
234 |     TypedTarget { node: u32, edge: u32, tag: u8 },
    |                                         ^^^^^^^

warning: missing documentation for a variant
   --> crates/semantic/src/ir/semantic_image/full_wire/fault.rs:236:5
    |
236 |     TypedDomain { node: u32, domain: u8 },
    |     ^^^^^^^^^^^

warning: missing documentation for a struct field
   --> crates/semantic/src/ir/semantic_image/full_wire/fault.rs:236:19
    |
236 |     TypedDomain { node: u32, domain: u8 },
    |                   ^^^^^^^^^

warning: missing documentation for a struct field
   --> crates/semantic/src/ir/semantic_image/full_wire/fault.rs:236:30
    |
236 |     TypedDomain { node: u32, domain: u8 },
    |                              ^^^^^^^^^^

warning: missing documentation for a variant
   --> crates/semantic/src/ir/semantic_image/full_wire/fault.rs:238:5
    |
238 |     TypedShape { node: u32 },
    |     ^^^^^^^^^^

warning: missing documentation for a struct field
   --> crates/semantic/src/ir/semantic_image/full_wire/fault.rs:238:18
    |
238 |     TypedShape { node: u32 },
    |                  ^^^^^^^^^

warning: missing documentation for a variant
   --> crates/semantic/src/ir/semantic_image/full_wire/fault.rs:247:5
    |
247 |     Core(#[from] super::super::fault::CoreSemanticImageFault),
    |     ^^^^

warning: missing documentation for a variant
   --> crates/semantic/src/ir/semantic_image/full_wire/fault.rs:249:5
    |
249 |     Full(#[from] FullSemanticImageFault),
    |     ^^^^

warning: missing documentation for a variant
   --> crates/semantic/src/ir/semantic_image/full_wire/fault.rs:251:5
    |
251 |     ProofBackingMismatch,
    |     ^^^^^^^^^^^^^^^^^^^^

warning: missing documentation for a struct field
  --> crates/semantic/src/ir/semantic_image/full_wire/mapping.rs:64:12
   |
64 |     Read { offset: u64, source: E },
   |            ^^^^^^^^^^^

warning: missing documentation for a struct field
  --> crates/semantic/src/ir/semantic_image/full_wire/mapping.rs:64:25
   |
64 |     Read { offset: u64, source: E },
   |                         ^^^^^^^^^

warning: unreachable `pub` item
  --> crates/semantic/src/ir/semantic_image/typed/mod.rs:21:17
   |
21 | pub use model::{TypedPlanFault, TypedPlanNode, TypedPlanTerminal};
   | ---             ^^^^^^^^^^^^^^
   | |
   | help: consider restricting its visibility: `pub(super)`
   |
   = help: or consider exporting it for use by other crates

warning: unreachable `pub` item
  --> crates/semantic/src/ir/semantic_image/typed/mod.rs:21:33
   |
21 | pub use model::{TypedPlanFault, TypedPlanNode, TypedPlanTerminal};
   | ---                             ^^^^^^^^^^^^^
   | |
   | help: consider restricting its visibility: `pub(super)`
   |
   = help: or consider exporting it for use by other crates

warning: unreachable `pub` item
  --> crates/semantic/src/ir/semantic_image/typed/mod.rs:21:48
   |
21 | pub use model::{TypedPlanFault, TypedPlanNode, TypedPlanTerminal};
   | ---                                            ^^^^^^^^^^^^^^^^^
   | |
   | help: consider restricting its visibility: `pub(super)`
   |
   = help: or consider exporting it for use by other crates

warning: unreachable `pub` item
  --> crates/semantic/src/ir/semantic_image/typed/mod.rs:22:9
   |
22 | pub use traverse::TypedPlanError;
   | ---     ^^^^^^^^^^^^^^^^^^^^^^^^
   | |
   | help: consider restricting its visibility: `pub(super)`
   |
   = help: or consider exporting it for use by other crates

warning: unreachable `pub` item
   --> crates/semantic/src/ir/semantic_image/typed/model.rs:107:1
    |
107 | pub enum TypedPlanDomain {
    | ---^^^^^^^^^^^^^^^^^^^^^
    | |
    | help: consider restricting its visibility: `pub(crate)`
    |
    = help: or consider exporting it for use by other crates

warning: missing documentation for a variant
  --> crates/semantic/src/ir/semantic_render.rs:48:5
   |
48 |     NeutralTypeSuffix { entity: EntityId },
   |     ^^^^^^^^^^^^^^^^^

warning: missing documentation for a struct field
  --> crates/semantic/src/ir/semantic_render.rs:48:25
   |
48 |     NeutralTypeSuffix { entity: EntityId },
   |                         ^^^^^^^^^^^^^^^^

warning: missing documentation for a variant
  --> crates/semantic/src/ir/semantic_render.rs:52:5
   |
52 |     LanguageDeclarationSyntax {
   |     ^^^^^^^^^^^^^^^^^^^^^^^^^

warning: missing documentation for a struct field
  --> crates/semantic/src/ir/semantic_render.rs:53:9
   |
53 |         profile: LanguageProfile,
   |         ^^^^^^^^^^^^^^^^^^^^^^^^

warning: missing documentation for a struct field
  --> crates/semantic/src/ir/semantic_render.rs:54:9
   |
54 |         entity: EntityId,
   |         ^^^^^^^^^^^^^^^^

warning: missing documentation for a variant
  --> crates/semantic/src/ir/semantic_render.rs:59:5
   |
59 |     CFamilyDeclarator {
   |     ^^^^^^^^^^^^^^^^^

warning: missing documentation for a struct field
  --> crates/semantic/src/ir/semantic_render.rs:60:9
   |
60 |         profile: LanguageProfile,
   |         ^^^^^^^^^^^^^^^^^^^^^^^^

warning: missing documentation for a struct field
  --> crates/semantic/src/ir/semantic_render.rs:61:9
   |
61 |         entity: EntityId,
   |         ^^^^^^^^^^^^^^^^

warning: missing documentation for a variant
  --> crates/semantic/src/ir/semantic_render.rs:69:5
   |
69 |     MissingEntity { entity: EntityId },
   |     ^^^^^^^^^^^^^

warning: missing documentation for a struct field
  --> crates/semantic/src/ir/semantic_render.rs:69:21
   |
69 |     MissingEntity { entity: EntityId },
   |                     ^^^^^^^^^^^^^^^^

warning: missing documentation for a variant
  --> crates/semantic/src/ir/semantic_render.rs:71:5
   |
71 |     MissingAtom {
   |     ^^^^^^^^^^^

warning: missing documentation for a struct field
  --> crates/semantic/src/ir/semantic_render.rs:72:9
   |
72 |         entity: EntityId,
   |         ^^^^^^^^^^^^^^^^

warning: missing documentation for a struct field
  --> crates/semantic/src/ir/semantic_render.rs:73:9
   |
73 |         atom: crate::ir::AtomId,
   |         ^^^^^^^^^^^^^^^^^^^^^^^

warning: missing documentation for a variant
  --> crates/semantic/src/ir/semantic_render.rs:76:5
   |
76 |     Unsupported(#[from] UnsupportedSemanticStage),
   |     ^^^^^^^^^^^

warning: missing documentation for a variant
  --> crates/semantic/src/ir/semantic_render.rs:80:5
   |
80 |     OutputTooSmall {
   |     ^^^^^^^^^^^^^^

warning: missing documentation for a struct field
  --> crates/semantic/src/ir/semantic_render.rs:81:9
   |
81 |         entity: EntityId,
   |         ^^^^^^^^^^^^^^^^

warning: missing documentation for a struct field
  --> crates/semantic/src/ir/semantic_render.rs:82:9
   |
82 |         available: usize,
   |         ^^^^^^^^^^^^^^^^

warning: missing documentation for a struct field
  --> crates/semantic/src/ir/semantic_render.rs:83:9
   |
83 |         required_at_least: usize,
   |         ^^^^^^^^^^^^^^^^^^^^^^^^

warning: missing documentation for a variant
  --> crates/semantic/src/ir/semantic_render.rs:86:5
   |
86 |     OutputLengthOverflow { entity: EntityId },
   |     ^^^^^^^^^^^^^^^^^^^^

warning: missing documentation for a struct field
  --> crates/semantic/src/ir/semantic_render.rs:86:28
   |
86 |     OutputLengthOverflow { entity: EntityId },
   |                            ^^^^^^^^^^^^^^^^

warning: missing documentation for a variant
  --> crates/semantic/src/ir/semantic_render.rs:90:5
   |
90 |     PreparedLengthMismatch {
   |     ^^^^^^^^^^^^^^^^^^^^^^

warning: missing documentation for a struct field
  --> crates/semantic/src/ir/semantic_render.rs:91:9
   |
91 |         entity: EntityId,
   |         ^^^^^^^^^^^^^^^^

warning: missing documentation for a struct field
  --> crates/semantic/src/ir/semantic_render.rs:92:9
   |
92 |         promised: usize,
   |         ^^^^^^^^^^^^^^^

warning: missing documentation for a struct field
  --> crates/semantic/src/ir/semantic_render.rs:93:9
   |
93 |         written: usize,
   |         ^^^^^^^^^^^^^^

warning: missing documentation for a variant
  --> crates/semantic/src/ir/semantic_render.rs:96:5
   |
96 |     OutputWrite,
   |     ^^^^^^^^^^^

warning: missing documentation for a variant
  --> crates/semantic/src/ir/semantic_render.rs:98:5
   |
98 |     OutputEncoding {
   |     ^^^^^^^^^^^^^^

warning: missing documentation for a struct field
  --> crates/semantic/src/ir/semantic_render.rs:99:9
   |
99 |         valid_up_to: usize,
   |         ^^^^^^^^^^^^^^^^^^

warning: missing documentation for a struct field
   --> crates/semantic/src/ir/semantic_render.rs:101:9
    |
101 |         source: str::Utf8Error,
    |         ^^^^^^^^^^^^^^^^^^^^^^

warning: missing documentation for a struct field
   --> crates/semantic/src/ir/semantic_render.rs:108:5
    |
108 |     pub entity: CoreSemanticEntity,
    |     ^^^^^^^^^^^^^^^^^^^^^^^^^^^^^^

warning: missing documentation for a struct field
   --> crates/semantic/src/ir/semantic_render.rs:109:5
    |
109 |     pub encoded_len: usize,
    |     ^^^^^^^^^^^^^^^^^^^^^^

warning: missing documentation for an associated function
   --> crates/semantic/src/ir/semantic_render.rs:197:5
    |
197 | /     fn prepare<'image, R: SemanticCoreReader + ?Sized>(
198 | |         profile: LanguageProfile,
199 | |         reader: &'image R,
200 | |         entity: EntityId,
201 | |     ) -> Result<PreparedNeutral<'image, R>, RenderFailure>;
    | |___________________________________________________________^

warning: missing documentation for a variant
  --> crates/semantic/src/ir/semantic_render/canonical.rs:58:5
   |
58 |     MissingRoot {
   |     ^^^^^^^^^^^

warning: missing documentation for a variant
  --> crates/semantic/src/ir/semantic_render/canonical.rs:63:5
   |
63 |     MissingReference {
   |     ^^^^^^^^^^^^^^^^

warning: missing documentation for a variant
  --> crates/semantic/src/ir/semantic_render/canonical.rs:70:5
   |
70 |     TraversalLimit {
   |     ^^^^^^^^^^^^^^

warning: missing documentation for a variant
  --> crates/semantic/src/ir/semantic_render/canonical.rs:79:5
   |
79 |     OutputLengthOverflow {
   |     ^^^^^^^^^^^^^^^^^^^^

warning: missing documentation for a variant
  --> crates/semantic/src/ir/semantic_render/canonical.rs:84:5
   |
84 |     OutputTooSmall {
   |     ^^^^^^^^^^^^^^

warning: missing documentation for a variant
  --> crates/semantic/src/ir/semantic_render/canonical.rs:93:5
   |
93 |     PreparedLengthMismatch {
   |     ^^^^^^^^^^^^^^^^^^^^^^

warning: missing documentation for a variant
   --> crates/semantic/src/ir/semantic_render/canonical.rs:102:5
    |
102 |     OutputWrite {
    |     ^^^^^^^^^^^

warning: missing documentation for a variant
   --> crates/semantic/src/ir/semantic_render/canonical.rs:107:5
    |
107 |     OutputEncoding {
    |     ^^^^^^^^^^^^^^

warning: missing documentation for an associated function
   --> crates/semantic/src/ir/semantic_render/canonical.rs:127:5
    |
127 |     pub const fn new(maximum_depth: NonZeroUsize) -> Self {
    |     ^^^^^^^^^^^^^^^^^^^^^^^^^^^^^^^^^^^^^^^^^^^^^^^^^^^^^

warning: missing documentation for a struct field
  --> crates/semantic/src/ir/semantic_render/document.rs:87:21
   |
87 |     MissingEntity { entity: EntityId },
   |                     ^^^^^^^^^^^^^^^^

warning: missing documentation for a struct field
  --> crates/semantic/src/ir/semantic_render/document.rs:93:9
   |
93 |         entity: EntityId,
   |         ^^^^^^^^^^^^^^^^

warning: missing documentation for a struct field
  --> crates/semantic/src/ir/semantic_render/document.rs:94:9
   |
94 |         authority: SemanticImageAuthority,
   |         ^^^^^^^^^^^^^^^^^^^^^^^^^^^^^^^^^

warning: missing documentation for a struct field
   --> crates/semantic/src/ir/semantic_render/document.rs:101:9
    |
101 |         entity: EntityId,
    |         ^^^^^^^^^^^^^^^^

warning: missing documentation for a struct field
   --> crates/semantic/src/ir/semantic_render/document.rs:102:9
    |
102 |         requested: LanguageProfile,
    |         ^^^^^^^^^^^^^^^^^^^^^^^^^^

warning: missing documentation for a struct field
   --> crates/semantic/src/ir/semantic_render/document.rs:103:9
    |
103 |         observed: LanguageProfile,
    |         ^^^^^^^^^^^^^^^^^^^^^^^^^

warning: missing documentation for a struct field
   --> crates/semantic/src/ir/semantic_render/document.rs:110:9
    |
110 |         entity: EntityId,
    |         ^^^^^^^^^^^^^^^^

warning: missing documentation for a struct field
   --> crates/semantic/src/ir/semantic_render/document.rs:111:9
    |
111 |         profile: LanguageProfile,
    |         ^^^^^^^^^^^^^^^^^^^^^^^^

warning: missing documentation for a struct field
   --> crates/semantic/src/ir/semantic_render/document.rs:112:9
    |
112 |         fact: SemanticDocumentFact,
    |         ^^^^^^^^^^^^^^^^^^^^^^^^^^

warning: missing documentation for a struct field
   --> crates/semantic/src/ir/semantic_render/document.rs:119:9
    |
119 |         entity: EntityId,
    |         ^^^^^^^^^^^^^^^^

warning: missing documentation for a struct field
   --> crates/semantic/src/ir/semantic_render/document.rs:120:9
    |
120 |         fact: SemanticDocumentFact,
    |         ^^^^^^^^^^^^^^^^^^^^^^^^^^

warning: missing documentation for a struct field
   --> crates/semantic/src/ir/semantic_render/document.rs:121:9
    |
121 |         claimed: FactAvailability,
    |         ^^^^^^^^^^^^^^^^^^^^^^^^^

warning: missing documentation for a struct field
   --> crates/semantic/src/ir/semantic_render/document.rs:122:9
    |
122 |         present: bool,
    |         ^^^^^^^^^^^^^

warning: missing documentation for a struct field
   --> crates/semantic/src/ir/semantic_render/document.rs:127:9
    |
127 |         entity: EntityId,
    |         ^^^^^^^^^^^^^^^^

warning: missing documentation for a struct field
   --> crates/semantic/src/ir/semantic_render/document.rs:128:9
    |
128 |         reference: SemanticDocumentReference,
    |         ^^^^^^^^^^^^^^^^^^^^^^^^^^^^^^^^^^^^

warning: missing documentation for a struct field
   --> crates/semantic/src/ir/semantic_render/document.rs:133:9
    |
133 |         entity: EntityId,
    |         ^^^^^^^^^^^^^^^^

warning: missing documentation for a struct field
   --> crates/semantic/src/ir/semantic_render/document.rs:134:9
    |
134 |         semantic_type: TypeId,
    |         ^^^^^^^^^^^^^^^^^^^^^

warning: missing documentation for a struct field
   --> crates/semantic/src/ir/semantic_render/document.rs:136:9
    |
136 |         cause: CanonicalTypeRenderError,
    |         ^^^^^^^^^^^^^^^^^^^^^^^^^^^^^^^

warning: missing documentation for a struct field
   --> crates/semantic/src/ir/semantic_render/document.rs:143:9
    |
143 |         entity: EntityId,
    |         ^^^^^^^^^^^^^^^^

warning: missing documentation for a struct field
   --> crates/semantic/src/ir/semantic_render/document.rs:144:9
    |
144 |         required: usize,
    |         ^^^^^^^^^^^^^^^

warning: missing documentation for a struct field
   --> crates/semantic/src/ir/semantic_render/document.rs:145:9
    |
145 |         available: usize,
    |         ^^^^^^^^^^^^^^^^

warning: missing documentation for a struct field
   --> crates/semantic/src/ir/semantic_render/document.rs:149:28
    |
149 |     OutputLengthOverflow { entity: EntityId },
    |                            ^^^^^^^^^^^^^^^^

warning: missing documentation for a struct field
   --> crates/semantic/src/ir/semantic_render/document.rs:155:9
    |
155 |         entity: EntityId,
    |         ^^^^^^^^^^^^^^^^

warning: missing documentation for a struct field
   --> crates/semantic/src/ir/semantic_render/document.rs:156:9
    |
156 |         promised: usize,
    |         ^^^^^^^^^^^^^^^

warning: missing documentation for a struct field
   --> crates/semantic/src/ir/semantic_render/document.rs:157:9
    |
157 |         written: usize,
    |         ^^^^^^^^^^^^^^

warning: missing documentation for a struct field
   --> crates/semantic/src/ir/semantic_render/document.rs:161:19
    |
161 |     OutputWrite { entity: EntityId },
    |                   ^^^^^^^^^^^^^^^^

warning: missing documentation for a struct field
   --> crates/semantic/src/ir/semantic_render/document.rs:167:9
    |
167 |         entity: EntityId,
    |         ^^^^^^^^^^^^^^^^

warning: missing documentation for a struct field
   --> crates/semantic/src/ir/semantic_render/document.rs:168:9
    |
168 |         valid_up_to: usize,
    |         ^^^^^^^^^^^^^^^^^^

warning: missing documentation for a struct field
   --> crates/semantic/src/ir/semantic_render/document.rs:170:9
    |
170 |         source: str::Utf8Error,
    |         ^^^^^^^^^^^^^^^^^^^^^^

warning: missing documentation for a struct field
   --> crates/semantic/src/ir/semantic_render/document.rs:179:21
    |
179 |     MissingEntity { entity: EntityId },
    |                     ^^^^^^^^^^^^^^^^

warning: missing documentation for a struct field
   --> crates/semantic/src/ir/semantic_render/document.rs:185:9
    |
185 |         entity: EntityId,
    |         ^^^^^^^^^^^^^^^^

warning: missing documentation for a struct field
   --> crates/semantic/src/ir/semantic_render/document.rs:186:9
    |
186 |         authority: SemanticImageAuthority,
    |         ^^^^^^^^^^^^^^^^^^^^^^^^^^^^^^^^^

warning: missing documentation for a struct field
   --> crates/semantic/src/ir/semantic_render/document.rs:193:9
    |
193 |         entity: EntityId,
    |         ^^^^^^^^^^^^^^^^

warning: missing documentation for a struct field
   --> crates/semantic/src/ir/semantic_render/document.rs:194:9
    |
194 |         requested: LanguageProfile,
    |         ^^^^^^^^^^^^^^^^^^^^^^^^^^

warning: missing documentation for a struct field
   --> crates/semantic/src/ir/semantic_render/document.rs:195:9
    |
195 |         observed: LanguageProfile,
    |         ^^^^^^^^^^^^^^^^^^^^^^^^^

warning: missing documentation for a struct field
   --> crates/semantic/src/ir/semantic_render/document.rs:202:9
    |
202 |         entity: EntityId,
    |         ^^^^^^^^^^^^^^^^

warning: missing documentation for a struct field
   --> crates/semantic/src/ir/semantic_render/document.rs:203:9
    |
203 |         profile: LanguageProfile,
    |         ^^^^^^^^^^^^^^^^^^^^^^^^

warning: missing documentation for a struct field
   --> crates/semantic/src/ir/semantic_render/document.rs:204:9
    |
204 |         fact: SemanticDocumentFact,
    |         ^^^^^^^^^^^^^^^^^^^^^^^^^^

warning: missing documentation for a struct
  --> crates/semantic/src/ir/type_facts.rs:36:1
   |
36 | pub struct TypeFactInput<'bytes> {
   | ^^^^^^^^^^^^^^^^^^^^^^^^^^^^^^^^

warning: missing documentation for a struct field
  --> crates/semantic/src/ir/type_facts.rs:37:5
   |
37 |     pub owner: EntityId,
   |     ^^^^^^^^^^^^^^^^^^^

warning: missing documentation for a struct field
  --> crates/semantic/src/ir/type_facts.rs:38:5
   |
38 |     pub record: SemanticTypeRecord<'bytes>,
   |     ^^^^^^^^^^^^^^^^^^^^^^^^^^^^^^^^^^^^^^

warning: missing documentation for a struct
  --> crates/semantic/src/ir/type_facts.rs:42:1
   |
42 | pub struct TypeFactLane<'bytes> {
   | ^^^^^^^^^^^^^^^^^^^^^^^^^^^^^^^

warning: missing documentation for a struct field
  --> crates/semantic/src/ir/type_facts.rs:43:5
   |
43 |     pub inputs: &'bytes [TypeFactInput<'bytes>],
   |     ^^^^^^^^^^^^^^^^^^^^^^^^^^^^^^^^^^^^^^^^^^^

warning: missing documentation for a struct field
  --> crates/semantic/src/ir/type_facts.rs:46:5
   |
46 |     pub children: &'bytes [SemanticTypeChild<'bytes>],
   |     ^^^^^^^^^^^^^^^^^^^^^^^^^^^^^^^^^^^^^^^^^^^^^^^^^

warning: missing documentation for a struct field
  --> crates/semantic/src/ir/type_facts.rs:57:5
   |
57 |     pub declared: u32,
   |     ^^^^^^^^^^^^^^^^^

warning: missing documentation for a struct field
  --> crates/semantic/src/ir/type_facts.rs:58:5
   |
58 |     pub computed: u32,
   |     ^^^^^^^^^^^^^^^^^

warning: missing documentation for an associated function
  --> crates/semantic/src/ir/type_facts.rs:62:5
   |
62 |     pub const fn new(declared: u32, computed: u32) -> Self {
   |     ^^^^^^^^^^^^^^^^^^^^^^^^^^^^^^^^^^^^^^^^^^^^^^^^^^^^^^

warning: missing documentation for an enum
  --> crates/semantic/src/ir/type_facts.rs:78:1
   |
78 | pub enum TypeFactFault {
   | ^^^^^^^^^^^^^^^^^^^^^^

warning: missing documentation for a variant
  --> crates/semantic/src/ir/type_facts.rs:80:5
   |
80 |     CountOverflow { declared: u32, computed: u32 },
   |     ^^^^^^^^^^^^^

warning: missing documentation for a struct field
  --> crates/semantic/src/ir/type_facts.rs:80:21
   |
80 |     CountOverflow { declared: u32, computed: u32 },
   |                     ^^^^^^^^^^^^^

warning: missing documentation for a struct field
  --> crates/semantic/src/ir/type_facts.rs:80:36
   |
80 |     CountOverflow { declared: u32, computed: u32 },
   |                                    ^^^^^^^^^^^^^

warning: missing documentation for a variant
  --> crates/semantic/src/ir/type_facts.rs:82:5
   |
82 |     Owner {
   |     ^^^^^

warning: missing documentation for a struct field
  --> crates/semantic/src/ir/type_facts.rs:83:9
   |
83 |         ordinal: u32,
   |         ^^^^^^^^^^^^

warning: missing documentation for a struct field
  --> crates/semantic/src/ir/type_facts.rs:84:9
   |
84 |         owner: EntityId,
   |         ^^^^^^^^^^^^^^^

warning: missing documentation for a struct field
  --> crates/semantic/src/ir/type_facts.rs:85:9
   |
85 |         entity_count: u32,
   |         ^^^^^^^^^^^^^^^^^

warning: missing documentation for a variant
  --> crates/semantic/src/ir/type_facts.rs:88:5
   |
88 |     Record {
   |     ^^^^^^

warning: missing documentation for a struct field
  --> crates/semantic/src/ir/type_facts.rs:89:9
   |
89 |         ordinal: u32,
   |         ^^^^^^^^^^^^

warning: missing documentation for a struct field
  --> crates/semantic/src/ir/type_facts.rs:90:9
   |
90 |         fault: SemanticTypeFault,
   |         ^^^^^^^^^^^^^^^^^^^^^^^^

warning: missing documentation for a variant
  --> crates/semantic/src/ir/type_facts.rs:93:5
   |
93 |     ChildSpan {
   |     ^^^^^^^^^

warning: missing documentation for a struct field
  --> crates/semantic/src/ir/type_facts.rs:94:9
   |
94 |         ordinal: u32,
   |         ^^^^^^^^^^^^

warning: missing documentation for a struct field
  --> crates/semantic/src/ir/type_facts.rs:95:9
   |
95 |         start: u32,
   |         ^^^^^^^^^^

warning: missing documentation for a struct field
  --> crates/semantic/src/ir/type_facts.rs:96:9
   |
96 |         length: u32,
   |         ^^^^^^^^^^^

warning: missing documentation for a struct field
  --> crates/semantic/src/ir/type_facts.rs:97:9
   |
97 |         child_count: u32,
   |         ^^^^^^^^^^^^^^^^

warning: missing documentation for a variant
   --> crates/semantic/src/ir/type_facts.rs:100:5
    |
100 |     ForwardReference {
    |     ^^^^^^^^^^^^^^^^

warning: missing documentation for a struct field
   --> crates/semantic/src/ir/type_facts.rs:101:9
    |
101 |         ordinal: u32,
    |         ^^^^^^^^^^^^

warning: missing documentation for a struct field
   --> crates/semantic/src/ir/type_facts.rs:102:9
    |
102 |         position: u32,
    |         ^^^^^^^^^^^^^

warning: missing documentation for a struct field
   --> crates/semantic/src/ir/type_facts.rs:103:9
    |
103 |         target: u32,
    |         ^^^^^^^^^^^

warning: missing documentation for a variant
   --> crates/semantic/src/ir/type_facts.rs:108:5
    |
108 |     ComputedTargetFromDeclared {
    |     ^^^^^^^^^^^^^^^^^^^^^^^^^^

warning: missing documentation for a struct field
   --> crates/semantic/src/ir/type_facts.rs:109:9
    |
109 |         ordinal: u32,
    |         ^^^^^^^^^^^^

warning: missing documentation for a struct field
   --> crates/semantic/src/ir/type_facts.rs:110:9
    |
110 |         position: u32,
    |         ^^^^^^^^^^^^^

warning: missing documentation for a struct field
   --> crates/semantic/src/ir/type_facts.rs:111:9
    |
111 |         target: u32,
    |         ^^^^^^^^^^^

warning: missing documentation for a variant
   --> crates/semantic/src/ir/type_facts.rs:114:5
    |
114 |     ComputedForwardReference {
    |     ^^^^^^^^^^^^^^^^^^^^^^^^

warning: missing documentation for a struct field
   --> crates/semantic/src/ir/type_facts.rs:115:9
    |
115 |         ordinal: u32,
    |         ^^^^^^^^^^^^

warning: missing documentation for a struct field
   --> crates/semantic/src/ir/type_facts.rs:116:9
    |
116 |         position: u32,
    |         ^^^^^^^^^^^^^

warning: missing documentation for a struct field
   --> crates/semantic/src/ir/type_facts.rs:117:9
    |
117 |         target: u32,
    |         ^^^^^^^^^^^

warning: missing documentation for a variant
   --> crates/semantic/src/ir/type_facts.rs:122:5
    |
122 |     ChildTargetOutOfRange {
    |     ^^^^^^^^^^^^^^^^^^^^^

warning: missing documentation for a struct field
   --> crates/semantic/src/ir/type_facts.rs:123:9
    |
123 |         ordinal: u32,
    |         ^^^^^^^^^^^^

warning: missing documentation for a struct field
   --> crates/semantic/src/ir/type_facts.rs:124:9
    |
124 |         position: u32,
    |         ^^^^^^^^^^^^^

warning: missing documentation for a struct field
   --> crates/semantic/src/ir/type_facts.rs:125:9
    |
125 |         target: u32,
    |         ^^^^^^^^^^^

warning: missing documentation for a struct field
   --> crates/semantic/src/ir/type_facts.rs:126:9
    |
126 |         record_count: u32,
    |         ^^^^^^^^^^^^^^^^^

warning: missing documentation for a variant
   --> crates/semantic/src/ir/type_facts.rs:129:5
    |
129 |     NominalForward { ordinal: u32, target: u32 },
    |     ^^^^^^^^^^^^^^

warning: missing documentation for a struct field
   --> crates/semantic/src/ir/type_facts.rs:129:22
    |
129 |     NominalForward { ordinal: u32, target: u32 },
    |                      ^^^^^^^^^^^^

warning: missing documentation for a struct field
   --> crates/semantic/src/ir/type_facts.rs:129:36
    |
129 |     NominalForward { ordinal: u32, target: u32 },
    |                                    ^^^^^^^^^^^

warning: missing documentation for a variant
   --> crates/semantic/src/ir/type_facts.rs:131:5
    |
131 |     NominalOutOfRange { ordinal: u32, target: u32 },
    |     ^^^^^^^^^^^^^^^^^

warning: missing documentation for a struct field
   --> crates/semantic/src/ir/type_facts.rs:131:25
    |
131 |     NominalOutOfRange { ordinal: u32, target: u32 },
    |                         ^^^^^^^^^^^^

warning: missing documentation for a struct field
   --> crates/semantic/src/ir/type_facts.rs:131:39
    |
131 |     NominalOutOfRange { ordinal: u32, target: u32 },
    |                                       ^^^^^^^^^^^

warning: missing documentation for a variant
   --> crates/semantic/src/ir/type_facts.rs:133:5
    |
133 |     Authority {
    |     ^^^^^^^^^

warning: missing documentation for a struct field
   --> crates/semantic/src/ir/type_facts.rs:134:9
    |
134 |         ordinal: u32,
    |         ^^^^^^^^^^^^

warning: missing documentation for a struct field
   --> crates/semantic/src/ir/type_facts.rs:135:9
    |
135 |         position: u32,
    |         ^^^^^^^^^^^^^

warning: missing documentation for a struct field
   --> crates/semantic/src/ir/type_facts.rs:137:9
    |
137 |         source: ContentIdDecodeError,
    |         ^^^^^^^^^^^^^^^^^^^^^^^^^^^^

warning: missing documentation for a variant
   --> crates/semantic/src/ir/type_facts.rs:140:5
    |
140 |     Truncated { ordinal: u32, needed: usize },
    |     ^^^^^^^^^

warning: missing documentation for a struct field
   --> crates/semantic/src/ir/type_facts.rs:140:17
    |
140 |     Truncated { ordinal: u32, needed: usize },
    |                 ^^^^^^^^^^^^

warning: missing documentation for a struct field
   --> crates/semantic/src/ir/type_facts.rs:140:31
    |
140 |     Truncated { ordinal: u32, needed: usize },
    |                               ^^^^^^^^^^^^^

warning: missing documentation for a variant
   --> crates/semantic/src/ir/type_facts.rs:142:5
    |
142 |     TrailingBytes { declared: u32 },
    |     ^^^^^^^^^^^^^

warning: missing documentation for a struct field
   --> crates/semantic/src/ir/type_facts.rs:142:21
    |
142 |     TrailingBytes { declared: u32 },
    |                     ^^^^^^^^^^^^^

warning: missing documentation for a variant
   --> crates/semantic/src/ir/type_facts.rs:144:5
    |
144 |     Tag {
    |     ^^^

warning: missing documentation for a struct field
   --> crates/semantic/src/ir/type_facts.rs:145:9
    |
145 |         ordinal: u32,
    |         ^^^^^^^^^^^^

warning: missing documentation for a struct field
   --> crates/semantic/src/ir/type_facts.rs:146:9
    |
146 |         field: &'static str,
    |         ^^^^^^^^^^^^^^^^^^^

warning: missing documentation for a struct field
   --> crates/semantic/src/ir/type_facts.rs:147:9
    |
147 |         actual: u8,
    |         ^^^^^^^^^^

warning: missing documentation for a variant
   --> crates/semantic/src/ir/type_facts.rs:150:5
    |
150 |     Text { ordinal: u32, position: u32 },
    |     ^^^^

warning: missing documentation for a struct field
   --> crates/semantic/src/ir/type_facts.rs:150:12
    |
150 |     Text { ordinal: u32, position: u32 },
    |            ^^^^^^^^^^^^

warning: missing documentation for a struct field
   --> crates/semantic/src/ir/type_facts.rs:150:26
    |
150 |     Text { ordinal: u32, position: u32 },
    |                          ^^^^^^^^^^^^^

warning: missing documentation for a method
   --> crates/semantic/src/ir/type_facts.rs:172:5
    |
172 | /     pub fn admit(
173 | |         &self,
174 | |         entity_count: u32,
175 | |         children: &[SemanticTypeChild<'bytes>],
176 | |     ) -> Result<(), TypeFactFault> {
    | |__________________________________^

warning: missing documentation for a method
   --> crates/semantic/src/ir/type_facts.rs:180:5
    |
180 | /     pub fn admit_schema(
181 | |         &self,
182 | |         entity_count: u32,
183 | |         children: &[SemanticTypeChild<'bytes>],
184 | |         schema: u16,
185 | |     ) -> Result<(), TypeFactFault> {
    | |__________________________________^

warning: missing documentation for a method
   --> crates/semantic/src/ir/type_facts.rs:283:5
    |
283 |     pub fn payload_len(&self) -> usize {
    |     ^^^^^^^^^^^^^^^^^^^^^^^^^^^^^^^^^^

warning: missing documentation for a method
   --> crates/semantic/src/ir/type_facts.rs:310:5
    |
310 |     pub fn write_payload(&self, output: &mut [u8]) {
    |     ^^^^^^^^^^^^^^^^^^^^^^^^^^^^^^^^^^^^^^^^^^^^^^

warning: unreachable `pub` item
   --> crates/semantic/src/ir/type_facts.rs:444:1
    |
444 |   pub fn validate_payload(
    |   ^--
    |   |
    |  _help: consider restricting its visibility: `pub(super)`
    | |
445 | |     payload: &[u8],
446 | |     entity_count: u32,
447 | |     schema: u16,
448 | | ) -> Result<TypeFactCounts, TypeFactFault> {
    | |__________________________________________^
    |
    = help: or consider exporting it for use by other crates

warning: missing documentation for a variant
   --> crates/semantic/src/ir/type_facts.rs:765:5
    |
765 |     Declared,
    |     ^^^^^^^^

warning: missing documentation for a variant
   --> crates/semantic/src/ir/type_facts.rs:766:5
    |
766 |     Computed,
    |     ^^^^^^^^

warning: missing documentation for a struct
   --> crates/semantic/src/ir/type_facts.rs:770:1
    |
770 | pub struct DecodedTypeFact<'fragment> {
    | ^^^^^^^^^^^^^^^^^^^^^^^^^^^^^^^^^^^^^

warning: missing documentation for a struct field
   --> crates/semantic/src/ir/type_facts.rs:771:5
    |
771 |     pub owner: EntityId,
    |     ^^^^^^^^^^^^^^^^^^^

warning: missing documentation for a struct field
   --> crates/semantic/src/ir/type_facts.rs:772:5
    |
772 |     pub record: SemanticTypeRecord<'fragment>,
    |     ^^^^^^^^^^^^^^^^^^^^^^^^^^^^^^^^^^^^^^^^^

warning: missing documentation for a struct field
   --> crates/semantic/src/ir/type_facts.rs:773:5
    |
773 |     pub segment: TypeFactSegment,
    |     ^^^^^^^^^^^^^^^^^^^^^^^^^^^^

warning: missing documentation for a struct field
   --> crates/semantic/src/ir/type_facts.rs:782:5
    |
782 |     pub ordinal: u32,
    |     ^^^^^^^^^^^^^^^^

warning: missing documentation for a struct field
   --> crates/semantic/src/ir/type_facts.rs:783:5
    |
783 |     pub child: SemanticTypeChild<'fragment>,
    |     ^^^^^^^^^^^^^^^^^^^^^^^^^^^^^^^^^^^^^^^

warning: missing documentation for a struct
   --> crates/semantic/src/ir/type_facts.rs:786:1
    |
786 | pub struct TypeFactCursor<'fragment> {
    | ^^^^^^^^^^^^^^^^^^^^^^^^^^^^^^^^^^^^

warning: missing documentation for a struct field
   --> crates/semantic/src/ir/typed_plane_manifest_v2.rs:701:24
    |
701 |     ManifestTooLarge { actual: usize, maximum: usize },
    |                        ^^^^^^^^^^^^^

warning: missing documentation for a struct field
   --> crates/semantic/src/ir/typed_plane_manifest_v2.rs:701:39
    |
701 |     ManifestTooLarge { actual: usize, maximum: usize },
    |                                       ^^^^^^^^^^^^^^

warning: missing documentation for a struct field
   --> crates/semantic/src/ir/typed_plane_manifest_v2.rs:704:23
    |
704 |     TooManySegments { actual: usize, maximum: usize },
    |                       ^^^^^^^^^^^^^

warning: missing documentation for a struct field
   --> crates/semantic/src/ir/typed_plane_manifest_v2.rs:704:38
    |
704 |     TooManySegments { actual: usize, maximum: usize },
    |                                      ^^^^^^^^^^^^^^

warning: missing documentation for a struct field
   --> crates/semantic/src/ir/typed_plane_manifest_v2.rs:712:29
    |
712 |     ResidentLimitExceeded { estimated: usize, maximum: usize },
    |                             ^^^^^^^^^^^^^^^^

warning: missing documentation for a struct field
   --> crates/semantic/src/ir/typed_plane_manifest_v2.rs:712:47
    |
712 |     ResidentLimitExceeded { estimated: usize, maximum: usize },
    |                                               ^^^^^^^^^^^^^^

warning: missing documentation for a struct field
   --> crates/semantic/src/ir/typed_plane_manifest_v2.rs:718:19
    |
718 |     FamilyCount { observed: u8 },
    |                   ^^^^^^^^^^^^

warning: missing documentation for a struct field
   --> crates/semantic/src/ir/typed_plane_manifest_v2.rs:722:9
    |
722 |         index: usize,
    |         ^^^^^^^^^^^^

warning: missing documentation for a struct field
   --> crates/semantic/src/ir/typed_plane_manifest_v2.rs:723:9
    |
723 |         expected: SemanticIrPlane,
    |         ^^^^^^^^^^^^^^^^^^^^^^^^^

warning: missing documentation for a struct field
   --> crates/semantic/src/ir/typed_plane_manifest_v2.rs:724:9
    |
724 |         observed: SemanticIrPlane,
    |         ^^^^^^^^^^^^^^^^^^^^^^^^^

warning: missing documentation for a struct field
   --> crates/semantic/src/ir/typed_plane_manifest_v2.rs:731:20
    |
731 |     SegmentClaim { index: usize },
    |                    ^^^^^^^^^^^^

warning: missing documentation for a struct field
   --> crates/semantic/src/ir/typed_plane_manifest_v2.rs:740:20
    |
740 |     SegmentOrder { index: usize },
    |                    ^^^^^^^^^^^^

warning: missing documentation for a struct field
   --> crates/semantic/src/ir/typed_plane_manifest_v2.rs:743:36
    |
743 |     SegmentExceedsBoundaryPolicy { index: usize },
    |                                    ^^^^^^^^^^^^

warning: missing documentation for a struct field
   --> crates/semantic/src/ir/typed_plane_manifest_v2.rs:749:29
    |
749 |     InputClaimNotComplete { observed: Coverage },
    |                             ^^^^^^^^^^^^^^^^^^

warning: missing documentation for a struct field
   --> crates/semantic/src/ir/typed_plane_manifest_v2.rs:788:22
    |
788 |     LengthMismatch { expected: usize, observed: usize },
    |                      ^^^^^^^^^^^^^^^

warning: missing documentation for a struct field
   --> crates/semantic/src/ir/typed_plane_manifest_v2.rs:788:39
    |
788 |     LengthMismatch { expected: usize, observed: usize },
    |                                       ^^^^^^^^^^^^^^^

warning: missing documentation for an associated function
  --> crates/semantic/src/ir/vcs.rs:26:5
   |
26 |     pub const fn from_raw(bytes: [u8; 32]) -> Self {
   |     ^^^^^^^^^^^^^^^^^^^^^^^^^^^^^^^^^^^^^^^^^^^^^^

warning: missing documentation for an associated function
  --> crates/semantic/src/ir/vcs.rs:30:5
   |
30 |     pub fn from_canonical_bytes(bytes: &[u8]) -> Self {
   |     ^^^^^^^^^^^^^^^^^^^^^^^^^^^^^^^^^^^^^^^^^^^^^^^^^

warning: missing documentation for a method
  --> crates/semantic/src/ir/vcs.rs:34:5
   |
34 |     pub const fn as_bytes(&self) -> &[u8; 32] {
   |     ^^^^^^^^^^^^^^^^^^^^^^^^^^^^^^^^^^^^^^^^^

warning: missing documentation for a struct field
  --> crates/semantic/src/ir/vcs.rs:42:5
   |
42 |     pub generation: GenerationId,
   |     ^^^^^^^^^^^^^^^^^^^^^^^^^^^^

warning: missing documentation for a struct field
  --> crates/semantic/src/ir/vcs.rs:43:5
   |
43 |     pub ir: &'ir Ir,
   |     ^^^^^^^^^^^^^^^

warning: missing documentation for a struct field
  --> crates/semantic/src/ir/vcs.rs:64:5
   |
64 |     pub generation: GenerationId,
   |     ^^^^^^^^^^^^^^^^^^^^^^^^^^^^

warning: missing documentation for a struct field
  --> crates/semantic/src/ir/vcs.rs:65:5
   |
65 |     pub reader: &'reader Reader,
   |     ^^^^^^^^^^^^^^^^^^^^^^^^^^^

warning: missing documentation for an enum
  --> crates/semantic/src/ir/vcs.rs:87:1
   |
87 | pub enum Delta<T> {
   | ^^^^^^^^^^^^^^^^^

warning: missing documentation for a variant
  --> crates/semantic/src/ir/vcs.rs:88:5
   |
88 |     Unchanged,
   |     ^^^^^^^^^

warning: missing documentation for a variant
  --> crates/semantic/src/ir/vcs.rs:89:5
   |
89 |     Changed { before: T, after: T },
   |     ^^^^^^^

warning: missing documentation for a struct field
  --> crates/semantic/src/ir/vcs.rs:89:15
   |
89 |     Changed { before: T, after: T },
   |               ^^^^^^^^^

warning: missing documentation for a struct field
  --> crates/semantic/src/ir/vcs.rs:89:26
   |
89 |     Changed { before: T, after: T },
   |                          ^^^^^^^^

warning: missing documentation for a variant
  --> crates/semantic/src/ir/vcs.rs:95:5
   |
95 |     Complete,
   |     ^^^^^^^^

warning: missing documentation for a variant
  --> crates/semantic/src/ir/vcs.rs:96:5
   |
96 |     Partial,
   |     ^^^^^^^

warning: missing documentation for a variant
  --> crates/semantic/src/ir/vcs.rs:97:5
   |
97 |     Unavailable,
   |     ^^^^^^^^^^^

warning: missing documentation for a variant
   --> crates/semantic/src/ir/vcs.rs:103:5
    |
103 |     Unchanged,
    |     ^^^^^^^^^

warning: missing documentation for a variant
   --> crates/semantic/src/ir/vcs.rs:104:5
    |
104 |     Changed,
    |     ^^^^^^^

warning: missing documentation for a struct field
   --> crates/semantic/src/ir/vcs.rs:114:5
    |
114 |     pub coverage: Delta<FacetCoverage>,
    |     ^^^^^^^^^^^^^^^^^^^^^^^^^^^^^^^^^^

warning: missing documentation for a struct field
   --> crates/semantic/src/ir/vcs.rs:115:5
    |
115 |     pub comparison: FacetComparison,
    |     ^^^^^^^^^^^^^^^^^^^^^^^^^^^^^^^

warning: missing documentation for a struct field
   --> crates/semantic/src/ir/vcs.rs:138:5
    |
138 |     pub declaration_shape: FacetChange,
    |     ^^^^^^^^^^^^^^^^^^^^^^^^^^^^^^^^^^

warning: missing documentation for a struct field
   --> crates/semantic/src/ir/vcs.rs:139:5
    |
139 |     pub documentation: FacetChange,
    |     ^^^^^^^^^^^^^^^^^^^^^^^^^^^^^^

warning: missing documentation for a struct field
   --> crates/semantic/src/ir/vcs.rs:140:5
    |
140 |     pub visibility: FacetChange,
    |     ^^^^^^^^^^^^^^^^^^^^^^^^^^^

warning: missing documentation for a struct field
   --> crates/semantic/src/ir/vcs.rs:141:5
    |
141 |     pub attributes: FacetChange,
    |     ^^^^^^^^^^^^^^^^^^^^^^^^^^^

warning: missing documentation for a struct field
   --> crates/semantic/src/ir/vcs.rs:142:5
    |
142 |     pub source: FacetChange,
    |     ^^^^^^^^^^^^^^^^^^^^^^^

warning: missing documentation for a struct field
   --> crates/semantic/src/ir/vcs.rs:143:5
    |
143 |     pub language_extension: FacetChange,
    |     ^^^^^^^^^^^^^^^^^^^^^^^^^^^^^^^^^^^

warning: missing documentation for a method
   --> crates/semantic/src/ir/vcs.rs:148:5
    |
148 |     pub const fn requires_change(self) -> bool {
    |     ^^^^^^^^^^^^^^^^^^^^^^^^^^^^^^^^^^^^^^^^^^

warning: missing documentation for an enum
   --> crates/semantic/src/ir/vcs.rs:159:1
    |
159 | pub enum EntityChange<'before, 'after> {
    | ^^^^^^^^^^^^^^^^^^^^^^^^^^^^^^^^^^^^^^

warning: missing documentation for a variant
   --> crates/semantic/src/ir/vcs.rs:160:5
    |
160 |     Introduced {
    |     ^^^^^^^^^^

warning: missing documentation for a struct field
   --> crates/semantic/src/ir/vcs.rs:161:9
    |
161 |         identity: DeclarationIdentity,
    |         ^^^^^^^^^^^^^^^^^^^^^^^^^^^^^

warning: missing documentation for a struct field
   --> crates/semantic/src/ir/vcs.rs:162:9
    |
162 |         after: ItemView<'after>,
    |         ^^^^^^^^^^^^^^^^^^^^^^^

warning: missing documentation for a variant
   --> crates/semantic/src/ir/vcs.rs:164:5
    |
164 |     Deleted {
    |     ^^^^^^^

warning: missing documentation for a struct field
   --> crates/semantic/src/ir/vcs.rs:165:9
    |
165 |         identity: DeclarationIdentity,
    |         ^^^^^^^^^^^^^^^^^^^^^^^^^^^^^

warning: missing documentation for a struct field
   --> crates/semantic/src/ir/vcs.rs:166:9
    |
166 |         before: ItemView<'before>,
    |         ^^^^^^^^^^^^^^^^^^^^^^^^^

warning: missing documentation for a variant
   --> crates/semantic/src/ir/vcs.rs:168:5
    |
168 |     Retained {
    |     ^^^^^^^^

warning: missing documentation for a struct field
   --> crates/semantic/src/ir/vcs.rs:169:9
    |
169 |         family: DeclarationFamilyId,
    |         ^^^^^^^^^^^^^^^^^^^^^^^^^^^

warning: missing documentation for a struct field
   --> crates/semantic/src/ir/vcs.rs:170:9
    |
170 |         before: ItemView<'before>,
    |         ^^^^^^^^^^^^^^^^^^^^^^^^^

warning: missing documentation for a struct field
   --> crates/semantic/src/ir/vcs.rs:171:9
    |
171 |         after: ItemView<'after>,
    |         ^^^^^^^^^^^^^^^^^^^^^^^

warning: missing documentation for a struct field
   --> crates/semantic/src/ir/vcs.rs:172:9
    |
172 |         variant: Delta<VariantFingerprint>,
    |         ^^^^^^^^^^^^^^^^^^^^^^^^^^^^^^^^^^

warning: missing documentation for a struct field
   --> crates/semantic/src/ir/vcs.rs:173:9
    |
173 |         core_payload: Delta<CorePayloadHash>,
    |         ^^^^^^^^^^^^^^^^^^^^^^^^^^^^^^^^^^^^

warning: missing documentation for a struct field
   --> crates/semantic/src/ir/vcs.rs:174:9
    |
174 |         parent: Delta<Option<DeclarationIdentity>>,
    |         ^^^^^^^^^^^^^^^^^^^^^^^^^^^^^^^^^^^^^^^^^^

warning: missing documentation for a struct field
   --> crates/semantic/src/ir/vcs.rs:175:9
    |
175 |         facets: EntityFacetChanges,
    |         ^^^^^^^^^^^^^^^^^^^^^^^^^^

warning: missing documentation for a struct field
   --> crates/semantic/src/ir/vcs.rs:193:5
    |
193 |     pub id: EntityId,
    |     ^^^^^^^^^^^^^^^^

warning: missing documentation for a struct field
   --> crates/semantic/src/ir/vcs.rs:194:5
    |
194 |     pub identity: DeclarationIdentity,
    |     ^^^^^^^^^^^^^^^^^^^^^^^^^^^^^^^^^

warning: missing documentation for an enum
   --> crates/semantic/src/ir/vcs.rs:234:1
    |
234 | / pub enum SemanticEntityChange<
235 | |     'before,
236 | |     'after,
237 | |     Before: SemanticReader + ?Sized,
238 | |     After: SemanticReader + ?Sized,
239 | | > {
    | |_^

warning: missing documentation for a variant
   --> crates/semantic/src/ir/vcs.rs:240:5
    |
240 |     Introduced {
    |     ^^^^^^^^^^

warning: missing documentation for a struct field
   --> crates/semantic/src/ir/vcs.rs:241:9
    |
241 |         identity: DeclarationIdentity,
    |         ^^^^^^^^^^^^^^^^^^^^^^^^^^^^^

warning: missing documentation for a struct field
   --> crates/semantic/src/ir/vcs.rs:242:9
    |
242 |         after: SemanticEntityRef<'after, After>,
    |         ^^^^^^^^^^^^^^^^^^^^^^^^^^^^^^^^^^^^^^^

warning: missing documentation for a variant
   --> crates/semantic/src/ir/vcs.rs:244:5
    |
244 |     Deleted {
    |     ^^^^^^^

warning: missing documentation for a struct field
   --> crates/semantic/src/ir/vcs.rs:245:9
    |
245 |         identity: DeclarationIdentity,
    |         ^^^^^^^^^^^^^^^^^^^^^^^^^^^^^

warning: missing documentation for a struct field
   --> crates/semantic/src/ir/vcs.rs:246:9
    |
246 |         before: SemanticEntityRef<'before, Before>,
    |         ^^^^^^^^^^^^^^^^^^^^^^^^^^^^^^^^^^^^^^^^^^

warning: missing documentation for a variant
   --> crates/semantic/src/ir/vcs.rs:248:5
    |
248 |     Retained {
    |     ^^^^^^^^

warning: missing documentation for a struct field
   --> crates/semantic/src/ir/vcs.rs:249:9
    |
249 |         identity: DeclarationIdentity,
    |         ^^^^^^^^^^^^^^^^^^^^^^^^^^^^^

warning: missing documentation for a struct field
   --> crates/semantic/src/ir/vcs.rs:250:9
    |
250 |         before: SemanticEntityRef<'before, Before>,
    |         ^^^^^^^^^^^^^^^^^^^^^^^^^^^^^^^^^^^^^^^^^^

warning: missing documentation for a struct field
   --> crates/semantic/src/ir/vcs.rs:251:9
    |
251 |         after: SemanticEntityRef<'after, After>,
    |         ^^^^^^^^^^^^^^^^^^^^^^^^^^^^^^^^^^^^^^^

warning: missing documentation for a struct field
   --> crates/semantic/src/ir/vcs.rs:252:9
    |
252 |         core_payload: Delta<CorePayloadHash>,
    |         ^^^^^^^^^^^^^^^^^^^^^^^^^^^^^^^^^^^^

warning: missing documentation for a struct field
   --> crates/semantic/src/ir/vcs.rs:253:9
    |
253 |         parent: Delta<Option<DeclarationIdentity>>,
    |         ^^^^^^^^^^^^^^^^^^^^^^^^^^^^^^^^^^^^^^^^^^

warning: missing documentation for a struct field
   --> crates/semantic/src/ir/vcs.rs:254:9
    |
254 |         facets: EntityFacetChanges,
    |         ^^^^^^^^^^^^^^^^^^^^^^^^^^

warning: missing documentation for an associated function
   --> crates/semantic/src/ir/vcs.rs:317:5
    |
317 | /     pub fn new(
318 | |         before: SemanticSnapshot<'before, Before>,
319 | |         after: SemanticSnapshot<'after, After>,
320 | |     ) -> Self {
    | |_____________^

warning: missing documentation for a struct field
    --> crates/semantic/src/ir/vcs.rs:2114:5
     |
2114 |     pub id: LinkId,
     |     ^^^^^^^^^^^^^^

warning: missing documentation for a struct field
    --> crates/semantic/src/ir/vcs.rs:2115:5
     |
2115 |     pub key: StableLinkKey,
     |     ^^^^^^^^^^^^^^^^^^^^^^

warning: missing documentation for a struct field
    --> crates/semantic/src/ir/vcs.rs:2116:5
     |
2116 |     pub evidence: Link,
     |     ^^^^^^^^^^^^^^^^^^

warning: missing documentation for an associated function
    --> crates/semantic/src/ir/vcs.rs:2147:5
     |
2147 |     pub fn new(snapshot: SemanticSnapshot<'reader, Reader>) -> Self {
     |     ^^^^^^^^^^^^^^^^^^^^^^^^^^^^^^^^^^^^^^^^^^^^^^^^^^^^^^^^^^^^^^^

warning: missing documentation for a variant
    --> crates/semantic/src/ir/vcs.rs:2180:5
     |
2180 |     Added,
     |     ^^^^^

warning: missing documentation for a variant
    --> crates/semantic/src/ir/vcs.rs:2181:5
     |
2181 |     Removed,
     |     ^^^^^^^

warning: missing documentation for a variant
    --> crates/semantic/src/ir/vcs.rs:2182:5
     |
2182 |     EvidenceChanged,
     |     ^^^^^^^^^^^^^^^

warning: missing documentation for a struct
    --> crates/semantic/src/ir/vcs.rs:2185:1
     |
2185 | / pub struct SemanticLinkChange<
2186 | |     'before,
2187 | |     'after,
2188 | |     Before: SemanticReader + ?Sized,
2189 | |     After: SemanticReader + ?Sized,
2190 | | > {
     | |_^

warning: missing documentation for a struct field
    --> crates/semantic/src/ir/vcs.rs:2191:5
     |
2191 |     pub key: StableLinkKey,
     |     ^^^^^^^^^^^^^^^^^^^^^^

warning: missing documentation for a struct field
    --> crates/semantic/src/ir/vcs.rs:2192:5
     |
2192 |     pub kind: SemanticLinkChangeKind,
     |     ^^^^^^^^^^^^^^^^^^^^^^^^^^^^^^^^

warning: missing documentation for a struct field
    --> crates/semantic/src/ir/vcs.rs:2193:5
     |
2193 |     pub before: Option<SemanticStableLink<'before, Before>>,
     |     ^^^^^^^^^^^^^^^^^^^^^^^^^^^^^^^^^^^^^^^^^^^^^^^^^^^^^^^

warning: missing documentation for a struct field
    --> crates/semantic/src/ir/vcs.rs:2194:5
     |
2194 |     pub after: Option<SemanticStableLink<'after, After>>,
     |     ^^^^^^^^^^^^^^^^^^^^^^^^^^^^^^^^^^^^^^^^^^^^^^^^^^^^

warning: missing documentation for an associated function
    --> crates/semantic/src/ir/vcs.rs:2230:5
     |
2230 | /     pub fn new(
2231 | |         before: SemanticSnapshot<'before, Before>,
2232 | |         after: SemanticSnapshot<'after, After>,
2233 | |     ) -> Self {
     | |_____________^

warning: missing documentation for a struct field
    --> crates/semantic/src/ir/vcs.rs:2342:5
     |
2342 |     pub entities: SemanticEntityChanges<'before, 'after, Before, After>,
     |     ^^^^^^^^^^^^^^^^^^^^^^^^^^^^^^^^^^^^^^^^^^^^^^^^^^^^^^^^^^^^^^^^^^^

warning: missing documentation for a struct field
    --> crates/semantic/src/ir/vcs.rs:2343:5
     |
2343 |     pub links: SemanticLinkChanges<'before, 'after, Before, After>,
     |     ^^^^^^^^^^^^^^^^^^^^^^^^^^^^^^^^^^^^^^^^^^^^^^^^^^^^^^^^^^^^^^

warning: missing documentation for an associated function
    --> crates/semantic/src/ir/vcs.rs:2354:5
     |
2354 | /     pub fn between(
2355 | |         before: SemanticSnapshot<'before, Before>,
2356 | |         after: SemanticSnapshot<'after, After>,
2357 | |     ) -> Self {
     | |_____________^

warning: missing documentation for an associated function
    --> crates/semantic/src/ir/vcs.rs:2413:5
     |
2413 |     pub fn new(before: Snapshot<'before>, after: Snapshot<'after>) -> Self {
     |     ^^^^^^^^^^^^^^^^^^^^^^^^^^^^^^^^^^^^^^^^^^^^^^^^^^^^^^^^^^^^^^^^^^^^^^

warning: missing documentation for a struct field
    --> crates/semantic/src/ir/vcs.rs:2551:5
     |
2551 |     pub from: DeclarationIdentity,
     |     ^^^^^^^^^^^^^^^^^^^^^^^^^^^^^

warning: missing documentation for a struct field
    --> crates/semantic/src/ir/vcs.rs:2552:5
     |
2552 |     pub target: DeclarationLinkTarget,
     |     ^^^^^^^^^^^^^^^^^^^^^^^^^^^^^^^^^

warning: missing documentation for a struct field
    --> crates/semantic/src/ir/vcs.rs:2553:5
     |
2553 |     pub kind: LinkKind,
     |     ^^^^^^^^^^^^^^^^^^

warning: missing documentation for a struct field
    --> crates/semantic/src/ir/vcs.rs:2559:5
     |
2559 |     pub id: LinkId,
     |     ^^^^^^^^^^^^^^

warning: missing documentation for a struct field
    --> crates/semantic/src/ir/vcs.rs:2560:5
     |
2560 |     pub key: StableLinkKey,
     |     ^^^^^^^^^^^^^^^^^^^^^^

warning: missing documentation for a struct field
    --> crates/semantic/src/ir/vcs.rs:2561:5
     |
2561 |     pub evidence: Link,
     |     ^^^^^^^^^^^^^^^^^^

warning: missing documentation for a variant
    --> crates/semantic/src/ir/vcs.rs:2616:5
     |
2616 |     Added,
     |     ^^^^^

warning: missing documentation for a variant
    --> crates/semantic/src/ir/vcs.rs:2617:5
     |
2617 |     Removed,
     |     ^^^^^^^

warning: missing documentation for a variant
    --> crates/semantic/src/ir/vcs.rs:2618:5
     |
2618 |     EvidenceChanged,
     |     ^^^^^^^^^^^^^^^

warning: missing documentation for a struct field
    --> crates/semantic/src/ir/vcs.rs:2624:5
     |
2624 |     pub key: StableLinkKey,
     |     ^^^^^^^^^^^^^^^^^^^^^^

warning: missing documentation for a struct field
    --> crates/semantic/src/ir/vcs.rs:2625:5
     |
2625 |     pub kind: LinkChangeKind,
     |     ^^^^^^^^^^^^^^^^^^^^^^^^

warning: missing documentation for a struct field
    --> crates/semantic/src/ir/vcs.rs:2626:5
     |
2626 |     pub before: Option<StableLink<'before>>,
     |     ^^^^^^^^^^^^^^^^^^^^^^^^^^^^^^^^^^^^^^^

warning: missing documentation for a struct field
    --> crates/semantic/src/ir/vcs.rs:2627:5
     |
2627 |     pub after: Option<StableLink<'after>>,
     |     ^^^^^^^^^^^^^^^^^^^^^^^^^^^^^^^^^^^^^

warning: missing documentation for an associated function
    --> crates/semantic/src/ir/vcs.rs:2638:5
     |
2638 |     pub fn new(before: Snapshot<'before>, after: Snapshot<'after>) -> Self {
     |     ^^^^^^^^^^^^^^^^^^^^^^^^^^^^^^^^^^^^^^^^^^^^^^^^^^^^^^^^^^^^^^^^^^^^^^

warning: missing documentation for a struct field
    --> crates/semantic/src/ir/vcs.rs:2786:5
     |
2786 |     pub entities: EntityChanges<'before, 'after>,
     |     ^^^^^^^^^^^^^^^^^^^^^^^^^^^^^^^^^^^^^^^^^^^^

warning: missing documentation for a struct field
    --> crates/semantic/src/ir/vcs.rs:2787:5
     |
2787 |     pub links: LinkChanges<'before, 'after>,
     |     ^^^^^^^^^^^^^^^^^^^^^^^^^^^^^^^^^^^^^^^

warning: missing documentation for an associated function
    --> crates/semantic/src/ir/vcs.rs:2792:5
     |
2792 |     pub fn between(before: Snapshot<'before>, after: Snapshot<'after>) -> Self {
     |     ^^^^^^^^^^^^^^^^^^^^^^^^^^^^^^^^^^^^^^^^^^^^^^^^^^^^^^^^^^^^^^^^^^^^^^^^^^

warning: missing documentation for a method
  --> crates/semantic/src/ir/versioned.rs:48:5
   |
48 |     pub const fn as_bytes(&self) -> &[u8; 32] {
   |     ^^^^^^^^^^^^^^^^^^^^^^^^^^^^^^^^^^^^^^^^^

warning: missing documentation for an associated function
  --> crates/semantic/src/ir/versioned.rs:61:5
   |
61 |     pub const fn from_raw(bytes: [u8; 32]) -> Self {
   |     ^^^^^^^^^^^^^^^^^^^^^^^^^^^^^^^^^^^^^^^^^^^^^^

warning: missing documentation for a method
  --> crates/semantic/src/ir/versioned.rs:66:5
   |
66 |     pub const fn as_bytes(&self) -> &[u8; 32] {
   |     ^^^^^^^^^^^^^^^^^^^^^^^^^^^^^^^^^^^^^^^^^

warning: missing documentation for a method
  --> crates/semantic/src/ir/versioned.rs:79:5
   |
79 |     pub const fn as_bytes(&self) -> &[u8; 32] {
   |     ^^^^^^^^^^^^^^^^^^^^^^^^^^^^^^^^^^^^^^^^^

warning: missing documentation for a method
   --> crates/semantic/src/ir/versioned.rs:229:5
    |
229 |     pub const fn model(&self) -> &[u8; 32] {
    |     ^^^^^^^^^^^^^^^^^^^^^^^^^^^^^^^^^^^^^^

warning: missing documentation for a method
   --> crates/semantic/src/ir/versioned.rs:233:5
    |
233 |     pub const fn model_version(&self) -> &[u8; 32] {
    |     ^^^^^^^^^^^^^^^^^^^^^^^^^^^^^^^^^^^^^^^^^^^^^^

warning: missing documentation for a method
   --> crates/semantic/src/ir/versioned.rs:237:5
    |
237 |     pub const fn tokenizer(&self) -> &[u8; 32] {
    |     ^^^^^^^^^^^^^^^^^^^^^^^^^^^^^^^^^^^^^^^^^^

warning: missing documentation for a method
   --> crates/semantic/src/ir/versioned.rs:241:5
    |
241 |     pub const fn dimension(&self) -> u32 {
    |     ^^^^^^^^^^^^^^^^^^^^^^^^^^^^^^^^^^^^

warning: missing documentation for a method
   --> crates/semantic/src/ir/versioned.rs:245:5
    |
245 |     pub const fn normalization(&self) -> EmbeddingNormalization {
    |     ^^^^^^^^^^^^^^^^^^^^^^^^^^^^^^^^^^^^^^^^^^^^^^^^^^^^^^^^^^^

warning: missing documentation for a method
   --> crates/semantic/src/ir/versioned.rs:249:5
    |
249 |     pub const fn toolchain(&self) -> &[u8; 32] {
    |     ^^^^^^^^^^^^^^^^^^^^^^^^^^^^^^^^^^^^^^^^^^

warning: missing documentation for a method
   --> crates/semantic/src/ir/versioned.rs:253:5
    |
253 |     pub const fn recipe(&self) -> &[u8; 32] {
    |     ^^^^^^^^^^^^^^^^^^^^^^^^^^^^^^^^^^^^^^^

warning: missing documentation for an associated function
   --> crates/semantic/src/ir/versioned.rs:282:5
    |
282 | /     pub const fn new(
283 | |         package: [u8; 32],
284 | |         target: [u8; 32],
285 | |         profile: LanguageProfile,
...   |
290 | |         target_platform: [u8; 32],
291 | |     ) -> Self {
    | |_____________^

warning: missing documentation for a method
   --> crates/semantic/src/ir/versioned.rs:305:5
    |
305 |     pub const fn package(&self) -> &[u8; 32] {
    |     ^^^^^^^^^^^^^^^^^^^^^^^^^^^^^^^^^^^^^^^^

warning: missing documentation for a method
   --> crates/semantic/src/ir/versioned.rs:309:5
    |
309 |     pub const fn target(&self) -> &[u8; 32] {
    |     ^^^^^^^^^^^^^^^^^^^^^^^^^^^^^^^^^^^^^^^

warning: missing documentation for a method
   --> crates/semantic/src/ir/versioned.rs:313:5
    |
313 |     pub const fn profile(&self) -> LanguageProfile {
    |     ^^^^^^^^^^^^^^^^^^^^^^^^^^^^^^^^^^^^^^^^^^^^^^

warning: missing documentation for a method
   --> crates/semantic/src/ir/versioned.rs:317:5
    |
317 |     pub const fn stage(&self) -> Stage {
    |     ^^^^^^^^^^^^^^^^^^^^^^^^^^^^^^^^^^

warning: missing documentation for a method
   --> crates/semantic/src/ir/versioned.rs:321:5
    |
321 |     pub const fn recipe(&self) -> &[u8; 32] {
    |     ^^^^^^^^^^^^^^^^^^^^^^^^^^^^^^^^^^^^^^^

warning: missing documentation for a method
   --> crates/semantic/src/ir/versioned.rs:325:5
    |
325 |     pub const fn toolchain(&self) -> &[u8; 32] {
    |     ^^^^^^^^^^^^^^^^^^^^^^^^^^^^^^^^^^^^^^^^^^

warning: missing documentation for a method
   --> crates/semantic/src/ir/versioned.rs:329:5
    |
329 |     pub const fn environment(&self) -> &[u8; 32] {
    |     ^^^^^^^^^^^^^^^^^^^^^^^^^^^^^^^^^^^^^^^^^^^^

warning: missing documentation for a method
   --> crates/semantic/src/ir/versioned.rs:333:5
    |
333 |     pub const fn target_platform(&self) -> &[u8; 32] {
    |     ^^^^^^^^^^^^^^^^^^^^^^^^^^^^^^^^^^^^^^^^^^^^^^^^

warning: missing documentation for a method
   --> crates/semantic/src/ir/versioned.rs:349:5
    |
349 |     pub const fn state(self) -> Coverage {
    |     ^^^^^^^^^^^^^^^^^^^^^^^^^^^^^^^^^^^^

warning: missing documentation for a method
   --> crates/semantic/src/ir/versioned.rs:353:5
    |
353 |     pub const fn is_authorized_complete(self) -> bool {
    |     ^^^^^^^^^^^^^^^^^^^^^^^^^^^^^^^^^^^^^^^^^^^^^^^^^

warning: missing documentation for a method
   --> crates/semantic/src/ir/versioned.rs:553:5
    |
553 |     pub const fn input_root(&self) -> &[u8; 32] {
    |     ^^^^^^^^^^^^^^^^^^^^^^^^^^^^^^^^^^^^^^^^^^^

warning: missing documentation for a method
   --> crates/semantic/src/ir/versioned.rs:557:5
    |
557 |     pub const fn read_manifest_root(&self) -> ScopeRoot {
    |     ^^^^^^^^^^^^^^^^^^^^^^^^^^^^^^^^^^^^^^^^^^^^^^^^^^^

warning: missing documentation for a method
   --> crates/semantic/src/ir/versioned.rs:561:5
    |
561 |     pub fn coverage(&self) -> SemanticCoverageState {
    |     ^^^^^^^^^^^^^^^^^^^^^^^^^^^^^^^^^^^^^^^^^^^^^^^

warning: missing documentation for a method
   --> crates/semantic/src/ir/versioned.rs:673:5
    |
673 |     pub const fn first_key(&self) -> &[u8; 32] {
    |     ^^^^^^^^^^^^^^^^^^^^^^^^^^^^^^^^^^^^^^^^^^

warning: missing documentation for a method
   --> crates/semantic/src/ir/versioned.rs:677:5
    |
677 |     pub const fn last_key(&self) -> &[u8; 32] {
    |     ^^^^^^^^^^^^^^^^^^^^^^^^^^^^^^^^^^^^^^^^^

warning: missing documentation for a method
   --> crates/semantic/src/ir/versioned.rs:681:5
    |
681 |     pub const fn row_count(&self) -> u32 {
    |     ^^^^^^^^^^^^^^^^^^^^^^^^^^^^^^^^^^^^

warning: missing documentation for a method
   --> crates/semantic/src/ir/versioned.rs:685:5
    |
685 |     pub const fn byte_length(&self) -> u64 {
    |     ^^^^^^^^^^^^^^^^^^^^^^^^^^^^^^^^^^^^^^

warning: missing documentation for a method
   --> crates/semantic/src/ir/versioned.rs:689:5
    |
689 |     pub const fn id_claim(&self) -> UntrustedSemanticSegmentId {
    |     ^^^^^^^^^^^^^^^^^^^^^^^^^^^^^^^^^^^^^^^^^^^^^^^^^^^^^^^^^^

warning: missing documentation for a method
   --> crates/semantic/src/ir/versioned.rs:693:5
    |
693 |     pub const fn admitted_id(&self) -> Option<SemanticSegmentId> {
    |     ^^^^^^^^^^^^^^^^^^^^^^^^^^^^^^^^^^^^^^^^^^^^^^^^^^^^^^^^^^^^

warning: missing documentation for a method
   --> crates/semantic/src/ir/versioned.rs:697:5
    |
697 |     pub const fn input_witness(&self) -> SemanticInputWitness {
    |     ^^^^^^^^^^^^^^^^^^^^^^^^^^^^^^^^^^^^^^^^^^^^^^^^^^^^^^^^^

warning: missing documentation for a method
   --> crates/semantic/src/ir/versioned.rs:832:5
    |
832 |     pub const fn kind(&self) -> SemanticPlaneKind {
    |     ^^^^^^^^^^^^^^^^^^^^^^^^^^^^^^^^^^^^^^^^^^^^^

warning: missing documentation for a method
   --> crates/semantic/src/ir/versioned.rs:836:5
    |
836 |     pub fn segments(&self) -> &[SemanticPlaneSegment] {
    |     ^^^^^^^^^^^^^^^^^^^^^^^^^^^^^^^^^^^^^^^^^^^^^^^^^

warning: missing documentation for a method
   --> crates/semantic/src/ir/versioned.rs:840:5
    |
840 |     pub const fn root(&self) -> SemanticPlaneRoot {
    |     ^^^^^^^^^^^^^^^^^^^^^^^^^^^^^^^^^^^^^^^^^^^^^

warning: missing documentation for a method
   --> crates/semantic/src/ir/versioned.rs:844:5
    |
844 |     pub fn coverage(&self) -> SemanticCoverageState {
    |     ^^^^^^^^^^^^^^^^^^^^^^^^^^^^^^^^^^^^^^^^^^^^^^^

warning: missing documentation for a method
   --> crates/semantic/src/ir/versioned.rs:873:5
    |
873 |     pub const fn as_bytes(&self) -> &[u8; 32] {
    |     ^^^^^^^^^^^^^^^^^^^^^^^^^^^^^^^^^^^^^^^^^

warning: missing documentation for a method
   --> crates/semantic/src/ir/versioned.rs:915:5
    |
915 |     pub const fn artifact_ordinal(self) -> u32 {
    |     ^^^^^^^^^^^^^^^^^^^^^^^^^^^^^^^^^^^^^^^^^^

warning: missing documentation for a method
   --> crates/semantic/src/ir/versioned.rs:920:5
    |
920 |     pub const fn semantic_generation(self) -> GenerationId {
    |     ^^^^^^^^^^^^^^^^^^^^^^^^^^^^^^^^^^^^^^^^^^^^^^^^^^^^^^

warning: missing documentation for a method
   --> crates/semantic/src/ir/versioned.rs:925:5
    |
925 |     pub const fn manifest_root(self) -> SemanticManifestRoot {
    |     ^^^^^^^^^^^^^^^^^^^^^^^^^^^^^^^^^^^^^^^^^^^^^^^^^^^^^^^^

warning: missing documentation for a method
   --> crates/semantic/src/ir/versioned.rs:950:5
    |
950 |     pub const fn as_bytes(&self) -> &[u8; 32] {
    |     ^^^^^^^^^^^^^^^^^^^^^^^^^^^^^^^^^^^^^^^^^

warning: missing documentation for a method
   --> crates/semantic/src/ir/versioned.rs:978:5
    |
978 |     pub const fn image(self) -> SemanticPlaneImageKey {
    |     ^^^^^^^^^^^^^^^^^^^^^^^^^^^^^^^^^^^^^^^^^^^^^^^^^

warning: missing documentation for a method
   --> crates/semantic/src/ir/versioned.rs:983:5
    |
983 |     pub const fn manifest_length(self) -> u32 {
    |     ^^^^^^^^^^^^^^^^^^^^^^^^^^^^^^^^^^^^^^^^^

warning: missing documentation for a method
    --> crates/semantic/src/ir/versioned.rs:1073:5
     |
1073 |     pub fn entries(&self) -> &[SemanticPlaneCatalogEntry] {
     |     ^^^^^^^^^^^^^^^^^^^^^^^^^^^^^^^^^^^^^^^^^^^^^^^^^^^^^

warning: missing documentation for a method
    --> crates/semantic/src/ir/versioned.rs:1078:5
     |
1078 |     pub const fn root(&self) -> SemanticPlaneCatalogRoot {
     |     ^^^^^^^^^^^^^^^^^^^^^^^^^^^^^^^^^^^^^^^^^^^^^^^^^^^^

warning: missing documentation for an associated function
    --> crates/semantic/src/ir/versioned.rs:1096:5
     |
1096 | /     pub fn new(
1097 | |         semantic_generation: GenerationId,
1098 | |         build: SemanticBuildIdentity,
1099 | |         input: SemanticInputWitness,
1100 | |         planes: Vec<SemanticPlane>,
1101 | |     ) -> Result<Self, SemanticManifestError> {
     | |____________________________________________^

warning: missing documentation for a method
    --> crates/semantic/src/ir/versioned.rs:1358:5
     |
1358 |     pub const fn root(&self) -> SemanticManifestRoot {
     |     ^^^^^^^^^^^^^^^^^^^^^^^^^^^^^^^^^^^^^^^^^^^^^^^^

warning: missing documentation for a method
    --> crates/semantic/src/ir/versioned.rs:1367:5
     |
1367 |     pub const fn build(&self) -> SemanticBuildIdentity {
     |     ^^^^^^^^^^^^^^^^^^^^^^^^^^^^^^^^^^^^^^^^^^^^^^^^^^

warning: missing documentation for a method
    --> crates/semantic/src/ir/versioned.rs:1371:5
     |
1371 |     pub const fn input(&self) -> SemanticInputWitness {
     |     ^^^^^^^^^^^^^^^^^^^^^^^^^^^^^^^^^^^^^^^^^^^^^^^^^

warning: missing documentation for a method
    --> crates/semantic/src/ir/versioned.rs:1375:5
     |
1375 |     pub fn planes(&self) -> &[SemanticPlane] {
     |     ^^^^^^^^^^^^^^^^^^^^^^^^^^^^^^^^^^^^^^^^

warning: missing documentation for a method
    --> crates/semantic/src/ir/versioned.rs:1379:5
     |
1379 |     pub fn plane(&self, kind: SemanticPlaneKind) -> Option<&SemanticPlane> {
     |     ^^^^^^^^^^^^^^^^^^^^^^^^^^^^^^^^^^^^^^^^^^^^^^^^^^^^^^^^^^^^^^^^^^^^^^

warning: missing documentation for a method
    --> crates/semantic/src/ir/versioned.rs:1461:5
     |
1461 |     pub const fn is_hydrated(&self) -> bool {
     |     ^^^^^^^^^^^^^^^^^^^^^^^^^^^^^^^^^^^^^^^

warning: missing documentation for a method
    --> crates/semantic/src/ir/versioned.rs:1486:5
     |
1486 |     pub const fn manifest_root(&self) -> SemanticManifestRoot {
     |     ^^^^^^^^^^^^^^^^^^^^^^^^^^^^^^^^^^^^^^^^^^^^^^^^^^^^^^^^^

warning: missing documentation for a method
    --> crates/semantic/src/ir/versioned.rs:1490:5
     |
1490 |     pub const fn ordinal(&self) -> u32 {
     |     ^^^^^^^^^^^^^^^^^^^^^^^^^^^^^^^^^^

warning: missing documentation for a method
    --> crates/semantic/src/ir/versioned.rs:1495:5
     |
1495 |     pub const fn plane_filter(&self) -> Option<SemanticPlaneKind> {
     |     ^^^^^^^^^^^^^^^^^^^^^^^^^^^^^^^^^^^^^^^^^^^^^^^^^^^^^^^^^^^^^

warning: missing documentation for an associated function
    --> crates/semantic/src/ir/versioned.rs:1521:5
     |
1521 |     pub fn decode(bytes: &[u8]) -> Result<Self, SemanticManifestError> {
     |     ^^^^^^^^^^^^^^^^^^^^^^^^^^^^^^^^^^^^^^^^^^^^^^^^^^^^^^^^^^^^^^^^^^

warning: missing documentation for a method
    --> crates/semantic/src/ir/versioned.rs:1681:5
     |
1681 |     pub fn coverage(&self) -> SemanticHydrationCoverage {
     |     ^^^^^^^^^^^^^^^^^^^^^^^^^^^^^^^^^^^^^^^^^^^^^^^^^^^

warning: missing documentation for a method
    --> crates/semantic/src/ir/versioned.rs:1701:5
     |
1701 |     pub const fn checkpoint(&self) -> SemanticHydrationCursorToken {
     |     ^^^^^^^^^^^^^^^^^^^^^^^^^^^^^^^^^^^^^^^^^^^^^^^^^^^^^^^^^^^^^^

warning: missing documentation for a struct field
    --> crates/semantic/src/ir/versioned.rs:1784:9
     |
1784 |         plane: SemanticPlaneKind,
     |         ^^^^^^^^^^^^^^^^^^^^^^^^

warning: missing documentation for a struct field
    --> crates/semantic/src/ir/versioned.rs:1789:9
     |
1789 |         segment: SemanticPlaneSegment,
     |         ^^^^^^^^^^^^^^^^^^^^^^^^^^^^^

warning: missing documentation for a struct field
    --> crates/semantic/src/ir/versioned.rs:1795:9
     |
1795 |         plane: SemanticPlaneKind,
     |         ^^^^^^^^^^^^^^^^^^^^^^^^

warning: missing documentation for a struct field
    --> crates/semantic/src/ir/versioned.rs:1796:9
     |
1796 |         segment: SemanticPlaneSegment,
     |         ^^^^^^^^^^^^^^^^^^^^^^^^^^^^^

warning: missing documentation for a method
    --> crates/semantic/src/ir/versioned.rs:1836:5
     |
1836 |     pub fn next_action(&mut self) -> Option<SemanticDeltaAction> {
     |     ^^^^^^^^^^^^^^^^^^^^^^^^^^^^^^^^^^^^^^^^^^^^^^^^^^^^^^^^^^^^

warning: missing documentation for a variant
    --> crates/semantic/src/ir/versioned.rs:2644:5
     |
2644 |     ZeroEmbeddingDimension,
     |     ^^^^^^^^^^^^^^^^^^^^^^

warning: missing documentation for a variant
    --> crates/semantic/src/ir/versioned.rs:2646:5
     |
2646 |     CatalogImageOrder,
     |     ^^^^^^^^^^^^^^^^^

warning: missing documentation for a variant
    --> crates/semantic/src/ir/versioned.rs:2648:5
     |
2648 |     CatalogImageCountOverflow,
     |     ^^^^^^^^^^^^^^^^^^^^^^^^^

warning: missing documentation for a variant
    --> crates/semantic/src/ir/versioned.rs:2650:5
     |
2650 |     CatalogManifestLength,
     |     ^^^^^^^^^^^^^^^^^^^^^

warning: missing documentation for a variant
    --> crates/semantic/src/ir/versioned.rs:2652:5
     |
2652 |     TooManyCatalogImages { observed: usize, maximum: usize },
     |     ^^^^^^^^^^^^^^^^^^^^

warning: missing documentation for a struct field
    --> crates/semantic/src/ir/versioned.rs:2652:28
     |
2652 |     TooManyCatalogImages { observed: usize, maximum: usize },
     |                            ^^^^^^^^^^^^^^^

warning: missing documentation for a struct field
    --> crates/semantic/src/ir/versioned.rs:2652:45
     |
2652 |     TooManyCatalogImages { observed: usize, maximum: usize },
     |                                             ^^^^^^^^^^^^^^

warning: missing documentation for a variant
    --> crates/semantic/src/ir/versioned.rs:2654:5
     |
2654 |     CatalogTooLarge { observed: usize, maximum: usize },
     |     ^^^^^^^^^^^^^^^

warning: missing documentation for a struct field
    --> crates/semantic/src/ir/versioned.rs:2654:23
     |
2654 |     CatalogTooLarge { observed: usize, maximum: usize },
     |                       ^^^^^^^^^^^^^^^

warning: missing documentation for a struct field
    --> crates/semantic/src/ir/versioned.rs:2654:40
     |
2654 |     CatalogTooLarge { observed: usize, maximum: usize },
     |                                        ^^^^^^^^^^^^^^

warning: missing documentation for a variant
    --> crates/semantic/src/ir/versioned.rs:2656:5
     |
2656 |     CatalogLength { expected: usize, observed: usize },
     |     ^^^^^^^^^^^^^

warning: missing documentation for a struct field
    --> crates/semantic/src/ir/versioned.rs:2656:21
     |
2656 |     CatalogLength { expected: usize, observed: usize },
     |                     ^^^^^^^^^^^^^^^

warning: missing documentation for a struct field
    --> crates/semantic/src/ir/versioned.rs:2656:38
     |
2656 |     CatalogLength { expected: usize, observed: usize },
     |                                      ^^^^^^^^^^^^^^^

warning: missing documentation for a variant
    --> crates/semantic/src/ir/versioned.rs:2658:5
     |
2658 |     BadCatalogMagic,
     |     ^^^^^^^^^^^^^^^

warning: missing documentation for a variant
    --> crates/semantic/src/ir/versioned.rs:2660:5
     |
2660 |     KeyRange,
     |     ^^^^^^^^

warning: missing documentation for a variant
    --> crates/semantic/src/ir/versioned.rs:2662:5
     |
2662 |     ZeroSegmentRows,
     |     ^^^^^^^^^^^^^^^

warning: missing documentation for a variant
    --> crates/semantic/src/ir/versioned.rs:2664:5
     |
2664 |     SegmentBytes { observed: u64, maximum: u64 },
     |     ^^^^^^^^^^^^

warning: missing documentation for a struct field
    --> crates/semantic/src/ir/versioned.rs:2664:20
     |
2664 |     SegmentBytes { observed: u64, maximum: u64 },
     |                    ^^^^^^^^^^^^^

warning: missing documentation for a struct field
    --> crates/semantic/src/ir/versioned.rs:2664:35
     |
2664 |     SegmentBytes { observed: u64, maximum: u64 },
     |                                   ^^^^^^^^^^^^

warning: missing documentation for a variant
    --> crates/semantic/src/ir/versioned.rs:2666:5
     |
2666 |     SegmentLength { expected: u64, observed: u64 },
     |     ^^^^^^^^^^^^^

warning: missing documentation for a struct field
    --> crates/semantic/src/ir/versioned.rs:2666:21
     |
2666 |     SegmentLength { expected: u64, observed: u64 },
     |                     ^^^^^^^^^^^^^

warning: missing documentation for a struct field
    --> crates/semantic/src/ir/versioned.rs:2666:36
     |
2666 |     SegmentLength { expected: u64, observed: u64 },
     |                                    ^^^^^^^^^^^^^

warning: missing documentation for a variant
    --> crates/semantic/src/ir/versioned.rs:2668:5
     |
2668 |     SegmentIdentity {
     |     ^^^^^^^^^^^^^^^

warning: missing documentation for a struct field
    --> crates/semantic/src/ir/versioned.rs:2669:9
     |
2669 |         expected: UntrustedSemanticSegmentId,
     |         ^^^^^^^^^^^^^^^^^^^^^^^^^^^^^^^^^^^^

warning: missing documentation for a struct field
    --> crates/semantic/src/ir/versioned.rs:2670:9
     |
2670 |         observed: SemanticSegmentId,
     |         ^^^^^^^^^^^^^^^^^^^^^^^^^^^

warning: missing documentation for a variant
    --> crates/semantic/src/ir/versioned.rs:2673:5
     |
2673 |     SegmentOrder,
     |     ^^^^^^^^^^^^

warning: missing documentation for a variant
    --> crates/semantic/src/ir/versioned.rs:2675:5
     |
2675 |     PlaneOrder,
     |     ^^^^^^^^^^

warning: missing documentation for a variant
    --> crates/semantic/src/ir/versioned.rs:2677:5
     |
2677 |     PlaneRootMismatch,
     |     ^^^^^^^^^^^^^^^^^

warning: missing documentation for a variant
    --> crates/semantic/src/ir/versioned.rs:2679:5
     |
2679 |     PlaneScopeMismatch {
     |     ^^^^^^^^^^^^^^^^^^

warning: missing documentation for a struct field
    --> crates/semantic/src/ir/versioned.rs:2680:9
     |
2680 |         expected: ScopeRoot,
     |         ^^^^^^^^^^^^^^^^^^^

warning: missing documentation for a struct field
    --> crates/semantic/src/ir/versioned.rs:2681:9
     |
2681 |         observed: ScopeRoot,
     |         ^^^^^^^^^^^^^^^^^^^

warning: missing documentation for a variant
    --> crates/semantic/src/ir/versioned.rs:2684:5
     |
2684 |     ManifestClosureScopeMismatch {
     |     ^^^^^^^^^^^^^^^^^^^^^^^^^^^^

warning: missing documentation for a struct field
    --> crates/semantic/src/ir/versioned.rs:2685:9
     |
2685 |         expected: ScopeRoot,
     |         ^^^^^^^^^^^^^^^^^^^

warning: missing documentation for a struct field
    --> crates/semantic/src/ir/versioned.rs:2686:9
     |
2686 |         observed: ScopeRoot,
     |         ^^^^^^^^^^^^^^^^^^^

warning: missing documentation for a variant
    --> crates/semantic/src/ir/versioned.rs:2689:5
     |
2689 |     ManifestClosureNotAdmitted,
     |     ^^^^^^^^^^^^^^^^^^^^^^^^^^

warning: missing documentation for a variant
    --> crates/semantic/src/ir/versioned.rs:2691:5
     |
2691 |     CoverageClaimMismatch,
     |     ^^^^^^^^^^^^^^^^^^^^^

warning: missing documentation for a variant
    --> crates/semantic/src/ir/versioned.rs:2695:5
     |
2695 |     AdmissionWitnessCount {
     |     ^^^^^^^^^^^^^^^^^^^^^

warning: missing documentation for a struct field
    --> crates/semantic/src/ir/versioned.rs:2696:9
     |
2696 |         expected_planes: usize,
     |         ^^^^^^^^^^^^^^^^^^^^^^

warning: missing documentation for a struct field
    --> crates/semantic/src/ir/versioned.rs:2697:9
     |
2697 |         observed_planes: usize,
     |         ^^^^^^^^^^^^^^^^^^^^^^

warning: missing documentation for a struct field
    --> crates/semantic/src/ir/versioned.rs:2698:9
     |
2698 |         expected_segments: usize,
     |         ^^^^^^^^^^^^^^^^^^^^^^^^

warning: missing documentation for a struct field
    --> crates/semantic/src/ir/versioned.rs:2699:9
     |
2699 |         observed_segments: usize,
     |         ^^^^^^^^^^^^^^^^^^^^^^^^

warning: missing documentation for a variant
    --> crates/semantic/src/ir/versioned.rs:2702:5
     |
2702 |     InputScopeMismatch {
     |     ^^^^^^^^^^^^^^^^^^

warning: missing documentation for a struct field
    --> crates/semantic/src/ir/versioned.rs:2703:9
     |
2703 |         expected: ScopeRoot,
     |         ^^^^^^^^^^^^^^^^^^^

warning: missing documentation for a struct field
    --> crates/semantic/src/ir/versioned.rs:2704:9
     |
2704 |         observed: ScopeRoot,
     |         ^^^^^^^^^^^^^^^^^^^

warning: missing documentation for a variant
    --> crates/semantic/src/ir/versioned.rs:2707:5
     |
2707 |     InputCoverageNotAdmitted { state: Coverage },
     |     ^^^^^^^^^^^^^^^^^^^^^^^^

warning: missing documentation for a struct field
    --> crates/semantic/src/ir/versioned.rs:2707:32
     |
2707 |     InputCoverageNotAdmitted { state: Coverage },
     |                                ^^^^^^^^^^^^^^^

warning: missing documentation for a variant
    --> crates/semantic/src/ir/versioned.rs:2709:5
     |
2709 |     StaleManifest {
     |     ^^^^^^^^^^^^^

warning: missing documentation for a struct field
    --> crates/semantic/src/ir/versioned.rs:2710:9
     |
2710 |         expected: SemanticManifestRoot,
     |         ^^^^^^^^^^^^^^^^^^^^^^^^^^^^^^

warning: missing documentation for a struct field
    --> crates/semantic/src/ir/versioned.rs:2711:9
     |
2711 |         observed: SemanticManifestRoot,
     |         ^^^^^^^^^^^^^^^^^^^^^^^^^^^^^^

warning: missing documentation for a variant
    --> crates/semantic/src/ir/versioned.rs:2714:5
     |
2714 |     TooManyPlanes { observed: usize, maximum: usize },
     |     ^^^^^^^^^^^^^

warning: missing documentation for a struct field
    --> crates/semantic/src/ir/versioned.rs:2714:21
     |
2714 |     TooManyPlanes { observed: usize, maximum: usize },
     |                     ^^^^^^^^^^^^^^^

warning: missing documentation for a struct field
    --> crates/semantic/src/ir/versioned.rs:2714:38
     |
2714 |     TooManyPlanes { observed: usize, maximum: usize },
     |                                      ^^^^^^^^^^^^^^

warning: missing documentation for a variant
    --> crates/semantic/src/ir/versioned.rs:2716:5
     |
2716 |     TooManySegments { observed: usize, maximum: usize },
     |     ^^^^^^^^^^^^^^^

warning: missing documentation for a struct field
    --> crates/semantic/src/ir/versioned.rs:2716:23
     |
2716 |     TooManySegments { observed: usize, maximum: usize },
     |                       ^^^^^^^^^^^^^^^

warning: missing documentation for a struct field
    --> crates/semantic/src/ir/versioned.rs:2716:40
     |
2716 |     TooManySegments { observed: usize, maximum: usize },
     |                                        ^^^^^^^^^^^^^^

warning: missing documentation for a variant
    --> crates/semantic/src/ir/versioned.rs:2718:5
     |
2718 |     ManifestTooLarge { observed: usize, maximum: usize },
     |     ^^^^^^^^^^^^^^^^

warning: missing documentation for a struct field
    --> crates/semantic/src/ir/versioned.rs:2718:24
     |
2718 |     ManifestTooLarge { observed: usize, maximum: usize },
     |                        ^^^^^^^^^^^^^^^

warning: missing documentation for a struct field
    --> crates/semantic/src/ir/versioned.rs:2718:41
     |
2718 |     ManifestTooLarge { observed: usize, maximum: usize },
     |                                         ^^^^^^^^^^^^^^

warning: missing documentation for a variant
    --> crates/semantic/src/ir/versioned.rs:2720:5
     |
2720 |     BadMagic,
     |     ^^^^^^^^

warning: missing documentation for a variant
    --> crates/semantic/src/ir/versioned.rs:2722:5
     |
2722 |     UnsupportedVersion(u8),
     |     ^^^^^^^^^^^^^^^^^^

warning: missing documentation for a variant
    --> crates/semantic/src/ir/versioned.rs:2724:5
     |
2724 |     UnknownPlane(u8),
     |     ^^^^^^^^^^^^

warning: missing documentation for a variant
    --> crates/semantic/src/ir/versioned.rs:2726:5
     |
2726 |     UnknownIrPlane(u8),
     |     ^^^^^^^^^^^^^^

warning: missing documentation for a variant
    --> crates/semantic/src/ir/versioned.rs:2728:5
     |
2728 |     UnknownNormalization(u8),
     |     ^^^^^^^^^^^^^^^^^^^^

warning: missing documentation for a variant
    --> crates/semantic/src/ir/versioned.rs:2730:5
     |
2730 |     UnknownCoverage(u8),
     |     ^^^^^^^^^^^^^^^

warning: missing documentation for a variant
    --> crates/semantic/src/ir/versioned.rs:2732:5
     |
2732 |     UnknownCoverageIdentity(u8),
     |     ^^^^^^^^^^^^^^^^^^^^^^^

warning: missing documentation for a variant
    --> crates/semantic/src/ir/versioned.rs:2734:5
     |
2734 |     CoverageIdentityForNonComplete,
     |     ^^^^^^^^^^^^^^^^^^^^^^^^^^^^^^

warning: missing documentation for a variant
    --> crates/semantic/src/ir/versioned.rs:2736:5
     |
2736 |     UnknownProfile([u8; 2]),
     |     ^^^^^^^^^^^^^^

warning: missing documentation for a variant
    --> crates/semantic/src/ir/versioned.rs:2738:5
     |
2738 |     UnknownStage(u8),
     |     ^^^^^^^^^^^^

warning: missing documentation for a variant
    --> crates/semantic/src/ir/versioned.rs:2740:5
     |
2740 |     NonCanonicalPadding,
     |     ^^^^^^^^^^^^^^^^^^^

warning: missing documentation for a variant
    --> crates/semantic/src/ir/versioned.rs:2742:5
     |
2742 |     Truncated,
     |     ^^^^^^^^^

warning: missing documentation for a variant
    --> crates/semantic/src/ir/versioned.rs:2744:5
     |
2744 |     TrailingBytes(usize),
     |     ^^^^^^^^^^^^^

warning: missing documentation for a variant
    --> crates/semantic/src/ir/versioned.rs:2746:5
     |
2746 |     CountOverflow,
     |     ^^^^^^^^^^^^^

warning: missing documentation for a variant
    --> crates/semantic/src/ir/versioned.rs:2748:5
     |
2748 |     AllocationLimit,
     |     ^^^^^^^^^^^^^^^

warning: missing documentation for a variant
    --> crates/semantic/src/ir/versioned.rs:2750:5
     |
2750 |     InternalLengthMismatch { expected: usize, observed: usize },
     |     ^^^^^^^^^^^^^^^^^^^^^^

warning: missing documentation for a struct field
    --> crates/semantic/src/ir/versioned.rs:2750:30
     |
2750 |     InternalLengthMismatch { expected: usize, observed: usize },
     |                              ^^^^^^^^^^^^^^^

warning: missing documentation for a struct field
    --> crates/semantic/src/ir/versioned.rs:2750:47
     |
2750 |     InternalLengthMismatch { expected: usize, observed: usize },
     |                                               ^^^^^^^^^^^^^^^

warning: missing documentation for a variant
    --> crates/semantic/src/ir/versioned.rs:2752:5
     |
2752 |     LocalIdOrder,
     |     ^^^^^^^^^^^^

warning: missing documentation for a variant
    --> crates/semantic/src/ir/versioned.rs:2754:5
     |
2754 |     CursorOutOfRange { ordinal: u32, total: u32 },
     |     ^^^^^^^^^^^^^^^^

warning: missing documentation for a struct field
    --> crates/semantic/src/ir/versioned.rs:2754:24
     |
2754 |     CursorOutOfRange { ordinal: u32, total: u32 },
     |                        ^^^^^^^^^^^^

warning: missing documentation for a struct field
    --> crates/semantic/src/ir/versioned.rs:2754:38
     |
2754 |     CursorOutOfRange { ordinal: u32, total: u32 },
     |                                      ^^^^^^^^^^

warning: missing documentation for a variant
    --> crates/semantic/src/ir/versioned.rs:2756:5
     |
2756 |     CursorCheckpointMissingSegment { segment: UntrustedSemanticSegmentId },
     |     ^^^^^^^^^^^^^^^^^^^^^^^^^^^^^^

warning: missing documentation for a struct field
    --> crates/semantic/src/ir/versioned.rs:2756:38
     |
2756 |     CursorCheckpointMissingSegment { segment: UntrustedSemanticSegmentId },
     |                                      ^^^^^^^^^^^^^^^^^^^^^^^^^^^^^^^^^^^

warning: missing documentation for a variant
    --> crates/semantic/src/ir/versioned.rs:2758:5
     |
2758 |     UnexpectedAcknowledgement {
     |     ^^^^^^^^^^^^^^^^^^^^^^^^^

warning: missing documentation for a struct field
    --> crates/semantic/src/ir/versioned.rs:2759:9
     |
2759 |         expected: Option<UntrustedSemanticSegmentId>,
     |         ^^^^^^^^^^^^^^^^^^^^^^^^^^^^^^^^^^^^^^^^^^^^

warning: missing documentation for a struct field
    --> crates/semantic/src/ir/versioned.rs:2760:9
     |
2760 |         observed: UntrustedSemanticSegmentId,
     |         ^^^^^^^^^^^^^^^^^^^^^^^^^^^^^^^^^^^^

warning: missing documentation for a struct field
    --> crates/semantic/src/ir/versioned_records.rs:2204:26
     |
2204 |     InvalidByteCeiling { observed: usize, maximum: usize },
     |                          ^^^^^^^^^^^^^^^

warning: missing documentation for a struct field
    --> crates/semantic/src/ir/versioned_records.rs:2204:43
     |
2204 |     InvalidByteCeiling { observed: usize, maximum: usize },
     |                                           ^^^^^^^^^^^^^^

warning: missing documentation for a struct field
    --> crates/semantic/src/ir/versioned_records.rs:2207:32
     |
2207 |     InvalidRowPayloadCeiling { observed: usize, maximum: usize },
     |                                ^^^^^^^^^^^^^^^

warning: missing documentation for a struct field
    --> crates/semantic/src/ir/versioned_records.rs:2207:49
     |
2207 |     InvalidRowPayloadCeiling { observed: usize, maximum: usize },
     |                                                 ^^^^^^^^^^^^^^

warning: missing documentation for a struct field
    --> crates/semantic/src/ir/versioned_records.rs:2210:32
     |
2210 |     RowPayloadExceedsCeiling { observed: usize, maximum: usize },
     |                                ^^^^^^^^^^^^^^^

warning: missing documentation for a struct field
    --> crates/semantic/src/ir/versioned_records.rs:2210:49
     |
2210 |     RowPayloadExceedsCeiling { observed: usize, maximum: usize },
     |                                                 ^^^^^^^^^^^^^^

warning: missing documentation for a struct field
    --> crates/semantic/src/ir/versioned_records.rs:2213:31
     |
2213 |     InvalidInlineRowCeiling { observed: usize, maximum: usize },
     |                               ^^^^^^^^^^^^^^^

warning: missing documentation for a struct field
    --> crates/semantic/src/ir/versioned_records.rs:2213:48
     |
2213 |     InvalidInlineRowCeiling { observed: usize, maximum: usize },
     |                                                ^^^^^^^^^^^^^^

warning: missing documentation for a struct field
    --> crates/semantic/src/ir/versioned_records.rs:2217:9
     |
2217 |         minimum: usize,
     |         ^^^^^^^^^^^^^^

warning: missing documentation for a struct field
    --> crates/semantic/src/ir/versioned_records.rs:2218:9
     |
2218 |         target: usize,
     |         ^^^^^^^^^^^^^

warning: missing documentation for a struct field
    --> crates/semantic/src/ir/versioned_records.rs:2219:9
     |
2219 |         maximum: usize,
     |         ^^^^^^^^^^^^^^

warning: missing documentation for a struct field
    --> crates/semantic/src/ir/versioned_records.rs:2232:20
     |
2232 |     OversizedRow { observed: usize, maximum: usize },
     |                    ^^^^^^^^^^^^^^^

warning: missing documentation for a struct field
    --> crates/semantic/src/ir/versioned_records.rs:2232:37
     |
2232 |     OversizedRow { observed: usize, maximum: usize },
     |                                     ^^^^^^^^^^^^^^

warning: missing documentation for a struct field
    --> crates/semantic/src/ir/versioned_records.rs:2238:25
     |
2238 |     RowBudgetExceeded { maximum: u64 },
     |                         ^^^^^^^^^^^^

warning: missing documentation for a struct field
    --> crates/semantic/src/ir/versioned_records.rs:2241:31
     |
2241 |     ReferenceBudgetExceeded { maximum: u64 },
     |                               ^^^^^^^^^^^^

warning: missing documentation for a struct field
    --> crates/semantic/src/ir/versioned_records.rs:2284:27
     |
2284 |     StableKeyMismatchAt { key: [u8; 32] },
     |                           ^^^^^^^^^^^^^

warning: missing documentation for a struct field
    --> crates/semantic/src/ir/versioned_records.rs:2305:16
     |
2305 |     RowCount { expected: u32, observed: u32 },
     |                ^^^^^^^^^^^^^

warning: missing documentation for a struct field
    --> crates/semantic/src/ir/versioned_records.rs:2305:31
     |
2305 |     RowCount { expected: u32, observed: u32 },
     |                               ^^^^^^^^^^^^^

warning: missing documentation for a struct field
    --> crates/semantic/src/ir/versioned_records.rs:2323:20
     |
2323 |     SegmentCount { expected: usize, observed: usize },
     |                    ^^^^^^^^^^^^^^^

warning: missing documentation for a struct field
    --> crates/semantic/src/ir/versioned_records.rs:2323:37
     |
2323 |     SegmentCount { expected: usize, observed: usize },
     |                                     ^^^^^^^^^^^^^^^

warning: missing documentation for a struct field
    --> crates/semantic/src/ir/versioned_records.rs:2326:34
     |
2326 |     BoundaryFamilySegmentCount { expected: u64, observed: u64 },
     |                                  ^^^^^^^^^^^^^

warning: missing documentation for a struct field
    --> crates/semantic/src/ir/versioned_records.rs:2326:49
     |
2326 |     BoundaryFamilySegmentCount { expected: u64, observed: u64 },
     |                                                 ^^^^^^^^^^^^^

warning: missing documentation for a struct field
    --> crates/semantic/src/ir/versioned_records.rs:2329:30
     |
2329 |     BoundaryFamilyRowCount { expected: u64, observed: u64 },
     |                              ^^^^^^^^^^^^^

warning: missing documentation for a struct field
    --> crates/semantic/src/ir/versioned_records.rs:2329:45
     |
2329 |     BoundaryFamilyRowCount { expected: u64, observed: u64 },
     |                                             ^^^^^^^^^^^^^

warning: missing documentation for a struct field
   --> crates/semantic/src/ir/versioned_records/types/plan.rs:136:12
    |
136 |     Node { domain: u8, raw: u32 },
    |            ^^^^^^^^^^

warning: missing documentation for a struct field
   --> crates/semantic/src/ir/versioned_records/types/plan.rs:136:24
    |
136 |     Node { domain: u8, raw: u32 },
    |                        ^^^^^^^^

warning: missing documentation for a struct
  --> crates/semantic/src/ir/view/mod.rs:16:1
   |
16 | pub struct FragmentView<'fragment> {
   | ^^^^^^^^^^^^^^^^^^^^^^^^^^^^^^^^^^

warning: missing documentation for a method
  --> crates/semantic/src/ir/view/cursor.rs:16:5
   |
16 |     pub fn entities(&self) -> EntityCursor<'fragment> {
   |     ^^^^^^^^^^^^^^^^^^^^^^^^^^^^^^^^^^^^^^^^^^^^^^^^^

warning: missing documentation for a method
  --> crates/semantic/src/ir/view/cursor.rs:23:5
   |
23 |     pub fn type_nodes(&self) -> TypeNodeCursor<'fragment> {
   |     ^^^^^^^^^^^^^^^^^^^^^^^^^^^^^^^^^^^^^^^^^^^^^^^^^^^^^

warning: missing documentation for a method
  --> crates/semantic/src/ir/view/cursor.rs:29:5
   |
29 |     pub fn atoms(&self) -> AtomCursor<'fragment> {
   |     ^^^^^^^^^^^^^^^^^^^^^^^^^^^^^^^^^^^^^^^^^^^^

warning: missing documentation for a struct
  --> crates/semantic/src/ir/view/cursor.rs:38:1
   |
38 | pub struct EntityCursor<'fragment> {
   | ^^^^^^^^^^^^^^^^^^^^^^^^^^^^^^^^^^

warning: missing documentation for a struct
  --> crates/semantic/src/ir/view/cursor.rs:69:1
   |
69 | pub struct TypeNodeCursor<'fragment> {
   | ^^^^^^^^^^^^^^^^^^^^^^^^^^^^^^^^^^^^

warning: missing documentation for a struct field
  --> crates/semantic/src/ir/view/cursor.rs:94:5
   |
94 |     pub ordinal: AtomId,
   |     ^^^^^^^^^^^^^^^^^^^

warning: missing documentation for a struct field
  --> crates/semantic/src/ir/view/cursor.rs:95:5
   |
95 |     pub bytes: &'fragment [u8],
   |     ^^^^^^^^^^^^^^^^^^^^^^^^^^

warning: missing documentation for a struct
  --> crates/semantic/src/ir/view/cursor.rs:98:1
   |
98 | pub struct AtomCursor<'fragment> {
   | ^^^^^^^^^^^^^^^^^^^^^^^^^^^^^^^^

warning: missing documentation for an enum
  --> crates/semantic/src/ir/view/error.rs:16:1
   |
16 | pub enum WireField {
   | ^^^^^^^^^^^^^^^^^^

warning: missing documentation for a variant
  --> crates/semantic/src/ir/view/error.rs:17:5
   |
17 |     DeclaredLength,
   |     ^^^^^^^^^^^^^^

warning: missing documentation for a variant
  --> crates/semantic/src/ir/view/error.rs:18:5
   |
18 |     SectionItemCount { ordinal: u16 },
   |     ^^^^^^^^^^^^^^^^

warning: missing documentation for a struct field
  --> crates/semantic/src/ir/view/error.rs:18:24
   |
18 |     SectionItemCount { ordinal: u16 },
   |                        ^^^^^^^^^^^^

warning: missing documentation for a variant
  --> crates/semantic/src/ir/view/error.rs:19:5
   |
19 |     SectionOffset { ordinal: u16 },
   |     ^^^^^^^^^^^^^

warning: missing documentation for a struct field
  --> crates/semantic/src/ir/view/error.rs:19:21
   |
19 |     SectionOffset { ordinal: u16 },
   |                     ^^^^^^^^^^^^

warning: missing documentation for a variant
  --> crates/semantic/src/ir/view/error.rs:20:5
   |
20 |     SectionByteLength { ordinal: u16 },
   |     ^^^^^^^^^^^^^^^^^

warning: missing documentation for a struct field
  --> crates/semantic/src/ir/view/error.rs:20:25
   |
20 |     SectionByteLength { ordinal: u16 },
   |                         ^^^^^^^^^^^^

warning: missing documentation for a variant
  --> crates/semantic/src/ir/view/error.rs:21:5
   |
21 |     AtomStart { ordinal: crate::ir::AtomId },
   |     ^^^^^^^^^

warning: missing documentation for a struct field
  --> crates/semantic/src/ir/view/error.rs:21:17
   |
21 |     AtomStart { ordinal: crate::ir::AtomId },
   |                 ^^^^^^^^^^^^^^^^^^^^^^^^^^

warning: missing documentation for a variant
  --> crates/semantic/src/ir/view/error.rs:22:5
   |
22 |     AtomLength { ordinal: crate::ir::AtomId },
   |     ^^^^^^^^^^

warning: missing documentation for a struct field
  --> crates/semantic/src/ir/view/error.rs:22:18
   |
22 |     AtomLength { ordinal: crate::ir::AtomId },
   |                  ^^^^^^^^^^^^^^^^^^^^^^^^^^

warning: missing documentation for an enum
  --> crates/semantic/src/ir/view/error.rs:26:1
   |
26 | pub enum DirectoryFault {
   | ^^^^^^^^^^^^^^^^^^^^^^^

warning: missing documentation for a variant
  --> crates/semantic/src/ir/view/error.rs:28:5
   |
28 |     Order { previous: u16, actual: u16 },
   |     ^^^^^

warning: missing documentation for a struct field
  --> crates/semantic/src/ir/view/error.rs:28:13
   |
28 |     Order { previous: u16, actual: u16 },
   |             ^^^^^^^^^^^^^

warning: missing documentation for a struct field
  --> crates/semantic/src/ir/view/error.rs:28:28
   |
28 |     Order { previous: u16, actual: u16 },
   |                            ^^^^^^^^^^^

warning: missing documentation for a variant
  --> crates/semantic/src/ir/view/error.rs:30:5
   |
30 |     Flags { kind: u16, actual: u16 },
   |     ^^^^^

warning: missing documentation for a struct field
  --> crates/semantic/src/ir/view/error.rs:30:13
   |
30 |     Flags { kind: u16, actual: u16 },
   |             ^^^^^^^^^

warning: missing documentation for a struct field
  --> crates/semantic/src/ir/view/error.rs:30:24
   |
30 |     Flags { kind: u16, actual: u16 },
   |                        ^^^^^^^^^^^

warning: missing documentation for a variant
  --> crates/semantic/src/ir/view/error.rs:32:5
   |
32 |     RequiredUnknown { kind: u16 },
   |     ^^^^^^^^^^^^^^^

warning: missing documentation for a struct field
  --> crates/semantic/src/ir/view/error.rs:32:23
   |
32 |     RequiredUnknown { kind: u16 },
   |                       ^^^^^^^^^

warning: missing documentation for a variant
  --> crates/semantic/src/ir/view/error.rs:34:5
   |
34 |     Offset {
   |     ^^^^^^

warning: missing documentation for a struct field
  --> crates/semantic/src/ir/view/error.rs:35:9
   |
35 |         kind: u16,
   |         ^^^^^^^^^

warning: missing documentation for a struct field
  --> crates/semantic/src/ir/view/error.rs:36:9
   |
36 |         expected: usize,
   |         ^^^^^^^^^^^^^^^

warning: missing documentation for a struct field
  --> crates/semantic/src/ir/view/error.rs:37:9
   |
37 |         actual: u32,
   |         ^^^^^^^^^^^

warning: missing documentation for a variant
  --> crates/semantic/src/ir/view/error.rs:40:5
   |
40 |     ByteLength {
   |     ^^^^^^^^^^

warning: missing documentation for a struct field
  --> crates/semantic/src/ir/view/error.rs:41:9
   |
41 |         kind: u16,
   |         ^^^^^^^^^

warning: missing documentation for a struct field
  --> crates/semantic/src/ir/view/error.rs:42:9
   |
42 |         expected: usize,
   |         ^^^^^^^^^^^^^^^

warning: missing documentation for a struct field
  --> crates/semantic/src/ir/view/error.rs:43:9
   |
43 |         actual: u32,
   |         ^^^^^^^^^^^

warning: missing documentation for a variant
  --> crates/semantic/src/ir/view/error.rs:46:5
   |
46 |     Count {
   |     ^^^^^

warning: missing documentation for a struct field
  --> crates/semantic/src/ir/view/error.rs:47:9
   |
47 |         kind: u16,
   |         ^^^^^^^^^

warning: missing documentation for a struct field
  --> crates/semantic/src/ir/view/error.rs:48:9
   |
48 |         expected: u32,
   |         ^^^^^^^^^^^^^

warning: missing documentation for a struct field
  --> crates/semantic/src/ir/view/error.rs:49:9
   |
49 |         actual: u32,
   |         ^^^^^^^^^^^

warning: missing documentation for a variant
  --> crates/semantic/src/ir/view/error.rs:52:5
   |
52 |     CountWidthOverflow { kind: u16, count: u32, width: usize },
   |     ^^^^^^^^^^^^^^^^^^

warning: missing documentation for a struct field
  --> crates/semantic/src/ir/view/error.rs:52:26
   |
52 |     CountWidthOverflow { kind: u16, count: u32, width: usize },
   |                          ^^^^^^^^^

warning: missing documentation for a struct field
  --> crates/semantic/src/ir/view/error.rs:52:37
   |
52 |     CountWidthOverflow { kind: u16, count: u32, width: usize },
   |                                     ^^^^^^^^^^

warning: missing documentation for a struct field
  --> crates/semantic/src/ir/view/error.rs:52:49
   |
52 |     CountWidthOverflow { kind: u16, count: u32, width: usize },
   |                                                 ^^^^^^^^^^^^

warning: missing documentation for a variant
  --> crates/semantic/src/ir/view/error.rs:54:5
   |
54 |     RangeOverflow { kind: u16, start: u32, length: u32 },
   |     ^^^^^^^^^^^^^

warning: missing documentation for a struct field
  --> crates/semantic/src/ir/view/error.rs:54:21
   |
54 |     RangeOverflow { kind: u16, start: u32, length: u32 },
   |                     ^^^^^^^^^

warning: missing documentation for a struct field
  --> crates/semantic/src/ir/view/error.rs:54:32
   |
54 |     RangeOverflow { kind: u16, start: u32, length: u32 },
   |                                ^^^^^^^^^^

warning: missing documentation for a struct field
  --> crates/semantic/src/ir/view/error.rs:54:44
   |
54 |     RangeOverflow { kind: u16, start: u32, length: u32 },
   |                                            ^^^^^^^^^^^

warning: missing documentation for a variant
  --> crates/semantic/src/ir/view/error.rs:64:5
   |
64 |     Header { required: usize, actual: usize },
   |     ^^^^^^

warning: missing documentation for a struct field
  --> crates/semantic/src/ir/view/error.rs:64:14
   |
64 |     Header { required: usize, actual: usize },
   |              ^^^^^^^^^^^^^^^

warning: missing documentation for a struct field
  --> crates/semantic/src/ir/view/error.rs:64:31
   |
64 |     Header { required: usize, actual: usize },
   |                               ^^^^^^^^^^^^^

warning: missing documentation for a variant
  --> crates/semantic/src/ir/view/error.rs:66:5
   |
66 |     AtomLength {
   |     ^^^^^^^^^^

warning: missing documentation for a struct field
  --> crates/semantic/src/ir/view/error.rs:67:9
   |
67 |         ordinal: u32,
   |         ^^^^^^^^^^^^

warning: missing documentation for a struct field
  --> crates/semantic/src/ir/view/error.rs:68:9
   |
68 |         length: u32,
   |         ^^^^^^^^^^^

warning: missing documentation for a struct field
  --> crates/semantic/src/ir/view/error.rs:69:9
   |
69 |         available: usize,
   |         ^^^^^^^^^^^^^^^^

warning: missing documentation for a variant
  --> crates/semantic/src/ir/view/error.rs:72:5
   |
72 |     ProductHead {
   |     ^^^^^^^^^^^

warning: missing documentation for a struct field
  --> crates/semantic/src/ir/view/error.rs:73:9
   |
73 |         product: u32,
   |         ^^^^^^^^^^^^

warning: missing documentation for a struct field
  --> crates/semantic/src/ir/view/error.rs:74:9
   |
74 |         target: u32,
   |         ^^^^^^^^^^^

warning: missing documentation for a struct field
  --> crates/semantic/src/ir/view/error.rs:75:9
   |
75 |         atom_count: u32,
   |         ^^^^^^^^^^^^^^^

warning: missing documentation for a variant
  --> crates/semantic/src/ir/view/error.rs:78:5
   |
78 |     ProductList {
   |     ^^^^^^^^^^^

warning: missing documentation for a struct field
  --> crates/semantic/src/ir/view/error.rs:79:9
   |
79 |         product: u32,
   |         ^^^^^^^^^^^^

warning: missing documentation for a struct field
  --> crates/semantic/src/ir/view/error.rs:80:9
   |
80 |         target: u32,
   |         ^^^^^^^^^^^

warning: missing documentation for a struct field
  --> crates/semantic/src/ir/view/error.rs:81:9
   |
81 |         list_count: u32,
   |         ^^^^^^^^^^^^^^^

warning: missing documentation for a variant
  --> crates/semantic/src/ir/view/error.rs:86:5
   |
86 |     ConstructorCount {
   |     ^^^^^^^^^^^^^^^^

warning: missing documentation for a struct field
  --> crates/semantic/src/ir/view/error.rs:87:9
   |
87 |         product_count: u32,
   |         ^^^^^^^^^^^^^^^^^^

warning: missing documentation for a struct field
  --> crates/semantic/src/ir/view/error.rs:88:9
   |
88 |         constructor_count: u32,
   |         ^^^^^^^^^^^^^^^^^^^^^^

warning: missing documentation for a variant
  --> crates/semantic/src/ir/view/error.rs:91:5
   |
91 |     EntityRootCount { expected: u32, actual: u32 },
   |     ^^^^^^^^^^^^^^^

warning: missing documentation for a struct field
  --> crates/semantic/src/ir/view/error.rs:91:23
   |
91 |     EntityRootCount { expected: u32, actual: u32 },
   |                       ^^^^^^^^^^^^^

warning: missing documentation for a struct field
  --> crates/semantic/src/ir/view/error.rs:91:38
   |
91 |     EntityRootCount { expected: u32, actual: u32 },
   |                                      ^^^^^^^^^^^

warning: missing documentation for a variant
  --> crates/semantic/src/ir/view/error.rs:95:5
   |
95 |     EntityRoot {
   |     ^^^^^^^^^^

warning: missing documentation for a struct field
  --> crates/semantic/src/ir/view/error.rs:96:9
   |
96 |         entity: u32,
   |         ^^^^^^^^^^^

warning: missing documentation for a struct field
  --> crates/semantic/src/ir/view/error.rs:97:9
   |
97 |         target: u32,
   |         ^^^^^^^^^^^

warning: missing documentation for a struct field
  --> crates/semantic/src/ir/view/error.rs:98:9
   |
98 |         product_count: u32,
   |         ^^^^^^^^^^^^^^^^^^

warning: missing documentation for a variant
   --> crates/semantic/src/ir/view/error.rs:101:5
    |
101 |     Constructor {
    |     ^^^^^^^^^^^

warning: missing documentation for a struct field
   --> crates/semantic/src/ir/view/error.rs:102:9
    |
102 |         product: u32,
    |         ^^^^^^^^^^^^

warning: missing documentation for a struct field
   --> crates/semantic/src/ir/view/error.rs:103:9
    |
103 |         fault: ProductConstructorFault,
    |         ^^^^^^^^^^^^^^^^^^^^^^^^^^^^^^

warning: missing documentation for a variant
   --> crates/semantic/src/ir/view/error.rs:106:5
    |
106 |     ListExtent {
    |     ^^^^^^^^^^

warning: missing documentation for a struct field
   --> crates/semantic/src/ir/view/error.rs:107:9
    |
107 |         list: u32,
    |         ^^^^^^^^^

warning: missing documentation for a struct field
   --> crates/semantic/src/ir/view/error.rs:108:9
    |
108 |         start: u32,
    |         ^^^^^^^^^^

warning: missing documentation for a struct field
   --> crates/semantic/src/ir/view/error.rs:109:9
    |
109 |         length: u32,
    |         ^^^^^^^^^^^

warning: missing documentation for a struct field
   --> crates/semantic/src/ir/view/error.rs:110:9
    |
110 |         child_count: u32,
    |         ^^^^^^^^^^^^^^^^

warning: missing documentation for a variant
   --> crates/semantic/src/ir/view/error.rs:113:5
    |
113 |     ChildRoleCode { child: u32, actual: u8 },
    |     ^^^^^^^^^^^^^

warning: missing documentation for a struct field
   --> crates/semantic/src/ir/view/error.rs:113:21
    |
113 |     ChildRoleCode { child: u32, actual: u8 },
    |                     ^^^^^^^^^^

warning: missing documentation for a struct field
   --> crates/semantic/src/ir/view/error.rs:113:33
    |
113 |     ChildRoleCode { child: u32, actual: u8 },
    |                                 ^^^^^^^^^^

warning: missing documentation for a variant
   --> crates/semantic/src/ir/view/error.rs:117:5
    |
117 |     ChildRole {
    |     ^^^^^^^^^

warning: missing documentation for a struct field
   --> crates/semantic/src/ir/view/error.rs:118:9
    |
118 |         child: u32,
    |         ^^^^^^^^^^

warning: missing documentation for a struct field
   --> crates/semantic/src/ir/view/error.rs:119:9
    |
119 |         expected: ProductChildRole,
    |         ^^^^^^^^^^^^^^^^^^^^^^^^^^

warning: missing documentation for a struct field
   --> crates/semantic/src/ir/view/error.rs:120:9
    |
120 |         actual: ProductChildRole,
    |         ^^^^^^^^^^^^^^^^^^^^^^^^

warning: missing documentation for a variant
   --> crates/semantic/src/ir/view/error.rs:123:5
    |
123 |     ChildTag { child: u32, actual: u8 },
    |     ^^^^^^^^

warning: missing documentation for a struct field
   --> crates/semantic/src/ir/view/error.rs:123:16
    |
123 |     ChildTag { child: u32, actual: u8 },
    |                ^^^^^^^^^^

warning: missing documentation for a struct field
   --> crates/semantic/src/ir/view/error.rs:123:28
    |
123 |     ChildTag { child: u32, actual: u8 },
    |                            ^^^^^^^^^^

warning: missing documentation for a variant
   --> crates/semantic/src/ir/view/error.rs:125:5
    |
125 |     LocalChild {
    |     ^^^^^^^^^^

warning: missing documentation for a struct field
   --> crates/semantic/src/ir/view/error.rs:126:9
    |
126 |         child: u32,
    |         ^^^^^^^^^^

warning: missing documentation for a struct field
   --> crates/semantic/src/ir/view/error.rs:127:9
    |
127 |         target: u32,
    |         ^^^^^^^^^^^

warning: missing documentation for a struct field
   --> crates/semantic/src/ir/view/error.rs:128:9
    |
128 |         product_count: u32,
    |         ^^^^^^^^^^^^^^^^^^

warning: missing documentation for a variant
   --> crates/semantic/src/ir/view/error.rs:131:5
    |
131 |     LocalReserved {
    |     ^^^^^^^^^^^^^

warning: missing documentation for a struct field
   --> crates/semantic/src/ir/view/error.rs:132:9
    |
132 |         child: u32,
    |         ^^^^^^^^^^

warning: missing documentation for a struct field
   --> crates/semantic/src/ir/view/error.rs:133:9
    |
133 |         actual: [u8; HASH_BYTES],
    |         ^^^^^^^^^^^^^^^^^^^^^^^^

warning: missing documentation for a variant
   --> crates/semantic/src/ir/view/error.rs:136:5
    |
136 |     ExternalAuthority {
    |     ^^^^^^^^^^^^^^^^^

warning: missing documentation for a struct field
   --> crates/semantic/src/ir/view/error.rs:137:9
    |
137 |         child: u32,
    |         ^^^^^^^^^^

warning: missing documentation for a struct field
   --> crates/semantic/src/ir/view/error.rs:138:9
    |
138 |         expected: u8,
    |         ^^^^^^^^^^^^

warning: missing documentation for a struct field
   --> crates/semantic/src/ir/view/error.rs:139:9
    |
139 |         observed: u8,
    |         ^^^^^^^^^^^^

warning: missing documentation for a struct field
   --> crates/semantic/src/ir/view/error.rs:140:9
    |
140 |         raw: [u8; HASH_BYTES],
    |         ^^^^^^^^^^^^^^^^^^^^^

warning: missing documentation for a variant
   --> crates/semantic/src/ir/view/error.rs:143:5
    |
143 |     Trailing { actual: usize },
    |     ^^^^^^^^

warning: missing documentation for a struct field
   --> crates/semantic/src/ir/view/error.rs:143:16
    |
143 |     Trailing { actual: usize },
    |                ^^^^^^^^^^^^^

warning: missing documentation for an enum
   --> crates/semantic/src/ir/view/error.rs:147:1
    |
147 | pub enum FragmentError {
    | ^^^^^^^^^^^^^^^^^^^^^^

warning: missing documentation for a variant
   --> crates/semantic/src/ir/view/error.rs:151:5
    |
151 |     ExtensionPoolPair { extensions: bool, pools: bool },
    |     ^^^^^^^^^^^^^^^^^

warning: missing documentation for a struct field
   --> crates/semantic/src/ir/view/error.rs:151:25
    |
151 |     ExtensionPoolPair { extensions: bool, pools: bool },
    |                         ^^^^^^^^^^^^^^^^

warning: missing documentation for a struct field
   --> crates/semantic/src/ir/view/error.rs:151:43
    |
151 |     ExtensionPoolPair { extensions: bool, pools: bool },
    |                                           ^^^^^^^^^^^

warning: missing documentation for a variant
   --> crates/semantic/src/ir/view/error.rs:153:5
    |
153 |     Documentation {
    |     ^^^^^^^^^^^^^

warning: missing documentation for a struct field
   --> crates/semantic/src/ir/view/error.rs:155:9
    |
155 |         fault: crate::ir::docs_facts::DocFactFault,
    |         ^^^^^^^^^^^^^^^^^^^^^^^^^^^^^^^^^^^^^^^^^^

warning: missing documentation for a variant
   --> crates/semantic/src/ir/view/error.rs:158:5
    |
158 |     ExtensionPools {
    |     ^^^^^^^^^^^^^^

warning: missing documentation for a struct field
   --> crates/semantic/src/ir/view/error.rs:160:9
    |
160 |         fault: crate::ir::extension_pools::ExtensionPoolFault,
    |         ^^^^^^^^^^^^^^^^^^^^^^^^^^^^^^^^^^^^^^^^^^^^^^^^^^^^^

warning: missing documentation for a variant
   --> crates/semantic/src/ir/view/error.rs:163:5
    |
163 |     LanguageExtensions {
    |     ^^^^^^^^^^^^^^^^^^

warning: missing documentation for a struct field
   --> crates/semantic/src/ir/view/error.rs:165:9
    |
165 |         fault: crate::ir::LanguageExtensionReopenError,
    |         ^^^^^^^^^^^^^^^^^^^^^^^^^^^^^^^^^^^^^^^^^^^^^^

warning: missing documentation for a variant
   --> crates/semantic/src/ir/view/error.rs:168:5
    |
168 |     TruncatedHeader { required: usize, actual: usize },
    |     ^^^^^^^^^^^^^^^

warning: missing documentation for a struct field
   --> crates/semantic/src/ir/view/error.rs:168:23
    |
168 |     TruncatedHeader { required: usize, actual: usize },
    |                       ^^^^^^^^^^^^^^^

warning: missing documentation for a struct field
   --> crates/semantic/src/ir/view/error.rs:168:40
    |
168 |     TruncatedHeader { required: usize, actual: usize },
    |                                        ^^^^^^^^^^^^^

warning: missing documentation for a variant
   --> crates/semantic/src/ir/view/error.rs:170:5
    |
170 |     Magic { actual: [u8; 4] },
    |     ^^^^^

warning: missing documentation for a struct field
   --> crates/semantic/src/ir/view/error.rs:170:13
    |
170 |     Magic { actual: [u8; 4] },
    |             ^^^^^^^^^^^^^^^

warning: missing documentation for a variant
   --> crates/semantic/src/ir/view/error.rs:172:5
    |
172 |     Schema { actual: u16 },
    |     ^^^^^^

warning: missing documentation for a struct field
   --> crates/semantic/src/ir/view/error.rs:172:14
    |
172 |     Schema { actual: u16 },
    |              ^^^^^^^^^^^

warning: missing documentation for a variant
   --> crates/semantic/src/ir/view/error.rs:174:5
    |
174 |     DeclaredLength { declared: usize, actual: usize },
    |     ^^^^^^^^^^^^^^

warning: missing documentation for a struct field
   --> crates/semantic/src/ir/view/error.rs:174:22
    |
174 |     DeclaredLength { declared: usize, actual: usize },
    |                      ^^^^^^^^^^^^^^^

warning: missing documentation for a struct field
   --> crates/semantic/src/ir/view/error.rs:174:39
    |
174 |     DeclaredLength { declared: usize, actual: usize },
    |                                       ^^^^^^^^^^^^^

warning: missing documentation for a variant
   --> crates/semantic/src/ir/view/error.rs:176:5
    |
176 |     Extent { required: usize, actual: usize },
    |     ^^^^^^

warning: missing documentation for a struct field
   --> crates/semantic/src/ir/view/error.rs:176:14
    |
176 |     Extent { required: usize, actual: usize },
    |              ^^^^^^^^^^^^^^^

warning: missing documentation for a struct field
   --> crates/semantic/src/ir/view/error.rs:176:31
    |
176 |     Extent { required: usize, actual: usize },
    |                               ^^^^^^^^^^^^^

warning: missing documentation for a variant
   --> crates/semantic/src/ir/view/error.rs:178:5
    |
178 |     WireWidth {
    |     ^^^^^^^^^

warning: missing documentation for a struct field
   --> crates/semantic/src/ir/view/error.rs:179:9
    |
179 |         field: WireField,
    |         ^^^^^^^^^^^^^^^^

warning: missing documentation for a struct field
   --> crates/semantic/src/ir/view/error.rs:180:9
    |
180 |         actual: u32,
    |         ^^^^^^^^^^^

warning: missing documentation for a struct field
   --> crates/semantic/src/ir/view/error.rs:182:9
    |
182 |         source: TryFromIntError,
    |         ^^^^^^^^^^^^^^^^^^^^^^^

warning: missing documentation for a variant
   --> crates/semantic/src/ir/view/error.rs:185:5
    |
185 |     Directory {
    |     ^^^^^^^^^

warning: missing documentation for a struct field
   --> crates/semantic/src/ir/view/error.rs:186:9
    |
186 |         ordinal: u16,
    |         ^^^^^^^^^^^^

warning: missing documentation for a struct field
   --> crates/semantic/src/ir/view/error.rs:188:9
    |
188 |         fault: DirectoryFault,
    |         ^^^^^^^^^^^^^^^^^^^^^

warning: missing documentation for a variant
   --> crates/semantic/src/ir/view/error.rs:191:5
    |
191 |     MissingSection { section: SectionKind },
    |     ^^^^^^^^^^^^^^

warning: missing documentation for a struct field
   --> crates/semantic/src/ir/view/error.rs:191:22
    |
191 |     MissingSection { section: SectionKind },
    |                      ^^^^^^^^^^^^^^^^^^^^

warning: missing documentation for a variant
   --> crates/semantic/src/ir/view/error.rs:193:5
    |
193 |     Entity {
    |     ^^^^^^

warning: missing documentation for a struct field
   --> crates/semantic/src/ir/view/error.rs:194:9
    |
194 |         ordinal: EntityId,
    |         ^^^^^^^^^^^^^^^^^

warning: missing documentation for a struct field
   --> crates/semantic/src/ir/view/error.rs:196:9
    |
196 |         fault: EntityFault,
    |         ^^^^^^^^^^^^^^^^^^

warning: missing documentation for a variant
   --> crates/semantic/src/ir/view/error.rs:199:5
    |
199 |     EntityRecord {
    |     ^^^^^^^^^^^^

warning: missing documentation for a struct field
   --> crates/semantic/src/ir/view/error.rs:200:9
    |
200 |         ordinal: EntityId,
    |         ^^^^^^^^^^^^^^^^^

warning: missing documentation for a struct field
   --> crates/semantic/src/ir/view/error.rs:202:9
    |
202 |         fault: EntityRecordFault,
    |         ^^^^^^^^^^^^^^^^^^^^^^^^

warning: missing documentation for a variant
   --> crates/semantic/src/ir/view/error.rs:205:5
    |
205 |     Atom {
    |     ^^^^

warning: missing documentation for a struct field
   --> crates/semantic/src/ir/view/error.rs:207:9
    |
207 |         fault: AtomFault,
    |         ^^^^^^^^^^^^^^^^

warning: missing documentation for a variant
   --> crates/semantic/src/ir/view/error.rs:210:5
    |
210 |     TypeNode {
    |     ^^^^^^^^

warning: missing documentation for a struct field
   --> crates/semantic/src/ir/view/error.rs:211:9
    |
211 |         ordinal: TypeId,
    |         ^^^^^^^^^^^^^^^

warning: missing documentation for a struct field
   --> crates/semantic/src/ir/view/error.rs:213:9
    |
213 |         fault: TypeNodeFault,
    |         ^^^^^^^^^^^^^^^^^^^^

warning: missing documentation for a variant
   --> crates/semantic/src/ir/view/error.rs:216:5
    |
216 |     SourceIdentity {
    |     ^^^^^^^^^^^^^^

warning: missing documentation for a struct field
   --> crates/semantic/src/ir/view/error.rs:218:9
    |
218 |         fault: SourceIdentityFault,
    |         ^^^^^^^^^^^^^^^^^^^^^^^^^^

warning: missing documentation for a variant
   --> crates/semantic/src/ir/view/error.rs:221:5
    |
221 |     RecipeFact {
    |     ^^^^^^^^^^

warning: missing documentation for a struct field
   --> crates/semantic/src/ir/view/error.rs:223:9
    |
223 |         fault: RecipeFactFault,
    |         ^^^^^^^^^^^^^^^^^^^^^^

warning: missing documentation for a variant
   --> crates/semantic/src/ir/view/error.rs:226:5
    |
226 |     SemanticData {
    |     ^^^^^^^^^^^^

warning: missing documentation for a struct field
   --> crates/semantic/src/ir/view/error.rs:228:9
    |
228 |         fault: SemanticDataFault,
    |         ^^^^^^^^^^^^^^^^^^^^^^^^

warning: missing documentation for a variant
   --> crates/semantic/src/ir/view/error.rs:231:5
    |
231 |     Occurrences {
    |     ^^^^^^^^^^^

warning: missing documentation for a struct field
   --> crates/semantic/src/ir/view/error.rs:233:9
    |
233 |         fault: OccurrenceFault,
    |         ^^^^^^^^^^^^^^^^^^^^^^

warning: missing documentation for a variant
   --> crates/semantic/src/ir/view/error.rs:236:5
    |
236 |     TypeFacts {
    |     ^^^^^^^^^

warning: missing documentation for a struct field
   --> crates/semantic/src/ir/view/error.rs:238:9
    |
238 |         fault: crate::ir::TypeFactFault,
    |         ^^^^^^^^^^^^^^^^^^^^^^^^^^^^^^^

warning: missing documentation for a variant
   --> crates/semantic/src/ir/view/error.rs:251:5
    |
251 |     Owner {
    |     ^^^^^

warning: missing documentation for a struct field
   --> crates/semantic/src/ir/view/error.rs:252:9
    |
252 |         ordinal: u32,
    |         ^^^^^^^^^^^^

warning: missing documentation for a struct field
   --> crates/semantic/src/ir/view/error.rs:253:9
    |
253 |         owner: u32,
    |         ^^^^^^^^^^

warning: missing documentation for a struct field
   --> crates/semantic/src/ir/view/error.rs:254:9
    |
254 |         entity_count: u32,
    |         ^^^^^^^^^^^^^^^^^

warning: missing documentation for a variant
   --> crates/semantic/src/ir/view/error.rs:259:5
    |
259 |     LocalTarget {
    |     ^^^^^^^^^^^

warning: missing documentation for a struct field
   --> crates/semantic/src/ir/view/error.rs:260:9
    |
260 |         ordinal: u32,
    |         ^^^^^^^^^^^^

warning: missing documentation for a struct field
   --> crates/semantic/src/ir/view/error.rs:261:9
    |
261 |         target: u32,
    |         ^^^^^^^^^^^

warning: missing documentation for a struct field
   --> crates/semantic/src/ir/view/error.rs:262:9
    |
262 |         entity_count: u32,
    |         ^^^^^^^^^^^^^^^^^

warning: missing documentation for a variant
   --> crates/semantic/src/ir/view/error.rs:265:5
    |
265 |     TargetTag { ordinal: u32, actual: u8 },
    |     ^^^^^^^^^

warning: missing documentation for a struct field
   --> crates/semantic/src/ir/view/error.rs:265:17
    |
265 |     TargetTag { ordinal: u32, actual: u8 },
    |                 ^^^^^^^^^^^^

warning: missing documentation for a struct field
   --> crates/semantic/src/ir/view/error.rs:265:31
    |
265 |     TargetTag { ordinal: u32, actual: u8 },
    |                               ^^^^^^^^^^

warning: missing documentation for a variant
   --> crates/semantic/src/ir/view/error.rs:267:5
    |
267 |     OriginTag { ordinal: u32, actual: u8 },
    |     ^^^^^^^^^

warning: missing documentation for a struct field
   --> crates/semantic/src/ir/view/error.rs:267:17
    |
267 |     OriginTag { ordinal: u32, actual: u8 },
    |                 ^^^^^^^^^^^^

warning: missing documentation for a struct field
   --> crates/semantic/src/ir/view/error.rs:267:31
    |
267 |     OriginTag { ordinal: u32, actual: u8 },
    |                               ^^^^^^^^^^

warning: missing documentation for a variant
   --> crates/semantic/src/ir/view/error.rs:269:5
    |
269 |     ReferenceKind { ordinal: u32, actual: u8 },
    |     ^^^^^^^^^^^^^

warning: missing documentation for a struct field
   --> crates/semantic/src/ir/view/error.rs:269:21
    |
269 |     ReferenceKind { ordinal: u32, actual: u8 },
    |                     ^^^^^^^^^^^^

warning: missing documentation for a struct field
   --> crates/semantic/src/ir/view/error.rs:269:35
    |
269 |     ReferenceKind { ordinal: u32, actual: u8 },
    |                                   ^^^^^^^^^^

warning: missing documentation for a variant
   --> crates/semantic/src/ir/view/error.rs:271:5
    |
271 |     Confidence { ordinal: u32, actual: u8 },
    |     ^^^^^^^^^^

warning: missing documentation for a struct field
   --> crates/semantic/src/ir/view/error.rs:271:18
    |
271 |     Confidence { ordinal: u32, actual: u8 },
    |                  ^^^^^^^^^^^^

warning: missing documentation for a struct field
   --> crates/semantic/src/ir/view/error.rs:271:32
    |
271 |     Confidence { ordinal: u32, actual: u8 },
    |                                ^^^^^^^^^^

warning: missing documentation for a variant
   --> crates/semantic/src/ir/view/error.rs:273:5
    |
273 |     Span { ordinal: u32, start: u32, end: u32 },
    |     ^^^^

warning: missing documentation for a struct field
   --> crates/semantic/src/ir/view/error.rs:273:12
    |
273 |     Span { ordinal: u32, start: u32, end: u32 },
    |            ^^^^^^^^^^^^

warning: missing documentation for a struct field
   --> crates/semantic/src/ir/view/error.rs:273:26
    |
273 |     Span { ordinal: u32, start: u32, end: u32 },
    |                          ^^^^^^^^^^

warning: missing documentation for a struct field
   --> crates/semantic/src/ir/view/error.rs:273:38
    |
273 |     Span { ordinal: u32, start: u32, end: u32 },
    |                                      ^^^^^^^^

warning: missing documentation for a variant
   --> crates/semantic/src/ir/view/error.rs:275:5
    |
275 |     KindCell { ordinal: u32, actual: u16 },
    |     ^^^^^^^^

warning: missing documentation for a struct field
   --> crates/semantic/src/ir/view/error.rs:275:16
    |
275 |     KindCell { ordinal: u32, actual: u16 },
    |                ^^^^^^^^^^^^

warning: missing documentation for a struct field
   --> crates/semantic/src/ir/view/error.rs:275:30
    |
275 |     KindCell { ordinal: u32, actual: u16 },
    |                              ^^^^^^^^^^^

warning: missing documentation for a variant
   --> crates/semantic/src/ir/view/error.rs:277:5
    |
277 |     EmptyPath { ordinal: u32 },
    |     ^^^^^^^^^

warning: missing documentation for a struct field
   --> crates/semantic/src/ir/view/error.rs:277:17
    |
277 |     EmptyPath { ordinal: u32 },
    |                 ^^^^^^^^^^^^

warning: missing documentation for a variant
   --> crates/semantic/src/ir/view/error.rs:279:5
    |
279 |     Truncated { ordinal: u32, needed: usize },
    |     ^^^^^^^^^

warning: missing documentation for a struct field
   --> crates/semantic/src/ir/view/error.rs:279:17
    |
279 |     Truncated { ordinal: u32, needed: usize },
    |                 ^^^^^^^^^^^^

warning: missing documentation for a struct field
   --> crates/semantic/src/ir/view/error.rs:279:31
    |
279 |     Truncated { ordinal: u32, needed: usize },
    |                               ^^^^^^^^^^^^^

warning: missing documentation for a variant
   --> crates/semantic/src/ir/view/error.rs:281:5
    |
281 |     TrailingBytes { declared: u32 },
    |     ^^^^^^^^^^^^^

warning: missing documentation for a struct field
   --> crates/semantic/src/ir/view/error.rs:281:21
    |
281 |     TrailingBytes { declared: u32 },
    |                     ^^^^^^^^^^^^^

warning: missing documentation for a variant
   --> crates/semantic/src/ir/view/error.rs:285:5
    |
285 |     LegacyStableTarget { ordinal: u32, schema: u16 },
    |     ^^^^^^^^^^^^^^^^^^

warning: missing documentation for a struct field
   --> crates/semantic/src/ir/view/error.rs:285:26
    |
285 |     LegacyStableTarget { ordinal: u32, schema: u16 },
    |                          ^^^^^^^^^^^^

warning: missing documentation for a struct field
   --> crates/semantic/src/ir/view/error.rs:285:40
    |
285 |     LegacyStableTarget { ordinal: u32, schema: u16 },
    |                                        ^^^^^^^^^^^

warning: missing documentation for a variant
   --> crates/semantic/src/ir/view/error.rs:289:5
    |
289 |     AuthorityDomain {
    |     ^^^^^^^^^^^^^^^

warning: missing documentation for a struct field
   --> crates/semantic/src/ir/view/error.rs:290:9
    |
290 |         ordinal: u32,
    |         ^^^^^^^^^^^^

warning: missing documentation for a struct field
   --> crates/semantic/src/ir/view/error.rs:291:9
    |
291 |         expected: DomainCode,
    |         ^^^^^^^^^^^^^^^^^^^^

warning: missing documentation for a struct field
   --> crates/semantic/src/ir/view/error.rs:292:9
    |
292 |         observed: u8,
    |         ^^^^^^^^^^^^

warning: missing documentation for a struct field
   --> crates/semantic/src/ir/view/error.rs:293:9
    |
293 |         raw: [u8; backend_version::HASH_BYTES],
    |         ^^^^^^^^^^^^^^^^^^^^^^^^^^^^^^^^^^^^^^

warning: missing documentation for a variant
   --> crates/semantic/src/ir/view/error.rs:296:5
    |
296 |     AuthorityWidth { ordinal: u32, actual: usize },
    |     ^^^^^^^^^^^^^^

warning: missing documentation for a struct field
   --> crates/semantic/src/ir/view/error.rs:296:22
    |
296 |     AuthorityWidth { ordinal: u32, actual: usize },
    |                      ^^^^^^^^^^^^

warning: missing documentation for a struct field
   --> crates/semantic/src/ir/view/error.rs:296:36
    |
296 |     AuthorityWidth { ordinal: u32, actual: usize },
    |                                    ^^^^^^^^^^^^^

warning: missing documentation for an associated function
  --> crates/semantic/src/ir/view/validate.rs:24:5
   |
24 |     pub fn validate(envelope: &'fragment [u8]) -> Result<Self, FragmentError> {
   |     ^^^^^^^^^^^^^^^^^^^^^^^^^^^^^^^^^^^^^^^^^^^^^^^^^^^^^^^^^^^^^^^^^^^^^^^^^

warning: missing documentation for a method
  --> crates/semantic/src/ir/view/validate.rs:79:5
   |
79 |     pub fn type_facts(&self) -> Option<crate::ir::type_facts::TypeFactCursor<'fragment>> {
   |     ^^^^^^^^^^^^^^^^^^^^^^^^^^^^^^^^^^^^^^^^^^^^^^^^^^^^^^^^^^^^^^^^^^^^^^^^^^^^^^^^^^^^

warning: missing documentation for a method
   --> crates/semantic/src/ir/view/validate.rs:103:5
    |
103 |     pub fn type_fact_payload(&self) -> Option<&'fragment [u8]> {
    |     ^^^^^^^^^^^^^^^^^^^^^^^^^^^^^^^^^^^^^^^^^^^^^^^^^^^^^^^^^^

warning: missing documentation for an enum
   --> crates/semantic/src/ir/wire.rs:113:9
    |
113 | /         $visibility enum $name {
114 | |             $($variant = $wire),+
115 | |         }
    | |_________^
...
138 | / wire_enum_u16! {
139 | |     pub enum SectionKind {
140 | |         EntityTypes = 1,
141 | |         TypeNodes = 2,
...   |
153 | | }
    | |_- in this macro invocation
    |
    = note: this warning originates in the macro `wire_enum_u16` (in Nightly builds, run with -Z macro-backtrace for more info)

warning: missing documentation for a variant
   --> crates/semantic/src/ir/wire.rs:114:15
    |
114 |               $($variant = $wire),+
    |                 ^^^^^^^^^^^^^^^^
...
138 | / wire_enum_u16! {
139 | |     pub enum SectionKind {
140 | |         EntityTypes = 1,
141 | |         TypeNodes = 2,
...   |
153 | | }
    | |_- in this macro invocation
    |
    = note: this warning originates in the macro `wire_enum_u16` (in Nightly builds, run with -Z macro-backtrace for more info)

warning: missing documentation for an associated function
   --> crates/semantic/src/ir_vocabulary/identity.rs:277:5
    |
277 |     pub const fn from_raw(bytes: [u8; 16]) -> Self {
    |     ^^^^^^^^^^^^^^^^^^^^^^^^^^^^^^^^^^^^^^^^^^^^^^

warning: missing documentation for a method
   --> crates/semantic/src/ir_vocabulary/identity.rs:298:5
    |
298 |     pub const fn as_bytes(&self) -> &[u8; 16] {
    |     ^^^^^^^^^^^^^^^^^^^^^^^^^^^^^^^^^^^^^^^^^

warning: missing documentation for an associated function
   --> crates/semantic/src/ir_vocabulary/identity.rs:310:5
    |
310 |     pub const fn from_raw(bytes: [u8; 16]) -> Self {
    |     ^^^^^^^^^^^^^^^^^^^^^^^^^^^^^^^^^^^^^^^^^^^^^^

warning: missing documentation for an associated function
   --> crates/semantic/src/ir_vocabulary/identity.rs:315:5
    |
315 |     pub fn from_canonical_bytes(bytes: &[u8]) -> Self {
    |     ^^^^^^^^^^^^^^^^^^^^^^^^^^^^^^^^^^^^^^^^^^^^^^^^^

warning: missing documentation for a method
   --> crates/semantic/src/ir_vocabulary/identity.rs:321:5
    |
321 |     pub const fn as_bytes(&self) -> &[u8; 16] {
    |     ^^^^^^^^^^^^^^^^^^^^^^^^^^^^^^^^^^^^^^^^^

warning: missing documentation for an associated function
   --> crates/semantic/src/ir_vocabulary/identity.rs:335:5
    |
335 |     pub const fn from_raw(bytes: [u8; 16]) -> Self {
    |     ^^^^^^^^^^^^^^^^^^^^^^^^^^^^^^^^^^^^^^^^^^^^^^

warning: missing documentation for an associated function
   --> crates/semantic/src/ir_vocabulary/identity.rs:340:5
    |
340 |     pub fn from_canonical_bytes(bytes: &[u8]) -> Self {
    |     ^^^^^^^^^^^^^^^^^^^^^^^^^^^^^^^^^^^^^^^^^^^^^^^^^

warning: missing documentation for a method
   --> crates/semantic/src/ir_vocabulary/identity.rs:354:5
    |
354 |     pub const fn as_bytes(&self) -> &[u8; 16] {
    |     ^^^^^^^^^^^^^^^^^^^^^^^^^^^^^^^^^^^^^^^^^

warning: missing documentation for a struct field
   --> crates/semantic/src/ir_vocabulary/identity.rs:362:5
    |
362 |     pub family: DeclarationFamilyId,
    |     ^^^^^^^^^^^^^^^^^^^^^^^^^^^^^^^

warning: missing documentation for a struct field
   --> crates/semantic/src/ir_vocabulary/identity.rs:363:5
    |
363 |     pub variant: VariantFingerprint,
    |     ^^^^^^^^^^^^^^^^^^^^^^^^^^^^^^^

warning: missing documentation for a variant
   --> crates/semantic/src/ir_vocabulary/identity.rs:369:5
    |
369 |     Known(VariantFingerprint),
    |     ^^^^^

warning: missing documentation for a variant
   --> crates/semantic/src/ir_vocabulary/identity.rs:370:5
    |
370 |     Unavailable,
    |     ^^^^^^^^^^^

warning: missing documentation for a struct field
   --> crates/semantic/src/ir_vocabulary/identity.rs:378:5
    |
378 |     pub variant: VariantAvailability,
    |     ^^^^^^^^^^^^^^^^^^^^^^^^^^^^^^^^

warning: missing documentation for a variant
   --> crates/semantic/src/ir_vocabulary/type_lattice.rs:134:5
    |
134 |     None = 0,
    |     ^^^^

warning: missing documentation for a variant
   --> crates/semantic/src/ir_vocabulary/type_lattice.rs:135:5
    |
135 |     TypedLast = 1,
    |     ^^^^^^^^^

warning: missing documentation for a variant
   --> crates/semantic/src/ir_vocabulary/type_lattice.rs:136:5
    |
136 |     CUnbounded = 2,
    |     ^^^^^^^^^^

warning: missing documentation for a variant
   --> crates/semantic/src/ir_vocabulary/type_lattice.rs:157:5
    |
157 |     Both = 0,
    |     ^^^^

warning: missing documentation for a variant
   --> crates/semantic/src/ir_vocabulary/type_lattice.rs:158:5
    |
158 |     Send = 1,
    |     ^^^^

warning: missing documentation for a variant
   --> crates/semantic/src/ir_vocabulary/type_lattice.rs:159:5
    |
159 |     Receive = 2,
    |     ^^^^^^^

warning: missing documentation for a struct field
  --> crates/semantic/src/registry/mod.rs:11:14
   |
11 |     Native { tool: NativeTool },
   |              ^^^^^^^^^^^^^^^^

warning: missing documentation for a struct field
  --> crates/semantic/src/registry/mod.rs:13:26
   |
13 |     ToolingUnavailable { tool: NativeTool },
   |                          ^^^^^^^^^^^^^^^^

warning: missing documentation for a variant
   --> crates/semantic/src/vocabulary/authority.rs:357:5
    |
357 |     Rustc,
    |     ^^^^^

warning: missing documentation for a variant
   --> crates/semantic/src/vocabulary/authority.rs:358:5
    |
358 |     Clang,
    |     ^^^^^

warning: missing documentation for a variant
   --> crates/semantic/src/vocabulary/authority.rs:359:5
    |
359 |     Python,
    |     ^^^^^^

warning: missing documentation for a variant
   --> crates/semantic/src/vocabulary/authority.rs:360:5
    |
360 |     TypeScriptCompiler,
    |     ^^^^^^^^^^^^^^^^^^

warning: missing documentation for a variant
   --> crates/semantic/src/vocabulary/authority.rs:361:5
    |
361 |     GoCompiler,
    |     ^^^^^^^^^^

warning: missing documentation for a variant
   --> crates/semantic/src/vocabulary/authority.rs:362:5
    |
362 |     JavaCompiler,
    |     ^^^^^^^^^^^^

warning: missing documentation for a variant
   --> crates/semantic/src/vocabulary/authority.rs:363:5
    |
363 |     CSharpCompiler,
    |     ^^^^^^^^^^^^^^

warning: missing documentation for a struct field
  --> crates/semantic/src/vocabulary/clang.rs:43:13
   |
43 |     Known { identity: [u8; 16] },
   |             ^^^^^^^^^^^^^^^^^^

warning: missing documentation for a struct field
  --> crates/semantic/src/vocabulary/clang.rs:52:12
   |
52 |     Span { start: u32, end: u32 },
   |            ^^^^^^^^^^

warning: missing documentation for a struct field
  --> crates/semantic/src/vocabulary/clang.rs:52:24
   |
52 |     Span { start: u32, end: u32 },
   |                        ^^^^^^^^

warning: missing documentation for a struct field
  --> crates/semantic/src/vocabulary/clang.rs:54:16
   |
54 |     Nameless { declaration: u32 },
   |                ^^^^^^^^^^^^^^^^

warning: missing documentation for a struct field
  --> crates/semantic/src/vocabulary/clang.rs:60:23
   |
60 |     ForeignOverride { identity: [u8; 16] },
   |                       ^^^^^^^^^^^^^^^^^^

warning: missing documentation for a struct field
  --> crates/semantic/src/vocabulary/clang.rs:62:24
   |
62 |     ForeignReference { identity: [u8; 16] },
   |                        ^^^^^^^^^^^^^^^^^^

warning: missing documentation for a struct field
  --> crates/semantic/src/vocabulary/clang.rs:65:9
   |
65 |         type_id: u32,
   |         ^^^^^^^^^^^^

warning: missing documentation for a struct field
  --> crates/semantic/src/vocabulary/clang.rs:66:9
   |
66 |         kind: ClangProjectionTypeKind,
   |         ^^^^^^^^^^^^^^^^^^^^^^^^^^^^^

warning: missing documentation for a struct field
  --> crates/semantic/src/vocabulary/clang.rs:67:9
   |
67 |         qualifiers: ClangProjectionQualifiers,
   |         ^^^^^^^^^^^^^^^^^^^^^^^^^^^^^^^^^^^^^

warning: missing documentation for a struct field
  --> crates/semantic/src/vocabulary/clang.rs:71:9
   |
71 |         pointer: u32,
   |         ^^^^^^^^^^^^

warning: missing documentation for a struct field
  --> crates/semantic/src/vocabulary/clang.rs:72:9
   |
72 |         owner: u32,
   |         ^^^^^^^^^^

warning: missing documentation for a struct field
  --> crates/semantic/src/vocabulary/clang.rs:73:9
   |
73 |         kind: ClangProjectionTypeKind,
   |         ^^^^^^^^^^^^^^^^^^^^^^^^^^^^^

warning: missing documentation for a struct field
  --> crates/semantic/src/vocabulary/clang.rs:74:9
   |
74 |         declaration: ClangProjectionDeclaration,
   |         ^^^^^^^^^^^^^^^^^^^^^^^^^^^^^^^^^^^^^^^

warning: missing documentation for a struct field
  --> crates/semantic/src/vocabulary/csharp.rs:10:13
   |
10 |     Image { cause: CSharpImageFault },
   |             ^^^^^^^^^^^^^^^^^^^^^^^

warning: missing documentation for a struct field
  --> crates/semantic/src/vocabulary/csharp.rs:12:13
   |
12 |     Depth { type_row: u32 },
   |             ^^^^^^^^^^^^^

warning: missing documentation for a struct field
  --> crates/semantic/src/vocabulary/csharp.rs:14:16
   |
14 |     NameSpan { start: u32, end: u32 },
   |                ^^^^^^^^^^

warning: missing documentation for a struct field
  --> crates/semantic/src/vocabulary/csharp.rs:14:28
   |
14 |     NameSpan { start: u32, end: u32 },
   |                            ^^^^^^^^

warning: missing documentation for a struct field
  --> crates/semantic/src/vocabulary/csharp.rs:17:9
   |
17 |         owner_start: u32,
   |         ^^^^^^^^^^^^^^^^

warning: missing documentation for a struct field
  --> crates/semantic/src/vocabulary/csharp.rs:18:9
   |
18 |         reference_start: u32,
   |         ^^^^^^^^^^^^^^^^^^^^

warning: missing documentation for a struct field
  --> crates/semantic/src/vocabulary/csharp.rs:21:14
   |
21 |     Anchor { owner: u32 },
   |              ^^^^^^^^^^

warning: missing documentation for a struct field
  --> crates/semantic/src/vocabulary/csharp.rs:23:15
   |
23 |     Foreign { reference: u32 },
   |               ^^^^^^^^^^^^^^

warning: missing documentation for a struct field
  --> crates/semantic/src/vocabulary/csharp.rs:25:25
   |
25 |     AttributeCapacity { spellings: u32 },
   |                         ^^^^^^^^^^^^^^

warning: missing documentation for a struct field
  --> crates/semantic/src/vocabulary/csharp.rs:28:9
   |
28 |         phase: CSharpProjectionIndexPhase,
   |         ^^^^^^^^^^^^^^^^^^^^^^^^^^^^^^^^^

warning: missing documentation for a struct field
  --> crates/semantic/src/vocabulary/csharp.rs:29:9
   |
29 |         observed: u64,
   |         ^^^^^^^^^^^^^

warning: missing documentation for a struct field
  --> crates/semantic/src/vocabulary/csharp.rs:32:30
   |
32 |     HeterogeneousArrayRank { first: u32, observed: u32 },
   |                              ^^^^^^^^^^

warning: missing documentation for a struct field
  --> crates/semantic/src/vocabulary/csharp.rs:32:42
   |
32 |     HeterogeneousArrayRank { first: u32, observed: u32 },
   |                                          ^^^^^^^^^^^^^

warning: missing documentation for a struct field
  --> crates/semantic/src/vocabulary/csharp.rs:34:18
   |
34 |     ResultName { type_row: u32 },
   |                  ^^^^^^^^^^^^^

warning: missing documentation for a struct field
   --> crates/semantic/src/vocabulary/csharp.rs:105:17
    |
105 |     Truncated { actual: u32 },
    |                 ^^^^^^^^^^^

warning: missing documentation for a struct field
   --> crates/semantic/src/vocabulary/csharp.rs:107:13
    |
107 |     Magic { found: [u8; 4] },
    |             ^^^^^^^^^^^^^^

warning: missing documentation for a struct field
   --> crates/semantic/src/vocabulary/csharp.rs:109:15
    |
109 |     Version { found: u16 },
    |               ^^^^^^^^^^

warning: missing documentation for a struct field
   --> crates/semantic/src/vocabulary/csharp.rs:111:14
    |
111 |     Length { found: u32 },
    |              ^^^^^^^^^^

warning: missing documentation for a struct field
   --> crates/semantic/src/vocabulary/csharp.rs:113:20
    |
113 |     SectionCount { found: u32 },
    |                    ^^^^^^^^^^

warning: missing documentation for a struct field
   --> crates/semantic/src/vocabulary/csharp.rs:115:18
    |
115 |     BodyLength { declared: u32, actual: u32 },
    |                  ^^^^^^^^^^^^^

warning: missing documentation for a struct field
   --> crates/semantic/src/vocabulary/csharp.rs:115:33
    |
115 |     BodyLength { declared: u32, actual: u32 },
    |                                 ^^^^^^^^^^^

warning: missing documentation for a struct field
   --> crates/semantic/src/vocabulary/csharp.rs:119:20
    |
119 |     DirectoryTag { expected: u16, found: u16 },
    |                    ^^^^^^^^^^^^^

warning: missing documentation for a struct field
   --> crates/semantic/src/vocabulary/csharp.rs:119:35
    |
119 |     DirectoryTag { expected: u16, found: u16 },
    |                                   ^^^^^^^^^^

warning: missing documentation for a struct field
   --> crates/semantic/src/vocabulary/csharp.rs:121:25
    |
121 |     DirectoryRowBytes { expected: u32, found: u32 },
    |                         ^^^^^^^^^^^^^

warning: missing documentation for a struct field
   --> crates/semantic/src/vocabulary/csharp.rs:121:40
    |
121 |     DirectoryRowBytes { expected: u32, found: u32 },
    |                                        ^^^^^^^^^^

warning: missing documentation for a struct field
   --> crates/semantic/src/vocabulary/csharp.rs:124:9
    |
124 |         count: u32,
    |         ^^^^^^^^^^

warning: missing documentation for a struct field
   --> crates/semantic/src/vocabulary/csharp.rs:125:9
    |
125 |         row_bytes: u32,
    |         ^^^^^^^^^^^^^^

warning: missing documentation for a struct field
   --> crates/semantic/src/vocabulary/csharp.rs:126:9
    |
126 |         found: u32,
    |         ^^^^^^^^^^

warning: missing documentation for a struct field
   --> crates/semantic/src/vocabulary/csharp.rs:129:23
    |
129 |     DirectoryOffset { expected: u32, found: u32 },
    |                       ^^^^^^^^^^^^^

warning: missing documentation for a struct field
   --> crates/semantic/src/vocabulary/csharp.rs:129:38
    |
129 |     DirectoryOffset { expected: u32, found: u32 },
    |                                      ^^^^^^^^^^

warning: missing documentation for a struct field
   --> crates/semantic/src/vocabulary/csharp.rs:132:9
    |
132 |         offset: u32,
    |         ^^^^^^^^^^^

warning: missing documentation for a struct field
   --> crates/semantic/src/vocabulary/csharp.rs:133:9
    |
133 |         length: u32,
    |         ^^^^^^^^^^^

warning: missing documentation for a struct field
   --> crates/semantic/src/vocabulary/csharp.rs:134:9
    |
134 |         image_bytes: u32,
    |         ^^^^^^^^^^^^^^^^

warning: missing documentation for a struct field
   --> crates/semantic/src/vocabulary/csharp.rs:165:14
    |
165 |     Header { cause: CSharpImageHeaderFault },
    |              ^^^^^^^^^^^^^^^^^^^^^^^^^^^^^

warning: missing documentation for a struct field
   --> crates/semantic/src/vocabulary/csharp.rs:170:9
    |
170 |         index: u32,
    |         ^^^^^^^^^^

warning: missing documentation for a struct field
   --> crates/semantic/src/vocabulary/csharp.rs:171:9
    |
171 |         found: u8,
    |         ^^^^^^^^^

warning: missing documentation for a struct field
   --> crates/semantic/src/vocabulary/csharp.rs:172:9
    |
172 |         plane: CSharpImageSection,
    |         ^^^^^^^^^^^^^^^^^^^^^^^^^

warning: missing documentation for a struct field
   --> crates/semantic/src/vocabulary/csharp.rs:176:9
    |
176 |         index: u32,
    |         ^^^^^^^^^^

warning: missing documentation for a struct field
   --> crates/semantic/src/vocabulary/csharp.rs:177:9
    |
177 |         plane: CSharpImageSection,
    |         ^^^^^^^^^^^^^^^^^^^^^^^^^

warning: missing documentation for a struct field
   --> crates/semantic/src/vocabulary/csharp.rs:181:9
    |
181 |         index: u32,
    |         ^^^^^^^^^^

warning: missing documentation for a struct field
   --> crates/semantic/src/vocabulary/csharp.rs:182:9
    |
182 |         offset: u32,
    |         ^^^^^^^^^^^

warning: missing documentation for a struct field
   --> crates/semantic/src/vocabulary/csharp.rs:183:9
    |
183 |         length: u32,
    |         ^^^^^^^^^^^

warning: missing documentation for a struct field
   --> crates/semantic/src/vocabulary/csharp.rs:184:9
    |
184 |         atom_bytes: u32,
    |         ^^^^^^^^^^^^^^^

warning: missing documentation for a struct field
   --> crates/semantic/src/vocabulary/csharp.rs:187:16
    |
187 |     NameUtf8 { index: u32 },
    |                ^^^^^^^^^^

warning: missing documentation for a struct field
   --> crates/semantic/src/vocabulary/csharp.rs:189:12
    |
189 |     Span { index: u32, start: u32, end: u32 },
    |            ^^^^^^^^^^

warning: missing documentation for a struct field
   --> crates/semantic/src/vocabulary/csharp.rs:189:24
    |
189 |     Span { index: u32, start: u32, end: u32 },
    |                        ^^^^^^^^^^

warning: missing documentation for a struct field
   --> crates/semantic/src/vocabulary/csharp.rs:189:36
    |
189 |     Span { index: u32, start: u32, end: u32 },
    |                                    ^^^^^^^^

warning: missing documentation for a struct field
   --> crates/semantic/src/vocabulary/csharp.rs:192:9
    |
192 |         index: u32,
    |         ^^^^^^^^^^

warning: missing documentation for a struct field
   --> crates/semantic/src/vocabulary/csharp.rs:193:9
    |
193 |         kind: CSharpImageTypeKind,
    |         ^^^^^^^^^^^^^^^^^^^^^^^^^

warning: missing documentation for a struct field
   --> crates/semantic/src/vocabulary/csharp.rs:194:9
    |
194 |         min: u32,
    |         ^^^^^^^^

warning: missing documentation for a struct field
   --> crates/semantic/src/vocabulary/csharp.rs:195:9
    |
195 |         max: u32,
    |         ^^^^^^^^

warning: missing documentation for a struct field
   --> crates/semantic/src/vocabulary/csharp.rs:196:9
    |
196 |         actual: u32,
    |         ^^^^^^^^^^^

warning: missing documentation for a struct field
   --> crates/semantic/src/vocabulary/go.rs:145:17
    |
145 |     Truncated { actual: u32 },
    |                 ^^^^^^^^^^^

warning: missing documentation for a struct field
   --> crates/semantic/src/vocabulary/go.rs:147:13
    |
147 |     Magic { found: [u8; 4] },
    |             ^^^^^^^^^^^^^^

warning: missing documentation for a struct field
   --> crates/semantic/src/vocabulary/go.rs:149:15
    |
149 |     Version { found: u16 },
    |               ^^^^^^^^^^

warning: missing documentation for a struct field
   --> crates/semantic/src/vocabulary/go.rs:151:14
    |
151 |     Length { found: u32 },
    |              ^^^^^^^^^^

warning: missing documentation for a struct field
   --> crates/semantic/src/vocabulary/go.rs:153:18
    |
153 |     BodyLength { declared: u32, actual: u32 },
    |                  ^^^^^^^^^^^^^

warning: missing documentation for a struct field
   --> crates/semantic/src/vocabulary/go.rs:153:33
    |
153 |     BodyLength { declared: u32, actual: u32 },
    |                                 ^^^^^^^^^^^

warning: missing documentation for a struct field
   --> crates/semantic/src/vocabulary/go.rs:157:19
    |
157 |     ModuleCount { found: u32 },
    |                   ^^^^^^^^^^

warning: missing documentation for a struct field
   --> crates/semantic/src/vocabulary/go.rs:168:14
    |
168 |     Header { cause: GoImageHeaderFault },
    |              ^^^^^^^^^^^^^^^^^^^^^^^^^

warning: missing documentation for a struct field
   --> crates/semantic/src/vocabulary/go.rs:173:9
    |
173 |         plane: GoImagePlane,
    |         ^^^^^^^^^^^^^^^^^^^

warning: missing documentation for a struct field
   --> crates/semantic/src/vocabulary/go.rs:174:9
    |
174 |         index: u32,
    |         ^^^^^^^^^^

warning: missing documentation for a struct field
   --> crates/semantic/src/vocabulary/go.rs:175:9
    |
175 |         count: u32,
    |         ^^^^^^^^^^

warning: missing documentation for a struct field
   --> crates/semantic/src/vocabulary/go.rs:178:23
    |
178 |     DeclarationKind { index: u32, found: u8 },
    |                       ^^^^^^^^^^

warning: missing documentation for a struct field
   --> crates/semantic/src/vocabulary/go.rs:178:35
    |
178 |     DeclarationKind { index: u32, found: u8 },
    |                                   ^^^^^^^^^

warning: missing documentation for a struct field
   --> crates/semantic/src/vocabulary/go.rs:180:20
    |
180 |     ExportedFlag { index: u32, found: u8 },
    |                    ^^^^^^^^^^

warning: missing documentation for a struct field
   --> crates/semantic/src/vocabulary/go.rs:180:32
    |
180 |     ExportedFlag { index: u32, found: u8 },
    |                                ^^^^^^^^^

warning: missing documentation for a struct field
   --> crates/semantic/src/vocabulary/go.rs:182:23
    |
182 |     DeclarationIota { index: u32, found: u8 },
    |                       ^^^^^^^^^^

warning: missing documentation for a struct field
   --> crates/semantic/src/vocabulary/go.rs:182:35
    |
182 |     DeclarationIota { index: u32, found: u8 },
    |                                   ^^^^^^^^^

warning: missing documentation for a struct field
   --> crates/semantic/src/vocabulary/go.rs:184:27
    |
184 |     DeclarationReserved { index: u32 },
    |                           ^^^^^^^^^^

warning: missing documentation for a struct field
   --> crates/semantic/src/vocabulary/go.rs:186:20
    |
186 |     TypeReserved { index: u32 },
    |                    ^^^^^^^^^^

warning: missing documentation for a struct field
   --> crates/semantic/src/vocabulary/go.rs:188:22
    |
188 |     MethodReserved { index: u32 },
    |                      ^^^^^^^^^^

warning: missing documentation for a struct field
   --> crates/semantic/src/vocabulary/go.rs:190:22
    |
190 |     MemberReserved { index: u32 },
    |                      ^^^^^^^^^^

warning: missing documentation for a struct field
   --> crates/semantic/src/vocabulary/go.rs:192:19
    |
192 |     DocReserved { index: u32 },
    |                   ^^^^^^^^^^

warning: missing documentation for a struct field
   --> crates/semantic/src/vocabulary/go.rs:194:25
    |
194 |     ReferenceReserved { index: u32 },
    |                         ^^^^^^^^^^

warning: missing documentation for a struct field
   --> crates/semantic/src/vocabulary/go.rs:197:9
    |
197 |         index: u32,
    |         ^^^^^^^^^^

warning: missing documentation for a struct field
   --> crates/semantic/src/vocabulary/go.rs:198:9
    |
198 |         root: u32,
    |         ^^^^^^^^^

warning: missing documentation for a struct field
   --> crates/semantic/src/vocabulary/go.rs:199:9
    |
199 |         type_count: u32,
    |         ^^^^^^^^^^^^^^^

warning: missing documentation for a struct field
   --> crates/semantic/src/vocabulary/go.rs:202:23
    |
202 |     DeclarationSpan { index: u32, start: u32, end: u32 },
    |                       ^^^^^^^^^^

warning: missing documentation for a struct field
   --> crates/semantic/src/vocabulary/go.rs:202:35
    |
202 |     DeclarationSpan { index: u32, start: u32, end: u32 },
    |                                   ^^^^^^^^^^

warning: missing documentation for a struct field
   --> crates/semantic/src/vocabulary/go.rs:202:47
    |
202 |     DeclarationSpan { index: u32, start: u32, end: u32 },
    |                                               ^^^^^^^^

warning: missing documentation for a struct field
   --> crates/semantic/src/vocabulary/go.rs:204:16
    |
204 |     TypeKind { index: u32, found: u8 },
    |                ^^^^^^^^^^

warning: missing documentation for a struct field
   --> crates/semantic/src/vocabulary/go.rs:204:28
    |
204 |     TypeKind { index: u32, found: u8 },
    |                            ^^^^^^^^^

warning: missing documentation for a struct field
   --> crates/semantic/src/vocabulary/go.rs:206:24
    |
206 |     TypeNameRequired { index: u32, kind: GoImageTypeKind },
    |                        ^^^^^^^^^^

warning: missing documentation for a struct field
   --> crates/semantic/src/vocabulary/go.rs:206:36
    |
206 |     TypeNameRequired { index: u32, kind: GoImageTypeKind },
    |                                    ^^^^^^^^^^^^^^^^^^^^^

warning: missing documentation for a struct field
   --> crates/semantic/src/vocabulary/go.rs:208:25
    |
208 |     TypeNameForbidden { index: u32, kind: GoImageTypeKind },
    |                         ^^^^^^^^^^

warning: missing documentation for a struct field
   --> crates/semantic/src/vocabulary/go.rs:208:37
    |
208 |     TypeNameForbidden { index: u32, kind: GoImageTypeKind },
    |                                     ^^^^^^^^^^^^^^^^^^^^^

warning: missing documentation for a struct field
   --> crates/semantic/src/vocabulary/go.rs:210:21
    |
210 |     TypeDirection { index: u32, found: u8 },
    |                     ^^^^^^^^^^

warning: missing documentation for a struct field
   --> crates/semantic/src/vocabulary/go.rs:210:33
    |
210 |     TypeDirection { index: u32, found: u8 },
    |                                 ^^^^^^^^^

warning: missing documentation for a struct field
   --> crates/semantic/src/vocabulary/go.rs:212:25
    |
212 |     TypeDirectionCell { index: u32, kind: GoImageTypeKind },
    |                         ^^^^^^^^^^

warning: missing documentation for a struct field
   --> crates/semantic/src/vocabulary/go.rs:212:37
    |
212 |     TypeDirectionCell { index: u32, kind: GoImageTypeKind },
    |                                     ^^^^^^^^^^^^^^^^^^^^^

warning: missing documentation for a struct field
   --> crates/semantic/src/vocabulary/go.rs:214:24
    |
214 |     TypeVariadicFlag { index: u32, found: u8 },
    |                        ^^^^^^^^^^

warning: missing documentation for a struct field
   --> crates/semantic/src/vocabulary/go.rs:214:36
    |
214 |     TypeVariadicFlag { index: u32, found: u8 },
    |                                    ^^^^^^^^^

warning: missing documentation for a struct field
   --> crates/semantic/src/vocabulary/go.rs:216:24
    |
216 |     TypeVariadicCell { index: u32, kind: GoImageTypeKind },
    |                        ^^^^^^^^^^

warning: missing documentation for a struct field
   --> crates/semantic/src/vocabulary/go.rs:216:36
    |
216 |     TypeVariadicCell { index: u32, kind: GoImageTypeKind },
    |                                    ^^^^^^^^^^^^^^^^^^^^^

warning: missing documentation for a struct field
   --> crates/semantic/src/vocabulary/go.rs:218:19
    |
218 |     ArrayLength { index: u32, length: i64 },
    |                   ^^^^^^^^^^

warning: missing documentation for a struct field
   --> crates/semantic/src/vocabulary/go.rs:218:31
    |
218 |     ArrayLength { index: u32, length: i64 },
    |                               ^^^^^^^^^^^

warning: missing documentation for a struct field
   --> crates/semantic/src/vocabulary/go.rs:221:9
    |
221 |         index: u32,
    |         ^^^^^^^^^^

warning: missing documentation for a struct field
   --> crates/semantic/src/vocabulary/go.rs:222:9
    |
222 |         kind: GoImageTypeKind,
    |         ^^^^^^^^^^^^^^^^^^^^^

warning: missing documentation for a struct field
   --> crates/semantic/src/vocabulary/go.rs:223:9
    |
223 |         param_count: u32,
    |         ^^^^^^^^^^^^^^^^

warning: missing documentation for a struct field
   --> crates/semantic/src/vocabulary/go.rs:224:9
    |
224 |         child_count: u32,
    |         ^^^^^^^^^^^^^^^^

warning: missing documentation for a struct field
   --> crates/semantic/src/vocabulary/go.rs:228:9
    |
228 |         index: u32,
    |         ^^^^^^^^^^

warning: missing documentation for a struct field
   --> crates/semantic/src/vocabulary/go.rs:229:9
    |
229 |         start: u32,
    |         ^^^^^^^^^^

warning: missing documentation for a struct field
   --> crates/semantic/src/vocabulary/go.rs:230:9
    |
230 |         count: u32,
    |         ^^^^^^^^^^

warning: missing documentation for a struct field
   --> crates/semantic/src/vocabulary/go.rs:231:9
    |
231 |         child_count: u32,
    |         ^^^^^^^^^^^^^^^^

warning: missing documentation for a struct field
   --> crates/semantic/src/vocabulary/go.rs:235:9
    |
235 |         index: u32,
    |         ^^^^^^^^^^

warning: missing documentation for a struct field
   --> crates/semantic/src/vocabulary/go.rs:236:9
    |
236 |         target: u32,
    |         ^^^^^^^^^^^

warning: missing documentation for a struct field
   --> crates/semantic/src/vocabulary/go.rs:237:9
    |
237 |         type_count: u32,
    |         ^^^^^^^^^^^^^^^

warning: missing documentation for a struct field
   --> crates/semantic/src/vocabulary/go.rs:240:22
    |
240 |     TypeChildFlags { index: u32, flags: u32 },
    |                      ^^^^^^^^^^

warning: missing documentation for a struct field
   --> crates/semantic/src/vocabulary/go.rs:240:34
    |
240 |     TypeChildFlags { index: u32, flags: u32 },
    |                                  ^^^^^^^^^^

warning: missing documentation for a struct field
   --> crates/semantic/src/vocabulary/go.rs:242:23
    |
242 |     TypeChildTiling { declared: u32, plane: u32 },
    |                       ^^^^^^^^^^^^^

warning: missing documentation for a struct field
   --> crates/semantic/src/vocabulary/go.rs:242:38
    |
242 |     TypeChildTiling { declared: u32, plane: u32 },
    |                                      ^^^^^^^^^^

warning: missing documentation for a struct field
   --> crates/semantic/src/vocabulary/go.rs:245:9
    |
245 |         index: u32,
    |         ^^^^^^^^^^

warning: missing documentation for a struct field
   --> crates/semantic/src/vocabulary/go.rs:246:9
    |
246 |         start: u32,
    |         ^^^^^^^^^^

warning: missing documentation for a struct field
   --> crates/semantic/src/vocabulary/go.rs:247:9
    |
247 |         count: u32,
    |         ^^^^^^^^^^

warning: missing documentation for a struct field
   --> crates/semantic/src/vocabulary/go.rs:248:9
    |
248 |         member_count: u32,
    |         ^^^^^^^^^^^^^^^^^

warning: missing documentation for a struct field
   --> crates/semantic/src/vocabulary/go.rs:252:9
    |
252 |         index: u32,
    |         ^^^^^^^^^^

warning: missing documentation for a struct field
   --> crates/semantic/src/vocabulary/go.rs:253:9
    |
253 |         owner: u32,
    |         ^^^^^^^^^^

warning: missing documentation for a struct field
   --> crates/semantic/src/vocabulary/go.rs:254:9
    |
254 |         declaration_count: u32,
    |         ^^^^^^^^^^^^^^^^^^^^^^

warning: missing documentation for a struct field
   --> crates/semantic/src/vocabulary/go.rs:258:9
    |
258 |         index: u32,
    |         ^^^^^^^^^^

warning: missing documentation for a struct field
   --> crates/semantic/src/vocabulary/go.rs:259:9
    |
259 |         cell: GoImageFlagCell,
    |         ^^^^^^^^^^^^^^^^^^^^^

warning: missing documentation for a struct field
   --> crates/semantic/src/vocabulary/go.rs:260:9
    |
260 |         found: u8,
    |         ^^^^^^^^^

warning: missing documentation for a struct field
   --> crates/semantic/src/vocabulary/go.rs:264:9
    |
264 |         index: u32,
    |         ^^^^^^^^^^

warning: missing documentation for a struct field
   --> crates/semantic/src/vocabulary/go.rs:265:9
    |
265 |         root: u32,
    |         ^^^^^^^^^

warning: missing documentation for a struct field
   --> crates/semantic/src/vocabulary/go.rs:266:9
    |
266 |         type_count: u32,
    |         ^^^^^^^^^^^^^^^

warning: missing documentation for a struct field
   --> crates/semantic/src/vocabulary/go.rs:270:9
    |
270 |         index: u32,
    |         ^^^^^^^^^^

warning: missing documentation for a struct field
   --> crates/semantic/src/vocabulary/go.rs:271:9
    |
271 |         count: u32,
    |         ^^^^^^^^^^

warning: missing documentation for a struct field
   --> crates/semantic/src/vocabulary/go.rs:272:9
    |
272 |         blob_bytes: u32,
    |         ^^^^^^^^^^^^^^^

warning: missing documentation for a struct field
   --> crates/semantic/src/vocabulary/go.rs:276:9
    |
276 |         index: u32,
    |         ^^^^^^^^^^

warning: missing documentation for a struct field
   --> crates/semantic/src/vocabulary/go.rs:277:9
    |
277 |         owner: u32,
    |         ^^^^^^^^^^

warning: missing documentation for a struct field
   --> crates/semantic/src/vocabulary/go.rs:278:9
    |
278 |         previous: u32,
    |         ^^^^^^^^^^^^^

warning: missing documentation for a struct field
   --> crates/semantic/src/vocabulary/go.rs:282:9
    |
282 |         index: u32,
    |         ^^^^^^^^^^

warning: missing documentation for a struct field
   --> crates/semantic/src/vocabulary/go.rs:283:9
    |
283 |         owner: u32,
    |         ^^^^^^^^^^

warning: missing documentation for a struct field
   --> crates/semantic/src/vocabulary/go.rs:284:9
    |
284 |         declaration_count: u32,
    |         ^^^^^^^^^^^^^^^^^^^^^^

warning: missing documentation for a struct field
   --> crates/semantic/src/vocabulary/go.rs:288:9
    |
288 |         index: u32,
    |         ^^^^^^^^^^

warning: missing documentation for a struct field
   --> crates/semantic/src/vocabulary/go.rs:289:9
    |
289 |         root: u32,
    |         ^^^^^^^^^

warning: missing documentation for a struct field
   --> crates/semantic/src/vocabulary/go.rs:290:9
    |
290 |         type_count: u32,
    |         ^^^^^^^^^^^^^^^

warning: missing documentation for a struct field
   --> crates/semantic/src/vocabulary/go.rs:294:9
    |
294 |         index: u32,
    |         ^^^^^^^^^^

warning: missing documentation for a struct field
   --> crates/semantic/src/vocabulary/go.rs:295:9
    |
295 |         owner: u32,
    |         ^^^^^^^^^^

warning: missing documentation for a struct field
   --> crates/semantic/src/vocabulary/go.rs:296:9
    |
296 |         previous: u32,
    |         ^^^^^^^^^^^^^

warning: missing documentation for a struct field
   --> crates/semantic/src/vocabulary/go.rs:299:18
    |
299 |     MemberKind { index: u32, found: u8 },
    |                  ^^^^^^^^^^

warning: missing documentation for a struct field
   --> crates/semantic/src/vocabulary/go.rs:299:30
    |
299 |     MemberKind { index: u32, found: u8 },
    |                              ^^^^^^^^^

warning: missing documentation for a struct field
   --> crates/semantic/src/vocabulary/go.rs:302:9
    |
302 |         index: u32,
    |         ^^^^^^^^^^

warning: missing documentation for a struct field
   --> crates/semantic/src/vocabulary/go.rs:303:9
    |
303 |         cell: GoImageFlagCell,
    |         ^^^^^^^^^^^^^^^^^^^^^

warning: missing documentation for a struct field
   --> crates/semantic/src/vocabulary/go.rs:304:9
    |
304 |         found: u8,
    |         ^^^^^^^^^

warning: missing documentation for a struct field
   --> crates/semantic/src/vocabulary/go.rs:307:22
    |
307 |     MemberEmbedded { index: u32 },
    |                      ^^^^^^^^^^

warning: missing documentation for a struct field
   --> crates/semantic/src/vocabulary/go.rs:310:9
    |
310 |         index: u32,
    |         ^^^^^^^^^^

warning: missing documentation for a struct field
   --> crates/semantic/src/vocabulary/go.rs:311:9
    |
311 |         owner: u32,
    |         ^^^^^^^^^^

warning: missing documentation for a struct field
   --> crates/semantic/src/vocabulary/go.rs:312:9
    |
312 |         type_count: u32,
    |         ^^^^^^^^^^^^^^^

warning: missing documentation for a struct field
   --> crates/semantic/src/vocabulary/go.rs:316:9
    |
316 |         index: u32,
    |         ^^^^^^^^^^

warning: missing documentation for a struct field
   --> crates/semantic/src/vocabulary/go.rs:317:9
    |
317 |         root: u32,
    |         ^^^^^^^^^

warning: missing documentation for a struct field
   --> crates/semantic/src/vocabulary/go.rs:318:9
    |
318 |         type_count: u32,
    |         ^^^^^^^^^^^^^^^

warning: missing documentation for a struct field
   --> crates/semantic/src/vocabulary/go.rs:322:9
    |
322 |         index: u32,
    |         ^^^^^^^^^^

warning: missing documentation for a struct field
   --> crates/semantic/src/vocabulary/go.rs:323:9
    |
323 |         owner: u32,
    |         ^^^^^^^^^^

warning: missing documentation for a struct field
   --> crates/semantic/src/vocabulary/go.rs:324:9
    |
324 |         previous: u32,
    |         ^^^^^^^^^^^^^

warning: missing documentation for a struct field
   --> crates/semantic/src/vocabulary/go.rs:328:9
    |
328 |         owner: u32,
    |         ^^^^^^^^^^

warning: missing documentation for a struct field
   --> crates/semantic/src/vocabulary/go.rs:329:9
    |
329 |         start: u32,
    |         ^^^^^^^^^^

warning: missing documentation for a struct field
   --> crates/semantic/src/vocabulary/go.rs:330:9
    |
330 |         count: u32,
    |         ^^^^^^^^^^

warning: missing documentation for a struct field
   --> crates/semantic/src/vocabulary/go.rs:331:9
    |
331 |         actual_start: u32,
    |         ^^^^^^^^^^^^^^^^^

warning: missing documentation for a struct field
   --> crates/semantic/src/vocabulary/go.rs:332:9
    |
332 |         actual_count: u32,
    |         ^^^^^^^^^^^^^^^^^

warning: missing documentation for a struct field
   --> crates/semantic/src/vocabulary/go.rs:335:20
    |
335 |     DocOwnerKind { index: u32, found: u8 },
    |                    ^^^^^^^^^^

warning: missing documentation for a struct field
   --> crates/semantic/src/vocabulary/go.rs:335:32
    |
335 |     DocOwnerKind { index: u32, found: u8 },
    |                                ^^^^^^^^^

warning: missing documentation for a struct field
   --> crates/semantic/src/vocabulary/go.rs:337:16
    |
337 |     DocOwner { index: u32, owner: u32, bound: u32 },
    |                ^^^^^^^^^^

warning: missing documentation for a struct field
   --> crates/semantic/src/vocabulary/go.rs:337:28
    |
337 |     DocOwner { index: u32, owner: u32, bound: u32 },
    |                            ^^^^^^^^^^

warning: missing documentation for a struct field
   --> crates/semantic/src/vocabulary/go.rs:337:40
    |
337 |     DocOwner { index: u32, owner: u32, bound: u32 },
    |                                        ^^^^^^^^^^

warning: missing documentation for a struct field
   --> crates/semantic/src/vocabulary/go.rs:339:16
    |
339 |     EmptyDoc { index: u32 },
    |                ^^^^^^^^^^

warning: missing documentation for a struct field
   --> crates/semantic/src/vocabulary/go.rs:342:9
    |
342 |         index: u32,
    |         ^^^^^^^^^^

warning: missing documentation for a struct field
   --> crates/semantic/src/vocabulary/go.rs:343:9
    |
343 |         owner_kind: u8,
    |         ^^^^^^^^^^^^^^

warning: missing documentation for a struct field
   --> crates/semantic/src/vocabulary/go.rs:344:9
    |
344 |         owner: u32,
    |         ^^^^^^^^^^

warning: missing documentation for a struct field
   --> crates/semantic/src/vocabulary/go.rs:345:9
    |
345 |         previous_kind: u8,
    |         ^^^^^^^^^^^^^^^^^

warning: missing documentation for a struct field
   --> crates/semantic/src/vocabulary/go.rs:346:9
    |
346 |         previous_owner: u32,
    |         ^^^^^^^^^^^^^^^^^^^

warning: missing documentation for a struct field
   --> crates/semantic/src/vocabulary/go.rs:350:9
    |
350 |         index: u32,
    |         ^^^^^^^^^^

warning: missing documentation for a struct field
   --> crates/semantic/src/vocabulary/go.rs:351:9
    |
351 |         owner: u32,
    |         ^^^^^^^^^^

warning: missing documentation for a struct field
   --> crates/semantic/src/vocabulary/go.rs:352:9
    |
352 |         declaration_count: u32,
    |         ^^^^^^^^^^^^^^^^^^^^^^

warning: missing documentation for a struct field
   --> crates/semantic/src/vocabulary/go.rs:355:21
    |
355 |     ReferenceSpan { index: u32, start: u32, end: u32 },
    |                     ^^^^^^^^^^

warning: missing documentation for a struct field
   --> crates/semantic/src/vocabulary/go.rs:355:33
    |
355 |     ReferenceSpan { index: u32, start: u32, end: u32 },
    |                                 ^^^^^^^^^^

warning: missing documentation for a struct field
   --> crates/semantic/src/vocabulary/go.rs:355:45
    |
355 |     ReferenceSpan { index: u32, start: u32, end: u32 },
    |                                             ^^^^^^^^

warning: missing documentation for a struct field
   --> crates/semantic/src/vocabulary/go.rs:358:9
    |
358 |         index: u32,
    |         ^^^^^^^^^^

warning: missing documentation for a struct field
   --> crates/semantic/src/vocabulary/go.rs:359:9
    |
359 |         owner_bytes: u32,
    |         ^^^^^^^^^^^^^^^^

warning: missing documentation for a struct field
   --> crates/semantic/src/vocabulary/go.rs:360:9
    |
360 |         function_bytes: u32,
    |         ^^^^^^^^^^^^^^^^^^^

warning: missing documentation for a struct field
   --> crates/semantic/src/vocabulary/go.rs:363:26
    |
363 |     ReferenceOwnerSpan { index: u32 },
    |                          ^^^^^^^^^^

warning: missing documentation for a struct field
   --> crates/semantic/src/vocabulary/go.rs:365:21
    |
365 |     ReferenceFile { index: u32 },
    |                     ^^^^^^^^^^

warning: missing documentation for a struct field
   --> crates/semantic/src/vocabulary/go.rs:368:9
    |
368 |         index: u32,
    |         ^^^^^^^^^^

warning: missing documentation for a struct field
   --> crates/semantic/src/vocabulary/go.rs:369:9
    |
369 |         start: u32,
    |         ^^^^^^^^^^

warning: missing documentation for a struct field
   --> crates/semantic/src/vocabulary/go.rs:370:9
    |
370 |         end: u32,
    |         ^^^^^^^^

warning: missing documentation for a struct field
   --> crates/semantic/src/vocabulary/go.rs:371:9
    |
371 |         owner_start: u32,
    |         ^^^^^^^^^^^^^^^^

warning: missing documentation for a struct field
   --> crates/semantic/src/vocabulary/go.rs:372:9
    |
372 |         owner_end: u32,
    |         ^^^^^^^^^^^^^^

warning: missing documentation for a struct field
   --> crates/semantic/src/vocabulary/go.rs:375:21
    |
375 |     ReferenceSort { index: u32 },
    |                     ^^^^^^^^^^

warning: missing documentation for a struct field
   --> crates/semantic/src/vocabulary/go.rs:377:23
    |
377 |     EmptyConstraint { index: u32 },
    |                       ^^^^^^^^^^

warning: missing documentation for a struct field
   --> crates/semantic/src/vocabulary/go.rs:380:9
    |
380 |         index: u32,
    |         ^^^^^^^^^^

warning: missing documentation for a struct field
   --> crates/semantic/src/vocabulary/go.rs:381:9
    |
381 |         count: u32,
    |         ^^^^^^^^^^

warning: missing documentation for a struct field
   --> crates/semantic/src/vocabulary/go.rs:382:9
    |
382 |         blob_bytes: u32,
    |         ^^^^^^^^^^^^^^^

warning: missing documentation for a struct field
   --> crates/semantic/src/vocabulary/go.rs:385:22
    |
385 |     ConstraintSort { index: u32 },
    |                      ^^^^^^^^^^

warning: missing documentation for a struct field
   --> crates/semantic/src/vocabulary/go.rs:388:9
    |
388 |         index: u32,
    |         ^^^^^^^^^^

warning: missing documentation for a struct field
   --> crates/semantic/src/vocabulary/go.rs:389:9
    |
389 |         subject: u32,
    |         ^^^^^^^^^^^^

warning: missing documentation for a struct field
   --> crates/semantic/src/vocabulary/go.rs:390:9
    |
390 |         declaration_count: u32,
    |         ^^^^^^^^^^^^^^^^^^^^^^

warning: missing documentation for a struct field
   --> crates/semantic/src/vocabulary/go.rs:394:9
    |
394 |         index: u32,
    |         ^^^^^^^^^^

warning: missing documentation for a struct field
   --> crates/semantic/src/vocabulary/go.rs:395:9
    |
395 |         subject: u32,
    |         ^^^^^^^^^^^^

warning: missing documentation for a struct field
   --> crates/semantic/src/vocabulary/go.rs:396:9
    |
396 |         previous: u32,
    |         ^^^^^^^^^^^^^

warning: missing documentation for a struct field
   --> crates/semantic/src/vocabulary/go.rs:400:9
    |
400 |         index: u32,
    |         ^^^^^^^^^^

warning: missing documentation for a struct field
   --> crates/semantic/src/vocabulary/go.rs:401:9
    |
401 |         kind: GoImageDeclarationKind,
    |         ^^^^^^^^^^^^^^^^^^^^^^^^^^^^

warning: missing documentation for a struct field
   --> crates/semantic/src/vocabulary/go.rs:407:9
    |
407 |         index: u32,
    |         ^^^^^^^^^^

warning: missing documentation for a struct field
   --> crates/semantic/src/vocabulary/go.rs:408:9
    |
408 |         count: u32,
    |         ^^^^^^^^^^

warning: missing documentation for a struct field
   --> crates/semantic/src/vocabulary/go.rs:409:9
    |
409 |         blob_bytes: u32,
    |         ^^^^^^^^^^^^^^^

warning: missing documentation for a struct field
   --> crates/semantic/src/vocabulary/go.rs:412:19
    |
412 |     PackageSort { index: u32 },
    |                   ^^^^^^^^^^

warning: missing documentation for a struct field
   --> crates/semantic/src/vocabulary/go.rs:414:26
    |
414 |     DeclarationPackage { index: u32, package_count: u32 },
    |                          ^^^^^^^^^^

warning: missing documentation for a struct field
   --> crates/semantic/src/vocabulary/go.rs:414:38
    |
414 |     DeclarationPackage { index: u32, package_count: u32 },
    |                                      ^^^^^^^^^^^^^^^^^^

warning: missing documentation for a struct field
   --> crates/semantic/src/vocabulary/go.rs:416:34
    |
416 |     SignatureParameterPosition { index: u32 },
    |                                  ^^^^^^^^^^

warning: missing documentation for a struct field
   --> crates/semantic/src/vocabulary/go.rs:419:9
    |
419 |         index: u32,
    |         ^^^^^^^^^^

warning: missing documentation for a struct field
   --> crates/semantic/src/vocabulary/go.rs:420:9
    |
420 |         owner: u32,
    |         ^^^^^^^^^^

warning: missing documentation for a struct field
   --> crates/semantic/src/vocabulary/go.rs:421:9
    |
421 |         type_count: u32,
    |         ^^^^^^^^^^^^^^^

warning: missing documentation for a struct field
   --> crates/semantic/src/vocabulary/go.rs:424:26
    |
424 |     MethodSetOwnerKind { index: u32, kind: GoImageTypeKind },
    |                          ^^^^^^^^^^

warning: missing documentation for a struct field
   --> crates/semantic/src/vocabulary/go.rs:424:38
    |
424 |     MethodSetOwnerKind { index: u32, kind: GoImageTypeKind },
    |                                      ^^^^^^^^^^^^^^^^^^^^^

warning: missing documentation for a struct field
   --> crates/semantic/src/vocabulary/go.rs:427:9
    |
427 |         index: u32,
    |         ^^^^^^^^^^

warning: missing documentation for a struct field
   --> crates/semantic/src/vocabulary/go.rs:428:9
    |
428 |         root: u32,
    |         ^^^^^^^^^

warning: missing documentation for a struct field
   --> crates/semantic/src/vocabulary/go.rs:429:9
    |
429 |         type_count: u32,
    |         ^^^^^^^^^^^^^^^

warning: missing documentation for a struct field
   --> crates/semantic/src/vocabulary/go.rs:432:21
    |
432 |     MethodSetSort { index: u32 },
    |                     ^^^^^^^^^^

warning: missing documentation for a struct field
   --> crates/semantic/src/vocabulary/go.rs:435:9
    |
435 |         index: u32,
    |         ^^^^^^^^^^

warning: missing documentation for a struct field
   --> crates/semantic/src/vocabulary/go.rs:436:9
    |
436 |         owner: u32,
    |         ^^^^^^^^^^

warning: missing documentation for a struct field
   --> crates/semantic/src/vocabulary/go.rs:437:9
    |
437 |         type_count: u32,
    |         ^^^^^^^^^^^^^^^

warning: missing documentation for a struct field
   --> crates/semantic/src/vocabulary/go.rs:441:9
    |
441 |         index: u32,
    |         ^^^^^^^^^^

warning: missing documentation for a struct field
   --> crates/semantic/src/vocabulary/go.rs:442:9
    |
442 |         owner: u32,
    |         ^^^^^^^^^^

warning: missing documentation for a struct field
   --> crates/semantic/src/vocabulary/go.rs:443:9
    |
443 |         expected: u32,
    |         ^^^^^^^^^^^^^

warning: missing documentation for a struct field
   --> crates/semantic/src/vocabulary/go.rs:447:9
    |
447 |         index: u32,
    |         ^^^^^^^^^^

warning: missing documentation for a struct field
   --> crates/semantic/src/vocabulary/go.rs:448:9
    |
448 |         ordinal: u32,
    |         ^^^^^^^^^^^^

warning: missing documentation for a struct field
   --> crates/semantic/src/vocabulary/go.rs:449:9
    |
449 |         expected: u32,
    |         ^^^^^^^^^^^^^

warning: missing documentation for a struct field
   --> crates/semantic/src/vocabulary/go.rs:452:32
    |
452 |     SignatureParameterTiling { declared: u32, plane: u32 },
    |                                ^^^^^^^^^^^^^

warning: missing documentation for a struct field
   --> crates/semantic/src/vocabulary/go.rs:452:47
    |
452 |     SignatureParameterTiling { declared: u32, plane: u32 },
    |                                               ^^^^^^^^^^

warning: missing documentation for a struct field
   --> crates/semantic/src/vocabulary/go.rs:454:17
    |
454 |     EmptyName { plane: GoImagePlane, index: u32 },
    |                 ^^^^^^^^^^^^^^^^^^^

warning: missing documentation for a struct field
   --> crates/semantic/src/vocabulary/go.rs:454:38
    |
454 |     EmptyName { plane: GoImagePlane, index: u32 },
    |                                      ^^^^^^^^^^

warning: missing documentation for a struct field
   --> crates/semantic/src/vocabulary/go.rs:457:9
    |
457 |         plane: GoImagePlane,
    |         ^^^^^^^^^^^^^^^^^^^

warning: missing documentation for a struct field
   --> crates/semantic/src/vocabulary/go.rs:458:9
    |
458 |         index: u32,
    |         ^^^^^^^^^^

warning: missing documentation for a struct field
   --> crates/semantic/src/vocabulary/go.rs:459:9
    |
459 |         offset: u32,
    |         ^^^^^^^^^^^

warning: missing documentation for a struct field
   --> crates/semantic/src/vocabulary/go.rs:460:9
    |
460 |         length: u32,
    |         ^^^^^^^^^^^

warning: missing documentation for a struct field
   --> crates/semantic/src/vocabulary/go.rs:461:9
    |
461 |         atom_bytes: u32,
    |         ^^^^^^^^^^^^^^^

warning: missing documentation for a struct field
   --> crates/semantic/src/vocabulary/go.rs:464:16
    |
464 |     AtomUtf8 { plane: GoImagePlane, index: u32 },
    |                ^^^^^^^^^^^^^^^^^^^

warning: missing documentation for a struct field
   --> crates/semantic/src/vocabulary/go.rs:464:37
    |
464 |     AtomUtf8 { plane: GoImagePlane, index: u32 },
    |                                     ^^^^^^^^^^

warning: missing documentation for a struct field
   --> crates/semantic/src/vocabulary/go.rs:527:13
    |
527 |     Image { cause: GoImageFault },
    |             ^^^^^^^^^^^^^^^^^^^

warning: missing documentation for a struct field
   --> crates/semantic/src/vocabulary/go.rs:530:9
    |
530 |         phase: GoProjectionIndexPhase,
    |         ^^^^^^^^^^^^^^^^^^^^^^^^^^^^^

warning: missing documentation for a struct field
   --> crates/semantic/src/vocabulary/go.rs:531:9
    |
531 |         observed: u64,
    |         ^^^^^^^^^^^^^

warning: missing documentation for a struct field
   --> crates/semantic/src/vocabulary/go.rs:534:13
    |
534 |     Depth { type_row: u32 },
    |             ^^^^^^^^^^^^^

warning: missing documentation for a struct field
   --> crates/semantic/src/vocabulary/go.rs:536:32
    |
536 |     VariadicWithoutParameter { signature: u32 },
    |                                ^^^^^^^^^^^^^^

warning: missing documentation for a struct field
   --> crates/semantic/src/vocabulary/go.rs:538:14
    |
538 |     Anchor { owner: u32 },
    |              ^^^^^^^^^^

warning: missing documentation for a struct field
   --> crates/semantic/src/vocabulary/go.rs:541:9
    |
541 |         owner: u32,
    |         ^^^^^^^^^^

warning: missing documentation for a struct field
   --> crates/semantic/src/vocabulary/go.rs:542:9
    |
542 |         phase: GoProjectionListPhase,
    |         ^^^^^^^^^^^^^^^^^^^^^^^^^^^^

warning: missing documentation for a struct field
   --> crates/semantic/src/vocabulary/go.rs:545:20
    |
545 |     OrphanTarget { reference: u32 },
    |                    ^^^^^^^^^^^^^^

warning: missing documentation for a struct field
   --> crates/semantic/src/vocabulary/go.rs:548:9
    |
548 |         reference: u32,
    |         ^^^^^^^^^^^^^^

warning: missing documentation for a struct field
   --> crates/semantic/src/vocabulary/go.rs:549:9
    |
549 |         cause: ProjectionForeignKeyFault,
    |         ^^^^^^^^^^^^^^^^^^^^^^^^^^^^^^^^

warning: missing documentation for a struct field
   --> crates/semantic/src/vocabulary/go.rs:553:9
    |
553 |         reference: u32,
    |         ^^^^^^^^^^^^^^

warning: missing documentation for a struct field
   --> crates/semantic/src/vocabulary/go.rs:554:9
    |
554 |         cause: ProjectionPackageLineageFault,
    |         ^^^^^^^^^^^^^^^^^^^^^^^^^^^^^^^^^^^^

warning: missing documentation for a struct field
   --> crates/semantic/src/vocabulary/go.rs:557:16
    |
557 |     AtomUtf8 { plane: GoImagePlane, row: u32 },
    |                ^^^^^^^^^^^^^^^^^^^

warning: missing documentation for a struct field
   --> crates/semantic/src/vocabulary/go.rs:557:37
    |
557 |     AtomUtf8 { plane: GoImagePlane, row: u32 },
    |                                     ^^^^^^^^

warning: missing documentation for a struct field
   --> crates/semantic/src/vocabulary/go.rs:559:20
    |
559 |     RelativeSpan { row: u32, start: u32, end: u32 },
    |                    ^^^^^^^^

warning: missing documentation for a struct field
   --> crates/semantic/src/vocabulary/go.rs:559:30
    |
559 |     RelativeSpan { row: u32, start: u32, end: u32 },
    |                              ^^^^^^^^^^

warning: missing documentation for a struct field
   --> crates/semantic/src/vocabulary/go.rs:559:42
    |
559 |     RelativeSpan { row: u32, start: u32, end: u32 },
    |                                          ^^^^^^^^

warning: missing documentation for a struct field
   --> crates/semantic/src/vocabulary/go.rs:561:19
    |
561 |     OrphanOwner { owner: u32 },
    |                   ^^^^^^^^^^

warning: missing documentation for a struct field
   --> crates/semantic/src/vocabulary/java.rs:105:17
    |
105 |     Truncated { actual: u32 },
    |                 ^^^^^^^^^^^

warning: missing documentation for a struct field
   --> crates/semantic/src/vocabulary/java.rs:107:13
    |
107 |     Magic { found: [u8; 4] },
    |             ^^^^^^^^^^^^^^

warning: missing documentation for a struct field
   --> crates/semantic/src/vocabulary/java.rs:109:15
    |
109 |     Version { found: u16 },
    |               ^^^^^^^^^^

warning: missing documentation for a struct field
   --> crates/semantic/src/vocabulary/java.rs:111:14
    |
111 |     Length { found: u16 },
    |              ^^^^^^^^^^

warning: missing documentation for a struct field
   --> crates/semantic/src/vocabulary/java.rs:113:15
    |
113 |     Release { found: u16 },
    |               ^^^^^^^^^^

warning: missing documentation for a struct field
   --> crates/semantic/src/vocabulary/java.rs:115:20
    |
115 |     SectionCount { found: u16 },
    |                    ^^^^^^^^^^

warning: missing documentation for a struct field
   --> crates/semantic/src/vocabulary/java.rs:117:18
    |
117 |     BodyLength { declared: u32, actual: u32 },
    |                  ^^^^^^^^^^^^^

warning: missing documentation for a struct field
   --> crates/semantic/src/vocabulary/java.rs:117:33
    |
117 |     BodyLength { declared: u32, actual: u32 },
    |                                 ^^^^^^^^^^^

warning: missing documentation for a struct field
   --> crates/semantic/src/vocabulary/java.rs:124:11
    |
124 |     Tag { expected: u16, found: u16 },
    |           ^^^^^^^^^^^^^

warning: missing documentation for a struct field
   --> crates/semantic/src/vocabulary/java.rs:124:26
    |
124 |     Tag { expected: u16, found: u16 },
    |                          ^^^^^^^^^^

warning: missing documentation for a struct field
   --> crates/semantic/src/vocabulary/java.rs:126:16
    |
126 |     RowBytes { expected: u32, found: u32 },
    |                ^^^^^^^^^^^^^

warning: missing documentation for a struct field
   --> crates/semantic/src/vocabulary/java.rs:126:31
    |
126 |     RowBytes { expected: u32, found: u32 },
    |                               ^^^^^^^^^^

warning: missing documentation for a struct field
   --> crates/semantic/src/vocabulary/java.rs:129:9
    |
129 |         count: u32,
    |         ^^^^^^^^^^

warning: missing documentation for a struct field
   --> crates/semantic/src/vocabulary/java.rs:130:9
    |
130 |         row_bytes: u32,
    |         ^^^^^^^^^^^^^^

warning: missing documentation for a struct field
   --> crates/semantic/src/vocabulary/java.rs:131:9
    |
131 |         found: u32,
    |         ^^^^^^^^^^

warning: missing documentation for a struct field
   --> crates/semantic/src/vocabulary/java.rs:134:14
    |
134 |     Offset { expected: u32, found: u32 },
    |              ^^^^^^^^^^^^^

warning: missing documentation for a struct field
   --> crates/semantic/src/vocabulary/java.rs:134:29
    |
134 |     Offset { expected: u32, found: u32 },
    |                             ^^^^^^^^^^

warning: missing documentation for a struct field
   --> crates/semantic/src/vocabulary/java.rs:137:9
    |
137 |         offset: u32,
    |         ^^^^^^^^^^^

warning: missing documentation for a struct field
   --> crates/semantic/src/vocabulary/java.rs:138:9
    |
138 |         length: u32,
    |         ^^^^^^^^^^^

warning: missing documentation for a struct field
   --> crates/semantic/src/vocabulary/java.rs:139:9
    |
139 |         image_bytes: u32,
    |         ^^^^^^^^^^^^^^^^

warning: missing documentation for a struct field
   --> crates/semantic/src/vocabulary/java.rs:147:26
    |
147 |     NonCanonicalOffset { found: u32 },
    |                          ^^^^^^^^^^

warning: missing documentation for a struct field
   --> crates/semantic/src/vocabulary/java.rs:165:14
    |
165 |     Header { cause: JavaImageHeaderFault },
    |              ^^^^^^^^^^^^^^^^^^^^^^^^^^^

warning: missing documentation for a struct field
   --> crates/semantic/src/vocabulary/java.rs:168:9
    |
168 |         plane: JavaImagePlane,
    |         ^^^^^^^^^^^^^^^^^^^^^

warning: missing documentation for a struct field
   --> crates/semantic/src/vocabulary/java.rs:169:9
    |
169 |         cause: JavaImageSectionFault,
    |         ^^^^^^^^^^^^^^^^^^^^^^^^^^^^

warning: missing documentation for a struct field
   --> crates/semantic/src/vocabulary/java.rs:175:9
    |
175 |         index: u32,
    |         ^^^^^^^^^^

warning: missing documentation for a struct field
   --> crates/semantic/src/vocabulary/java.rs:176:9
    |
176 |         cause: JavaImageAtomFault,
    |         ^^^^^^^^^^^^^^^^^^^^^^^^^

warning: missing documentation for a struct field
   --> crates/semantic/src/vocabulary/java.rs:182:9
    |
182 |         plane: JavaImagePlane,
    |         ^^^^^^^^^^^^^^^^^^^^^

warning: missing documentation for a struct field
   --> crates/semantic/src/vocabulary/java.rs:183:9
    |
183 |         index: u32,
    |         ^^^^^^^^^^

warning: missing documentation for a struct field
   --> crates/semantic/src/vocabulary/java.rs:184:9
    |
184 |         upper_bound: u32,
    |         ^^^^^^^^^^^^^^^^

warning: missing documentation for a struct field
   --> crates/semantic/src/vocabulary/java.rs:187:11
    |
187 |     Tag { plane: JavaImagePlane, found: u8 },
    |           ^^^^^^^^^^^^^^^^^^^^^

warning: missing documentation for a struct field
   --> crates/semantic/src/vocabulary/java.rs:187:34
    |
187 |     Tag { plane: JavaImagePlane, found: u8 },
    |                                  ^^^^^^^^^

warning: missing documentation for a struct field
   --> crates/semantic/src/vocabulary/java.rs:190:9
    |
190 |         plane: JavaImagePlane,
    |         ^^^^^^^^^^^^^^^^^^^^^

warning: missing documentation for a struct field
   --> crates/semantic/src/vocabulary/java.rs:191:9
    |
191 |         start: u32,
    |         ^^^^^^^^^^

warning: missing documentation for a struct field
   --> crates/semantic/src/vocabulary/java.rs:192:9
    |
192 |         count: u32,
    |         ^^^^^^^^^^

warning: missing documentation for a struct field
   --> crates/semantic/src/vocabulary/java.rs:193:9
    |
193 |         upper_bound: u32,
    |         ^^^^^^^^^^^^^^^^

warning: missing documentation for a struct field
   --> crates/semantic/src/vocabulary/java.rs:196:22
    |
196 |     ReferenceRange { start: u32, end: u32 },
    |                      ^^^^^^^^^^

warning: missing documentation for a struct field
   --> crates/semantic/src/vocabulary/java.rs:196:34
    |
196 |     ReferenceRange { start: u32, end: u32 },
    |                                  ^^^^^^^^

warning: missing documentation for a struct field
   --> crates/semantic/src/vocabulary/java.rs:200:20
    |
200 |     ModifierBits { found: u32 },
    |                    ^^^^^^^^^^

warning: missing documentation for a struct field
   --> crates/semantic/src/vocabulary/java.rs:202:27
    |
202 |     RecordComponentKind { index: u32 },
    |                           ^^^^^^^^^^

warning: missing documentation for a struct field
   --> crates/semantic/src/vocabulary/java.rs:215:13
    |
215 |     Image { cause: JavaImageFault },
    |             ^^^^^^^^^^^^^^^^^^^^^

warning: missing documentation for a struct field
   --> crates/semantic/src/vocabulary/java.rs:218:13
    |
218 |     Depth { type_row: u32 },
    |             ^^^^^^^^^^^^^

warning: missing documentation for a struct field
   --> crates/semantic/src/vocabulary/java.rs:221:9
    |
221 |         type_row: u32,
    |         ^^^^^^^^^^^^^

warning: missing documentation for a struct field
   --> crates/semantic/src/vocabulary/java.rs:222:9
    |
222 |         kind: JavaProjectionTypeKind,
    |         ^^^^^^^^^^^^^^^^^^^^^^^^^^^^

warning: missing documentation for a struct field
   --> crates/semantic/src/vocabulary/java.rs:226:17
    |
226 |     Primitive { type_row: u32 },
    |                 ^^^^^^^^^^^^^

warning: missing documentation for a struct field
   --> crates/semantic/src/vocabulary/java.rs:229:16
    |
229 |     AtomUtf8 { symbol: u32, atom: JavaSymbolAtom },
    |                ^^^^^^^^^^^

warning: missing documentation for a struct field
   --> crates/semantic/src/vocabulary/java.rs:229:29
    |
229 |     AtomUtf8 { symbol: u32, atom: JavaSymbolAtom },
    |                             ^^^^^^^^^^^^^^^^^^^^

warning: missing documentation for a struct field
   --> crates/semantic/src/vocabulary/java.rs:247:19
    |
247 |     OrphanOwner { owner: u32 },
    |                   ^^^^^^^^^^

warning: missing documentation for a struct field
   --> crates/semantic/src/vocabulary/java.rs:249:18
    |
249 |     ForeignKey { cause: JavaForeignKeyFault },
    |                  ^^^^^^^^^^^^^^^^^^^^^^^^^^

warning: missing documentation for a struct field
   --> crates/semantic/src/vocabulary/java.rs:252:23
    |
252 |     SiblingCapacity { symbol: u32 },
    |                       ^^^^^^^^^^^

warning: missing documentation for a struct field
   --> crates/semantic/src/vocabulary/java.rs:254:21
    |
254 |     IndexCapacity { phase: JavaProjectionIndexPhase },
    |                     ^^^^^^^^^^^^^^^^^^^^^^^^^^^^^^^

warning: missing documentation for a struct field
   --> crates/semantic/src/vocabulary/package.rs:306:15
    |
306 |     TooLong { observed: usize, maximum: usize },
    |               ^^^^^^^^^^^^^^^

warning: missing documentation for a struct field
   --> crates/semantic/src/vocabulary/package.rs:306:32
    |
306 |     TooLong { observed: usize, maximum: usize },
    |                                ^^^^^^^^^^^^^^

warning: missing documentation for a struct field
   --> crates/semantic/src/vocabulary/package.rs:310:19
    |
310 |     PackageType { range: PackageTextRange },
    |                   ^^^^^^^^^^^^^^^^^^^^^^^

warning: missing documentation for a struct field
   --> crates/semantic/src/vocabulary/package.rs:316:17
    |
316 |     Delimiter { offset: u16 },
    |                 ^^^^^^^^^^^

warning: missing documentation for a struct field
   --> crates/semantic/src/vocabulary/package.rs:318:17
    |
318 |     Character { offset: u16, observed: u8 },
    |                 ^^^^^^^^^^^

warning: missing documentation for a struct field
   --> crates/semantic/src/vocabulary/package.rs:318:30
    |
318 |     Character { offset: u16, observed: u8 },
    |                              ^^^^^^^^^^^^

warning: missing documentation for a struct field
   --> crates/semantic/src/vocabulary/package.rs:320:14
    |
320 |     Escape { offset: u16 },
    |              ^^^^^^^^^^^

warning: missing documentation for a struct field
   --> crates/semantic/src/vocabulary/package.rs:322:22
    |
322 |     QualifierOrder { offset: u16 },
    |                      ^^^^^^^^^^^

warning: missing documentation for a struct field
   --> crates/semantic/src/vocabulary/package.rs:324:22
    |
324 |     QualifierValue { offset: u16 },
    |                      ^^^^^^^^^^^

warning: missing documentation for a struct field
  --> crates/semantic/src/vocabulary/projection.rs:21:15
   |
21 |     Invalid { segment: u8 },
   |               ^^^^^^^^^^^

warning: missing documentation for a struct field
  --> crates/semantic/src/vocabulary/projection.rs:37:17
   |
37 |     Backslash { part: ProjectionLineagePart },
   |                 ^^^^^^^^^^^^^^^^^^^^^^^^^^^

warning: missing documentation for a struct field
  --> crates/semantic/src/vocabulary/projection.rs:67:11
   |
67 |     Tag { actual: u32 },
   |           ^^^^^^^^^^^

warning: missing documentation for a struct field
  --> crates/semantic/src/vocabulary/projection.rs:70:9
   |
70 |         tag: ProjectionConstructorTag,
   |         ^^^^^^^^^^^^^^^^^^^^^^^^^^^^^

warning: missing documentation for a struct field
  --> crates/semantic/src/vocabulary/projection.rs:71:9
   |
71 |         payload0: u32,
   |         ^^^^^^^^^^^^^

warning: missing documentation for a struct field
  --> crates/semantic/src/vocabulary/projection.rs:72:9
   |
72 |         payload1: u32,
   |         ^^^^^^^^^^^^^

warning: missing documentation for a struct field
  --> crates/semantic/src/vocabulary/projection.rs:76:9
   |
76 |         tag: ProjectionConstructorTag,
   |         ^^^^^^^^^^^^^^^^^^^^^^^^^^^^^

warning: missing documentation for a struct field
  --> crates/semantic/src/vocabulary/projection.rs:77:9
   |
77 |         payload0: u32,
   |         ^^^^^^^^^^^^^

warning: missing documentation for a struct field
  --> crates/semantic/src/vocabulary/projection.rs:78:9
   |
78 |         payload1: u32,
   |         ^^^^^^^^^^^^^

warning: missing documentation for a struct field
  --> crates/semantic/src/vocabulary/projection.rs:82:9
   |
82 |         tag: ProjectionConstructorTag,
   |         ^^^^^^^^^^^^^^^^^^^^^^^^^^^^^

warning: missing documentation for a struct field
  --> crates/semantic/src/vocabulary/projection.rs:83:9
   |
83 |         expected: u32,
   |         ^^^^^^^^^^^^^

warning: missing documentation for a struct field
  --> crates/semantic/src/vocabulary/projection.rs:84:9
   |
84 |         actual: u32,
   |         ^^^^^^^^^^^

warning: missing documentation for a struct field
   --> crates/semantic/src/vocabulary/projection.rs:200:11
    |
200 |     Tag { actual: u8 },
    |           ^^^^^^^^^^

warning: missing documentation for a struct field
   --> crates/semantic/src/vocabulary/projection.rs:203:9
    |
203 |         tag: ProjectionSemanticTypeTag,
    |         ^^^^^^^^^^^^^^^^^^^^^^^^^^^^^^

warning: missing documentation for a struct field
   --> crates/semantic/src/vocabulary/projection.rs:204:9
    |
204 |         cell: ProjectionTypeCell,
    |         ^^^^^^^^^^^^^^^^^^^^^^^^

warning: missing documentation for a struct field
   --> crates/semantic/src/vocabulary/projection.rs:205:9
    |
205 |         actual: u32,
    |         ^^^^^^^^^^^

warning: missing documentation for a struct field
   --> crates/semantic/src/vocabulary/projection.rs:209:9
    |
209 |         tag: ProjectionSemanticTypeTag,
    |         ^^^^^^^^^^^^^^^^^^^^^^^^^^^^^^

warning: missing documentation for a struct field
   --> crates/semantic/src/vocabulary/projection.rs:210:9
    |
210 |         cell: ProjectionTypeCell,
    |         ^^^^^^^^^^^^^^^^^^^^^^^^

warning: missing documentation for a struct field
   --> crates/semantic/src/vocabulary/projection.rs:213:14
    |
213 |     Reason { actual: u32 },
    |              ^^^^^^^^^^^

warning: missing documentation for a struct field
   --> crates/semantic/src/vocabulary/projection.rs:215:22
    |
215 |     PrimitiveShape { actual: u32 },
    |                      ^^^^^^^^^^^

warning: missing documentation for a struct field
   --> crates/semantic/src/vocabulary/projection.rs:217:20
    |
217 |     CvQualifiers { actual: u32 },
    |                    ^^^^^^^^^^^

warning: missing documentation for a struct field
   --> crates/semantic/src/vocabulary/projection.rs:219:13
    |
219 |     Width { actual: u32 },
    |             ^^^^^^^^^^^

warning: missing documentation for a struct field
   --> crates/semantic/src/vocabulary/projection.rs:222:9
    |
222 |         tag: ProjectionSemanticTypeTag,
    |         ^^^^^^^^^^^^^^^^^^^^^^^^^^^^^^

warning: missing documentation for a struct field
   --> crates/semantic/src/vocabulary/projection.rs:223:9
    |
223 |         min: u32,
    |         ^^^^^^^^

warning: missing documentation for a struct field
   --> crates/semantic/src/vocabulary/projection.rs:224:9
    |
224 |         max: u32,
    |         ^^^^^^^^

warning: missing documentation for a struct field
   --> crates/semantic/src/vocabulary/projection.rs:225:9
    |
225 |         actual: u32,
    |         ^^^^^^^^^^^

warning: missing documentation for a struct field
   --> crates/semantic/src/vocabulary/projection.rs:229:9
    |
229 |         tag: ProjectionSemanticTypeTag,
    |         ^^^^^^^^^^^^^^^^^^^^^^^^^^^^^^

warning: missing documentation for a struct field
   --> crates/semantic/src/vocabulary/projection.rs:230:9
    |
230 |         position: u32,
    |         ^^^^^^^^^^^^^

warning: missing documentation for a struct field
   --> crates/semantic/src/vocabulary/projection.rs:234:9
    |
234 |         tag: ProjectionSemanticTypeTag,
    |         ^^^^^^^^^^^^^^^^^^^^^^^^^^^^^^

warning: missing documentation for a struct field
   --> crates/semantic/src/vocabulary/projection.rs:235:9
    |
235 |         position: u32,
    |         ^^^^^^^^^^^^^

warning: missing documentation for a struct field
   --> crates/semantic/src/vocabulary/projection.rs:239:9
    |
239 |         tag: ProjectionSemanticTypeTag,
    |         ^^^^^^^^^^^^^^^^^^^^^^^^^^^^^^

warning: missing documentation for a struct field
   --> crates/semantic/src/vocabulary/projection.rs:240:9
    |
240 |         position: u32,
    |         ^^^^^^^^^^^^^

warning: missing documentation for a struct field
   --> crates/semantic/src/vocabulary/projection.rs:241:9
    |
241 |         actual: u8,
    |         ^^^^^^^^^^

warning: missing documentation for a struct field
   --> crates/semantic/src/vocabulary/projection.rs:244:25
    |
244 |     VariadicParameter { position: u32, actual: u8 },
    |                         ^^^^^^^^^^^^^

warning: missing documentation for a struct field
   --> crates/semantic/src/vocabulary/projection.rs:244:40
    |
244 |     VariadicParameter { position: u32, actual: u8 },
    |                                        ^^^^^^^^^^

warning: missing documentation for a struct field
   --> crates/semantic/src/vocabulary/projection.rs:247:9
    |
247 |         tag: ProjectionSemanticTypeTag,
    |         ^^^^^^^^^^^^^^^^^^^^^^^^^^^^^^

warning: missing documentation for a struct field
   --> crates/semantic/src/vocabulary/projection.rs:248:9
    |
248 |         position: u32,
    |         ^^^^^^^^^^^^^

warning: missing documentation for a struct field
   --> crates/semantic/src/vocabulary/projection.rs:308:13
    |
308 |     Bound { parent: u32 },
    |             ^^^^^^^^^^^

warning: missing documentation for a struct field
   --> crates/semantic/src/vocabulary/projection.rs:310:35
    |
310 |     UnrepresentedAuthorityOwner { identity: [u8; 16] },
    |                                   ^^^^^^^^^^^^^^^^^^

warning: missing documentation for a struct field
   --> crates/semantic/src/vocabulary/projection.rs:337:9
    |
337 |         used: u64,
    |         ^^^^^^^^^

warning: missing documentation for a struct field
   --> crates/semantic/src/vocabulary/projection.rs:338:9
    |
338 |         requested: u64,
    |         ^^^^^^^^^^^^^^

warning: missing documentation for a struct field
   --> crates/semantic/src/vocabulary/projection.rs:339:9
    |
339 |         capacity: u64,
    |         ^^^^^^^^^^^^^

warning: missing documentation for a struct field
   --> crates/semantic/src/vocabulary/projection.rs:342:19
    |
342 |     Constructor { cause: ProjectionConstructorFault },
    |                   ^^^^^^^^^^^^^^^^^^^^^^^^^^^^^^^^^

warning: missing documentation for a struct field
   --> crates/semantic/src/vocabulary/projection.rs:345:9
    |
345 |         position: u64,
    |         ^^^^^^^^^^^^^

warning: missing documentation for a struct field
   --> crates/semantic/src/vocabulary/projection.rs:346:9
    |
346 |         expected: ProjectionChildRole,
    |         ^^^^^^^^^^^^^^^^^^^^^^^^^^^^^

warning: missing documentation for a struct field
   --> crates/semantic/src/vocabulary/projection.rs:347:9
    |
347 |         actual: ProjectionChildRole,
    |         ^^^^^^^^^^^^^^^^^^^^^^^^^^^

warning: missing documentation for a struct field
   --> crates/semantic/src/vocabulary/projection.rs:351:9
    |
351 |         position: u64,
    |         ^^^^^^^^^^^^^

warning: missing documentation for a struct field
   --> crates/semantic/src/vocabulary/projection.rs:352:9
    |
352 |         target: u32,
    |         ^^^^^^^^^^^

warning: missing documentation for a struct field
   --> crates/semantic/src/vocabulary/projection.rs:353:9
    |
353 |         fact_count: u64,
    |         ^^^^^^^^^^^^^^^

warning: missing documentation for a struct field
   --> crates/semantic/src/vocabulary/projection.rs:356:18
    |
356 |     TypeRecord { cause: ProjectionSemanticTypeFault },
    |                  ^^^^^^^^^^^^^^^^^^^^^^^^^^^^^^^^^^

warning: missing documentation for a struct field
   --> crates/semantic/src/vocabulary/projection.rs:359:9
    |
359 |         position: u64,
    |         ^^^^^^^^^^^^^

warning: missing documentation for a struct field
   --> crates/semantic/src/vocabulary/projection.rs:360:9
    |
360 |         cause: ProjectionSemanticTypeFault,
    |         ^^^^^^^^^^^^^^^^^^^^^^^^^^^^^^^^^^

warning: missing documentation for a struct field
   --> crates/semantic/src/vocabulary/projection.rs:364:9
    |
364 |         position: u64,
    |         ^^^^^^^^^^^^^

warning: missing documentation for a struct field
   --> crates/semantic/src/vocabulary/projection.rs:365:9
    |
365 |         target: u32,
    |         ^^^^^^^^^^^

warning: missing documentation for a struct field
   --> crates/semantic/src/vocabulary/projection.rs:366:9
    |
366 |         fact_count: u64,
    |         ^^^^^^^^^^^^^^^

warning: missing documentation for a struct field
   --> crates/semantic/src/vocabulary/projection.rs:372:9
    |
372 |         lane: ProjectionTypeChildLane,
    |         ^^^^^^^^^^^^^^^^^^^^^^^^^^^^^

warning: missing documentation for a struct field
   --> crates/semantic/src/vocabulary/projection.rs:373:9
    |
373 |         used: u64,
    |         ^^^^^^^^^

warning: missing documentation for a struct field
   --> crates/semantic/src/vocabulary/projection.rs:374:9
    |
374 |         requested: u64,
    |         ^^^^^^^^^^^^^^

warning: missing documentation for a struct field
   --> crates/semantic/src/vocabulary/projection.rs:375:9
    |
375 |         capacity: u64,
    |         ^^^^^^^^^^^^^

warning: missing documentation for a struct field
   --> crates/semantic/src/vocabulary/projection.rs:382:23
    |
382 |     OccurrenceOwner { owner: u32, fact_count: u64 },
    |                       ^^^^^^^^^^

warning: missing documentation for a struct field
   --> crates/semantic/src/vocabulary/projection.rs:382:35
    |
382 |     OccurrenceOwner { owner: u32, fact_count: u64 },
    |                                   ^^^^^^^^^^^^^^^

warning: missing documentation for a struct field
   --> crates/semantic/src/vocabulary/projection.rs:386:16
    |
386 |     DocOwner { owner: u32, fact_count: u64 },
    |                ^^^^^^^^^^

warning: missing documentation for a struct field
   --> crates/semantic/src/vocabulary/projection.rs:386:28
    |
386 |     DocOwner { owner: u32, fact_count: u64 },
    |                            ^^^^^^^^^^^^^^^

warning: missing documentation for a struct field
   --> crates/semantic/src/vocabulary/projection.rs:394:34
    |
394 |     TypeParameterBoundCapacity { requested: u64, available: u64 },
    |                                  ^^^^^^^^^^^^^^

warning: missing documentation for a struct field
   --> crates/semantic/src/vocabulary/projection.rs:394:50
    |
394 |     TypeParameterBoundCapacity { requested: u64, available: u64 },
    |                                                  ^^^^^^^^^^^^^^

warning: missing documentation for a struct field
   --> crates/semantic/src/vocabulary/projection.rs:401:9
    |
401 |         lane: ProjectionFactLane,
    |         ^^^^^^^^^^^^^^^^^^^^^^^^

warning: missing documentation for a struct field
   --> crates/semantic/src/vocabulary/projection.rs:402:9
    |
402 |         raw: u32,
    |         ^^^^^^^^

warning: missing documentation for a struct field
   --> crates/semantic/src/vocabulary/projection.rs:403:9
    |
403 |         fact_count: u64,
    |         ^^^^^^^^^^^^^^^

warning: missing documentation for a struct field
   --> crates/semantic/src/vocabulary/projection.rs:407:9
    |
407 |         entity: u32,
    |         ^^^^^^^^^^^

warning: missing documentation for a struct field
   --> crates/semantic/src/vocabulary/projection.rs:408:9
    |
408 |         start: u32,
    |         ^^^^^^^^^^

warning: missing documentation for a struct field
   --> crates/semantic/src/vocabulary/projection.rs:409:9
    |
409 |         end: u32,
    |         ^^^^^^^^

warning: missing documentation for a struct field
   --> crates/semantic/src/vocabulary/projection.rs:410:9
    |
410 |         source_len: u32,
    |         ^^^^^^^^^^^^^^^

warning: missing documentation for a struct field
   --> crates/semantic/src/vocabulary/projection.rs:414:9
    |
414 |         entity: u32,
    |         ^^^^^^^^^^^

warning: missing documentation for a struct field
   --> crates/semantic/src/vocabulary/projection.rs:415:9
    |
415 |         existing: ProjectionSpan,
    |         ^^^^^^^^^^^^^^^^^^^^^^^^

warning: missing documentation for a struct field
   --> crates/semantic/src/vocabulary/projection.rs:416:9
    |
416 |         requested: ProjectionSpan,
    |         ^^^^^^^^^^^^^^^^^^^^^^^^^

warning: missing documentation for a struct field
   --> crates/semantic/src/vocabulary/projection.rs:420:9
    |
420 |         entity: u32,
    |         ^^^^^^^^^^^

warning: missing documentation for a struct field
   --> crates/semantic/src/vocabulary/projection.rs:421:9
    |
421 |         existing: ProjectionParentageState,
    |         ^^^^^^^^^^^^^^^^^^^^^^^^^^^^^^^^^^

warning: missing documentation for a struct field
   --> crates/semantic/src/vocabulary/projection.rs:422:9
    |
422 |         requested: ProjectionParentageState,
    |         ^^^^^^^^^^^^^^^^^^^^^^^^^^^^^^^^^^^

warning: missing documentation for a struct field
  --> crates/semantic/src/vocabulary/typescript.rs:28:26
   |
28 |     CoordinateOverflow { value: u64 },
   |                          ^^^^^^^^^^

warning: missing documentation for a struct field
  --> crates/semantic/src/vocabulary/typescript.rs:30:28
   |
30 |     MissingImportBinding { fact: u32 },
   |                            ^^^^^^^^^

warning: `backend-semantic` (lib) generated 3016 warnings (run `cargo fix --lib -p backend-semantic` to apply 149 suggestions)
   Compiling tree-sitter v0.27.0
   Compiling rustls-webpki v0.103.15
   Compiling block-buffer v0.10.4
   Compiling bstr v1.13.1
   Compiling serde_spanned v0.6.9
   Compiling toml_datetime v0.6.11
   Compiling toml_write v0.1.2
   Compiling winnow v0.7.15
   Compiling base64 v0.23.1
   Compiling same-file v1.0.6
   Compiling walkdir v2.5.0
   Compiling ureq-proto v0.6.2
   Compiling toml_edit v0.22.27
   Compiling globset v0.4.20
   Compiling digest v0.10.7
   Compiling flate2 v1.1.10
   Compiling webpki-roots v1.0.9
   Compiling percent-encoding v2.3.2
   Compiling utf8-zero v0.8.1
   Compiling streaming-iterator v0.1.9
   Compiling ureq v3.4.0
   Compiling ignore v0.4.33
   Compiling backend-replication v0.1.0 (/Users/rmccrar6/.local/share/nudox/source-releases/f85fb905ddc499bcfe701812ab68e971f7aad097/source/crates/replication)
warning: unused import: `collections::HashMap`
 --> crates/replication/src/ir_generation_store/history.rs:6:5
  |
6 |     collections::HashMap,
  |     ^^^^^^^^^^^^^^^^^^^^
  |
  = note: `#[warn(unused_imports)]` (part of `#[warn(unused)]`) on by default

warning: unnecessary qualification
   --> crates/replication/src/ir_generation_store/history/types.rs:717:22
    |
717 |         store_root: &std::path::Path,
    |                      ^^^^^^^^^^^^^^^
    |
    = note: requested on the command line with `-W unused-qualifications`
help: remove the unnecessary path segments
    |
717 -         store_root: &std::path::Path,
717 +         store_root: &Path,
    |

warning: unnecessary qualification
   --> crates/replication/src/ir_generation_store/history/types.rs:737:22
    |
737 |         store_root: &std::path::Path,
    |                      ^^^^^^^^^^^^^^^
    |
help: remove the unnecessary path segments
    |
737 -         store_root: &std::path::Path,
737 +         store_root: &Path,
    |

warning: unnecessary qualification
   --> crates/replication/src/ir_generation_store/history/types.rs:759:21
    |
759 |         store_root: std::path::PathBuf,
    |                     ^^^^^^^^^^^^^^^^^^
    |
help: remove the unnecessary path segments
    |
759 -         store_root: std::path::PathBuf,
759 +         store_root: PathBuf,
    |

warning: unnecessary qualification
   --> crates/replication/src/ir_generation_store/history/types.rs:790:21
    |
790 |         store_root: std::path::PathBuf,
    |                     ^^^^^^^^^^^^^^^^^^
    |
help: remove the unnecessary path segments
    |
790 -         store_root: std::path::PathBuf,
790 +         store_root: PathBuf,
    |

warning: unnecessary qualification
   --> crates/replication/src/ir_generation_store/history/types.rs:927:17
    |
927 |     store_root: std::path::PathBuf,
    |                 ^^^^^^^^^^^^^^^^^^
    |
help: remove the unnecessary path segments
    |
927 -     store_root: std::path::PathBuf,
927 +     store_root: PathBuf,
    |

warning: unnecessary qualification
   --> crates/replication/src/ir_generation_store/history/types.rs:937:17
    |
937 |     store_root: std::path::PathBuf,
    |                 ^^^^^^^^^^^^^^^^^^
    |
help: remove the unnecessary path segments
    |
937 -     store_root: std::path::PathBuf,
937 +     store_root: PathBuf,
    |

warning: unnecessary qualification
    --> crates/replication/src/ir_generation_store/history/types.rs:1263:24
     |
1263 |     ) -> Result<Option<lineage::UnprovenTypedLineageEdgeSetV1<'_>>, lineage::LineageEdgeSetErrorV1>
     |                        ^^^^^^^^^^^^^^^^^^^^^^^^^^^^^^^^^^^^^^^^^^
     |
help: remove the unnecessary path segments
     |
1263 -     ) -> Result<Option<lineage::UnprovenTypedLineageEdgeSetV1<'_>>, lineage::LineageEdgeSetErrorV1>
1263 +     ) -> Result<Option<UnprovenTypedLineageEdgeSetV1<'_>>, lineage::LineageEdgeSetErrorV1>
     |

warning: unnecessary qualification
    --> crates/replication/src/ir_generation_store/history/types.rs:1263:69
     |
1263 |     ) -> Result<Option<lineage::UnprovenTypedLineageEdgeSetV1<'_>>, lineage::LineageEdgeSetErrorV1>
     |                                                                     ^^^^^^^^^^^^^^^^^^^^^^^^^^^^^^
     |
help: remove the unnecessary path segments
     |
1263 -     ) -> Result<Option<lineage::UnprovenTypedLineageEdgeSetV1<'_>>, lineage::LineageEdgeSetErrorV1>
1263 +     ) -> Result<Option<lineage::UnprovenTypedLineageEdgeSetV1<'_>>, LineageEdgeSetErrorV1>
     |

warning: unnecessary qualification
    --> crates/replication/src/ir_generation_store/history/types.rs:1268:20
     |
1268 |         let view = lineage::BorrowedTypedLineageEdgeSetV1::parse(bytes)?;
     |                    ^^^^^^^^^^^^^^^^^^^^^^^^^^^^^^^^^^^^^^^^^^^^^
     |
help: remove the unnecessary path segments
     |
1268 -         let view = lineage::BorrowedTypedLineageEdgeSetV1::parse(bytes)?;
1268 +         let view = BorrowedTypedLineageEdgeSetV1::parse(bytes)?;
     |

warning: unnecessary qualification
    --> crates/replication/src/ir_generation_store/history/types.rs:1270:24
     |
1270 |             return Err(lineage::LineageEdgeSetErrorV1::EndpointMismatch);
     |                        ^^^^^^^^^^^^^^^^^^^^^^^^^^^^^^^^^^^^^^^^^^^^^^^^
     |
help: remove the unnecessary path segments
     |
1270 -             return Err(lineage::LineageEdgeSetErrorV1::EndpointMismatch);
1270 +             return Err(LineageEdgeSetErrorV1::EndpointMismatch);
     |

warning: unnecessary qualification
    --> crates/replication/src/ir_generation_store/history/types.rs:1273:24
     |
1273 |             return Err(lineage::LineageEdgeSetErrorV1::GenerationRootMismatch);
     |                        ^^^^^^^^^^^^^^^^^^^^^^^^^^^^^^^^^^^^^^^^^^^^^^^^^^^^^^
     |
help: remove the unnecessary path segments
     |
1273 -             return Err(lineage::LineageEdgeSetErrorV1::GenerationRootMismatch);
1273 +             return Err(LineageEdgeSetErrorV1::GenerationRootMismatch);
     |

warning: unnecessary qualification
    --> crates/replication/src/ir_generation_store/history/types.rs:1275:17
     |
1275 |         Ok(Some(lineage::UnprovenTypedLineageEdgeSetV1::root_bound(
     |                 ^^^^^^^^^^^^^^^^^^^^^^^^^^^^^^^^^^^^^^^^^^^^^^^^^^
     |
help: remove the unnecessary path segments
     |
1275 -         Ok(Some(lineage::UnprovenTypedLineageEdgeSetV1::root_bound(
1275 +         Ok(Some(UnprovenTypedLineageEdgeSetV1::root_bound(
     |

warning: unnecessary qualification
   --> crates/replication/src/ir_generation_store/history/catalog.rs:115:5
    |
115 |     super::v2::validate_typed_v2_locator_binding(target_root, &record)?;
    |     ^^^^^^^^^^^^^^^^^^^^^^^^^^^^^^^^^^^^^^^^^^^^
    |
help: remove the unnecessary path segments
    |
115 -     super::v2::validate_typed_v2_locator_binding(target_root, &record)?;
115 +     v2::validate_typed_v2_locator_binding(target_root, &record)?;
    |

warning: unnecessary qualification
   --> crates/replication/src/ir_generation_store/history/catalog.rs:116:5
    |
116 |     super::v3::validate_typed_v3_locator_binding(target_root, &record)?;
    |     ^^^^^^^^^^^^^^^^^^^^^^^^^^^^^^^^^^^^^^^^^^^^
    |
help: remove the unnecessary path segments
    |
116 -     super::v3::validate_typed_v3_locator_binding(target_root, &record)?;
116 +     v3::validate_typed_v3_locator_binding(target_root, &record)?;
    |

warning: unnecessary qualification
   --> crates/replication/src/ir_generation_store/history/catalog.rs:122:9
    |
122 |         super::v2::validate_typed_v2_locator_binding(target_root, &parent_record)?;
    |         ^^^^^^^^^^^^^^^^^^^^^^^^^^^^^^^^^^^^^^^^^^^^
    |
help: remove the unnecessary path segments
    |
122 -         super::v2::validate_typed_v2_locator_binding(target_root, &parent_record)?;
122 +         v2::validate_typed_v2_locator_binding(target_root, &parent_record)?;
    |

warning: unnecessary qualification
   --> crates/replication/src/ir_generation_store/history/catalog.rs:123:9
    |
123 |         super::v3::validate_typed_v3_locator_binding(target_root, &parent_record)?;
    |         ^^^^^^^^^^^^^^^^^^^^^^^^^^^^^^^^^^^^^^^^^^^^
    |
help: remove the unnecessary path segments
    |
123 -         super::v3::validate_typed_v3_locator_binding(target_root, &parent_record)?;
123 +         v3::validate_typed_v3_locator_binding(target_root, &parent_record)?;
    |

warning: unnecessary qualification
   --> crates/replication/src/ir_generation_store/history/catalog.rs:334:9
    |
334 |         super::retention::recover_pending_delete(&target_root)?;
    |         ^^^^^^^^^^^^^^^^^^^^^^^^^^^^^^^^^^^^^^^^
    |
help: remove the unnecessary path segments
    |
334 -         super::retention::recover_pending_delete(&target_root)?;
334 +         retention::recover_pending_delete(&target_root)?;
    |

warning: unnecessary qualification
   --> crates/replication/src/ir_generation_store/history/catalog.rs:376:28
    |
376 |         let mut progress = super::gc::advance_history_gc(&target_root, target)?;
    |                            ^^^^^^^^^^^^^^^^^^^^^^^^^^^^^
    |
help: remove the unnecessary path segments
    |
376 -         let mut progress = super::gc::advance_history_gc(&target_root, target)?;
376 +         let mut progress = gc::advance_history_gc(&target_root, target)?;
    |

warning: unnecessary qualification
   --> crates/replication/src/ir_generation_store/history/catalog.rs:379:29
    |
379 |             let retention = super::retention::advance_retention(&target_root, target, remaining)?;
    |                             ^^^^^^^^^^^^^^^^^^^^^^^^^^^^^^^^^^^
    |
help: remove the unnecessary path segments
    |
379 -             let retention = super::retention::advance_retention(&target_root, target, remaining)?;
379 +             let retention = retention::advance_retention(&target_root, target, remaining)?;
    |

warning: unnecessary qualification
   --> crates/replication/src/ir_generation_store/history/catalog.rs:386:37
    |
386 |         } else if let Some(stats) = super::retention::read_stats(&target_root)? {
    |                                     ^^^^^^^^^^^^^^^^^^^^^^^^^^^^
    |
help: remove the unnecessary path segments
    |
386 -         } else if let Some(stats) = super::retention::read_stats(&target_root)? {
386 +         } else if let Some(stats) = retention::read_stats(&target_root)? {
    |

warning: unnecessary qualification
   --> crates/replication/src/ir_generation_store/history/catalog.rs:461:9
    |
461 |         super::retention::recover_pending_delete(&target_root)?;
    |         ^^^^^^^^^^^^^^^^^^^^^^^^^^^^^^^^^^^^^^^^
    |
help: remove the unnecessary path segments
    |
461 -         super::retention::recover_pending_delete(&target_root)?;
461 +         retention::recover_pending_delete(&target_root)?;
    |

warning: unnecessary qualification
   --> crates/replication/src/ir_generation_store/history/catalog.rs:469:9
    |
469 |         super::v2::validate_typed_v2_locator_binding(&target_root, &proposal.record)?;
    |         ^^^^^^^^^^^^^^^^^^^^^^^^^^^^^^^^^^^^^^^^^^^^
    |
help: remove the unnecessary path segments
    |
469 -         super::v2::validate_typed_v2_locator_binding(&target_root, &proposal.record)?;
469 +         v2::validate_typed_v2_locator_binding(&target_root, &proposal.record)?;
    |

warning: unnecessary qualification
   --> crates/replication/src/ir_generation_store/history/catalog.rs:727:9
    |
727 |         super::retention::recover_pending_delete(&target_root)?;
    |         ^^^^^^^^^^^^^^^^^^^^^^^^^^^^^^^^^^^^^^^^
    |
help: remove the unnecessary path segments
    |
727 -         super::retention::recover_pending_delete(&target_root)?;
727 +         retention::recover_pending_delete(&target_root)?;
    |

warning: unnecessary qualification
   --> crates/replication/src/ir_generation_store/history/catalog.rs:894:9
    |
894 |         super::retention::recover_pending_delete(&target_root)?;
    |         ^^^^^^^^^^^^^^^^^^^^^^^^^^^^^^^^^^^^^^^^
    |
help: remove the unnecessary path segments
    |
894 -         super::retention::recover_pending_delete(&target_root)?;
894 +         retention::recover_pending_delete(&target_root)?;
    |

warning: unnecessary qualification
   --> crates/replication/src/ir_generation_store/history/catalog.rs:943:9
    |
943 |         super::retention::recover_pending_delete(&target_root)?;
    |         ^^^^^^^^^^^^^^^^^^^^^^^^^^^^^^^^^^^^^^^^
    |
help: remove the unnecessary path segments
    |
943 -         super::retention::recover_pending_delete(&target_root)?;
943 +         retention::recover_pending_delete(&target_root)?;
    |

warning: unnecessary qualification
 --> crates/replication/src/ir_generation_store/history/codec.rs:8:20
  |
8 |     let identity = super::v2::history_commit_identity(record.generation_root, &body);
  |                    ^^^^^^^^^^^^^^^^^^^^^^^^^^^^^^^^^^
  |
help: remove the unnecessary path segments
  |
8 -     let identity = super::v2::history_commit_identity(record.generation_root, &body);
8 +     let identity = v2::history_commit_identity(record.generation_root, &body);
  |

warning: unnecessary qualification
  --> crates/replication/src/ir_generation_store/history/codec.rs:37:8
   |
37 |     if super::v2::history_commit_identity(record.generation_root, &body) != identity
   |        ^^^^^^^^^^^^^^^^^^^^^^^^^^^^^^^^^^
   |
help: remove the unnecessary path segments
   |
37 -     if super::v2::history_commit_identity(record.generation_root, &body) != identity
37 +     if v2::history_commit_identity(record.generation_root, &body) != identity
   |

warning: unnecessary qualification
   --> crates/replication/src/ir_generation_store/history/codec.rs:106:8
    |
106 |     if super::v2::history_commit_identity(record.generation_root, content) != identity {
    |        ^^^^^^^^^^^^^^^^^^^^^^^^^^^^^^^^^^
    |
help: remove the unnecessary path segments
    |
106 -     if super::v2::history_commit_identity(record.generation_root, content) != identity {
106 +     if v2::history_commit_identity(record.generation_root, content) != identity {
    |

warning: unnecessary qualification
   --> crates/replication/src/ir_generation_store/history/gc.rs:263:9
    |
263 |         super::v2::reconcile_pending_typed_v2_locators(target_root, target)?;
    |         ^^^^^^^^^^^^^^^^^^^^^^^^^^^^^^^^^^^^^^^^^^^^^^
    |
help: remove the unnecessary path segments
    |
263 -         super::v2::reconcile_pending_typed_v2_locators(target_root, target)?;
263 +         v2::reconcile_pending_typed_v2_locators(target_root, target)?;
    |

warning: unnecessary qualification
   --> crates/replication/src/ir_generation_store/history/gc.rs:272:9
    |
272 |         super::v3::reconcile_pending_typed_v3_locators(target_root, target)?;
    |         ^^^^^^^^^^^^^^^^^^^^^^^^^^^^^^^^^^^^^^^^^^^^^^
    |
help: remove the unnecessary path segments
    |
272 -         super::v3::reconcile_pending_typed_v3_locators(target_root, target)?;
272 +         v3::reconcile_pending_typed_v3_locators(target_root, target)?;
    |

warning: unnecessary qualification
  --> crates/replication/src/ir_generation_store/history/v2.rs:21:47
   |
21 | const MAX_TYPED_V2_PENDING_RECONCILE: usize = super::MAX_HISTORY_GC_BATCH_RECORDS / 2;
   |                                               ^^^^^^^^^^^^^^^^^^^^^^^^^^^^^^^^^^^
   |
help: remove the unnecessary path segments
   |
21 - const MAX_TYPED_V2_PENDING_RECONCILE: usize = super::MAX_HISTORY_GC_BATCH_RECORDS / 2;
21 + const MAX_TYPED_V2_PENDING_RECONCILE: usize = MAX_HISTORY_GC_BATCH_RECORDS / 2;
   |

warning: unnecessary qualification
  --> crates/replication/src/ir_generation_store/history/v2.rs:71:31
   |
71 |             || object_count > super::MAX_HISTORY_TYPED_V2_LOCATOR_OBJECTS
   |                               ^^^^^^^^^^^^^^^^^^^^^^^^^^^^^^^^^^^^^^^^^^^
   |
help: remove the unnecessary path segments
   |
71 -             || object_count > super::MAX_HISTORY_TYPED_V2_LOCATOR_OBJECTS
71 +             || object_count > MAX_HISTORY_TYPED_V2_LOCATOR_OBJECTS
   |

warning: unnecessary qualification
  --> crates/replication/src/ir_generation_store/history/v3.rs:25:47
   |
25 | const MAX_TYPED_V3_PENDING_RECONCILE: usize = super::MAX_HISTORY_GC_BATCH_RECORDS / 2;
   |                                               ^^^^^^^^^^^^^^^^^^^^^^^^^^^^^^^^^^^
   |
help: remove the unnecessary path segments
   |
25 - const MAX_TYPED_V3_PENDING_RECONCILE: usize = super::MAX_HISTORY_GC_BATCH_RECORDS / 2;
25 + const MAX_TYPED_V3_PENDING_RECONCILE: usize = MAX_HISTORY_GC_BATCH_RECORDS / 2;
   |

warning: unnecessary qualification
   --> crates/replication/src/ir_generation_store/history/v3.rs:761:24
    |
761 |         let selected = super::super::load_record(&target_root, commit.generation(), target)?;
    |                        ^^^^^^^^^^^^^^^^^^^^^^^^^
    |
help: remove the unnecessary path segments
    |
761 -         let selected = super::super::load_record(&target_root, commit.generation(), target)?;
761 +         let selected = load_record(&target_root, commit.generation(), target)?;
    |

warning: unnecessary qualification
   --> crates/replication/src/ir_generation_store/history/v3.rs:773:28
    |
773 |         let payload_root = super::codec::read_history_payload_root(&target_root, identity)?
    |                            ^^^^^^^^^^^^^^^^^^^^^^^^^^^^^^^^^^^^^^^
    |
help: remove the unnecessary path segments
    |
773 -         let payload_root = super::codec::read_history_payload_root(&target_root, identity)?
773 +         let payload_root = codec::read_history_payload_root(&target_root, identity)?
    |

warning: unnecessary qualification
   --> crates/replication/src/ir_generation_store/history/v3.rs:796:22
    |
796 |         let record = super::super::load_record(&target_root, commit.generation(), target)?;
    |                      ^^^^^^^^^^^^^^^^^^^^^^^^^
    |
help: remove the unnecessary path segments
    |
796 -         let record = super::super::load_record(&target_root, commit.generation(), target)?;
796 +         let record = load_record(&target_root, commit.generation(), target)?;
    |

warning: unnecessary qualification
   --> crates/replication/src/ir_generation_store/history/v3.rs:797:9
    |
797 |         super::catalog::validate_commit_generation(&commit.record, &record)?;
    |         ^^^^^^^^^^^^^^^^^^^^^^^^^^^^^^^^^^^^^^^^^^
    |
help: remove the unnecessary path segments
    |
797 -         super::catalog::validate_commit_generation(&commit.record, &record)?;
797 +         validate_commit_generation(&commit.record, &record)?;
    |

warning: unnecessary qualification
   --> crates/replication/src/ir_generation_store/history/v3.rs:798:9
    |
798 |         super::catalog::generation_from_record(record, commit.selected_stamp())
    |         ^^^^^^^^^^^^^^^^^^^^^^^^^^^^^^^^^^^^^^
    |
help: remove the unnecessary path segments
    |
798 -         super::catalog::generation_from_record(record, commit.selected_stamp())
798 +         generation_from_record(record, commit.selected_stamp())
    |

warning: unnecessary qualification
   --> crates/replication/src/ir_generation_store/history/v3.rs:927:24
    |
927 |         let selected = super::super::load_record(
    |                        ^^^^^^^^^^^^^^^^^^^^^^^^^
    |
help: remove the unnecessary path segments
    |
927 -         let selected = super::super::load_record(
927 +         let selected = load_record(
    |

warning: unnecessary qualification
   --> crates/replication/src/ir_generation_store/history/v3.rs:932:9
    |
932 |         super::catalog::validate_commit_generation(&proposal.record, &selected)?;
    |         ^^^^^^^^^^^^^^^^^^^^^^^^^^^^^^^^^^^^^^^^^^
    |
help: remove the unnecessary path segments
    |
932 -         super::catalog::validate_commit_generation(&proposal.record, &selected)?;
932 +         validate_commit_generation(&proposal.record, &selected)?;
    |

warning: unnecessary qualification
   --> crates/replication/src/ir_generation_store/history/v3.rs:942:9
    |
942 |         super::codec::write_history_payload_root_typed(
    |         ^^^^^^^^^^^^^^^^^^^^^^^^^^^^^^^^^^^^^^^^^^^^^^
    |
help: remove the unnecessary path segments
    |
942 -         super::codec::write_history_payload_root_typed(
942 +         codec::write_history_payload_root_typed(
    |

warning: unused import: `history::TypedV3HistoryPublicationSnapshot`
   --> crates/replication/src/ir_generation_store.rs:146:16
    |
146 | pub(crate) use history::TypedV3HistoryPublicationSnapshot;
    |                ^^^^^^^^^^^^^^^^^^^^^^^^^^^^^^^^^^^^^^^^^^

warning: unused import: `HistoryPayloadRoot`
   --> crates/replication/src/ir_generation_store.rs:166:54
    |
166 | pub(super) use history::{AdmittedHistoryPayloadRoot, HistoryPayloadRoot};
    |                                                      ^^^^^^^^^^^^^^^^^^

warning: unused imports: `SemanticPlaneCatalogEntry` and `SemanticPlaneCatalog`
  --> crates/replication/src/ir_hydration.rs:22:50
   |
22 |     SemanticManifestError, SemanticManifestRoot, SemanticPlaneCatalog, SemanticPlaneCatalogEntry,
   |                                                  ^^^^^^^^^^^^^^^^^^^^  ^^^^^^^^^^^^^^^^^^^^^^^^^

warning: unused import: `UNIX_EPOCH`
  --> crates/replication/src/ir_hydration_store.rs:14:39
   |
14 | use std::time::{Duration, SystemTime, UNIX_EPOCH};
   |                                       ^^^^^^^^^^

warning: unused imports: `ClosureId` and `PinnedStoredClosureReceipt`
  --> crates/replication/src/ir_hydration_store.rs:25:5
   |
25 |     ClosureId, ClosureMembershipChange, DurableManifest, FileStore, GcLimits, GcPinGuard, GcReport,
   |     ^^^^^^^^^
26 |     GcRoot, GcRootResolver, ObjectId, PinnedStoredClosureReceipt, TypedObject, UntrustedObjectId,
   |                                       ^^^^^^^^^^^^^^^^^^^^^^^^^^

warning: unused import: `display_io`
 --> crates/replication/src/ir_hydration_store/history_v2.rs:3:69
  |
3 | use super::{FileSemanticRangeStore, IO_BUFFER_BYTES, display_error, display_io};
  |                                                                     ^^^^^^^^^^

warning: unnecessary qualification
   --> crates/replication/src/ir_hydration_store/history_v2.rs:875:39
    |
875 |         .saturating_mul(u64::try_from(std::mem::size_of::<T>()).unwrap_or(u64::MAX))
    |                                       ^^^^^^^^^^^^^^^^^^^^^^
    |
help: remove the unnecessary path segments
    |
875 -         .saturating_mul(u64::try_from(std::mem::size_of::<T>()).unwrap_or(u64::MAX))
875 +         .saturating_mul(u64::try_from(size_of::<T>()).unwrap_or(u64::MAX))
    |

warning: unnecessary qualification
    --> crates/replication/src/ir_hydration_store/history_v3.rs:1292:12
     |
1292 |     image: backend_semantic::ir::SemanticPlaneImageKey,
     |            ^^^^^^^^^^^^^^^^^^^^^^^^^^^^^^^^^^^^^^^^^^^
     |
help: remove the unnecessary path segments
     |
1292 -     image: backend_semantic::ir::SemanticPlaneImageKey,
1292 +     image: SemanticPlaneImageKey,
     |

warning: unused imports: `TypedV3HistoryAdmissionMetrics`, `TypedV3HistoryAdmission`, and `TypedV3HistoryGcPin`
  --> crates/replication/src/ir_hydration_store.rs:63:5
   |
63 |     TypedV3HistoryAdmission, TypedV3HistoryAdmissionMetrics, TypedV3HistoryGcPin,
   |     ^^^^^^^^^^^^^^^^^^^^^^^  ^^^^^^^^^^^^^^^^^^^^^^^^^^^^^^  ^^^^^^^^^^^^^^^^^^^

warning: unnecessary qualification
    --> crates/replication/src/ir_hydration_store.rs:2112:34
     |
2112 |         let mut object_lengths = std::collections::BTreeMap::<ObjectId, u64>::new();
     |                                  ^^^^^^^^^^^^^^^^^^^^^^^^^^^^^^^^^^^^^^^^^^^^^^^^
     |
help: remove the unnecessary path segments
     |
2112 -         let mut object_lengths = std::collections::BTreeMap::<ObjectId, u64>::new();
2112 +         let mut object_lengths = BTreeMap::<ObjectId, u64>::new();
     |

warning: unnecessary qualification
    --> crates/replication/src/ir_hydration_store.rs:2146:24
     |
2146 |             .map_or(0, backend_store::DurableManifest::object_count);
     |                        ^^^^^^^^^^^^^^^^^^^^^^^^^^^^^^^^^^^^^^^^^^^^
     |
help: remove the unnecessary path segments
     |
2146 -             .map_or(0, backend_store::DurableManifest::object_count);
2146 +             .map_or(0, DurableManifest::object_count);
     |

warning: unnecessary qualification
    --> crates/replication/src/ir_hydration_wire.rs:1127:20
     |
1127 |         manifest: &backend_semantic::ir::SemanticPlaneManifest,
     |                    ^^^^^^^^^^^^^^^^^^^^^^^^^^^^^^^^^^^^^^^^^^^
     |
help: remove the unnecessary path segments
     |
1127 -         manifest: &backend_semantic::ir::SemanticPlaneManifest,
1127 +         manifest: &SemanticPlaneManifest,
     |

warning: unnecessary qualification
    --> crates/replication/src/ir_hydration_wire.rs:1189:30
     |
1189 |         manifest: &'manifest backend_semantic::ir::SemanticPlaneManifest,
     |                              ^^^^^^^^^^^^^^^^^^^^^^^^^^^^^^^^^^^^^^^^^^^
     |
help: remove the unnecessary path segments
     |
1189 -         manifest: &'manifest backend_semantic::ir::SemanticPlaneManifest,
1189 +         manifest: &'manifest SemanticPlaneManifest,
     |

warning: unnecessary qualification
    --> crates/replication/src/ir_hydration_wire.rs:1191:27
     |
1191 |         have_ids: &'have [backend_semantic::ir::SemanticSegmentId],
     |                           ^^^^^^^^^^^^^^^^^^^^^^^^^^^^^^^^^^^^^^^
     |
help: remove the unnecessary path segments
     |
1191 -         have_ids: &'have [backend_semantic::ir::SemanticSegmentId],
1191 +         have_ids: &'have [SemanticSegmentId],
     |

warning: unnecessary qualification
   --> crates/replication/src/ir_image_store.rs:756:47
    |
756 |         let keep = keep.into_iter().collect::<std::collections::BTreeSet<_>>();
    |                                               ^^^^^^^^^^^^^^^^^^^^^^^^^^^^^
    |
help: remove the unnecessary path segments
    |
756 -         let keep = keep.into_iter().collect::<std::collections::BTreeSet<_>>();
756 +         let keep = keep.into_iter().collect::<BTreeSet<_>>();
    |

warning: unnecessary qualification
   --> crates/replication/src/ir_image_store.rs:760:24
    |
760 |             .collect::<std::collections::BTreeSet<_>>();
    |                        ^^^^^^^^^^^^^^^^^^^^^^^^^^^^^
    |
help: remove the unnecessary path segments
    |
760 -             .collect::<std::collections::BTreeSet<_>>();
760 +             .collect::<BTreeSet<_>>();
    |

warning: unnecessary qualification
   --> crates/replication/src/ir_image_store.rs:933:17
    |
933 |             Err(std::fs::TryLockError::WouldBlock) => {}
    |                 ^^^^^^^^^^^^^^^^^^^^^^^^^^^^^^^^^
    |
help: remove the unnecessary path segments
    |
933 -             Err(std::fs::TryLockError::WouldBlock) => {}
933 +             Err(fs::TryLockError::WouldBlock) => {}
    |

warning: unnecessary qualification
   --> crates/replication/src/ir_image_store.rs:934:17
    |
934 |             Err(std::fs::TryLockError::Error(error)) => return Err(display_io(error)),
    |                 ^^^^^^^^^^^^^^^^^^^^^^^^^^^^
    |
help: remove the unnecessary path segments
    |
934 -             Err(std::fs::TryLockError::Error(error)) => return Err(display_io(error)),
934 +             Err(fs::TryLockError::Error(error)) => return Err(display_io(error)),
    |

warning: unused import: `stream_canonical_plane_family_with_jumbo_and_stable_key_anchors`
  --> crates/replication/src/ir_producer_store.rs:32:5
   |
32 |     stream_canonical_plane_family_with_jumbo_and_stable_key_anchors,
   |     ^^^^^^^^^^^^^^^^^^^^^^^^^^^^^^^^^^^^^^^^^^^^^^^^^^^^^^^^^^^^^^^

warning: unnecessary qualification
  --> crates/replication/src/ir_producer_store.rs:59:6
   |
59 | impl std::fmt::Display for SelectedTypedPlaneProductionError {
   |      ^^^^^^^^^^^^^^^^^
   |
help: remove the unnecessary path segments
   |
59 - impl std::fmt::Display for SelectedTypedPlaneProductionError {
59 + impl fmt::Display for SelectedTypedPlaneProductionError {
   |

warning: unnecessary qualification
   --> crates/replication/src/ir_residency.rs:606:9
    |
606 |         std::mem::size_of::<Self>()
    |         ^^^^^^^^^^^^^^^^^^^^^^^^^
    |
help: remove the unnecessary path segments
    |
606 -         std::mem::size_of::<Self>()
606 +         size_of::<Self>()
    |

warning: unnecessary qualification
   --> crates/replication/src/ir_residency.rs:694:29
    |
694 |             .saturating_mul(std::mem::size_of::<(SegmentLookupKey, RouteObservation)>() as u64);
    |                             ^^^^^^^^^^^^^^^^^^^^^^^^^^^^^^^^^^^^^^^^^^^^^^^^^^^^^^^^^
    |
help: remove the unnecessary path segments
    |
694 -             .saturating_mul(std::mem::size_of::<(SegmentLookupKey, RouteObservation)>() as u64);
694 +             .saturating_mul(size_of::<(SegmentLookupKey, RouteObservation)>() as u64);
    |

warning: unnecessary qualification
   --> crates/replication/src/transfer/receiving_cas/checkpoint.rs:338:28
    |
338 |             .admit_context(backend_version::IdContext::object_key::<T>())?;
    |                            ^^^^^^^^^^^^^^^^^^^^^^^^^^^^^^^^^^^^^^^^^^^
    |
help: remove the unnecessary path segments
    |
338 -             .admit_context(backend_version::IdContext::object_key::<T>())?;
338 +             .admit_context(IdContext::object_key::<T>())?;
    |

warning: unnecessary qualification
   --> crates/replication/src/transfer/receiving_cas/checkpoint.rs:340:28
    |
340 |             .admit_context(backend_version::IdContext::schema::<T>())?;
    |                            ^^^^^^^^^^^^^^^^^^^^^^^^^^^^^^^^^^^^^^^
    |
help: remove the unnecessary path segments
    |
340 -             .admit_context(backend_version::IdContext::schema::<T>())?;
340 +             .admit_context(IdContext::schema::<T>())?;
    |

warning: unnecessary qualification
   --> crates/replication/src/transfer/receiving_cas/checkpoint.rs:837:32
    |
837 |                 .admit_context(backend_version::IdContext::object_key::<T>())?;
    |                                ^^^^^^^^^^^^^^^^^^^^^^^^^^^^^^^^^^^^^^^^^^^
    |
help: remove the unnecessary path segments
    |
837 -                 .admit_context(backend_version::IdContext::object_key::<T>())?;
837 +                 .admit_context(IdContext::object_key::<T>())?;
    |

warning: unnecessary qualification
   --> crates/replication/src/transfer/receiving_cas/checkpoint.rs:839:32
    |
839 |                 .admit_context(backend_version::IdContext::schema::<T>())?;
    |                                ^^^^^^^^^^^^^^^^^^^^^^^^^^^^^^^^^^^^^^^
    |
help: remove the unnecessary path segments
    |
839 -                 .admit_context(backend_version::IdContext::schema::<T>())?;
839 +                 .admit_context(IdContext::schema::<T>())?;
    |

warning: unused variable: `state_path`
   --> crates/replication/src/ir_generation_store/history/gc.rs:285:9
    |
285 |     let state_path = history_gc_state_path(target_root);
    |         ^^^^^^^^^^ help: if this is intentional, prefix it with an underscore: `_state_path`
    |
    = note: `#[warn(unused_variables)]` (part of `#[warn(unused)]`) on by default

warning: unused variable: `may_prune`
   --> crates/replication/src/ir_generation_store.rs:545:13
    |
545 |         let may_prune = history::may_prune_generation_records(&target_root, target)?;
    |             ^^^^^^^^^ help: if this is intentional, prefix it with an underscore: `_may_prune`

warning: value assigned to `additional_objects` is never read
   --> crates/replication/src/ir_hydration_store/history_v2/residency.rs:690:44
    |
690 |         let (mut additional_payload_bytes, mut additional_objects) =
    |                                            ^^^^^^^^^^^^^^^^^^^^^^ this value is reassigned later and never used
...
717 |             (additional_payload_bytes, additional_objects) = self.candidate_new_objects(spool)?;
    |                                        ------------------ `additional_objects` is overwritten here before the previous value is read
    |
    = note: `#[warn(unused_assignments)]` (part of `#[warn(unused)]`) on by default

warning: unused variable: `identity`
   --> crates/replication/src/ir_image_store.rs:252:9
    |
252 |         identity: SemanticImageIdentity,
    |         ^^^^^^^^ help: if this is intentional, prefix it with an underscore: `_identity`

warning: variable does not need to be mutable
   --> crates/replication/src/ir_image_store.rs:497:21
    |
497 |                 let mut file = OpenOptions::new()
    |                     ----^^^^
    |                     |
    |                     help: remove this `mut`
    |
    = note: `#[warn(unused_mut)]` (part of `#[warn(unused)]`) on by default

warning: unused variable: `observed_family`
    --> crates/replication/src/ir_producer_store.rs:2023:21
     |
2023 |             family: observed_family,
     |                     ^^^^^^^^^^^^^^^ help: if this is intentional, prefix it with an underscore: `_observed_family`

warning: type `history::HistoryRefCatalog` is more private than the item `history::catalog::read_history_catalog_snapshot`
    --> crates/replication/src/ir_generation_store/history/catalog.rs:41:1
     |
  41 | / pub(crate) fn read_history_catalog_snapshot(
  42 | |     target_root: &Path,
  43 | | ) -> Result<(HistoryRefCatalog, [u8; 32]), String> {
     | |__________________________________________________^ function `history::catalog::read_history_catalog_snapshot` is reachable at visibility `pub(in crate::ir_generation_store)`
     |
note: but type `history::HistoryRefCatalog` is only usable at visibility `pub(self)`
    --> crates/replication/src/ir_generation_store/history/types.rs:1427:1
     |
1427 | struct HistoryRefCatalog {
     | ^^^^^^^^^^^^^^^^^^^^^^^^
     = note: `#[warn(private_interfaces)]` on by default

warning: type `LocalHead` is more private than the item `history::catalog::<impl ir_generation_store::LocalSemanticGenerationFiles>::require_local_cache_head_alignment`
   --> crates/replication/src/ir_generation_store/history/catalog.rs:204:5
    |
204 | /     pub(crate) fn require_local_cache_head_alignment(
205 | |         &self,
206 | |         target: &SemanticTargetKey,
207 | |         cache_head: Option<super::super::LocalHead>,
...   |
210 | |         incoming_manifest_root: backend_semantic::ir::SemanticManifestRoot,
211 | |     ) -> Result<(), String> {
    | |___________________________^ method `history::catalog::<impl ir_generation_store::LocalSemanticGenerationFiles>::require_local_cache_head_alignment` is reachable at visibility `pub(crate)`
    |
note: but type `LocalHead` is only usable at visibility `pub(self)`
   --> crates/replication/src/ir_generation_store.rs:399:1
    |
399 | struct LocalHead {
    | ^^^^^^^^^^^^^^^^

warning: type `history::HistoryCommitRecord` is more private than the item `history::catalog::validate_commit_generation`
    --> crates/replication/src/ir_generation_store/history/catalog.rs:1054:1
     |
1054 | / pub(crate) fn validate_commit_generation(
1055 | |     commit: &HistoryCommitRecord,
1056 | |     generation: &GenerationRecord,
1057 | | ) -> Result<(), String> {
     | |_______________________^ function `history::catalog::validate_commit_generation` is reachable at visibility `pub(in crate::ir_generation_store)`
     |
note: but type `history::HistoryCommitRecord` is only usable at visibility `pub(self)`
    --> crates/replication/src/ir_generation_store/history/types.rs:1413:1
     |
1413 | struct HistoryCommitRecord {
     | ^^^^^^^^^^^^^^^^^^^^^^^^^^

warning: type `history::HistoryCommitRecord` is more private than the item `history::codec::load_history_commit`
    --> crates/replication/src/ir_generation_store/history/codec.rs:251:1
     |
 251 | / pub(crate) fn load_history_commit(
 252 | |     commits_root: &Path,
 253 | |     identity: HistoryCommitId,
 254 | | ) -> Result<HistoryCommitRecord, String> {
     | |________________________________________^ function `history::codec::load_history_commit` is reachable at visibility `pub(in crate::ir_generation_store)`
     |
note: but type `history::HistoryCommitRecord` is only usable at visibility `pub(self)`
    --> crates/replication/src/ir_generation_store/history/types.rs:1413:1
     |
1413 | struct HistoryCommitRecord {
     | ^^^^^^^^^^^^^^^^^^^^^^^^^^

warning: type `history::HistoryGcState` is more private than the item `read_history_gc_state`
    --> crates/replication/src/ir_generation_store/history/gc.rs:55:1
     |
  55 | pub(crate) fn read_history_gc_state(target_root: &Path) -> Result<Option<HistoryGcState>, String> {
     | ^^^^^^^^^^^^^^^^^^^^^^^^^^^^^^^^^^^^^^^^^^^^^^^^^^^^^^^^^^^^^^^^^^^^^^^^^^^^^^^^^^^^^^^^^^^^^^^^^ function `read_history_gc_state` is reachable at visibility `pub(in crate::ir_generation_store)`
     |
note: but type `history::HistoryGcState` is only usable at visibility `pub(self)`
    --> crates/replication/src/ir_generation_store/history/types.rs:1439:1
     |
1439 | struct HistoryGcState {
     | ^^^^^^^^^^^^^^^^^^^^^

warning: methods `manifest_root` and `plane_root` are never used
   --> crates/replication/src/ir_generation_store.rs:230:25
    |
201 | impl HistoricalSemanticPlaneBinding {
    | ----------------------------------- methods in this implementation
...
230 |     pub(crate) const fn manifest_root(self) -> SemanticManifestRoot {
    |                         ^^^^^^^^^^^^^
...
236 |     pub(crate) const fn plane_root(self) -> SemanticPlaneRoot {
    |                         ^^^^^^^^^^
    |
    = note: `#[warn(dead_code)]` (part of `#[warn(unused)]`) on by default

warning: method `commit` is never used
   --> crates/replication/src/ir_generation_store.rs:479:19
    |
414 | impl LocalSemanticGenerationFiles {
    | --------------------------------- method in this implementation
...
479 |     pub(super) fn commit<S: SelectedGenerationSource>(
    |                   ^^^^^^

warning: function `append_history_index_entry_typed` is never used
   --> crates/replication/src/ir_generation_store/history/codec.rs:679:15
    |
679 | pub(crate) fn append_history_index_entry_typed(
    |               ^^^^^^^^^^^^^^^^^^^^^^^^^^^^^^^^

warning: associated functions `from_produced` and `from_selected_native_history` are never used
   --> crates/replication/src/ir_generation_store/history/v3.rs:223:19
    |
219 | impl TypedV3HistoryLocator {
    | -------------------------- associated functions in this implementation
...
223 |     pub(crate) fn from_produced(
    |                   ^^^^^^^^^^^^^
...
233 |     pub(crate) fn from_selected_native_history(
    |                   ^^^^^^^^^^^^^^^^^^^^^^^^^^^^

warning: function `stage_typed_v3_locator_bytes` is never used
   --> crates/replication/src/ir_generation_store/history/v3.rs:501:4
    |
501 | fn stage_typed_v3_locator_bytes(
    |    ^^^^^^^^^^^^^^^^^^^^^^^^^^^^

warning: methods `stage_typed_v3_locator`, `finish_typed_v3_locator_admission`, and `typed_v3_locator` are never used
   --> crates/replication/src/ir_generation_store/history/v3.rs:665:19
    |
657 | impl LocalSemanticGenerationFiles {
    | --------------------------------- methods in this implementation
...
665 |     pub(crate) fn stage_typed_v3_locator(
    |                   ^^^^^^^^^^^^^^^^^^^^^^
...
689 |     pub(crate) fn finish_typed_v3_locator_admission(
    |                   ^^^^^^^^^^^^^^^^^^^^^^^^^^^^^^^^^
...
733 |     pub(crate) fn typed_v3_locator(
    |                   ^^^^^^^^^^^^^^^^

warning: method `matches_payload` is never used
   --> crates/replication/src/ir_hydration_store.rs:424:8
    |
306 | impl VerifiedMappedSemanticSegment {
    | ---------------------------------- method in this implementation
...
424 |     fn matches_payload(&mut self, expected: &[u8], scratch: &mut [u8]) -> Result<bool, String> {
    |        ^^^^^^^^^^^^^^^

warning: field `object` is never read
    --> crates/replication/src/ir_hydration_store/history_v2.rs:1126:5
     |
1124 | struct AdmittedTypedV2HistorySegment {
     |        ----------------------------- field in this struct
1125 |     claim: SemanticTypedPlaneSegmentClaimV2,
1126 |     object: ObjectId,
     |     ^^^^^^
     |
     = note: `AdmittedTypedV2HistorySegment` has a derived impl for the trait `Clone`, but this is intentionally ignored during dead code analysis

warning: fields `root_claim` and `metrics` are never read
   --> crates/replication/src/ir_hydration_store/history_v3.rs:550:5
    |
543 | pub(crate) struct TypedV3HistoryAdmission<'pin> {
    |                   ----------------------- fields in this struct
...
550 |     root_claim: HistoryTypedV3RootClaim,
    |     ^^^^^^^^^^
551 |     metrics: TypedV3HistoryAdmissionMetrics,
    |     ^^^^^^^

warning: methods `root_claim` and `metrics` are never used
   --> crates/replication/src/ir_hydration_store/history_v3.rs:563:25
    |
554 | impl TypedV3HistoryAdmission<'_> {
    | -------------------------------- methods in this implementation
...
563 |     pub(crate) const fn root_claim(&self) -> HistoryTypedV3RootClaim {
    |                         ^^^^^^^^^^
...
571 |     pub(crate) const fn metrics(&self) -> TypedV3HistoryAdmissionMetrics {
    |                         ^^^^^^^

warning: method `verify_produced_typed_v3` is never used
   --> crates/replication/src/ir_hydration_store/history_v3.rs:615:19
    |
584 | impl FileSemanticRangeStore {
    | --------------------------- method in this implementation
...
615 |     pub(crate) fn verify_produced_typed_v3<'pin>(
    |                   ^^^^^^^^^^^^^^^^^^^^^^^^

warning: method `open_identity` is never used
   --> crates/replication/src/ir_image_store.rs:665:19
    |
193 | impl LocalSemanticImageFiles {
    | ---------------------------- method in this implementation
...
665 |     pub(super) fn open_identity(
    |                   ^^^^^^^^^^^^^

warning: function `read_locator` is never used
    --> crates/replication/src/ir_image_store.rs:1170:4
     |
1170 | fn read_locator(
     |    ^^^^^^^^^^^^

warning: method `admissions` is never used
   --> crates/replication/src/ir_producer_store.rs:537:8
    |
515 | impl V3JumboAdmissionBuilder {
    | ---------------------------- method in this implementation
...
537 |     fn admissions(&self) -> &[DurableSemanticObjectAdmission] {
    |        ^^^^^^^^^^

warning: fields `segment_pins`, `jumbo_pin`, `encoding_metrics`, `segment_store_metrics`, `jumbo_store_metrics`, and `verifier_io_metrics` are never read
    --> crates/replication/src/ir_producer_store.rs:1499:5
     |
1493 | pub(crate) struct ProducedSelectedNativeTypedPlaneHistoryV3 {
     |                   ----------------------------------------- fields in this struct
...
1499 |     segment_pins: Vec<DurableSemanticObjectPin>,
     |     ^^^^^^^^^^^^
1500 |     jumbo_pin: DurableSemanticObjectPin,
     |     ^^^^^^^^^
1501 |     encoding_metrics: [CanonicalPlaneEncodingMetrics; TYPED_V2_FAMILY_COUNT],
     |     ^^^^^^^^^^^^^^^^
1502 |     segment_store_metrics: [SemanticProducerStoreMetrics; TYPED_V2_FAMILY_COUNT],
     |     ^^^^^^^^^^^^^^^^^^^^^
1503 |     jumbo_store_metrics: SemanticProducerStoreMetrics,
     |     ^^^^^^^^^^^^^^^^^^^
1504 |     verifier_io_metrics: SemanticProducerVerifierIoMetrics,
     |     ^^^^^^^^^^^^^^^^^^^

warning: methods `segment_pins` and `jumbo_pin` are never used
    --> crates/replication/src/ir_producer_store.rs:1528:19
     |
1507 | impl ProducedSelectedNativeTypedPlaneHistoryV3 {
     | ---------------------------------------------- methods in this implementation
...
1528 |     pub(crate) fn segment_pins(&self) -> &[DurableSemanticObjectPin] {
     |                   ^^^^^^^^^^^^
...
1532 |     pub(crate) const fn jumbo_pin(&self) -> &DurableSemanticObjectPin {
     |                         ^^^^^^^^^

warning: field `input_witness` is never read
    --> crates/replication/src/ir_producer_store.rs:1539:5
     |
1537 | struct TypedV3ProducedArtifacts {
     |        ------------------------ field in this struct
1538 |     image_facts: SemanticImageFacts,
1539 |     input_witness: SemanticInputWitness,
     |     ^^^^^^^^^^^^^

warning: function `produce_semantic_typed_plane_v3` is never used
    --> crates/replication/src/ir_producer_store.rs:1560:15
     |
1560 | pub(crate) fn produce_semantic_typed_plane_v3<Reader: SemanticReader + ?Sized>(
     |               ^^^^^^^^^^^^^^^^^^^^^^^^^^^^^^^

warning: method `evict_one` is never used
    --> crates/replication/src/ir_residency.rs:1991:8
     |
 665 | impl AdaptiveIrResidency {
     | ------------------------ method in this implementation
...
1991 |     fn evict_one(&mut self, only_unpinned: bool) -> bool {
     |        ^^^^^^^^^

warning: missing documentation for a variant
   --> crates/replication/src/ir_hydration_store/history_v2/residency.rs:285:5
    |
285 |     Resident(TypedV2HistoryResidentReplay<'cache>),
    |     ^^^^^^^^
    |
    = note: requested on the command line with `-W missing-docs`

warning: missing documentation for a variant
   --> crates/replication/src/ir_hydration_store/history_v2/residency.rs:286:5
    |
286 |     Cold(crate::TypedV2HistoryReplay),
    |     ^^^^

warning: `backend-replication` (lib) generated 100 warnings (run `cargo fix --lib -p backend-replication` to apply 73 suggestions)
   Compiling sha2 v0.10.9
   Compiling toml v0.8.23
   Compiling fs4 v0.13.1
   Compiling backend-advisory v0.1.0 (/Users/rmccrar6/.local/share/nudox/source-releases/f85fb905ddc499bcfe701812ab68e971f7aad097/source/crates/advisory)
   Compiling backend-compile v0.1.0 (/Users/rmccrar6/.local/share/nudox/source-releases/f85fb905ddc499bcfe701812ab68e971f7aad097/source/crates/compile)
warning: unused import: `std::path::Path`
  --> crates/compile/src/embedding_cache.rs:20:5
   |
20 | use std::path::Path;
   |     ^^^^^^^^^^^^^^^
   |
   = note: `#[warn(unused_imports)]` (part of `#[warn(unused)]`) on by default

warning: unnecessary qualification
   --> crates/compile/src/process/identity.rs:222:26
    |
222 |             .checked_add(std::mem::size_of::<u64>())
    |                          ^^^^^^^^^^^^^^^^^^^^^^^^
    |
    = note: requested on the command line with `-W unused-qualifications`
help: remove the unnecessary path segments
    |
222 -             .checked_add(std::mem::size_of::<u64>())
222 +             .checked_add(size_of::<u64>())
    |

warning: unnecessary qualification
   --> crates/compile/src/process/identity.rs:794:22
    |
794 |         .checked_add(std::mem::size_of::<u64>())
    |                      ^^^^^^^^^^^^^^^^^^^^^^^^
    |
help: remove the unnecessary path segments
    |
794 -         .checked_add(std::mem::size_of::<u64>())
794 +         .checked_add(size_of::<u64>())
    |

warning: methods `infer_inner`, `infer_inner_with_cancellation_flag`, `batch_request_fits`, `run_batch_v2`, and `run_persistent_batch_v2` are never used
    --> crates/compile/src/embedding.rs:2004:8
     |
1219 | impl EmbeddingExecutable {
     | ------------------------ methods in this implementation
...
2004 |     fn infer_inner(
     |        ^^^^^^^^^^^
...
2013 |     fn infer_inner_with_cancellation_flag(
     |        ^^^^^^^^^^^^^^^^^^^^^^^^^^^^^^^^^^
...
2175 |     fn batch_request_fits(&self, batch: &[(EmbeddingInputIdentity, &str)]) -> bool {
     |        ^^^^^^^^^^^^^^^^^^
...
2274 |     fn run_batch_v2(
     |        ^^^^^^^^^^^^
...
2395 |     fn run_persistent_batch_v2(
     |        ^^^^^^^^^^^^^^^^^^^^^^^
     |
     = note: `#[warn(dead_code)]` (part of `#[warn(unused)]`) on by default

warning: method `try_wait` is never used
   --> crates/compile/src/supervisor.rs:568:8
    |
533 | impl OwnedChild {
    | --------------- method in this implementation
...
568 |     fn try_wait(&mut self) -> Result<Option<ExitStatus>, ProcessError> {
    |        ^^^^^^^^

warning: field `path` is never read
    --> crates/compile/src/supervisor.rs:2600:5
     |
2599 | struct TempOutput {
     |        ---------- field in this struct
2600 |     path: PathBuf,
     |     ^^^^

warning: call to `.clone()` on a reference in this situation does nothing
    --> crates/compile/src/syntax.rs:1569:40
     |
1569 |             .unwrap_or_else(|| exported.clone());
     |                                        ^^^^^^^^ help: remove this redundant call
     |
     = note: the type `str` does not implement `Clone`, so calling `clone` on `&str` copies the reference, which does not do anything and can be removed
     = note: `#[warn(noop_method_call)]` on by default

warning: call to `.clone()` on a reference in this situation does nothing
    --> crates/compile/src/syntax.rs:1696:33
     |
1696 |                         exported.clone(),
     |                                 ^^^^^^^^ help: remove this redundant call
     |
     = note: the type `str` does not implement `Clone`, so calling `clone` on `&str` copies the reference, which does not do anything and can be removed

warning: call to `.clone()` on a reference in this situation does nothing
    --> crates/compile/src/syntax.rs:1708:33
     |
1708 |                         exported.clone(),
     |                                 ^^^^^^^^ help: remove this redundant call
     |
     = note: the type `str` does not implement `Clone`, so calling `clone` on `&str` copies the reference, which does not do anything and can be removed

warning: `backend-compile` (lib) generated 9 warnings (run `cargo fix --lib -p backend-compile` to apply 6 suggestions)
   Compiling backend-execution v0.1.0 (/Users/rmccrar6/.local/share/nudox/source-releases/f85fb905ddc499bcfe701812ab68e971f7aad097/source/crates/execution)
   Compiling backend-discovery v0.1.0 (/Users/rmccrar6/.local/share/nudox/source-releases/f85fb905ddc499bcfe701812ab68e971f7aad097/source/crates/discovery)
   Compiling allocation-counter v0.8.1
   Compiling backend-library v0.1.0 (/Users/rmccrar6/.local/share/nudox/source-releases/f85fb905ddc499bcfe701812ab68e971f7aad097/source/crates/library)
warning: unnecessary qualification
    --> crates/library/browse/tree.rs:1096:15
     |
1096 |         name: std::path::Path::new(&input.root).file_name().map_or_else(
     |               ^^^^^^^^^^^^^^^^^^^^
     |
     = note: requested on the command line with `-W unused-qualifications`
help: remove the unnecessary path segments
     |
1096 -         name: std::path::Path::new(&input.root).file_name().map_or_else(
1096 +         name: Path::new(&input.root).file_name().map_or_else(
     |

warning: unnecessary qualification
  --> crates/library/browse/tests.rs:23:10
   |
23 |         &crate::native_test_paths::localize_cargo_metadata(metadata),
   |          ^^^^^^^^^^^^^^^^^^^^^^^^^^^^^^^^^^^^^^^^^^^^^^^^^
   |
help: remove the unnecessary path segments
   |
23 -         &crate::native_test_paths::localize_cargo_metadata(metadata),
23 +         &native_test_paths::localize_cargo_metadata(metadata),
   |

warning: unnecessary qualification
   --> crates/library/package_graph.rs:438:29
    |
438 |         self.add_fact_bytes(std::mem::size_of::<PackageDependencySourceFacts>())?;
    |                             ^^^^^^^^^^^^^^^^^^^^^^^^^^^^^^^^^^^^^^^^^^^^^^^^^
    |
help: remove the unnecessary path segments
    |
438 -         self.add_fact_bytes(std::mem::size_of::<PackageDependencySourceFacts>())?;
438 +         self.add_fact_bytes(size_of::<PackageDependencySourceFacts>())?;
    |

warning: unnecessary qualification
   --> crates/library/package_graph.rs:478:41
    |
478 |                 let row_storage_bytes = std::mem::size_of::<PackageDependencyRecord>()
    |                                         ^^^^^^^^^^^^^^^^^^^^^^^^^^^^^^^^^^^^^^^^^^^^
    |
help: remove the unnecessary path segments
    |
478 -                 let row_storage_bytes = std::mem::size_of::<PackageDependencyRecord>()
478 +                 let row_storage_bytes = size_of::<PackageDependencyRecord>()
    |

warning: unnecessary qualification
    --> crates/library/package_graph.rs:1712:17
     |
1712 |                 std::mem::size_of::<PackageDependencySourceFacts>()
     |                 ^^^^^^^^^^^^^^^^^^^^^^^^^^^^^^^^^^^^^^^^^^^^^^^^^
     |
help: remove the unnecessary path segments
     |
1712 -                 std::mem::size_of::<PackageDependencySourceFacts>()
1712 +                 size_of::<PackageDependencySourceFacts>()
     |

warning: unnecessary qualification
    --> crates/library/package_graph.rs:1841:33
     |
1841 |         let reason_fact_bytes = std::mem::size_of::<PackageDependencySourceFacts>()
     |                                 ^^^^^^^^^^^^^^^^^^^^^^^^^^^^^^^^^^^^^^^^^^^^^^^^^
     |
help: remove the unnecessary path segments
     |
1841 -         let reason_fact_bytes = std::mem::size_of::<PackageDependencySourceFacts>()
1841 +         let reason_fact_bytes = size_of::<PackageDependencySourceFacts>()
     |

warning: unnecessary qualification
    --> crates/library/package_graph.rs:1888:38
     |
1888 |         let requirement_fact_bytes = std::mem::size_of::<PackageDependencySourceFacts>()
     |                                      ^^^^^^^^^^^^^^^^^^^^^^^^^^^^^^^^^^^^^^^^^^^^^^^^^
     |
help: remove the unnecessary path segments
     |
1888 -         let requirement_fact_bytes = std::mem::size_of::<PackageDependencySourceFacts>()
1888 +         let requirement_fact_bytes = size_of::<PackageDependencySourceFacts>()
     |

warning: unnecessary qualification
    --> crates/library/package_graph.rs:1890:15
     |
1890 |             + std::mem::size_of::<PackageDependencyRecord>()
     |               ^^^^^^^^^^^^^^^^^^^^^^^^^^^^^^^^^^^^^^^^^^^^
     |
help: remove the unnecessary path segments
     |
1890 -             + std::mem::size_of::<PackageDependencyRecord>()
1890 +             + size_of::<PackageDependencyRecord>()
     |

warning: unnecessary qualification
    --> crates/library/package_graph.rs:1929:13
     |
1929 |             std::mem::size_of::<PackageDependencySourceFacts>() + coordinate.as_str().len();
     |             ^^^^^^^^^^^^^^^^^^^^^^^^^^^^^^^^^^^^^^^^^^^^^^^^^
     |
help: remove the unnecessary path segments
     |
1929 -             std::mem::size_of::<PackageDependencySourceFacts>() + coordinate.as_str().len();
1929 +             size_of::<PackageDependencySourceFacts>() + coordinate.as_str().len();
     |

warning: unnecessary qualification
    --> crates/library/semantic_shape.rs:1503:47
     |
1503 |                     SemanticTypeExpr::Builtin(backend_semantic::ir::BuiltinType::Never),
     |                                               ^^^^^^^^^^^^^^^^^^^^^^^^^^^^^^^^^^^^^^^^
     |
help: remove the unnecessary path segments
     |
1503 -                     SemanticTypeExpr::Builtin(backend_semantic::ir::BuiltinType::Never),
1503 +                     SemanticTypeExpr::Builtin(BuiltinType::Never),
     |

warning: unnecessary qualification
    --> crates/library/semantic_shape.rs:1827:13
     |
1827 |             backend_semantic::ir::BuiltinType::Never,
     |             ^^^^^^^^^^^^^^^^^^^^^^^^^^^^^^^^^^^^^^^^
     |
help: remove the unnecessary path segments
     |
1827 -             backend_semantic::ir::BuiltinType::Never,
1827 +             BuiltinType::Never,
     |

warning: unnecessary qualification
    --> crates/library/surface.rs:2378:22
     |
2378 |         let source = crate::ForgeCoordinate::parse(self.forge_coordinate.as_str().to_owned())
     |                      ^^^^^^^^^^^^^^^^^^^^^^^^^^^^^
     |
help: remove the unnecessary path segments
     |
2378 -         let source = crate::ForgeCoordinate::parse(self.forge_coordinate.as_str().to_owned())
2378 +         let source = ForgeCoordinate::parse(self.forge_coordinate.as_str().to_owned())
     |

warning: unnecessary qualification
    --> crates/library/surface.rs:2715:23
     |
2715 |     pub dependencies: crate::DependencyFacts<Box<[crate::PackageDependencyRecord]>>,
     |                       ^^^^^^^^^^^^^^^^^^^^^^^^^^^^^^^^^^^^^^^^^^^^^^^^^^^^^^^^^^^^^
     |
help: remove the unnecessary path segments
     |
2715 -     pub dependencies: crate::DependencyFacts<Box<[crate::PackageDependencyRecord]>>,
2715 +     pub dependencies: DependencyFacts<Box<[crate::PackageDependencyRecord]>>,
     |

warning: unnecessary qualification
    --> crates/library/surface.rs:2715:51
     |
2715 |     pub dependencies: crate::DependencyFacts<Box<[crate::PackageDependencyRecord]>>,
     |                                                   ^^^^^^^^^^^^^^^^^^^^^^^^^^^^^^
     |
help: remove the unnecessary path segments
     |
2715 -     pub dependencies: crate::DependencyFacts<Box<[crate::PackageDependencyRecord]>>,
2715 +     pub dependencies: crate::DependencyFacts<Box<[PackageDependencyRecord]>>,
     |

warning: unnecessary qualification
    --> crates/library/surface.rs:2915:18
     |
2915 |     Dependencies(crate::DependencyFacts<Box<[crate::PackageDependencyRecord]>>),
     |                  ^^^^^^^^^^^^^^^^^^^^^^^^^^^^^^^^^^^^^^^^^^^^^^^^^^^^^^^^^^^^^
     |
help: remove the unnecessary path segments
     |
2915 -     Dependencies(crate::DependencyFacts<Box<[crate::PackageDependencyRecord]>>),
2915 +     Dependencies(DependencyFacts<Box<[crate::PackageDependencyRecord]>>),
     |

warning: unnecessary qualification
    --> crates/library/surface.rs:2915:46
     |
2915 |     Dependencies(crate::DependencyFacts<Box<[crate::PackageDependencyRecord]>>),
     |                                              ^^^^^^^^^^^^^^^^^^^^^^^^^^^^^^
     |
help: remove the unnecessary path segments
     |
2915 -     Dependencies(crate::DependencyFacts<Box<[crate::PackageDependencyRecord]>>),
2915 +     Dependencies(crate::DependencyFacts<Box<[PackageDependencyRecord]>>),
     |

warning: unnecessary qualification
    --> crates/library/surface.rs:3090:32
     |
3090 |             Self::Dependencies(crate::DependencyFacts::Known(v)) => v.len(),
     |                                ^^^^^^^^^^^^^^^^^^^^^^^^^^^^^
     |
help: remove the unnecessary path segments
     |
3090 -             Self::Dependencies(crate::DependencyFacts::Known(v)) => v.len(),
3090 +             Self::Dependencies(DependencyFacts::Known(v)) => v.len(),
     |

warning: unnecessary qualification
    --> crates/library/surface.rs:3328:32
     |
3328 |             Self::Dependencies(crate::DependencyFacts::Known(records)) => {
     |                                ^^^^^^^^^^^^^^^^^^^^^^^^^^^^^
     |
help: remove the unnecessary path segments
     |
3328 -             Self::Dependencies(crate::DependencyFacts::Known(records)) => {
3328 +             Self::Dependencies(DependencyFacts::Known(records)) => {
     |

warning: unnecessary qualification
    --> crates/library/surface.rs:3333:32
     |
3333 |             Self::Dependencies(crate::DependencyFacts::Unknown(reason))
     |                                ^^^^^^^^^^^^^^^^^^^^^^^^^^^^^^^
     |
help: remove the unnecessary path segments
     |
3333 -             Self::Dependencies(crate::DependencyFacts::Unknown(reason))
3333 +             Self::Dependencies(DependencyFacts::Unknown(reason))
     |

warning: unnecessary qualification
    --> crates/library/surface.rs:3334:34
     |
3334 |             | Self::Dependencies(crate::DependencyFacts::Unavailable(reason)) => text_bound(reason),
     |                                  ^^^^^^^^^^^^^^^^^^^^^^^^^^^^^^^^^^^
     |
help: remove the unnecessary path segments
     |
3334 -             | Self::Dependencies(crate::DependencyFacts::Unavailable(reason)) => text_bound(reason),
3334 +             | Self::Dependencies(DependencyFacts::Unavailable(reason)) => text_bound(reason),
     |

warning: unnecessary qualification
    --> crates/library/surface.rs:3515:37
     |
3515 | fn dependency_record_bound(record: &crate::PackageDependencyRecord) -> usize {
     |                                     ^^^^^^^^^^^^^^^^^^^^^^^^^^^^^^
     |
help: remove the unnecessary path segments
     |
3515 - fn dependency_record_bound(record: &crate::PackageDependencyRecord) -> usize {
3515 + fn dependency_record_bound(record: &PackageDependencyRecord) -> usize {
     |

warning: unnecessary qualification
   --> crates/library/wire/claim_index_tests.rs:341:28
    |
341 |             let admitted = super::reply::view_root_from_wire_with_admission(
    |                            ^^^^^^^^^^^^^^^^^^^^^^^^^^^^^^^^^^^^^^^^^^^^^^^^
    |
help: remove the unnecessary path segments
    |
341 -             let admitted = super::reply::view_root_from_wire_with_admission(
341 +             let admitted = view_root_from_wire_with_admission(
    |

warning: unnecessary qualification
   --> crates/library/wire/reply_semantic_shape.rs:522:9
    |
522 |         crate::WireSchema::SemanticShapeBatch,
    |         ^^^^^^^^^^^^^^^^^^^^^^^^^^^^^^^^^^^^^
    |
help: remove the unnecessary path segments
    |
522 -         crate::WireSchema::SemanticShapeBatch,
522 +         WireSchema::SemanticShapeBatch,
    |

warning: unnecessary qualification
   --> crates/library/wire/reply_semantic_shape.rs:894:9
    |
894 |         crate::WireSchema::SemanticShapeSource,
    |         ^^^^^^^^^^^^^^^^^^^^^^^^^^^^^^^^^^^^^^
    |
help: remove the unnecessary path segments
    |
894 -         crate::WireSchema::SemanticShapeSource,
894 +         WireSchema::SemanticShapeSource,
    |

warning: missing documentation for a struct field
   --> crates/library/cargo_source.rs:649:14
    |
649 |     Anchor { fragment: Box<str> },
    |              ^^^^^^^^^^^^^^^^^^
    |
    = note: requested on the command line with `-W missing-docs`

warning: missing documentation for a struct field
   --> crates/library/cargo_source.rs:652:9
    |
652 |         path: CargoPackageSourcePathV1,
    |         ^^^^^^^^^^^^^^^^^^^^^^^^^^^^^^

warning: missing documentation for a struct field
   --> crates/library/cargo_source.rs:653:9
    |
653 |         fragment: Option<Box<str>>,
    |         ^^^^^^^^^^^^^^^^^^^^^^^^^^

warning: missing documentation for a struct field
   --> crates/library/package_graph.rs:101:19
    |
101 |     SourceLimit { observed: usize, maximum: usize },
    |                   ^^^^^^^^^^^^^^^

warning: missing documentation for a struct field
   --> crates/library/package_graph.rs:101:36
    |
101 |     SourceLimit { observed: usize, maximum: usize },
    |                                    ^^^^^^^^^^^^^^

warning: missing documentation for a struct field
   --> crates/library/package_graph.rs:103:21
    |
103 |     FactByteLimit { observed: usize, maximum: usize },
    |                     ^^^^^^^^^^^^^^^

warning: missing documentation for a struct field
   --> crates/library/package_graph.rs:103:38
    |
103 |     FactByteLimit { observed: usize, maximum: usize },
    |                                      ^^^^^^^^^^^^^^

warning: missing documentation for a struct field
   --> crates/library/package_graph.rs:105:16
    |
105 |     RowLimit { observed: usize, maximum: usize },
    |                ^^^^^^^^^^^^^^^

warning: missing documentation for a struct field
   --> crates/library/package_graph.rs:105:33
    |
105 |     RowLimit { observed: usize, maximum: usize },
    |                                 ^^^^^^^^^^^^^^

warning: missing documentation for a struct field
   --> crates/library/package_graph.rs:107:24
    |
107 |     ReverseEdgeLimit { observed: usize, maximum: usize },
    |                        ^^^^^^^^^^^^^^^

warning: missing documentation for a struct field
   --> crates/library/package_graph.rs:107:41
    |
107 |     ReverseEdgeLimit { observed: usize, maximum: usize },
    |                                         ^^^^^^^^^^^^^^

warning: missing documentation for a struct field
   --> crates/library/package_graph.rs:109:25
    |
109 |     IndexKeyByteLimit { observed: usize, maximum: usize },
    |                         ^^^^^^^^^^^^^^^

warning: missing documentation for a struct field
   --> crates/library/package_graph.rs:109:42
    |
109 |     IndexKeyByteLimit { observed: usize, maximum: usize },
    |                                          ^^^^^^^^^^^^^^

warning: unreachable `pub` item
    --> crates/library/package_graph.rs:1305:5
     |
1305 |       pub fn dependencies<'a>(
     |       ^--
     |       |
     |  _____help: consider restricting its visibility: `pub(crate)`
     | |
1306 | |         &self,
1307 | |         facts: &'a [PackageDependencySourceFacts],
1308 | |         package: &PackageReference,
1309 | |     ) -> PackageDependencyLookup<'a> {
     | |____________________________________^
     |
     = note: requested on the command line with `-W unreachable-pub`

warning: unreachable `pub` item
    --> crates/library/package_graph.rs:1333:5
     |
1333 |       pub fn dependencies_for_source<'a>(
     |       ^--
     |       |
     |  _____help: consider restricting its visibility: `pub(crate)`
     | |
1334 | |         &self,
1335 | |         facts: &'a [PackageDependencySourceFacts],
1336 | |         source: &PackageGraphSourceKey,
1337 | |     ) -> Option<&'a DependencyFacts<Box<[PackageDependencyRecord]>>> {
     | |____________________________________________________________________^

warning: unreachable `pub` item
    --> crates/library/package_graph.rs:1346:5
     |
1346 |       pub fn dependent_sources(
     |       ^--
     |       |
     |  _____help: consider restricting its visibility: `pub(crate)`
     | |
1347 | |         &self,
1348 | |         facts: &[PackageDependencySourceFacts],
1349 | |         package: &PackageReference,
1350 | |     ) -> DependentSources {
     | |_________________________^

warning: missing documentation for a struct field
   --> crates/library/package_graph_page.rs:221:15
    |
221 |     Unknown { reason: Option<ProductText> },
    |               ^^^^^^^^^^^^^^^^^^^^^^^^^^^

warning: missing documentation for a struct field
   --> crates/library/package_graph_page.rs:223:19
    |
223 |     Unavailable { reason: ProductText },
    |                   ^^^^^^^^^^^^^^^^^^^

warning: missing documentation for a struct field
   --> crates/library/package_graph_page.rs:228:9
    |
228 |         reason: ProductText,
    |         ^^^^^^^^^^^^^^^^^^^

warning: missing documentation for a struct field
   --> crates/library/package_graph_page.rs:229:9
    |
229 |         unavailable: bool,
    |         ^^^^^^^^^^^^^^^^^

warning: missing documentation for a struct field
   --> crates/library/package_graph_page.rs:233:9
    |
233 |         sources: Box<[PackageGraphSourceKey]>,
    |         ^^^^^^^^^^^^^^^^^^^^^^^^^^^^^^^^^^^^^

warning: missing documentation for a method
   --> crates/library/rich_graph/delta.rs:150:5
    |
150 |     pub fn diff(&self, next: &Self) -> Result<RichGraphDelta, RichGraphError> {
    |     ^^^^^^^^^^^^^^^^^^^^^^^^^^^^^^^^^^^^^^^^^^^^^^^^^^^^^^^^^^^^^^^^^^^^^^^^^

warning: missing documentation for a struct field
   --> crates/library/semantic_shape.rs:571:19
    |
571 |     Rectangular { rank: std::num::NonZeroU16 },
    |                   ^^^^^^^^^^^^^^^^^^^^^^^^^^

warning: missing documentation for a struct field
   --> crates/library/semantic_shape.rs:573:18
    |
573 |     FixedValue { length: u64 },
    |                  ^^^^^^^^^^^

warning: missing documentation for a struct field
   --> crates/library/semantic_shape.rs:631:9
    |
631 |         key: SemanticPropertyKey,
    |         ^^^^^^^^^^^^^^^^^^^^^^^^

warning: missing documentation for a struct field
   --> crates/library/semantic_shape.rs:632:9
    |
632 |         ty: SemanticTypeFact,
    |         ^^^^^^^^^^^^^^^^^^^^

warning: missing documentation for a struct field
   --> crates/library/semantic_shape.rs:633:9
    |
633 |         optional: bool,
    |         ^^^^^^^^^^^^^^

warning: missing documentation for a struct field
   --> crates/library/semantic_shape.rs:634:9
    |
634 |         readonly: bool,
    |         ^^^^^^^^^^^^^^

warning: missing documentation for a struct field
   --> crates/library/semantic_shape.rs:638:9
    |
638 |         key: SemanticPropertyKey,
    |         ^^^^^^^^^^^^^^^^^^^^^^^^

warning: missing documentation for a struct field
   --> crates/library/semantic_shape.rs:639:9
    |
639 |         signature: SemanticTypeFact,
    |         ^^^^^^^^^^^^^^^^^^^^^^^^^^^

warning: missing documentation for a struct field
   --> crates/library/semantic_shape.rs:640:9
    |
640 |         optional: bool,
    |         ^^^^^^^^^^^^^^

warning: missing documentation for a struct field
   --> crates/library/semantic_shape.rs:644:9
    |
644 |         parameter: SourceAtomText,
    |         ^^^^^^^^^^^^^^^^^^^^^^^^^

warning: missing documentation for a struct field
   --> crates/library/semantic_shape.rs:645:9
    |
645 |         key: SemanticTypeFact,
    |         ^^^^^^^^^^^^^^^^^^^^^

warning: missing documentation for a struct field
   --> crates/library/semantic_shape.rs:646:9
    |
646 |         value: SemanticTypeFact,
    |         ^^^^^^^^^^^^^^^^^^^^^^^

warning: missing documentation for a struct field
   --> crates/library/semantic_shape.rs:647:9
    |
647 |         readonly: bool,
    |         ^^^^^^^^^^^^^^

warning: missing documentation for a struct field
   --> crates/library/semantic_shape.rs:702:19
    |
702 |     Unavailable { profile: LanguageProfile },
    |                   ^^^^^^^^^^^^^^^^^^^^^^^^

warning: missing documentation for a struct field
   --> crates/library/semantic_shape.rs:704:18
    |
704 |     CommonOnly { profile: LanguageProfile },
    |                  ^^^^^^^^^^^^^^^^^^^^^^^^

warning: missing documentation for a struct field
   --> crates/library/semantic_shape.rs:707:9
    |
707 |         profile: LanguageProfile,
    |         ^^^^^^^^^^^^^^^^^^^^^^^^

warning: missing documentation for a struct field
   --> crates/library/semantic_shape.rs:708:9
    |
708 |         facts: SemanticShapeLanguageFact,
    |         ^^^^^^^^^^^^^^^^^^^^^^^^^^^^^^^^

warning: missing documentation for a struct field
   --> crates/library/semantic_shape.rs:721:9
    |
721 |         kind: PythonParameterKind,
    |         ^^^^^^^^^^^^^^^^^^^^^^^^^

warning: missing documentation for a struct field
   --> crates/library/semantic_shape.rs:722:9
    |
722 |         confidence: Confidence,
    |         ^^^^^^^^^^^^^^^^^^^^^^

warning: missing documentation for a struct field
   --> crates/library/semantic_shape.rs:726:9
    |
726 |         nullability: CSharpNullability,
    |         ^^^^^^^^^^^^^^^^^^^^^^^^^^^^^^

warning: missing documentation for a struct field
   --> crates/library/semantic_shape.rs:727:9
    |
727 |         reference_kind: CSharpReferenceKind,
    |         ^^^^^^^^^^^^^^^^^^^^^^^^^^^^^^^^^^^

warning: missing documentation for a struct field
   --> crates/library/semantic_shape.rs:728:9
    |
728 |         is_async: bool,
    |         ^^^^^^^^^^^^^^

warning: missing documentation for a struct field
   --> crates/library/semantic_shape.rs:729:9
    |
729 |         is_iterator: bool,
    |         ^^^^^^^^^^^^^^^^^

warning: missing documentation for a struct field
   --> crates/library/semantic_shape.rs:730:9
    |
730 |         is_extension: bool,
    |         ^^^^^^^^^^^^^^^^^^

warning: missing documentation for a struct field
   --> crates/library/semantic_shape.rs:734:9
    |
734 |         declared: Option<Box<SemanticTypeFact>>,
    |         ^^^^^^^^^^^^^^^^^^^^^^^^^^^^^^^^^^^^^^^

warning: missing documentation for a struct field
   --> crates/library/semantic_shape.rs:735:9
    |
735 |         observed: Option<Box<SemanticTypeFact>>,
    |         ^^^^^^^^^^^^^^^^^^^^^^^^^^^^^^^^^^^^^^^

warning: missing documentation for a struct field
   --> crates/library/semantic_shape.rs:739:9
    |
739 |         throws: Box<[SemanticTypeFact]>,
    |         ^^^^^^^^^^^^^^^^^^^^^^^^^^^^^^^

warning: missing documentation for a struct field
   --> crates/library/semantic_shape.rs:740:9
    |
740 |         annotations: Box<[SourceAtomText]>,
    |         ^^^^^^^^^^^^^^^^^^^^^^^^^^^^^^^^^^

warning: missing documentation for a struct field
   --> crates/library/semantic_shape.rs:744:9
    |
744 |         is_const: bool,
    |         ^^^^^^^^^^^^^^

warning: missing documentation for a struct field
   --> crates/library/semantic_shape.rs:745:9
    |
745 |         is_volatile: bool,
    |         ^^^^^^^^^^^^^^^^^

warning: missing documentation for a struct field
   --> crates/library/semantic_shape.rs:746:9
    |
746 |         is_restrict: bool,
    |         ^^^^^^^^^^^^^^^^^

warning: missing documentation for a struct field
   --> crates/library/semantic_shape.rs:747:9
    |
747 |         size_bits: Option<u32>,
    |         ^^^^^^^^^^^^^^^^^^^^^^

warning: missing documentation for a struct field
   --> crates/library/semantic_shape.rs:748:9
    |
748 |         align_bits: Option<u32>,
    |         ^^^^^^^^^^^^^^^^^^^^^^^

warning: missing documentation for a struct field
   --> crates/library/source_discovery.rs:319:9
    |
319 |         timestamp: DiscoveryTimestamp,
    |         ^^^^^^^^^^^^^^^^^^^^^^^^^^^^^

warning: missing documentation for a struct field
   --> crates/library/source_discovery.rs:320:9
    |
320 |         commit_id: String,
    |         ^^^^^^^^^^^^^^^^^

warning: missing documentation for a struct field
   --> crates/library/source_discovery.rs:325:9
    |
325 |         sequence: u64,
    |         ^^^^^^^^^^^^^

warning: missing documentation for a struct field
   --> crates/library/source_discovery.rs:326:9
    |
326 |         revision: Option<String>,
    |         ^^^^^^^^^^^^^^^^^^^^^^^^

warning: missing documentation for a struct field
   --> crates/library/source_discovery.rs:327:9
    |
327 |         change_proof: [u8; 32],
    |         ^^^^^^^^^^^^^^^^^^^^^^

warning: missing documentation for a struct field
   --> crates/library/source_discovery.rs:485:5
    |
485 |     pub name: String,
    |     ^^^^^^^^^^^^^^^^

warning: missing documentation for a struct field
   --> crates/library/source_discovery.rs:486:5
    |
486 |     pub members: Vec<String>,
    |     ^^^^^^^^^^^^^^^^^^^^^^^^

warning: missing documentation for a struct field
   --> crates/library/source_discovery.rs:492:5
    |
492 |     pub name: String,
    |     ^^^^^^^^^^^^^^^^

warning: missing documentation for a struct field
   --> crates/library/source_discovery.rs:493:5
    |
493 |     pub requirement: String,
    |     ^^^^^^^^^^^^^^^^^^^^^^^

warning: missing documentation for a struct field
   --> crates/library/source_discovery.rs:495:5
    |
495 |     pub package: DiscoveryFacet<String>,
    |     ^^^^^^^^^^^^^^^^^^^^^^^^^^^^^^^^^^^

warning: missing documentation for a struct field
   --> crates/library/source_discovery.rs:497:5
    |
497 |     pub features: DiscoveryFacet<Vec<String>>,
    |     ^^^^^^^^^^^^^^^^^^^^^^^^^^^^^^^^^^^^^^^^^

warning: missing documentation for a struct field
   --> crates/library/source_discovery.rs:499:5
    |
499 |     pub optional: DiscoveryFacet<bool>,
    |     ^^^^^^^^^^^^^^^^^^^^^^^^^^^^^^^^^^

warning: missing documentation for a struct field
   --> crates/library/source_discovery.rs:501:5
    |
501 |     pub default_features: DiscoveryFacet<bool>,
    |     ^^^^^^^^^^^^^^^^^^^^^^^^^^^^^^^^^^^^^^^^^^

warning: missing documentation for a struct field
   --> crates/library/source_discovery.rs:503:5
    |
503 |     pub target: DiscoveryFacet<String>,
    |     ^^^^^^^^^^^^^^^^^^^^^^^^^^^^^^^^^^

warning: missing documentation for a struct field
   --> crates/library/source_discovery.rs:505:5
    |
505 |     pub kind: DiscoveryFacet<String>,
    |     ^^^^^^^^^^^^^^^^^^^^^^^^^^^^^^^^

warning: missing documentation for a struct field
   --> crates/library/source_discovery.rs:507:5
    |
507 |     pub registry: DiscoveryFacet<String>,
    |     ^^^^^^^^^^^^^^^^^^^^^^^^^^^^^^^^^^^^

warning: missing documentation for a struct field
   --> crates/library/source_discovery.rs:514:5
    |
514 |     pub checksum: String,
    |     ^^^^^^^^^^^^^^^^^^^^

warning: missing documentation for a struct field
   --> crates/library/source_discovery.rs:515:5
    |
515 |     pub schema_version: u32,
    |     ^^^^^^^^^^^^^^^^^^^^^^^

warning: missing documentation for a struct field
   --> crates/library/source_discovery.rs:517:5
    |
517 |     pub rust_version: DiscoveryFacet<String>,
    |     ^^^^^^^^^^^^^^^^^^^^^^^^^^^^^^^^^^^^^^^^

warning: missing documentation for a struct field
   --> crates/library/source_discovery.rs:519:5
    |
519 |     pub links: DiscoveryFacet<String>,
    |     ^^^^^^^^^^^^^^^^^^^^^^^^^^^^^^^^^

warning: missing documentation for a struct field
   --> crates/library/source_discovery.rs:521:5
    |
521 |     pub features: DiscoveryFacet<Vec<CratesSparseFeature>>,
    |     ^^^^^^^^^^^^^^^^^^^^^^^^^^^^^^^^^^^^^^^^^^^^^^^^^^^^^^

warning: missing documentation for a struct field
   --> crates/library/source_discovery.rs:523:5
    |
523 |     pub features2: DiscoveryFacet<Vec<CratesSparseFeature>>,
    |     ^^^^^^^^^^^^^^^^^^^^^^^^^^^^^^^^^^^^^^^^^^^^^^^^^^^^^^^

warning: missing documentation for a struct field
   --> crates/library/source_discovery.rs:525:5
    |
525 |     pub dependencies: DiscoveryFacet<Vec<CratesSparseDependency>>,
    |     ^^^^^^^^^^^^^^^^^^^^^^^^^^^^^^^^^^^^^^^^^^^^^^^^^^^^^^^^^^^^^

warning: missing documentation for a struct field
   --> crates/library/source_discovery.rs:708:5
    |
708 |     pub source: DiscoverySourceIdentity,
    |     ^^^^^^^^^^^^^^^^^^^^^^^^^^^^^^^^^^^

warning: missing documentation for a struct field
   --> crates/library/source_discovery.rs:709:5
    |
709 |     pub coordinate: PackageCoordinate,
    |     ^^^^^^^^^^^^^^^^^^^^^^^^^^^^^^^^^

warning: missing documentation for a struct field
   --> crates/library/source_discovery.rs:710:5
    |
710 |     pub standing: DiscoveryStanding,
    |     ^^^^^^^^^^^^^^^^^^^^^^^^^^^^^^^

warning: missing documentation for a struct field
   --> crates/library/source_discovery.rs:711:5
    |
711 |     pub observed_at: DiscoveryObservedAt,
    |     ^^^^^^^^^^^^^^^^^^^^^^^^^^^^^^^^^^^^

warning: missing documentation for a struct field
   --> crates/library/source_discovery.rs:714:5
    |
714 |     pub source_event_time: Option<String>,
    |     ^^^^^^^^^^^^^^^^^^^^^^^^^^^^^^^^^^^^^

warning: missing documentation for a struct field
   --> crates/library/source_discovery.rs:715:5
    |
715 |     pub proof: [u8; 32],
    |     ^^^^^^^^^^^^^^^^^^^

warning: missing documentation for a struct field
   --> crates/library/source_discovery.rs:731:5
    |
731 |     pub source: DiscoverySourceIdentity,
    |     ^^^^^^^^^^^^^^^^^^^^^^^^^^^^^^^^^^^

warning: missing documentation for a struct field
   --> crates/library/source_discovery.rs:732:5
    |
732 |     pub coordinate: PackageCoordinate,
    |     ^^^^^^^^^^^^^^^^^^^^^^^^^^^^^^^^^

warning: missing documentation for a struct field
   --> crates/library/source_discovery.rs:733:5
    |
733 |     pub full_fact_digest: [u8; 32],
    |     ^^^^^^^^^^^^^^^^^^^^^^^^^^^^^^

warning: missing documentation for a struct field
   --> crates/library/source_discovery.rs:805:5
    |
805 |     pub checksum: String,
    |     ^^^^^^^^^^^^^^^^^^^^

warning: missing documentation for a struct field
   --> crates/library/source_discovery.rs:806:5
    |
806 |     pub schema_version: u32,
    |     ^^^^^^^^^^^^^^^^^^^^^^^

warning: missing documentation for a struct field
   --> crates/library/source_discovery.rs:807:5
    |
807 |     pub rust_version: DiscoveryFacet<String>,
    |     ^^^^^^^^^^^^^^^^^^^^^^^^^^^^^^^^^^^^^^^^

warning: missing documentation for a struct field
   --> crates/library/source_discovery.rs:808:5
    |
808 |     pub links: DiscoveryFacet<String>,
    |     ^^^^^^^^^^^^^^^^^^^^^^^^^^^^^^^^^

warning: missing documentation for a struct field
   --> crates/library/source_discovery.rs:809:5
    |
809 |     pub features: DiscoveryFacet<u32>,
    |     ^^^^^^^^^^^^^^^^^^^^^^^^^^^^^^^^^

warning: missing documentation for a struct field
   --> crates/library/source_discovery.rs:810:5
    |
810 |     pub features2: DiscoveryFacet<u32>,
    |     ^^^^^^^^^^^^^^^^^^^^^^^^^^^^^^^^^^

warning: missing documentation for a struct field
   --> crates/library/source_discovery.rs:811:5
    |
811 |     pub dependencies: DiscoveryFacet<u32>,
    |     ^^^^^^^^^^^^^^^^^^^^^^^^^^^^^^^^^^^^^

warning: missing documentation for a struct field
   --> crates/library/source_discovery.rs:824:5
    |
824 |     pub aliases: DiscoveryFacet<u32>,
    |     ^^^^^^^^^^^^^^^^^^^^^^^^^^^^^^^^

warning: missing documentation for a struct field
   --> crates/library/source_discovery.rs:825:5
    |
825 |     pub description: DiscoveryFacet<DiscoveryMetadataDelivery<DiscoveryDescriptionText, u32>>,
    |     ^^^^^^^^^^^^^^^^^^^^^^^^^^^^^^^^^^^^^^^^^^^^^^^^^^^^^^^^^^^^^^^^^^^^^^^^^^^^^^^^^^^^^^^^^

warning: missing documentation for a struct field
   --> crates/library/source_discovery.rs:826:5
    |
826 |     pub keywords: DiscoveryFacet<u32>,
    |     ^^^^^^^^^^^^^^^^^^^^^^^^^^^^^^^^^

warning: missing documentation for a struct field
   --> crates/library/source_discovery.rs:827:5
    |
827 |     pub license: DiscoveryFacet<DiscoveryMetadataDelivery<SourceAtomText, u32>>,
    |     ^^^^^^^^^^^^^^^^^^^^^^^^^^^^^^^^^^^^^^^^^^^^^^^^^^^^^^^^^^^^^^^^^^^^^^^^^^^

warning: missing documentation for a struct field
   --> crates/library/source_discovery.rs:828:5
    |
828 |     pub published_at: DiscoveryFacet<DiscoveryMetadataDelivery<SourceAtomText, u32>>,
    |     ^^^^^^^^^^^^^^^^^^^^^^^^^^^^^^^^^^^^^^^^^^^^^^^^^^^^^^^^^^^^^^^^^^^^^^^^^^^^^^^^

warning: missing documentation for a struct field
   --> crates/library/source_discovery.rs:829:5
    |
829 |     pub deprecation: DiscoveryFacet<DiscoveryMetadataDelivery<SourceAtomText, u32>>,
    |     ^^^^^^^^^^^^^^^^^^^^^^^^^^^^^^^^^^^^^^^^^^^^^^^^^^^^^^^^^^^^^^^^^^^^^^^^^^^^^^^

warning: missing documentation for a struct field
   --> crates/library/source_discovery.rs:830:5
    |
830 |     pub yanked: DiscoveryFacet<bool>,
    |     ^^^^^^^^^^^^^^^^^^^^^^^^^^^^^^^^

warning: missing documentation for a struct field
   --> crates/library/source_discovery.rs:831:5
    |
831 |     pub advisories: DiscoveryFacet<u32>,
    |     ^^^^^^^^^^^^^^^^^^^^^^^^^^^^^^^^^^^

warning: missing documentation for a struct field
   --> crates/library/source_discovery.rs:832:5
    |
832 |     pub downloads: DiscoveryFacet<u64>,
    |     ^^^^^^^^^^^^^^^^^^^^^^^^^^^^^^^^^^

warning: missing documentation for a struct field
   --> crates/library/source_discovery.rs:833:5
    |
833 |     pub cargo_sparse: DiscoveryFacet<DiscoveryCargoSparseSummary>,
    |     ^^^^^^^^^^^^^^^^^^^^^^^^^^^^^^^^^^^^^^^^^^^^^^^^^^^^^^^^^^^^^

warning: missing documentation for a struct field
   --> crates/library/source_discovery.rs:900:5
    |
900 |     pub version: RegistryFactVersionId,
    |     ^^^^^^^^^^^^^^^^^^^^^^^^^^^^^^^^^^

warning: missing documentation for a struct field
   --> crates/library/source_discovery.rs:901:5
    |
901 |     pub standing: DiscoveryStanding,
    |     ^^^^^^^^^^^^^^^^^^^^^^^^^^^^^^^

warning: missing documentation for a struct field
   --> crates/library/source_discovery.rs:902:5
    |
902 |     pub source_event: DiscoverySourceEvent,
    |     ^^^^^^^^^^^^^^^^^^^^^^^^^^^^^^^^^^^^^^

warning: missing documentation for a struct field
   --> crates/library/source_discovery.rs:903:5
    |
903 |     pub source_event_time: Option<String>,
    |     ^^^^^^^^^^^^^^^^^^^^^^^^^^^^^^^^^^^^^

warning: missing documentation for a struct field
   --> crates/library/source_discovery.rs:904:5
    |
904 |     pub proof: [u8; 32],
    |     ^^^^^^^^^^^^^^^^^^^

warning: missing documentation for a struct field
   --> crates/library/source_discovery.rs:905:5
    |
905 |     pub metadata: DiscoveryFactMetadataSummary,
    |     ^^^^^^^^^^^^^^^^^^^^^^^^^^^^^^^^^^^^^^^^^^

warning: missing documentation for a struct field
   --> crates/library/source_discovery.rs:955:5
    |
955 |     pub version: RegistryFactVersionId,
    |     ^^^^^^^^^^^^^^^^^^^^^^^^^^^^^^^^^^

warning: missing documentation for a struct field
   --> crates/library/source_discovery.rs:956:5
    |
956 |     pub observed_at: DiscoveryObservedAt,
    |     ^^^^^^^^^^^^^^^^^^^^^^^^^^^^^^^^^^^^

warning: missing documentation for a variant
   --> crates/library/source_discovery.rs:979:5
    |
979 |     Aliases,
    |     ^^^^^^^

warning: missing documentation for a variant
   --> crates/library/source_discovery.rs:980:5
    |
980 |     Keywords,
    |     ^^^^^^^^

warning: missing documentation for a variant
   --> crates/library/source_discovery.rs:981:5
    |
981 |     Advisories,
    |     ^^^^^^^^^^

warning: missing documentation for a variant
   --> crates/library/source_discovery.rs:982:5
    |
982 |     AdvisoryAliases {
    |     ^^^^^^^^^^^^^^^

warning: missing documentation for a struct field
   --> crates/library/source_discovery.rs:983:9
    |
983 |         advisory_index: u32,
    |         ^^^^^^^^^^^^^^^^^^^

warning: missing documentation for a variant
   --> crates/library/source_discovery.rs:985:5
    |
985 |     AdvisoryFixedIn {
    |     ^^^^^^^^^^^^^^^

warning: missing documentation for a struct field
   --> crates/library/source_discovery.rs:986:9
    |
986 |         advisory_index: u32,
    |         ^^^^^^^^^^^^^^^^^^^

warning: missing documentation for a variant
   --> crates/library/source_discovery.rs:996:5
    |
996 |     CargoFeatures,
    |     ^^^^^^^^^^^^^

warning: missing documentation for a variant
   --> crates/library/source_discovery.rs:997:5
    |
997 |     CargoFeatureMembers {
    |     ^^^^^^^^^^^^^^^^^^^

warning: missing documentation for a struct field
   --> crates/library/source_discovery.rs:998:9
    |
998 |         feature_index: u32,
    |         ^^^^^^^^^^^^^^^^^^

warning: missing documentation for a variant
    --> crates/library/source_discovery.rs:1000:5
     |
1000 |     CargoFeatures2,
     |     ^^^^^^^^^^^^^^

warning: missing documentation for a variant
    --> crates/library/source_discovery.rs:1001:5
     |
1001 |     CargoFeatures2Members {
     |     ^^^^^^^^^^^^^^^^^^^^^

warning: missing documentation for a struct field
    --> crates/library/source_discovery.rs:1002:9
     |
1002 |         feature_index: u32,
     |         ^^^^^^^^^^^^^^^^^^

warning: missing documentation for a variant
    --> crates/library/source_discovery.rs:1004:5
     |
1004 |     CargoDependencies,
     |     ^^^^^^^^^^^^^^^^^

warning: missing documentation for a variant
    --> crates/library/source_discovery.rs:1005:5
     |
1005 |     CargoDependencyFeatures {
     |     ^^^^^^^^^^^^^^^^^^^^^^^

warning: missing documentation for a struct field
    --> crates/library/source_discovery.rs:1006:9
     |
1006 |         dependency_index: u32,
     |         ^^^^^^^^^^^^^^^^^^^^^

warning: missing documentation for a variant
    --> crates/library/source_discovery.rs:1015:5
     |
1015 |     Known,
     |     ^^^^^

warning: missing documentation for a variant
    --> crates/library/source_discovery.rs:1016:5
     |
1016 |     Absent,
     |     ^^^^^^

warning: missing documentation for a variant
    --> crates/library/source_discovery.rs:1017:5
     |
1017 |     Unknown,
     |     ^^^^^^^

warning: missing documentation for a struct field
    --> crates/library/source_discovery.rs:1036:5
     |
1036 |     pub name: String,
     |     ^^^^^^^^^^^^^^^^

warning: missing documentation for a struct field
    --> crates/library/source_discovery.rs:1037:5
     |
1037 |     pub requirement: String,
     |     ^^^^^^^^^^^^^^^^^^^^^^^

warning: missing documentation for a struct field
    --> crates/library/source_discovery.rs:1038:5
     |
1038 |     pub package: DiscoveryFacet<String>,
     |     ^^^^^^^^^^^^^^^^^^^^^^^^^^^^^^^^^^^

warning: missing documentation for a struct field
    --> crates/library/source_discovery.rs:1039:5
     |
1039 |     pub features: DiscoveryFacet<u32>,
     |     ^^^^^^^^^^^^^^^^^^^^^^^^^^^^^^^^^

warning: missing documentation for a struct field
    --> crates/library/source_discovery.rs:1040:5
     |
1040 |     pub optional: DiscoveryFacet<bool>,
     |     ^^^^^^^^^^^^^^^^^^^^^^^^^^^^^^^^^^

warning: missing documentation for a struct field
    --> crates/library/source_discovery.rs:1041:5
     |
1041 |     pub default_features: DiscoveryFacet<bool>,
     |     ^^^^^^^^^^^^^^^^^^^^^^^^^^^^^^^^^^^^^^^^^^

warning: missing documentation for a struct field
    --> crates/library/source_discovery.rs:1042:5
     |
1042 |     pub target: DiscoveryFacet<String>,
     |     ^^^^^^^^^^^^^^^^^^^^^^^^^^^^^^^^^^

warning: missing documentation for a struct field
    --> crates/library/source_discovery.rs:1043:5
     |
1043 |     pub kind: DiscoveryFacet<String>,
     |     ^^^^^^^^^^^^^^^^^^^^^^^^^^^^^^^^

warning: missing documentation for a struct field
    --> crates/library/source_discovery.rs:1044:5
     |
1044 |     pub registry: DiscoveryFacet<String>,
     |     ^^^^^^^^^^^^^^^^^^^^^^^^^^^^^^^^^^^^

warning: missing documentation for a struct field
    --> crates/library/source_discovery.rs:1052:5
     |
1052 |     pub id: String,
     |     ^^^^^^^^^^^^^^

warning: missing documentation for a struct field
    --> crates/library/source_discovery.rs:1053:5
     |
1053 |     pub aliases: DiscoveryFacet<u32>,
     |     ^^^^^^^^^^^^^^^^^^^^^^^^^^^^^^^^

warning: missing documentation for a struct field
    --> crates/library/source_discovery.rs:1054:5
     |
1054 |     pub summary: DiscoveryFacet<String>,
     |     ^^^^^^^^^^^^^^^^^^^^^^^^^^^^^^^^^^^

warning: missing documentation for a struct field
    --> crates/library/source_discovery.rs:1055:5
     |
1055 |     pub severity: DiscoveryFacet<String>,
     |     ^^^^^^^^^^^^^^^^^^^^^^^^^^^^^^^^^^^^

warning: missing documentation for a struct field
    --> crates/library/source_discovery.rs:1056:5
     |
1056 |     pub fixed_in: DiscoveryFacet<u32>,
     |     ^^^^^^^^^^^^^^^^^^^^^^^^^^^^^^^^^

warning: missing documentation for a variant
    --> crates/library/source_discovery.rs:1063:5
     |
1063 |     Text(String),
     |     ^^^^

warning: missing documentation for a variant
    --> crates/library/source_discovery.rs:1064:5
     |
1064 |     Advisory(DiscoveryAdvisorySummary),
     |     ^^^^^^^^

warning: missing documentation for a variant
    --> crates/library/source_discovery.rs:1065:5
     |
1065 |     CargoFeature { name: String, member_count: u32 },
     |     ^^^^^^^^^^^^

warning: missing documentation for a struct field
    --> crates/library/source_discovery.rs:1065:20
     |
1065 |     CargoFeature { name: String, member_count: u32 },
     |                    ^^^^^^^^^^^^

warning: missing documentation for a struct field
    --> crates/library/source_discovery.rs:1065:34
     |
1065 |     CargoFeature { name: String, member_count: u32 },
     |                                  ^^^^^^^^^^^^^^^^^

warning: missing documentation for a variant
    --> crates/library/source_discovery.rs:1066:5
     |
1066 |     CargoDependency(DiscoveryCargoDependencySummary),
     |     ^^^^^^^^^^^^^^^

warning: missing documentation for a struct field
    --> crates/library/source_discovery.rs:1156:5
     |
1156 |     pub version: RegistryFactVersionId,
     |     ^^^^^^^^^^^^^^^^^^^^^^^^^^^^^^^^^^

warning: missing documentation for a struct field
    --> crates/library/source_discovery.rs:1157:5
     |
1157 |     pub section: DiscoveryMetadataSection,
     |     ^^^^^^^^^^^^^^^^^^^^^^^^^^^^^^^^^^^^^

warning: missing documentation for a struct field
    --> crates/library/source_discovery.rs:1158:5
     |
1158 |     pub start_index: u32,
     |     ^^^^^^^^^^^^^^^^^^^^

warning: missing documentation for a struct field
    --> crates/library/source_discovery.rs:1159:5
     |
1159 |     pub facet_state: DiscoveryMetadataFacetState,
     |     ^^^^^^^^^^^^^^^^^^^^^^^^^^^^^^^^^^^^^^^^^^^^

warning: missing documentation for a struct field
    --> crates/library/source_discovery.rs:1162:5
     |
1162 |     pub rows: Vec<DiscoveryMetadataRow>,
     |     ^^^^^^^^^^^^^^^^^^^^^^^^^^^^^^^^^^^

warning: missing documentation for a struct field
    --> crates/library/source_discovery.rs:1163:5
     |
1163 |     pub next_cursor: Option<DiscoveryMetadataPageCursor>,
     |     ^^^^^^^^^^^^^^^^^^^^^^^^^^^^^^^^^^^^^^^^^^^^^^^^^^^^

warning: missing documentation for a variant
    --> crates/library/source_discovery.rs:1527:5
     |
1527 |     NotFound,
     |     ^^^^^^^^

warning: missing documentation for a variant
    --> crates/library/source_discovery.rs:1528:5
     |
1528 |     Pruned,
     |     ^^^^^^

warning: missing documentation for a variant
    --> crates/library/source_discovery.rs:1529:5
     |
1529 |     Busy,
     |     ^^^^

warning: missing documentation for a variant
    --> crates/library/source_discovery.rs:1530:5
     |
1530 |     Unavailable,
     |     ^^^^^^^^^^^

warning: missing documentation for a variant
    --> crates/library/source_discovery.rs:1531:5
     |
1531 |     InvalidCursor,
     |     ^^^^^^^^^^^^^

warning: missing documentation for a variant
    --> crates/library/source_discovery.rs:1532:5
     |
1532 |     Bounds,
     |     ^^^^^^

warning: missing documentation for a variant
    --> crates/library/source_discovery.rs:1533:5
     |
1533 |     Corrupt,
     |     ^^^^^^^

warning: missing documentation for a struct field
    --> crates/library/source_discovery.rs:1578:5
     |
1578 |     pub source: DiscoverySourceIdentity,
     |     ^^^^^^^^^^^^^^^^^^^^^^^^^^^^^^^^^^^

warning: missing documentation for a struct field
    --> crates/library/source_discovery.rs:1583:5
     |
1583 |     pub previous_cursor: DiscoveryCursor,
     |     ^^^^^^^^^^^^^^^^^^^^^^^^^^^^^^^^^^^^

warning: missing documentation for a struct field
    --> crates/library/source_discovery.rs:1584:5
     |
1584 |     pub next_cursor: DiscoveryCursor,
     |     ^^^^^^^^^^^^^^^^^^^^^^^^^^^^^^^^

warning: missing documentation for a struct field
    --> crates/library/source_discovery.rs:1590:5
     |
1590 |     pub observed_at: DiscoveryObservedAt,
     |     ^^^^^^^^^^^^^^^^^^^^^^^^^^^^^^^^^^^^

warning: missing documentation for a struct field
    --> crates/library/source_discovery.rs:1591:5
     |
1591 |     pub completeness: DiscoveryCompleteness,
     |     ^^^^^^^^^^^^^^^^^^^^^^^^^^^^^^^^^^^^^^^

warning: missing documentation for a struct field
    --> crates/library/source_discovery.rs:1592:5
     |
1592 |     pub facts: Vec<DiscoveryFact>,
     |     ^^^^^^^^^^^^^^^^^^^^^^^^^^^^^

warning: missing documentation for a struct field
    --> crates/library/source_discovery.rs:1604:5
     |
1604 |     pub source: DiscoverySourceIdentity,
     |     ^^^^^^^^^^^^^^^^^^^^^^^^^^^^^^^^^^^

warning: missing documentation for a struct field
    --> crates/library/source_discovery.rs:1605:5
     |
1605 |     pub previous_cursor: DiscoveryCursor,
     |     ^^^^^^^^^^^^^^^^^^^^^^^^^^^^^^^^^^^^

warning: missing documentation for a struct field
    --> crates/library/source_discovery.rs:1606:5
     |
1606 |     pub next_cursor: DiscoveryCursor,
     |     ^^^^^^^^^^^^^^^^^^^^^^^^^^^^^^^^

warning: missing documentation for a struct field
    --> crates/library/source_discovery.rs:1607:5
     |
1607 |     pub source_high_watermark: DiscoveryCursor,
     |     ^^^^^^^^^^^^^^^^^^^^^^^^^^^^^^^^^^^^^^^^^^

warning: missing documentation for a struct field
    --> crates/library/source_discovery.rs:1608:5
     |
1608 |     pub caught_up: bool,
     |     ^^^^^^^^^^^^^^^^^^^

warning: missing documentation for a struct field
    --> crates/library/source_discovery.rs:1609:5
     |
1609 |     pub observed_at: DiscoveryObservedAt,
     |     ^^^^^^^^^^^^^^^^^^^^^^^^^^^^^^^^^^^^

warning: missing documentation for a struct field
    --> crates/library/source_discovery.rs:1610:5
     |
1610 |     pub completeness: DiscoveryCompleteness,
     |     ^^^^^^^^^^^^^^^^^^^^^^^^^^^^^^^^^^^^^^^

warning: missing documentation for a struct field
    --> crates/library/source_discovery.rs:1611:5
     |
1611 |     pub facts: Vec<DiscoveryFact>,
     |     ^^^^^^^^^^^^^^^^^^^^^^^^^^^^^

warning: missing documentation for a struct field
    --> crates/library/source_discovery.rs:1612:5
     |
1612 |     pub package_retractions: Vec<DiscoveryPackageRetraction>,
     |     ^^^^^^^^^^^^^^^^^^^^^^^^^^^^^^^^^^^^^^^^^^^^^^^^^^^^^^^^

warning: unreachable `pub` item
  --> crates/library/surface.rs:23:1
   |
23 | pub const MAX_SEMANTIC_HISTORY_STATUS_DETAIL_BYTES: usize = 1024;
   | ---^^^^^^^^^^^^^^^^^^^^^^^^^^^^^^^^^^^^^^^^^^^^^^^^^^^^^^
   | |
   | help: consider restricting its visibility: `pub(crate)`
   |
   = help: or consider exporting it for use by other crates

warning: missing documentation for a struct field
   --> crates/library/surface.rs:456:20
    |
456 |     NotRequested { selection_id: [u8; 32] },
    |                    ^^^^^^^^^^^^^^^^^^^^^^

warning: missing documentation for a struct field
   --> crates/library/surface.rs:458:15
    |
458 |     Pending { selection_id: [u8; 32] },
    |               ^^^^^^^^^^^^^^^^^^^^^^

warning: missing documentation for a struct field
   --> crates/library/surface.rs:462:9
    |
462 |         selection_id: [u8; 32],
    |         ^^^^^^^^^^^^^^^^^^^^^^

warning: missing documentation for a struct field
   --> crates/library/surface.rs:463:9
    |
463 |         reason: String,
    |         ^^^^^^^^^^^^^^

warning: missing documentation for a struct field
   --> crates/library/surface.rs:467:9
    |
467 |         selection_id: [u8; 32],
    |         ^^^^^^^^^^^^^^^^^^^^^^

warning: missing documentation for a struct field
   --> crates/library/surface.rs:468:9
    |
468 |         commit: [u8; 32],
    |         ^^^^^^^^^^^^^^^^

warning: missing documentation for a struct field
   --> crates/library/surface.rs:469:9
    |
469 |         reference: String,
    |         ^^^^^^^^^^^^^^^^^

warning: missing documentation for a struct field
   --> crates/library/surface.rs:475:9
    |
475 |         selection_id: [u8; 32],
    |         ^^^^^^^^^^^^^^^^^^^^^^

warning: missing documentation for a struct field
   --> crates/library/surface.rs:476:9
    |
476 |         reason: String,
    |         ^^^^^^^^^^^^^^

warning: missing documentation for a struct field
   --> crates/library/surface.rs:479:18
    |
479 |     Superseded { selection_id: [u8; 32] },
    |                  ^^^^^^^^^^^^^^^^^^^^^^

warning: missing documentation for a struct field
   --> crates/library/surface.rs:493:15
    |
493 |     Current { input_digest: [u8; 32] },
    |               ^^^^^^^^^^^^^^^^^^^^^^

warning: missing documentation for a struct field
    --> crates/library/surface.rs:2119:9
     |
2119 |         observed_at_millis: u64,
     |         ^^^^^^^^^^^^^^^^^^^^^^^

warning: missing documentation for a struct field
    --> crates/library/surface.rs:2120:9
     |
2120 |         valid_until_millis: u64,
     |         ^^^^^^^^^^^^^^^^^^^^^^^

warning: missing documentation for a struct field
    --> crates/library/surface.rs:2123:18
     |
2123 |     Historical { observed_at_millis: u64 },
     |                  ^^^^^^^^^^^^^^^^^^^^^^^

warning: missing documentation for a struct field
    --> crates/library/surface.rs:2126:9
     |
2126 |         observed_at_millis: u64,
     |         ^^^^^^^^^^^^^^^^^^^^^^^

warning: missing documentation for a struct field
    --> crates/library/surface.rs:2127:9
     |
2127 |         valid_until_millis: u64,
     |         ^^^^^^^^^^^^^^^^^^^^^^^

warning: missing documentation for a struct field
    --> crates/library/surface.rs:2131:9
     |
2131 |         observed_at_millis: u64,
     |         ^^^^^^^^^^^^^^^^^^^^^^^

warning: missing documentation for a struct field
    --> crates/library/surface.rs:2132:9
     |
2132 |         historical: bool,
     |         ^^^^^^^^^^^^^^^^

warning: missing documentation for a struct field
    --> crates/library/surface.rs:2451:22
     |
2451 |     PackageVersion { coordinate: PackageCoordinate },
     |                      ^^^^^^^^^^^^^^^^^^^^^^^^^^^^^

warning: missing documentation for a struct field
    --> crates/library/surface.rs:2454:9
     |
2454 |         requested_revision: ForgeRevision,
     |         ^^^^^^^^^^^^^^^^^^^^^^^^^^^^^^^^^

warning: missing documentation for a struct field
    --> crates/library/surface.rs:2455:9
     |
2455 |         resolved_commit: ForgeObjectId,
     |         ^^^^^^^^^^^^^^^^^^^^^^^^^^^^^^

warning: `backend-library` (lib test) generated 225 warnings (run `cargo fix --lib -p backend-library --tests` to apply 28 suggestions)
    Finished `test` profile [unoptimized + debuginfo] target(s) in 5m 43s
     Running unittests lib.rs (/Users/rmccrar6/.local/share/nudox/build-receipts/validation-f85fb905ddc499bcfe701812ab68e971f7aad097/cargo-build-graph/.nudox-cargo/slot-0/debug/deps/backend_library-17cc37f7a455181e)

running 262 tests
test browse::cargo::source_tests::alternative_and_unrecognized_sources_keep_their_observed_authority ... ok
test browse::cargo::source_tests::filtered_resolve_graph_excludes_unreachable_packages_from_inactive_count ... ok
test browse::cargo::source_tests::git_source_identity_keeps_reference_and_resolved_commit ... ok
test browse::cargo::source_tests::indistinguishable_source_less_rows_keep_package_identity_partial ... ok
test browse::cargo::source_tests::locked_inactive_count_keeps_registry_packages_distinct_from_members_and_paths ... ok
test browse::cargo::source_tests::locked_inactive_distinguish_registry_authority_at_the_same_name_and_version ... ok
test browse::cargo::source_tests::lockfile_does_not_claim_source_less_local_paths_are_workspace_members ... ok
test browse::cargo::source_tests::lockfile_edges_keep_source_ids_and_refuse_ambiguous_name_versions ... ok
test browse::cargo::source_tests::lockfile_graph_keeps_same_git_url_releases_separate_by_commit ... ok
test browse::cargo::source_tests::lockfile_unqualified_or_bad_source_edges_remain_partial_without_unique_matches ... ok
test browse::cargo::source_tests::malformed_lockfile_source_is_not_treated_as_a_path ... ok
test browse::cargo::source_tests::metadata_and_tree_keep_git_commit_identity_for_the_same_url_release ... ok
test browse::cargo::source_tests::metadata_rejects_dangling_or_malformed_resolve_edges ... ok
test browse::cargo::source_tests::metadata_rejects_duplicate_package_and_resolve_identities ... ok
test browse::cargo::source_tests::pinned_cargo_197_metadata_uses_resolve_reachability_for_target_inventory ... ok
test browse::cargo::source_tests::cargo_generated_lockfile_unqualified_edge_uses_unique_registry_authority ... ok
test browse::tests::a_direct_dependency_is_marked_direct_and_a_transitive_one_is_not ... ok
test browse::tests::an_alternative_registry_does_not_inherit_crates_io_advisories ... ok
test browse::tests::a_name_and_version_without_authority_cannot_select_one_registry_package ... ok
test browse::tests::bincode_is_unmaintained_and_the_path_says_how_it_got_here ... ok
test browse::tests::counts_follow_the_selected_target_feature_resolution ... ok
test browse::tests::project_tree_request_binding_separates_subdirectory_from_effective_workspace ... ok
test browse::tests::owner_tree_binding_accepts_requested_subdirectory_and_rejects_other_projects ... ok
test browse::tests::roles_are_derived_from_what_packages_declare ... ok
test browse::tests::the_lockfile_alone_still_explains_the_tree ... ok
test browse::tests::with_no_advisory_source_nothing_is_claimed ... ok
test canonical::tests::admission_rejects_forged_context_and_preimage ... ok
test canonical::tests::admission_rejects_malformed_wire_claims_before_typed_use ... ok
test canonical::tests::canonical_rows_retain_typed_source_metadata ... ok
test canonical::tests::intent_identity_changes_with_operation_token_and_complete_payload ... ok
test canonical::tests::logical_values_round_trip_through_their_declared_admission ... ok
test canonical::tests::rows_that_state_no_facts_keep_their_canonical_bytes ... ok
test canonical::tests::stated_facts_are_an_append_only_suffix_that_commits_their_text ... ok
test capability::tests::compiler_authority_is_bound_to_profile_task_and_native_tool ... ok
test capability::tests::compiler_authority_rejects_a_family_profile_mismatch ... ok
test capability::tests::compiler_authority_rejects_a_mutated_package_scope_claim ... ok
test capability::tests::embedding_authority_identity_commits_every_compatibility_field ... ok
test capability::tests::embedding_authority_rejects_recipe_and_resource_bound_forgery ... ok
test capability::tests::inventory_is_bounded_sorted_and_explicit ... ok
test capability::tests::inventory_rejects_duplicate_profile_and_task_slots_even_with_new_ids ... ok
test cargo_aliases::tests::alias_bounds_report_truncation_and_reject_orphaned_wire_names ... ok
test cargo_aliases::tests::aliases_are_bound_to_each_exact_profile_observation ... ok
test cargo_aliases::tests::evidence_merge_stops_before_expanding_more_than_four_profiles ... ok
test cargo_aliases::tests::profile_merge_stops_at_the_fixed_observation_bound ... ok
test cargo_aliases::tests::selected_member_is_not_reused_for_a_different_requested_manifest ... ok
test cargo_aliases::tests::virtual_workspace_root_does_not_guess_a_member_alias ... ok
test cargo_source::tests::external_path_sources_use_opaque_display_labels ... ok
test cargo_source::tests::malformed_or_noncanonical_authorities_fail_closed ... ok
test cargo_source::tests::package_source_paths_reject_ambiguous_or_traversing_spellings ... ok
test cargo_source::tests::qualified_package_reference_round_trips_the_exact_authority_digest ... ok
test cargo_source::tests::readme_link_resolution_is_relative_bounded_and_root_scoped ... ok
test cargo_source::tests::readme_result_binds_exact_package_authority_path_and_content_digest ... ok
test cargo_source::tests::registry_sparse_git_query_commit_and_path_root_are_distinct ... ok
test cargo_source::tests::serde_rejects_a_tampered_authority_digest ... ok
test cargo_source::tests::source_qualified_reference_rejects_uncommitted_extra_qualifiers ... ok
test command::tests::compatibility_commands_lower_to_pinned_queries ... ok
test command::tests::compile_execution_defaults_to_the_latency_protecting_class ... ok
test command::tests::query_cursor_keeps_the_requested_continuation ... ok
test command::tests::query_limits_are_positive_and_bounded ... ok
test command::tests::query_manifest_is_part_of_the_bound_recipe ... ok
test cursor::tests::a_gap_requests_a_reset_instead_of_fabricating_deltas ... ok
test cursor::tests::branch_log_schema_are_part_of_cursor_identity ... ok
test cursor::tests::control_cursor_admission_rejects_root_schema_and_replay_mutations ... ok
test cursor::tests::event_cursor_kernel_advances_and_rewinds_across_intents ... ok
test cursor::tests::forged_view_event_ids_force_a_reset ... ok
test cursor::tests::owner_matching_allows_prior_sequence_but_rejects_foreign_frontiers ... ok
test cursor::tests::query_cursor_round_trips_only_against_its_owner ... ok
test cursor::tests::view_events_advance_observed_root_only_after_chain_validation ... ok
test delta::tests::conflicting_payload_with_same_id_is_rejected_and_original_retained ... ok
test delta::tests::duplicate_intents_are_idempotent ... ok
test delta::tests::every_delta_round_trips_through_admission ... ok
test delta::tests::intent_constructors_bind_operation_and_complete_payload ... ok
test delta::tests::wire_admission_rejects_wrong_length ... ok
test forge_identity::tests::coordinate_admission_checks_fields_as_well_as_digest ... ok
test interface::index_sync::layout_tests::manifest_lookup_directory_remains_compact ... ok
test native_test_paths::tests::only_path_fields_are_rewritten ... ok
test native_test_paths::tests::the_native_spelling_is_absolute_on_this_host ... ok
test package_graph::tests::admission_sorts_and_rejects_duplicate_fact_identities ... ok
test package_graph::tests::borrowed_checked_admission_rechecks_second_pass_payload_growth ... ok
test package_graph::tests::borrowed_graph_admission_handles_chained_source_boundaries ... ok
test package_graph::tests::borrowed_graph_admission_rechecks_stateful_clone_iterator_before_each_clone ... ok
test package_graph::tests::checked_graph_facts_cache_an_immutable_witness_and_track_mutations ... ok
test package_graph::tests::checked_graph_facts_reject_stale_duplicate_and_mismatched_rows ... ok
test package_graph::tests::collapse_cannot_hide_a_distinct_row_with_a_forged_fact_id ... ok
test package_graph::tests::collapse_preserves_scope_requirement_and_target_distinctions ... ok
test package_graph::tests::dependency_optional_is_false_for_development_build_and_peer ... ok
test package_graph::tests::fact_byte_admission_bounds_reasons_and_requirements_at_the_exact_limit ... ok
test package_graph::tests::facts_identity_changes_for_each_graph_field ... ok
test package_graph::tests::facts_identity_frames_ambiguous_adjacent_strings ... ok
test package_graph::tests::facts_identity_includes_requirement_and_source_evidence ... ok
test package_graph::tests::graph_facts_witness_is_order_independent_and_detects_stale_ids ... ok
test package_graph::tests::graph_index_admission_rejects_each_aggregate_without_truncating_facts ... ok
test package_graph::tests::indexed_checked_graph_queries_match_independent_forward_and_linear_oracles ... ok
test package_graph::tests::legacy_dependency_fact_identities_are_rejected_for_refetch ... ok
test package_graph::tests::package_source_adapter_uses_the_shared_selection_policy ... ok
test package_graph::tests::qualified_reverse_dependents_keep_exact_edges_and_report_unresolved_authority ... ok
test package_graph::tests::reverse_index_matches_linear_scan_across_seeded_graphs ... ok
test package_graph::tests::reverse_index_matches_the_linear_scan_on_adversarial_edges ... ok
test package_graph::tests::same_coordinate_from_two_registries_stays_distinct_and_forge_cannot_impersonate_one ... ok
test package_graph::tests::unknown_and_unavailable_are_distinct_wire_states ... ok
test browse::tests::toml_is_here_twice_and_each_copy_has_its_own_reason ... ok
test package_graph_page::tests::authority_selector_round_trips_typed_source_identities ... ok
test package_graph_page::tests::catalog_snapshot_and_query_recipe_are_admitted_across_pages ... ok
test package_graph_page::tests::checked_facts_authenticate_forward_page_membership_state_and_source ... ok
test package_graph_page::tests::checked_facts_authenticate_reverse_pages_and_keyset_continuations ... ok
test package_graph_page::tests::cursor_recipe_binds_coordinate_direction_authority_and_limit ... ok
test package_graph_page::tests::known_empty_remains_distinct_from_unknown_and_unavailable ... ok
test package_graph_page::tests::page_from_another_indexed_snapshot_is_rejected_as_a_facts_mismatch ... ok
test package_graph_page::tests::page_rejects_mutated_edge_payload_under_original_identity ... ok
test package_graph_page::tests::qualified_reverse_page_keeps_only_exact_edges_and_marks_unresolved_coverage ... ok
test package_graph_page::tests::request_admission_bounds_pages_and_direction_specific_authority ... ok
test package_graph_page::tests::reverse_page_coverage_matches_an_independent_canonical_scan ... ok
test package_graph_page::tests::unknown_and_unavailable_pages_cannot_smuggle_rows ... ok
test protocol::json::wire::scalar::tests::language_wire_projection_covers_the_closed_vocab ... ok
test protocol::mcp::tests::a_malformed_frame_keeps_the_identity_it_carried ... ok
test protocol::mcp::tests::an_unknown_method_is_named_rather_than_guessed ... ok
test protocol::mcp::tests::call_decodes_its_name_arguments_and_progress_token ... ok
test protocol::mcp::tests::version_negotiation_offers_the_server_revision_for_anything_unknown ... ok
test registry_forge::tests::ambiguous_association_requires_distinct_candidates ... ok
test registry_forge::tests::canonical_wire_rejects_reordered_or_whitespace_json ... ok
test registry_forge::tests::resolved_association_is_content_identified_and_round_trips ... ok
test registry_forge::tests::source_file_blobs_allow_distinct_paths_but_reject_duplicate_paths_or_ids ... ok
test registry_forge::tests::source_file_frontier_keeps_inline_head_bounded_but_commits_complete_root ... ok
test registry_forge::tests::unavailable_private_and_auth_failed_states_remain_typed ... ok
test registry_native::tests::cargo_features_must_be_lexically_sorted ... ok
test registry_native::tests::cargo_native_admission_rejects_impossible_publication_date ... ok
test registry_native::tests::cargo_publish_time_requires_exact_valid_utc_calendar ... ok
test registry_native::tests::checksum_width_is_admitted_before_publication ... ok
test registry_native::tests::identity_changes_when_a_native_fact_changes ... ok
test registry_native::tests::recorded_metadata_round_trips_the_canonical_binary_shape ... ok
test registry_native::tests::unavailable_metadata_round_trips_and_has_stable_identity ... ok
test rich_graph::tests::borrowed_rich_graph_matches_cloned_rows_without_filling_the_cache ... ok
test rich_graph::tests::cancellation_is_bounded_and_preserves_exact_revision ... ok
test rich_graph::tests::from_view_rejects_relation_endpoint_outside_root ... ok
test rich_graph::tests::graph_reconstruction_and_delta_are_inverse_laws ... ok
test rich_graph::tests::high_fanout_graphs_remain_page_bounded ... ok
test rich_graph::tests::ids_are_stable_and_relation_families_are_distinct ... ok
test rich_graph::tests::package_edges_keep_requirement_and_reverse_dependent_direction ... ok
test rich_graph::tests::route_serialization_keeps_generation_root_and_layout_seed ... ok
test rich_graph::tests::stale_roots_and_foreign_cursors_are_rejected ... ok
test semantic_shape::tests::callable_binding_identities_share_the_shape_node_and_byte_budgets ... ok
test semantic_shape::tests::callable_bindings_preserve_unavailable_empty_and_complete_states ... ok
test semantic_shape::tests::positive_and_selection_level_unavailable_facts_need_distinct_provenance ... ok
test semantic_shape::tests::product_walk_preserves_whitespace_in_exact_compiler_text ... ok
test semantic_shape::tests::public_product_summary_checks_the_batch_bound_before_traversal ... ok
test semantic_shape::tests::response_admission_preserves_exact_root_source_and_selector_order ... ok
test semantic_shape::tests::response_admission_rejects_a_different_source_freshness ... ok
test semantic_shape::tests::response_admission_rejects_language_facts_for_another_profile ... ok
test semantic_shape::tests::response_walk_counts_language_annotation_nodes ... FAILED
test semantic_shape::tests::response_walk_rejects_a_type_graph_deeper_than_the_shared_limit ... ok
test semantic_shape::tests::shared_product_walk_counts_nested_facts_and_collects_nominal_selectors_once ... ok
test semantic_shape::tests::source_witness_commits_freshness_but_excludes_history_sidecar ... ok
test source_atom::tests::exact_atom_text_rejects_oversized_and_non_string_wire_values ... ok
test source_atom::tests::exact_atom_text_round_trips_empty_whitespace_nul_and_unicode ... ok
test package_graph::tests::warm_reverse_lookup_beats_a_full_fact_scan ... ok
test source_discovery::source_discovery_tests::description_text_retains_exact_bounded_values_and_rejects_nul ... ok
test source_discovery::source_discovery_tests::event_ordering_timestamps_are_normalized_and_deserialization_is_validated ... ok
test source_discovery::source_discovery_tests::metadata_cursors_bind_version_section_and_exact_page_continuation ... ok
test source_discovery::source_discovery_tests::metadata_pages_preserve_unknown_absent_and_known_empty ... ok
test source_discovery::source_discovery_tests::npm_and_nuget_require_typed_events_or_explicit_snapshots ... ok
test source_discovery::source_discovery_tests::reference_only_collection_counts_preserve_unknown_absent_and_known_zero ... ok
test source_discovery::source_discovery_tests::referenced_text_row_byte_count_matches_the_public_page_row_encoding ... ok
test source_discovery::source_discovery_tests::source_scalar_and_advisory_empty_facets_survive_summary_and_detail_admission ... ok
test source_discovery::source_discovery_tests::version_and_batch_admission_share_the_semantic_coordinate_bound ... ok
test source_discovery::source_discovery_tests::version_identity_excludes_freshness_and_covers_all_fact_content ... ok
test surface::tests::advisory_command_and_reply_round_trip_with_safe_unknown_state ... ok
test surface::tests::durable_index_operation_key_and_receipt_use_checked_hex_identities ... ok
test surface::tests::json_status_budget_counts_encoded_bytes_without_underestimating ... ok
test surface::tests::operation_receipt_admission_rejects_malformed_embedded_cursor_identities ... ok
test surface::tests::operation_receipt_rejects_unbound_root_or_unbounded_cursor ... ok
test surface::tests::owner_index_job_contract_round_trips_with_project_bound_terminal ... ok
test surface::tests::partial_registry_metadata_survives_wire_and_admission_with_zero_observed_rows ... ok
test surface::tests::registry_download_coverage_round_trips_as_a_typed_state ... ok
test tests::atomic_patch_updates_multiple_rows_in_one_committed_frontier_step ... ok
test source_discovery::source_discovery_tests::batch_limit_counts_the_exact_versioned_transaction_envelope ... ok
test tests::bounded_query_continuation_is_bound_to_the_snapshot_view ... ok
test tests::changed_documents_are_retested_and_local_only_matches_enter_search ... ok
test tests::cold_index_build_does_not_retain_a_second_copy_of_all_rows ... ok
test tests::complete_coverage_requires_a_producer_capability_at_root_construction ... ok
test tests::default_library_stays_unavailable_until_a_producer_admits_coverage ... ok
test tests::document_only_row_changes_are_visible_in_root_and_delta_identity ... ok
test tests::document_projection_uses_the_complete_row_document ... ok
test tests::duplicate_intents_are_idempotent_and_emit_one_event ... ok
test tests::forged_committed_coverage_and_frontier_are_rejected ... ok
test tests::forged_relation_delta_id_is_rejected_on_apply ... ok
test tests::graph_query_uses_the_retained_parent_child_arrangement ... ok
test tests::incrementally_admitted_result_slot_is_excluded_the_same_as_a_full_rebuild ... ok
test tests::name_search_excludes_only_the_synthetic_result_slot ... ok
test tests::names_documents_and_outlines_are_pinned_to_one_basis ... ok
test tests::one_scalar_query_seeks_its_posting_instead_of_scanning_the_corpus ... ok
test tests::outlines_are_package_scoped_and_follow_parent_links ... ok
test tests::package_outline_and_graph_pages_share_root_and_query_bound_continuations ... ok
test tests::query_results_keep_stable_row_identity_when_rank_changes ... ok
test tests::references_name_sites_from_compiler_facts_against_the_selected_view ... ok
test tests::remove_reset_and_coverage_transitions_are_checked_and_consumed ... ok
test tests::repeated_queries_seek_prebuilt_arrangements_and_sort_only_the_bounded_page ... ok
test tests::semantic_diff_rejects_relation_evidence_attached_to_the_wrong_side ... ok
test tests::semantic_diff_wire_preserves_typed_evidence_and_enforces_the_nested_bound ... ok
test tests::sequential_one_row_edits_do_not_retain_a_view_history_chain ... ok
test tests::subscriptions_bind_the_recipe_and_source_stream ... ok
test tests::view_frontier_is_bound_to_the_flow_relation_root ... ok
test tests::view_root_commitment_includes_basis_frontier_and_coverage ... ok
test tests::view_transition_consumes_preparation_and_binds_root ... ok
test tests::view_transition_rejects_unrelated_producer_scope ... ok
test view::root::tests::label_index_keeps_the_earliest_row_and_skips_the_owned_cache ... ok
test view::root::tests::label_lookup_skips_cloned_row_bodies ... ok
test view::root::tests::one_hundred_thousand_row_reset_hydrates_bounded_pages_and_rechecks_root ... ok
test view::root::tests::package_labels_keep_first_and_last_without_materializing_rows ... ok
test view::root::tests::page_seek_is_root_bound_and_never_materializes_the_compatibility_slice ... ok
test view::root::tests::reset_descriptor_rejects_missing_or_mutated_pages ... ok
test view::root::tests::row_refs_borrow_without_filling_the_owned_cache ... ok
test view::root::tests::symbol_commitment_seek_matches_a_cloned_row_scan ... ok
test wire::claim_index_tests::a_replaced_claim_list_is_never_answered_from_the_old_index ... ok
test wire::claim_index_tests::every_index_regime_reproduces_the_scanning_goldens ... ok
test wire::claim_index_tests::live_frame_admission_cost ... ignored, measurement over a local journal frame; set NUDOX_LIVE_VIEW_FRAME
test wire::claim_index_tests::small_frame_admission_matches_its_pinned_golden ... ok
test wire::claim_index_tests::small_frame_lookups_match_their_pinned_golden ... ok
test wire::codec::tests::command_request_id_refuses_invalid_and_oversized_envelopes ... ok
test wire::codec::tests::reply_codec_keeps_certificate_and_identity_free_error_paths ... ok
test wire::codec::tests::reply_decoders_reject_oversized_bodies_before_json_or_verification ... ok
test wire::reply::reply_semantic_shape::admission_tests::callable_carrier_bindings_round_trip_all_capture_states ... ok
test wire::reply::reply_semantic_shape::admission_tests::callable_carrier_wire_preflight_checks_alignment_and_shared_node_budget ... ok
test wire::reply::reply_semantic_shape::admission_tests::closed_nested_wire_states_reject_invalid_codes_and_impossible_payloads ... ok
test wire::reply::reply_semantic_shape::admission_tests::wire_enum_decoder_rejects_unknown_builtin_codes ... ok
test wire::reply::reply_semantic_shape::admission_tests::wire_preflight_counts_structural_member_edges_in_depth ... ok
test wire::reply::reply_semantic_shape::admission_tests::wire_preflight_rejects_deep_type_graphs_before_typed_expansion ... ok
test wire::reply::reply_semantic_shape::admission_tests::wire_preflight_rejects_node_and_byte_overruns ... ok
test wire::reply_capability::tests::embedding_capability_wire_rejects_a_forged_claimed_identity ... ok
test wire::reply_capability::tests::embedding_capability_wire_round_trip_preserves_canonical_recipe ... ok
test wire::reply_coverage::tests::partial_coverage_round_trips_its_lane ... ok
test wire::reply_failure::tests::every_command_failure_round_trips ... ok
test wire::tests::add_execution_intent_has_one_strict_canonical_wire_spelling ... ok
test wire::tests::authenticated_verifier_mints_only_from_the_exact_wire_observation ... ok
test wire::tests::certified_subscription_rejects_wrong_root_schema_producer_and_replay ... ok
test wire::tests::command_body_and_text_limits_are_enforced_by_the_shared_decoder ... ok
test wire::tests::command_dto_rejects_unknown_fields ... ok
test wire::tests::command_dto_round_trips_every_command_variant ... ok
test wire::tests::compact_subscription_one_row_update_stays_bounded_on_a_large_view ... ok
test wire::tests::compact_view_event_is_delta_sized_and_replays_against_the_retained_root ... ok
test wire::tests::complete_view_projection_is_the_single_root_cursor_admission ... ok
test wire::tests::declaration_facts_cross_the_wire_with_their_text ... ok
test wire::tests::document_and_outline_wire_bind_the_complete_source_basis ... ok
test wire::tests::dto_versions_and_outer_fields_are_strict ... ok
test wire::tests::event_dto_round_trips_a_checked_view_transition ... ok
test wire::tests::expected_decode_rejects_forged_hash_and_context_claims ... ok
test wire::tests::forged_same_scope_certificate_cannot_mint_complete_coverage ... ok
test wire::tests::graph_query_continuation_decodes_only_against_its_owner_cursor ... ok
test wire::tests::occurrence_disambiguated_row_identity_is_admitted_from_its_explicit_preimage ... ok
test wire::tests::paged_reset_descriptor_keeps_root_certificate_constant_and_admits_final_rows ... ok
test wire::tests::query_read_manifests_survive_the_strict_wire_round_trip ... ok
test wire::tests::readiness_round_trip_carries_no_view_rows ... ok
test wire::tests::reply_and_view_dtos_round_trip_every_reply_variant ... ok
test wire::tests::row_identity_witness_is_bounded_before_ownership_and_root_rechecks_the_digest ... ok
test wire::tests::search_reply_round_trips_semantic_lane_status_without_rewriting_lexical_rows ... ok
test wire::tests::selected_symbol_request_is_a_commitment_bound_locator ... ok
test wire::tests::semantic_link_target_uses_the_admitted_producer_commitment ... ok
test wire::tests::semantic_shape_reply_round_trips_exact_image_at_depth_limit_and_rejects_bad_id ... ok
test wire::tests::shared_reply_admission_requires_one_exact_producer_projection ... ok
test wire::tests::shared_request_admission_keeps_text_bounds_out_of_process_clients ... ok
test wire::tests::subscription_projection_rejects_cursor_mutation_and_unknown_fields ... ok
test wire::tests::subscription_projection_rejects_replayed_reset_and_incomplete_producer_root ... ok
test tests::borrowed_reference_labels_match_cloned_rows ... ok

failures:

---- semantic_shape::tests::response_walk_counts_language_annotation_nodes stdout ----

thread 'semantic_shape::tests::response_walk_counts_language_annotation_nodes' (39198885) panicked at crates/library/semantic_shape.rs:1470:10:
fixture request: InvalidSource
note: run with `RUST_BACKTRACE=1` environment variable to display a backtrace


failures:
    semantic_shape::tests::response_walk_counts_language_annotation_nodes

test result: FAILED. 260 passed; 1 failed; 1 ignored; 0 measured; 0 filtered out; finished in 3.06s

error: test failed, to rerun pass `-p backend-library --lib`
nudox cargo: provenance /Users/rmccrar6/.local/share/nudox/build-receipts/validation-f85fb905ddc499bcfe701812ab68e971f7aad097/cargo-target/.nudox-provenance/1791125570942211000-95578.json
