warning: resolver for the non root package will be ignored, specify resolver at the workspace root:
package:   /root/codex-worktrees/sol61-go-rust-public-tails-20261008/vendor/gpui_ce_components/Cargo.toml
workspace: /root/codex-worktrees/sol61-go-rust-public-tails-20261008/Cargo.toml
   Compiling serde_core v1.0.229
   Compiling aho-corasick v1.1.5
   Compiling serde v1.0.229
   Compiling smallvec v1.16.0
   Compiling serde_json v1.0.151
   Compiling icu_normalizer v2.3.0
   Compiling regex-automata v0.4.18
   Compiling parking_lot_core v0.9.12
   Compiling icu_collator v2.3.1
   Compiling parking_lot v0.12.5
   Compiling either v1.18.0
   Compiling arrayvec v0.7.8
   Compiling blake3 v1.8.7
   Compiling time v0.3.55
   Compiling matchers v0.2.0
   Compiling tracing-subscriber v0.3.23
   Compiling regex v1.13.1
   Compiling backend-platform v0.2.0 (/root/codex-worktrees/sol61-go-rust-public-tails-20261008/crates/platform)
   Compiling backend-version v0.2.0 (/root/codex-worktrees/sol61-go-rust-public-tails-20261008/crates/version)
   Compiling turso_core v0.8.0-pre.11
   Compiling tracing-appender v0.2.5
   Compiling backend-store v0.2.0 (/root/codex-worktrees/sol61-go-rust-public-tails-20261008/crates/store)
   Compiling backend-flow v0.2.0 (/root/codex-worktrees/sol61-go-rust-public-tails-20261008/crates/flow)
   Compiling memmap2 v0.9.11
   Compiling hashbrown v0.17.1
   Compiling indexmap v2.14.2
   Compiling toml_datetime v0.6.11
   Compiling serde_spanned v0.6.9
   Compiling bstr v1.13.1
   Compiling winnow v0.7.15
   Compiling toml_write v0.1.2
   Compiling toml_edit v0.22.27
   Compiling globset v0.4.20
   Compiling ureq v3.4.0
   Compiling tree-sitter v0.27.0
   Compiling ignore v0.4.33
   Compiling toml v0.8.23
   Compiling fs4 v0.13.1
   Compiling backend-advisory v0.2.0 (/root/codex-worktrees/sol61-go-rust-public-tails-20261008/crates/advisory)
   Compiling backend-discovery v0.2.0 (/root/codex-worktrees/sol61-go-rust-public-tails-20261008/crates/discovery)
   Compiling allocation-counter v0.8.1
   Compiling turso_sync_engine v0.8.0-pre.11
   Compiling turso_sdk_kit v0.8.0-pre.11
   Compiling turso_sync_sdk_kit v0.8.0-pre.11
   Compiling turso v0.8.0-pre.10
   Compiling backend-semantic v0.2.0 (/root/codex-worktrees/sol61-go-rust-public-tails-20261008/crates/semantic)
   Compiling backend-replication v0.2.0 (/root/codex-worktrees/sol61-go-rust-public-tails-20261008/crates/replication)
warning: unused import: `history::TypedV3HistoryPublicationSnapshot`
   --> crates/replication/src/ir_generation_store.rs:146:16
    |
146 | pub(crate) use history::TypedV3HistoryPublicationSnapshot;
    |                ^^^^^^^^^^^^^^^^^^^^^^^^^^^^^^^^^^^^^^^^^^
    |
    = note: `#[warn(unused_imports)]` (part of `#[warn(unused)]`) on by default

warning: unnecessary qualification
    --> crates/replication/src/ir_hydration_store/history_v3.rs:1438:26
     |
1438 |             .with_gc_pin(std::sync::Arc::new(guard))
     |                          ^^^^^^^^^^^^^^^^^^^
     |
     = note: requested on the command line with `-W unused-qualifications`
help: remove the unnecessary path segments
     |
1438 -             .with_gc_pin(std::sync::Arc::new(guard))
1438 +             .with_gc_pin(Arc::new(guard))
     |

warning: unnecessary qualification
    --> crates/replication/src/ir_hydration_store/history_v3.rs:1652:13
     |
1652 |             std::sync::Arc::new(pin.into_guard()),
     |             ^^^^^^^^^^^^^^^^^^^
     |
help: remove the unnecessary path segments
     |
1652 -             std::sync::Arc::new(pin.into_guard()),
1652 +             Arc::new(pin.into_guard()),
     |

warning: unused imports: `TypedV3HistoryAdmissionMetrics`, `TypedV3HistoryAdmission`, and `TypedV3HistoryGcPin`
  --> crates/replication/src/ir_hydration_store.rs:67:5
   |
67 |     TypedV3HistoryAdmission, TypedV3HistoryAdmissionMetrics, TypedV3HistoryGcPin,
   |     ^^^^^^^^^^^^^^^^^^^^^^^  ^^^^^^^^^^^^^^^^^^^^^^^^^^^^^^  ^^^^^^^^^^^^^^^^^^^

warning: methods `manifest_root` and `plane_root` are never used
   --> crates/replication/src/ir_generation_store.rs:232:25
    |
203 | impl HistoricalSemanticPlaneBinding {
    | ----------------------------------- methods in this implementation
...
232 |     pub(crate) const fn manifest_root(self) -> SemanticManifestRoot {
    |                         ^^^^^^^^^^^^^
...
238 |     pub(crate) const fn plane_root(self) -> SemanticPlaneRoot {
    |                         ^^^^^^^^^^
    |
    = note: `#[warn(dead_code)]` (part of `#[warn(unused)]`) on by default

warning: function `append_history_index_entry_typed` is never used
   --> crates/replication/src/ir_generation_store/history/codec.rs:679:15
    |
679 | pub(crate) fn append_history_index_entry_typed(
    |               ^^^^^^^^^^^^^^^^^^^^^^^^^^^^^^^^

warning: associated functions `from_produced` and `from_selected_native_history` are never used
   --> crates/replication/src/ir_generation_store/history/v3.rs:223:19
    |
219 | impl TypedV3HistoryLocator {
    | -------------------------- associated functions in this implementation
...
223 |     pub(crate) fn from_produced(
    |                   ^^^^^^^^^^^^^
...
233 |     pub(crate) fn from_selected_native_history(
    |                   ^^^^^^^^^^^^^^^^^^^^^^^^^^^^

warning: function `stage_typed_v3_locator_bytes` is never used
   --> crates/replication/src/ir_generation_store/history/v3.rs:501:4
    |
501 | fn stage_typed_v3_locator_bytes(
    |    ^^^^^^^^^^^^^^^^^^^^^^^^^^^^

warning: methods `stage_typed_v3_locator`, `finish_typed_v3_locator_admission`, and `typed_v3_locator` are never used
   --> crates/replication/src/ir_generation_store/history/v3.rs:665:19
    |
657 | impl LocalSemanticGenerationFiles {
    | --------------------------------- methods in this implementation
...
665 |     pub(crate) fn stage_typed_v3_locator(
    |                   ^^^^^^^^^^^^^^^^^^^^^^
...
689 |     pub(crate) fn finish_typed_v3_locator_admission(
    |                   ^^^^^^^^^^^^^^^^^^^^^^^^^^^^^^^^^
...
733 |     pub(crate) fn typed_v3_locator(
    |                   ^^^^^^^^^^^^^^^^

warning: fields `root_claim` and `metrics` are never read
   --> crates/replication/src/ir_hydration_store/history_v3.rs:743:5
    |
736 | pub(crate) struct TypedV3HistoryAdmission<'pin> {
    |                   ----------------------- fields in this struct
...
743 |     root_claim: HistoryTypedV3RootClaim,
    |     ^^^^^^^^^^
744 |     metrics: TypedV3HistoryAdmissionMetrics,
    |     ^^^^^^^

warning: methods `root_claim` and `metrics` are never used
   --> crates/replication/src/ir_hydration_store/history_v3.rs:756:25
    |
747 | impl TypedV3HistoryAdmission<'_> {
    | -------------------------------- methods in this implementation
...
756 |     pub(crate) const fn root_claim(&self) -> HistoryTypedV3RootClaim {
    |                         ^^^^^^^^^^
...
764 |     pub(crate) const fn metrics(&self) -> TypedV3HistoryAdmissionMetrics {
    |                         ^^^^^^^

warning: methods `verify_produced_typed_v3` and `verify_produced_typed_v3_content` are never used
   --> crates/replication/src/ir_hydration_store/history_v3.rs:808:19
    |
777 | impl FileSemanticRangeStore {
    | --------------------------- methods in this implementation
...
808 |     pub(crate) fn verify_produced_typed_v3<'pin>(
    |                   ^^^^^^^^^^^^^^^^^^^^^^^^
...
837 |     pub(crate) fn verify_produced_typed_v3_content<'pin>(
    |                   ^^^^^^^^^^^^^^^^^^^^^^^^^^^^^^^^

warning: fields `segment_pins`, `jumbo_pin`, `encoding_metrics`, `segment_store_metrics`, `jumbo_store_metrics`, and `verifier_io_metrics` are never read
    --> crates/replication/src/ir_producer_store.rs:1595:5
     |
1589 | pub(crate) struct ProducedSelectedNativeTypedPlaneHistoryV3 {
     |                   ----------------------------------------- fields in this struct
...
1595 |     segment_pins: Vec<DurableSemanticObjectPin>,
     |     ^^^^^^^^^^^^
1596 |     jumbo_pin: DurableSemanticObjectPin,
     |     ^^^^^^^^^
1597 |     encoding_metrics: [CanonicalPlaneEncodingMetrics; TYPED_V2_FAMILY_COUNT],
     |     ^^^^^^^^^^^^^^^^
1598 |     segment_store_metrics: [SemanticProducerStoreMetrics; TYPED_V2_FAMILY_COUNT],
     |     ^^^^^^^^^^^^^^^^^^^^^
1599 |     jumbo_store_metrics: SemanticProducerStoreMetrics,
     |     ^^^^^^^^^^^^^^^^^^^
1600 |     verifier_io_metrics: SemanticProducerVerifierIoMetrics,
     |     ^^^^^^^^^^^^^^^^^^^

warning: methods `segment_pins` and `jumbo_pin` are never used
    --> crates/replication/src/ir_producer_store.rs:1624:19
     |
1603 | impl ProducedSelectedNativeTypedPlaneHistoryV3 {
     | ---------------------------------------------- methods in this implementation
...
1624 |     pub(crate) fn segment_pins(&self) -> &[DurableSemanticObjectPin] {
     |                   ^^^^^^^^^^^^
...
1628 |     pub(crate) const fn jumbo_pin(&self) -> &DurableSemanticObjectPin {
     |                         ^^^^^^^^^

warning: field `input_witness` is never read
    --> crates/replication/src/ir_producer_store.rs:1635:5
     |
1633 | struct TypedV3ProducedArtifacts {
     |        ------------------------ field in this struct
1634 |     image_facts: SemanticImageFacts,
1635 |     input_witness: SemanticInputWitness,
     |     ^^^^^^^^^^^^^

warning: function `produce_semantic_typed_plane_v3` is never used
    --> crates/replication/src/ir_producer_store.rs:1656:15
     |
1656 | pub(crate) fn produce_semantic_typed_plane_v3<Reader: SemanticReader + ?Sized>(
     |               ^^^^^^^^^^^^^^^^^^^^^^^^^^^^^^^

warning: `backend-replication` (lib) generated 16 warnings (run `cargo fix --lib -p backend-replication` to apply 4 suggestions)
   Compiling backend-execution v0.2.0 (/root/codex-worktrees/sol61-go-rust-public-tails-20261008/crates/execution)
   Compiling backend-compile v0.2.0 (/root/codex-worktrees/sol61-go-rust-public-tails-20261008/crates/compile)
warning: unused variable: `error`
    --> crates/compile/src/supervisor.rs:2496:17
     |
2496 |             Err(error) => {
     |                 ^^^^^ help: if this is intentional, prefix it with an underscore: `_error`
     |
     = note: `#[warn(unused_variables)]` (part of `#[warn(unused)]`) on by default

warning: `backend-compile` (lib) generated 1 warning (run `cargo fix --lib -p backend-compile` to apply 1 suggestion)
   Compiling backend-library v0.2.0 (/root/codex-worktrees/sol61-go-rust-public-tails-20261008/crates/library)
warning: unnecessary qualification
  --> crates/library/browse/tests.rs:23:10
   |
23 |         &crate::native_test_paths::localize_cargo_metadata(metadata),
   |          ^^^^^^^^^^^^^^^^^^^^^^^^^^^^^^^^^^^^^^^^^^^^^^^^^
   |
   = note: requested on the command line with `-W unused-qualifications`
help: remove the unnecessary path segments
   |
23 -         &crate::native_test_paths::localize_cargo_metadata(metadata),
23 +         &native_test_paths::localize_cargo_metadata(metadata),
   |

warning: unnecessary qualification
  --> crates/library/browse/tests.rs:76:29
   |
76 |     tree.observation = Some(crate::browse::ProjectTreeObservationV1::Retained {
   |                             ^^^^^^^^^^^^^^^^^^^^^^^^^^^^^^^^^^^^^^^^^^^^^^^^^
   |
help: remove the unnecessary path segments
   |
76 -     tree.observation = Some(crate::browse::ProjectTreeObservationV1::Retained {
76 +     tree.observation = Some(ProjectTreeObservationV1::Retained {
   |

warning: unnecessary qualification
   --> crates/library/interface/compiler_fragment/nested.rs:845:32
    |
845 |     pub const fn kind(self) -> super::CompilerFragmentNestedFaultKind {
    |                                ^^^^^^^^^^^^^^^^^^^^^^^^^^^^^^^^^^^^^^
    |
help: remove the unnecessary path segments
    |
845 -     pub const fn kind(self) -> super::CompilerFragmentNestedFaultKind {
845 +     pub const fn kind(self) -> CompilerFragmentNestedFaultKind {
    |

warning: unnecessary qualification
   --> crates/library/interface/compiler_fragment/nested.rs:860:28
    |
860 |     const fn kind(self) -> super::CompilerFragmentNestedFaultKind {
    |                            ^^^^^^^^^^^^^^^^^^^^^^^^^^^^^^^^^^^^^^
    |
help: remove the unnecessary path segments
    |
860 -     const fn kind(self) -> super::CompilerFragmentNestedFaultKind {
860 +     const fn kind(self) -> CompilerFragmentNestedFaultKind {
    |

warning: unnecessary qualification
   --> crates/library/interface/compiler_fragment/nested.rs:872:28
    |
872 |     const fn kind(self) -> super::CompilerFragmentNestedFaultKind {
    |                            ^^^^^^^^^^^^^^^^^^^^^^^^^^^^^^^^^^^^^^
    |
help: remove the unnecessary path segments
    |
872 -     const fn kind(self) -> super::CompilerFragmentNestedFaultKind {
872 +     const fn kind(self) -> CompilerFragmentNestedFaultKind {
    |

warning: unnecessary qualification
   --> crates/library/interface/compiler_fragment/nested.rs:884:28
    |
884 |     const fn kind(self) -> super::CompilerFragmentNestedFaultKind {
    |                            ^^^^^^^^^^^^^^^^^^^^^^^^^^^^^^^^^^^^^^
    |
help: remove the unnecessary path segments
    |
884 -     const fn kind(self) -> super::CompilerFragmentNestedFaultKind {
884 +     const fn kind(self) -> CompilerFragmentNestedFaultKind {
    |

warning: unnecessary qualification
   --> crates/library/interface/compiler_fragment/nested.rs:894:28
    |
894 |     const fn kind(self) -> super::CompilerFragmentNestedFaultKind {
    |                            ^^^^^^^^^^^^^^^^^^^^^^^^^^^^^^^^^^^^^^
    |
help: remove the unnecessary path segments
    |
894 -     const fn kind(self) -> super::CompilerFragmentNestedFaultKind {
894 +     const fn kind(self) -> CompilerFragmentNestedFaultKind {
    |

warning: unnecessary qualification
   --> crates/library/interface/compiler_fragment/nested.rs:931:28
    |
931 |     const fn kind(self) -> super::CompilerFragmentNestedFaultKind {
    |                            ^^^^^^^^^^^^^^^^^^^^^^^^^^^^^^^^^^^^^^
    |
help: remove the unnecessary path segments
    |
931 -     const fn kind(self) -> super::CompilerFragmentNestedFaultKind {
931 +     const fn kind(self) -> CompilerFragmentNestedFaultKind {
    |

warning: unnecessary qualification
   --> crates/library/interface/compiler_fragment/nested.rs:958:28
    |
958 |     const fn kind(self) -> super::CompilerFragmentNestedFaultKind {
    |                            ^^^^^^^^^^^^^^^^^^^^^^^^^^^^^^^^^^^^^^
    |
help: remove the unnecessary path segments
    |
958 -     const fn kind(self) -> super::CompilerFragmentNestedFaultKind {
958 +     const fn kind(self) -> CompilerFragmentNestedFaultKind {
    |

warning: unnecessary qualification
   --> crates/library/interface/compiler_fragment/nested.rs:980:28
    |
980 |     const fn kind(self) -> super::CompilerFragmentNestedFaultKind {
    |                            ^^^^^^^^^^^^^^^^^^^^^^^^^^^^^^^^^^^^^^
    |
help: remove the unnecessary path segments
    |
980 -     const fn kind(self) -> super::CompilerFragmentNestedFaultKind {
980 +     const fn kind(self) -> CompilerFragmentNestedFaultKind {
    |

warning: unnecessary qualification
   --> crates/library/interface/compiler_fragment/nested.rs:999:28
    |
999 |     const fn kind(self) -> super::CompilerFragmentNestedFaultKind {
    |                            ^^^^^^^^^^^^^^^^^^^^^^^^^^^^^^^^^^^^^^
    |
help: remove the unnecessary path segments
    |
999 -     const fn kind(self) -> super::CompilerFragmentNestedFaultKind {
999 +     const fn kind(self) -> CompilerFragmentNestedFaultKind {
    |

warning: unnecessary qualification
    --> crates/library/package_graph.rs:1887:17
     |
1887 |                 std::mem::size_of::<PackageDependencySourceFacts>()
     |                 ^^^^^^^^^^^^^^^^^^^^^^^^^^^^^^^^^^^^^^^^^^^^^^^^^
     |
help: remove the unnecessary path segments
     |
1887 -                 std::mem::size_of::<PackageDependencySourceFacts>()
1887 +                 size_of::<PackageDependencySourceFacts>()
     |

warning: unnecessary qualification
    --> crates/library/package_graph.rs:2013:33
     |
2013 |         let reason_fact_bytes = std::mem::size_of::<PackageDependencySourceFacts>()
     |                                 ^^^^^^^^^^^^^^^^^^^^^^^^^^^^^^^^^^^^^^^^^^^^^^^^^
     |
help: remove the unnecessary path segments
     |
2013 -         let reason_fact_bytes = std::mem::size_of::<PackageDependencySourceFacts>()
2013 +         let reason_fact_bytes = size_of::<PackageDependencySourceFacts>()
     |

warning: unnecessary qualification
    --> crates/library/package_graph.rs:2059:38
     |
2059 |         let requirement_fact_bytes = std::mem::size_of::<PackageDependencySourceFacts>()
     |                                      ^^^^^^^^^^^^^^^^^^^^^^^^^^^^^^^^^^^^^^^^^^^^^^^^^
     |
help: remove the unnecessary path segments
     |
2059 -         let requirement_fact_bytes = std::mem::size_of::<PackageDependencySourceFacts>()
2059 +         let requirement_fact_bytes = size_of::<PackageDependencySourceFacts>()
     |

warning: unnecessary qualification
    --> crates/library/package_graph.rs:2061:15
     |
2061 |             + std::mem::size_of::<PackageDependencyRecord>()
     |               ^^^^^^^^^^^^^^^^^^^^^^^^^^^^^^^^^^^^^^^^^^^^
     |
help: remove the unnecessary path segments
     |
2061 -             + std::mem::size_of::<PackageDependencyRecord>()
2061 +             + size_of::<PackageDependencyRecord>()
     |

warning: unnecessary qualification
    --> crates/library/package_graph.rs:2100:13
     |
2100 |             std::mem::size_of::<PackageDependencySourceFacts>() + coordinate.as_str().len();
     |             ^^^^^^^^^^^^^^^^^^^^^^^^^^^^^^^^^^^^^^^^^^^^^^^^^
     |
help: remove the unnecessary path segments
     |
2100 -             std::mem::size_of::<PackageDependencySourceFacts>() + coordinate.as_str().len();
2100 +             size_of::<PackageDependencySourceFacts>() + coordinate.as_str().len();
     |

warning: unnecessary qualification
    --> crates/library/semantic_shape.rs:1811:47
     |
1811 |                     SemanticTypeExpr::Builtin(backend_semantic::ir::BuiltinType::Never),
     |                                               ^^^^^^^^^^^^^^^^^^^^^^^^^^^^^^^^^^^^^^^^
     |
help: remove the unnecessary path segments
     |
1811 -                     SemanticTypeExpr::Builtin(backend_semantic::ir::BuiltinType::Never),
1811 +                     SemanticTypeExpr::Builtin(BuiltinType::Never),
     |

warning: unnecessary qualification
    --> crates/library/semantic_shape.rs:2184:13
     |
2184 |             backend_semantic::ir::BuiltinType::Never,
     |             ^^^^^^^^^^^^^^^^^^^^^^^^^^^^^^^^^^^^^^^^
     |
help: remove the unnecessary path segments
     |
2184 -             backend_semantic::ir::BuiltinType::Never,
2184 +             BuiltinType::Never,
     |

warning: unnecessary qualification
    --> crates/library/semantic_shape.rs:2293:19
     |
2293 |             kind: backend_semantic::ir::ItemKind::Function,
     |                   ^^^^^^^^^^^^^^^^^^^^^^^^^^^^^^^^^^^^^^^^
     |
help: remove the unnecessary path segments
     |
2293 -             kind: backend_semantic::ir::ItemKind::Function,
2293 +             kind: ItemKind::Function,
     |

warning: unnecessary qualification
    --> crates/library/semantic_shape.rs:2320:27
     |
2320 |                     kind: backend_semantic::ir::ItemKind::Function,
     |                           ^^^^^^^^^^^^^^^^^^^^^^^^^^^^^^^^^^^^^^^^
     |
help: remove the unnecessary path segments
     |
2320 -                     kind: backend_semantic::ir::ItemKind::Function,
2320 +                     kind: ItemKind::Function,
     |

warning: unused import: `CompilerToolIssue`
 --> crates/library/surface.rs:5:53
  |
5 |     CompilerFragmentFaultKind, CompilerToolFailure, CompilerToolIssue, CompilerToolRequirement,
  |                                                     ^^^^^^^^^^^^^^^^^
  |
  = note: `#[warn(unused_imports)]` (part of `#[warn(unused)]`) on by default

warning: unused imports: `PackageAnonymousCallableAnchorFaultFacts` and `PackageAnonymousCallableAnchorPoolFact`
  --> crates/library/surface.rs:27:48
   |
27 |     CompilerNativeToolFact, CompilerStageFact, PackageAnonymousCallableAnchorFaultFacts,
   |                                                ^^^^^^^^^^^^^^^^^^^^^^^^^^^^^^^^^^^^^^^^
28 |     PackageAnonymousCallableAnchorPoolFact, PackageCompilerFailureCause,
   |     ^^^^^^^^^^^^^^^^^^^^^^^^^^^^^^^^^^^^^^

warning: unnecessary qualification
    --> crates/library/surface.rs:4416:31
     |
4416 |         let mut coordinates = std::collections::BTreeSet::new();
     |                               ^^^^^^^^^^^^^^^^^^^^^^^^^^^^^^^
     |
help: remove the unnecessary path segments
     |
4416 -         let mut coordinates = std::collections::BTreeSet::new();
4416 +         let mut coordinates = BTreeSet::new();
     |

warning: unnecessary qualification
   --> crates/library/wire/claim_index_tests.rs:352:28
    |
352 |             let admitted = super::reply::view_root_from_wire_with_admission(
    |                            ^^^^^^^^^^^^^^^^^^^^^^^^^^^^^^^^^^^^^^^^^^^^^^^^
    |
help: remove the unnecessary path segments
    |
352 -             let admitted = super::reply::view_root_from_wire_with_admission(
352 +             let admitted = view_root_from_wire_with_admission(
    |

warning: unused variable: `ordinal`
   --> crates/library/interface/compiler_fragment.rs:385:75
    |
385 |             CompilerFragmentFault::Prepare(PrepareError::OccurrenceLane { ordinal, fault }) => {
    |                                                                           ^^^^^^^ help: try ignoring the field: `ordinal: _`
    |
    = note: `#[warn(unused_variables)]` (part of `#[warn(unused)]`) on by default

warning: missing documentation for a variant
   --> crates/library/interface/compiler_fragment.rs:719:5
    |
719 |     AnonymousCallableName,
    |     ^^^^^^^^^^^^^^^^^^^^^
    |
    = note: requested on the command line with `-W missing-docs`

warning: missing documentation for a variant
   --> crates/library/interface/compiler_fragment.rs:720:5
    |
720 |     Capacity,
    |     ^^^^^^^^

warning: missing documentation for a variant
   --> crates/library/interface/compiler_fragment.rs:721:5
    |
721 |     InvalidTreeEntity,
    |     ^^^^^^^^^^^^^^^^^

warning: missing documentation for a variant
   --> crates/library/interface/compiler_fragment.rs:722:5
    |
722 |     Dangling,
    |     ^^^^^^^^

warning: missing documentation for a variant
   --> crates/library/interface/compiler_fragment.rs:723:5
    |
723 |     RecursiveType,
    |     ^^^^^^^^^^^^^

warning: missing documentation for a variant
   --> crates/library/interface/compiler_fragment.rs:724:5
    |
724 |     CallableElement,
    |     ^^^^^^^^^^^^^^^

warning: missing documentation for a variant
   --> crates/library/interface/compiler_fragment.rs:725:5
    |
725 |     MissingTypedVariadicParameter,
    |     ^^^^^^^^^^^^^^^^^^^^^^^^^^^^^

warning: missing documentation for a variant
   --> crates/library/interface/compiler_fragment.rs:726:5
    |
726 |     EmptyQualifiedPath,
    |     ^^^^^^^^^^^^^^^^^^

warning: missing documentation for a variant
   --> crates/library/interface/compiler_fragment.rs:727:5
    |
727 |     TypeParameterRequirements,
    |     ^^^^^^^^^^^^^^^^^^^^^^^^^

warning: missing documentation for a variant
   --> crates/library/interface/compiler_fragment.rs:728:5
    |
728 |     EmptyCxxQualification,
    |     ^^^^^^^^^^^^^^^^^^^^^

warning: missing documentation for a variant
   --> crates/library/interface/compiler_fragment.rs:729:5
    |
729 |     IllegalCQualifierTarget,
    |     ^^^^^^^^^^^^^^^^^^^^^^^

warning: missing documentation for a variant
   --> crates/library/interface/compiler_fragment.rs:730:5
    |
730 |     IllegalCxxMemberPointerOwner,
    |     ^^^^^^^^^^^^^^^^^^^^^^^^^^^^

warning: missing documentation for a variant
   --> crates/library/interface/compiler_fragment.rs:731:5
    |
731 |     InvalidDocumentationUtf8,
    |     ^^^^^^^^^^^^^^^^^^^^^^^^

warning: missing documentation for a variant
   --> crates/library/interface/compiler_fragment.rs:732:5
    |
732 |     InvalidOccurrenceSpan,
    |     ^^^^^^^^^^^^^^^^^^^^^

warning: missing documentation for a variant
   --> crates/library/interface/compiler_fragment.rs:733:5
    |
733 |     SignatureCarrierRoleCount,
    |     ^^^^^^^^^^^^^^^^^^^^^^^^^

warning: missing documentation for a variant
   --> crates/library/interface/compiler_fragment.rs:734:5
    |
734 |     SignatureCarrierRoleKind,
    |     ^^^^^^^^^^^^^^^^^^^^^^^^

warning: missing documentation for a variant
   --> crates/library/interface/compiler_fragment.rs:735:5
    |
735 |     SignatureCarrierRoleOwnerKind,
    |     ^^^^^^^^^^^^^^^^^^^^^^^^^^^^^

warning: missing documentation for a variant
   --> crates/library/interface/compiler_fragment.rs:736:5
    |
736 |     SignatureCarrierRoleAlreadyCaptured,
    |     ^^^^^^^^^^^^^^^^^^^^^^^^^^^^^^^^^^^

warning: missing documentation for a variant
   --> crates/library/interface/compiler_fragment.rs:737:5
    |
737 |     SignatureCarrierBindingsAlreadyCaptured,
    |     ^^^^^^^^^^^^^^^^^^^^^^^^^^^^^^^^^^^^^^^

warning: missing documentation for a variant
   --> crates/library/interface/compiler_fragment.rs:738:5
    |
738 |     SignatureCarrierBindingOwnerSet,
    |     ^^^^^^^^^^^^^^^^^^^^^^^^^^^^^^^

warning: missing documentation for a variant
   --> crates/library/interface/compiler_fragment.rs:739:5
    |
739 |     SignatureCarrierBindingSignature,
    |     ^^^^^^^^^^^^^^^^^^^^^^^^^^^^^^^^

warning: missing documentation for a variant
   --> crates/library/interface/compiler_fragment.rs:740:5
    |
740 |     SignatureCarrierBindingCounts,
    |     ^^^^^^^^^^^^^^^^^^^^^^^^^^^^^

warning: missing documentation for a variant
   --> crates/library/interface/compiler_fragment.rs:741:5
    |
741 |     SignatureCarrierBindingEdgeRole,
    |     ^^^^^^^^^^^^^^^^^^^^^^^^^^^^^^^

warning: missing documentation for a variant
   --> crates/library/interface/compiler_fragment.rs:742:5
    |
742 |     SignatureCarrierBindingTargetCount,
    |     ^^^^^^^^^^^^^^^^^^^^^^^^^^^^^^^^^^

warning: missing documentation for a variant
   --> crates/library/interface/compiler_fragment.rs:743:5
    |
743 |     SignatureCarrierBindingTargetKind,
    |     ^^^^^^^^^^^^^^^^^^^^^^^^^^^^^^^^^

warning: missing documentation for a variant
   --> crates/library/interface/compiler_fragment.rs:744:5
    |
744 |     SignatureCarrierBindingType,
    |     ^^^^^^^^^^^^^^^^^^^^^^^^^^^

warning: missing documentation for a variant
   --> crates/library/interface/compiler_fragment.rs:745:5
    |
745 |     SignatureCarrierBindingEdgeMismatch,
    |     ^^^^^^^^^^^^^^^^^^^^^^^^^^^^^^^^^^^

warning: missing documentation for a variant
   --> crates/library/interface/compiler_fragment.rs:746:5
    |
746 |     ParentCycle,
    |     ^^^^^^^^^^^

warning: missing documentation for a variant
   --> crates/library/interface/compiler_fragment.rs:747:5
    |
747 |     DeclarationKey,
    |     ^^^^^^^^^^^^^^

warning: missing documentation for a variant
   --> crates/library/interface/compiler_fragment.rs:748:5
    |
748 |     TypedDeclarationKey,
    |     ^^^^^^^^^^^^^^^^^^^

warning: missing documentation for a variant
   --> crates/library/interface/compiler_fragment.rs:749:5
    |
749 |     AnonymousCallableSourceUnavailable,
    |     ^^^^^^^^^^^^^^^^^^^^^^^^^^^^^^^^^^

warning: missing documentation for a variant
   --> crates/library/interface/compiler_fragment.rs:750:5
    |
750 |     AnonymousCallableAnchorInvalid,
    |     ^^^^^^^^^^^^^^^^^^^^^^^^^^^^^^

warning: missing documentation for a variant
   --> crates/library/interface/compiler_fragment.rs:751:5
    |
751 |     AnonymousCallableSourceCoordinate,
    |     ^^^^^^^^^^^^^^^^^^^^^^^^^^^^^^^^^

warning: missing documentation for a variant
   --> crates/library/interface/compiler_fragment.rs:752:5
    |
752 |     AnonymousCallableInstance,
    |     ^^^^^^^^^^^^^^^^^^^^^^^^^

warning: missing documentation for a variant
   --> crates/library/interface/compiler_fragment.rs:753:5
    |
753 |     ScopedDeclarationPreimage,
    |     ^^^^^^^^^^^^^^^^^^^^^^^^^

warning: missing documentation for a variant
   --> crates/library/interface/compiler_fragment.rs:754:5
    |
754 |     ForeignKeyPreimage,
    |     ^^^^^^^^^^^^^^^^^^

warning: missing documentation for a variant
   --> crates/library/interface/compiler_fragment.rs:755:5
    |
755 |     DuplicateDeclarationIdentity,
    |     ^^^^^^^^^^^^^^^^^^^^^^^^^^^^

warning: missing documentation for a variant
   --> crates/library/interface/compiler_fragment.rs:756:5
    |
756 |     TreeVersionCount,
    |     ^^^^^^^^^^^^^^^^

warning: missing documentation for a variant
   --> crates/library/interface/compiler_fragment.rs:757:5
    |
757 |     AuthorityRowCount,
    |     ^^^^^^^^^^^^^^^^^

warning: missing documentation for a variant
   --> crates/library/interface/compiler_fragment.rs:758:5
    |
758 |     OccurrenceAuthorityRowCount,
    |     ^^^^^^^^^^^^^^^^^^^^^^^^^^^

warning: missing documentation for a variant
   --> crates/library/interface/compiler_fragment.rs:759:5
    |
759 |     AuthorityFacts,
    |     ^^^^^^^^^^^^^^

warning: missing documentation for a variant
   --> crates/library/interface/compiler_fragment.rs:760:5
    |
760 |     OccurrenceAuthorityFacts,
    |     ^^^^^^^^^^^^^^^^^^^^^^^^

warning: missing documentation for a variant
   --> crates/library/interface/compiler_fragment.rs:761:5
    |
761 |     ImageProvenanceLineage,
    |     ^^^^^^^^^^^^^^^^^^^^^^

warning: missing documentation for a variant
   --> crates/library/interface/compiler_fragment.rs:762:5
    |
762 |     ImageProvenanceScope,
    |     ^^^^^^^^^^^^^^^^^^^^

warning: missing documentation for a variant
   --> crates/library/interface/compiler_fragment.rs:763:5
    |
763 |     ImageProvenanceScopePreimage,
    |     ^^^^^^^^^^^^^^^^^^^^^^^^^^^^

warning: missing documentation for a variant
   --> crates/library/interface/compiler_fragment.rs:764:5
    |
764 |     ImageProvenanceRecipe,
    |     ^^^^^^^^^^^^^^^^^^^^^

warning: missing documentation for a variant
   --> crates/library/interface/compiler_fragment.rs:765:5
    |
765 |     ImageProvenanceRebind,
    |     ^^^^^^^^^^^^^^^^^^^^^

warning: missing documentation for a variant
   --> crates/library/interface/compiler_fragment.rs:766:5
    |
766 |     LanguageExtension,
    |     ^^^^^^^^^^^^^^^^^

warning: missing documentation for a variant
   --> crates/library/interface/compiler_fragment.rs:767:5
    |
767 |     LanguageProfileMismatch,
    |     ^^^^^^^^^^^^^^^^^^^^^^^

warning: missing documentation for a variant
   --> crates/library/interface/compiler_fragment.rs:768:5
    |
768 |     LanguageProfileRebind,
    |     ^^^^^^^^^^^^^^^^^^^^^

warning: missing documentation for a variant
   --> crates/library/interface/compiler_fragment.rs:775:5
    |
775 |     Count,
    |     ^^^^^

warning: missing documentation for a variant
   --> crates/library/interface/compiler_fragment.rs:776:5
    |
776 |     AtomBytePoolOverflow,
    |     ^^^^^^^^^^^^^^^^^^^^

warning: missing documentation for a variant
   --> crates/library/interface/compiler_fragment.rs:777:5
    |
777 |     LayoutOverflow,
    |     ^^^^^^^^^^^^^^

warning: missing documentation for a variant
   --> crates/library/interface/compiler_fragment.rs:778:5
    |
778 |     NativeCount,
    |     ^^^^^^^^^^^

warning: missing documentation for a variant
   --> crates/library/interface/compiler_fragment.rs:779:5
    |
779 |     OutputLength,
    |     ^^^^^^^^^^^^

warning: missing documentation for a variant
   --> crates/library/interface/compiler_fragment.rs:780:5
    |
780 |     Entity,
    |     ^^^^^^

warning: missing documentation for a variant
   --> crates/library/interface/compiler_fragment.rs:781:5
    |
781 |     TypeNode,
    |     ^^^^^^^^

warning: missing documentation for a variant
   --> crates/library/interface/compiler_fragment.rs:782:5
    |
782 |     SemanticDataOverflow,
    |     ^^^^^^^^^^^^^^^^^^^^

warning: missing documentation for a variant
   --> crates/library/interface/compiler_fragment.rs:783:5
    |
783 |     SemanticEntityRoots,
    |     ^^^^^^^^^^^^^^^^^^^

warning: missing documentation for a variant
   --> crates/library/interface/compiler_fragment.rs:784:5
    |
784 |     SemanticAtomLength,
    |     ^^^^^^^^^^^^^^^^^^

warning: missing documentation for a variant
   --> crates/library/interface/compiler_fragment.rs:785:5
    |
785 |     SemanticData,
    |     ^^^^^^^^^^^^

warning: missing documentation for a variant
   --> crates/library/interface/compiler_fragment.rs:786:5
    |
786 |     OccurrenceLane,
    |     ^^^^^^^^^^^^^^

warning: missing documentation for a variant
   --> crates/library/interface/compiler_fragment.rs:787:5
    |
787 |     TypeFacts,
    |     ^^^^^^^^^

warning: missing documentation for a variant
   --> crates/library/interface/compiler_fragment.rs:788:5
    |
788 |     Documentation,
    |     ^^^^^^^^^^^^^

warning: missing documentation for a variant
   --> crates/library/interface/compiler_fragment.rs:789:5
    |
789 |     ExtensionPools,
    |     ^^^^^^^^^^^^^^

warning: missing documentation for a variant
   --> crates/library/interface/compiler_fragment.rs:790:5
    |
790 |     ExtensionPoolsMismatch,
    |     ^^^^^^^^^^^^^^^^^^^^^^

warning: missing documentation for a variant
   --> crates/library/interface/compiler_fragment.rs:797:5
    |
797 |     OutputTooSmall,
    |     ^^^^^^^^^^^^^^

warning: missing documentation for a variant
   --> crates/library/interface/compiler_fragment.rs:798:5
    |
798 |     ExtensionSection,
    |     ^^^^^^^^^^^^^^^^

warning: missing documentation for a variant
   --> crates/library/interface/compiler_fragment.rs:799:5
    |
799 |     AtomLength,
    |     ^^^^^^^^^^

warning: missing documentation for a variant
   --> crates/library/interface/compiler_fragment.rs:800:5
    |
800 |     AtomExtent,
    |     ^^^^^^^^^^

warning: missing documentation for a variant
   --> crates/library/interface/compiler_fragment.rs:801:5
    |
801 |     SemanticAtomLength,
    |     ^^^^^^^^^^^^^^^^^^

warning: missing documentation for a variant
   --> crates/library/interface/compiler_fragment.rs:808:5
    |
808 |     ExtensionPoolPair,
    |     ^^^^^^^^^^^^^^^^^

warning: missing documentation for a variant
   --> crates/library/interface/compiler_fragment.rs:809:5
    |
809 |     Documentation,
    |     ^^^^^^^^^^^^^

warning: missing documentation for a variant
   --> crates/library/interface/compiler_fragment.rs:810:5
    |
810 |     ExtensionPools,
    |     ^^^^^^^^^^^^^^

warning: missing documentation for a variant
   --> crates/library/interface/compiler_fragment.rs:811:5
    |
811 |     LanguageExtensions,
    |     ^^^^^^^^^^^^^^^^^^

warning: missing documentation for a variant
   --> crates/library/interface/compiler_fragment.rs:812:5
    |
812 |     TruncatedHeader,
    |     ^^^^^^^^^^^^^^^

warning: missing documentation for a variant
   --> crates/library/interface/compiler_fragment.rs:813:5
    |
813 |     Magic,
    |     ^^^^^

warning: missing documentation for a variant
   --> crates/library/interface/compiler_fragment.rs:814:5
    |
814 |     Schema,
    |     ^^^^^^

warning: missing documentation for a variant
   --> crates/library/interface/compiler_fragment.rs:815:5
    |
815 |     DeclaredLength,
    |     ^^^^^^^^^^^^^^

warning: missing documentation for a variant
   --> crates/library/interface/compiler_fragment.rs:816:5
    |
816 |     Extent,
    |     ^^^^^^

warning: missing documentation for a variant
   --> crates/library/interface/compiler_fragment.rs:817:5
    |
817 |     WireWidth,
    |     ^^^^^^^^^

warning: missing documentation for a variant
   --> crates/library/interface/compiler_fragment.rs:818:5
    |
818 |     Directory,
    |     ^^^^^^^^^

warning: missing documentation for a variant
   --> crates/library/interface/compiler_fragment.rs:819:5
    |
819 |     MissingSection,
    |     ^^^^^^^^^^^^^^

warning: missing documentation for a variant
   --> crates/library/interface/compiler_fragment.rs:820:5
    |
820 |     Entity,
    |     ^^^^^^

warning: missing documentation for a variant
   --> crates/library/interface/compiler_fragment.rs:821:5
    |
821 |     EntityRecord,
    |     ^^^^^^^^^^^^

warning: missing documentation for a variant
   --> crates/library/interface/compiler_fragment.rs:822:5
    |
822 |     Atom,
    |     ^^^^

warning: missing documentation for a variant
   --> crates/library/interface/compiler_fragment.rs:823:5
    |
823 |     TypeNode,
    |     ^^^^^^^^

warning: missing documentation for a variant
   --> crates/library/interface/compiler_fragment.rs:824:5
    |
824 |     SourceIdentity,
    |     ^^^^^^^^^^^^^^

warning: missing documentation for a variant
   --> crates/library/interface/compiler_fragment.rs:825:5
    |
825 |     RecipeFact,
    |     ^^^^^^^^^^

warning: missing documentation for a variant
   --> crates/library/interface/compiler_fragment.rs:826:5
    |
826 |     SemanticData,
    |     ^^^^^^^^^^^^

warning: missing documentation for a variant
   --> crates/library/interface/compiler_fragment.rs:827:5
    |
827 |     Occurrences,
    |     ^^^^^^^^^^^

warning: missing documentation for a variant
   --> crates/library/interface/compiler_fragment.rs:828:5
    |
828 |     TypeFacts,
    |     ^^^^^^^^^

warning: missing documentation for a variant
   --> crates/library/interface/compiler_fragment.rs:849:5
    |
849 |     Atom,
    |     ^^^^

warning: missing documentation for a variant
   --> crates/library/interface/compiler_fragment.rs:850:5
    |
850 |     Text,
    |     ^^^^

warning: missing documentation for a variant
   --> crates/library/interface/compiler_fragment.rs:851:5
    |
851 |     Type,
    |     ^^^^

warning: missing documentation for a variant
   --> crates/library/interface/compiler_fragment.rs:852:5
    |
852 |     Entity,
    |     ^^^^^^

warning: missing documentation for a variant
   --> crates/library/interface/compiler_fragment.rs:853:5
    |
853 |     External,
    |     ^^^^^^^^

warning: missing documentation for a variant
   --> crates/library/interface/compiler_fragment.rs:854:5
    |
854 |     Link,
    |     ^^^^

warning: missing documentation for a variant
   --> crates/library/interface/compiler_fragment.rs:855:5
    |
855 |     LinkOccurrence,
    |     ^^^^^^^^^^^^^^

warning: missing documentation for a variant
   --> crates/library/interface/compiler_fragment.rs:856:5
    |
856 |     TypeList,
    |     ^^^^^^^^

warning: missing documentation for a variant
   --> crates/library/interface/compiler_fragment.rs:857:5
    |
857 |     EntityList,
    |     ^^^^^^^^^^

warning: missing documentation for a variant
   --> crates/library/interface/compiler_fragment.rs:858:5
    |
858 |     AtomList,
    |     ^^^^^^^^

warning: missing documentation for a variant
   --> crates/library/interface/compiler_fragment.rs:859:5
    |
859 |     Docs,
    |     ^^^^

warning: missing documentation for a variant
   --> crates/library/interface/compiler_fragment.rs:860:5
    |
860 |     TupleElements,
    |     ^^^^^^^^^^^^^

warning: missing documentation for a variant
   --> crates/library/interface/compiler_fragment.rs:861:5
    |
861 |     ObjectMembers,
    |     ^^^^^^^^^^^^^

warning: missing documentation for a variant
   --> crates/library/interface/compiler_fragment.rs:862:5
    |
862 |     TemplateParts,
    |     ^^^^^^^^^^^^^

warning: missing documentation for a variant
   --> crates/library/interface/compiler_fragment.rs:863:5
    |
863 |     TypeParameterBounds,
    |     ^^^^^^^^^^^^^^^^^^^

warning: missing documentation for a variant
   --> crates/library/interface/compiler_fragment.rs:864:5
    |
864 |     TypeParameters,
    |     ^^^^^^^^^^^^^^

warning: missing documentation for a variant
   --> crates/library/interface/compiler_fragment.rs:865:5
    |
865 |     FreePredicates,
    |     ^^^^^^^^^^^^^^

warning: missing documentation for a variant
   --> crates/library/interface/compiler_fragment.rs:872:5
    |
872 |     Directory,
    |     ^^^^^^^^^

warning: missing documentation for a variant
   --> crates/library/interface/compiler_fragment.rs:873:5
    |
873 |     EntityLane,
    |     ^^^^^^^^^^

warning: missing documentation for a variant
   --> crates/library/interface/compiler_fragment.rs:874:5
    |
874 |     TypeNodeLane,
    |     ^^^^^^^^^^^^

warning: missing documentation for a variant
   --> crates/library/interface/compiler_fragment.rs:875:5
    |
875 |     AtomRecordLane,
    |     ^^^^^^^^^^^^^^

warning: missing documentation for a variant
   --> crates/library/interface/compiler_fragment.rs:876:5
    |
876 |     AtomByteLane,
    |     ^^^^^^^^^^^^

warning: missing documentation for a variant
   --> crates/library/interface/compiler_fragment.rs:877:5
    |
877 |     SourceIdentityLane,
    |     ^^^^^^^^^^^^^^^^^^

warning: missing documentation for a variant
   --> crates/library/interface/compiler_fragment.rs:878:5
    |
878 |     RecipeFactLane,
    |     ^^^^^^^^^^^^^^

warning: missing documentation for a variant
   --> crates/library/interface/compiler_fragment.rs:879:5
    |
879 |     SemanticData,
    |     ^^^^^^^^^^^^

warning: missing documentation for a variant
   --> crates/library/interface/compiler_fragment.rs:880:5
    |
880 |     Occurrences,
    |     ^^^^^^^^^^^

warning: missing documentation for a variant
   --> crates/library/interface/compiler_fragment.rs:881:5
    |
881 |     TypeFacts,
    |     ^^^^^^^^^

warning: missing documentation for a variant
   --> crates/library/interface/compiler_fragment.rs:882:5
    |
882 |     Documentation,
    |     ^^^^^^^^^^^^^

warning: missing documentation for a variant
   --> crates/library/interface/compiler_fragment.rs:883:5
    |
883 |     LanguageExtensions,
    |     ^^^^^^^^^^^^^^^^^^

warning: missing documentation for a variant
   --> crates/library/interface/compiler_fragment.rs:884:5
    |
884 |     ExtensionPools,
    |     ^^^^^^^^^^^^^^

warning: missing documentation for a variant
   --> crates/library/interface/compiler_fragment.rs:891:5
    |
891 |     Prepare,
    |     ^^^^^^^

warning: missing documentation for a variant
   --> crates/library/interface/compiler_fragment.rs:892:5
    |
892 |     Write,
    |     ^^^^^

warning: missing documentation for a variant
   --> crates/library/interface/compiler_fragment.rs:893:5
    |
893 |     Validate,
    |     ^^^^^^^^

warning: missing documentation for a variant
  --> crates/library/interface/compiler_fragment/nested.rs:15:5
   |
15 |     Atoms,
   |     ^^^^^

warning: missing documentation for a variant
  --> crates/library/interface/compiler_fragment/nested.rs:16:5
   |
16 |     Products,
   |     ^^^^^^^^

warning: missing documentation for a variant
  --> crates/library/interface/compiler_fragment/nested.rs:17:5
   |
17 |     Constructors,
   |     ^^^^^^^^^^^^

warning: missing documentation for a variant
  --> crates/library/interface/compiler_fragment/nested.rs:18:5
   |
18 |     Lists,
   |     ^^^^^

warning: missing documentation for a variant
  --> crates/library/interface/compiler_fragment/nested.rs:19:5
   |
19 |     Children,
   |     ^^^^^^^^

warning: missing documentation for a variant
  --> crates/library/interface/compiler_fragment/nested.rs:20:5
   |
20 |     AtomOrder,
   |     ^^^^^^^^^

warning: missing documentation for a variant
  --> crates/library/interface/compiler_fragment/nested.rs:21:5
   |
21 |     AtomMap,
   |     ^^^^^^^

warning: missing documentation for a variant
  --> crates/library/interface/compiler_fragment/nested.rs:22:5
   |
22 |     ProductOrder,
   |     ^^^^^^^^^^^^

warning: missing documentation for a variant
  --> crates/library/interface/compiler_fragment/nested.rs:23:5
   |
23 |     ProductMap,
   |     ^^^^^^^^^^

warning: missing documentation for a variant
  --> crates/library/interface/compiler_fragment/nested.rs:24:5
   |
24 |     Colors,
   |     ^^^^^^

warning: missing documentation for a variant
  --> crates/library/interface/compiler_fragment/nested.rs:25:5
   |
25 |     NextColors,
   |     ^^^^^^^^^^

warning: missing documentation for a variant
  --> crates/library/interface/compiler_fragment/nested.rs:26:5
   |
26 |     Hashes,
   |     ^^^^^^

warning: missing documentation for a variant
  --> crates/library/interface/compiler_fragment/nested.rs:27:5
   |
27 |     NextHashes,
   |     ^^^^^^^^^^

warning: missing documentation for a variant
  --> crates/library/interface/compiler_fragment/nested.rs:28:5
   |
28 |     Representatives,
   |     ^^^^^^^^^^^^^^^

warning: missing documentation for a variant
  --> crates/library/interface/compiler_fragment/nested.rs:29:5
   |
29 |     InternSlots,
   |     ^^^^^^^^^^^

warning: missing documentation for a variant
  --> crates/library/interface/compiler_fragment/nested.rs:36:5
   |
36 |     RefinementRounds,
   |     ^^^^^^^^^^^^^^^^

warning: missing documentation for a variant
  --> crates/library/interface/compiler_fragment/nested.rs:37:5
   |
37 |     SortComparisons,
   |     ^^^^^^^^^^^^^^^

warning: missing documentation for a variant
  --> crates/library/interface/compiler_fragment/nested.rs:38:5
   |
38 |     HashEvaluations,
   |     ^^^^^^^^^^^^^^^

warning: missing documentation for a variant
  --> crates/library/interface/compiler_fragment/nested.rs:39:5
   |
39 |     InternProbes,
   |     ^^^^^^^^^^^^

warning: missing documentation for a variant
  --> crates/library/interface/compiler_fragment/nested.rs:40:5
   |
40 |     Work,
   |     ^^^^

warning: missing documentation for a variant
  --> crates/library/interface/compiler_fragment/nested.rs:53:5
   |
53 |     EntityRecord(EntityRecordFaultFacts),
   |     ^^^^^^^^^^^^

warning: missing documentation for a variant
  --> crates/library/interface/compiler_fragment/nested.rs:54:5
   |
54 |     TypeNode(TypeNodeFaultFacts),
   |     ^^^^^^^^

warning: missing documentation for a variant
  --> crates/library/interface/compiler_fragment/nested.rs:55:5
   |
55 |     Atom(AtomFaultFacts),
   |     ^^^^

warning: missing documentation for a variant
  --> crates/library/interface/compiler_fragment/nested.rs:56:5
   |
56 |     CanonicalData(CanonicalDataFaultFacts),
   |     ^^^^^^^^^^^^^

warning: missing documentation for a variant
  --> crates/library/interface/compiler_fragment/nested.rs:57:5
   |
57 |     SemanticData(SemanticDataFaultFacts),
   |     ^^^^^^^^^^^^

warning: missing documentation for a variant
  --> crates/library/interface/compiler_fragment/nested.rs:58:5
   |
58 |     Occurrence(OccurrenceFaultFacts),
   |     ^^^^^^^^^^

warning: missing documentation for a variant
  --> crates/library/interface/compiler_fragment/nested.rs:59:5
   |
59 |     SignatureCarrier(SignatureCarrierFaultFacts),
   |     ^^^^^^^^^^^^^^^^

warning: missing documentation for a variant
  --> crates/library/interface/compiler_fragment/nested.rs:60:5
   |
60 |     Validation(ValidationFaultFacts),
   |     ^^^^^^^^^^

warning: missing documentation for a variant
  --> crates/library/interface/compiler_fragment/nested.rs:68:5
   |
68 |     EntityTypeReference,
   |     ^^^^^^^^^^^^^^^^^^^

warning: missing documentation for a variant
  --> crates/library/interface/compiler_fragment/nested.rs:69:5
   |
69 |     EntityNameReference,
   |     ^^^^^^^^^^^^^^^^^^^

warning: missing documentation for a variant
  --> crates/library/interface/compiler_fragment/nested.rs:70:5
   |
70 |     EntityKindTag,
   |     ^^^^^^^^^^^^^

warning: missing documentation for a variant
  --> crates/library/interface/compiler_fragment/nested.rs:71:5
   |
71 |     EntityReservedBits,
   |     ^^^^^^^^^^^^^^^^^^

warning: missing documentation for a variant
  --> crates/library/interface/compiler_fragment/nested.rs:72:5
   |
72 |     TypeNodeReservedBytes,
   |     ^^^^^^^^^^^^^^^^^^^^^

warning: missing documentation for a variant
  --> crates/library/interface/compiler_fragment/nested.rs:73:5
   |
73 |     TypeNodeTag,
   |     ^^^^^^^^^^^

warning: missing documentation for a variant
  --> crates/library/interface/compiler_fragment/nested.rs:74:5
   |
74 |     TypeNodePrimitive,
   |     ^^^^^^^^^^^^^^^^^

warning: missing documentation for a variant
  --> crates/library/interface/compiler_fragment/nested.rs:75:5
   |
75 |     TypeNodeEdge,
   |     ^^^^^^^^^^^^

warning: missing documentation for a variant
  --> crates/library/interface/compiler_fragment/nested.rs:76:5
   |
76 |     AtomRange,
   |     ^^^^^^^^^

warning: missing documentation for a variant
  --> crates/library/interface/compiler_fragment/nested.rs:77:5
   |
77 |     AtomEmpty,
   |     ^^^^^^^^^

warning: missing documentation for a variant
  --> crates/library/interface/compiler_fragment/nested.rs:78:5
   |
78 |     CanonicalDataCount,
   |     ^^^^^^^^^^^^^^^^^^

warning: missing documentation for a variant
  --> crates/library/interface/compiler_fragment/nested.rs:79:5
   |
79 |     CanonicalDataNativeCount,
   |     ^^^^^^^^^^^^^^^^^^^^^^^^

warning: missing documentation for a variant
  --> crates/library/interface/compiler_fragment/nested.rs:80:5
   |
80 |     CanonicalDataNativeWork,
   |     ^^^^^^^^^^^^^^^^^^^^^^^

warning: missing documentation for a variant
  --> crates/library/interface/compiler_fragment/nested.rs:81:5
   |
81 |     CanonicalDataCanonicalCountOverflow,
   |     ^^^^^^^^^^^^^^^^^^^^^^^^^^^^^^^^^^^

warning: missing documentation for a variant
  --> crates/library/interface/compiler_fragment/nested.rs:82:5
   |
82 |     CanonicalDataCanonicalCountMismatch,
   |     ^^^^^^^^^^^^^^^^^^^^^^^^^^^^^^^^^^^

warning: missing documentation for a variant
  --> crates/library/interface/compiler_fragment/nested.rs:83:5
   |
83 |     CanonicalDataScratch,
   |     ^^^^^^^^^^^^^^^^^^^^

warning: missing documentation for a variant
  --> crates/library/interface/compiler_fragment/nested.rs:84:5
   |
84 |     CanonicalDataOutputTooSmall,
   |     ^^^^^^^^^^^^^^^^^^^^^^^^^^^

warning: missing documentation for a variant
  --> crates/library/interface/compiler_fragment/nested.rs:85:5
   |
85 |     CanonicalDataProductHead,
   |     ^^^^^^^^^^^^^^^^^^^^^^^^

warning: missing documentation for a variant
  --> crates/library/interface/compiler_fragment/nested.rs:86:5
   |
86 |     CanonicalDataProductList,
   |     ^^^^^^^^^^^^^^^^^^^^^^^^

warning: missing documentation for a variant
  --> crates/library/interface/compiler_fragment/nested.rs:87:5
   |
87 |     CanonicalDataConstructorCount,
   |     ^^^^^^^^^^^^^^^^^^^^^^^^^^^^^

warning: missing documentation for a variant
  --> crates/library/interface/compiler_fragment/nested.rs:88:5
   |
88 |     CanonicalDataConstructorTag,
   |     ^^^^^^^^^^^^^^^^^^^^^^^^^^^

warning: missing documentation for a variant
  --> crates/library/interface/compiler_fragment/nested.rs:89:5
   |
89 |     CanonicalDataConstructorReservedPayload,
   |     ^^^^^^^^^^^^^^^^^^^^^^^^^^^^^^^^^^^^^^^

warning: missing documentation for a variant
  --> crates/library/interface/compiler_fragment/nested.rs:90:5
   |
90 |     CanonicalDataConstructorArityOverflow,
   |     ^^^^^^^^^^^^^^^^^^^^^^^^^^^^^^^^^^^^^

warning: missing documentation for a variant
  --> crates/library/interface/compiler_fragment/nested.rs:91:5
   |
91 |     CanonicalDataConstructorArity,
   |     ^^^^^^^^^^^^^^^^^^^^^^^^^^^^^

warning: missing documentation for a variant
  --> crates/library/interface/compiler_fragment/nested.rs:92:5
   |
92 |     CanonicalDataProductChildRole,
   |     ^^^^^^^^^^^^^^^^^^^^^^^^^^^^^

warning: missing documentation for a variant
  --> crates/library/interface/compiler_fragment/nested.rs:93:5
   |
93 |     CanonicalDataListExtent,
   |     ^^^^^^^^^^^^^^^^^^^^^^^

warning: missing documentation for a variant
  --> crates/library/interface/compiler_fragment/nested.rs:94:5
   |
94 |     CanonicalDataNativeExtent,
   |     ^^^^^^^^^^^^^^^^^^^^^^^^^

warning: missing documentation for a variant
  --> crates/library/interface/compiler_fragment/nested.rs:95:5
   |
95 |     CanonicalDataProductChild,
   |     ^^^^^^^^^^^^^^^^^^^^^^^^^

warning: missing documentation for a variant
  --> crates/library/interface/compiler_fragment/nested.rs:96:5
   |
96 |     CanonicalDataOutputLength,
   |     ^^^^^^^^^^^^^^^^^^^^^^^^^

warning: missing documentation for a variant
  --> crates/library/interface/compiler_fragment/nested.rs:97:5
   |
97 |     CanonicalDataCanonicalListExtent,
   |     ^^^^^^^^^^^^^^^^^^^^^^^^^^^^^^^^

warning: missing documentation for a variant
  --> crates/library/interface/compiler_fragment/nested.rs:98:5
   |
98 |     CanonicalDataCanonicalAtom,
   |     ^^^^^^^^^^^^^^^^^^^^^^^^^^

warning: missing documentation for a variant
  --> crates/library/interface/compiler_fragment/nested.rs:99:5
   |
99 |     CanonicalDataCanonicalProduct,
   |     ^^^^^^^^^^^^^^^^^^^^^^^^^^^^^

warning: missing documentation for a variant
   --> crates/library/interface/compiler_fragment/nested.rs:100:5
    |
100 |     CanonicalDataCanonicalList,
    |     ^^^^^^^^^^^^^^^^^^^^^^^^^^

warning: missing documentation for a variant
   --> crates/library/interface/compiler_fragment/nested.rs:101:5
    |
101 |     CanonicalDataRefinementBound,
    |     ^^^^^^^^^^^^^^^^^^^^^^^^^^^^

warning: missing documentation for a variant
   --> crates/library/interface/compiler_fragment/nested.rs:102:5
    |
102 |     CanonicalDataInternTableFull,
    |     ^^^^^^^^^^^^^^^^^^^^^^^^^^^^

warning: missing documentation for a variant
   --> crates/library/interface/compiler_fragment/nested.rs:103:5
    |
103 |     CanonicalDataInternEntry,
    |     ^^^^^^^^^^^^^^^^^^^^^^^^

warning: missing documentation for a variant
   --> crates/library/interface/compiler_fragment/nested.rs:104:5
    |
104 |     CanonicalDataResourceCounterOverflow,
    |     ^^^^^^^^^^^^^^^^^^^^^^^^^^^^^^^^^^^^

warning: missing documentation for a variant
   --> crates/library/interface/compiler_fragment/nested.rs:105:5
    |
105 |     CanonicalDataBudgetAdmission,
    |     ^^^^^^^^^^^^^^^^^^^^^^^^^^^^

warning: missing documentation for a variant
   --> crates/library/interface/compiler_fragment/nested.rs:106:5
    |
106 |     CanonicalDataBudgetExceeded,
    |     ^^^^^^^^^^^^^^^^^^^^^^^^^^^

warning: missing documentation for a variant
   --> crates/library/interface/compiler_fragment/nested.rs:107:5
    |
107 |     SemanticDataHeader,
    |     ^^^^^^^^^^^^^^^^^^

warning: missing documentation for a variant
   --> crates/library/interface/compiler_fragment/nested.rs:108:5
    |
108 |     SemanticDataAtomLength,
    |     ^^^^^^^^^^^^^^^^^^^^^^

warning: missing documentation for a variant
   --> crates/library/interface/compiler_fragment/nested.rs:109:5
    |
109 |     SemanticDataProductHead,
    |     ^^^^^^^^^^^^^^^^^^^^^^^

warning: missing documentation for a variant
   --> crates/library/interface/compiler_fragment/nested.rs:110:5
    |
110 |     SemanticDataProductList,
    |     ^^^^^^^^^^^^^^^^^^^^^^^

warning: missing documentation for a variant
   --> crates/library/interface/compiler_fragment/nested.rs:111:5
    |
111 |     SemanticDataConstructorCount,
    |     ^^^^^^^^^^^^^^^^^^^^^^^^^^^^

warning: missing documentation for a variant
   --> crates/library/interface/compiler_fragment/nested.rs:112:5
    |
112 |     SemanticDataEntityRootCount,
    |     ^^^^^^^^^^^^^^^^^^^^^^^^^^^

warning: missing documentation for a variant
   --> crates/library/interface/compiler_fragment/nested.rs:113:5
    |
113 |     SemanticDataEntityRoot,
    |     ^^^^^^^^^^^^^^^^^^^^^^

warning: missing documentation for a variant
   --> crates/library/interface/compiler_fragment/nested.rs:114:5
    |
114 |     SemanticDataConstructorTag,
    |     ^^^^^^^^^^^^^^^^^^^^^^^^^^

warning: missing documentation for a variant
   --> crates/library/interface/compiler_fragment/nested.rs:115:5
    |
115 |     SemanticDataConstructorReservedPayload,
    |     ^^^^^^^^^^^^^^^^^^^^^^^^^^^^^^^^^^^^^^

warning: missing documentation for a variant
   --> crates/library/interface/compiler_fragment/nested.rs:116:5
    |
116 |     SemanticDataConstructorArityOverflow,
    |     ^^^^^^^^^^^^^^^^^^^^^^^^^^^^^^^^^^^^

warning: missing documentation for a variant
   --> crates/library/interface/compiler_fragment/nested.rs:117:5
    |
117 |     SemanticDataConstructorArity,
    |     ^^^^^^^^^^^^^^^^^^^^^^^^^^^^

warning: missing documentation for a variant
   --> crates/library/interface/compiler_fragment/nested.rs:118:5
    |
118 |     SemanticDataListExtent,
    |     ^^^^^^^^^^^^^^^^^^^^^^

warning: missing documentation for a variant
   --> crates/library/interface/compiler_fragment/nested.rs:119:5
    |
119 |     SemanticDataChildRoleCode,
    |     ^^^^^^^^^^^^^^^^^^^^^^^^^

warning: missing documentation for a variant
   --> crates/library/interface/compiler_fragment/nested.rs:120:5
    |
120 |     SemanticDataChildRole,
    |     ^^^^^^^^^^^^^^^^^^^^^

warning: missing documentation for a variant
   --> crates/library/interface/compiler_fragment/nested.rs:121:5
    |
121 |     SemanticDataChildTag,
    |     ^^^^^^^^^^^^^^^^^^^^

warning: missing documentation for a variant
   --> crates/library/interface/compiler_fragment/nested.rs:122:5
    |
122 |     SemanticDataLocalChild,
    |     ^^^^^^^^^^^^^^^^^^^^^^

warning: missing documentation for a variant
   --> crates/library/interface/compiler_fragment/nested.rs:123:5
    |
123 |     SemanticDataLocalReserved,
    |     ^^^^^^^^^^^^^^^^^^^^^^^^^

warning: missing documentation for a variant
   --> crates/library/interface/compiler_fragment/nested.rs:124:5
    |
124 |     SemanticDataExternalAuthority,
    |     ^^^^^^^^^^^^^^^^^^^^^^^^^^^^^

warning: missing documentation for a variant
   --> crates/library/interface/compiler_fragment/nested.rs:125:5
    |
125 |     SemanticDataTrailing,
    |     ^^^^^^^^^^^^^^^^^^^^

warning: missing documentation for a variant
   --> crates/library/interface/compiler_fragment/nested.rs:126:5
    |
126 |     OccurrenceOwner,
    |     ^^^^^^^^^^^^^^^

warning: missing documentation for a variant
   --> crates/library/interface/compiler_fragment/nested.rs:127:5
    |
127 |     OccurrenceLocalTarget,
    |     ^^^^^^^^^^^^^^^^^^^^^

warning: missing documentation for a variant
   --> crates/library/interface/compiler_fragment/nested.rs:128:5
    |
128 |     OccurrenceTargetTag,
    |     ^^^^^^^^^^^^^^^^^^^

warning: missing documentation for a variant
   --> crates/library/interface/compiler_fragment/nested.rs:129:5
    |
129 |     OccurrenceOriginTag,
    |     ^^^^^^^^^^^^^^^^^^^

warning: missing documentation for a variant
   --> crates/library/interface/compiler_fragment/nested.rs:130:5
    |
130 |     OccurrenceReferenceKind,
    |     ^^^^^^^^^^^^^^^^^^^^^^^

warning: missing documentation for a variant
   --> crates/library/interface/compiler_fragment/nested.rs:131:5
    |
131 |     OccurrenceConfidence,
    |     ^^^^^^^^^^^^^^^^^^^^

warning: missing documentation for a variant
   --> crates/library/interface/compiler_fragment/nested.rs:132:5
    |
132 |     OccurrenceSpan,
    |     ^^^^^^^^^^^^^^

warning: missing documentation for a variant
   --> crates/library/interface/compiler_fragment/nested.rs:133:5
    |
133 |     OccurrenceKindCell,
    |     ^^^^^^^^^^^^^^^^^^

warning: missing documentation for a variant
   --> crates/library/interface/compiler_fragment/nested.rs:134:5
    |
134 |     OccurrenceEmptyPath,
    |     ^^^^^^^^^^^^^^^^^^^

warning: missing documentation for a variant
   --> crates/library/interface/compiler_fragment/nested.rs:135:5
    |
135 |     OccurrenceTruncated,
    |     ^^^^^^^^^^^^^^^^^^^

warning: missing documentation for a variant
   --> crates/library/interface/compiler_fragment/nested.rs:136:5
    |
136 |     OccurrenceTrailingBytes,
    |     ^^^^^^^^^^^^^^^^^^^^^^^

warning: missing documentation for a variant
   --> crates/library/interface/compiler_fragment/nested.rs:137:5
    |
137 |     OccurrenceLegacyStableTarget,
    |     ^^^^^^^^^^^^^^^^^^^^^^^^^^^^

warning: missing documentation for a variant
   --> crates/library/interface/compiler_fragment/nested.rs:138:5
    |
138 |     OccurrenceAuthorityDomain,
    |     ^^^^^^^^^^^^^^^^^^^^^^^^^

warning: missing documentation for a variant
   --> crates/library/interface/compiler_fragment/nested.rs:139:5
    |
139 |     OccurrenceAuthorityWidth,
    |     ^^^^^^^^^^^^^^^^^^^^^^^^

warning: missing documentation for a variant
   --> crates/library/interface/compiler_fragment/nested.rs:140:5
    |
140 |     ValidateTruncatedHeader,
    |     ^^^^^^^^^^^^^^^^^^^^^^^

warning: missing documentation for a variant
   --> crates/library/interface/compiler_fragment/nested.rs:141:5
    |
141 |     ValidateMagic,
    |     ^^^^^^^^^^^^^

warning: missing documentation for a variant
   --> crates/library/interface/compiler_fragment/nested.rs:142:5
    |
142 |     ValidateSchema,
    |     ^^^^^^^^^^^^^^

warning: missing documentation for a variant
   --> crates/library/interface/compiler_fragment/nested.rs:143:5
    |
143 |     ValidateDeclaredLength,
    |     ^^^^^^^^^^^^^^^^^^^^^^

warning: missing documentation for a variant
   --> crates/library/interface/compiler_fragment/nested.rs:144:5
    |
144 |     ValidateExtent,
    |     ^^^^^^^^^^^^^^

warning: missing documentation for a variant
   --> crates/library/interface/compiler_fragment/nested.rs:145:5
    |
145 |     ValidateWireWidth,
    |     ^^^^^^^^^^^^^^^^^

warning: missing documentation for a variant
   --> crates/library/interface/compiler_fragment/nested.rs:146:5
    |
146 |     SignatureCarrierRoleCount,
    |     ^^^^^^^^^^^^^^^^^^^^^^^^^

warning: missing documentation for a variant
   --> crates/library/interface/compiler_fragment/nested.rs:147:5
    |
147 |     SignatureCarrierRoleKind,
    |     ^^^^^^^^^^^^^^^^^^^^^^^^

warning: missing documentation for a variant
   --> crates/library/interface/compiler_fragment/nested.rs:148:5
    |
148 |     SignatureCarrierRoleOwnerKind,
    |     ^^^^^^^^^^^^^^^^^^^^^^^^^^^^^

warning: missing documentation for a variant
   --> crates/library/interface/compiler_fragment/nested.rs:149:5
    |
149 |     SignatureCarrierBindingOwnerSet,
    |     ^^^^^^^^^^^^^^^^^^^^^^^^^^^^^^^

warning: missing documentation for a variant
   --> crates/library/interface/compiler_fragment/nested.rs:150:5
    |
150 |     SignatureCarrierBindingSignature,
    |     ^^^^^^^^^^^^^^^^^^^^^^^^^^^^^^^^

warning: missing documentation for a variant
   --> crates/library/interface/compiler_fragment/nested.rs:151:5
    |
151 |     SignatureCarrierBindingCounts,
    |     ^^^^^^^^^^^^^^^^^^^^^^^^^^^^^

warning: missing documentation for a variant
   --> crates/library/interface/compiler_fragment/nested.rs:152:5
    |
152 |     SignatureCarrierBindingEdgeRole,
    |     ^^^^^^^^^^^^^^^^^^^^^^^^^^^^^^^

warning: missing documentation for a variant
   --> crates/library/interface/compiler_fragment/nested.rs:153:5
    |
153 |     SignatureCarrierBindingTargetCount,
    |     ^^^^^^^^^^^^^^^^^^^^^^^^^^^^^^^^^^

warning: missing documentation for a variant
   --> crates/library/interface/compiler_fragment/nested.rs:154:5
    |
154 |     SignatureCarrierBindingTargetKind,
    |     ^^^^^^^^^^^^^^^^^^^^^^^^^^^^^^^^^

warning: missing documentation for a variant
   --> crates/library/interface/compiler_fragment/nested.rs:155:5
    |
155 |     SignatureCarrierBindingType,
    |     ^^^^^^^^^^^^^^^^^^^^^^^^^^^

warning: missing documentation for a variant
   --> crates/library/interface/compiler_fragment/nested.rs:156:5
    |
156 |     SignatureCarrierBindingEdgeMismatch,
    |     ^^^^^^^^^^^^^^^^^^^^^^^^^^^^^^^^^^^

warning: missing documentation for a variant
   --> crates/library/interface/compiler_fragment/nested.rs:168:15
    |
168 |               $($variant { $($field: $ty),* }),*
    |                 ^^^^^^^^^^^^^^^^^^^^^^^^^^^^^
...
173 | / nested_fault_enum! {
174 | |     /// Entity-record and entity-coordinate validation subcauses.
175 | |     EntityRecordFaultFacts {
176 | |         TypeReference { ordinal: u32, target: u32, node_count: u32 },
...   |
181 | | }
    | |_- in this macro invocation
    |
    = note: this warning originates in the macro `nested_fault_enum` (in Nightly builds, run with -Z macro-backtrace for more info)

warning: missing documentation for a struct field
   --> crates/library/interface/compiler_fragment/nested.rs:168:28
    |
168 |               $($variant { $($field: $ty),* }),*
    |                              ^^^^^^^^^^^
...
173 | / nested_fault_enum! {
174 | |     /// Entity-record and entity-coordinate validation subcauses.
175 | |     EntityRecordFaultFacts {
176 | |         TypeReference { ordinal: u32, target: u32, node_count: u32 },
...   |
181 | | }
    | |_- in this macro invocation
    |
    = note: this warning originates in the macro `nested_fault_enum` (in Nightly builds, run with -Z macro-backtrace for more info)

warning: missing documentation for a variant
    --> crates/library/interface/compiler_fragment/nested.rs:168:15
     |
 168 |               $($variant { $($field: $ty),* }),*
     |                 ^^^^^^^^^^^^^^^^^^^^^^^^^^^^^
...
1017 | / nested_fault_enum! {
1018 | |     /// Type-node validation subcauses.
1019 | |     TypeNodeFaultFacts {
1020 | |         ReservedBytes { ordinal: u32, packed: u32 },
...    |
1025 | | }
     | |_- in this macro invocation
     |
     = note: this warning originates in the macro `nested_fault_enum` (in Nightly builds, run with -Z macro-backtrace for more info)

warning: missing documentation for a struct field
    --> crates/library/interface/compiler_fragment/nested.rs:168:28
     |
 168 |               $($variant { $($field: $ty),* }),*
     |                              ^^^^^^^^^^^
...
1017 | / nested_fault_enum! {
1018 | |     /// Type-node validation subcauses.
1019 | |     TypeNodeFaultFacts {
1020 | |         ReservedBytes { ordinal: u32, packed: u32 },
...    |
1025 | | }
     | |_- in this macro invocation
     |
     = note: this warning originates in the macro `nested_fault_enum` (in Nightly builds, run with -Z macro-backtrace for more info)

warning: missing documentation for a variant
    --> crates/library/interface/compiler_fragment/nested.rs:168:15
     |
 168 |               $($variant { $($field: $ty),* }),*
     |                 ^^^^^^^^^^^^^^^^^^^^^^^^^^^^^
...
1027 | / nested_fault_enum! {
1028 | |     /// Atom-record validation subcauses.
1029 | |     AtomFaultFacts {
1030 | |         Range { ordinal: u32, start: u32, length: u32, byte_count: u32 },
...    |
1033 | | }
     | |_- in this macro invocation
     |
     = note: this warning originates in the macro `nested_fault_enum` (in Nightly builds, run with -Z macro-backtrace for more info)

warning: missing documentation for a struct field
    --> crates/library/interface/compiler_fragment/nested.rs:168:28
     |
 168 |               $($variant { $($field: $ty),* }),*
     |                              ^^^^^^^^^^^
...
1027 | / nested_fault_enum! {
1028 | |     /// Atom-record validation subcauses.
1029 | |     AtomFaultFacts {
1030 | |         Range { ordinal: u32, start: u32, length: u32, byte_count: u32 },
...    |
1033 | | }
     | |_- in this macro invocation
     |
     = note: this warning originates in the macro `nested_fault_enum` (in Nightly builds, run with -Z macro-backtrace for more info)

warning: missing documentation for a variant
    --> crates/library/interface/compiler_fragment/nested.rs:168:15
     |
 168 |               $($variant { $($field: $ty),* }),*
     |                 ^^^^^^^^^^^^^^^^^^^^^^^^^^^^^
...
1035 | / nested_fault_enum! {
1036 | |     /// Canonical semantic graph preparation subcauses.
1037 | |     CanonicalDataFaultFacts {
1038 | |         Count { lane: Lane, actual: u64 },
...    |
1068 | | }
     | |_- in this macro invocation
     |
     = note: this warning originates in the macro `nested_fault_enum` (in Nightly builds, run with -Z macro-backtrace for more info)

warning: missing documentation for a struct field
    --> crates/library/interface/compiler_fragment/nested.rs:168:28
     |
 168 |               $($variant { $($field: $ty),* }),*
     |                              ^^^^^^^^^^^
...
1035 | / nested_fault_enum! {
1036 | |     /// Canonical semantic graph preparation subcauses.
1037 | |     CanonicalDataFaultFacts {
1038 | |         Count { lane: Lane, actual: u64 },
...    |
1068 | | }
     | |_- in this macro invocation
     |
     = note: this warning originates in the macro `nested_fault_enum` (in Nightly builds, run with -Z macro-backtrace for more info)

warning: missing documentation for a variant
    --> crates/library/interface/compiler_fragment/nested.rs:168:15
     |
 168 |               $($variant { $($field: $ty),* }),*
     |                 ^^^^^^^^^^^^^^^^^^^^^^^^^^^^^
...
1070 | / nested_fault_enum! {
1071 | |     /// Semantic-data reopening subcauses.
1072 | |     SemanticDataFaultFacts {
1073 | |         Header { required: u64, actual: u64 },
...    |
1093 | | }
     | |_- in this macro invocation
     |
     = note: this warning originates in the macro `nested_fault_enum` (in Nightly builds, run with -Z macro-backtrace for more info)

warning: missing documentation for a struct field
    --> crates/library/interface/compiler_fragment/nested.rs:168:28
     |
 168 |               $($variant { $($field: $ty),* }),*
     |                              ^^^^^^^^^^^
...
1070 | / nested_fault_enum! {
1071 | |     /// Semantic-data reopening subcauses.
1072 | |     SemanticDataFaultFacts {
1073 | |         Header { required: u64, actual: u64 },
...    |
1093 | | }
     | |_- in this macro invocation
     |
     = note: this warning originates in the macro `nested_fault_enum` (in Nightly builds, run with -Z macro-backtrace for more info)

warning: missing documentation for a variant
    --> crates/library/interface/compiler_fragment/nested.rs:168:15
     |
 168 |               $($variant { $($field: $ty),* }),*
     |                 ^^^^^^^^^^^^^^^^^^^^^^^^^^^^^
...
1095 | / nested_fault_enum! {
1096 | |     /// Occurrence-plane reopening subcauses.
1097 | |     OccurrenceFaultFacts {
1098 | |         Owner { ordinal: u32, owner: u32, entity_count: u32 },
...    |
1113 | | }
     | |_- in this macro invocation
     |
     = note: this warning originates in the macro `nested_fault_enum` (in Nightly builds, run with -Z macro-backtrace for more info)

warning: missing documentation for a struct field
    --> crates/library/interface/compiler_fragment/nested.rs:168:28
     |
 168 |               $($variant { $($field: $ty),* }),*
     |                              ^^^^^^^^^^^
...
1095 | / nested_fault_enum! {
1096 | |     /// Occurrence-plane reopening subcauses.
1097 | |     OccurrenceFaultFacts {
1098 | |         Owner { ordinal: u32, owner: u32, entity_count: u32 },
...    |
1113 | | }
     | |_- in this macro invocation
     |
     = note: this warning originates in the macro `nested_fault_enum` (in Nightly builds, run with -Z macro-backtrace for more info)

warning: missing documentation for a variant
    --> crates/library/interface/compiler_fragment/nested.rs:168:15
     |
 168 |               $($variant { $($field: $ty),* }),*
     |                 ^^^^^^^^^^^^^^^^^^^^^^^^^^^^^
...
1115 | / nested_fault_enum! {
1116 | |     /// Signature-carrier binding subcauses.
1117 | |     SignatureCarrierFaultFacts {
1118 | |         RoleCount { expected: u64, observed: u64 },
...    |
1130 | | }
     | |_- in this macro invocation
     |
     = note: this warning originates in the macro `nested_fault_enum` (in Nightly builds, run with -Z macro-backtrace for more info)

warning: missing documentation for a struct field
    --> crates/library/interface/compiler_fragment/nested.rs:168:28
     |
 168 |               $($variant { $($field: $ty),* }),*
     |                              ^^^^^^^^^^^
...
1115 | / nested_fault_enum! {
1116 | |     /// Signature-carrier binding subcauses.
1117 | |     SignatureCarrierFaultFacts {
1118 | |         RoleCount { expected: u64, observed: u64 },
...    |
1130 | | }
     | |_- in this macro invocation
     |
     = note: this warning originates in the macro `nested_fault_enum` (in Nightly builds, run with -Z macro-backtrace for more info)

warning: missing documentation for a variant
    --> crates/library/interface/compiler_fragment/nested.rs:168:15
     |
 168 |               $($variant { $($field: $ty),* }),*
     |                 ^^^^^^^^^^^^^^^^^^^^^^^^^^^^^
...
1132 | / nested_fault_enum! {
1133 | |     /// Fragment header and extent validation subcauses.
1134 | |     ValidationFaultFacts {
1135 | |         TruncatedHeader { required: u64, actual: u64 },
...    |
1147 | | }
     | |_- in this macro invocation
     |
     = note: this warning originates in the macro `nested_fault_enum` (in Nightly builds, run with -Z macro-backtrace for more info)

warning: missing documentation for a struct field
    --> crates/library/interface/compiler_fragment/nested.rs:168:28
     |
 168 |               $($variant { $($field: $ty),* }),*
     |                              ^^^^^^^^^^^
...
1132 | / nested_fault_enum! {
1133 | |     /// Fragment header and extent validation subcauses.
1134 | |     ValidationFaultFacts {
1135 | |         TruncatedHeader { required: u64, actual: u64 },
...    |
1147 | | }
     | |_- in this macro invocation
     |
     = note: this warning originates in the macro `nested_fault_enum` (in Nightly builds, run with -Z macro-backtrace for more info)

warning: unreachable `pub` item
  --> crates/library/surface.rs:27:48
   |
25 | pub use package_compiler_failure::{
   | --- help: consider restricting its visibility: `pub(crate)`
26 |     AuthorityClassFact, AuthorityPhaseFact, CompilerAuthorityDiagnosticFacts, CompilerLanguageFact,
27 |     CompilerNativeToolFact, CompilerStageFact, PackageAnonymousCallableAnchorFaultFacts,
   |                                                ^^^^^^^^^^^^^^^^^^^^^^^^^^^^^^^^^^^^^^^^
   |
   = help: or consider exporting it for use by other crates
   = note: requested on the command line with `-W unreachable-pub`

warning: unreachable `pub` item
  --> crates/library/surface.rs:28:5
   |
25 | pub use package_compiler_failure::{
   | --- help: consider restricting its visibility: `pub(crate)`
...
28 |     PackageAnonymousCallableAnchorPoolFact, PackageCompilerFailureCause,
   |     ^^^^^^^^^^^^^^^^^^^^^^^^^^^^^^^^^^^^^^
   |
   = help: or consider exporting it for use by other crates

warning: missing documentation for a variant
  --> crates/library/surface/package_compiler_failure.rs:28:5
   |
28 |     Prepare,
   |     ^^^^^^^

warning: missing documentation for a variant
  --> crates/library/surface/package_compiler_failure.rs:29:5
   |
29 |     Write,
   |     ^^^^^

warning: missing documentation for a variant
  --> crates/library/surface/package_compiler_failure.rs:30:5
   |
30 |     Validate,
   |     ^^^^^^^^

warning: missing documentation for a variant
  --> crates/library/surface/package_compiler_failure.rs:31:5
   |
31 |     Setup,
   |     ^^^^^

warning: missing documentation for a variant
  --> crates/library/surface/package_compiler_failure.rs:32:5
   |
32 |     Lowering,
   |     ^^^^^^^^

warning: missing documentation for a variant
  --> crates/library/surface/package_compiler_failure.rs:33:5
   |
33 |     Authority,
   |     ^^^^^^^^^

warning: missing documentation for a variant
  --> crates/library/surface/package_compiler_failure.rs:40:5
   |
40 |     Rust,
   |     ^^^^

warning: missing documentation for a variant
  --> crates/library/surface/package_compiler_failure.rs:41:5
   |
41 |     TypeScript,
   |     ^^^^^^^^^^

warning: missing documentation for a variant
  --> crates/library/surface/package_compiler_failure.rs:42:5
   |
42 |     Python,
   |     ^^^^^^

warning: missing documentation for a variant
  --> crates/library/surface/package_compiler_failure.rs:43:5
   |
43 |     Go,
   |     ^^

warning: missing documentation for a variant
  --> crates/library/surface/package_compiler_failure.rs:44:5
   |
44 |     Java,
   |     ^^^^

warning: missing documentation for a variant
  --> crates/library/surface/package_compiler_failure.rs:45:5
   |
45 |     CSharp,
   |     ^^^^^^

warning: missing documentation for a variant
  --> crates/library/surface/package_compiler_failure.rs:46:5
   |
46 |     Clang,
   |     ^^^^^

warning: missing documentation for a variant
  --> crates/library/surface/package_compiler_failure.rs:53:5
   |
53 |     Parse,
   |     ^^^^^

warning: missing documentation for a variant
  --> crates/library/surface/package_compiler_failure.rs:54:5
   |
54 |     LowerIr,
   |     ^^^^^^^

warning: missing documentation for a variant
  --> crates/library/surface/package_compiler_failure.rs:61:5
   |
61 |     Rustc,
   |     ^^^^^

warning: missing documentation for a variant
  --> crates/library/surface/package_compiler_failure.rs:62:5
   |
62 |     Clang,
   |     ^^^^^

warning: missing documentation for a variant
  --> crates/library/surface/package_compiler_failure.rs:63:5
   |
63 |     Python,
   |     ^^^^^^

warning: missing documentation for a variant
  --> crates/library/surface/package_compiler_failure.rs:64:5
   |
64 |     TypeScriptCompiler,
   |     ^^^^^^^^^^^^^^^^^^

warning: missing documentation for a variant
  --> crates/library/surface/package_compiler_failure.rs:65:5
   |
65 |     GoCompiler,
   |     ^^^^^^^^^^

warning: missing documentation for a variant
  --> crates/library/surface/package_compiler_failure.rs:66:5
   |
66 |     JavaCompiler,
   |     ^^^^^^^^^^^^

warning: missing documentation for a variant
  --> crates/library/surface/package_compiler_failure.rs:67:5
   |
67 |     CSharpCompiler,
   |     ^^^^^^^^^^^^^^

warning: missing documentation for a struct field
   --> crates/library/surface/package_compiler_failure.rs:128:9
    |
128 |         language: CompilerLanguageFact,
    |         ^^^^^^^^^^^^^^^^^^^^^^^^^^^^^^

warning: missing documentation for a struct field
   --> crates/library/surface/package_compiler_failure.rs:129:9
    |
129 |         stage: CompilerStageFact,
    |         ^^^^^^^^^^^^^^^^^^^^^^^^

warning: missing documentation for a struct field
   --> crates/library/surface/package_compiler_failure.rs:130:9
    |
130 |         selected: CompilerNativeToolFact,
    |         ^^^^^^^^^^^^^^^^^^^^^^^^^^^^^^^^

warning: missing documentation for a struct field
   --> crates/library/surface/package_compiler_failure.rs:131:9
    |
131 |         configured: Option<CompilerNativeToolFact>,
    |         ^^^^^^^^^^^^^^^^^^^^^^^^^^^^^^^^^^^^^^^^^^

warning: missing documentation for a struct field
   --> crates/library/surface/package_compiler_failure.rs:135:9
    |
135 |         language: CompilerLanguageFact,
    |         ^^^^^^^^^^^^^^^^^^^^^^^^^^^^^^

warning: missing documentation for a struct field
   --> crates/library/surface/package_compiler_failure.rs:136:9
    |
136 |         stage: CompilerStageFact,
    |         ^^^^^^^^^^^^^^^^^^^^^^^^

warning: missing documentation for a struct field
   --> crates/library/surface/package_compiler_failure.rs:137:9
    |
137 |         tool: CompilerNativeToolFact,
    |         ^^^^^^^^^^^^^^^^^^^^^^^^^^^^

warning: missing documentation for a struct field
   --> crates/library/surface/package_compiler_failure.rs:141:9
    |
141 |         language: CompilerLanguageFact,
    |         ^^^^^^^^^^^^^^^^^^^^^^^^^^^^^^

warning: missing documentation for a struct field
   --> crates/library/surface/package_compiler_failure.rs:142:9
    |
142 |         stage: CompilerStageFact,
    |         ^^^^^^^^^^^^^^^^^^^^^^^^

warning: missing documentation for a struct field
   --> crates/library/surface/package_compiler_failure.rs:143:9
    |
143 |         issue: CompilerToolIssue,
    |         ^^^^^^^^^^^^^^^^^^^^^^^^

warning: missing documentation for a struct field
   --> crates/library/surface/package_compiler_failure.rs:149:9
    |
149 |         phase: AuthorityPhaseFact,
    |         ^^^^^^^^^^^^^^^^^^^^^^^^^

warning: missing documentation for a struct field
   --> crates/library/surface/package_compiler_failure.rs:150:9
    |
150 |         class: AuthorityClassFact,
    |         ^^^^^^^^^^^^^^^^^^^^^^^^^

warning: missing documentation for a struct field
   --> crates/library/surface/package_compiler_failure.rs:151:9
    |
151 |         diagnostic: Option<CompilerAuthorityDiagnosticFacts>,
    |         ^^^^^^^^^^^^^^^^^^^^^^^^^^^^^^^^^^^^^^^^^^^^^^^^^^^^

warning: missing documentation for a variant
   --> crates/library/surface/package_compiler_failure.rs:356:5
    |
356 |     Open,
    |     ^^^^

warning: missing documentation for a variant
   --> crates/library/surface/package_compiler_failure.rs:357:5
    |
357 |     Parse,
    |     ^^^^^

warning: missing documentation for a variant
   --> crates/library/surface/package_compiler_failure.rs:358:5
    |
358 |     Resolve,
    |     ^^^^^^^

warning: missing documentation for a variant
   --> crates/library/surface/package_compiler_failure.rs:359:5
    |
359 |     TypeCheck,
    |     ^^^^^^^^^

warning: missing documentation for a variant
   --> crates/library/surface/package_compiler_failure.rs:360:5
    |
360 |     Project,
    |     ^^^^^^^

warning: missing documentation for a variant
   --> crates/library/surface/package_compiler_failure.rs:367:5
    |
367 |     Syntax,
    |     ^^^^^^

warning: missing documentation for a variant
   --> crates/library/surface/package_compiler_failure.rs:368:5
    |
368 |     Binding,
    |     ^^^^^^^

warning: missing documentation for a variant
   --> crates/library/surface/package_compiler_failure.rs:369:5
    |
369 |     SourceScope,
    |     ^^^^^^^^^^^

warning: missing documentation for a variant
   --> crates/library/surface/package_compiler_failure.rs:370:5
    |
370 |     Type,
    |     ^^^^

warning: missing documentation for a variant
   --> crates/library/surface/package_compiler_failure.rs:371:5
    |
371 |     Authority,
    |     ^^^^^^^^^

warning: missing documentation for a variant
   --> crates/library/surface/package_compiler_failure.rs:372:5
    |
372 |     Projection,
    |     ^^^^^^^^^^

warning: missing documentation for a struct field
   --> crates/library/surface/package_compiler_failure.rs:379:5
    |
379 |     pub retained_bytes: u32,
    |     ^^^^^^^^^^^^^^^^^^^^^^^

warning: missing documentation for a struct field
   --> crates/library/surface/package_compiler_failure.rs:380:5
    |
380 |     pub observed_bytes: u64,
    |     ^^^^^^^^^^^^^^^^^^^^^^^

warning: missing documentation for a struct field
   --> crates/library/surface/package_compiler_failure.rs:381:5
    |
381 |     pub truncated: bool,
    |     ^^^^^^^^^^^^^^^^^^^

warning: missing documentation for a variant
   --> crates/library/surface/package_compiler_failure.rs:399:5
    |
399 |     NoSupportedDeclaration,
    |     ^^^^^^^^^^^^^^^^^^^^^^

warning: missing documentation for a variant
   --> crates/library/surface/package_compiler_failure.rs:400:5
    |
400 |     ExtensionAtomUnbound {
    |     ^^^^^^^^^^^^^^^^^^^^

warning: missing documentation for a struct field
   --> crates/library/surface/package_compiler_failure.rs:401:9
    |
401 |         row: u32,
    |         ^^^^^^^^

warning: missing documentation for a struct field
   --> crates/library/surface/package_compiler_failure.rs:402:9
    |
402 |         provisional: u32,
    |         ^^^^^^^^^^^^^^^^

warning: missing documentation for a struct field
   --> crates/library/surface/package_compiler_failure.rs:403:9
    |
403 |         atom_count: u32,
    |         ^^^^^^^^^^^^^^^

warning: missing documentation for a variant
   --> crates/library/surface/package_compiler_failure.rs:405:5
    |
405 |     ExtensionTypeParametersUnbound {
    |     ^^^^^^^^^^^^^^^^^^^^^^^^^^^^^^

warning: missing documentation for a struct field
   --> crates/library/surface/package_compiler_failure.rs:406:9
    |
406 |         row: u32,
    |         ^^^^^^^^

warning: missing documentation for a struct field
   --> crates/library/surface/package_compiler_failure.rs:407:9
    |
407 |         start: u32,
    |         ^^^^^^^^^^

warning: missing documentation for a struct field
   --> crates/library/surface/package_compiler_failure.rs:408:9
    |
408 |         length: u32,
    |         ^^^^^^^^^^^

warning: missing documentation for a struct field
   --> crates/library/surface/package_compiler_failure.rs:409:9
    |
409 |         element_count: u32,
    |         ^^^^^^^^^^^^^^^^^^

warning: missing documentation for a variant
   --> crates/library/surface/package_compiler_failure.rs:411:5
    |
411 |     FactRejected {
    |     ^^^^^^^^^^^^

warning: missing documentation for a struct field
   --> crates/library/surface/package_compiler_failure.rs:412:9
    |
412 |         fact: u64,
    |         ^^^^^^^^^

warning: missing documentation for a struct field
   --> crates/library/surface/package_compiler_failure.rs:413:9
    |
413 |         name_len: u64,
    |         ^^^^^^^^^^^^^

warning: missing documentation for a struct field
   --> crates/library/surface/package_compiler_failure.rs:414:9
    |
414 |         cause: PackageProjectionAdmissionFaultFacts,
    |         ^^^^^^^^^^^^^^^^^^^^^^^^^^^^^^^^^^^^^^^^^^^

warning: missing documentation for a variant
   --> crates/library/surface/package_compiler_failure.rs:416:5
    |
416 |     RustFunction,
    |     ^^^^^^^^^^^^

warning: missing documentation for a variant
   --> crates/library/surface/package_compiler_failure.rs:417:5
    |
417 |     RustConstantType,
    |     ^^^^^^^^^^^^^^^^

warning: missing documentation for a variant
   --> crates/library/surface/package_compiler_failure.rs:418:5
    |
418 |     RustGenericParameter,
    |     ^^^^^^^^^^^^^^^^^^^^

warning: missing documentation for a variant
   --> crates/library/surface/package_compiler_failure.rs:419:5
    |
419 |     PythonAssignmentName,
    |     ^^^^^^^^^^^^^^^^^^^^

warning: missing documentation for a variant
   --> crates/library/surface/package_compiler_failure.rs:420:5
    |
420 |     PythonAssignmentValue,
    |     ^^^^^^^^^^^^^^^^^^^^^

warning: missing documentation for a variant
   --> crates/library/surface/package_compiler_failure.rs:421:5
    |
421 |     ClangDeclarationForm,
    |     ^^^^^^^^^^^^^^^^^^^^

warning: missing documentation for a variant
   --> crates/library/surface/package_compiler_failure.rs:422:5
    |
422 |     TypeScriptDeclarationForm,
    |     ^^^^^^^^^^^^^^^^^^^^^^^^^

warning: missing documentation for a variant
   --> crates/library/surface/package_compiler_failure.rs:423:5
    |
423 |     TypeScriptDeclarationType,
    |     ^^^^^^^^^^^^^^^^^^^^^^^^^

warning: missing documentation for a variant
   --> crates/library/surface/package_compiler_failure.rs:424:5
    |
424 |     CSharpDeclarationForm,
    |     ^^^^^^^^^^^^^^^^^^^^^

warning: missing documentation for a variant
   --> crates/library/surface/package_compiler_failure.rs:425:5
    |
425 |     CSharpDeclarationType,
    |     ^^^^^^^^^^^^^^^^^^^^^

warning: missing documentation for a variant
   --> crates/library/surface/package_compiler_failure.rs:426:5
    |
426 |     GoDeclarationForm,
    |     ^^^^^^^^^^^^^^^^^

warning: missing documentation for a variant
   --> crates/library/surface/package_compiler_failure.rs:427:5
    |
427 |     GoDeclarationType,
    |     ^^^^^^^^^^^^^^^^^

warning: missing documentation for a variant
   --> crates/library/surface/package_compiler_failure.rs:428:5
    |
428 |     JavaDeclarationForm,
    |     ^^^^^^^^^^^^^^^^^^^

warning: missing documentation for a variant
   --> crates/library/surface/package_compiler_failure.rs:429:5
    |
429 |     JavaProjection {
    |     ^^^^^^^^^^^^^^

warning: missing documentation for a struct field
   --> crates/library/surface/package_compiler_failure.rs:430:9
    |
430 |         fault: PackageLanguageProjectionFault,
    |         ^^^^^^^^^^^^^^^^^^^^^^^^^^^^^^^^^^^^^

warning: missing documentation for a variant
   --> crates/library/surface/package_compiler_failure.rs:432:5
    |
432 |     GoProjection {
    |     ^^^^^^^^^^^^

warning: missing documentation for a struct field
   --> crates/library/surface/package_compiler_failure.rs:433:9
    |
433 |         fault: PackageLanguageProjectionFault,
    |         ^^^^^^^^^^^^^^^^^^^^^^^^^^^^^^^^^^^^^

warning: missing documentation for a variant
   --> crates/library/surface/package_compiler_failure.rs:435:5
    |
435 |     TypeScriptProjection {
    |     ^^^^^^^^^^^^^^^^^^^^

warning: missing documentation for a struct field
   --> crates/library/surface/package_compiler_failure.rs:436:9
    |
436 |         fault: PackageTypeScriptProjectionFaultFacts,
    |         ^^^^^^^^^^^^^^^^^^^^^^^^^^^^^^^^^^^^^^^^^^^^

warning: missing documentation for a variant
   --> crates/library/surface/package_compiler_failure.rs:438:5
    |
438 |     PythonProjection {
    |     ^^^^^^^^^^^^^^^^

warning: missing documentation for a struct field
   --> crates/library/surface/package_compiler_failure.rs:439:9
    |
439 |         fault: PackageLanguageProjectionFault,
    |         ^^^^^^^^^^^^^^^^^^^^^^^^^^^^^^^^^^^^^

warning: missing documentation for a variant
   --> crates/library/surface/package_compiler_failure.rs:441:5
    |
441 |     CSharpProjection {
    |     ^^^^^^^^^^^^^^^^

warning: missing documentation for a struct field
   --> crates/library/surface/package_compiler_failure.rs:442:9
    |
442 |         fault: PackageLanguageProjectionFault,
    |         ^^^^^^^^^^^^^^^^^^^^^^^^^^^^^^^^^^^^^

warning: missing documentation for a variant
   --> crates/library/surface/package_compiler_failure.rs:444:5
    |
444 |     ClangProjection {
    |     ^^^^^^^^^^^^^^^

warning: missing documentation for a struct field
   --> crates/library/surface/package_compiler_failure.rs:445:9
    |
445 |         fault: PackageLanguageProjectionFault,
    |         ^^^^^^^^^^^^^^^^^^^^^^^^^^^^^^^^^^^^^

warning: missing documentation for a variant
   --> crates/library/surface/package_compiler_failure.rs:487:5
    |
487 |     ForeignKey {
    |     ^^^^^^^^^^

warning: missing documentation for a struct field
   --> crates/library/surface/package_compiler_failure.rs:488:9
    |
488 |         start: u32,
    |         ^^^^^^^^^^

warning: missing documentation for a struct field
   --> crates/library/surface/package_compiler_failure.rs:489:9
    |
489 |         end: u32,
    |         ^^^^^^^^

warning: missing documentation for a struct field
   --> crates/library/surface/package_compiler_failure.rs:490:9
    |
490 |         cause: PackageForeignKeyFaultFacts,
    |         ^^^^^^^^^^^^^^^^^^^^^^^^^^^^^^^^^^

warning: missing documentation for a variant
   --> crates/library/surface/package_compiler_failure.rs:492:5
    |
492 |     PackageLineage {
    |     ^^^^^^^^^^^^^^

warning: missing documentation for a struct field
   --> crates/library/surface/package_compiler_failure.rs:493:9
    |
493 |         start: u32,
    |         ^^^^^^^^^^

warning: missing documentation for a struct field
   --> crates/library/surface/package_compiler_failure.rs:494:9
    |
494 |         end: u32,
    |         ^^^^^^^^

warning: missing documentation for a struct field
   --> crates/library/surface/package_compiler_failure.rs:495:9
    |
495 |         cause: PackageLineageFaultFacts,
    |         ^^^^^^^^^^^^^^^^^^^^^^^^^^^^^^^

warning: missing documentation for a variant
   --> crates/library/surface/package_compiler_failure.rs:497:5
    |
497 |     CoordinateOverflow {
    |     ^^^^^^^^^^^^^^^^^^

warning: missing documentation for a struct field
   --> crates/library/surface/package_compiler_failure.rs:498:9
    |
498 |         value: u64,
    |         ^^^^^^^^^^

warning: missing documentation for a variant
   --> crates/library/surface/package_compiler_failure.rs:500:5
    |
500 |     MissingImportBinding {
    |     ^^^^^^^^^^^^^^^^^^^^

warning: missing documentation for a struct field
   --> crates/library/surface/package_compiler_failure.rs:501:9
    |
501 |         fact: u32,
    |         ^^^^^^^^^

warning: missing documentation for a variant
   --> crates/library/surface/package_compiler_failure.rs:557:5
    |
557 |     JavaImage,
    |     ^^^^^^^^^

warning: missing documentation for a variant
   --> crates/library/surface/package_compiler_failure.rs:558:5
    |
558 |     JavaDepth,
    |     ^^^^^^^^^

warning: missing documentation for a variant
   --> crates/library/surface/package_compiler_failure.rs:559:5
    |
559 |     JavaMalformedType,
    |     ^^^^^^^^^^^^^^^^^

warning: missing documentation for a variant
   --> crates/library/surface/package_compiler_failure.rs:560:5
    |
560 |     JavaPrimitive,
    |     ^^^^^^^^^^^^^

warning: missing documentation for a variant
   --> crates/library/surface/package_compiler_failure.rs:561:5
    |
561 |     JavaAtomUtf8,
    |     ^^^^^^^^^^^^

warning: missing documentation for a variant
   --> crates/library/surface/package_compiler_failure.rs:562:5
    |
562 |     JavaSourceUtf8,
    |     ^^^^^^^^^^^^^^

warning: missing documentation for a variant
   --> crates/library/surface/package_compiler_failure.rs:563:5
    |
563 |     JavaUtf16Offset,
    |     ^^^^^^^^^^^^^^^

warning: missing documentation for a variant
   --> crates/library/surface/package_compiler_failure.rs:564:5
    |
564 |     JavaUtf16Range,
    |     ^^^^^^^^^^^^^^

warning: missing documentation for a variant
   --> crates/library/surface/package_compiler_failure.rs:565:5
    |
565 |     JavaOrphanOwner,
    |     ^^^^^^^^^^^^^^^

warning: missing documentation for a variant
   --> crates/library/surface/package_compiler_failure.rs:566:5
    |
566 |     JavaForeignKey,
    |     ^^^^^^^^^^^^^^

warning: missing documentation for a variant
   --> crates/library/surface/package_compiler_failure.rs:567:5
    |
567 |     JavaSiblingCapacity,
    |     ^^^^^^^^^^^^^^^^^^^

warning: missing documentation for a variant
   --> crates/library/surface/package_compiler_failure.rs:568:5
    |
568 |     JavaIndexCapacity,
    |     ^^^^^^^^^^^^^^^^^

warning: missing documentation for a variant
   --> crates/library/surface/package_compiler_failure.rs:569:5
    |
569 |     GoImage,
    |     ^^^^^^^

warning: missing documentation for a variant
   --> crates/library/surface/package_compiler_failure.rs:570:5
    |
570 |     GoIndexCapacity,
    |     ^^^^^^^^^^^^^^^

warning: missing documentation for a variant
   --> crates/library/surface/package_compiler_failure.rs:571:5
    |
571 |     GoDepth,
    |     ^^^^^^^

warning: missing documentation for a variant
   --> crates/library/surface/package_compiler_failure.rs:572:5
    |
572 |     GoVariadicWithoutParameter,
    |     ^^^^^^^^^^^^^^^^^^^^^^^^^^

warning: missing documentation for a variant
   --> crates/library/surface/package_compiler_failure.rs:573:5
    |
573 |     GoAnchor,
    |     ^^^^^^^^

warning: missing documentation for a variant
   --> crates/library/surface/package_compiler_failure.rs:574:5
    |
574 |     GoListCapacity,
    |     ^^^^^^^^^^^^^^

warning: missing documentation for a variant
   --> crates/library/surface/package_compiler_failure.rs:575:5
    |
575 |     GoOrphanTarget,
    |     ^^^^^^^^^^^^^^

warning: missing documentation for a variant
   --> crates/library/surface/package_compiler_failure.rs:576:5
    |
576 |     GoForeignKey,
    |     ^^^^^^^^^^^^

warning: missing documentation for a variant
   --> crates/library/surface/package_compiler_failure.rs:577:5
    |
577 |     GoPackageLineage,
    |     ^^^^^^^^^^^^^^^^

warning: missing documentation for a variant
   --> crates/library/surface/package_compiler_failure.rs:578:5
    |
578 |     GoAtomUtf8,
    |     ^^^^^^^^^^

warning: missing documentation for a variant
   --> crates/library/surface/package_compiler_failure.rs:579:5
    |
579 |     GoRelativeSpan,
    |     ^^^^^^^^^^^^^^

warning: missing documentation for a variant
   --> crates/library/surface/package_compiler_failure.rs:580:5
    |
580 |     GoOrphanOwner,
    |     ^^^^^^^^^^^^^

warning: missing documentation for a variant
   --> crates/library/surface/package_compiler_failure.rs:581:5
    |
581 |     GoAdmission,
    |     ^^^^^^^^^^^

warning: missing documentation for a variant
   --> crates/library/surface/package_compiler_failure.rs:582:5
    |
582 |     PythonForeignSpellingUtf8,
    |     ^^^^^^^^^^^^^^^^^^^^^^^^^

warning: missing documentation for a variant
   --> crates/library/surface/package_compiler_failure.rs:583:5
    |
583 |     PythonForeignKey,
    |     ^^^^^^^^^^^^^^^^

warning: missing documentation for a variant
   --> crates/library/surface/package_compiler_failure.rs:584:5
    |
584 |     PythonPackageLineage,
    |     ^^^^^^^^^^^^^^^^^^^^

warning: missing documentation for a variant
   --> crates/library/surface/package_compiler_failure.rs:585:5
    |
585 |     PythonContainment,
    |     ^^^^^^^^^^^^^^^^^

warning: missing documentation for a variant
   --> crates/library/surface/package_compiler_failure.rs:586:5
    |
586 |     CSharpImage,
    |     ^^^^^^^^^^^

warning: missing documentation for a variant
   --> crates/library/surface/package_compiler_failure.rs:587:5
    |
587 |     CSharpDepth,
    |     ^^^^^^^^^^^

warning: missing documentation for a variant
   --> crates/library/surface/package_compiler_failure.rs:588:5
    |
588 |     CSharpNameSpan,
    |     ^^^^^^^^^^^^^^

warning: missing documentation for a variant
   --> crates/library/surface/package_compiler_failure.rs:589:5
    |
589 |     CSharpOwnerOrder,
    |     ^^^^^^^^^^^^^^^^

warning: missing documentation for a variant
   --> crates/library/surface/package_compiler_failure.rs:590:5
    |
590 |     CSharpAnchor,
    |     ^^^^^^^^^^^^

warning: missing documentation for a variant
   --> crates/library/surface/package_compiler_failure.rs:591:5
    |
591 |     CSharpForeign,
    |     ^^^^^^^^^^^^^

warning: missing documentation for a variant
   --> crates/library/surface/package_compiler_failure.rs:592:5
    |
592 |     CSharpAttributeCapacity,
    |     ^^^^^^^^^^^^^^^^^^^^^^^

warning: missing documentation for a variant
   --> crates/library/surface/package_compiler_failure.rs:593:5
    |
593 |     CSharpIndexCapacity,
    |     ^^^^^^^^^^^^^^^^^^^

warning: missing documentation for a variant
   --> crates/library/surface/package_compiler_failure.rs:594:5
    |
594 |     CSharpHeterogeneousArrayRank,
    |     ^^^^^^^^^^^^^^^^^^^^^^^^^^^^

warning: missing documentation for a variant
   --> crates/library/surface/package_compiler_failure.rs:595:5
    |
595 |     CSharpResultName,
    |     ^^^^^^^^^^^^^^^^

warning: missing documentation for a variant
   --> crates/library/surface/package_compiler_failure.rs:596:5
    |
596 |     CSharpAdmission,
    |     ^^^^^^^^^^^^^^^

warning: missing documentation for a variant
   --> crates/library/surface/package_compiler_failure.rs:597:5
    |
597 |     ClangSpan,
    |     ^^^^^^^^^

warning: missing documentation for a variant
   --> crates/library/surface/package_compiler_failure.rs:598:5
    |
598 |     ClangNameless,
    |     ^^^^^^^^^^^^^

warning: missing documentation for a variant
   --> crates/library/surface/package_compiler_failure.rs:599:5
    |
599 |     ClangAnchor,
    |     ^^^^^^^^^^^

warning: missing documentation for a variant
   --> crates/library/surface/package_compiler_failure.rs:600:5
    |
600 |     ClangIndexCapacity,
    |     ^^^^^^^^^^^^^^^^^^

warning: missing documentation for a variant
   --> crates/library/surface/package_compiler_failure.rs:601:5
    |
601 |     ClangForeignOverride,
    |     ^^^^^^^^^^^^^^^^^^^^

warning: missing documentation for a variant
   --> crates/library/surface/package_compiler_failure.rs:602:5
    |
602 |     ClangForeignReference,
    |     ^^^^^^^^^^^^^^^^^^^^^

warning: missing documentation for a variant
   --> crates/library/surface/package_compiler_failure.rs:603:5
    |
603 |     ClangIllegalQualifierTarget,
    |     ^^^^^^^^^^^^^^^^^^^^^^^^^^^

warning: missing documentation for a variant
   --> crates/library/surface/package_compiler_failure.rs:604:5
    |
604 |     ClangIllegalMemberPointerOwner,
    |     ^^^^^^^^^^^^^^^^^^^^^^^^^^^^^^

warning: missing documentation for a variant
   --> crates/library/surface/package_compiler_failure.rs:672:5
    |
672 |     Tag {
    |     ^^^

warning: missing documentation for a struct field
   --> crates/library/surface/package_compiler_failure.rs:673:9
    |
673 |         actual: u32,
    |         ^^^^^^^^^^^

warning: missing documentation for a variant
   --> crates/library/surface/package_compiler_failure.rs:675:5
    |
675 |     ReservedPayload {
    |     ^^^^^^^^^^^^^^^

warning: missing documentation for a struct field
   --> crates/library/surface/package_compiler_failure.rs:676:9
    |
676 |         tag: u8,
    |         ^^^^^^^

warning: missing documentation for a struct field
   --> crates/library/surface/package_compiler_failure.rs:677:9
    |
677 |         payload0: u32,
    |         ^^^^^^^^^^^^^

warning: missing documentation for a struct field
   --> crates/library/surface/package_compiler_failure.rs:678:9
    |
678 |         payload1: u32,
    |         ^^^^^^^^^^^^^

warning: missing documentation for a variant
   --> crates/library/surface/package_compiler_failure.rs:680:5
    |
680 |     ArityOverflow {
    |     ^^^^^^^^^^^^^

warning: missing documentation for a struct field
   --> crates/library/surface/package_compiler_failure.rs:681:9
    |
681 |         tag: u8,
    |         ^^^^^^^

warning: missing documentation for a struct field
   --> crates/library/surface/package_compiler_failure.rs:682:9
    |
682 |         payload0: u32,
    |         ^^^^^^^^^^^^^

warning: missing documentation for a struct field
   --> crates/library/surface/package_compiler_failure.rs:683:9
    |
683 |         payload1: u32,
    |         ^^^^^^^^^^^^^

warning: missing documentation for a variant
   --> crates/library/surface/package_compiler_failure.rs:685:5
    |
685 |     Arity {
    |     ^^^^^

warning: missing documentation for a struct field
   --> crates/library/surface/package_compiler_failure.rs:686:9
    |
686 |         tag: u8,
    |         ^^^^^^^

warning: missing documentation for a struct field
   --> crates/library/surface/package_compiler_failure.rs:687:9
    |
687 |         expected: u32,
    |         ^^^^^^^^^^^^^

warning: missing documentation for a struct field
   --> crates/library/surface/package_compiler_failure.rs:688:9
    |
688 |         actual: u32,
    |         ^^^^^^^^^^^

warning: missing documentation for a variant
   --> crates/library/surface/package_compiler_failure.rs:707:5
    |
707 |     Tag {
    |     ^^^

warning: missing documentation for a struct field
   --> crates/library/surface/package_compiler_failure.rs:708:9
    |
708 |         actual: u8,
    |         ^^^^^^^^^^

warning: missing documentation for a variant
   --> crates/library/surface/package_compiler_failure.rs:710:5
    |
710 |     ReservedCell {
    |     ^^^^^^^^^^^^

warning: missing documentation for a struct field
   --> crates/library/surface/package_compiler_failure.rs:711:9
    |
711 |         tag: PackageTypeTagFact,
    |         ^^^^^^^^^^^^^^^^^^^^^^^

warning: missing documentation for a struct field
   --> crates/library/surface/package_compiler_failure.rs:712:9
    |
712 |         cell: PackageTypeCellFact,
    |         ^^^^^^^^^^^^^^^^^^^^^^^^^

warning: missing documentation for a struct field
   --> crates/library/surface/package_compiler_failure.rs:713:9
    |
713 |         actual: u32,
    |         ^^^^^^^^^^^

warning: missing documentation for a variant
   --> crates/library/surface/package_compiler_failure.rs:715:5
    |
715 |     MissingCell {
    |     ^^^^^^^^^^^

warning: missing documentation for a struct field
   --> crates/library/surface/package_compiler_failure.rs:716:9
    |
716 |         tag: PackageTypeTagFact,
    |         ^^^^^^^^^^^^^^^^^^^^^^^

warning: missing documentation for a struct field
   --> crates/library/surface/package_compiler_failure.rs:717:9
    |
717 |         cell: PackageTypeCellFact,
    |         ^^^^^^^^^^^^^^^^^^^^^^^^^

warning: missing documentation for a variant
   --> crates/library/surface/package_compiler_failure.rs:719:5
    |
719 |     Reason {
    |     ^^^^^^

warning: missing documentation for a struct field
   --> crates/library/surface/package_compiler_failure.rs:720:9
    |
720 |         actual: u32,
    |         ^^^^^^^^^^^

warning: missing documentation for a variant
   --> crates/library/surface/package_compiler_failure.rs:722:5
    |
722 |     PrimitiveShape {
    |     ^^^^^^^^^^^^^^

warning: missing documentation for a struct field
   --> crates/library/surface/package_compiler_failure.rs:723:9
    |
723 |         actual: u32,
    |         ^^^^^^^^^^^

warning: missing documentation for a variant
   --> crates/library/surface/package_compiler_failure.rs:725:5
    |
725 |     CvQualifiers {
    |     ^^^^^^^^^^^^

warning: missing documentation for a struct field
   --> crates/library/surface/package_compiler_failure.rs:726:9
    |
726 |         actual: u32,
    |         ^^^^^^^^^^^

warning: missing documentation for a variant
   --> crates/library/surface/package_compiler_failure.rs:728:5
    |
728 |     Width {
    |     ^^^^^

warning: missing documentation for a struct field
   --> crates/library/surface/package_compiler_failure.rs:729:9
    |
729 |         actual: u32,
    |         ^^^^^^^^^^^

warning: missing documentation for a variant
   --> crates/library/surface/package_compiler_failure.rs:731:5
    |
731 |     ChildCount {
    |     ^^^^^^^^^^

warning: missing documentation for a struct field
   --> crates/library/surface/package_compiler_failure.rs:732:9
    |
732 |         tag: PackageTypeTagFact,
    |         ^^^^^^^^^^^^^^^^^^^^^^^

warning: missing documentation for a struct field
   --> crates/library/surface/package_compiler_failure.rs:733:9
    |
733 |         min: u32,
    |         ^^^^^^^^

warning: missing documentation for a struct field
   --> crates/library/surface/package_compiler_failure.rs:734:9
    |
734 |         max: u32,
    |         ^^^^^^^^

warning: missing documentation for a struct field
   --> crates/library/surface/package_compiler_failure.rs:735:9
    |
735 |         actual: u32,
    |         ^^^^^^^^^^^

warning: missing documentation for a variant
   --> crates/library/surface/package_compiler_failure.rs:737:5
    |
737 |     ChildNameForbidden {
    |     ^^^^^^^^^^^^^^^^^^

warning: missing documentation for a struct field
   --> crates/library/surface/package_compiler_failure.rs:738:9
    |
738 |         tag: PackageTypeTagFact,
    |         ^^^^^^^^^^^^^^^^^^^^^^^

warning: missing documentation for a struct field
   --> crates/library/surface/package_compiler_failure.rs:739:9
    |
739 |         position: u32,
    |         ^^^^^^^^^^^^^

warning: missing documentation for a variant
   --> crates/library/surface/package_compiler_failure.rs:741:5
    |
741 |     ChildNameRequired {
    |     ^^^^^^^^^^^^^^^^^

warning: missing documentation for a struct field
   --> crates/library/surface/package_compiler_failure.rs:742:9
    |
742 |         tag: PackageTypeTagFact,
    |         ^^^^^^^^^^^^^^^^^^^^^^^

warning: missing documentation for a struct field
   --> crates/library/surface/package_compiler_failure.rs:743:9
    |
743 |         position: u32,
    |         ^^^^^^^^^^^^^

warning: missing documentation for a variant
   --> crates/library/surface/package_compiler_failure.rs:745:5
    |
745 |     ChildFlagsForbidden {
    |     ^^^^^^^^^^^^^^^^^^^

warning: missing documentation for a struct field
   --> crates/library/surface/package_compiler_failure.rs:746:9
    |
746 |         tag: PackageTypeTagFact,
    |         ^^^^^^^^^^^^^^^^^^^^^^^

warning: missing documentation for a struct field
   --> crates/library/surface/package_compiler_failure.rs:747:9
    |
747 |         position: u32,
    |         ^^^^^^^^^^^^^

warning: missing documentation for a struct field
   --> crates/library/surface/package_compiler_failure.rs:748:9
    |
748 |         actual: u8,
    |         ^^^^^^^^^^

warning: missing documentation for a variant
   --> crates/library/surface/package_compiler_failure.rs:750:5
    |
750 |     VariadicParameter {
    |     ^^^^^^^^^^^^^^^^^

warning: missing documentation for a struct field
   --> crates/library/surface/package_compiler_failure.rs:751:9
    |
751 |         position: u32,
    |         ^^^^^^^^^^^^^

warning: missing documentation for a struct field
   --> crates/library/surface/package_compiler_failure.rs:752:9
    |
752 |         actual: u8,
    |         ^^^^^^^^^^

warning: missing documentation for a variant
   --> crates/library/surface/package_compiler_failure.rs:754:5
    |
754 |     ChildTextForbidden {
    |     ^^^^^^^^^^^^^^^^^^

warning: missing documentation for a struct field
   --> crates/library/surface/package_compiler_failure.rs:755:9
    |
755 |         tag: PackageTypeTagFact,
    |         ^^^^^^^^^^^^^^^^^^^^^^^

warning: missing documentation for a struct field
   --> crates/library/surface/package_compiler_failure.rs:756:9
    |
756 |         position: u32,
    |         ^^^^^^^^^^^^^

warning: missing documentation for a variant
   --> crates/library/surface/package_compiler_failure.rs:784:5
    |
784 |     SelfType,
    |     ^^^^^^^^

warning: missing documentation for a variant
   --> crates/library/surface/package_compiler_failure.rs:785:5
    |
785 |     Primitive,
    |     ^^^^^^^^^

warning: missing documentation for a variant
   --> crates/library/surface/package_compiler_failure.rs:786:5
    |
786 |     Tuple,
    |     ^^^^^

warning: missing documentation for a variant
   --> crates/library/surface/package_compiler_failure.rs:787:5
    |
787 |     Slice,
    |     ^^^^^

warning: missing documentation for a variant
   --> crates/library/surface/package_compiler_failure.rs:788:5
    |
788 |     Array,
    |     ^^^^^

warning: missing documentation for a variant
   --> crates/library/surface/package_compiler_failure.rs:789:5
    |
789 |     Union,
    |     ^^^^^

warning: missing documentation for a variant
   --> crates/library/surface/package_compiler_failure.rs:790:5
    |
790 |     Intersection,
    |     ^^^^^^^^^^^^

warning: missing documentation for a variant
   --> crates/library/surface/package_compiler_failure.rs:791:5
    |
791 |     Never,
    |     ^^^^^

warning: missing documentation for a variant
   --> crates/library/surface/package_compiler_failure.rs:792:5
    |
792 |     Any,
    |     ^^^

warning: missing documentation for a variant
   --> crates/library/surface/package_compiler_failure.rs:793:5
    |
793 |     Unknown,
    |     ^^^^^^^

warning: missing documentation for a variant
   --> crates/library/surface/package_compiler_failure.rs:794:5
    |
794 |     Nominal,
    |     ^^^^^^^

warning: missing documentation for a variant
   --> crates/library/surface/package_compiler_failure.rs:795:5
    |
795 |     Apply,
    |     ^^^^^

warning: missing documentation for a variant
   --> crates/library/surface/package_compiler_failure.rs:796:5
    |
796 |     TypeVar,
    |     ^^^^^^^

warning: missing documentation for a variant
   --> crates/library/surface/package_compiler_failure.rs:797:5
    |
797 |     Wildcard,
    |     ^^^^^^^^

warning: missing documentation for a variant
   --> crates/library/surface/package_compiler_failure.rs:798:5
    |
798 |     FunctionPointer,
    |     ^^^^^^^^^^^^^^^

warning: missing documentation for a variant
   --> crates/library/surface/package_compiler_failure.rs:799:5
    |
799 |     Annotated,
    |     ^^^^^^^^^

warning: missing documentation for a variant
   --> crates/library/surface/package_compiler_failure.rs:800:5
    |
800 |     Conditional,
    |     ^^^^^^^^^^^

warning: missing documentation for a variant
   --> crates/library/surface/package_compiler_failure.rs:801:5
    |
801 |     Mapped,
    |     ^^^^^^

warning: missing documentation for a variant
   --> crates/library/surface/package_compiler_failure.rs:802:5
    |
802 |     TemplateLiteral,
    |     ^^^^^^^^^^^^^^^

warning: missing documentation for a variant
   --> crates/library/surface/package_compiler_failure.rs:803:5
    |
803 |     AnonymousRecord,
    |     ^^^^^^^^^^^^^^^

warning: missing documentation for a variant
   --> crates/library/surface/package_compiler_failure.rs:804:5
    |
804 |     ImplTrait,
    |     ^^^^^^^^^

warning: missing documentation for a variant
   --> crates/library/surface/package_compiler_failure.rs:805:5
    |
805 |     DynTrait,
    |     ^^^^^^^^

warning: missing documentation for a variant
   --> crates/library/surface/package_compiler_failure.rs:806:5
    |
806 |     Inferred,
    |     ^^^^^^^^

warning: missing documentation for a variant
   --> crates/library/surface/package_compiler_failure.rs:807:5
    |
807 |     QualifiedPath,
    |     ^^^^^^^^^^^^^

warning: missing documentation for a variant
   --> crates/library/surface/package_compiler_failure.rs:808:5
    |
808 |     Map,
    |     ^^^

warning: missing documentation for a variant
   --> crates/library/surface/package_compiler_failure.rs:809:5
    |
809 |     Channel,
    |     ^^^^^^^

warning: missing documentation for a variant
   --> crates/library/surface/package_compiler_failure.rs:810:5
    |
810 |     ArraySequence,
    |     ^^^^^^^^^^^^^

warning: missing documentation for a variant
   --> crates/library/surface/package_compiler_failure.rs:811:5
    |
811 |     ArrayRectangular,
    |     ^^^^^^^^^^^^^^^^

warning: missing documentation for a variant
   --> crates/library/surface/package_compiler_failure.rs:812:5
    |
812 |     ArrayFixed,
    |     ^^^^^^^^^^

warning: missing documentation for a variant
   --> crates/library/surface/package_compiler_failure.rs:813:5
    |
813 |     ArrayConstExpression,
    |     ^^^^^^^^^^^^^^^^^^^^

warning: missing documentation for a variant
   --> crates/library/surface/package_compiler_failure.rs:814:5
    |
814 |     ArrayIncomplete,
    |     ^^^^^^^^^^^^^^^

warning: missing documentation for a variant
   --> crates/library/surface/package_compiler_failure.rs:815:5
    |
815 |     CQualified,
    |     ^^^^^^^^^^

warning: missing documentation for a variant
   --> crates/library/surface/package_compiler_failure.rs:816:5
    |
816 |     KeyOf,
    |     ^^^^^

warning: missing documentation for a variant
   --> crates/library/surface/package_compiler_failure.rs:817:5
    |
817 |     IndexedAccess,
    |     ^^^^^^^^^^^^^

warning: missing documentation for a variant
   --> crates/library/surface/package_compiler_failure.rs:818:5
    |
818 |     TypeOf,
    |     ^^^^^^

warning: missing documentation for a variant
   --> crates/library/surface/package_compiler_failure.rs:825:5
    |
825 |     Payload0,
    |     ^^^^^^^^

warning: missing documentation for a variant
   --> crates/library/surface/package_compiler_failure.rs:826:5
    |
826 |     Payload1,
    |     ^^^^^^^^

warning: missing documentation for a variant
   --> crates/library/surface/package_compiler_failure.rs:827:5
    |
827 |     Text,
    |     ^^^^

warning: missing documentation for a variant
   --> crates/library/surface/package_compiler_failure.rs:828:5
    |
828 |     Text2,
    |     ^^^^^

warning: missing documentation for a variant
   --> crates/library/surface/package_compiler_failure.rs:829:5
    |
829 |     Nominal,
    |     ^^^^^^^

warning: missing documentation for a variant
   --> crates/library/surface/package_compiler_failure.rs:837:5
    |
837 |     EmptyName,
    |     ^^^^^^^^^

warning: missing documentation for a variant
   --> crates/library/surface/package_compiler_failure.rs:838:5
    |
838 |     AnonymousCallableAnchor {
    |     ^^^^^^^^^^^^^^^^^^^^^^^

warning: missing documentation for a struct field
   --> crates/library/surface/package_compiler_failure.rs:839:9
    |
839 |         cause: PackageAnonymousCallableAnchorFaultFacts,
    |         ^^^^^^^^^^^^^^^^^^^^^^^^^^^^^^^^^^^^^^^^^^^^^^^

warning: missing documentation for a variant
   --> crates/library/surface/package_compiler_failure.rs:841:5
    |
841 |     AnonymousCallableAnchorPoolCapacity {
    |     ^^^^^^^^^^^^^^^^^^^^^^^^^^^^^^^^^^^

warning: missing documentation for a struct field
   --> crates/library/surface/package_compiler_failure.rs:842:9
    |
842 |         pool: PackageAnonymousCallableAnchorPoolFact,
    |         ^^^^^^^^^^^^^^^^^^^^^^^^^^^^^^^^^^^^^^^^^^^^

warning: missing documentation for a struct field
   --> crates/library/surface/package_compiler_failure.rs:843:9
    |
843 |         used: u64,
    |         ^^^^^^^^^

warning: missing documentation for a struct field
   --> crates/library/surface/package_compiler_failure.rs:844:9
    |
844 |         requested: u64,
    |         ^^^^^^^^^^^^^^

warning: missing documentation for a struct field
   --> crates/library/surface/package_compiler_failure.rs:845:9
    |
845 |         capacity: u64,
    |         ^^^^^^^^^^^^^

warning: missing documentation for a variant
   --> crates/library/surface/package_compiler_failure.rs:847:5
    |
847 |     Capacity,
    |     ^^^^^^^^

warning: missing documentation for a variant
   --> crates/library/surface/package_compiler_failure.rs:848:5
    |
848 |     ChildCapacity,
    |     ^^^^^^^^^^^^^

warning: missing documentation for a variant
   --> crates/library/surface/package_compiler_failure.rs:849:5
    |
849 |     ProductChildPoolCapacity {
    |     ^^^^^^^^^^^^^^^^^^^^^^^^

warning: missing documentation for a struct field
   --> crates/library/surface/package_compiler_failure.rs:850:9
    |
850 |         used: u64,
    |         ^^^^^^^^^

warning: missing documentation for a struct field
   --> crates/library/surface/package_compiler_failure.rs:851:9
    |
851 |         requested: u64,
    |         ^^^^^^^^^^^^^^

warning: missing documentation for a struct field
   --> crates/library/surface/package_compiler_failure.rs:852:9
    |
852 |         capacity: u64,
    |         ^^^^^^^^^^^^^

warning: missing documentation for a variant
   --> crates/library/surface/package_compiler_failure.rs:854:5
    |
854 |     Constructor {
    |     ^^^^^^^^^^^

warning: missing documentation for a struct field
   --> crates/library/surface/package_compiler_failure.rs:855:9
    |
855 |         cause: PackageProjectionConstructorFaultFacts,
    |         ^^^^^^^^^^^^^^^^^^^^^^^^^^^^^^^^^^^^^^^^^^^^^

warning: missing documentation for a variant
   --> crates/library/surface/package_compiler_failure.rs:857:5
    |
857 |     ChildRole {
    |     ^^^^^^^^^

warning: missing documentation for a struct field
   --> crates/library/surface/package_compiler_failure.rs:858:9
    |
858 |         position: u64,
    |         ^^^^^^^^^^^^^

warning: missing documentation for a struct field
   --> crates/library/surface/package_compiler_failure.rs:859:9
    |
859 |         expected: u8,
    |         ^^^^^^^^^^^^

warning: missing documentation for a struct field
   --> crates/library/surface/package_compiler_failure.rs:860:9
    |
860 |         actual: u8,
    |         ^^^^^^^^^^

warning: missing documentation for a variant
   --> crates/library/surface/package_compiler_failure.rs:862:5
    |
862 |     ChildTarget {
    |     ^^^^^^^^^^^

warning: missing documentation for a struct field
   --> crates/library/surface/package_compiler_failure.rs:863:9
    |
863 |         position: u64,
    |         ^^^^^^^^^^^^^

warning: missing documentation for a struct field
   --> crates/library/surface/package_compiler_failure.rs:864:9
    |
864 |         target: u32,
    |         ^^^^^^^^^^^

warning: missing documentation for a struct field
   --> crates/library/surface/package_compiler_failure.rs:865:9
    |
865 |         fact_count: u64,
    |         ^^^^^^^^^^^^^^^

warning: missing documentation for a variant
   --> crates/library/surface/package_compiler_failure.rs:867:5
    |
867 |     TypeRecord {
    |     ^^^^^^^^^^

warning: missing documentation for a struct field
   --> crates/library/surface/package_compiler_failure.rs:868:9
    |
868 |         cause: PackageProjectionSemanticTypeFaultFacts,
    |         ^^^^^^^^^^^^^^^^^^^^^^^^^^^^^^^^^^^^^^^^^^^^^^

warning: missing documentation for a variant
   --> crates/library/surface/package_compiler_failure.rs:870:5
    |
870 |     TypeChild {
    |     ^^^^^^^^^

warning: missing documentation for a struct field
   --> crates/library/surface/package_compiler_failure.rs:871:9
    |
871 |         position: u64,
    |         ^^^^^^^^^^^^^

warning: missing documentation for a struct field
   --> crates/library/surface/package_compiler_failure.rs:872:9
    |
872 |         cause: PackageProjectionSemanticTypeFaultFacts,
    |         ^^^^^^^^^^^^^^^^^^^^^^^^^^^^^^^^^^^^^^^^^^^^^^

warning: missing documentation for a variant
   --> crates/library/surface/package_compiler_failure.rs:874:5
    |
874 |     TypeChildTarget {
    |     ^^^^^^^^^^^^^^^

warning: missing documentation for a struct field
   --> crates/library/surface/package_compiler_failure.rs:875:9
    |
875 |         position: u64,
    |         ^^^^^^^^^^^^^

warning: missing documentation for a struct field
   --> crates/library/surface/package_compiler_failure.rs:876:9
    |
876 |         target: u32,
    |         ^^^^^^^^^^^

warning: missing documentation for a struct field
   --> crates/library/surface/package_compiler_failure.rs:877:9
    |
877 |         fact_count: u64,
    |         ^^^^^^^^^^^^^^^

warning: missing documentation for a variant
   --> crates/library/surface/package_compiler_failure.rs:879:5
    |
879 |     TypeChildCapacity,
    |     ^^^^^^^^^^^^^^^^^

warning: missing documentation for a variant
   --> crates/library/surface/package_compiler_failure.rs:880:5
    |
880 |     TypeChildPoolCapacity {
    |     ^^^^^^^^^^^^^^^^^^^^^

warning: missing documentation for a struct field
   --> crates/library/surface/package_compiler_failure.rs:881:9
    |
881 |         lane: u8,
    |         ^^^^^^^^

warning: missing documentation for a struct field
   --> crates/library/surface/package_compiler_failure.rs:882:9
    |
882 |         used: u64,
    |         ^^^^^^^^^

warning: missing documentation for a struct field
   --> crates/library/surface/package_compiler_failure.rs:883:9
    |
883 |         requested: u64,
    |         ^^^^^^^^^^^^^^

warning: missing documentation for a struct field
   --> crates/library/surface/package_compiler_failure.rs:884:9
    |
884 |         capacity: u64,
    |         ^^^^^^^^^^^^^

warning: missing documentation for a variant
   --> crates/library/surface/package_compiler_failure.rs:886:5
    |
886 |     TypeRowCapacity,
    |     ^^^^^^^^^^^^^^^

warning: missing documentation for a variant
   --> crates/library/surface/package_compiler_failure.rs:887:5
    |
887 |     ComputedRowCapacity,
    |     ^^^^^^^^^^^^^^^^^^^

warning: missing documentation for a variant
   --> crates/library/surface/package_compiler_failure.rs:888:5
    |
888 |     TypeProjectionDepthLimit {
    |     ^^^^^^^^^^^^^^^^^^^^^^^^

warning: missing documentation for a struct field
   --> crates/library/surface/package_compiler_failure.rs:889:9
    |
889 |         depth: u64,
    |         ^^^^^^^^^^

warning: missing documentation for a struct field
   --> crates/library/surface/package_compiler_failure.rs:890:9
    |
890 |         maximum: u64,
    |         ^^^^^^^^^^^^

warning: missing documentation for a variant
   --> crates/library/surface/package_compiler_failure.rs:892:5
    |
892 |     TypeProjectionCycle {
    |     ^^^^^^^^^^^^^^^^^^^

warning: missing documentation for a struct field
   --> crates/library/surface/package_compiler_failure.rs:893:9
    |
893 |         type_id: u32,
    |         ^^^^^^^^^^^^

warning: missing documentation for a variant
   --> crates/library/surface/package_compiler_failure.rs:895:5
    |
895 |     TypeProjectionRecursiveReference {
    |     ^^^^^^^^^^^^^^^^^^^^^^^^^^^^^^^^

warning: missing documentation for a struct field
   --> crates/library/surface/package_compiler_failure.rs:896:9
    |
896 |         distance: u32,
    |         ^^^^^^^^^^^^^

warning: missing documentation for a variant
   --> crates/library/surface/package_compiler_failure.rs:898:5
    |
898 |     TypeProjectionWidth {
    |     ^^^^^^^^^^^^^^^^^^^

warning: missing documentation for a struct field
   --> crates/library/surface/package_compiler_failure.rs:899:9
    |
899 |         actual: u64,
    |         ^^^^^^^^^^^

warning: missing documentation for a struct field
   --> crates/library/surface/package_compiler_failure.rs:900:9
    |
900 |         maximum: u64,
    |         ^^^^^^^^^^^^

warning: missing documentation for a variant
   --> crates/library/surface/package_compiler_failure.rs:902:5
    |
902 |     OccurrenceOwner {
    |     ^^^^^^^^^^^^^^^

warning: missing documentation for a struct field
   --> crates/library/surface/package_compiler_failure.rs:903:9
    |
903 |         owner: u32,
    |         ^^^^^^^^^^

warning: missing documentation for a struct field
   --> crates/library/surface/package_compiler_failure.rs:904:9
    |
904 |         fact_count: u64,
    |         ^^^^^^^^^^^^^^^

warning: missing documentation for a variant
   --> crates/library/surface/package_compiler_failure.rs:906:5
    |
906 |     OccurrenceCapacity,
    |     ^^^^^^^^^^^^^^^^^^

warning: missing documentation for a variant
   --> crates/library/surface/package_compiler_failure.rs:907:5
    |
907 |     DocOwner {
    |     ^^^^^^^^

warning: missing documentation for a struct field
   --> crates/library/surface/package_compiler_failure.rs:908:9
    |
908 |         owner: u32,
    |         ^^^^^^^^^^

warning: missing documentation for a struct field
   --> crates/library/surface/package_compiler_failure.rs:909:9
    |
909 |         fact_count: u64,
    |         ^^^^^^^^^^^^^^^

warning: missing documentation for a variant
   --> crates/library/surface/package_compiler_failure.rs:911:5
    |
911 |     DocCapacity,
    |     ^^^^^^^^^^^

warning: missing documentation for a variant
   --> crates/library/surface/package_compiler_failure.rs:912:5
    |
912 |     ExtensionAtomCapacity,
    |     ^^^^^^^^^^^^^^^^^^^^^

warning: missing documentation for a variant
   --> crates/library/surface/package_compiler_failure.rs:913:5
    |
913 |     TypeParameterCapacity,
    |     ^^^^^^^^^^^^^^^^^^^^^

warning: missing documentation for a variant
   --> crates/library/surface/package_compiler_failure.rs:914:5
    |
914 |     TypeParameterBoundCapacity {
    |     ^^^^^^^^^^^^^^^^^^^^^^^^^^

warning: missing documentation for a struct field
   --> crates/library/surface/package_compiler_failure.rs:915:9
    |
915 |         requested: u64,
    |         ^^^^^^^^^^^^^^

warning: missing documentation for a struct field
   --> crates/library/surface/package_compiler_failure.rs:916:9
    |
916 |         available: u64,
    |         ^^^^^^^^^^^^^^

warning: missing documentation for a variant
   --> crates/library/surface/package_compiler_failure.rs:918:5
    |
918 |     RefListCapacity,
    |     ^^^^^^^^^^^^^^^

warning: missing documentation for a variant
   --> crates/library/surface/package_compiler_failure.rs:919:5
    |
919 |     RefListElements,
    |     ^^^^^^^^^^^^^^^

warning: missing documentation for a variant
   --> crates/library/surface/package_compiler_failure.rs:920:5
    |
920 |     RefTarget {
    |     ^^^^^^^^^

warning: missing documentation for a struct field
   --> crates/library/surface/package_compiler_failure.rs:921:9
    |
921 |         lane: u8,
    |         ^^^^^^^^

warning: missing documentation for a struct field
   --> crates/library/surface/package_compiler_failure.rs:922:9
    |
922 |         raw: u32,
    |         ^^^^^^^^

warning: missing documentation for a struct field
   --> crates/library/surface/package_compiler_failure.rs:923:9
    |
923 |         fact_count: u64,
    |         ^^^^^^^^^^^^^^^

warning: missing documentation for a variant
   --> crates/library/surface/package_compiler_failure.rs:925:5
    |
925 |     SourceSpan {
    |     ^^^^^^^^^^

warning: missing documentation for a struct field
   --> crates/library/surface/package_compiler_failure.rs:926:9
    |
926 |         entity: u32,
    |         ^^^^^^^^^^^

warning: missing documentation for a struct field
   --> crates/library/surface/package_compiler_failure.rs:927:9
    |
927 |         start: u32,
    |         ^^^^^^^^^^

warning: missing documentation for a struct field
   --> crates/library/surface/package_compiler_failure.rs:928:9
    |
928 |         end: u32,
    |         ^^^^^^^^

warning: missing documentation for a struct field
   --> crates/library/surface/package_compiler_failure.rs:929:9
    |
929 |         source_len: u32,
    |         ^^^^^^^^^^^^^^^

warning: missing documentation for a variant
   --> crates/library/surface/package_compiler_failure.rs:931:5
    |
931 |     ConflictingSourceSpan {
    |     ^^^^^^^^^^^^^^^^^^^^^

warning: missing documentation for a struct field
   --> crates/library/surface/package_compiler_failure.rs:932:9
    |
932 |         entity: u32,
    |         ^^^^^^^^^^^

warning: missing documentation for a struct field
   --> crates/library/surface/package_compiler_failure.rs:933:9
    |
933 |         existing_start: u32,
    |         ^^^^^^^^^^^^^^^^^^^

warning: missing documentation for a struct field
   --> crates/library/surface/package_compiler_failure.rs:934:9
    |
934 |         existing_end: u32,
    |         ^^^^^^^^^^^^^^^^^

warning: missing documentation for a struct field
   --> crates/library/surface/package_compiler_failure.rs:935:9
    |
935 |         requested_start: u32,
    |         ^^^^^^^^^^^^^^^^^^^^

warning: missing documentation for a struct field
   --> crates/library/surface/package_compiler_failure.rs:936:9
    |
936 |         requested_end: u32,
    |         ^^^^^^^^^^^^^^^^^^

warning: missing documentation for a variant
   --> crates/library/surface/package_compiler_failure.rs:938:5
    |
938 |     ConflictingParentage {
    |     ^^^^^^^^^^^^^^^^^^^^

warning: missing documentation for a struct field
   --> crates/library/surface/package_compiler_failure.rs:939:9
    |
939 |         entity: u32,
    |         ^^^^^^^^^^^

warning: missing documentation for a struct field
   --> crates/library/surface/package_compiler_failure.rs:940:9
    |
940 |         existing: PackageParentageFact,
    |         ^^^^^^^^^^^^^^^^^^^^^^^^^^^^^^

warning: missing documentation for a struct field
   --> crates/library/surface/package_compiler_failure.rs:941:9
    |
941 |         requested: PackageParentageFact,
    |         ^^^^^^^^^^^^^^^^^^^^^^^^^^^^^^^

warning: missing documentation for a variant
   --> crates/library/surface/package_compiler_failure.rs:943:5
    |
943 |     ConflictingMemberInventory {
    |     ^^^^^^^^^^^^^^^^^^^^^^^^^^

warning: missing documentation for a struct field
   --> crates/library/surface/package_compiler_failure.rs:944:9
    |
944 |         entity: u32,
    |         ^^^^^^^^^^^

warning: missing documentation for a struct field
   --> crates/library/surface/package_compiler_failure.rs:945:9
    |
945 |         existing_count: u64,
    |         ^^^^^^^^^^^^^^^^^^^

warning: missing documentation for a struct field
   --> crates/library/surface/package_compiler_failure.rs:946:9
    |
946 |         requested_count: u64,
    |         ^^^^^^^^^^^^^^^^^^^^

warning: missing documentation for a struct field
   --> crates/library/surface/package_compiler_failure.rs:947:9
    |
947 |         first_difference: u64,
    |         ^^^^^^^^^^^^^^^^^^^^^

warning: missing documentation for a struct field
   --> crates/library/surface/package_compiler_failure.rs:948:9
    |
948 |         existing_member: Option<u32>,
    |         ^^^^^^^^^^^^^^^^^^^^^^^^^^^^

warning: missing documentation for a struct field
   --> crates/library/surface/package_compiler_failure.rs:949:9
    |
949 |         requested_member: Option<u32>,
    |         ^^^^^^^^^^^^^^^^^^^^^^^^^^^^^

warning: missing documentation for a variant
    --> crates/library/surface/package_compiler_failure.rs:1045:5
     |
1045 |     Unavailable,
     |     ^^^^^^^^^^^

warning: missing documentation for a variant
    --> crates/library/surface/package_compiler_failure.rs:1046:5
     |
1046 |     Root,
     |     ^^^^

warning: missing documentation for a variant
    --> crates/library/surface/package_compiler_failure.rs:1047:5
     |
1047 |     Bound { parent: u32 },
     |     ^^^^^

warning: missing documentation for a struct field
    --> crates/library/surface/package_compiler_failure.rs:1047:13
     |
1047 |     Bound { parent: u32 },
     |             ^^^^^^^^^^^

warning: missing documentation for a variant
    --> crates/library/surface/package_compiler_failure.rs:1048:5
     |
1048 |     UnrepresentedAuthorityOwner { identity: [u8; 16] },
     |     ^^^^^^^^^^^^^^^^^^^^^^^^^^^

warning: missing documentation for a struct field
    --> crates/library/surface/package_compiler_failure.rs:1048:35
     |
1048 |     UnrepresentedAuthorityOwner { identity: [u8; 16] },
     |                                   ^^^^^^^^^^^^^^^^^^

warning: missing documentation for a variant
    --> crates/library/surface/package_compiler_failure.rs:1055:5
     |
1055 |     EmptyPath,
     |     ^^^^^^^^^

warning: missing documentation for a variant
    --> crates/library/surface/package_compiler_failure.rs:1056:5
     |
1056 |     BackslashInPath,
     |     ^^^^^^^^^^^^^^^

warning: missing documentation for a variant
    --> crates/library/surface/package_compiler_failure.rs:1063:5
     |
1063 |     EmptyEcosystem,
     |     ^^^^^^^^^^^^^^

warning: missing documentation for a variant
    --> crates/library/surface/package_compiler_failure.rs:1064:5
     |
1064 |     EmptyPackage,
     |     ^^^^^^^^^^^^

warning: missing documentation for a variant
    --> crates/library/surface/package_compiler_failure.rs:1065:5
     |
1065 |     SeparatorInEcosystem,
     |     ^^^^^^^^^^^^^^^^^^^^

warning: missing documentation for a variant
    --> crates/library/surface/package_compiler_failure.rs:1066:5
     |
1066 |     SeparatorInPackage,
     |     ^^^^^^^^^^^^^^^^^^

warning: missing documentation for a variant
    --> crates/library/surface/package_compiler_failure.rs:1067:5
     |
1067 |     BackslashEcosystem,
     |     ^^^^^^^^^^^^^^^^^^

warning: missing documentation for a variant
    --> crates/library/surface/package_compiler_failure.rs:1068:5
     |
1068 |     BackslashPackage,
     |     ^^^^^^^^^^^^^^^^

warning: missing documentation for a variant
    --> crates/library/surface/package_compiler_failure.rs:1069:5
     |
1069 |     BackslashInvalid { segment: u8 },
     |     ^^^^^^^^^^^^^^^^

warning: missing documentation for a struct field
    --> crates/library/surface/package_compiler_failure.rs:1069:24
     |
1069 |     BackslashInvalid { segment: u8 },
     |                        ^^^^^^^^^^^

warning: `backend-library` (lib test) generated 633 warnings (run `cargo fix --lib -p backend-library --tests` to apply 27 suggestions)
    Finished `release` profile [optimized] target(s) in 10m 23s
     Running unittests lib.rs (/root/codex-worktrees/sol61-current-sdk-06697079-20261008/.local/sdk-release-role/.nudox-cargo/slot-0/release/deps/backend_library-544ad9f0fc16b06e)
