warning: resolver for the non root package will be ignored, specify resolver at the workspace root:
package:   /root/codex-worktrees/sol61-journal-recovery-eb019-20261008/vendor/gpui_ce_components/Cargo.toml
workspace: /root/codex-worktrees/sol61-journal-recovery-eb019-20261008/Cargo.toml
warning: unused variable: `error`
    --> crates/compile/src/supervisor.rs:2496:17
     |
2496 |             Err(error) => {
     |                 ^^^^^ help: if this is intentional, prefix it with an underscore: `_error`
     |
     = note: `#[warn(unused_variables)]` (part of `#[warn(unused)]`) on by default

warning: `backend-compile` (lib) generated 1 warning (run `cargo fix --lib -p backend-compile` to apply 1 suggestion)
warning: unused import: `history::TypedV3HistoryPublicationSnapshot`
   --> crates/replication/src/ir_generation_store.rs:146:16
    |
146 | pub(crate) use history::TypedV3HistoryPublicationSnapshot;
    |                ^^^^^^^^^^^^^^^^^^^^^^^^^^^^^^^^^^^^^^^^^^
    |
    = note: `#[warn(unused_imports)]` (part of `#[warn(unused)]`) on by default

warning: unnecessary qualification
    --> crates/replication/src/ir_hydration_store/history_v3.rs:1438:26
     |
1438 |             .with_gc_pin(std::sync::Arc::new(guard))
     |                          ^^^^^^^^^^^^^^^^^^^
     |
     = note: requested on the command line with `-W unused-qualifications`
help: remove the unnecessary path segments
     |
1438 -             .with_gc_pin(std::sync::Arc::new(guard))
1438 +             .with_gc_pin(Arc::new(guard))
     |

warning: unnecessary qualification
    --> crates/replication/src/ir_hydration_store/history_v3.rs:1652:13
     |
1652 |             std::sync::Arc::new(pin.into_guard()),
     |             ^^^^^^^^^^^^^^^^^^^
     |
help: remove the unnecessary path segments
     |
1652 -             std::sync::Arc::new(pin.into_guard()),
1652 +             Arc::new(pin.into_guard()),
     |

warning: unused imports: `TypedV3HistoryAdmissionMetrics`, `TypedV3HistoryAdmission`, and `TypedV3HistoryGcPin`
  --> crates/replication/src/ir_hydration_store.rs:67:5
   |
67 |     TypedV3HistoryAdmission, TypedV3HistoryAdmissionMetrics, TypedV3HistoryGcPin,
   |     ^^^^^^^^^^^^^^^^^^^^^^^  ^^^^^^^^^^^^^^^^^^^^^^^^^^^^^^  ^^^^^^^^^^^^^^^^^^^

warning: methods `manifest_root` and `plane_root` are never used
   --> crates/replication/src/ir_generation_store.rs:232:25
    |
203 | impl HistoricalSemanticPlaneBinding {
    | ----------------------------------- methods in this implementation
...
232 |     pub(crate) const fn manifest_root(self) -> SemanticManifestRoot {
    |                         ^^^^^^^^^^^^^
...
238 |     pub(crate) const fn plane_root(self) -> SemanticPlaneRoot {
    |                         ^^^^^^^^^^
    |
    = note: `#[warn(dead_code)]` (part of `#[warn(unused)]`) on by default

warning: function `append_history_index_entry_typed` is never used
   --> crates/replication/src/ir_generation_store/history/codec.rs:679:15
    |
679 | pub(crate) fn append_history_index_entry_typed(
    |               ^^^^^^^^^^^^^^^^^^^^^^^^^^^^^^^^

warning: associated functions `from_produced` and `from_selected_native_history` are never used
   --> crates/replication/src/ir_generation_store/history/v3.rs:223:19
    |
219 | impl TypedV3HistoryLocator {
    | -------------------------- associated functions in this implementation
...
223 |     pub(crate) fn from_produced(
    |                   ^^^^^^^^^^^^^
...
233 |     pub(crate) fn from_selected_native_history(
    |                   ^^^^^^^^^^^^^^^^^^^^^^^^^^^^

warning: function `stage_typed_v3_locator_bytes` is never used
   --> crates/replication/src/ir_generation_store/history/v3.rs:501:4
    |
501 | fn stage_typed_v3_locator_bytes(
    |    ^^^^^^^^^^^^^^^^^^^^^^^^^^^^

warning: methods `stage_typed_v3_locator`, `finish_typed_v3_locator_admission`, and `typed_v3_locator` are never used
   --> crates/replication/src/ir_generation_store/history/v3.rs:665:19
    |
657 | impl LocalSemanticGenerationFiles {
    | --------------------------------- methods in this implementation
...
665 |     pub(crate) fn stage_typed_v3_locator(
    |                   ^^^^^^^^^^^^^^^^^^^^^^
...
689 |     pub(crate) fn finish_typed_v3_locator_admission(
    |                   ^^^^^^^^^^^^^^^^^^^^^^^^^^^^^^^^^
...
733 |     pub(crate) fn typed_v3_locator(
    |                   ^^^^^^^^^^^^^^^^

warning: fields `root_claim` and `metrics` are never read
   --> crates/replication/src/ir_hydration_store/history_v3.rs:743:5
    |
736 | pub(crate) struct TypedV3HistoryAdmission<'pin> {
    |                   ----------------------- fields in this struct
...
743 |     root_claim: HistoryTypedV3RootClaim,
    |     ^^^^^^^^^^
744 |     metrics: TypedV3HistoryAdmissionMetrics,
    |     ^^^^^^^

warning: methods `root_claim` and `metrics` are never used
   --> crates/replication/src/ir_hydration_store/history_v3.rs:756:25
    |
747 | impl TypedV3HistoryAdmission<'_> {
    | -------------------------------- methods in this implementation
...
756 |     pub(crate) const fn root_claim(&self) -> HistoryTypedV3RootClaim {
    |                         ^^^^^^^^^^
...
764 |     pub(crate) const fn metrics(&self) -> TypedV3HistoryAdmissionMetrics {
    |                         ^^^^^^^

warning: methods `verify_produced_typed_v3` and `verify_produced_typed_v3_content` are never used
   --> crates/replication/src/ir_hydration_store/history_v3.rs:808:19
    |
777 | impl FileSemanticRangeStore {
    | --------------------------- methods in this implementation
...
808 |     pub(crate) fn verify_produced_typed_v3<'pin>(
    |                   ^^^^^^^^^^^^^^^^^^^^^^^^
...
837 |     pub(crate) fn verify_produced_typed_v3_content<'pin>(
    |                   ^^^^^^^^^^^^^^^^^^^^^^^^^^^^^^^^

warning: fields `segment_pins`, `jumbo_pin`, `encoding_metrics`, `segment_store_metrics`, `jumbo_store_metrics`, and `verifier_io_metrics` are never read
    --> crates/replication/src/ir_producer_store.rs:1595:5
     |
1589 | pub(crate) struct ProducedSelectedNativeTypedPlaneHistoryV3 {
     |                   ----------------------------------------- fields in this struct
...
1595 |     segment_pins: Vec<DurableSemanticObjectPin>,
     |     ^^^^^^^^^^^^
1596 |     jumbo_pin: DurableSemanticObjectPin,
     |     ^^^^^^^^^
1597 |     encoding_metrics: [CanonicalPlaneEncodingMetrics; TYPED_V2_FAMILY_COUNT],
     |     ^^^^^^^^^^^^^^^^
1598 |     segment_store_metrics: [SemanticProducerStoreMetrics; TYPED_V2_FAMILY_COUNT],
     |     ^^^^^^^^^^^^^^^^^^^^^
1599 |     jumbo_store_metrics: SemanticProducerStoreMetrics,
     |     ^^^^^^^^^^^^^^^^^^^
1600 |     verifier_io_metrics: SemanticProducerVerifierIoMetrics,
     |     ^^^^^^^^^^^^^^^^^^^

warning: methods `segment_pins` and `jumbo_pin` are never used
    --> crates/replication/src/ir_producer_store.rs:1624:19
     |
1603 | impl ProducedSelectedNativeTypedPlaneHistoryV3 {
     | ---------------------------------------------- methods in this implementation
...
1624 |     pub(crate) fn segment_pins(&self) -> &[DurableSemanticObjectPin] {
     |                   ^^^^^^^^^^^^
...
1628 |     pub(crate) const fn jumbo_pin(&self) -> &DurableSemanticObjectPin {
     |                         ^^^^^^^^^

warning: field `input_witness` is never read
    --> crates/replication/src/ir_producer_store.rs:1635:5
     |
1633 | struct TypedV3ProducedArtifacts {
     |        ------------------------ field in this struct
1634 |     image_facts: SemanticImageFacts,
1635 |     input_witness: SemanticInputWitness,
     |     ^^^^^^^^^^^^^

warning: function `produce_semantic_typed_plane_v3` is never used
    --> crates/replication/src/ir_producer_store.rs:1656:15
     |
1656 | pub(crate) fn produce_semantic_typed_plane_v3<Reader: SemanticReader + ?Sized>(
     |               ^^^^^^^^^^^^^^^^^^^^^^^^^^^^^^^

warning: `backend-replication` (lib) generated 16 warnings (run `cargo fix --lib -p backend-replication` to apply 4 suggestions)
warning: unnecessary qualification
   --> crates/library/interface/compiler_fragment/nested.rs:845:32
    |
845 |     pub const fn kind(self) -> super::CompilerFragmentNestedFaultKind {
    |                                ^^^^^^^^^^^^^^^^^^^^^^^^^^^^^^^^^^^^^^
    |
    = note: requested on the command line with `-W unused-qualifications`
help: remove the unnecessary path segments
    |
845 -     pub const fn kind(self) -> super::CompilerFragmentNestedFaultKind {
845 +     pub const fn kind(self) -> CompilerFragmentNestedFaultKind {
    |

warning: unnecessary qualification
   --> crates/library/interface/compiler_fragment/nested.rs:860:28
    |
860 |     const fn kind(self) -> super::CompilerFragmentNestedFaultKind {
    |                            ^^^^^^^^^^^^^^^^^^^^^^^^^^^^^^^^^^^^^^
    |
help: remove the unnecessary path segments
    |
860 -     const fn kind(self) -> super::CompilerFragmentNestedFaultKind {
860 +     const fn kind(self) -> CompilerFragmentNestedFaultKind {
    |

warning: unnecessary qualification
   --> crates/library/interface/compiler_fragment/nested.rs:872:28
    |
872 |     const fn kind(self) -> super::CompilerFragmentNestedFaultKind {
    |                            ^^^^^^^^^^^^^^^^^^^^^^^^^^^^^^^^^^^^^^
    |
help: remove the unnecessary path segments
    |
872 -     const fn kind(self) -> super::CompilerFragmentNestedFaultKind {
872 +     const fn kind(self) -> CompilerFragmentNestedFaultKind {
    |

warning: unnecessary qualification
   --> crates/library/interface/compiler_fragment/nested.rs:884:28
    |
884 |     const fn kind(self) -> super::CompilerFragmentNestedFaultKind {
    |                            ^^^^^^^^^^^^^^^^^^^^^^^^^^^^^^^^^^^^^^
    |
help: remove the unnecessary path segments
    |
884 -     const fn kind(self) -> super::CompilerFragmentNestedFaultKind {
884 +     const fn kind(self) -> CompilerFragmentNestedFaultKind {
    |

warning: unnecessary qualification
   --> crates/library/interface/compiler_fragment/nested.rs:894:28
    |
894 |     const fn kind(self) -> super::CompilerFragmentNestedFaultKind {
    |                            ^^^^^^^^^^^^^^^^^^^^^^^^^^^^^^^^^^^^^^
    |
help: remove the unnecessary path segments
    |
894 -     const fn kind(self) -> super::CompilerFragmentNestedFaultKind {
894 +     const fn kind(self) -> CompilerFragmentNestedFaultKind {
    |

warning: unnecessary qualification
   --> crates/library/interface/compiler_fragment/nested.rs:931:28
    |
931 |     const fn kind(self) -> super::CompilerFragmentNestedFaultKind {
    |                            ^^^^^^^^^^^^^^^^^^^^^^^^^^^^^^^^^^^^^^
    |
help: remove the unnecessary path segments
    |
931 -     const fn kind(self) -> super::CompilerFragmentNestedFaultKind {
931 +     const fn kind(self) -> CompilerFragmentNestedFaultKind {
    |

warning: unnecessary qualification
   --> crates/library/interface/compiler_fragment/nested.rs:958:28
    |
958 |     const fn kind(self) -> super::CompilerFragmentNestedFaultKind {
    |                            ^^^^^^^^^^^^^^^^^^^^^^^^^^^^^^^^^^^^^^
    |
help: remove the unnecessary path segments
    |
958 -     const fn kind(self) -> super::CompilerFragmentNestedFaultKind {
958 +     const fn kind(self) -> CompilerFragmentNestedFaultKind {
    |

warning: unnecessary qualification
   --> crates/library/interface/compiler_fragment/nested.rs:980:28
    |
980 |     const fn kind(self) -> super::CompilerFragmentNestedFaultKind {
    |                            ^^^^^^^^^^^^^^^^^^^^^^^^^^^^^^^^^^^^^^
    |
help: remove the unnecessary path segments
    |
980 -     const fn kind(self) -> super::CompilerFragmentNestedFaultKind {
980 +     const fn kind(self) -> CompilerFragmentNestedFaultKind {
    |

warning: unnecessary qualification
   --> crates/library/interface/compiler_fragment/nested.rs:999:28
    |
999 |     const fn kind(self) -> super::CompilerFragmentNestedFaultKind {
    |                            ^^^^^^^^^^^^^^^^^^^^^^^^^^^^^^^^^^^^^^
    |
help: remove the unnecessary path segments
    |
999 -     const fn kind(self) -> super::CompilerFragmentNestedFaultKind {
999 +     const fn kind(self) -> CompilerFragmentNestedFaultKind {
    |

warning: unused import: `CompilerToolIssue`
 --> crates/library/surface.rs:5:53
  |
5 |     CompilerFragmentFaultKind, CompilerToolFailure, CompilerToolIssue, CompilerToolRequirement,
  |                                                     ^^^^^^^^^^^^^^^^^
  |
  = note: `#[warn(unused_imports)]` (part of `#[warn(unused)]`) on by default

warning: unused imports: `PackageAnonymousCallableAnchorFaultFacts` and `PackageAnonymousCallableAnchorPoolFact`
  --> crates/library/surface.rs:27:48
   |
27 |     CompilerNativeToolFact, CompilerStageFact, PackageAnonymousCallableAnchorFaultFacts,
   |                                                ^^^^^^^^^^^^^^^^^^^^^^^^^^^^^^^^^^^^^^^^
28 |     PackageAnonymousCallableAnchorPoolFact, PackageCompilerFailureCause,
   |     ^^^^^^^^^^^^^^^^^^^^^^^^^^^^^^^^^^^^^^

warning: unnecessary qualification
    --> crates/library/surface.rs:4407:31
     |
4407 |         let mut coordinates = std::collections::BTreeSet::new();
     |                               ^^^^^^^^^^^^^^^^^^^^^^^^^^^^^^^
     |
help: remove the unnecessary path segments
     |
4407 -         let mut coordinates = std::collections::BTreeSet::new();
4407 +         let mut coordinates = BTreeSet::new();
     |

warning: unused variable: `ordinal`
   --> crates/library/interface/compiler_fragment.rs:385:75
    |
385 |             CompilerFragmentFault::Prepare(PrepareError::OccurrenceLane { ordinal, fault }) => {
    |                                                                           ^^^^^^^ help: try ignoring the field: `ordinal: _`
    |
    = note: `#[warn(unused_variables)]` (part of `#[warn(unused)]`) on by default

warning: missing documentation for a variant
   --> crates/library/interface/compiler_fragment.rs:719:5
    |
719 |     AnonymousCallableName,
    |     ^^^^^^^^^^^^^^^^^^^^^
    |
    = note: requested on the command line with `-W missing-docs`

warning: missing documentation for a variant
   --> crates/library/interface/compiler_fragment.rs:720:5
    |
720 |     Capacity,
    |     ^^^^^^^^

warning: missing documentation for a variant
   --> crates/library/interface/compiler_fragment.rs:721:5
    |
721 |     InvalidTreeEntity,
    |     ^^^^^^^^^^^^^^^^^

warning: missing documentation for a variant
   --> crates/library/interface/compiler_fragment.rs:722:5
    |
722 |     Dangling,
    |     ^^^^^^^^

warning: missing documentation for a variant
   --> crates/library/interface/compiler_fragment.rs:723:5
    |
723 |     RecursiveType,
    |     ^^^^^^^^^^^^^

warning: missing documentation for a variant
   --> crates/library/interface/compiler_fragment.rs:724:5
    |
724 |     CallableElement,
    |     ^^^^^^^^^^^^^^^

warning: missing documentation for a variant
   --> crates/library/interface/compiler_fragment.rs:725:5
    |
725 |     MissingTypedVariadicParameter,
    |     ^^^^^^^^^^^^^^^^^^^^^^^^^^^^^

warning: missing documentation for a variant
   --> crates/library/interface/compiler_fragment.rs:726:5
    |
726 |     EmptyQualifiedPath,
    |     ^^^^^^^^^^^^^^^^^^

warning: missing documentation for a variant
   --> crates/library/interface/compiler_fragment.rs:727:5
    |
727 |     TypeParameterRequirements,
    |     ^^^^^^^^^^^^^^^^^^^^^^^^^

warning: missing documentation for a variant
   --> crates/library/interface/compiler_fragment.rs:728:5
    |
728 |     EmptyCxxQualification,
    |     ^^^^^^^^^^^^^^^^^^^^^

warning: missing documentation for a variant
   --> crates/library/interface/compiler_fragment.rs:729:5
    |
729 |     IllegalCQualifierTarget,
    |     ^^^^^^^^^^^^^^^^^^^^^^^

warning: missing documentation for a variant
   --> crates/library/interface/compiler_fragment.rs:730:5
    |
730 |     IllegalCxxMemberPointerOwner,
    |     ^^^^^^^^^^^^^^^^^^^^^^^^^^^^

warning: missing documentation for a variant
   --> crates/library/interface/compiler_fragment.rs:731:5
    |
731 |     InvalidDocumentationUtf8,
    |     ^^^^^^^^^^^^^^^^^^^^^^^^

warning: missing documentation for a variant
   --> crates/library/interface/compiler_fragment.rs:732:5
    |
732 |     InvalidOccurrenceSpan,
    |     ^^^^^^^^^^^^^^^^^^^^^

warning: missing documentation for a variant
   --> crates/library/interface/compiler_fragment.rs:733:5
    |
733 |     SignatureCarrierRoleCount,
    |     ^^^^^^^^^^^^^^^^^^^^^^^^^

warning: missing documentation for a variant
   --> crates/library/interface/compiler_fragment.rs:734:5
    |
734 |     SignatureCarrierRoleKind,
    |     ^^^^^^^^^^^^^^^^^^^^^^^^

warning: missing documentation for a variant
   --> crates/library/interface/compiler_fragment.rs:735:5
    |
735 |     SignatureCarrierRoleOwnerKind,
    |     ^^^^^^^^^^^^^^^^^^^^^^^^^^^^^

warning: missing documentation for a variant
   --> crates/library/interface/compiler_fragment.rs:736:5
    |
736 |     SignatureCarrierRoleAlreadyCaptured,
    |     ^^^^^^^^^^^^^^^^^^^^^^^^^^^^^^^^^^^

warning: missing documentation for a variant
   --> crates/library/interface/compiler_fragment.rs:737:5
    |
737 |     SignatureCarrierBindingsAlreadyCaptured,
    |     ^^^^^^^^^^^^^^^^^^^^^^^^^^^^^^^^^^^^^^^

warning: missing documentation for a variant
   --> crates/library/interface/compiler_fragment.rs:738:5
    |
738 |     SignatureCarrierBindingOwnerSet,
    |     ^^^^^^^^^^^^^^^^^^^^^^^^^^^^^^^

warning: missing documentation for a variant
   --> crates/library/interface/compiler_fragment.rs:739:5
    |
739 |     SignatureCarrierBindingSignature,
    |     ^^^^^^^^^^^^^^^^^^^^^^^^^^^^^^^^

warning: missing documentation for a variant
   --> crates/library/interface/compiler_fragment.rs:740:5
    |
740 |     SignatureCarrierBindingCounts,
    |     ^^^^^^^^^^^^^^^^^^^^^^^^^^^^^

warning: missing documentation for a variant
   --> crates/library/interface/compiler_fragment.rs:741:5
    |
741 |     SignatureCarrierBindingEdgeRole,
    |     ^^^^^^^^^^^^^^^^^^^^^^^^^^^^^^^

warning: missing documentation for a variant
   --> crates/library/interface/compiler_fragment.rs:742:5
    |
742 |     SignatureCarrierBindingTargetCount,
    |     ^^^^^^^^^^^^^^^^^^^^^^^^^^^^^^^^^^

warning: missing documentation for a variant
   --> crates/library/interface/compiler_fragment.rs:743:5
    |
743 |     SignatureCarrierBindingTargetKind,
    |     ^^^^^^^^^^^^^^^^^^^^^^^^^^^^^^^^^

warning: missing documentation for a variant
   --> crates/library/interface/compiler_fragment.rs:744:5
    |
744 |     SignatureCarrierBindingType,
    |     ^^^^^^^^^^^^^^^^^^^^^^^^^^^

warning: missing documentation for a variant
   --> crates/library/interface/compiler_fragment.rs:745:5
    |
745 |     SignatureCarrierBindingEdgeMismatch,
    |     ^^^^^^^^^^^^^^^^^^^^^^^^^^^^^^^^^^^

warning: missing documentation for a variant
   --> crates/library/interface/compiler_fragment.rs:746:5
    |
746 |     ParentCycle,
    |     ^^^^^^^^^^^

warning: missing documentation for a variant
   --> crates/library/interface/compiler_fragment.rs:747:5
    |
747 |     DeclarationKey,
    |     ^^^^^^^^^^^^^^

warning: missing documentation for a variant
   --> crates/library/interface/compiler_fragment.rs:748:5
    |
748 |     TypedDeclarationKey,
    |     ^^^^^^^^^^^^^^^^^^^

warning: missing documentation for a variant
   --> crates/library/interface/compiler_fragment.rs:749:5
    |
749 |     AnonymousCallableSourceUnavailable,
    |     ^^^^^^^^^^^^^^^^^^^^^^^^^^^^^^^^^^

warning: missing documentation for a variant
   --> crates/library/interface/compiler_fragment.rs:750:5
    |
750 |     AnonymousCallableAnchorInvalid,
    |     ^^^^^^^^^^^^^^^^^^^^^^^^^^^^^^

warning: missing documentation for a variant
   --> crates/library/interface/compiler_fragment.rs:751:5
    |
751 |     AnonymousCallableSourceCoordinate,
    |     ^^^^^^^^^^^^^^^^^^^^^^^^^^^^^^^^^

warning: missing documentation for a variant
   --> crates/library/interface/compiler_fragment.rs:752:5
    |
752 |     AnonymousCallableInstance,
    |     ^^^^^^^^^^^^^^^^^^^^^^^^^

warning: missing documentation for a variant
   --> crates/library/interface/compiler_fragment.rs:753:5
    |
753 |     ScopedDeclarationPreimage,
    |     ^^^^^^^^^^^^^^^^^^^^^^^^^

warning: missing documentation for a variant
   --> crates/library/interface/compiler_fragment.rs:754:5
    |
754 |     ForeignKeyPreimage,
    |     ^^^^^^^^^^^^^^^^^^

warning: missing documentation for a variant
   --> crates/library/interface/compiler_fragment.rs:755:5
    |
755 |     DuplicateDeclarationIdentity,
    |     ^^^^^^^^^^^^^^^^^^^^^^^^^^^^

warning: missing documentation for a variant
   --> crates/library/interface/compiler_fragment.rs:756:5
    |
756 |     TreeVersionCount,
    |     ^^^^^^^^^^^^^^^^

warning: missing documentation for a variant
   --> crates/library/interface/compiler_fragment.rs:757:5
    |
757 |     AuthorityRowCount,
    |     ^^^^^^^^^^^^^^^^^

warning: missing documentation for a variant
   --> crates/library/interface/compiler_fragment.rs:758:5
    |
758 |     OccurrenceAuthorityRowCount,
    |     ^^^^^^^^^^^^^^^^^^^^^^^^^^^

warning: missing documentation for a variant
   --> crates/library/interface/compiler_fragment.rs:759:5
    |
759 |     AuthorityFacts,
    |     ^^^^^^^^^^^^^^

warning: missing documentation for a variant
   --> crates/library/interface/compiler_fragment.rs:760:5
    |
760 |     OccurrenceAuthorityFacts,
    |     ^^^^^^^^^^^^^^^^^^^^^^^^

warning: missing documentation for a variant
   --> crates/library/interface/compiler_fragment.rs:761:5
    |
761 |     ImageProvenanceLineage,
    |     ^^^^^^^^^^^^^^^^^^^^^^

warning: missing documentation for a variant
   --> crates/library/interface/compiler_fragment.rs:762:5
    |
762 |     ImageProvenanceScope,
    |     ^^^^^^^^^^^^^^^^^^^^

warning: missing documentation for a variant
   --> crates/library/interface/compiler_fragment.rs:763:5
    |
763 |     ImageProvenanceScopePreimage,
    |     ^^^^^^^^^^^^^^^^^^^^^^^^^^^^

warning: missing documentation for a variant
   --> crates/library/interface/compiler_fragment.rs:764:5
    |
764 |     ImageProvenanceRecipe,
    |     ^^^^^^^^^^^^^^^^^^^^^

warning: missing documentation for a variant
   --> crates/library/interface/compiler_fragment.rs:765:5
    |
765 |     ImageProvenanceRebind,
    |     ^^^^^^^^^^^^^^^^^^^^^

warning: missing documentation for a variant
   --> crates/library/interface/compiler_fragment.rs:766:5
    |
766 |     LanguageExtension,
    |     ^^^^^^^^^^^^^^^^^

warning: missing documentation for a variant
   --> crates/library/interface/compiler_fragment.rs:767:5
    |
767 |     LanguageProfileMismatch,
    |     ^^^^^^^^^^^^^^^^^^^^^^^

warning: missing documentation for a variant
   --> crates/library/interface/compiler_fragment.rs:768:5
    |
768 |     LanguageProfileRebind,
    |     ^^^^^^^^^^^^^^^^^^^^^

warning: missing documentation for a variant
   --> crates/library/interface/compiler_fragment.rs:775:5
    |
775 |     Count,
    |     ^^^^^

warning: missing documentation for a variant
   --> crates/library/interface/compiler_fragment.rs:776:5
    |
776 |     AtomBytePoolOverflow,
    |     ^^^^^^^^^^^^^^^^^^^^

warning: missing documentation for a variant
   --> crates/library/interface/compiler_fragment.rs:777:5
    |
777 |     LayoutOverflow,
    |     ^^^^^^^^^^^^^^

warning: missing documentation for a variant
   --> crates/library/interface/compiler_fragment.rs:778:5
    |
778 |     NativeCount,
    |     ^^^^^^^^^^^

warning: missing documentation for a variant
   --> crates/library/interface/compiler_fragment.rs:779:5
    |
779 |     OutputLength,
    |     ^^^^^^^^^^^^

warning: missing documentation for a variant
   --> crates/library/interface/compiler_fragment.rs:780:5
    |
780 |     Entity,
    |     ^^^^^^

warning: missing documentation for a variant
   --> crates/library/interface/compiler_fragment.rs:781:5
    |
781 |     TypeNode,
    |     ^^^^^^^^

warning: missing documentation for a variant
   --> crates/library/interface/compiler_fragment.rs:782:5
    |
782 |     SemanticDataOverflow,
    |     ^^^^^^^^^^^^^^^^^^^^

warning: missing documentation for a variant
   --> crates/library/interface/compiler_fragment.rs:783:5
    |
783 |     SemanticEntityRoots,
    |     ^^^^^^^^^^^^^^^^^^^

warning: missing documentation for a variant
   --> crates/library/interface/compiler_fragment.rs:784:5
    |
784 |     SemanticAtomLength,
    |     ^^^^^^^^^^^^^^^^^^

warning: missing documentation for a variant
   --> crates/library/interface/compiler_fragment.rs:785:5
    |
785 |     SemanticData,
    |     ^^^^^^^^^^^^

warning: missing documentation for a variant
   --> crates/library/interface/compiler_fragment.rs:786:5
    |
786 |     OccurrenceLane,
    |     ^^^^^^^^^^^^^^

warning: missing documentation for a variant
   --> crates/library/interface/compiler_fragment.rs:787:5
    |
787 |     TypeFacts,
    |     ^^^^^^^^^

warning: missing documentation for a variant
   --> crates/library/interface/compiler_fragment.rs:788:5
    |
788 |     Documentation,
    |     ^^^^^^^^^^^^^

warning: missing documentation for a variant
   --> crates/library/interface/compiler_fragment.rs:789:5
    |
789 |     ExtensionPools,
    |     ^^^^^^^^^^^^^^

warning: missing documentation for a variant
   --> crates/library/interface/compiler_fragment.rs:790:5
    |
790 |     ExtensionPoolsMismatch,
    |     ^^^^^^^^^^^^^^^^^^^^^^

warning: missing documentation for a variant
   --> crates/library/interface/compiler_fragment.rs:797:5
    |
797 |     OutputTooSmall,
    |     ^^^^^^^^^^^^^^

warning: missing documentation for a variant
   --> crates/library/interface/compiler_fragment.rs:798:5
    |
798 |     ExtensionSection,
    |     ^^^^^^^^^^^^^^^^

warning: missing documentation for a variant
   --> crates/library/interface/compiler_fragment.rs:799:5
    |
799 |     AtomLength,
    |     ^^^^^^^^^^

warning: missing documentation for a variant
   --> crates/library/interface/compiler_fragment.rs:800:5
    |
800 |     AtomExtent,
    |     ^^^^^^^^^^

warning: missing documentation for a variant
   --> crates/library/interface/compiler_fragment.rs:801:5
    |
801 |     SemanticAtomLength,
    |     ^^^^^^^^^^^^^^^^^^

warning: missing documentation for a variant
   --> crates/library/interface/compiler_fragment.rs:808:5
    |
808 |     ExtensionPoolPair,
    |     ^^^^^^^^^^^^^^^^^

warning: missing documentation for a variant
   --> crates/library/interface/compiler_fragment.rs:809:5
    |
809 |     Documentation,
    |     ^^^^^^^^^^^^^

warning: missing documentation for a variant
   --> crates/library/interface/compiler_fragment.rs:810:5
    |
810 |     ExtensionPools,
    |     ^^^^^^^^^^^^^^

warning: missing documentation for a variant
   --> crates/library/interface/compiler_fragment.rs:811:5
    |
811 |     LanguageExtensions,
    |     ^^^^^^^^^^^^^^^^^^

warning: missing documentation for a variant
   --> crates/library/interface/compiler_fragment.rs:812:5
    |
812 |     TruncatedHeader,
    |     ^^^^^^^^^^^^^^^

warning: missing documentation for a variant
   --> crates/library/interface/compiler_fragment.rs:813:5
    |
813 |     Magic,
    |     ^^^^^

warning: missing documentation for a variant
   --> crates/library/interface/compiler_fragment.rs:814:5
    |
814 |     Schema,
    |     ^^^^^^

warning: missing documentation for a variant
   --> crates/library/interface/compiler_fragment.rs:815:5
    |
815 |     DeclaredLength,
    |     ^^^^^^^^^^^^^^

warning: missing documentation for a variant
   --> crates/library/interface/compiler_fragment.rs:816:5
    |
816 |     Extent,
    |     ^^^^^^

warning: missing documentation for a variant
   --> crates/library/interface/compiler_fragment.rs:817:5
    |
817 |     WireWidth,
    |     ^^^^^^^^^

warning: missing documentation for a variant
   --> crates/library/interface/compiler_fragment.rs:818:5
    |
818 |     Directory,
    |     ^^^^^^^^^

warning: missing documentation for a variant
   --> crates/library/interface/compiler_fragment.rs:819:5
    |
819 |     MissingSection,
    |     ^^^^^^^^^^^^^^

warning: missing documentation for a variant
   --> crates/library/interface/compiler_fragment.rs:820:5
    |
820 |     Entity,
    |     ^^^^^^

warning: missing documentation for a variant
   --> crates/library/interface/compiler_fragment.rs:821:5
    |
821 |     EntityRecord,
    |     ^^^^^^^^^^^^

warning: missing documentation for a variant
   --> crates/library/interface/compiler_fragment.rs:822:5
    |
822 |     Atom,
    |     ^^^^

warning: missing documentation for a variant
   --> crates/library/interface/compiler_fragment.rs:823:5
    |
823 |     TypeNode,
    |     ^^^^^^^^

warning: missing documentation for a variant
   --> crates/library/interface/compiler_fragment.rs:824:5
    |
824 |     SourceIdentity,
    |     ^^^^^^^^^^^^^^

warning: missing documentation for a variant
   --> crates/library/interface/compiler_fragment.rs:825:5
    |
825 |     RecipeFact,
    |     ^^^^^^^^^^

warning: missing documentation for a variant
   --> crates/library/interface/compiler_fragment.rs:826:5
    |
826 |     SemanticData,
    |     ^^^^^^^^^^^^

warning: missing documentation for a variant
   --> crates/library/interface/compiler_fragment.rs:827:5
    |
827 |     Occurrences,
    |     ^^^^^^^^^^^

warning: missing documentation for a variant
   --> crates/library/interface/compiler_fragment.rs:828:5
    |
828 |     TypeFacts,
    |     ^^^^^^^^^

warning: missing documentation for a variant
   --> crates/library/interface/compiler_fragment.rs:849:5
    |
849 |     Atom,
    |     ^^^^

warning: missing documentation for a variant
   --> crates/library/interface/compiler_fragment.rs:850:5
    |
850 |     Text,
    |     ^^^^

warning: missing documentation for a variant
   --> crates/library/interface/compiler_fragment.rs:851:5
    |
851 |     Type,
    |     ^^^^

warning: missing documentation for a variant
   --> crates/library/interface/compiler_fragment.rs:852:5
    |
852 |     Entity,
    |     ^^^^^^

warning: missing documentation for a variant
   --> crates/library/interface/compiler_fragment.rs:853:5
    |
853 |     External,
    |     ^^^^^^^^

warning: missing documentation for a variant
   --> crates/library/interface/compiler_fragment.rs:854:5
    |
854 |     Link,
    |     ^^^^

warning: missing documentation for a variant
   --> crates/library/interface/compiler_fragment.rs:855:5
    |
855 |     LinkOccurrence,
    |     ^^^^^^^^^^^^^^

warning: missing documentation for a variant
   --> crates/library/interface/compiler_fragment.rs:856:5
    |
856 |     TypeList,
    |     ^^^^^^^^

warning: missing documentation for a variant
   --> crates/library/interface/compiler_fragment.rs:857:5
    |
857 |     EntityList,
    |     ^^^^^^^^^^

warning: missing documentation for a variant
   --> crates/library/interface/compiler_fragment.rs:858:5
    |
858 |     AtomList,
    |     ^^^^^^^^

warning: missing documentation for a variant
   --> crates/library/interface/compiler_fragment.rs:859:5
    |
859 |     Docs,
    |     ^^^^

warning: missing documentation for a variant
   --> crates/library/interface/compiler_fragment.rs:860:5
    |
860 |     TupleElements,
    |     ^^^^^^^^^^^^^

warning: missing documentation for a variant
   --> crates/library/interface/compiler_fragment.rs:861:5
    |
861 |     ObjectMembers,
    |     ^^^^^^^^^^^^^

warning: missing documentation for a variant
   --> crates/library/interface/compiler_fragment.rs:862:5
    |
862 |     TemplateParts,
    |     ^^^^^^^^^^^^^

warning: missing documentation for a variant
   --> crates/library/interface/compiler_fragment.rs:863:5
    |
863 |     TypeParameterBounds,
    |     ^^^^^^^^^^^^^^^^^^^

warning: missing documentation for a variant
   --> crates/library/interface/compiler_fragment.rs:864:5
    |
864 |     TypeParameters,
    |     ^^^^^^^^^^^^^^

warning: missing documentation for a variant
   --> crates/library/interface/compiler_fragment.rs:865:5
    |
865 |     FreePredicates,
    |     ^^^^^^^^^^^^^^

warning: missing documentation for a variant
   --> crates/library/interface/compiler_fragment.rs:872:5
    |
872 |     Directory,
    |     ^^^^^^^^^

warning: missing documentation for a variant
   --> crates/library/interface/compiler_fragment.rs:873:5
    |
873 |     EntityLane,
    |     ^^^^^^^^^^

warning: missing documentation for a variant
   --> crates/library/interface/compiler_fragment.rs:874:5
    |
874 |     TypeNodeLane,
    |     ^^^^^^^^^^^^

warning: missing documentation for a variant
   --> crates/library/interface/compiler_fragment.rs:875:5
    |
875 |     AtomRecordLane,
    |     ^^^^^^^^^^^^^^

warning: missing documentation for a variant
   --> crates/library/interface/compiler_fragment.rs:876:5
    |
876 |     AtomByteLane,
    |     ^^^^^^^^^^^^

warning: missing documentation for a variant
   --> crates/library/interface/compiler_fragment.rs:877:5
    |
877 |     SourceIdentityLane,
    |     ^^^^^^^^^^^^^^^^^^

warning: missing documentation for a variant
   --> crates/library/interface/compiler_fragment.rs:878:5
    |
878 |     RecipeFactLane,
    |     ^^^^^^^^^^^^^^

warning: missing documentation for a variant
   --> crates/library/interface/compiler_fragment.rs:879:5
    |
879 |     SemanticData,
    |     ^^^^^^^^^^^^

warning: missing documentation for a variant
   --> crates/library/interface/compiler_fragment.rs:880:5
    |
880 |     Occurrences,
    |     ^^^^^^^^^^^

warning: missing documentation for a variant
   --> crates/library/interface/compiler_fragment.rs:881:5
    |
881 |     TypeFacts,
    |     ^^^^^^^^^

warning: missing documentation for a variant
   --> crates/library/interface/compiler_fragment.rs:882:5
    |
882 |     Documentation,
    |     ^^^^^^^^^^^^^

warning: missing documentation for a variant
   --> crates/library/interface/compiler_fragment.rs:883:5
    |
883 |     LanguageExtensions,
    |     ^^^^^^^^^^^^^^^^^^

warning: missing documentation for a variant
   --> crates/library/interface/compiler_fragment.rs:884:5
    |
884 |     ExtensionPools,
    |     ^^^^^^^^^^^^^^

warning: missing documentation for a variant
   --> crates/library/interface/compiler_fragment.rs:891:5
    |
891 |     Prepare,
    |     ^^^^^^^

warning: missing documentation for a variant
   --> crates/library/interface/compiler_fragment.rs:892:5
    |
892 |     Write,
    |     ^^^^^

warning: missing documentation for a variant
   --> crates/library/interface/compiler_fragment.rs:893:5
    |
893 |     Validate,
    |     ^^^^^^^^

warning: missing documentation for a variant
  --> crates/library/interface/compiler_fragment/nested.rs:15:5
   |
15 |     Atoms,
   |     ^^^^^

warning: missing documentation for a variant
  --> crates/library/interface/compiler_fragment/nested.rs:16:5
   |
16 |     Products,
   |     ^^^^^^^^

warning: missing documentation for a variant
  --> crates/library/interface/compiler_fragment/nested.rs:17:5
   |
17 |     Constructors,
   |     ^^^^^^^^^^^^

warning: missing documentation for a variant
  --> crates/library/interface/compiler_fragment/nested.rs:18:5
   |
18 |     Lists,
   |     ^^^^^

warning: missing documentation for a variant
  --> crates/library/interface/compiler_fragment/nested.rs:19:5
   |
19 |     Children,
   |     ^^^^^^^^

warning: missing documentation for a variant
  --> crates/library/interface/compiler_fragment/nested.rs:20:5
   |
20 |     AtomOrder,
   |     ^^^^^^^^^

warning: missing documentation for a variant
  --> crates/library/interface/compiler_fragment/nested.rs:21:5
   |
21 |     AtomMap,
   |     ^^^^^^^

warning: missing documentation for a variant
  --> crates/library/interface/compiler_fragment/nested.rs:22:5
   |
22 |     ProductOrder,
   |     ^^^^^^^^^^^^

warning: missing documentation for a variant
  --> crates/library/interface/compiler_fragment/nested.rs:23:5
   |
23 |     ProductMap,
   |     ^^^^^^^^^^

warning: missing documentation for a variant
  --> crates/library/interface/compiler_fragment/nested.rs:24:5
   |
24 |     Colors,
   |     ^^^^^^

warning: missing documentation for a variant
  --> crates/library/interface/compiler_fragment/nested.rs:25:5
   |
25 |     NextColors,
   |     ^^^^^^^^^^

warning: missing documentation for a variant
  --> crates/library/interface/compiler_fragment/nested.rs:26:5
   |
26 |     Hashes,
   |     ^^^^^^

warning: missing documentation for a variant
  --> crates/library/interface/compiler_fragment/nested.rs:27:5
   |
27 |     NextHashes,
   |     ^^^^^^^^^^

warning: missing documentation for a variant
  --> crates/library/interface/compiler_fragment/nested.rs:28:5
   |
28 |     Representatives,
   |     ^^^^^^^^^^^^^^^

warning: missing documentation for a variant
  --> crates/library/interface/compiler_fragment/nested.rs:29:5
   |
29 |     InternSlots,
   |     ^^^^^^^^^^^

warning: missing documentation for a variant
  --> crates/library/interface/compiler_fragment/nested.rs:36:5
   |
36 |     RefinementRounds,
   |     ^^^^^^^^^^^^^^^^

warning: missing documentation for a variant
  --> crates/library/interface/compiler_fragment/nested.rs:37:5
   |
37 |     SortComparisons,
   |     ^^^^^^^^^^^^^^^

warning: missing documentation for a variant
  --> crates/library/interface/compiler_fragment/nested.rs:38:5
   |
38 |     HashEvaluations,
   |     ^^^^^^^^^^^^^^^

warning: missing documentation for a variant
  --> crates/library/interface/compiler_fragment/nested.rs:39:5
   |
39 |     InternProbes,
   |     ^^^^^^^^^^^^

warning: missing documentation for a variant
  --> crates/library/interface/compiler_fragment/nested.rs:40:5
   |
40 |     Work,
   |     ^^^^

warning: missing documentation for a variant
  --> crates/library/interface/compiler_fragment/nested.rs:53:5
   |
53 |     EntityRecord(EntityRecordFaultFacts),
   |     ^^^^^^^^^^^^

warning: missing documentation for a variant
  --> crates/library/interface/compiler_fragment/nested.rs:54:5
   |
54 |     TypeNode(TypeNodeFaultFacts),
   |     ^^^^^^^^

warning: missing documentation for a variant
  --> crates/library/interface/compiler_fragment/nested.rs:55:5
   |
55 |     Atom(AtomFaultFacts),
   |     ^^^^

warning: missing documentation for a variant
  --> crates/library/interface/compiler_fragment/nested.rs:56:5
   |
56 |     CanonicalData(CanonicalDataFaultFacts),
   |     ^^^^^^^^^^^^^

warning: missing documentation for a variant
  --> crates/library/interface/compiler_fragment/nested.rs:57:5
   |
57 |     SemanticData(SemanticDataFaultFacts),
   |     ^^^^^^^^^^^^

warning: missing documentation for a variant
  --> crates/library/interface/compiler_fragment/nested.rs:58:5
   |
58 |     Occurrence(OccurrenceFaultFacts),
   |     ^^^^^^^^^^

warning: missing documentation for a variant
  --> crates/library/interface/compiler_fragment/nested.rs:59:5
   |
59 |     SignatureCarrier(SignatureCarrierFaultFacts),
   |     ^^^^^^^^^^^^^^^^

warning: missing documentation for a variant
  --> crates/library/interface/compiler_fragment/nested.rs:60:5
   |
60 |     Validation(ValidationFaultFacts),
   |     ^^^^^^^^^^

warning: missing documentation for a variant
  --> crates/library/interface/compiler_fragment/nested.rs:68:5
   |
68 |     EntityTypeReference,
   |     ^^^^^^^^^^^^^^^^^^^

warning: missing documentation for a variant
  --> crates/library/interface/compiler_fragment/nested.rs:69:5
   |
69 |     EntityNameReference,
   |     ^^^^^^^^^^^^^^^^^^^

warning: missing documentation for a variant
  --> crates/library/interface/compiler_fragment/nested.rs:70:5
   |
70 |     EntityKindTag,
   |     ^^^^^^^^^^^^^

warning: missing documentation for a variant
  --> crates/library/interface/compiler_fragment/nested.rs:71:5
   |
71 |     EntityReservedBits,
   |     ^^^^^^^^^^^^^^^^^^

warning: missing documentation for a variant
  --> crates/library/interface/compiler_fragment/nested.rs:72:5
   |
72 |     TypeNodeReservedBytes,
   |     ^^^^^^^^^^^^^^^^^^^^^

warning: missing documentation for a variant
  --> crates/library/interface/compiler_fragment/nested.rs:73:5
   |
73 |     TypeNodeTag,
   |     ^^^^^^^^^^^

warning: missing documentation for a variant
  --> crates/library/interface/compiler_fragment/nested.rs:74:5
   |
74 |     TypeNodePrimitive,
   |     ^^^^^^^^^^^^^^^^^

warning: missing documentation for a variant
  --> crates/library/interface/compiler_fragment/nested.rs:75:5
   |
75 |     TypeNodeEdge,
   |     ^^^^^^^^^^^^

warning: missing documentation for a variant
  --> crates/library/interface/compiler_fragment/nested.rs:76:5
   |
76 |     AtomRange,
   |     ^^^^^^^^^

warning: missing documentation for a variant
  --> crates/library/interface/compiler_fragment/nested.rs:77:5
   |
77 |     AtomEmpty,
   |     ^^^^^^^^^

warning: missing documentation for a variant
  --> crates/library/interface/compiler_fragment/nested.rs:78:5
   |
78 |     CanonicalDataCount,
   |     ^^^^^^^^^^^^^^^^^^

warning: missing documentation for a variant
  --> crates/library/interface/compiler_fragment/nested.rs:79:5
   |
79 |     CanonicalDataNativeCount,
   |     ^^^^^^^^^^^^^^^^^^^^^^^^

warning: missing documentation for a variant
  --> crates/library/interface/compiler_fragment/nested.rs:80:5
   |
80 |     CanonicalDataNativeWork,
   |     ^^^^^^^^^^^^^^^^^^^^^^^

warning: missing documentation for a variant
  --> crates/library/interface/compiler_fragment/nested.rs:81:5
   |
81 |     CanonicalDataCanonicalCountOverflow,
   |     ^^^^^^^^^^^^^^^^^^^^^^^^^^^^^^^^^^^

warning: missing documentation for a variant
  --> crates/library/interface/compiler_fragment/nested.rs:82:5
   |
82 |     CanonicalDataCanonicalCountMismatch,
   |     ^^^^^^^^^^^^^^^^^^^^^^^^^^^^^^^^^^^

warning: missing documentation for a variant
  --> crates/library/interface/compiler_fragment/nested.rs:83:5
   |
83 |     CanonicalDataScratch,
   |     ^^^^^^^^^^^^^^^^^^^^

warning: missing documentation for a variant
  --> crates/library/interface/compiler_fragment/nested.rs:84:5
   |
84 |     CanonicalDataOutputTooSmall,
   |     ^^^^^^^^^^^^^^^^^^^^^^^^^^^

warning: missing documentation for a variant
  --> crates/library/interface/compiler_fragment/nested.rs:85:5
   |
85 |     CanonicalDataProductHead,
   |     ^^^^^^^^^^^^^^^^^^^^^^^^

warning: missing documentation for a variant
  --> crates/library/interface/compiler_fragment/nested.rs:86:5
   |
86 |     CanonicalDataProductList,
   |     ^^^^^^^^^^^^^^^^^^^^^^^^

warning: missing documentation for a variant
  --> crates/library/interface/compiler_fragment/nested.rs:87:5
   |
87 |     CanonicalDataConstructorCount,
   |     ^^^^^^^^^^^^^^^^^^^^^^^^^^^^^

warning: missing documentation for a variant
  --> crates/library/interface/compiler_fragment/nested.rs:88:5
   |
88 |     CanonicalDataConstructorTag,
   |     ^^^^^^^^^^^^^^^^^^^^^^^^^^^

warning: missing documentation for a variant
  --> crates/library/interface/compiler_fragment/nested.rs:89:5
   |
89 |     CanonicalDataConstructorReservedPayload,
   |     ^^^^^^^^^^^^^^^^^^^^^^^^^^^^^^^^^^^^^^^

warning: missing documentation for a variant
  --> crates/library/interface/compiler_fragment/nested.rs:90:5
   |
90 |     CanonicalDataConstructorArityOverflow,
   |     ^^^^^^^^^^^^^^^^^^^^^^^^^^^^^^^^^^^^^

warning: missing documentation for a variant
  --> crates/library/interface/compiler_fragment/nested.rs:91:5
   |
91 |     CanonicalDataConstructorArity,
   |     ^^^^^^^^^^^^^^^^^^^^^^^^^^^^^

warning: missing documentation for a variant
  --> crates/library/interface/compiler_fragment/nested.rs:92:5
   |
92 |     CanonicalDataProductChildRole,
   |     ^^^^^^^^^^^^^^^^^^^^^^^^^^^^^

warning: missing documentation for a variant
  --> crates/library/interface/compiler_fragment/nested.rs:93:5
   |
93 |     CanonicalDataListExtent,
   |     ^^^^^^^^^^^^^^^^^^^^^^^

warning: missing documentation for a variant
  --> crates/library/interface/compiler_fragment/nested.rs:94:5
   |
94 |     CanonicalDataNativeExtent,
   |     ^^^^^^^^^^^^^^^^^^^^^^^^^

warning: missing documentation for a variant
  --> crates/library/interface/compiler_fragment/nested.rs:95:5
   |
95 |     CanonicalDataProductChild,
   |     ^^^^^^^^^^^^^^^^^^^^^^^^^

warning: missing documentation for a variant
  --> crates/library/interface/compiler_fragment/nested.rs:96:5
   |
96 |     CanonicalDataOutputLength,
   |     ^^^^^^^^^^^^^^^^^^^^^^^^^

warning: missing documentation for a variant
  --> crates/library/interface/compiler_fragment/nested.rs:97:5
   |
97 |     CanonicalDataCanonicalListExtent,
   |     ^^^^^^^^^^^^^^^^^^^^^^^^^^^^^^^^

warning: missing documentation for a variant
  --> crates/library/interface/compiler_fragment/nested.rs:98:5
   |
98 |     CanonicalDataCanonicalAtom,
   |     ^^^^^^^^^^^^^^^^^^^^^^^^^^

warning: missing documentation for a variant
  --> crates/library/interface/compiler_fragment/nested.rs:99:5
   |
99 |     CanonicalDataCanonicalProduct,
   |     ^^^^^^^^^^^^^^^^^^^^^^^^^^^^^

warning: missing documentation for a variant
   --> crates/library/interface/compiler_fragment/nested.rs:100:5
    |
100 |     CanonicalDataCanonicalList,
    |     ^^^^^^^^^^^^^^^^^^^^^^^^^^

warning: missing documentation for a variant
   --> crates/library/interface/compiler_fragment/nested.rs:101:5
    |
101 |     CanonicalDataRefinementBound,
    |     ^^^^^^^^^^^^^^^^^^^^^^^^^^^^

warning: missing documentation for a variant
   --> crates/library/interface/compiler_fragment/nested.rs:102:5
    |
102 |     CanonicalDataInternTableFull,
    |     ^^^^^^^^^^^^^^^^^^^^^^^^^^^^

warning: missing documentation for a variant
   --> crates/library/interface/compiler_fragment/nested.rs:103:5
    |
103 |     CanonicalDataInternEntry,
    |     ^^^^^^^^^^^^^^^^^^^^^^^^

warning: missing documentation for a variant
   --> crates/library/interface/compiler_fragment/nested.rs:104:5
    |
104 |     CanonicalDataResourceCounterOverflow,
    |     ^^^^^^^^^^^^^^^^^^^^^^^^^^^^^^^^^^^^

warning: missing documentation for a variant
   --> crates/library/interface/compiler_fragment/nested.rs:105:5
    |
105 |     CanonicalDataBudgetAdmission,
    |     ^^^^^^^^^^^^^^^^^^^^^^^^^^^^

warning: missing documentation for a variant
   --> crates/library/interface/compiler_fragment/nested.rs:106:5
    |
106 |     CanonicalDataBudgetExceeded,
    |     ^^^^^^^^^^^^^^^^^^^^^^^^^^^

warning: missing documentation for a variant
   --> crates/library/interface/compiler_fragment/nested.rs:107:5
    |
107 |     SemanticDataHeader,
    |     ^^^^^^^^^^^^^^^^^^

warning: missing documentation for a variant
   --> crates/library/interface/compiler_fragment/nested.rs:108:5
    |
108 |     SemanticDataAtomLength,
    |     ^^^^^^^^^^^^^^^^^^^^^^

warning: missing documentation for a variant
   --> crates/library/interface/compiler_fragment/nested.rs:109:5
    |
109 |     SemanticDataProductHead,
    |     ^^^^^^^^^^^^^^^^^^^^^^^

warning: missing documentation for a variant
   --> crates/library/interface/compiler_fragment/nested.rs:110:5
    |
110 |     SemanticDataProductList,
    |     ^^^^^^^^^^^^^^^^^^^^^^^

warning: missing documentation for a variant
   --> crates/library/interface/compiler_fragment/nested.rs:111:5
    |
111 |     SemanticDataConstructorCount,
    |     ^^^^^^^^^^^^^^^^^^^^^^^^^^^^

warning: missing documentation for a variant
   --> crates/library/interface/compiler_fragment/nested.rs:112:5
    |
112 |     SemanticDataEntityRootCount,
    |     ^^^^^^^^^^^^^^^^^^^^^^^^^^^

warning: missing documentation for a variant
   --> crates/library/interface/compiler_fragment/nested.rs:113:5
    |
113 |     SemanticDataEntityRoot,
    |     ^^^^^^^^^^^^^^^^^^^^^^

warning: missing documentation for a variant
   --> crates/library/interface/compiler_fragment/nested.rs:114:5
    |
114 |     SemanticDataConstructorTag,
    |     ^^^^^^^^^^^^^^^^^^^^^^^^^^

warning: missing documentation for a variant
   --> crates/library/interface/compiler_fragment/nested.rs:115:5
    |
115 |     SemanticDataConstructorReservedPayload,
    |     ^^^^^^^^^^^^^^^^^^^^^^^^^^^^^^^^^^^^^^

warning: missing documentation for a variant
   --> crates/library/interface/compiler_fragment/nested.rs:116:5
    |
116 |     SemanticDataConstructorArityOverflow,
    |     ^^^^^^^^^^^^^^^^^^^^^^^^^^^^^^^^^^^^

warning: missing documentation for a variant
   --> crates/library/interface/compiler_fragment/nested.rs:117:5
    |
117 |     SemanticDataConstructorArity,
    |     ^^^^^^^^^^^^^^^^^^^^^^^^^^^^

warning: missing documentation for a variant
   --> crates/library/interface/compiler_fragment/nested.rs:118:5
    |
118 |     SemanticDataListExtent,
    |     ^^^^^^^^^^^^^^^^^^^^^^

warning: missing documentation for a variant
   --> crates/library/interface/compiler_fragment/nested.rs:119:5
    |
119 |     SemanticDataChildRoleCode,
    |     ^^^^^^^^^^^^^^^^^^^^^^^^^

warning: missing documentation for a variant
   --> crates/library/interface/compiler_fragment/nested.rs:120:5
    |
120 |     SemanticDataChildRole,
    |     ^^^^^^^^^^^^^^^^^^^^^

warning: missing documentation for a variant
   --> crates/library/interface/compiler_fragment/nested.rs:121:5
    |
121 |     SemanticDataChildTag,
    |     ^^^^^^^^^^^^^^^^^^^^

warning: missing documentation for a variant
   --> crates/library/interface/compiler_fragment/nested.rs:122:5
    |
122 |     SemanticDataLocalChild,
    |     ^^^^^^^^^^^^^^^^^^^^^^

warning: missing documentation for a variant
   --> crates/library/interface/compiler_fragment/nested.rs:123:5
    |
123 |     SemanticDataLocalReserved,
    |     ^^^^^^^^^^^^^^^^^^^^^^^^^

warning: missing documentation for a variant
   --> crates/library/interface/compiler_fragment/nested.rs:124:5
    |
124 |     SemanticDataExternalAuthority,
    |     ^^^^^^^^^^^^^^^^^^^^^^^^^^^^^

warning: missing documentation for a variant
   --> crates/library/interface/compiler_fragment/nested.rs:125:5
    |
125 |     SemanticDataTrailing,
    |     ^^^^^^^^^^^^^^^^^^^^

warning: missing documentation for a variant
   --> crates/library/interface/compiler_fragment/nested.rs:126:5
    |
126 |     OccurrenceOwner,
    |     ^^^^^^^^^^^^^^^

warning: missing documentation for a variant
   --> crates/library/interface/compiler_fragment/nested.rs:127:5
    |
127 |     OccurrenceLocalTarget,
    |     ^^^^^^^^^^^^^^^^^^^^^

warning: missing documentation for a variant
   --> crates/library/interface/compiler_fragment/nested.rs:128:5
    |
128 |     OccurrenceTargetTag,
    |     ^^^^^^^^^^^^^^^^^^^

warning: missing documentation for a variant
   --> crates/library/interface/compiler_fragment/nested.rs:129:5
    |
129 |     OccurrenceOriginTag,
    |     ^^^^^^^^^^^^^^^^^^^

warning: missing documentation for a variant
   --> crates/library/interface/compiler_fragment/nested.rs:130:5
    |
130 |     OccurrenceReferenceKind,
    |     ^^^^^^^^^^^^^^^^^^^^^^^

warning: missing documentation for a variant
   --> crates/library/interface/compiler_fragment/nested.rs:131:5
    |
131 |     OccurrenceConfidence,
    |     ^^^^^^^^^^^^^^^^^^^^

warning: missing documentation for a variant
   --> crates/library/interface/compiler_fragment/nested.rs:132:5
    |
132 |     OccurrenceSpan,
    |     ^^^^^^^^^^^^^^

warning: missing documentation for a variant
   --> crates/library/interface/compiler_fragment/nested.rs:133:5
    |
133 |     OccurrenceKindCell,
    |     ^^^^^^^^^^^^^^^^^^

warning: missing documentation for a variant
   --> crates/library/interface/compiler_fragment/nested.rs:134:5
    |
134 |     OccurrenceEmptyPath,
    |     ^^^^^^^^^^^^^^^^^^^

warning: missing documentation for a variant
   --> crates/library/interface/compiler_fragment/nested.rs:135:5
    |
135 |     OccurrenceTruncated,
    |     ^^^^^^^^^^^^^^^^^^^

warning: missing documentation for a variant
   --> crates/library/interface/compiler_fragment/nested.rs:136:5
    |
136 |     OccurrenceTrailingBytes,
    |     ^^^^^^^^^^^^^^^^^^^^^^^

warning: missing documentation for a variant
   --> crates/library/interface/compiler_fragment/nested.rs:137:5
    |
137 |     OccurrenceLegacyStableTarget,
    |     ^^^^^^^^^^^^^^^^^^^^^^^^^^^^

warning: missing documentation for a variant
   --> crates/library/interface/compiler_fragment/nested.rs:138:5
    |
138 |     OccurrenceAuthorityDomain,
    |     ^^^^^^^^^^^^^^^^^^^^^^^^^

warning: missing documentation for a variant
   --> crates/library/interface/compiler_fragment/nested.rs:139:5
    |
139 |     OccurrenceAuthorityWidth,
    |     ^^^^^^^^^^^^^^^^^^^^^^^^

warning: missing documentation for a variant
   --> crates/library/interface/compiler_fragment/nested.rs:140:5
    |
140 |     ValidateTruncatedHeader,
    |     ^^^^^^^^^^^^^^^^^^^^^^^

warning: missing documentation for a variant
   --> crates/library/interface/compiler_fragment/nested.rs:141:5
    |
141 |     ValidateMagic,
    |     ^^^^^^^^^^^^^

warning: missing documentation for a variant
   --> crates/library/interface/compiler_fragment/nested.rs:142:5
    |
142 |     ValidateSchema,
    |     ^^^^^^^^^^^^^^

warning: missing documentation for a variant
   --> crates/library/interface/compiler_fragment/nested.rs:143:5
    |
143 |     ValidateDeclaredLength,
    |     ^^^^^^^^^^^^^^^^^^^^^^

warning: missing documentation for a variant
   --> crates/library/interface/compiler_fragment/nested.rs:144:5
    |
144 |     ValidateExtent,
    |     ^^^^^^^^^^^^^^

warning: missing documentation for a variant
   --> crates/library/interface/compiler_fragment/nested.rs:145:5
    |
145 |     ValidateWireWidth,
    |     ^^^^^^^^^^^^^^^^^

warning: missing documentation for a variant
   --> crates/library/interface/compiler_fragment/nested.rs:146:5
    |
146 |     SignatureCarrierRoleCount,
    |     ^^^^^^^^^^^^^^^^^^^^^^^^^

warning: missing documentation for a variant
   --> crates/library/interface/compiler_fragment/nested.rs:147:5
    |
147 |     SignatureCarrierRoleKind,
    |     ^^^^^^^^^^^^^^^^^^^^^^^^

warning: missing documentation for a variant
   --> crates/library/interface/compiler_fragment/nested.rs:148:5
    |
148 |     SignatureCarrierRoleOwnerKind,
    |     ^^^^^^^^^^^^^^^^^^^^^^^^^^^^^

warning: missing documentation for a variant
   --> crates/library/interface/compiler_fragment/nested.rs:149:5
    |
149 |     SignatureCarrierBindingOwnerSet,
    |     ^^^^^^^^^^^^^^^^^^^^^^^^^^^^^^^

warning: missing documentation for a variant
   --> crates/library/interface/compiler_fragment/nested.rs:150:5
    |
150 |     SignatureCarrierBindingSignature,
    |     ^^^^^^^^^^^^^^^^^^^^^^^^^^^^^^^^

warning: missing documentation for a variant
   --> crates/library/interface/compiler_fragment/nested.rs:151:5
    |
151 |     SignatureCarrierBindingCounts,
    |     ^^^^^^^^^^^^^^^^^^^^^^^^^^^^^

warning: missing documentation for a variant
   --> crates/library/interface/compiler_fragment/nested.rs:152:5
    |
152 |     SignatureCarrierBindingEdgeRole,
    |     ^^^^^^^^^^^^^^^^^^^^^^^^^^^^^^^

warning: missing documentation for a variant
   --> crates/library/interface/compiler_fragment/nested.rs:153:5
    |
153 |     SignatureCarrierBindingTargetCount,
    |     ^^^^^^^^^^^^^^^^^^^^^^^^^^^^^^^^^^

warning: missing documentation for a variant
   --> crates/library/interface/compiler_fragment/nested.rs:154:5
    |
154 |     SignatureCarrierBindingTargetKind,
    |     ^^^^^^^^^^^^^^^^^^^^^^^^^^^^^^^^^

warning: missing documentation for a variant
   --> crates/library/interface/compiler_fragment/nested.rs:155:5
    |
155 |     SignatureCarrierBindingType,
    |     ^^^^^^^^^^^^^^^^^^^^^^^^^^^

warning: missing documentation for a variant
   --> crates/library/interface/compiler_fragment/nested.rs:156:5
    |
156 |     SignatureCarrierBindingEdgeMismatch,
    |     ^^^^^^^^^^^^^^^^^^^^^^^^^^^^^^^^^^^

warning: missing documentation for a variant
   --> crates/library/interface/compiler_fragment/nested.rs:168:15
    |
168 |               $($variant { $($field: $ty),* }),*
    |                 ^^^^^^^^^^^^^^^^^^^^^^^^^^^^^
...
173 | / nested_fault_enum! {
174 | |     /// Entity-record and entity-coordinate validation subcauses.
175 | |     EntityRecordFaultFacts {
176 | |         TypeReference { ordinal: u32, target: u32, node_count: u32 },
...   |
181 | | }
    | |_- in this macro invocation
    |
    = note: this warning originates in the macro `nested_fault_enum` (in Nightly builds, run with -Z macro-backtrace for more info)

warning: missing documentation for a struct field
   --> crates/library/interface/compiler_fragment/nested.rs:168:28
    |
168 |               $($variant { $($field: $ty),* }),*
    |                              ^^^^^^^^^^^
...
173 | / nested_fault_enum! {
174 | |     /// Entity-record and entity-coordinate validation subcauses.
175 | |     EntityRecordFaultFacts {
176 | |         TypeReference { ordinal: u32, target: u32, node_count: u32 },
...   |
181 | | }
    | |_- in this macro invocation
    |
    = note: this warning originates in the macro `nested_fault_enum` (in Nightly builds, run with -Z macro-backtrace for more info)

warning: missing documentation for a variant
    --> crates/library/interface/compiler_fragment/nested.rs:168:15
     |
 168 |               $($variant { $($field: $ty),* }),*
     |                 ^^^^^^^^^^^^^^^^^^^^^^^^^^^^^
...
1017 | / nested_fault_enum! {
1018 | |     /// Type-node validation subcauses.
1019 | |     TypeNodeFaultFacts {
1020 | |         ReservedBytes { ordinal: u32, packed: u32 },
...    |
1025 | | }
     | |_- in this macro invocation
     |
     = note: this warning originates in the macro `nested_fault_enum` (in Nightly builds, run with -Z macro-backtrace for more info)

warning: missing documentation for a struct field
    --> crates/library/interface/compiler_fragment/nested.rs:168:28
     |
 168 |               $($variant { $($field: $ty),* }),*
     |                              ^^^^^^^^^^^
...
1017 | / nested_fault_enum! {
1018 | |     /// Type-node validation subcauses.
1019 | |     TypeNodeFaultFacts {
1020 | |         ReservedBytes { ordinal: u32, packed: u32 },
...    |
1025 | | }
     | |_- in this macro invocation
     |
     = note: this warning originates in the macro `nested_fault_enum` (in Nightly builds, run with -Z macro-backtrace for more info)

warning: missing documentation for a variant
    --> crates/library/interface/compiler_fragment/nested.rs:168:15
     |
 168 |               $($variant { $($field: $ty),* }),*
     |                 ^^^^^^^^^^^^^^^^^^^^^^^^^^^^^
...
1027 | / nested_fault_enum! {
1028 | |     /// Atom-record validation subcauses.
1029 | |     AtomFaultFacts {
1030 | |         Range { ordinal: u32, start: u32, length: u32, byte_count: u32 },
...    |
1033 | | }
     | |_- in this macro invocation
     |
     = note: this warning originates in the macro `nested_fault_enum` (in Nightly builds, run with -Z macro-backtrace for more info)

warning: missing documentation for a struct field
    --> crates/library/interface/compiler_fragment/nested.rs:168:28
     |
 168 |               $($variant { $($field: $ty),* }),*
     |                              ^^^^^^^^^^^
...
1027 | / nested_fault_enum! {
1028 | |     /// Atom-record validation subcauses.
1029 | |     AtomFaultFacts {
1030 | |         Range { ordinal: u32, start: u32, length: u32, byte_count: u32 },
...    |
1033 | | }
     | |_- in this macro invocation
     |
     = note: this warning originates in the macro `nested_fault_enum` (in Nightly builds, run with -Z macro-backtrace for more info)

warning: missing documentation for a variant
    --> crates/library/interface/compiler_fragment/nested.rs:168:15
     |
 168 |               $($variant { $($field: $ty),* }),*
     |                 ^^^^^^^^^^^^^^^^^^^^^^^^^^^^^
...
1035 | / nested_fault_enum! {
1036 | |     /// Canonical semantic graph preparation subcauses.
1037 | |     CanonicalDataFaultFacts {
1038 | |         Count { lane: Lane, actual: u64 },
...    |
1068 | | }
     | |_- in this macro invocation
     |
     = note: this warning originates in the macro `nested_fault_enum` (in Nightly builds, run with -Z macro-backtrace for more info)

warning: missing documentation for a struct field
    --> crates/library/interface/compiler_fragment/nested.rs:168:28
     |
 168 |               $($variant { $($field: $ty),* }),*
     |                              ^^^^^^^^^^^
...
1035 | / nested_fault_enum! {
1036 | |     /// Canonical semantic graph preparation subcauses.
1037 | |     CanonicalDataFaultFacts {
1038 | |         Count { lane: Lane, actual: u64 },
...    |
1068 | | }
     | |_- in this macro invocation
     |
     = note: this warning originates in the macro `nested_fault_enum` (in Nightly builds, run with -Z macro-backtrace for more info)

warning: missing documentation for a variant
    --> crates/library/interface/compiler_fragment/nested.rs:168:15
     |
 168 |               $($variant { $($field: $ty),* }),*
     |                 ^^^^^^^^^^^^^^^^^^^^^^^^^^^^^
...
1070 | / nested_fault_enum! {
1071 | |     /// Semantic-data reopening subcauses.
1072 | |     SemanticDataFaultFacts {
1073 | |         Header { required: u64, actual: u64 },
...    |
1093 | | }
     | |_- in this macro invocation
     |
     = note: this warning originates in the macro `nested_fault_enum` (in Nightly builds, run with -Z macro-backtrace for more info)

warning: missing documentation for a struct field
    --> crates/library/interface/compiler_fragment/nested.rs:168:28
     |
 168 |               $($variant { $($field: $ty),* }),*
     |                              ^^^^^^^^^^^
...
1070 | / nested_fault_enum! {
1071 | |     /// Semantic-data reopening subcauses.
1072 | |     SemanticDataFaultFacts {
1073 | |         Header { required: u64, actual: u64 },
...    |
1093 | | }
     | |_- in this macro invocation
     |
     = note: this warning originates in the macro `nested_fault_enum` (in Nightly builds, run with -Z macro-backtrace for more info)

warning: missing documentation for a variant
    --> crates/library/interface/compiler_fragment/nested.rs:168:15
     |
 168 |               $($variant { $($field: $ty),* }),*
     |                 ^^^^^^^^^^^^^^^^^^^^^^^^^^^^^
...
1095 | / nested_fault_enum! {
1096 | |     /// Occurrence-plane reopening subcauses.
1097 | |     OccurrenceFaultFacts {
1098 | |         Owner { ordinal: u32, owner: u32, entity_count: u32 },
...    |
1113 | | }
     | |_- in this macro invocation
     |
     = note: this warning originates in the macro `nested_fault_enum` (in Nightly builds, run with -Z macro-backtrace for more info)

warning: missing documentation for a struct field
    --> crates/library/interface/compiler_fragment/nested.rs:168:28
     |
 168 |               $($variant { $($field: $ty),* }),*
     |                              ^^^^^^^^^^^
...
1095 | / nested_fault_enum! {
1096 | |     /// Occurrence-plane reopening subcauses.
1097 | |     OccurrenceFaultFacts {
1098 | |         Owner { ordinal: u32, owner: u32, entity_count: u32 },
...    |
1113 | | }
     | |_- in this macro invocation
     |
     = note: this warning originates in the macro `nested_fault_enum` (in Nightly builds, run with -Z macro-backtrace for more info)

warning: missing documentation for a variant
    --> crates/library/interface/compiler_fragment/nested.rs:168:15
     |
 168 |               $($variant { $($field: $ty),* }),*
     |                 ^^^^^^^^^^^^^^^^^^^^^^^^^^^^^
...
1115 | / nested_fault_enum! {
1116 | |     /// Signature-carrier binding subcauses.
1117 | |     SignatureCarrierFaultFacts {
1118 | |         RoleCount { expected: u64, observed: u64 },
...    |
1130 | | }
     | |_- in this macro invocation
     |
     = note: this warning originates in the macro `nested_fault_enum` (in Nightly builds, run with -Z macro-backtrace for more info)

warning: missing documentation for a struct field
    --> crates/library/interface/compiler_fragment/nested.rs:168:28
     |
 168 |               $($variant { $($field: $ty),* }),*
     |                              ^^^^^^^^^^^
...
1115 | / nested_fault_enum! {
1116 | |     /// Signature-carrier binding subcauses.
1117 | |     SignatureCarrierFaultFacts {
1118 | |         RoleCount { expected: u64, observed: u64 },
...    |
1130 | | }
     | |_- in this macro invocation
     |
     = note: this warning originates in the macro `nested_fault_enum` (in Nightly builds, run with -Z macro-backtrace for more info)

warning: missing documentation for a variant
    --> crates/library/interface/compiler_fragment/nested.rs:168:15
     |
 168 |               $($variant { $($field: $ty),* }),*
     |                 ^^^^^^^^^^^^^^^^^^^^^^^^^^^^^
...
1132 | / nested_fault_enum! {
1133 | |     /// Fragment header and extent validation subcauses.
1134 | |     ValidationFaultFacts {
1135 | |         TruncatedHeader { required: u64, actual: u64 },
...    |
1147 | | }
     | |_- in this macro invocation
     |
     = note: this warning originates in the macro `nested_fault_enum` (in Nightly builds, run with -Z macro-backtrace for more info)

warning: missing documentation for a struct field
    --> crates/library/interface/compiler_fragment/nested.rs:168:28
     |
 168 |               $($variant { $($field: $ty),* }),*
     |                              ^^^^^^^^^^^
...
1132 | / nested_fault_enum! {
1133 | |     /// Fragment header and extent validation subcauses.
1134 | |     ValidationFaultFacts {
1135 | |         TruncatedHeader { required: u64, actual: u64 },
...    |
1147 | | }
     | |_- in this macro invocation
     |
     = note: this warning originates in the macro `nested_fault_enum` (in Nightly builds, run with -Z macro-backtrace for more info)

warning: unreachable `pub` item
  --> crates/library/surface.rs:27:48
   |
25 | pub use package_compiler_failure::{
   | --- help: consider restricting its visibility: `pub(crate)`
26 |     AuthorityClassFact, AuthorityPhaseFact, CompilerAuthorityDiagnosticFacts, CompilerLanguageFact,
27 |     CompilerNativeToolFact, CompilerStageFact, PackageAnonymousCallableAnchorFaultFacts,
   |                                                ^^^^^^^^^^^^^^^^^^^^^^^^^^^^^^^^^^^^^^^^
   |
   = help: or consider exporting it for use by other crates
   = note: requested on the command line with `-W unreachable-pub`

warning: unreachable `pub` item
  --> crates/library/surface.rs:28:5
   |
25 | pub use package_compiler_failure::{
   | --- help: consider restricting its visibility: `pub(crate)`
...
28 |     PackageAnonymousCallableAnchorPoolFact, PackageCompilerFailureCause,
   |     ^^^^^^^^^^^^^^^^^^^^^^^^^^^^^^^^^^^^^^
   |
   = help: or consider exporting it for use by other crates

warning: missing documentation for a variant
  --> crates/library/surface/package_compiler_failure.rs:28:5
   |
28 |     Prepare,
   |     ^^^^^^^

warning: missing documentation for a variant
  --> crates/library/surface/package_compiler_failure.rs:29:5
   |
29 |     Write,
   |     ^^^^^

warning: missing documentation for a variant
  --> crates/library/surface/package_compiler_failure.rs:30:5
   |
30 |     Validate,
   |     ^^^^^^^^

warning: missing documentation for a variant
  --> crates/library/surface/package_compiler_failure.rs:31:5
   |
31 |     Setup,
   |     ^^^^^

warning: missing documentation for a variant
  --> crates/library/surface/package_compiler_failure.rs:32:5
   |
32 |     Lowering,
   |     ^^^^^^^^

warning: missing documentation for a variant
  --> crates/library/surface/package_compiler_failure.rs:33:5
   |
33 |     Authority,
   |     ^^^^^^^^^

warning: missing documentation for a variant
  --> crates/library/surface/package_compiler_failure.rs:40:5
   |
40 |     Rust,
   |     ^^^^

warning: missing documentation for a variant
  --> crates/library/surface/package_compiler_failure.rs:41:5
   |
41 |     TypeScript,
   |     ^^^^^^^^^^

warning: missing documentation for a variant
  --> crates/library/surface/package_compiler_failure.rs:42:5
   |
42 |     Python,
   |     ^^^^^^

warning: missing documentation for a variant
  --> crates/library/surface/package_compiler_failure.rs:43:5
   |
43 |     Go,
   |     ^^

warning: missing documentation for a variant
  --> crates/library/surface/package_compiler_failure.rs:44:5
   |
44 |     Java,
   |     ^^^^

warning: missing documentation for a variant
  --> crates/library/surface/package_compiler_failure.rs:45:5
   |
45 |     CSharp,
   |     ^^^^^^

warning: missing documentation for a variant
  --> crates/library/surface/package_compiler_failure.rs:46:5
   |
46 |     Clang,
   |     ^^^^^

warning: missing documentation for a variant
  --> crates/library/surface/package_compiler_failure.rs:53:5
   |
53 |     Parse,
   |     ^^^^^

warning: missing documentation for a variant
  --> crates/library/surface/package_compiler_failure.rs:54:5
   |
54 |     LowerIr,
   |     ^^^^^^^

warning: missing documentation for a variant
  --> crates/library/surface/package_compiler_failure.rs:61:5
   |
61 |     Rustc,
   |     ^^^^^

warning: missing documentation for a variant
  --> crates/library/surface/package_compiler_failure.rs:62:5
   |
62 |     Clang,
   |     ^^^^^

warning: missing documentation for a variant
  --> crates/library/surface/package_compiler_failure.rs:63:5
   |
63 |     Python,
   |     ^^^^^^

warning: missing documentation for a variant
  --> crates/library/surface/package_compiler_failure.rs:64:5
   |
64 |     TypeScriptCompiler,
   |     ^^^^^^^^^^^^^^^^^^

warning: missing documentation for a variant
  --> crates/library/surface/package_compiler_failure.rs:65:5
   |
65 |     GoCompiler,
   |     ^^^^^^^^^^

warning: missing documentation for a variant
  --> crates/library/surface/package_compiler_failure.rs:66:5
   |
66 |     JavaCompiler,
   |     ^^^^^^^^^^^^

warning: missing documentation for a variant
  --> crates/library/surface/package_compiler_failure.rs:67:5
   |
67 |     CSharpCompiler,
   |     ^^^^^^^^^^^^^^

warning: missing documentation for a struct field
   --> crates/library/surface/package_compiler_failure.rs:128:9
    |
128 |         language: CompilerLanguageFact,
    |         ^^^^^^^^^^^^^^^^^^^^^^^^^^^^^^

warning: missing documentation for a struct field
   --> crates/library/surface/package_compiler_failure.rs:129:9
    |
129 |         stage: CompilerStageFact,
    |         ^^^^^^^^^^^^^^^^^^^^^^^^

warning: missing documentation for a struct field
   --> crates/library/surface/package_compiler_failure.rs:130:9
    |
130 |         selected: CompilerNativeToolFact,
    |         ^^^^^^^^^^^^^^^^^^^^^^^^^^^^^^^^

warning: missing documentation for a struct field
   --> crates/library/surface/package_compiler_failure.rs:131:9
    |
131 |         configured: Option<CompilerNativeToolFact>,
    |         ^^^^^^^^^^^^^^^^^^^^^^^^^^^^^^^^^^^^^^^^^^

warning: missing documentation for a struct field
   --> crates/library/surface/package_compiler_failure.rs:135:9
    |
135 |         language: CompilerLanguageFact,
    |         ^^^^^^^^^^^^^^^^^^^^^^^^^^^^^^

warning: missing documentation for a struct field
   --> crates/library/surface/package_compiler_failure.rs:136:9
    |
136 |         stage: CompilerStageFact,
    |         ^^^^^^^^^^^^^^^^^^^^^^^^

warning: missing documentation for a struct field
   --> crates/library/surface/package_compiler_failure.rs:137:9
    |
137 |         tool: CompilerNativeToolFact,
    |         ^^^^^^^^^^^^^^^^^^^^^^^^^^^^

warning: missing documentation for a struct field
   --> crates/library/surface/package_compiler_failure.rs:141:9
    |
141 |         language: CompilerLanguageFact,
    |         ^^^^^^^^^^^^^^^^^^^^^^^^^^^^^^

warning: missing documentation for a struct field
   --> crates/library/surface/package_compiler_failure.rs:142:9
    |
142 |         stage: CompilerStageFact,
    |         ^^^^^^^^^^^^^^^^^^^^^^^^

warning: missing documentation for a struct field
   --> crates/library/surface/package_compiler_failure.rs:143:9
    |
143 |         issue: CompilerToolIssue,
    |         ^^^^^^^^^^^^^^^^^^^^^^^^

warning: missing documentation for a struct field
   --> crates/library/surface/package_compiler_failure.rs:149:9
    |
149 |         phase: AuthorityPhaseFact,
    |         ^^^^^^^^^^^^^^^^^^^^^^^^^

warning: missing documentation for a struct field
   --> crates/library/surface/package_compiler_failure.rs:150:9
    |
150 |         class: AuthorityClassFact,
    |         ^^^^^^^^^^^^^^^^^^^^^^^^^

warning: missing documentation for a struct field
   --> crates/library/surface/package_compiler_failure.rs:151:9
    |
151 |         diagnostic: Option<CompilerAuthorityDiagnosticFacts>,
    |         ^^^^^^^^^^^^^^^^^^^^^^^^^^^^^^^^^^^^^^^^^^^^^^^^^^^^

warning: missing documentation for a variant
   --> crates/library/surface/package_compiler_failure.rs:352:5
    |
352 |     Open,
    |     ^^^^

warning: missing documentation for a variant
   --> crates/library/surface/package_compiler_failure.rs:353:5
    |
353 |     Parse,
    |     ^^^^^

warning: missing documentation for a variant
   --> crates/library/surface/package_compiler_failure.rs:354:5
    |
354 |     Resolve,
    |     ^^^^^^^

warning: missing documentation for a variant
   --> crates/library/surface/package_compiler_failure.rs:355:5
    |
355 |     TypeCheck,
    |     ^^^^^^^^^

warning: missing documentation for a variant
   --> crates/library/surface/package_compiler_failure.rs:356:5
    |
356 |     Project,
    |     ^^^^^^^

warning: missing documentation for a variant
   --> crates/library/surface/package_compiler_failure.rs:363:5
    |
363 |     Syntax,
    |     ^^^^^^

warning: missing documentation for a variant
   --> crates/library/surface/package_compiler_failure.rs:364:5
    |
364 |     Binding,
    |     ^^^^^^^

warning: missing documentation for a variant
   --> crates/library/surface/package_compiler_failure.rs:365:5
    |
365 |     SourceScope,
    |     ^^^^^^^^^^^

warning: missing documentation for a variant
   --> crates/library/surface/package_compiler_failure.rs:366:5
    |
366 |     Type,
    |     ^^^^

warning: missing documentation for a variant
   --> crates/library/surface/package_compiler_failure.rs:367:5
    |
367 |     Authority,
    |     ^^^^^^^^^

warning: missing documentation for a variant
   --> crates/library/surface/package_compiler_failure.rs:368:5
    |
368 |     Projection,
    |     ^^^^^^^^^^

warning: missing documentation for a struct field
   --> crates/library/surface/package_compiler_failure.rs:375:5
    |
375 |     pub retained_bytes: u32,
    |     ^^^^^^^^^^^^^^^^^^^^^^^

warning: missing documentation for a struct field
   --> crates/library/surface/package_compiler_failure.rs:376:5
    |
376 |     pub observed_bytes: u64,
    |     ^^^^^^^^^^^^^^^^^^^^^^^

warning: missing documentation for a struct field
   --> crates/library/surface/package_compiler_failure.rs:377:5
    |
377 |     pub truncated: bool,
    |     ^^^^^^^^^^^^^^^^^^^

warning: missing documentation for a variant
   --> crates/library/surface/package_compiler_failure.rs:392:5
    |
392 |     NoSupportedDeclaration,
    |     ^^^^^^^^^^^^^^^^^^^^^^

warning: missing documentation for a variant
   --> crates/library/surface/package_compiler_failure.rs:393:5
    |
393 |     ExtensionAtomUnbound {
    |     ^^^^^^^^^^^^^^^^^^^^

warning: missing documentation for a struct field
   --> crates/library/surface/package_compiler_failure.rs:394:9
    |
394 |         row: u32,
    |         ^^^^^^^^

warning: missing documentation for a struct field
   --> crates/library/surface/package_compiler_failure.rs:395:9
    |
395 |         provisional: u32,
    |         ^^^^^^^^^^^^^^^^

warning: missing documentation for a struct field
   --> crates/library/surface/package_compiler_failure.rs:396:9
    |
396 |         atom_count: u32,
    |         ^^^^^^^^^^^^^^^

warning: missing documentation for a variant
   --> crates/library/surface/package_compiler_failure.rs:398:5
    |
398 |     ExtensionTypeParametersUnbound {
    |     ^^^^^^^^^^^^^^^^^^^^^^^^^^^^^^

warning: missing documentation for a struct field
   --> crates/library/surface/package_compiler_failure.rs:399:9
    |
399 |         row: u32,
    |         ^^^^^^^^

warning: missing documentation for a struct field
   --> crates/library/surface/package_compiler_failure.rs:400:9
    |
400 |         start: u32,
    |         ^^^^^^^^^^

warning: missing documentation for a struct field
   --> crates/library/surface/package_compiler_failure.rs:401:9
    |
401 |         length: u32,
    |         ^^^^^^^^^^^

warning: missing documentation for a struct field
   --> crates/library/surface/package_compiler_failure.rs:402:9
    |
402 |         element_count: u32,
    |         ^^^^^^^^^^^^^^^^^^

warning: missing documentation for a variant
   --> crates/library/surface/package_compiler_failure.rs:404:5
    |
404 |     FactRejected {
    |     ^^^^^^^^^^^^

warning: missing documentation for a struct field
   --> crates/library/surface/package_compiler_failure.rs:405:9
    |
405 |         fact: u64,
    |         ^^^^^^^^^

warning: missing documentation for a struct field
   --> crates/library/surface/package_compiler_failure.rs:406:9
    |
406 |         name_len: u64,
    |         ^^^^^^^^^^^^^

warning: missing documentation for a struct field
   --> crates/library/surface/package_compiler_failure.rs:407:9
    |
407 |         cause: PackageProjectionAdmissionFaultFacts,
    |         ^^^^^^^^^^^^^^^^^^^^^^^^^^^^^^^^^^^^^^^^^^^

warning: missing documentation for a variant
   --> crates/library/surface/package_compiler_failure.rs:409:5
    |
409 |     RustFunction,
    |     ^^^^^^^^^^^^

warning: missing documentation for a variant
   --> crates/library/surface/package_compiler_failure.rs:410:5
    |
410 |     RustConstantType,
    |     ^^^^^^^^^^^^^^^^

warning: missing documentation for a variant
   --> crates/library/surface/package_compiler_failure.rs:411:5
    |
411 |     RustGenericParameter,
    |     ^^^^^^^^^^^^^^^^^^^^

warning: missing documentation for a variant
   --> crates/library/surface/package_compiler_failure.rs:412:5
    |
412 |     PythonAssignmentName,
    |     ^^^^^^^^^^^^^^^^^^^^

warning: missing documentation for a variant
   --> crates/library/surface/package_compiler_failure.rs:413:5
    |
413 |     PythonAssignmentValue,
    |     ^^^^^^^^^^^^^^^^^^^^^

warning: missing documentation for a variant
   --> crates/library/surface/package_compiler_failure.rs:414:5
    |
414 |     ClangDeclarationForm,
    |     ^^^^^^^^^^^^^^^^^^^^

warning: missing documentation for a variant
   --> crates/library/surface/package_compiler_failure.rs:415:5
    |
415 |     TypeScriptDeclarationForm,
    |     ^^^^^^^^^^^^^^^^^^^^^^^^^

warning: missing documentation for a variant
   --> crates/library/surface/package_compiler_failure.rs:416:5
    |
416 |     TypeScriptDeclarationType,
    |     ^^^^^^^^^^^^^^^^^^^^^^^^^

warning: missing documentation for a variant
   --> crates/library/surface/package_compiler_failure.rs:417:5
    |
417 |     CSharpDeclarationForm,
    |     ^^^^^^^^^^^^^^^^^^^^^

warning: missing documentation for a variant
   --> crates/library/surface/package_compiler_failure.rs:418:5
    |
418 |     CSharpDeclarationType,
    |     ^^^^^^^^^^^^^^^^^^^^^

warning: missing documentation for a variant
   --> crates/library/surface/package_compiler_failure.rs:419:5
    |
419 |     GoDeclarationForm,
    |     ^^^^^^^^^^^^^^^^^

warning: missing documentation for a variant
   --> crates/library/surface/package_compiler_failure.rs:420:5
    |
420 |     GoDeclarationType,
    |     ^^^^^^^^^^^^^^^^^

warning: missing documentation for a variant
   --> crates/library/surface/package_compiler_failure.rs:421:5
    |
421 |     JavaDeclarationForm,
    |     ^^^^^^^^^^^^^^^^^^^

warning: missing documentation for a variant
   --> crates/library/surface/package_compiler_failure.rs:422:5
    |
422 |     JavaProjection {
    |     ^^^^^^^^^^^^^^

warning: missing documentation for a struct field
   --> crates/library/surface/package_compiler_failure.rs:423:9
    |
423 |         fault: PackageLanguageProjectionFault,
    |         ^^^^^^^^^^^^^^^^^^^^^^^^^^^^^^^^^^^^^

warning: missing documentation for a variant
   --> crates/library/surface/package_compiler_failure.rs:425:5
    |
425 |     GoProjection {
    |     ^^^^^^^^^^^^

warning: missing documentation for a struct field
   --> crates/library/surface/package_compiler_failure.rs:426:9
    |
426 |         fault: PackageLanguageProjectionFault,
    |         ^^^^^^^^^^^^^^^^^^^^^^^^^^^^^^^^^^^^^

warning: missing documentation for a variant
   --> crates/library/surface/package_compiler_failure.rs:428:5
    |
428 |     TypeScriptProjection {
    |     ^^^^^^^^^^^^^^^^^^^^

warning: missing documentation for a struct field
   --> crates/library/surface/package_compiler_failure.rs:429:9
    |
429 |         fault: PackageTypeScriptProjectionFaultFacts,
    |         ^^^^^^^^^^^^^^^^^^^^^^^^^^^^^^^^^^^^^^^^^^^^

warning: missing documentation for a variant
   --> crates/library/surface/package_compiler_failure.rs:431:5
    |
431 |     PythonProjection {
    |     ^^^^^^^^^^^^^^^^

warning: missing documentation for a struct field
   --> crates/library/surface/package_compiler_failure.rs:432:9
    |
432 |         fault: PackageLanguageProjectionFault,
    |         ^^^^^^^^^^^^^^^^^^^^^^^^^^^^^^^^^^^^^

warning: missing documentation for a variant
   --> crates/library/surface/package_compiler_failure.rs:434:5
    |
434 |     CSharpProjection {
    |     ^^^^^^^^^^^^^^^^

warning: missing documentation for a struct field
   --> crates/library/surface/package_compiler_failure.rs:435:9
    |
435 |         fault: PackageLanguageProjectionFault,
    |         ^^^^^^^^^^^^^^^^^^^^^^^^^^^^^^^^^^^^^

warning: missing documentation for a variant
   --> crates/library/surface/package_compiler_failure.rs:437:5
    |
437 |     ClangProjection {
    |     ^^^^^^^^^^^^^^^

warning: missing documentation for a struct field
   --> crates/library/surface/package_compiler_failure.rs:438:9
    |
438 |         fault: PackageLanguageProjectionFault,
    |         ^^^^^^^^^^^^^^^^^^^^^^^^^^^^^^^^^^^^^

warning: missing documentation for a variant
   --> crates/library/surface/package_compiler_failure.rs:480:5
    |
480 |     ForeignKey {
    |     ^^^^^^^^^^

warning: missing documentation for a struct field
   --> crates/library/surface/package_compiler_failure.rs:481:9
    |
481 |         start: u32,
    |         ^^^^^^^^^^

warning: missing documentation for a struct field
   --> crates/library/surface/package_compiler_failure.rs:482:9
    |
482 |         end: u32,
    |         ^^^^^^^^

warning: missing documentation for a struct field
   --> crates/library/surface/package_compiler_failure.rs:483:9
    |
483 |         cause: PackageForeignKeyFaultFacts,
    |         ^^^^^^^^^^^^^^^^^^^^^^^^^^^^^^^^^^

warning: missing documentation for a variant
   --> crates/library/surface/package_compiler_failure.rs:485:5
    |
485 |     PackageLineage {
    |     ^^^^^^^^^^^^^^

warning: missing documentation for a struct field
   --> crates/library/surface/package_compiler_failure.rs:486:9
    |
486 |         start: u32,
    |         ^^^^^^^^^^

warning: missing documentation for a struct field
   --> crates/library/surface/package_compiler_failure.rs:487:9
    |
487 |         end: u32,
    |         ^^^^^^^^

warning: missing documentation for a struct field
   --> crates/library/surface/package_compiler_failure.rs:488:9
    |
488 |         cause: PackageLineageFaultFacts,
    |         ^^^^^^^^^^^^^^^^^^^^^^^^^^^^^^^

warning: missing documentation for a variant
   --> crates/library/surface/package_compiler_failure.rs:490:5
    |
490 |     CoordinateOverflow {
    |     ^^^^^^^^^^^^^^^^^^

warning: missing documentation for a struct field
   --> crates/library/surface/package_compiler_failure.rs:491:9
    |
491 |         value: u64,
    |         ^^^^^^^^^^

warning: missing documentation for a variant
   --> crates/library/surface/package_compiler_failure.rs:493:5
    |
493 |     MissingImportBinding {
    |     ^^^^^^^^^^^^^^^^^^^^

warning: missing documentation for a struct field
   --> crates/library/surface/package_compiler_failure.rs:494:9
    |
494 |         fact: u32,
    |         ^^^^^^^^^

warning: missing documentation for a variant
   --> crates/library/surface/package_compiler_failure.rs:550:5
    |
550 |     JavaImage,
    |     ^^^^^^^^^

warning: missing documentation for a variant
   --> crates/library/surface/package_compiler_failure.rs:551:5
    |
551 |     JavaDepth,
    |     ^^^^^^^^^

warning: missing documentation for a variant
   --> crates/library/surface/package_compiler_failure.rs:552:5
    |
552 |     JavaMalformedType,
    |     ^^^^^^^^^^^^^^^^^

warning: missing documentation for a variant
   --> crates/library/surface/package_compiler_failure.rs:553:5
    |
553 |     JavaPrimitive,
    |     ^^^^^^^^^^^^^

warning: missing documentation for a variant
   --> crates/library/surface/package_compiler_failure.rs:554:5
    |
554 |     JavaAtomUtf8,
    |     ^^^^^^^^^^^^

warning: missing documentation for a variant
   --> crates/library/surface/package_compiler_failure.rs:555:5
    |
555 |     JavaSourceUtf8,
    |     ^^^^^^^^^^^^^^

warning: missing documentation for a variant
   --> crates/library/surface/package_compiler_failure.rs:556:5
    |
556 |     JavaUtf16Offset,
    |     ^^^^^^^^^^^^^^^

warning: missing documentation for a variant
   --> crates/library/surface/package_compiler_failure.rs:557:5
    |
557 |     JavaUtf16Range,
    |     ^^^^^^^^^^^^^^

warning: missing documentation for a variant
   --> crates/library/surface/package_compiler_failure.rs:558:5
    |
558 |     JavaOrphanOwner,
    |     ^^^^^^^^^^^^^^^

warning: missing documentation for a variant
   --> crates/library/surface/package_compiler_failure.rs:559:5
    |
559 |     JavaForeignKey,
    |     ^^^^^^^^^^^^^^

warning: missing documentation for a variant
   --> crates/library/surface/package_compiler_failure.rs:560:5
    |
560 |     JavaSiblingCapacity,
    |     ^^^^^^^^^^^^^^^^^^^

warning: missing documentation for a variant
   --> crates/library/surface/package_compiler_failure.rs:561:5
    |
561 |     JavaIndexCapacity,
    |     ^^^^^^^^^^^^^^^^^

warning: missing documentation for a variant
   --> crates/library/surface/package_compiler_failure.rs:562:5
    |
562 |     GoImage,
    |     ^^^^^^^

warning: missing documentation for a variant
   --> crates/library/surface/package_compiler_failure.rs:563:5
    |
563 |     GoIndexCapacity,
    |     ^^^^^^^^^^^^^^^

warning: missing documentation for a variant
   --> crates/library/surface/package_compiler_failure.rs:564:5
    |
564 |     GoDepth,
    |     ^^^^^^^

warning: missing documentation for a variant
   --> crates/library/surface/package_compiler_failure.rs:565:5
    |
565 |     GoVariadicWithoutParameter,
    |     ^^^^^^^^^^^^^^^^^^^^^^^^^^

warning: missing documentation for a variant
   --> crates/library/surface/package_compiler_failure.rs:566:5
    |
566 |     GoAnchor,
    |     ^^^^^^^^

warning: missing documentation for a variant
   --> crates/library/surface/package_compiler_failure.rs:567:5
    |
567 |     GoListCapacity,
    |     ^^^^^^^^^^^^^^

warning: missing documentation for a variant
   --> crates/library/surface/package_compiler_failure.rs:568:5
    |
568 |     GoOrphanTarget,
    |     ^^^^^^^^^^^^^^

warning: missing documentation for a variant
   --> crates/library/surface/package_compiler_failure.rs:569:5
    |
569 |     GoForeignKey,
    |     ^^^^^^^^^^^^

warning: missing documentation for a variant
   --> crates/library/surface/package_compiler_failure.rs:570:5
    |
570 |     GoPackageLineage,
    |     ^^^^^^^^^^^^^^^^

warning: missing documentation for a variant
   --> crates/library/surface/package_compiler_failure.rs:571:5
    |
571 |     GoAtomUtf8,
    |     ^^^^^^^^^^

warning: missing documentation for a variant
   --> crates/library/surface/package_compiler_failure.rs:572:5
    |
572 |     GoRelativeSpan,
    |     ^^^^^^^^^^^^^^

warning: missing documentation for a variant
   --> crates/library/surface/package_compiler_failure.rs:573:5
    |
573 |     GoOrphanOwner,
    |     ^^^^^^^^^^^^^

warning: missing documentation for a variant
   --> crates/library/surface/package_compiler_failure.rs:574:5
    |
574 |     GoAdmission,
    |     ^^^^^^^^^^^

warning: missing documentation for a variant
   --> crates/library/surface/package_compiler_failure.rs:575:5
    |
575 |     PythonForeignSpellingUtf8,
    |     ^^^^^^^^^^^^^^^^^^^^^^^^^

warning: missing documentation for a variant
   --> crates/library/surface/package_compiler_failure.rs:576:5
    |
576 |     PythonForeignKey,
    |     ^^^^^^^^^^^^^^^^

warning: missing documentation for a variant
   --> crates/library/surface/package_compiler_failure.rs:577:5
    |
577 |     PythonPackageLineage,
    |     ^^^^^^^^^^^^^^^^^^^^

warning: missing documentation for a variant
   --> crates/library/surface/package_compiler_failure.rs:578:5
    |
578 |     PythonContainment,
    |     ^^^^^^^^^^^^^^^^^

warning: missing documentation for a variant
   --> crates/library/surface/package_compiler_failure.rs:579:5
    |
579 |     CSharpImage,
    |     ^^^^^^^^^^^

warning: missing documentation for a variant
   --> crates/library/surface/package_compiler_failure.rs:580:5
    |
580 |     CSharpDepth,
    |     ^^^^^^^^^^^

warning: missing documentation for a variant
   --> crates/library/surface/package_compiler_failure.rs:581:5
    |
581 |     CSharpNameSpan,
    |     ^^^^^^^^^^^^^^

warning: missing documentation for a variant
   --> crates/library/surface/package_compiler_failure.rs:582:5
    |
582 |     CSharpOwnerOrder,
    |     ^^^^^^^^^^^^^^^^

warning: missing documentation for a variant
   --> crates/library/surface/package_compiler_failure.rs:583:5
    |
583 |     CSharpAnchor,
    |     ^^^^^^^^^^^^

warning: missing documentation for a variant
   --> crates/library/surface/package_compiler_failure.rs:584:5
    |
584 |     CSharpForeign,
    |     ^^^^^^^^^^^^^

warning: missing documentation for a variant
   --> crates/library/surface/package_compiler_failure.rs:585:5
    |
585 |     CSharpAttributeCapacity,
    |     ^^^^^^^^^^^^^^^^^^^^^^^

warning: missing documentation for a variant
   --> crates/library/surface/package_compiler_failure.rs:586:5
    |
586 |     CSharpIndexCapacity,
    |     ^^^^^^^^^^^^^^^^^^^

warning: missing documentation for a variant
   --> crates/library/surface/package_compiler_failure.rs:587:5
    |
587 |     CSharpHeterogeneousArrayRank,
    |     ^^^^^^^^^^^^^^^^^^^^^^^^^^^^

warning: missing documentation for a variant
   --> crates/library/surface/package_compiler_failure.rs:588:5
    |
588 |     CSharpResultName,
    |     ^^^^^^^^^^^^^^^^

warning: missing documentation for a variant
   --> crates/library/surface/package_compiler_failure.rs:589:5
    |
589 |     CSharpAdmission,
    |     ^^^^^^^^^^^^^^^

warning: missing documentation for a variant
   --> crates/library/surface/package_compiler_failure.rs:590:5
    |
590 |     ClangSpan,
    |     ^^^^^^^^^

warning: missing documentation for a variant
   --> crates/library/surface/package_compiler_failure.rs:591:5
    |
591 |     ClangNameless,
    |     ^^^^^^^^^^^^^

warning: missing documentation for a variant
   --> crates/library/surface/package_compiler_failure.rs:592:5
    |
592 |     ClangAnchor,
    |     ^^^^^^^^^^^

warning: missing documentation for a variant
   --> crates/library/surface/package_compiler_failure.rs:593:5
    |
593 |     ClangIndexCapacity,
    |     ^^^^^^^^^^^^^^^^^^

warning: missing documentation for a variant
   --> crates/library/surface/package_compiler_failure.rs:594:5
    |
594 |     ClangForeignOverride,
    |     ^^^^^^^^^^^^^^^^^^^^

warning: missing documentation for a variant
   --> crates/library/surface/package_compiler_failure.rs:595:5
    |
595 |     ClangForeignReference,
    |     ^^^^^^^^^^^^^^^^^^^^^

warning: missing documentation for a variant
   --> crates/library/surface/package_compiler_failure.rs:596:5
    |
596 |     ClangIllegalQualifierTarget,
    |     ^^^^^^^^^^^^^^^^^^^^^^^^^^^

warning: missing documentation for a variant
   --> crates/library/surface/package_compiler_failure.rs:597:5
    |
597 |     ClangIllegalMemberPointerOwner,
    |     ^^^^^^^^^^^^^^^^^^^^^^^^^^^^^^

warning: missing documentation for a variant
   --> crates/library/surface/package_compiler_failure.rs:665:5
    |
665 |     Tag {
    |     ^^^

warning: missing documentation for a struct field
   --> crates/library/surface/package_compiler_failure.rs:666:9
    |
666 |         actual: u32,
    |         ^^^^^^^^^^^

warning: missing documentation for a variant
   --> crates/library/surface/package_compiler_failure.rs:668:5
    |
668 |     ReservedPayload {
    |     ^^^^^^^^^^^^^^^

warning: missing documentation for a struct field
   --> crates/library/surface/package_compiler_failure.rs:669:9
    |
669 |         tag: u8,
    |         ^^^^^^^

warning: missing documentation for a struct field
   --> crates/library/surface/package_compiler_failure.rs:670:9
    |
670 |         payload0: u32,
    |         ^^^^^^^^^^^^^

warning: missing documentation for a struct field
   --> crates/library/surface/package_compiler_failure.rs:671:9
    |
671 |         payload1: u32,
    |         ^^^^^^^^^^^^^

warning: missing documentation for a variant
   --> crates/library/surface/package_compiler_failure.rs:673:5
    |
673 |     ArityOverflow {
    |     ^^^^^^^^^^^^^

warning: missing documentation for a struct field
   --> crates/library/surface/package_compiler_failure.rs:674:9
    |
674 |         tag: u8,
    |         ^^^^^^^

warning: missing documentation for a struct field
   --> crates/library/surface/package_compiler_failure.rs:675:9
    |
675 |         payload0: u32,
    |         ^^^^^^^^^^^^^

warning: missing documentation for a struct field
   --> crates/library/surface/package_compiler_failure.rs:676:9
    |
676 |         payload1: u32,
    |         ^^^^^^^^^^^^^

warning: missing documentation for a variant
   --> crates/library/surface/package_compiler_failure.rs:678:5
    |
678 |     Arity {
    |     ^^^^^

warning: missing documentation for a struct field
   --> crates/library/surface/package_compiler_failure.rs:679:9
    |
679 |         tag: u8,
    |         ^^^^^^^

warning: missing documentation for a struct field
   --> crates/library/surface/package_compiler_failure.rs:680:9
    |
680 |         expected: u32,
    |         ^^^^^^^^^^^^^

warning: missing documentation for a struct field
   --> crates/library/surface/package_compiler_failure.rs:681:9
    |
681 |         actual: u32,
    |         ^^^^^^^^^^^

warning: missing documentation for a variant
   --> crates/library/surface/package_compiler_failure.rs:700:5
    |
700 |     Tag {
    |     ^^^

warning: missing documentation for a struct field
   --> crates/library/surface/package_compiler_failure.rs:701:9
    |
701 |         actual: u8,
    |         ^^^^^^^^^^

warning: missing documentation for a variant
   --> crates/library/surface/package_compiler_failure.rs:703:5
    |
703 |     ReservedCell {
    |     ^^^^^^^^^^^^

warning: missing documentation for a struct field
   --> crates/library/surface/package_compiler_failure.rs:704:9
    |
704 |         tag: PackageTypeTagFact,
    |         ^^^^^^^^^^^^^^^^^^^^^^^

warning: missing documentation for a struct field
   --> crates/library/surface/package_compiler_failure.rs:705:9
    |
705 |         cell: PackageTypeCellFact,
    |         ^^^^^^^^^^^^^^^^^^^^^^^^^

warning: missing documentation for a struct field
   --> crates/library/surface/package_compiler_failure.rs:706:9
    |
706 |         actual: u32,
    |         ^^^^^^^^^^^

warning: missing documentation for a variant
   --> crates/library/surface/package_compiler_failure.rs:708:5
    |
708 |     MissingCell {
    |     ^^^^^^^^^^^

warning: missing documentation for a struct field
   --> crates/library/surface/package_compiler_failure.rs:709:9
    |
709 |         tag: PackageTypeTagFact,
    |         ^^^^^^^^^^^^^^^^^^^^^^^

warning: missing documentation for a struct field
   --> crates/library/surface/package_compiler_failure.rs:710:9
    |
710 |         cell: PackageTypeCellFact,
    |         ^^^^^^^^^^^^^^^^^^^^^^^^^

warning: missing documentation for a variant
   --> crates/library/surface/package_compiler_failure.rs:712:5
    |
712 |     Reason {
    |     ^^^^^^

warning: missing documentation for a struct field
   --> crates/library/surface/package_compiler_failure.rs:713:9
    |
713 |         actual: u32,
    |         ^^^^^^^^^^^

warning: missing documentation for a variant
   --> crates/library/surface/package_compiler_failure.rs:715:5
    |
715 |     PrimitiveShape {
    |     ^^^^^^^^^^^^^^

warning: missing documentation for a struct field
   --> crates/library/surface/package_compiler_failure.rs:716:9
    |
716 |         actual: u32,
    |         ^^^^^^^^^^^

warning: missing documentation for a variant
   --> crates/library/surface/package_compiler_failure.rs:718:5
    |
718 |     CvQualifiers {
    |     ^^^^^^^^^^^^

warning: missing documentation for a struct field
   --> crates/library/surface/package_compiler_failure.rs:719:9
    |
719 |         actual: u32,
    |         ^^^^^^^^^^^

warning: missing documentation for a variant
   --> crates/library/surface/package_compiler_failure.rs:721:5
    |
721 |     Width {
    |     ^^^^^

warning: missing documentation for a struct field
   --> crates/library/surface/package_compiler_failure.rs:722:9
    |
722 |         actual: u32,
    |         ^^^^^^^^^^^

warning: missing documentation for a variant
   --> crates/library/surface/package_compiler_failure.rs:724:5
    |
724 |     ChildCount {
    |     ^^^^^^^^^^

warning: missing documentation for a struct field
   --> crates/library/surface/package_compiler_failure.rs:725:9
    |
725 |         tag: PackageTypeTagFact,
    |         ^^^^^^^^^^^^^^^^^^^^^^^

warning: missing documentation for a struct field
   --> crates/library/surface/package_compiler_failure.rs:726:9
    |
726 |         min: u32,
    |         ^^^^^^^^

warning: missing documentation for a struct field
   --> crates/library/surface/package_compiler_failure.rs:727:9
    |
727 |         max: u32,
    |         ^^^^^^^^

warning: missing documentation for a struct field
   --> crates/library/surface/package_compiler_failure.rs:728:9
    |
728 |         actual: u32,
    |         ^^^^^^^^^^^

warning: missing documentation for a variant
   --> crates/library/surface/package_compiler_failure.rs:730:5
    |
730 |     ChildNameForbidden {
    |     ^^^^^^^^^^^^^^^^^^

warning: missing documentation for a struct field
   --> crates/library/surface/package_compiler_failure.rs:731:9
    |
731 |         tag: PackageTypeTagFact,
    |         ^^^^^^^^^^^^^^^^^^^^^^^

warning: missing documentation for a struct field
   --> crates/library/surface/package_compiler_failure.rs:732:9
    |
732 |         position: u32,
    |         ^^^^^^^^^^^^^

warning: missing documentation for a variant
   --> crates/library/surface/package_compiler_failure.rs:734:5
    |
734 |     ChildNameRequired {
    |     ^^^^^^^^^^^^^^^^^

warning: missing documentation for a struct field
   --> crates/library/surface/package_compiler_failure.rs:735:9
    |
735 |         tag: PackageTypeTagFact,
    |         ^^^^^^^^^^^^^^^^^^^^^^^

warning: missing documentation for a struct field
   --> crates/library/surface/package_compiler_failure.rs:736:9
    |
736 |         position: u32,
    |         ^^^^^^^^^^^^^

warning: missing documentation for a variant
   --> crates/library/surface/package_compiler_failure.rs:738:5
    |
738 |     ChildFlagsForbidden {
    |     ^^^^^^^^^^^^^^^^^^^

warning: missing documentation for a struct field
   --> crates/library/surface/package_compiler_failure.rs:739:9
    |
739 |         tag: PackageTypeTagFact,
    |         ^^^^^^^^^^^^^^^^^^^^^^^

warning: missing documentation for a struct field
   --> crates/library/surface/package_compiler_failure.rs:740:9
    |
740 |         position: u32,
    |         ^^^^^^^^^^^^^

warning: missing documentation for a struct field
   --> crates/library/surface/package_compiler_failure.rs:741:9
    |
741 |         actual: u8,
    |         ^^^^^^^^^^

warning: missing documentation for a variant
   --> crates/library/surface/package_compiler_failure.rs:743:5
    |
743 |     VariadicParameter {
    |     ^^^^^^^^^^^^^^^^^

warning: missing documentation for a struct field
   --> crates/library/surface/package_compiler_failure.rs:744:9
    |
744 |         position: u32,
    |         ^^^^^^^^^^^^^

warning: missing documentation for a struct field
   --> crates/library/surface/package_compiler_failure.rs:745:9
    |
745 |         actual: u8,
    |         ^^^^^^^^^^

warning: missing documentation for a variant
   --> crates/library/surface/package_compiler_failure.rs:747:5
    |
747 |     ChildTextForbidden {
    |     ^^^^^^^^^^^^^^^^^^

warning: missing documentation for a struct field
   --> crates/library/surface/package_compiler_failure.rs:748:9
    |
748 |         tag: PackageTypeTagFact,
    |         ^^^^^^^^^^^^^^^^^^^^^^^

warning: missing documentation for a struct field
   --> crates/library/surface/package_compiler_failure.rs:749:9
    |
749 |         position: u32,
    |         ^^^^^^^^^^^^^

warning: missing documentation for a variant
   --> crates/library/surface/package_compiler_failure.rs:777:5
    |
777 |     SelfType,
    |     ^^^^^^^^

warning: missing documentation for a variant
   --> crates/library/surface/package_compiler_failure.rs:778:5
    |
778 |     Primitive,
    |     ^^^^^^^^^

warning: missing documentation for a variant
   --> crates/library/surface/package_compiler_failure.rs:779:5
    |
779 |     Tuple,
    |     ^^^^^

warning: missing documentation for a variant
   --> crates/library/surface/package_compiler_failure.rs:780:5
    |
780 |     Slice,
    |     ^^^^^

warning: missing documentation for a variant
   --> crates/library/surface/package_compiler_failure.rs:781:5
    |
781 |     Array,
    |     ^^^^^

warning: missing documentation for a variant
   --> crates/library/surface/package_compiler_failure.rs:782:5
    |
782 |     Union,
    |     ^^^^^

warning: missing documentation for a variant
   --> crates/library/surface/package_compiler_failure.rs:783:5
    |
783 |     Intersection,
    |     ^^^^^^^^^^^^

warning: missing documentation for a variant
   --> crates/library/surface/package_compiler_failure.rs:784:5
    |
784 |     Never,
    |     ^^^^^

warning: missing documentation for a variant
   --> crates/library/surface/package_compiler_failure.rs:785:5
    |
785 |     Any,
    |     ^^^

warning: missing documentation for a variant
   --> crates/library/surface/package_compiler_failure.rs:786:5
    |
786 |     Unknown,
    |     ^^^^^^^

warning: missing documentation for a variant
   --> crates/library/surface/package_compiler_failure.rs:787:5
    |
787 |     Nominal,
    |     ^^^^^^^

warning: missing documentation for a variant
   --> crates/library/surface/package_compiler_failure.rs:788:5
    |
788 |     Apply,
    |     ^^^^^

warning: missing documentation for a variant
   --> crates/library/surface/package_compiler_failure.rs:789:5
    |
789 |     TypeVar,
    |     ^^^^^^^

warning: missing documentation for a variant
   --> crates/library/surface/package_compiler_failure.rs:790:5
    |
790 |     Wildcard,
    |     ^^^^^^^^

warning: missing documentation for a variant
   --> crates/library/surface/package_compiler_failure.rs:791:5
    |
791 |     FunctionPointer,
    |     ^^^^^^^^^^^^^^^

warning: missing documentation for a variant
   --> crates/library/surface/package_compiler_failure.rs:792:5
    |
792 |     Annotated,
    |     ^^^^^^^^^

warning: missing documentation for a variant
   --> crates/library/surface/package_compiler_failure.rs:793:5
    |
793 |     Conditional,
    |     ^^^^^^^^^^^

warning: missing documentation for a variant
   --> crates/library/surface/package_compiler_failure.rs:794:5
    |
794 |     Mapped,
    |     ^^^^^^

warning: missing documentation for a variant
   --> crates/library/surface/package_compiler_failure.rs:795:5
    |
795 |     TemplateLiteral,
    |     ^^^^^^^^^^^^^^^

warning: missing documentation for a variant
   --> crates/library/surface/package_compiler_failure.rs:796:5
    |
796 |     AnonymousRecord,
    |     ^^^^^^^^^^^^^^^

warning: missing documentation for a variant
   --> crates/library/surface/package_compiler_failure.rs:797:5
    |
797 |     ImplTrait,
    |     ^^^^^^^^^

warning: missing documentation for a variant
   --> crates/library/surface/package_compiler_failure.rs:798:5
    |
798 |     DynTrait,
    |     ^^^^^^^^

warning: missing documentation for a variant
   --> crates/library/surface/package_compiler_failure.rs:799:5
    |
799 |     Inferred,
    |     ^^^^^^^^

warning: missing documentation for a variant
   --> crates/library/surface/package_compiler_failure.rs:800:5
    |
800 |     QualifiedPath,
    |     ^^^^^^^^^^^^^

warning: missing documentation for a variant
   --> crates/library/surface/package_compiler_failure.rs:801:5
    |
801 |     Map,
    |     ^^^

warning: missing documentation for a variant
   --> crates/library/surface/package_compiler_failure.rs:802:5
    |
802 |     Channel,
    |     ^^^^^^^

warning: missing documentation for a variant
   --> crates/library/surface/package_compiler_failure.rs:803:5
    |
803 |     ArraySequence,
    |     ^^^^^^^^^^^^^

warning: missing documentation for a variant
   --> crates/library/surface/package_compiler_failure.rs:804:5
    |
804 |     ArrayRectangular,
    |     ^^^^^^^^^^^^^^^^

warning: missing documentation for a variant
   --> crates/library/surface/package_compiler_failure.rs:805:5
    |
805 |     ArrayFixed,
    |     ^^^^^^^^^^

warning: missing documentation for a variant
   --> crates/library/surface/package_compiler_failure.rs:806:5
    |
806 |     ArrayConstExpression,
    |     ^^^^^^^^^^^^^^^^^^^^

warning: missing documentation for a variant
   --> crates/library/surface/package_compiler_failure.rs:807:5
    |
807 |     ArrayIncomplete,
    |     ^^^^^^^^^^^^^^^

warning: missing documentation for a variant
   --> crates/library/surface/package_compiler_failure.rs:808:5
    |
808 |     CQualified,
    |     ^^^^^^^^^^

warning: missing documentation for a variant
   --> crates/library/surface/package_compiler_failure.rs:809:5
    |
809 |     KeyOf,
    |     ^^^^^

warning: missing documentation for a variant
   --> crates/library/surface/package_compiler_failure.rs:810:5
    |
810 |     IndexedAccess,
    |     ^^^^^^^^^^^^^

warning: missing documentation for a variant
   --> crates/library/surface/package_compiler_failure.rs:811:5
    |
811 |     TypeOf,
    |     ^^^^^^

warning: missing documentation for a variant
   --> crates/library/surface/package_compiler_failure.rs:818:5
    |
818 |     Payload0,
    |     ^^^^^^^^

warning: missing documentation for a variant
   --> crates/library/surface/package_compiler_failure.rs:819:5
    |
819 |     Payload1,
    |     ^^^^^^^^

warning: missing documentation for a variant
   --> crates/library/surface/package_compiler_failure.rs:820:5
    |
820 |     Text,
    |     ^^^^

warning: missing documentation for a variant
   --> crates/library/surface/package_compiler_failure.rs:821:5
    |
821 |     Text2,
    |     ^^^^^

warning: missing documentation for a variant
   --> crates/library/surface/package_compiler_failure.rs:822:5
    |
822 |     Nominal,
    |     ^^^^^^^

warning: missing documentation for a variant
   --> crates/library/surface/package_compiler_failure.rs:830:5
    |
830 |     EmptyName,
    |     ^^^^^^^^^

warning: missing documentation for a variant
   --> crates/library/surface/package_compiler_failure.rs:831:5
    |
831 |     AnonymousCallableAnchor {
    |     ^^^^^^^^^^^^^^^^^^^^^^^

warning: missing documentation for a struct field
   --> crates/library/surface/package_compiler_failure.rs:832:9
    |
832 |         cause: PackageAnonymousCallableAnchorFaultFacts,
    |         ^^^^^^^^^^^^^^^^^^^^^^^^^^^^^^^^^^^^^^^^^^^^^^^

warning: missing documentation for a variant
   --> crates/library/surface/package_compiler_failure.rs:834:5
    |
834 |     AnonymousCallableAnchorPoolCapacity {
    |     ^^^^^^^^^^^^^^^^^^^^^^^^^^^^^^^^^^^

warning: missing documentation for a struct field
   --> crates/library/surface/package_compiler_failure.rs:835:9
    |
835 |         pool: PackageAnonymousCallableAnchorPoolFact,
    |         ^^^^^^^^^^^^^^^^^^^^^^^^^^^^^^^^^^^^^^^^^^^^

warning: missing documentation for a struct field
   --> crates/library/surface/package_compiler_failure.rs:836:9
    |
836 |         used: u64,
    |         ^^^^^^^^^

warning: missing documentation for a struct field
   --> crates/library/surface/package_compiler_failure.rs:837:9
    |
837 |         requested: u64,
    |         ^^^^^^^^^^^^^^

warning: missing documentation for a struct field
   --> crates/library/surface/package_compiler_failure.rs:838:9
    |
838 |         capacity: u64,
    |         ^^^^^^^^^^^^^

warning: missing documentation for a variant
   --> crates/library/surface/package_compiler_failure.rs:840:5
    |
840 |     Capacity,
    |     ^^^^^^^^

warning: missing documentation for a variant
   --> crates/library/surface/package_compiler_failure.rs:841:5
    |
841 |     ChildCapacity,
    |     ^^^^^^^^^^^^^

warning: missing documentation for a variant
   --> crates/library/surface/package_compiler_failure.rs:842:5
    |
842 |     ProductChildPoolCapacity {
    |     ^^^^^^^^^^^^^^^^^^^^^^^^

warning: missing documentation for a struct field
   --> crates/library/surface/package_compiler_failure.rs:843:9
    |
843 |         used: u64,
    |         ^^^^^^^^^

warning: missing documentation for a struct field
   --> crates/library/surface/package_compiler_failure.rs:844:9
    |
844 |         requested: u64,
    |         ^^^^^^^^^^^^^^

warning: missing documentation for a struct field
   --> crates/library/surface/package_compiler_failure.rs:845:9
    |
845 |         capacity: u64,
    |         ^^^^^^^^^^^^^

warning: missing documentation for a variant
   --> crates/library/surface/package_compiler_failure.rs:847:5
    |
847 |     Constructor {
    |     ^^^^^^^^^^^

warning: missing documentation for a struct field
   --> crates/library/surface/package_compiler_failure.rs:848:9
    |
848 |         cause: PackageProjectionConstructorFaultFacts,
    |         ^^^^^^^^^^^^^^^^^^^^^^^^^^^^^^^^^^^^^^^^^^^^^

warning: missing documentation for a variant
   --> crates/library/surface/package_compiler_failure.rs:850:5
    |
850 |     ChildRole {
    |     ^^^^^^^^^

warning: missing documentation for a struct field
   --> crates/library/surface/package_compiler_failure.rs:851:9
    |
851 |         position: u64,
    |         ^^^^^^^^^^^^^

warning: missing documentation for a struct field
   --> crates/library/surface/package_compiler_failure.rs:852:9
    |
852 |         expected: u8,
    |         ^^^^^^^^^^^^

warning: missing documentation for a struct field
   --> crates/library/surface/package_compiler_failure.rs:853:9
    |
853 |         actual: u8,
    |         ^^^^^^^^^^

warning: missing documentation for a variant
   --> crates/library/surface/package_compiler_failure.rs:855:5
    |
855 |     ChildTarget {
    |     ^^^^^^^^^^^

warning: missing documentation for a struct field
   --> crates/library/surface/package_compiler_failure.rs:856:9
    |
856 |         position: u64,
    |         ^^^^^^^^^^^^^

warning: missing documentation for a struct field
   --> crates/library/surface/package_compiler_failure.rs:857:9
    |
857 |         target: u32,
    |         ^^^^^^^^^^^

warning: missing documentation for a struct field
   --> crates/library/surface/package_compiler_failure.rs:858:9
    |
858 |         fact_count: u64,
    |         ^^^^^^^^^^^^^^^

warning: missing documentation for a variant
   --> crates/library/surface/package_compiler_failure.rs:860:5
    |
860 |     TypeRecord {
    |     ^^^^^^^^^^

warning: missing documentation for a struct field
   --> crates/library/surface/package_compiler_failure.rs:861:9
    |
861 |         cause: PackageProjectionSemanticTypeFaultFacts,
    |         ^^^^^^^^^^^^^^^^^^^^^^^^^^^^^^^^^^^^^^^^^^^^^^

warning: missing documentation for a variant
   --> crates/library/surface/package_compiler_failure.rs:863:5
    |
863 |     TypeChild {
    |     ^^^^^^^^^

warning: missing documentation for a struct field
   --> crates/library/surface/package_compiler_failure.rs:864:9
    |
864 |         position: u64,
    |         ^^^^^^^^^^^^^

warning: missing documentation for a struct field
   --> crates/library/surface/package_compiler_failure.rs:865:9
    |
865 |         cause: PackageProjectionSemanticTypeFaultFacts,
    |         ^^^^^^^^^^^^^^^^^^^^^^^^^^^^^^^^^^^^^^^^^^^^^^

warning: missing documentation for a variant
   --> crates/library/surface/package_compiler_failure.rs:867:5
    |
867 |     TypeChildTarget {
    |     ^^^^^^^^^^^^^^^

warning: missing documentation for a struct field
   --> crates/library/surface/package_compiler_failure.rs:868:9
    |
868 |         position: u64,
    |         ^^^^^^^^^^^^^

warning: missing documentation for a struct field
   --> crates/library/surface/package_compiler_failure.rs:869:9
    |
869 |         target: u32,
    |         ^^^^^^^^^^^

warning: missing documentation for a struct field
   --> crates/library/surface/package_compiler_failure.rs:870:9
    |
870 |         fact_count: u64,
    |         ^^^^^^^^^^^^^^^

warning: missing documentation for a variant
   --> crates/library/surface/package_compiler_failure.rs:872:5
    |
872 |     TypeChildCapacity,
    |     ^^^^^^^^^^^^^^^^^

warning: missing documentation for a variant
   --> crates/library/surface/package_compiler_failure.rs:873:5
    |
873 |     TypeChildPoolCapacity {
    |     ^^^^^^^^^^^^^^^^^^^^^

warning: missing documentation for a struct field
   --> crates/library/surface/package_compiler_failure.rs:874:9
    |
874 |         lane: u8,
    |         ^^^^^^^^

warning: missing documentation for a struct field
   --> crates/library/surface/package_compiler_failure.rs:875:9
    |
875 |         used: u64,
    |         ^^^^^^^^^

warning: missing documentation for a struct field
   --> crates/library/surface/package_compiler_failure.rs:876:9
    |
876 |         requested: u64,
    |         ^^^^^^^^^^^^^^

warning: missing documentation for a struct field
   --> crates/library/surface/package_compiler_failure.rs:877:9
    |
877 |         capacity: u64,
    |         ^^^^^^^^^^^^^

warning: missing documentation for a variant
   --> crates/library/surface/package_compiler_failure.rs:879:5
    |
879 |     TypeRowCapacity,
    |     ^^^^^^^^^^^^^^^

warning: missing documentation for a variant
   --> crates/library/surface/package_compiler_failure.rs:880:5
    |
880 |     ComputedRowCapacity,
    |     ^^^^^^^^^^^^^^^^^^^

warning: missing documentation for a variant
   --> crates/library/surface/package_compiler_failure.rs:881:5
    |
881 |     TypeProjectionDepthLimit {
    |     ^^^^^^^^^^^^^^^^^^^^^^^^

warning: missing documentation for a struct field
   --> crates/library/surface/package_compiler_failure.rs:882:9
    |
882 |         depth: u64,
    |         ^^^^^^^^^^

warning: missing documentation for a struct field
   --> crates/library/surface/package_compiler_failure.rs:883:9
    |
883 |         maximum: u64,
    |         ^^^^^^^^^^^^

warning: missing documentation for a variant
   --> crates/library/surface/package_compiler_failure.rs:885:5
    |
885 |     TypeProjectionCycle {
    |     ^^^^^^^^^^^^^^^^^^^

warning: missing documentation for a struct field
   --> crates/library/surface/package_compiler_failure.rs:886:9
    |
886 |         type_id: u32,
    |         ^^^^^^^^^^^^

warning: missing documentation for a variant
   --> crates/library/surface/package_compiler_failure.rs:888:5
    |
888 |     TypeProjectionRecursiveReference {
    |     ^^^^^^^^^^^^^^^^^^^^^^^^^^^^^^^^

warning: missing documentation for a struct field
   --> crates/library/surface/package_compiler_failure.rs:889:9
    |
889 |         distance: u32,
    |         ^^^^^^^^^^^^^

warning: missing documentation for a variant
   --> crates/library/surface/package_compiler_failure.rs:891:5
    |
891 |     TypeProjectionWidth {
    |     ^^^^^^^^^^^^^^^^^^^

warning: missing documentation for a struct field
   --> crates/library/surface/package_compiler_failure.rs:892:9
    |
892 |         actual: u64,
    |         ^^^^^^^^^^^

warning: missing documentation for a struct field
   --> crates/library/surface/package_compiler_failure.rs:893:9
    |
893 |         maximum: u64,
    |         ^^^^^^^^^^^^

warning: missing documentation for a variant
   --> crates/library/surface/package_compiler_failure.rs:895:5
    |
895 |     OccurrenceOwner {
    |     ^^^^^^^^^^^^^^^

warning: missing documentation for a struct field
   --> crates/library/surface/package_compiler_failure.rs:896:9
    |
896 |         owner: u32,
    |         ^^^^^^^^^^

warning: missing documentation for a struct field
   --> crates/library/surface/package_compiler_failure.rs:897:9
    |
897 |         fact_count: u64,
    |         ^^^^^^^^^^^^^^^

warning: missing documentation for a variant
   --> crates/library/surface/package_compiler_failure.rs:899:5
    |
899 |     OccurrenceCapacity,
    |     ^^^^^^^^^^^^^^^^^^

warning: missing documentation for a variant
   --> crates/library/surface/package_compiler_failure.rs:900:5
    |
900 |     DocOwner {
    |     ^^^^^^^^

warning: missing documentation for a struct field
   --> crates/library/surface/package_compiler_failure.rs:901:9
    |
901 |         owner: u32,
    |         ^^^^^^^^^^

warning: missing documentation for a struct field
   --> crates/library/surface/package_compiler_failure.rs:902:9
    |
902 |         fact_count: u64,
    |         ^^^^^^^^^^^^^^^

warning: missing documentation for a variant
   --> crates/library/surface/package_compiler_failure.rs:904:5
    |
904 |     DocCapacity,
    |     ^^^^^^^^^^^

warning: missing documentation for a variant
   --> crates/library/surface/package_compiler_failure.rs:905:5
    |
905 |     ExtensionAtomCapacity,
    |     ^^^^^^^^^^^^^^^^^^^^^

warning: missing documentation for a variant
   --> crates/library/surface/package_compiler_failure.rs:906:5
    |
906 |     TypeParameterCapacity,
    |     ^^^^^^^^^^^^^^^^^^^^^

warning: missing documentation for a variant
   --> crates/library/surface/package_compiler_failure.rs:907:5
    |
907 |     TypeParameterBoundCapacity {
    |     ^^^^^^^^^^^^^^^^^^^^^^^^^^

warning: missing documentation for a struct field
   --> crates/library/surface/package_compiler_failure.rs:908:9
    |
908 |         requested: u64,
    |         ^^^^^^^^^^^^^^

warning: missing documentation for a struct field
   --> crates/library/surface/package_compiler_failure.rs:909:9
    |
909 |         available: u64,
    |         ^^^^^^^^^^^^^^

warning: missing documentation for a variant
   --> crates/library/surface/package_compiler_failure.rs:911:5
    |
911 |     RefListCapacity,
    |     ^^^^^^^^^^^^^^^

warning: missing documentation for a variant
   --> crates/library/surface/package_compiler_failure.rs:912:5
    |
912 |     RefListElements,
    |     ^^^^^^^^^^^^^^^

warning: missing documentation for a variant
   --> crates/library/surface/package_compiler_failure.rs:913:5
    |
913 |     RefTarget {
    |     ^^^^^^^^^

warning: missing documentation for a struct field
   --> crates/library/surface/package_compiler_failure.rs:914:9
    |
914 |         lane: u8,
    |         ^^^^^^^^

warning: missing documentation for a struct field
   --> crates/library/surface/package_compiler_failure.rs:915:9
    |
915 |         raw: u32,
    |         ^^^^^^^^

warning: missing documentation for a struct field
   --> crates/library/surface/package_compiler_failure.rs:916:9
    |
916 |         fact_count: u64,
    |         ^^^^^^^^^^^^^^^

warning: missing documentation for a variant
   --> crates/library/surface/package_compiler_failure.rs:918:5
    |
918 |     SourceSpan {
    |     ^^^^^^^^^^

warning: missing documentation for a struct field
   --> crates/library/surface/package_compiler_failure.rs:919:9
    |
919 |         entity: u32,
    |         ^^^^^^^^^^^

warning: missing documentation for a struct field
   --> crates/library/surface/package_compiler_failure.rs:920:9
    |
920 |         start: u32,
    |         ^^^^^^^^^^

warning: missing documentation for a struct field
   --> crates/library/surface/package_compiler_failure.rs:921:9
    |
921 |         end: u32,
    |         ^^^^^^^^

warning: missing documentation for a struct field
   --> crates/library/surface/package_compiler_failure.rs:922:9
    |
922 |         source_len: u32,
    |         ^^^^^^^^^^^^^^^

warning: missing documentation for a variant
   --> crates/library/surface/package_compiler_failure.rs:924:5
    |
924 |     ConflictingSourceSpan {
    |     ^^^^^^^^^^^^^^^^^^^^^

warning: missing documentation for a struct field
   --> crates/library/surface/package_compiler_failure.rs:925:9
    |
925 |         entity: u32,
    |         ^^^^^^^^^^^

warning: missing documentation for a struct field
   --> crates/library/surface/package_compiler_failure.rs:926:9
    |
926 |         existing_start: u32,
    |         ^^^^^^^^^^^^^^^^^^^

warning: missing documentation for a struct field
   --> crates/library/surface/package_compiler_failure.rs:927:9
    |
927 |         existing_end: u32,
    |         ^^^^^^^^^^^^^^^^^

warning: missing documentation for a struct field
   --> crates/library/surface/package_compiler_failure.rs:928:9
    |
928 |         requested_start: u32,
    |         ^^^^^^^^^^^^^^^^^^^^

warning: missing documentation for a struct field
   --> crates/library/surface/package_compiler_failure.rs:929:9
    |
929 |         requested_end: u32,
    |         ^^^^^^^^^^^^^^^^^^

warning: missing documentation for a variant
   --> crates/library/surface/package_compiler_failure.rs:931:5
    |
931 |     ConflictingParentage {
    |     ^^^^^^^^^^^^^^^^^^^^

warning: missing documentation for a struct field
   --> crates/library/surface/package_compiler_failure.rs:932:9
    |
932 |         entity: u32,
    |         ^^^^^^^^^^^

warning: missing documentation for a struct field
   --> crates/library/surface/package_compiler_failure.rs:933:9
    |
933 |         existing: PackageParentageFact,
    |         ^^^^^^^^^^^^^^^^^^^^^^^^^^^^^^

warning: missing documentation for a struct field
   --> crates/library/surface/package_compiler_failure.rs:934:9
    |
934 |         requested: PackageParentageFact,
    |         ^^^^^^^^^^^^^^^^^^^^^^^^^^^^^^^

warning: missing documentation for a variant
   --> crates/library/surface/package_compiler_failure.rs:936:5
    |
936 |     ConflictingMemberInventory {
    |     ^^^^^^^^^^^^^^^^^^^^^^^^^^

warning: missing documentation for a struct field
   --> crates/library/surface/package_compiler_failure.rs:937:9
    |
937 |         entity: u32,
    |         ^^^^^^^^^^^

warning: missing documentation for a struct field
   --> crates/library/surface/package_compiler_failure.rs:938:9
    |
938 |         existing_count: u64,
    |         ^^^^^^^^^^^^^^^^^^^

warning: missing documentation for a struct field
   --> crates/library/surface/package_compiler_failure.rs:939:9
    |
939 |         requested_count: u64,
    |         ^^^^^^^^^^^^^^^^^^^^

warning: missing documentation for a struct field
   --> crates/library/surface/package_compiler_failure.rs:940:9
    |
940 |         first_difference: u64,
    |         ^^^^^^^^^^^^^^^^^^^^^

warning: missing documentation for a struct field
   --> crates/library/surface/package_compiler_failure.rs:941:9
    |
941 |         existing_member: Option<u32>,
    |         ^^^^^^^^^^^^^^^^^^^^^^^^^^^^

warning: missing documentation for a struct field
   --> crates/library/surface/package_compiler_failure.rs:942:9
    |
942 |         requested_member: Option<u32>,
    |         ^^^^^^^^^^^^^^^^^^^^^^^^^^^^^

warning: missing documentation for a variant
    --> crates/library/surface/package_compiler_failure.rs:1038:5
     |
1038 |     Unavailable,
     |     ^^^^^^^^^^^

warning: missing documentation for a variant
    --> crates/library/surface/package_compiler_failure.rs:1039:5
     |
1039 |     Root,
     |     ^^^^

warning: missing documentation for a variant
    --> crates/library/surface/package_compiler_failure.rs:1040:5
     |
1040 |     Bound { parent: u32 },
     |     ^^^^^

warning: missing documentation for a struct field
    --> crates/library/surface/package_compiler_failure.rs:1040:13
     |
1040 |     Bound { parent: u32 },
     |             ^^^^^^^^^^^

warning: missing documentation for a variant
    --> crates/library/surface/package_compiler_failure.rs:1041:5
     |
1041 |     UnrepresentedAuthorityOwner { identity: [u8; 16] },
     |     ^^^^^^^^^^^^^^^^^^^^^^^^^^^

warning: missing documentation for a struct field
    --> crates/library/surface/package_compiler_failure.rs:1041:35
     |
1041 |     UnrepresentedAuthorityOwner { identity: [u8; 16] },
     |                                   ^^^^^^^^^^^^^^^^^^

warning: missing documentation for a variant
    --> crates/library/surface/package_compiler_failure.rs:1048:5
     |
1048 |     EmptyPath,
     |     ^^^^^^^^^

warning: missing documentation for a variant
    --> crates/library/surface/package_compiler_failure.rs:1049:5
     |
1049 |     BackslashInPath,
     |     ^^^^^^^^^^^^^^^

warning: missing documentation for a variant
    --> crates/library/surface/package_compiler_failure.rs:1056:5
     |
1056 |     EmptyEcosystem,
     |     ^^^^^^^^^^^^^^

warning: missing documentation for a variant
    --> crates/library/surface/package_compiler_failure.rs:1057:5
     |
1057 |     EmptyPackage,
     |     ^^^^^^^^^^^^

warning: missing documentation for a variant
    --> crates/library/surface/package_compiler_failure.rs:1058:5
     |
1058 |     SeparatorInEcosystem,
     |     ^^^^^^^^^^^^^^^^^^^^

warning: missing documentation for a variant
    --> crates/library/surface/package_compiler_failure.rs:1059:5
     |
1059 |     SeparatorInPackage,
     |     ^^^^^^^^^^^^^^^^^^

warning: missing documentation for a variant
    --> crates/library/surface/package_compiler_failure.rs:1060:5
     |
1060 |     BackslashEcosystem,
     |     ^^^^^^^^^^^^^^^^^^

warning: missing documentation for a variant
    --> crates/library/surface/package_compiler_failure.rs:1061:5
     |
1061 |     BackslashPackage,
     |     ^^^^^^^^^^^^^^^^

warning: missing documentation for a variant
    --> crates/library/surface/package_compiler_failure.rs:1062:5
     |
1062 |     BackslashInvalid { segment: u8 },
     |     ^^^^^^^^^^^^^^^^

warning: missing documentation for a struct field
    --> crates/library/surface/package_compiler_failure.rs:1062:24
     |
1062 |     BackslashInvalid { segment: u8 },
     |                        ^^^^^^^^^^^

warning: `backend-library` (lib) generated 621 warnings (run `cargo fix --lib -p backend-library` to apply 15 suggestions)
warning: method `contains_unnameable_self_referential_application` is never used
   --> third_party/tsz/crates/tsz-emitter/src/emitter/types/printer/type_printing.rs:783:19
    |
 51 | impl<'a> TypePrinter<'a> {
    | ------------------------ method in this implementation
...
783 |     pub(crate) fn contains_unnameable_self_referential_application(&self, type_id: TypeId) -> bool {
    |                   ^^^^^^^^^^^^^^^^^^^^^^^^^^^^^^^^^^^^^^^^^^^^^^^^
    |
    = note: `#[warn(dead_code)]` (part of `#[warn(unused)]`) on by default

warning: `tsz-emitter` (lib) generated 1 warning
warning: function `cache_entry_is_valid` is never used
    --> frontends/go/src/legacy/oracle.rs:2119:4
     |
2119 | fn cache_entry_is_valid(
     |    ^^^^^^^^^^^^^^^^^^^^
     |
     = note: `#[warn(dead_code)]` (part of `#[warn(unused)]`) on by default

warning: function `hash_regular_file` is never used
    --> frontends/go/src/legacy/oracle.rs:2351:4
     |
2351 | fn hash_regular_file(path: &Path) -> std::io::Result<[u8; 32]> {
     |    ^^^^^^^^^^^^^^^^^

warning: `backend-frontend-go` (lib) generated 2 warnings
warning: unnecessary qualification
    --> frontends/typescript/src/legacy/checker.rs:1178:15
     |
1178 |         match std::fs::remove_dir_all(&work) {
     |               ^^^^^^^^^^^^^^^^^^^^^^^
     |
     = note: requested on the command line with `-W unused-qualifications`
help: remove the unnecessary path segments
     |
1178 -         match std::fs::remove_dir_all(&work) {
1178 +         match fs::remove_dir_all(&work) {
     |

warning: unnecessary qualification
    --> frontends/typescript/src/legacy/checker.rs:1256:17
     |
1256 |                 std::fs::write(&file, source).map_err(|cause| CheckerError::Work {
     |                 ^^^^^^^^^^^^^^
     |
help: remove the unnecessary path segments
     |
1256 -                 std::fs::write(&file, source).map_err(|cause| CheckerError::Work {
1256 +                 fs::write(&file, source).map_err(|cause| CheckerError::Work {
     |

warning: unnecessary qualification
    --> frontends/typescript/src/legacy/checker.rs:1277:15
     |
1277 |         match std::fs::remove_dir_all(&work) {
     |               ^^^^^^^^^^^^^^^^^^^^^^^
     |
help: remove the unnecessary path segments
     |
1277 -         match std::fs::remove_dir_all(&work) {
1277 +         match fs::remove_dir_all(&work) {
     |

warning: unnecessary qualification
    --> frontends/typescript/src/legacy/checker.rs:1333:17
     |
1333 |                 std::fs::write(&file, source).map_err(|cause| CheckerError::Work {
     |                 ^^^^^^^^^^^^^^
     |
help: remove the unnecessary path segments
     |
1333 -                 std::fs::write(&file, source).map_err(|cause| CheckerError::Work {
1333 +                 fs::write(&file, source).map_err(|cause| CheckerError::Work {
     |

warning: unnecessary qualification
    --> frontends/typescript/src/legacy/checker.rs:1342:15
     |
1342 |         match std::fs::remove_dir_all(&work) {
     |               ^^^^^^^^^^^^^^^^^^^^^^^
     |
help: remove the unnecessary path segments
     |
1342 -         match std::fs::remove_dir_all(&work) {
1342 +         match fs::remove_dir_all(&work) {
     |

warning: unnecessary qualification
    --> frontends/typescript/src/legacy/checker.rs:1377:15
     |
1377 |         match std::fs::remove_dir_all(&work) {
     |               ^^^^^^^^^^^^^^^^^^^^^^^
     |
help: remove the unnecessary path segments
     |
1377 -         match std::fs::remove_dir_all(&work) {
1377 +         match fs::remove_dir_all(&work) {
     |

warning: unnecessary qualification
    --> frontends/typescript/src/legacy/checker.rs:1397:9
     |
1397 |         std::fs::write(&file, source).map_err(|cause| CheckerError::Work {
     |         ^^^^^^^^^^^^^^
     |
help: remove the unnecessary path segments
     |
1397 -         std::fs::write(&file, source).map_err(|cause| CheckerError::Work {
1397 +         fs::write(&file, source).map_err(|cause| CheckerError::Work {
     |

warning: unnecessary qualification
    --> frontends/typescript/src/legacy/checker.rs:1424:9
     |
1424 |         std::fs::write(&file, source).map_err(|cause| CheckerError::Work {
     |         ^^^^^^^^^^^^^^
     |
help: remove the unnecessary path segments
     |
1424 -         std::fs::write(&file, source).map_err(|cause| CheckerError::Work {
1424 +         fs::write(&file, source).map_err(|cause| CheckerError::Work {
     |

warning: unnecessary qualification
    --> frontends/typescript/src/legacy/checker.rs:1443:13
     |
1443 |             std::fs::write(&file, source).map_err(|cause| CheckerError::Work {
     |             ^^^^^^^^^^^^^^
     |
help: remove the unnecessary path segments
     |
1443 -             std::fs::write(&file, source).map_err(|cause| CheckerError::Work {
1443 +             fs::write(&file, source).map_err(|cause| CheckerError::Work {
     |

warning: unnecessary qualification
    --> frontends/typescript/src/legacy/checker.rs:1449:15
     |
1449 |         match std::fs::remove_dir_all(&work) {
     |               ^^^^^^^^^^^^^^^^^^^^^^^
     |
help: remove the unnecessary path segments
     |
1449 -         match std::fs::remove_dir_all(&work) {
1449 +         match fs::remove_dir_all(&work) {
     |

warning: unnecessary qualification
    --> frontends/typescript/src/legacy/checker.rs:1740:20
     |
1740 |     let metadata = std::fs::symlink_metadata(source).map_err(|cause| CheckerError::Work {
     |                    ^^^^^^^^^^^^^^^^^^^^^^^^^
     |
help: remove the unnecessary path segments
     |
1740 -     let metadata = std::fs::symlink_metadata(source).map_err(|cause| CheckerError::Work {
1740 +     let metadata = fs::symlink_metadata(source).map_err(|cause| CheckerError::Work {
     |

warning: unnecessary qualification
    --> frontends/typescript/src/legacy/checker.rs:1750:5
     |
1750 |     std::fs::create_dir_all(destination).map_err(|cause| CheckerError::Work {
     |     ^^^^^^^^^^^^^^^^^^^^^^^
     |
help: remove the unnecessary path segments
     |
1750 -     std::fs::create_dir_all(destination).map_err(|cause| CheckerError::Work {
1750 +     fs::create_dir_all(destination).map_err(|cause| CheckerError::Work {
     |

warning: unnecessary qualification
    --> frontends/typescript/src/legacy/checker.rs:1754:18
     |
1754 |     for entry in std::fs::read_dir(source).map_err(|cause| CheckerError::Work {
     |                  ^^^^^^^^^^^^^^^^^
     |
help: remove the unnecessary path segments
     |
1754 -     for entry in std::fs::read_dir(source).map_err(|cause| CheckerError::Work {
1754 +     for entry in fs::read_dir(source).map_err(|cause| CheckerError::Work {
     |

warning: unnecessary qualification
    --> frontends/typescript/src/legacy/checker.rs:1771:24
     |
1771 |         let metadata = std::fs::symlink_metadata(&child).map_err(|cause| CheckerError::Work {
     |                        ^^^^^^^^^^^^^^^^^^^^^^^^^
     |
help: remove the unnecessary path segments
     |
1771 -         let metadata = std::fs::symlink_metadata(&child).map_err(|cause| CheckerError::Work {
1771 +         let metadata = fs::symlink_metadata(&child).map_err(|cause| CheckerError::Work {
     |

warning: unnecessary qualification
    --> frontends/typescript/src/legacy/checker.rs:1808:13
     |
1808 |             std::fs::File::open(&child)
     |             ^^^^^^^^^^^^^^^^^^^
     |
help: remove the unnecessary path segments
     |
1808 -             std::fs::File::open(&child)
1808 +             fs::File::open(&child)
     |

warning: unnecessary qualification
    --> frontends/typescript/src/legacy/checker.rs:1844:13
     |
1844 |             std::fs::write(&target, bytes).map_err(|cause| CheckerError::Work {
     |             ^^^^^^^^^^^^^^
     |
help: remove the unnecessary path segments
     |
1844 -             std::fs::write(&target, bytes).map_err(|cause| CheckerError::Work {
1844 +             fs::write(&target, bytes).map_err(|cause| CheckerError::Work {
     |

warning: `backend-frontend-typescript` (lib) generated 16 warnings (run `cargo fix --lib -p backend-frontend-typescript` to apply 16 suggestions)
   Compiling backend-engine v0.2.0 (/root/codex-worktrees/sol61-journal-recovery-eb019-20261008/crates/engine)
warning: unused imports: `ArtifactBudget`, `ArtifactClosureClaim`, and `FileStore`
 --> extensions/turso/src/authority/types.rs:4:21
  |
4 | use backend_store::{ArtifactBudget, ArtifactClosureClaim, FileStore};
  |                     ^^^^^^^^^^^^^^  ^^^^^^^^^^^^^^^^^^^^  ^^^^^^^^^
  |
  = note: `#[warn(unused_imports)]` (part of `#[warn(unused)]`) on by default

warning: unused import: `ProjectionGenerationId`
 --> extensions/turso/src/connection.rs:4:5
  |
4 |     ProjectionGenerationId, ProjectionGraphSeed, ProjectionNamespace, ProjectionOperationGuard,
  |     ^^^^^^^^^^^^^^^^^^^^^^

warning: unused import: `backend_library::CheckedPackageGraphFacts`
  --> extensions/turso/src/connection.rs:11:5
   |
11 | use backend_library::CheckedPackageGraphFacts;
   |     ^^^^^^^^^^^^^^^^^^^^^^^^^^^^^^^^^^^^^^^^^

warning: unused import: `DirectoryCapability`
  --> extensions/turso/src/connection.rs:12:42
   |
12 | use backend_platform::{CreatedDirectory, DirectoryCapability, FileIdentity};
   |                                          ^^^^^^^^^^^^^^^^^^^

warning: unnecessary qualification
    --> extensions/turso/src/graph.rs:1436:13
     |
1436 | ) -> Result<backend_library::ProductText, ProjectionError> {
     |             ^^^^^^^^^^^^^^^^^^^^^^^^^^^^
     |
     = note: requested on the command line with `-W unused-qualifications`
help: remove the unnecessary path segments
     |
1436 - ) -> Result<backend_library::ProductText, ProjectionError> {
1436 + ) -> Result<ProductText, ProjectionError> {
     |

warning: unnecessary qualification
    --> extensions/turso/src/graph.rs:1440:5
     |
1440 |     backend_library::ProductText::new(value).map_err(|_| misuse_graph_edge(field))
     |     ^^^^^^^^^^^^^^^^^^^^^^^^^^^^^^^^^
     |
help: remove the unnecessary path segments
     |
1440 -     backend_library::ProductText::new(value).map_err(|_| misuse_graph_edge(field))
1440 +     ProductText::new(value).map_err(|_| misuse_graph_edge(field))
     |

warning: unused imports: `SeekFrom` and `Seek`
  --> extensions/turso/src/projection_namespace.rs:16:21
   |
16 | use std::io::{Read, Seek, SeekFrom, Write};
   |                     ^^^^  ^^^^^^^^

warning: variable does not need to be mutable
   --> extensions/turso/src/projection_namespace.rs:813:14
    |
813 | fn lock_file(mut file: File, shared: bool) -> Result<File, ProjectionError> {
    |              ----^^^^
    |              |
    |              help: remove this `mut`
    |
    = note: `#[warn(unused_mut)]` (part of `#[warn(unused)]`) on by default

warning: field `0` is never read
   --> extensions/turso/src/projection_namespace.rs:805:14
    |
805 |     Conflict(Option<ProjectionSelector>),
    |     -------- ^^^^^^^^^^^^^^^^^^^^^^^^^^
    |     |
    |     field in this variant
    |
    = note: `#[warn(dead_code)]` (part of `#[warn(unused)]`) on by default
help: consider changing the field to be of unit type to suppress this warning while preserving the field numbering, or remove the field
    |
805 -     Conflict(Option<ProjectionSelector>),
805 +     Conflict(()),
    |

warning: unreachable `pub` item
  --> extensions/turso/src/authority/mod.rs:51:34
   |
47 | pub use types::{
   | --- help: consider restricting its visibility: `pub(crate)`
...
51 |     ExistingGenerationSelection, NoResultRetirementBarrier, ProjectionKind, ProjectionWatermark,
   |                                  ^^^^^^^^^^^^^^^^^^^^^^^^^
   |
   = help: or consider exporting it for use by other crates
   = note: requested on the command line with `-W unreachable-pub`

warning: missing documentation for a struct field
  --> extensions/turso/src/authority/error.rs:16:14
   |
16 |     Schema { found: i64 },
   |              ^^^^^^^^^^
   |
   = note: requested on the command line with `-W missing-docs`

warning: missing documentation for a struct field
   --> extensions/turso/src/authority/snapshot.rs:357:27
    |
357 |     SourceExceedsBudget { estimate: u64, limit: u64 },
    |                           ^^^^^^^^^^^^^

warning: missing documentation for a struct field
   --> extensions/turso/src/authority/snapshot.rs:357:42
    |
357 |     SourceExceedsBudget { estimate: u64, limit: u64 },
    |                                          ^^^^^^^^^^

warning: missing documentation for a struct field
   --> extensions/turso/src/authority/snapshot.rs:361:27
    |
361 |     OutputExceedsBudget { observed: u64, limit: u64 },
    |                           ^^^^^^^^^^^^^

warning: missing documentation for a struct field
   --> extensions/turso/src/authority/snapshot.rs:361:42
    |
361 |     OutputExceedsBudget { observed: u64, limit: u64 },
    |                                          ^^^^^^^^^^

warning: missing documentation for a struct field
   --> extensions/turso/src/authority/snapshot.rs:372:21
    |
372 |     StageUnpinned { path: PathBuf, source: io::Error },
    |                     ^^^^^^^^^^^^^

warning: missing documentation for a struct field
   --> extensions/turso/src/authority/snapshot.rs:372:36
    |
372 |     StageUnpinned { path: PathBuf, source: io::Error },
    |                                    ^^^^^^^^^^^^^^^^^

warning: `backend-extension-turso` (lib) generated 17 warnings (run `cargo fix --lib -p backend-extension-turso` to apply 9 suggestions)
warning: unused import: `CompilationManifestFormat`
  --> crates/engine/src/application/cluster_coordinator/admission.rs:19:31
   |
19 |     CompilationManifestFacts, CompilationManifestFormat, CompilationManifestView,
   |                               ^^^^^^^^^^^^^^^^^^^^^^^^^
   |
   = note: `#[warn(unused_imports)]` (part of `#[warn(unused)]`) on by default

warning: unused imports: `CompilationManifestFacts` and `CompilationManifestView`
 --> crates/engine/src/application/cluster_coordinator/result_wire.rs:9:5
  |
9 |     CompilationManifestFacts, CompilationManifestIdentity, CompilationManifestView,
  |     ^^^^^^^^^^^^^^^^^^^^^^^^                               ^^^^^^^^^^^^^^^^^^^^^^^

warning: unused imports: `TszCheckerOptions`, `TszEnvironmentFingerprint`, `TszFileInput`, `TszProjectOptions`, `TszProject`, and `TszSourceError`
  --> crates/engine/src/application/compiler.rs:39:5
   |
39 |     TszCheckerOptions, TszEnvironmentFingerprint, TszFileInput, TszProject, TszProjectAuthority,
   |     ^^^^^^^^^^^^^^^^^  ^^^^^^^^^^^^^^^^^^^^^^^^^  ^^^^^^^^^^^^  ^^^^^^^^^^
40 |     TszProjectExecutionBudget, TszProjectOptions, TszSourceError,
   |                                ^^^^^^^^^^^^^^^^^  ^^^^^^^^^^^^^^

warning: unused import: `FragmentCause`
  --> crates/engine/src/application/compiler.rs:44:70
   |
44 |     CompilerRequest as ApplicationCompilerRequest, CompilerTerminal, FragmentCause,
   |                                                                      ^^^^^^^^^^^^^

warning: unnecessary qualification
    --> crates/engine/src/application/compiler.rs:1782:15
     |
1782 |     deadline: std::time::Instant,
     |               ^^^^^^^^^^^^^^^^^^
     |
     = note: requested on the command line with `-W unused-qualifications`
help: remove the unnecessary path segments
     |
1782 -     deadline: std::time::Instant,
1782 +     deadline: Instant,
     |

warning: unnecessary qualification
    --> crates/engine/src/application/compiler.rs:2065:37
     |
2065 |         let mut tsz_package_paths = std::collections::BTreeMap::<Box<str>, Box<str>>::new();
     |                                     ^^^^^^^^^^^^^^^^^^^^^^^^^^^^^^^^^^^^^^^^^^^^^^^^^^^^^
     |
help: remove the unnecessary path segments
     |
2065 -         let mut tsz_package_paths = std::collections::BTreeMap::<Box<str>, Box<str>>::new();
2065 +         let mut tsz_package_paths = BTreeMap::<Box<str>, Box<str>>::new();
     |

warning: unnecessary qualification
   --> crates/engine/src/application/host/authority.rs:379:24
    |
379 |             directory: super::LocalHostDirectory::GoModuleCache,
    |                        ^^^^^^^^^^^^^^^^^^^^^^^^^^^^^^^^^^^^^^^^
    |
help: remove the unnecessary path segments
    |
379 -             directory: super::LocalHostDirectory::GoModuleCache,
379 +             directory: LocalHostDirectory::GoModuleCache,
    |

warning: unnecessary qualification
   --> crates/engine/src/application/host/authority.rs:542:25
    |
542 |                         crate::application::ToolchainProbeError::TypeScriptInterpreterUnavailable {
    |                         ^^^^^^^^^^^^^^^^^^^^^^^^^^^^^^^^^^^^^^^^^^^^^^^^^^^^^^^^^^^^^^^^^^^^^^^^^
    |
help: remove the unnecessary path segments
    |
542 -                         crate::application::ToolchainProbeError::TypeScriptInterpreterUnavailable {
542 +                         ToolchainProbeError::TypeScriptInterpreterUnavailable {
    |

warning: unnecessary qualification
   --> crates/engine/src/application/host/authority.rs:549:29
    |
549 | ...                   crate::application::ToolchainProbeError::TypeScriptModuleRootUnavailable {
    |                       ^^^^^^^^^^^^^^^^^^^^^^^^^^^^^^^^^^^^^^^^^^^^^^^^^^^^^^^^^^^^^^^^^^^^^^^^
    |
help: remove the unnecessary path segments
    |
549 -                             crate::application::ToolchainProbeError::TypeScriptModuleRootUnavailable {
549 +                             ToolchainProbeError::TypeScriptModuleRootUnavailable {
    |

warning: unnecessary qualification
    --> crates/engine/src/application/typescript_host.rs:2081:20
     |
2081 |     _file: Option<&fs::File>,
     |                    ^^^^^^^^
     |
help: remove the unnecessary path segments
     |
2081 -     _file: Option<&fs::File>,
2081 +     _file: Option<&File>,
     |

warning: unnecessary qualification
    --> crates/engine/src/application/typescript_host.rs:3457:45
     |
3457 |             Err(source) if source.kind() == std::io::ErrorKind::NotFound => {}
     |                                             ^^^^^^^^^^^^^^^^^^^^^^^^^^^^
     |
help: remove the unnecessary path segments
     |
3457 -             Err(source) if source.kind() == std::io::ErrorKind::NotFound => {}
3457 +             Err(source) if source.kind() == io::ErrorKind::NotFound => {}
     |

warning: unnecessary qualification
    --> crates/engine/src/application/typescript_host.rs:3557:41
     |
3557 |         Err(source) if source.kind() == std::io::ErrorKind::NotFound => {}
     |                                         ^^^^^^^^^^^^^^^^^^^^^^^^^^^^
     |
help: remove the unnecessary path segments
     |
3557 -         Err(source) if source.kind() == std::io::ErrorKind::NotFound => {}
3557 +         Err(source) if source.kind() == io::ErrorKind::NotFound => {}
     |

warning: unnecessary qualification
    --> crates/engine/src/application/typescript_host.rs:3964:17
     |
3964 |         source: std::io::Error,
     |                 ^^^^^^^^^^^^^^
     |
help: remove the unnecessary path segments
     |
3964 -         source: std::io::Error,
3964 +         source: io::Error,
     |

warning: unnecessary qualification
    --> crates/engine/src/application/typescript_host.rs:3970:17
     |
3970 |         source: std::io::Error,
     |                 ^^^^^^^^^^^^^^
     |
help: remove the unnecessary path segments
     |
3970 -         source: std::io::Error,
3970 +         source: io::Error,
     |

warning: unnecessary qualification
    --> crates/engine/src/application/typescript_host.rs:3990:17
     |
3990 |         source: std::io::Error,
     |                 ^^^^^^^^^^^^^^
     |
help: remove the unnecessary path segments
     |
3990 -         source: std::io::Error,
3990 +         source: io::Error,
     |

warning: unnecessary qualification
    --> crates/engine/src/application/typescript_host.rs:3998:17
     |
3998 |         source: std::io::Error,
     |                 ^^^^^^^^^^^^^^
     |
help: remove the unnecessary path segments
     |
3998 -         source: std::io::Error,
3998 +         source: io::Error,
     |

warning: unused import: `Duration`
  --> crates/engine/src/application/typescript_program.rs:13:12
   |
13 |     time::{Duration, Instant},
   |            ^^^^^^^^

warning: unused import: `self::typescript_program::build_native_inputs`
  --> crates/engine/src/application/mod.rs:23:16
   |
23 | pub(crate) use self::typescript_program::build_native_inputs;
   |                ^^^^^^^^^^^^^^^^^^^^^^^^^^^^^^^^^^^^^^^^^^^^^

warning: unused imports: `NativeCompilerEnvironment` and `admit_typescript_script_invocation`
   --> crates/engine/src/application/mod.rs:106:44
    |
106 |     NATIVE_COMPILER_ENVIRONMENT_POLICY_ID, NativeCompilerEnvironment,
    |                                            ^^^^^^^^^^^^^^^^^^^^^^^^^
107 |     admit_typescript_script_invocation, compiler_directory_object_identity,
    |     ^^^^^^^^^^^^^^^^^^^^^^^^^^^^^^^^^^

warning: unused import: `ProductSourceRelation`
  --> crates/engine/src/builtin/file_facts_relation.rs:13:70
   |
13 |     Container, DeclarationKind, ProductFileRef, ProductSourceRecord, ProductSourceRelation,
   |                                                                      ^^^^^^^^^^^^^^^^^^^^^

warning: unnecessary qualification
    --> crates/engine/src/driver/lower/typescript.rs:4252:14
     |
4252 |     binder: &backend_frontend_typescript::TszBinderState,
     |              ^^^^^^^^^^^^^^^^^^^^^^^^^^^^^^^^^^^^^^^^^^^
     |
help: remove the unnecessary path segments
     |
4252 -     binder: &backend_frontend_typescript::TszBinderState,
4252 +     binder: &TszBinderState,
     |

warning: unnecessary qualification
    --> crates/engine/src/driver/lower/typescript.rs:4584:14
     |
4584 |     binder: &backend_frontend_typescript::TszBinderState,
     |              ^^^^^^^^^^^^^^^^^^^^^^^^^^^^^^^^^^^^^^^^^^^
     |
help: remove the unnecessary path segments
     |
4584 -     binder: &backend_frontend_typescript::TszBinderState,
4584 +     binder: &TszBinderState,
     |

warning: unnecessary qualification
    --> crates/engine/src/driver/lower/typescript.rs:4934:41
     |
4934 | ...                   entity: backend_semantic::ir::EntityId::new(member),
     |                               ^^^^^^^^^^^^^^^^^^^^^^^^^^^^^^^^^^^
     |
help: remove the unnecessary path segments
     |
4934 -                                 entity: backend_semantic::ir::EntityId::new(member),
4934 +                                 entity: EntityId::new(member),
     |

warning: unnecessary qualification
    --> crates/engine/src/driver/lower/typescript.rs:4936:45
     |
4936 | ...                   parent: backend_semantic::ir::EntityId::new(existing),
     |                               ^^^^^^^^^^^^^^^^^^^^^^^^^^^^^^^^^^^
     |
help: remove the unnecessary path segments
     |
4936 -                                     parent: backend_semantic::ir::EntityId::new(existing),
4936 +                                     parent: EntityId::new(existing),
     |

warning: unnecessary qualification
    --> crates/engine/src/driver/lower/typescript.rs:4939:45
     |
4939 | ...                   parent: backend_semantic::ir::EntityId::new(owner),
     |                               ^^^^^^^^^^^^^^^^^^^^^^^^^^^^^^^^^^^
     |
help: remove the unnecessary path segments
     |
4939 -                                     parent: backend_semantic::ir::EntityId::new(owner),
4939 +                                     parent: EntityId::new(owner),
     |

warning: unnecessary qualification
    --> crates/engine/src/driver/lower/typescript.rs:6162:18
     |
6162 |         binder: &backend_frontend_typescript::TszBinderState,
     |                  ^^^^^^^^^^^^^^^^^^^^^^^^^^^^^^^^^^^^^^^^^^^
     |
help: remove the unnecessary path segments
     |
6162 -         binder: &backend_frontend_typescript::TszBinderState,
6162 +         binder: &TszBinderState,
     |

warning: unnecessary qualification
   --> crates/engine/src/driver/types/toolchain.rs:125:19
    |
125 |         path: Box<std::path::Path>,
    |                   ^^^^^^^^^^^^^^^
    |
help: remove the unnecessary path segments
    |
125 -         path: Box<std::path::Path>,
125 +         path: Box<Path>,
    |

warning: unnecessary qualification
   --> crates/engine/src/driver/types/toolchain.rs:136:19
    |
136 |         path: Box<std::path::Path>,
    |                   ^^^^^^^^^^^^^^^
    |
help: remove the unnecessary path segments
    |
136 -         path: Box<std::path::Path>,
136 +         path: Box<Path>,
    |

warning: unused import: `NativeRecipe`
  --> crates/engine/src/driver/types.rs:26:26
   |
26 | pub(crate) use request::{NativeRecipe, SourceLease, WorkPermit, WorkStopped};
   |                          ^^^^^^^^^^^^

warning: unused imports: `NativeArtifactRole` and `NativeWorkPhase`
  --> crates/engine/src/driver/types.rs:42:26
   |
42 |     LoweringUnsupported, NativeArtifactRole, NativeWorkPhase,
   |                          ^^^^^^^^^^^^^^^^^^  ^^^^^^^^^^^^^^^

warning: unused import: `self`
 --> crates/engine/src/registry/owner.rs:6:10
  |
6 |     fs::{self, File},
  |          ^^^^

warning: unnecessary qualification
  --> crates/engine/src/workspace/head.rs:99:22
   |
99 |         let schema = backend_version::SchemaIdentity::of_relation::<R>();
   |                      ^^^^^^^^^^^^^^^^^^^^^^^^^^^^^^^^^^^^^^^^^^^^^^^^^
   |
help: remove the unnecessary path segments
   |
99 -         let schema = backend_version::SchemaIdentity::of_relation::<R>();
99 +         let schema = SchemaIdentity::of_relation::<R>();
   |

warning: unnecessary qualification
   --> crates/engine/src/workspace/head.rs:239:22
    |
239 |         let schema = backend_version::SchemaIdentity::of_relation::<R>();
    |                      ^^^^^^^^^^^^^^^^^^^^^^^^^^^^^^^^^^^^^^^^^^^^^^^^^
    |
help: remove the unnecessary path segments
    |
239 -         let schema = backend_version::SchemaIdentity::of_relation::<R>();
239 +         let schema = SchemaIdentity::of_relation::<R>();
    |

warning: unnecessary qualification
   --> crates/engine/src/workspace/pack.rs:174:21
    |
174 |     let canonical = backend_store::encode_pack(&map, expected_layout, pack.bytes().len())
    |                     ^^^^^^^^^^^^^^^^^^^^^^^^^^
    |
help: remove the unnecessary path segments
    |
174 -     let canonical = backend_store::encode_pack(&map, expected_layout, pack.bytes().len())
174 +     let canonical = encode_pack(&map, expected_layout, pack.bytes().len())
    |

warning: unnecessary qualification
    --> crates/engine/src/acquisition/content_addressed.rs:2354:24
     |
2354 |             .set_times(std::fs::FileTimes::new().set_modified(UNIX_EPOCH))
     |                        ^^^^^^^^^^^^^^^^^^^^^^^
     |
     = note: requested on the command line with `-W unused-qualifications`
help: remove the unnecessary path segments
     |
2354 -             .set_times(std::fs::FileTimes::new().set_modified(UNIX_EPOCH))
2354 +             .set_times(fs::FileTimes::new().set_modified(UNIX_EPOCH))
     |

warning: unnecessary qualification
   --> crates/engine/src/acquisition/owned_file.rs:301:9
    |
301 |         std::io::stdout().flush().expect("flush readiness");
    |         ^^^^^^^^^^^^^^^
    |
help: remove the unnecessary path segments
    |
301 -         std::io::stdout().flush().expect("flush readiness");
301 +         io::stdout().flush().expect("flush readiness");
    |

warning: unnecessary qualification
   --> crates/engine/src/acquisition/owned_file.rs:303:17
    |
303 |         let _ = std::io::stdin().read_to_end(&mut input);
    |                 ^^^^^^^^^^^^^^
    |
help: remove the unnecessary path segments
    |
303 -         let _ = std::io::stdin().read_to_end(&mut input);
303 +         let _ = io::stdin().read_to_end(&mut input);
    |

warning: unused import: `Policy`
    --> crates/engine/src/acquisition/receipt_store.rs:1048:40
     |
1048 |         ManifestEntry, MetadataRecord, Policy, ReleaseClaim, Resolve, TreeManifest,
     |                                        ^^^^^^
     |
     = note: `#[warn(unused_imports)]` (part of `#[warn(unused)]`) on by default

warning: unnecessary qualification
    --> crates/engine/src/acquisition/receipt_store.rs:1062:9
     |
1062 |         std::io::stdin()
     |         ^^^^^^^^^^^^^^
     |
help: remove the unnecessary path segments
     |
1062 -         std::io::stdin()
1062 +         io::stdin()
     |

warning: unnecessary qualification
    --> crates/engine/src/acquisition/receipt_store.rs:1397:73
     |
1397 |     fn lease(root: &Path, request: &AcquisitionRequest) -> (LeaseStore, super::super::LeaseGuard) {
     |                                                                         ^^^^^^^^^^^^^^^^^^^^^^^^
     |
help: remove the unnecessary path segments
     |
1397 -     fn lease(root: &Path, request: &AcquisitionRequest) -> (LeaseStore, super::super::LeaseGuard) {
1397 +     fn lease(root: &Path, request: &AcquisitionRequest) -> (LeaseStore, LeaseGuard) {
     |

warning: unused import: `CompilationManifestFormat`
  --> crates/engine/src/application/cluster_coordinator/admission.rs:19:31
   |
19 |     CompilationManifestFacts, CompilationManifestFormat, CompilationManifestView,
   |                               ^^^^^^^^^^^^^^^^^^^^^^^^^

warning: unnecessary qualification
    --> crates/engine/src/application/cluster_coordinator/admission.rs:1374:17
     |
1374 |                 std::io::Error::other(format!("parse recipe fixture package URL: {error:?}"))
     |                 ^^^^^^^^^^^^^^^^^^^^^
     |
help: remove the unnecessary path segments
     |
1374 -                 std::io::Error::other(format!("parse recipe fixture package URL: {error:?}"))
1374 +                 io::Error::other(format!("parse recipe fixture package URL: {error:?}"))
     |

warning: unnecessary qualification
    --> crates/engine/src/application/cluster_coordinator/admission.rs:1385:13
     |
1385 |             std::io::Error::other(format!("create recipe fixture request: {error:?}"))
     |             ^^^^^^^^^^^^^^^^^^^^^
     |
help: remove the unnecessary path segments
     |
1385 -             std::io::Error::other(format!("create recipe fixture request: {error:?}"))
1385 +             io::Error::other(format!("create recipe fixture request: {error:?}"))
     |

warning: unnecessary qualification
    --> crates/engine/src/application/cluster_coordinator/admission.rs:1514:30
     |
1514 |             .map_err(|error| std::io::Error::other(format!("open result store: {error:?}")))?;
     |                              ^^^^^^^^^^^^^^^^^^^^^
     |
help: remove the unnecessary path segments
     |
1514 -             .map_err(|error| std::io::Error::other(format!("open result store: {error:?}")))?;
1514 +             .map_err(|error| io::Error::other(format!("open result store: {error:?}")))?;
     |

warning: unnecessary qualification
    --> crates/engine/src/application/cluster_coordinator/admission.rs:1517:30
     |
1517 |             .map_err(|error| std::io::Error::other(format!("store result closure: {error:?}")))?;
     |                              ^^^^^^^^^^^^^^^^^^^^^
     |
help: remove the unnecessary path segments
     |
1517 -             .map_err(|error| std::io::Error::other(format!("store result closure: {error:?}")))?;
1517 +             .map_err(|error| io::Error::other(format!("store result closure: {error:?}")))?;
     |

warning: unnecessary qualification
    --> crates/engine/src/application/cluster_coordinator/admission.rs:1520:30
     |
1520 |             .map_err(|error| std::io::Error::other(format!("open result closure: {error:?}")))?;
     |                              ^^^^^^^^^^^^^^^^^^^^^
     |
help: remove the unnecessary path segments
     |
1520 -             .map_err(|error| std::io::Error::other(format!("open result closure: {error:?}")))?;
1520 +             .map_err(|error| io::Error::other(format!("open result closure: {error:?}")))?;
     |

warning: unnecessary qualification
    --> crates/engine/src/application/cluster_coordinator/admission.rs:1561:26
     |
1561 |         .map_err(|error| std::io::Error::other(format!("admit baseline result: {error:?}")))?;
     |                          ^^^^^^^^^^^^^^^^^^^^^
     |
help: remove the unnecessary path segments
     |
1561 -         .map_err(|error| std::io::Error::other(format!("admit baseline result: {error:?}")))?;
1561 +         .map_err(|error| io::Error::other(format!("admit baseline result: {error:?}")))?;
     |

warning: unnecessary qualification
    --> crates/engine/src/application/cluster_coordinator/admission.rs:1663:17
     |
1663 |                 std::io::Error::other(format!("store generic-plane result: {error:?}"))
     |                 ^^^^^^^^^^^^^^^^^^^^^
     |
help: remove the unnecessary path segments
     |
1663 -                 std::io::Error::other(format!("store generic-plane result: {error:?}"))
1663 +                 io::Error::other(format!("store generic-plane result: {error:?}"))
     |

warning: unnecessary qualification
    --> crates/engine/src/application/cluster_coordinator/admission.rs:1669:21
     |
1669 |                     std::io::Error::other(format!("open generic-plane result: {error:?}"))
     |                     ^^^^^^^^^^^^^^^^^^^^^
     |
help: remove the unnecessary path segments
     |
1669 -                     std::io::Error::other(format!("open generic-plane result: {error:?}"))
1669 +                     io::Error::other(format!("open generic-plane result: {error:?}"))
     |

warning: unnecessary qualification
    --> crates/engine/src/application/cluster_coordinator/admission.rs:1711:21
     |
1711 |                     std::io::Error::other(format!("store embedding result closure: {error:?}"))
     |                     ^^^^^^^^^^^^^^^^^^^^^
     |
help: remove the unnecessary path segments
     |
1711 -                     std::io::Error::other(format!("store embedding result closure: {error:?}"))
1711 +                     io::Error::other(format!("store embedding result closure: {error:?}"))
     |

warning: unnecessary qualification
    --> crates/engine/src/application/cluster_coordinator/admission.rs:1714:13
     |
1714 |             std::io::Error::other(format!("open embedding result closure: {error:?}"))
     |             ^^^^^^^^^^^^^^^^^^^^^
     |
help: remove the unnecessary path segments
     |
1714 -             std::io::Error::other(format!("open embedding result closure: {error:?}"))
1714 +             io::Error::other(format!("open embedding result closure: {error:?}"))
     |

warning: unnecessary qualification
    --> crates/engine/src/application/cluster_coordinator/admission.rs:1728:26
     |
1728 |         .map_err(|error| std::io::Error::other(format!("admit embedding result: {error:?}")))?;
     |                          ^^^^^^^^^^^^^^^^^^^^^
     |
help: remove the unnecessary path segments
     |
1728 -         .map_err(|error| std::io::Error::other(format!("admit embedding result: {error:?}")))?;
1728 +         .map_err(|error| io::Error::other(format!("admit embedding result: {error:?}")))?;
     |

warning: unnecessary qualification
    --> crates/engine/src/application/cluster_coordinator/admission.rs:1802:21
     |
1802 |                     std::io::Error::other(format!("store cross-artifact plane result: {error:?}"))
     |                     ^^^^^^^^^^^^^^^^^^^^^
     |
help: remove the unnecessary path segments
     |
1802 -                     std::io::Error::other(format!("store cross-artifact plane result: {error:?}"))
1802 +                     io::Error::other(format!("store cross-artifact plane result: {error:?}"))
     |

warning: unnecessary qualification
    --> crates/engine/src/application/cluster_coordinator/admission.rs:1808:21
     |
1808 |                     std::io::Error::other(format!("open cross-artifact plane result: {error:?}"))
     |                     ^^^^^^^^^^^^^^^^^^^^^
     |
help: remove the unnecessary path segments
     |
1808 -                     std::io::Error::other(format!("open cross-artifact plane result: {error:?}"))
1808 +                     io::Error::other(format!("open cross-artifact plane result: {error:?}"))
     |

warning: unnecessary qualification
    --> crates/engine/src/application/cluster_coordinator/admission.rs:1867:17
     |
1867 |                 std::io::Error::other(format!("store incomplete plane closure: {error:?}"))
     |                 ^^^^^^^^^^^^^^^^^^^^^
     |
help: remove the unnecessary path segments
     |
1867 -                 std::io::Error::other(format!("store incomplete plane closure: {error:?}"))
1867 +                 io::Error::other(format!("store incomplete plane closure: {error:?}"))
     |

warning: unnecessary qualification
    --> crates/engine/src/application/cluster_coordinator/admission.rs:1873:21
     |
1873 |                     std::io::Error::other(format!("open incomplete plane closure: {error:?}"))
     |                     ^^^^^^^^^^^^^^^^^^^^^
     |
help: remove the unnecessary path segments
     |
1873 -                     std::io::Error::other(format!("open incomplete plane closure: {error:?}"))
1873 +                     io::Error::other(format!("open incomplete plane closure: {error:?}"))
     |

warning: unnecessary qualification
    --> crates/engine/src/application/cluster_coordinator/admission.rs:1940:21
     |
1940 |                     std::io::Error::other(format!("store mutated result closure: {error:?}"))
     |                     ^^^^^^^^^^^^^^^^^^^^^
     |
help: remove the unnecessary path segments
     |
1940 -                     std::io::Error::other(format!("store mutated result closure: {error:?}"))
1940 +                     io::Error::other(format!("store mutated result closure: {error:?}"))
     |

warning: unnecessary qualification
    --> crates/engine/src/application/cluster_coordinator/admission.rs:1943:13
     |
1943 |             std::io::Error::other(format!("open mutated result closure: {error:?}"))
     |             ^^^^^^^^^^^^^^^^^^^^^
     |
help: remove the unnecessary path segments
     |
1943 -             std::io::Error::other(format!("open mutated result closure: {error:?}"))
1943 +             io::Error::other(format!("open mutated result closure: {error:?}"))
     |

warning: unnecessary qualification
    --> crates/engine/src/application/cluster_coordinator/admission.rs:1966:34
     |
1966 |         fn new() -> Result<Self, std::io::Error> {
     |                                  ^^^^^^^^^^^^^^
     |
help: remove the unnecessary path segments
     |
1966 -         fn new() -> Result<Self, std::io::Error> {
1966 +         fn new() -> Result<Self, io::Error> {
     |

warning: unnecessary qualification
    --> crates/engine/src/application/cluster_coordinator/admission.rs:1969:26
     |
1969 |                 .map_err(std::io::Error::other)?
     |                          ^^^^^^^^^^^^^^^^^^^^^
     |
help: remove the unnecessary path segments
     |
1969 -                 .map_err(std::io::Error::other)?
1969 +                 .map_err(io::Error::other)?
     |

warning: unnecessary qualification
    --> crates/engine/src/application/cluster_coordinator/admission.rs:2038:30
     |
2038 |             .map_err(|error| std::io::Error::other(format!("build result closure: {error:?}")))
     |                              ^^^^^^^^^^^^^^^^^^^^^
     |
help: remove the unnecessary path segments
     |
2038 -             .map_err(|error| std::io::Error::other(format!("build result closure: {error:?}")))
2038 +             .map_err(|error| io::Error::other(format!("build result closure: {error:?}")))
     |

warning: unnecessary qualification
    --> crates/engine/src/application/cluster_coordinator/admission.rs:2171:13
     |
2171 |             std::io::Error::other(format!("rebuild semantic generation: {error:?}"))
     |             ^^^^^^^^^^^^^^^^^^^^^
     |
help: remove the unnecessary path segments
     |
2171 -             std::io::Error::other(format!("rebuild semantic generation: {error:?}"))
2171 +             io::Error::other(format!("rebuild semantic generation: {error:?}"))
     |

warning: unnecessary qualification
    --> crates/engine/src/application/cluster_coordinator/result_wire.rs:1618:28
     |
1618 |             member_slots * std::mem::size_of::<super::CompilerResultMemberV1>() < 16 * 1024 * 1024,
     |                            ^^^^^^^^^^^^^^^^^^^^^^^^^^^^^^^^^^^^^^^^^^^^^^^^^^
     |
help: remove the unnecessary path segments
     |
1618 -             member_slots * std::mem::size_of::<super::CompilerResultMemberV1>() < 16 * 1024 * 1024,
1618 +             member_slots * size_of::<super::CompilerResultMemberV1>() < 16 * 1024 * 1024,
     |

warning: unnecessary qualification
    --> crates/engine/src/application/compiler.rs:1782:15
     |
1782 |     deadline: std::time::Instant,
     |               ^^^^^^^^^^^^^^^^^^
     |
help: remove the unnecessary path segments
     |
1782 -     deadline: std::time::Instant,
1782 +     deadline: Instant,
     |

warning: unused imports: `AtomicBool` and `Ordering`
    --> crates/engine/src/application/compiler.rs:4535:22
     |
4535 |             atomic::{AtomicBool, Ordering},
     |                      ^^^^^^^^^^  ^^^^^^^^

warning: unnecessary qualification
    --> crates/engine/src/application/compiler.rs:4699:22
     |
4699 | ...   let target = backend_version::ContentId::<backend_version::CompilationTargetDomain>::from_canonical_bytes(b"cancelled-ts-tar...
     |                    ^^^^^^^^^^^^^^^^^^^^^^^^^^^^^^^^^^^^^^^^^^^^^^^^^^^^^^^^^^^^^^^^^^^^^^^^^^^^^^^^^^^^^^^^^^^^
     |
help: remove the unnecessary path segments
     |
4699 -         let target = backend_version::ContentId::<backend_version::CompilationTargetDomain>::from_canonical_bytes(b"cancelled-ts-target");
4699 +         let target = ContentId::<backend_version::CompilationTargetDomain>::from_canonical_bytes(b"cancelled-ts-target");
     |

warning: unnecessary qualification
    --> crates/engine/src/application/embedding_provision.rs:1350:17
     |
1350 |         assert!(std::sync::Arc::ptr_eq(
     |                 ^^^^^^^^^^^^^^^^^^^^^^
     |
help: remove the unnecessary path segments
     |
1350 -         assert!(std::sync::Arc::ptr_eq(
1350 +         assert!(Arc::ptr_eq(
     |

warning: unnecessary qualification
    --> crates/engine/src/application/runtime.rs:5414:30
     |
5414 |                 let result = std::panic::catch_unwind(AssertUnwindSafe(|| {
     |                              ^^^^^^^^^^^^^^^^^^^^^^^^
     |
help: remove the unnecessary path segments
     |
5414 -                 let result = std::panic::catch_unwind(AssertUnwindSafe(|| {
5414 +                 let result = catch_unwind(AssertUnwindSafe(|| {
     |

warning: unnecessary qualification
   --> crates/engine/src/application/terminal/native.rs:456:23
    |
456 |         let failure = crate::driver::CompileFailure::ExtensionAtomUnbound {
    |                       ^^^^^^^^^^^^^^^^^^^^^^^^^^^^^^^^^^^^^^^^^^^^^^^^^^^
    |
help: remove the unnecessary path segments
    |
456 -         let failure = crate::driver::CompileFailure::ExtensionAtomUnbound {
456 +         let failure = CompileFailure::ExtensionAtomUnbound {
    |

warning: unnecessary qualification
   --> crates/engine/src/application/terminal/native.rs:463:36
    |
463 |         let cause = lowering_cause(super::compile_terminal(failure))?;
    |                                    ^^^^^^^^^^^^^^^^^^^^^^^
    |
help: remove the unnecessary path segments
    |
463 -         let cause = lowering_cause(super::compile_terminal(failure))?;
463 +         let cause = lowering_cause(compile_terminal(failure))?;
    |

warning: unnecessary qualification
   --> crates/engine/src/application/terminal/native.rs:481:23
    |
481 |         let failure = crate::driver::CompileFailure::LoweringUnsupported {
    |                       ^^^^^^^^^^^^^^^^^^^^^^^^^^^^^^^^^^^^^^^^^^^^^^^^^^
    |
help: remove the unnecessary path segments
    |
481 -         let failure = crate::driver::CompileFailure::LoweringUnsupported {
481 +         let failure = CompileFailure::LoweringUnsupported {
    |

warning: unnecessary qualification
   --> crates/engine/src/application/terminal/native.rs:490:36
    |
490 |         let cause = lowering_cause(super::compile_terminal(failure))?;
    |                                    ^^^^^^^^^^^^^^^^^^^^^^^
    |
help: remove the unnecessary path segments
    |
490 -         let cause = lowering_cause(super::compile_terminal(failure))?;
490 +         let cause = lowering_cause(compile_terminal(failure))?;
    |

warning: unnecessary qualification
    --> crates/engine/src/application/typescript_host.rs:4332:17
     |
4332 |             Err(crate::driver::ToolchainResolutionError::CompilerModuleMismatch)
     |                 ^^^^^^^^^^^^^^^^^^^^^^^^^^^^^^^^^^^^^^^^^^^^^^^^^^^^^^^^^^^^^^^
     |
help: remove the unnecessary path segments
     |
4332 -             Err(crate::driver::ToolchainResolutionError::CompilerModuleMismatch)
4332 +             Err(ToolchainResolutionError::CompilerModuleMismatch)
     |

warning: unnecessary qualification
    --> crates/engine/src/application/typescript_host.rs:4344:29
     |
4344 |                     source: crate::driver::ToolchainResolutionError::CompilerModuleMismatch
     |                             ^^^^^^^^^^^^^^^^^^^^^^^^^^^^^^^^^^^^^^^^^^^^^^^^^^^^^^^^^^^^^^^
     |
help: remove the unnecessary path segments
     |
4344 -                     source: crate::driver::ToolchainResolutionError::CompilerModuleMismatch
4344 +                     source: ToolchainResolutionError::CompilerModuleMismatch
     |

warning: unused import: `std::path::PathBuf`
    --> crates/engine/src/application/unit_authority_v2.rs:1499:13
     |
1499 |         use std::path::PathBuf;
     |             ^^^^^^^^^^^^^^^^^^

warning: unnecessary parentheses around function argument
    --> crates/engine/src/builtin/file_facts_relation.rs:2017:41
     |
2017 |         let source = tsx_catalog_source((0..900), false);
     |                                         ^      ^
     |
     = note: `#[warn(unused_parens)]` (part of `#[warn(unused)]`) on by default
help: remove these parentheses
     |
2017 -         let source = tsx_catalog_source((0..900), false);
2017 +         let source = tsx_catalog_source(0..900, false);
     |

warning: unnecessary parentheses around function argument
    --> crates/engine/src/builtin/file_facts_relation.rs:2037:50
     |
2037 |         let prefixed_source = tsx_catalog_source((0..900), true);
     |                                                  ^      ^
     |
help: remove these parentheses
     |
2037 -         let prefixed_source = tsx_catalog_source((0..900), true);
2037 +         let prefixed_source = tsx_catalog_source(0..900, true);
     |

warning: unnecessary qualification
    --> crates/engine/src/builtin/relation.rs:3234:13
     |
3234 |             super::ProductProjectFileMembership::Inline(keys.as_slice())
     |             ^^^^^^^^^^^^^^^^^^^^^^^^^^^^^^^^^^^^^^^^^^^
     |
help: remove the unnecessary path segments
     |
3234 -             super::ProductProjectFileMembership::Inline(keys.as_slice())
3234 +             ProductProjectFileMembership::Inline(keys.as_slice())
     |

warning: unnecessary qualification
   --> crates/engine/src/compiler_read_observation_v2.rs:629:13
    |
629 |             crate::compiler_attempt_v2::CompilationAttemptId::mint().expect("attempt identity"),
    |             ^^^^^^^^^^^^^^^^^^^^^^^^^^^^^^^^^^^^^^^^^^^^^^^^^^^^^^
    |
help: remove the unnecessary path segments
    |
629 -             crate::compiler_attempt_v2::CompilationAttemptId::mint().expect("attempt identity"),
629 +             CompilationAttemptId::mint().expect("attempt identity"),
    |

warning: unnecessary qualification
   --> crates/engine/src/compiler_read_observation_v2.rs:636:13
    |
636 |             crate::compiler_attempt_v2::CompilationAttemptId::mint().expect("attempt identity");
    |             ^^^^^^^^^^^^^^^^^^^^^^^^^^^^^^^^^^^^^^^^^^^^^^^^^^^^^^
    |
help: remove the unnecessary path segments
    |
636 -             crate::compiler_attempt_v2::CompilationAttemptId::mint().expect("attempt identity");
636 +             CompilationAttemptId::mint().expect("attempt identity");
    |

warning: unnecessary qualification
   --> crates/engine/src/compiler_read_observation_v2.rs:779:13
    |
779 |             crate::compiler_attempt_v2::CompilationAttemptId::mint().expect("attempt identity");
    |             ^^^^^^^^^^^^^^^^^^^^^^^^^^^^^^^^^^^^^^^^^^^^^^^^^^^^^^
    |
help: remove the unnecessary path segments
    |
779 -             crate::compiler_attempt_v2::CompilationAttemptId::mint().expect("attempt identity");
779 +             CompilationAttemptId::mint().expect("attempt identity");
    |

warning: unnecessary qualification
    --> crates/engine/src/driver/lower/csharp.rs:4808:38
     |
4808 |                 if rejection.fact == crate::driver::lower::MAX_EMISSION_FACTS
     |                                      ^^^^^^^^^^^^^^^^^^^^^^^^^^^^^^^^^^^^^^^^
     |
help: remove the unnecessary path segments
     |
4808 -                 if rejection.fact == crate::driver::lower::MAX_EMISSION_FACTS
4808 +                 if rejection.fact == MAX_EMISSION_FACTS
     |

warning: unnecessary qualification
    --> crates/engine/src/driver/lower/go.rs:4955:17
     |
4955 |     ) -> Result<backend_semantic::ir::GoFacts, TestError> {
     |                 ^^^^^^^^^^^^^^^^^^^^^^^^^^^^^
     |
help: remove the unnecessary path segments
     |
4955 -     ) -> Result<backend_semantic::ir::GoFacts, TestError> {
4955 +     ) -> Result<GoFacts, TestError> {
     |

warning: unnecessary qualification
    --> crates/engine/src/driver/lower/java.rs:3051:35
     |
3051 |             LanguageProfile::Java(backend_semantic::vocabulary::JavaRelease::Java21),
     |                                   ^^^^^^^^^^^^^^^^^^^^^^^^^^^^^^^^^^^^^^^^^^^^^^^^^
     |
help: remove the unnecessary path segments
     |
3051 -             LanguageProfile::Java(backend_semantic::vocabulary::JavaRelease::Java21),
3051 +             LanguageProfile::Java(JavaRelease::Java21),
     |

warning: unnecessary qualification
    --> crates/engine/src/driver/lower/java.rs:3081:35
     |
3081 |             LanguageProfile::Java(backend_semantic::vocabulary::JavaRelease::Java21),
     |                                   ^^^^^^^^^^^^^^^^^^^^^^^^^^^^^^^^^^^^^^^^^^^^^^^^^
     |
help: remove the unnecessary path segments
     |
3081 -             LanguageProfile::Java(backend_semantic::vocabulary::JavaRelease::Java21),
3081 +             LanguageProfile::Java(JavaRelease::Java21),
     |

warning: unnecessary qualification
    --> crates/engine/src/driver/lower/java.rs:3089:39
     |
3089 |                 LanguageProfile::Java(backend_semantic::vocabulary::JavaRelease::Java21),
     |                                       ^^^^^^^^^^^^^^^^^^^^^^^^^^^^^^^^^^^^^^^^^^^^^^^^^
     |
help: remove the unnecessary path segments
     |
3089 -                 LanguageProfile::Java(backend_semantic::vocabulary::JavaRelease::Java21),
3089 +                 LanguageProfile::Java(JavaRelease::Java21),
     |

warning: unnecessary qualification
    --> crates/engine/src/driver/lower/java.rs:3393:22
     |
3393 |             |entity: backend_semantic::ir::EntityId| -> Result<Vec<Vec<u8>>, TestError> {
     |                      ^^^^^^^^^^^^^^^^^^^^^^^^^^^^^^
     |
help: remove the unnecessary path segments
     |
3393 -             |entity: backend_semantic::ir::EntityId| -> Result<Vec<Vec<u8>>, TestError> {
3393 +             |entity: EntityId| -> Result<Vec<Vec<u8>>, TestError> {
     |

warning: unnecessary qualification
    --> crates/engine/src/driver/lower/java.rs:4381:25
     |
4381 |         for index in 0..crate::driver::lower::MAX_EMISSION_FACTS + 1 {
     |                         ^^^^^^^^^^^^^^^^^^^^^^^^^^^^^^^^^^^^^^^^
     |
help: remove the unnecessary path segments
     |
4381 -         for index in 0..crate::driver::lower::MAX_EMISSION_FACTS + 1 {
4381 +         for index in 0..MAX_EMISSION_FACTS + 1 {
     |

warning: unnecessary qualification
    --> crates/engine/src/driver/lower/java.rs:4399:38
     |
4399 |                 if rejection.fact == crate::driver::lower::MAX_EMISSION_FACTS
     |                                      ^^^^^^^^^^^^^^^^^^^^^^^^^^^^^^^^^^^^^^^^
     |
help: remove the unnecessary path segments
     |
4399 -                 if rejection.fact == crate::driver::lower::MAX_EMISSION_FACTS
4399 +                 if rejection.fact == MAX_EMISSION_FACTS
     |

warning: unnecessary qualification
    --> crates/engine/src/driver/lower/java.rs:4419:17
     |
4419 |             != (backend_semantic::vocabulary::JavaProjectionFault::Utf16Offset {
     |                 ^^^^^^^^^^^^^^^^^^^^^^^^^^^^^^^^^^^^^^^^^^^^^^^^^^^^^^^^^^^^^^
     |
help: remove the unnecessary path segments
     |
4419 -             != (backend_semantic::vocabulary::JavaProjectionFault::Utf16Offset {
4419 +             != (JavaProjectionFault::Utf16Offset {
     |

warning: unnecessary qualification
    --> crates/engine/src/driver/lower/java.rs:4436:22
     |
4436 |         if fault != (backend_semantic::vocabulary::JavaProjectionFault::Primitive { type_row: 17 })
     |                      ^^^^^^^^^^^^^^^^^^^^^^^^^^^^^^^^^^^^^^^^^^^^^^^^^^^^^^^^^^^^
     |
help: remove the unnecessary path segments
     |
4436 -         if fault != (backend_semantic::vocabulary::JavaProjectionFault::Primitive { type_row: 17 })
4436 +         if fault != (JavaProjectionFault::Primitive { type_row: 17 })
     |

warning: unnecessary qualification
    --> crates/engine/src/driver/lower/java.rs:4446:22
     |
4446 |         if fault != (backend_semantic::vocabulary::JavaProjectionFault::Depth { type_row: 23 }) {
     |                      ^^^^^^^^^^^^^^^^^^^^^^^^^^^^^^^^^^^^^^^^^^^^^^^^^^^^^^^^
     |
help: remove the unnecessary path segments
     |
4446 -         if fault != (backend_semantic::vocabulary::JavaProjectionFault::Depth { type_row: 23 }) {
4446 +         if fault != (JavaProjectionFault::Depth { type_row: 23 }) {
     |

warning: unnecessary qualification
    --> crates/engine/src/driver/lower/java.rs:4459:17
     |
4459 |             != (backend_semantic::vocabulary::JavaProjectionFault::MalformedType {
     |                 ^^^^^^^^^^^^^^^^^^^^^^^^^^^^^^^^^^^^^^^^^^^^^^^^^^^^^^^^^^^^^^^^
     |
help: remove the unnecessary path segments
     |
4459 -             != (backend_semantic::vocabulary::JavaProjectionFault::MalformedType {
4459 +             != (JavaProjectionFault::MalformedType {
     |

warning: unnecessary qualification
    --> crates/engine/src/driver/lower/java.rs:4461:23
     |
4461 |                 kind: backend_semantic::vocabulary::JavaProjectionTypeKind::Array,
     |                       ^^^^^^^^^^^^^^^^^^^^^^^^^^^^^^^^^^^^^^^^^^^^^^^^^^^^^^^^^^^
     |
help: remove the unnecessary path segments
     |
4461 -                 kind: backend_semantic::vocabulary::JavaProjectionTypeKind::Array,
4461 +                 kind: JavaProjectionTypeKind::Array,
     |

warning: unnecessary qualification
    --> crates/engine/src/driver/lower/java.rs:4485:21
     |
4485 |         let owner = backend_frontend_java::legacy::JavaAuthorityImage::open(&bytes)
     |                     ^^^^^^^^^^^^^^^^^^^^^^^^^^^^^^^^^^^^^^^^^^^^^^^^^^^^^^^
     |
help: remove the unnecessary path segments
     |
4485 -         let owner = backend_frontend_java::legacy::JavaAuthorityImage::open(&bytes)
4485 +         let owner = JavaAuthorityImage::open(&bytes)
     |

warning: unnecessary qualification
    --> crates/engine/src/driver/lower/java.rs:4499:22
     |
4499 |         if fault != (backend_semantic::vocabulary::JavaProjectionFault::OrphanOwner { owner: 0 }) {
     |                      ^^^^^^^^^^^^^^^^^^^^^^^^^^^^^^^^^^^^^^^^^^^^^^^^^^^^^^^^^^^^^^
     |
help: remove the unnecessary path segments
     |
4499 -         if fault != (backend_semantic::vocabulary::JavaProjectionFault::OrphanOwner { owner: 0 }) {
4499 +         if fault != (JavaProjectionFault::OrphanOwner { owner: 0 }) {
     |

warning: unnecessary qualification
    --> crates/engine/src/driver/lower/java.rs:4506:23
     |
4506 |                 atom: backend_semantic::vocabulary::JavaSymbolAtom::Name,
     |                       ^^^^^^^^^^^^^^^^^^^^^^^^^^^^^^^^^^^^^^^^^^^^^^^^^^
     |
help: remove the unnecessary path segments
     |
4506 -                 atom: backend_semantic::vocabulary::JavaSymbolAtom::Name,
4506 +                 atom: JavaSymbolAtom::Name,
     |

warning: unnecessary qualification
    --> crates/engine/src/driver/lower/java.rs:4512:17
     |
4512 |             != (backend_semantic::vocabulary::JavaProjectionFault::AtomUtf8 {
     |                 ^^^^^^^^^^^^^^^^^^^^^^^^^^^^^^^^^^^^^^^^^^^^^^^^^^^^^^^^^^^
     |
help: remove the unnecessary path segments
     |
4512 -             != (backend_semantic::vocabulary::JavaProjectionFault::AtomUtf8 {
4512 +             != (JavaProjectionFault::AtomUtf8 {
     |

warning: unnecessary qualification
    --> crates/engine/src/driver/lower/java.rs:4514:23
     |
4514 |                 atom: backend_semantic::vocabulary::JavaSymbolAtom::Name,
     |                       ^^^^^^^^^^^^^^^^^^^^^^^^^^^^^^^^^^^^^^^^^^^^^^^^^^
     |
help: remove the unnecessary path segments
     |
4514 -                 atom: backend_semantic::vocabulary::JavaSymbolAtom::Name,
4514 +                 atom: JavaSymbolAtom::Name,
     |

warning: unnecessary qualification
    --> crates/engine/src/driver/lower/java.rs:4535:17
     |
4535 |             != (backend_semantic::vocabulary::JavaProjectionFault::Image {
     |                 ^^^^^^^^^^^^^^^^^^^^^^^^^^^^^^^^^^^^^^^^^^^^^^^^^^^^^^^^
     |
help: remove the unnecessary path segments
     |
4535 -             != (backend_semantic::vocabulary::JavaProjectionFault::Image {
4535 +             != (JavaProjectionFault::Image {
     |

warning: unnecessary qualification
    --> crates/engine/src/driver/lower/java.rs:4536:24
     |
4536 |                 cause: backend_semantic::vocabulary::JavaImageFault::ChildRange {
     |                        ^^^^^^^^^^^^^^^^^^^^^^^^^^^^^^^^^^^^^^^^^^^^^^^^^^^^^^^^
     |
help: remove the unnecessary path segments
     |
4536 -                 cause: backend_semantic::vocabulary::JavaImageFault::ChildRange {
4536 +                 cause: JavaImageFault::ChildRange {
     |

warning: unnecessary qualification
    --> crates/engine/src/driver/lower/java.rs:4537:28
     |
4537 |                     plane: backend_semantic::vocabulary::JavaImagePlane::TypeChildren,
     |                            ^^^^^^^^^^^^^^^^^^^^^^^^^^^^^^^^^^^^^^^^^^^^^^^^^^^^^^^^^^
     |
help: remove the unnecessary path segments
     |
4537 -                     plane: backend_semantic::vocabulary::JavaImagePlane::TypeChildren,
4537 +                     plane: JavaImagePlane::TypeChildren,
     |

warning: unnecessary qualification
    --> crates/engine/src/driver/lower/java.rs:4556:17
     |
4556 |             != (backend_semantic::vocabulary::JavaProjectionFault::Image {
     |                 ^^^^^^^^^^^^^^^^^^^^^^^^^^^^^^^^^^^^^^^^^^^^^^^^^^^^^^^^
     |
help: remove the unnecessary path segments
     |
4556 -             != (backend_semantic::vocabulary::JavaProjectionFault::Image {
4556 +             != (JavaProjectionFault::Image {
     |

warning: unnecessary qualification
    --> crates/engine/src/driver/lower/java.rs:4557:24
     |
4557 |                 cause: backend_semantic::vocabulary::JavaImageFault::Header {
     |                        ^^^^^^^^^^^^^^^^^^^^^^^^^^^^^^^^^^^^^^^^^^^^^^^^^^^^
     |
help: remove the unnecessary path segments
     |
4557 -                 cause: backend_semantic::vocabulary::JavaImageFault::Header {
4557 +                 cause: JavaImageFault::Header {
     |

warning: unnecessary qualification
    --> crates/engine/src/driver/lower/java.rs:4558:28
     |
4558 |                     cause: backend_semantic::vocabulary::JavaImageHeaderFault::BodyLength {
     |                            ^^^^^^^^^^^^^^^^^^^^^^^^^^^^^^^^^^^^^^^^^^^^^^^^^^^^^^^^^^^^^^
     |
help: remove the unnecessary path segments
     |
4558 -                     cause: backend_semantic::vocabulary::JavaImageHeaderFault::BodyLength {
4558 +                     cause: JavaImageHeaderFault::BodyLength {
     |

warning: unnecessary qualification
    --> crates/engine/src/driver/lower/java.rs:4580:17
     |
4580 |             != (backend_semantic::vocabulary::JavaProjectionFault::IndexCapacity {
     |                 ^^^^^^^^^^^^^^^^^^^^^^^^^^^^^^^^^^^^^^^^^^^^^^^^^^^^^^^^^^^^^^^^
     |
help: remove the unnecessary path segments
     |
4580 -             != (backend_semantic::vocabulary::JavaProjectionFault::IndexCapacity {
4580 +             != (JavaProjectionFault::IndexCapacity {
     |

warning: unnecessary qualification
    --> crates/engine/src/driver/lower/java.rs:4581:24
     |
4581 |                 phase: backend_semantic::vocabulary::JavaProjectionIndexPhase::FactOrdinal,
     |                        ^^^^^^^^^^^^^^^^^^^^^^^^^^^^^^^^^^^^^^^^^^^^^^^^^^^^^^^^^^^^^^^^^^^
     |
help: remove the unnecessary path segments
     |
4581 -                 phase: backend_semantic::vocabulary::JavaProjectionIndexPhase::FactOrdinal,
4581 +                 phase: JavaProjectionIndexPhase::FactOrdinal,
     |

warning: unnecessary qualification
    --> crates/engine/src/driver/lower/java.rs:4598:17
     |
4598 |             != (backend_semantic::vocabulary::JavaProjectionFault::ForeignKey {
     |                 ^^^^^^^^^^^^^^^^^^^^^^^^^^^^^^^^^^^^^^^^^^^^^^^^^^^^^^^^^^^^^
     |
help: remove the unnecessary path segments
     |
4598 -             != (backend_semantic::vocabulary::JavaProjectionFault::ForeignKey {
4598 +             != (JavaProjectionFault::ForeignKey {
     |

warning: unnecessary qualification
    --> crates/engine/src/driver/lower/java.rs:4599:24
     |
4599 |                 cause: backend_semantic::vocabulary::JavaForeignKeyFault::BackslashInPath,
     |                        ^^^^^^^^^^^^^^^^^^^^^^^^^^^^^^^^^^^^^^^^^^^^^^^^^^^^^^^^^^^^^^^^^^
     |
help: remove the unnecessary path segments
     |
4599 -                 cause: backend_semantic::vocabulary::JavaForeignKeyFault::BackslashInPath,
4599 +                 cause: JavaForeignKeyFault::BackslashInPath,
     |

warning: unnecessary qualification
    --> crates/engine/src/driver/lower/rust.rs:4810:17
     |
4810 |         record: backend_semantic::ir::SemanticTypeRecord<'_>,
     |                 ^^^^^^^^^^^^^^^^^^^^^^^^^^^^^^^^^^^^^^^^^^^^
     |
help: remove the unnecessary path segments
     |
4810 -         record: backend_semantic::ir::SemanticTypeRecord<'_>,
4810 +         record: SemanticTypeRecord<'_>,
     |

warning: unnecessary qualification
    --> crates/engine/src/driver/lower/rust.rs:4947:43
     |
4947 |             || f32_row.record.payload1 != backend_semantic::ir::TypeWidth::Fixed(32).to_cell()
     |                                           ^^^^^^^^^^^^^^^^^^^^^^^^^^^^^^^^^^^^^^
     |
help: remove the unnecessary path segments
     |
4947 -             || f32_row.record.payload1 != backend_semantic::ir::TypeWidth::Fixed(32).to_cell()
4947 +             || f32_row.record.payload1 != TypeWidth::Fixed(32).to_cell()
     |

warning: unnecessary qualification
    --> crates/engine/src/driver/lower/rust.rs:4980:43
     |
4980 |                 != Some(NominalRef::Local(backend_semantic::ir::EntityId::new(
     |                                           ^^^^^^^^^^^^^^^^^^^^^^^^^^^^^^^^^^^
     |
help: remove the unnecessary path segments
     |
4980 -                 != Some(NominalRef::Local(backend_semantic::ir::EntityId::new(
4980 +                 != Some(NominalRef::Local(EntityId::new(
     |

warning: unnecessary qualification
    --> crates/engine/src/driver/lower/rust.rs:5043:43
     |
5043 |                 != Some(NominalRef::Local(backend_semantic::ir::EntityId::new(cafe)))
     |                                           ^^^^^^^^^^^^^^^^^^^^^^^^^^^^^^^^^^^
     |
help: remove the unnecessary path segments
     |
5043 -                 != Some(NominalRef::Local(backend_semantic::ir::EntityId::new(cafe)))
5043 +                 != Some(NominalRef::Local(EntityId::new(cafe)))
     |

warning: unnecessary qualification
    --> crates/engine/src/driver/lower/rust.rs:5231:40
     |
5231 |             != OccurrenceTarget::Local(backend_semantic::ir::EntityId::new(service))
     |                                        ^^^^^^^^^^^^^^^^^^^^^^^^^^^^^^^^^^^
     |
help: remove the unnecessary path segments
     |
5231 -             != OccurrenceTarget::Local(backend_semantic::ir::EntityId::new(service))
5231 +             != OccurrenceTarget::Local(EntityId::new(service))
     |

warning: unnecessary qualification
    --> crates/engine/src/driver/lower/rust.rs:5282:55
     |
5282 |         if access.1.target != OccurrenceTarget::Local(backend_semantic::ir::EntityId::new(score))
     |                                                       ^^^^^^^^^^^^^^^^^^^^^^^^^^^^^^^^^^^
     |
help: remove the unnecessary path segments
     |
5282 -         if access.1.target != OccurrenceTarget::Local(backend_semantic::ir::EntityId::new(score))
5282 +         if access.1.target != OccurrenceTarget::Local(EntityId::new(score))
     |

warning: unnecessary qualification
    --> crates/engine/src/driver/lower/rust.rs:5322:39
     |
5322 |             != Some(NominalRef::Local(backend_semantic::ir::EntityId::new(
     |                                       ^^^^^^^^^^^^^^^^^^^^^^^^^^^^^^^^^^^
     |
help: remove the unnecessary path segments
     |
5322 -             != Some(NominalRef::Local(backend_semantic::ir::EntityId::new(
5322 +             != Some(NominalRef::Local(EntityId::new(
     |

warning: unnecessary qualification
    --> crates/engine/src/driver/lower/rust.rs:5463:17
     |
5463 |                 backend_semantic::vocabulary::LoweringUnsupported::FactRejected { fact, .. },
     |                 ^^^^^^^^^^^^^^^^^^^^^^^^^^^^^^^^^^^^^^^^^^^^^^^^^^^^^^^^^^^^^^^
     |
help: remove the unnecessary path segments
     |
5463 -                 backend_semantic::vocabulary::LoweringUnsupported::FactRejected { fact, .. },
5463 +                 LoweringUnsupported::FactRejected { fact, .. },
     |

warning: unnecessary qualification
    --> crates/engine/src/driver/lower/rust.rs:5465:20
     |
5465 |                 == crate::driver::lower::portable_count(
     |                    ^^^^^^^^^^^^^^^^^^^^^^^^^^^^^^^^^^^^
     |
help: remove the unnecessary path segments
     |
5465 -                 == crate::driver::lower::portable_count(
5465 +                 == portable_count(
     |

warning: unnecessary qualification
    --> crates/engine/src/driver/lower/rust.rs:5633:55
     |
5633 |         if access.1.target != OccurrenceTarget::Local(backend_semantic::ir::EntityId::new(score))
     |                                                       ^^^^^^^^^^^^^^^^^^^^^^^^^^^^^^^^^^^
     |
help: remove the unnecessary path segments
     |
5633 -         if access.1.target != OccurrenceTarget::Local(backend_semantic::ir::EntityId::new(score))
5633 +         if access.1.target != OccurrenceTarget::Local(EntityId::new(score))
     |

warning: unnecessary qualification
    --> crates/engine/src/driver/lower/rust.rs:5698:53
     |
5698 |         if access.target != OccurrenceTarget::Local(backend_semantic::ir::EntityId::new(score))
     |                                                     ^^^^^^^^^^^^^^^^^^^^^^^^^^^^^^^^^^^
     |
help: remove the unnecessary path segments
     |
5698 -         if access.target != OccurrenceTarget::Local(backend_semantic::ir::EntityId::new(score))
5698 +         if access.target != OccurrenceTarget::Local(EntityId::new(score))
     |

warning: unnecessary qualification
    --> crates/engine/src/driver/lower/rust.rs:5722:13
     |
5722 |         let backend_semantic::ir::OccurrenceTarget::Foreign(key) = path.1.target else {
     |             ^^^^^^^^^^^^^^^^^^^^^^^^^^^^^^^^^^^^^^^^^^^^^^^
     |
help: remove the unnecessary path segments
     |
5722 -         let backend_semantic::ir::OccurrenceTarget::Foreign(key) = path.1.target else {
5722 +         let OccurrenceTarget::Foreign(key) = path.1.target else {
     |

warning: unnecessary qualification
    --> crates/engine/src/driver/lower/rust.rs:5727:13
     |
5727 |             backend_semantic::ir::ForeignOrigin::Universe { ecosystem: "cargo" }
     |             ^^^^^^^^^^^^^^^^^^^^^^^^^^^^^^^^^^^^^^^^^^^^^
     |
help: remove the unnecessary path segments
     |
5727 -             backend_semantic::ir::ForeignOrigin::Universe { ecosystem: "cargo" }
5727 +             ForeignOrigin::Universe { ecosystem: "cargo" }
     |

warning: unnecessary qualification
    --> crates/engine/src/driver/lower/rust.rs:5764:44
     |
5764 |                 != OccurrenceTarget::Local(backend_semantic::ir::EntityId::new(my_macro))
     |                                            ^^^^^^^^^^^^^^^^^^^^^^^^^^^^^^^^^^^
     |
help: remove the unnecessary path segments
     |
5764 -                 != OccurrenceTarget::Local(backend_semantic::ir::EntityId::new(my_macro))
5764 +                 != OccurrenceTarget::Local(EntityId::new(my_macro))
     |

warning: unnecessary qualification
    --> crates/engine/src/driver/lower/rust.rs:5798:13
     |
5798 |         let backend_semantic::ir::OccurrenceTarget::Foreign(key) = invocation.1.target else {
     |             ^^^^^^^^^^^^^^^^^^^^^^^^^^^^^^^^^^^^^^^^^^^^^^^
     |
help: remove the unnecessary path segments
     |
5798 -         let backend_semantic::ir::OccurrenceTarget::Foreign(key) = invocation.1.target else {
5798 +         let OccurrenceTarget::Foreign(key) = invocation.1.target else {
     |

warning: unnecessary qualification
    --> crates/engine/src/driver/lower/rust.rs:5803:13
     |
5803 |             backend_semantic::ir::ForeignOrigin::Universe { ecosystem: "cargo" }
     |             ^^^^^^^^^^^^^^^^^^^^^^^^^^^^^^^^^^^^^^^^^^^^^
     |
help: remove the unnecessary path segments
     |
5803 -             backend_semantic::ir::ForeignOrigin::Universe { ecosystem: "cargo" }
5803 +             ForeignOrigin::Universe { ecosystem: "cargo" }
     |

warning: unnecessary qualification
    --> crates/engine/src/driver/lower/rust.rs:5834:13
     |
5834 |         let backend_semantic::ir::OccurrenceTarget::Foreign(key) = invocation.1.target else {
     |             ^^^^^^^^^^^^^^^^^^^^^^^^^^^^^^^^^^^^^^^^^^^^^^^
     |
help: remove the unnecessary path segments
     |
5834 -         let backend_semantic::ir::OccurrenceTarget::Foreign(key) = invocation.1.target else {
5834 +         let OccurrenceTarget::Foreign(key) = invocation.1.target else {
     |

warning: unnecessary qualification
    --> crates/engine/src/driver/lower/rust.rs:5839:13
     |
5839 |             backend_semantic::ir::ForeignOrigin::Universe { ecosystem: "cargo" }
     |             ^^^^^^^^^^^^^^^^^^^^^^^^^^^^^^^^^^^^^^^^^^^^^
     |
help: remove the unnecessary path segments
     |
5839 -             backend_semantic::ir::ForeignOrigin::Universe { ecosystem: "cargo" }
5839 +             ForeignOrigin::Universe { ecosystem: "cargo" }
     |

warning: unnecessary qualification
     --> crates/engine/src/driver/lower/typescript.rs:12172:36
      |
12172 |         if matches!(observed_type, backend_semantic::ir::TypeExpr::Unknown(_)) {
      |                                    ^^^^^^^^^^^^^^^^^^^^^^^^^^^^^^^^^^^^^^^
      |
help: remove the unnecessary path segments
      |
12172 -         if matches!(observed_type, backend_semantic::ir::TypeExpr::Unknown(_)) {
12172 +         if matches!(observed_type, TypeExpr::Unknown(_)) {
      |

warning: unnecessary qualification
     --> crates/engine/src/driver/lower/typescript.rs:12196:18
      |
12196 |             Some(backend_semantic::ir::TypeExpr::Computed(
      |                  ^^^^^^^^^^^^^^^^^^^^^^^^^^^^^^^^^^^^^^^^
      |
help: remove the unnecessary path segments
      |
12196 -             Some(backend_semantic::ir::TypeExpr::Computed(
12196 +             Some(TypeExpr::Computed(
      |

warning: unnecessary qualification
     --> crates/engine/src/driver/lower/typescript.rs:12197:17
      |
12197 |                 backend_semantic::ir::ComputedType::Mapped { .. }
      |                 ^^^^^^^^^^^^^^^^^^^^^^^^^^^^^^^^^^^^^^^^^^
      |
help: remove the unnecessary path segments
      |
12197 -                 backend_semantic::ir::ComputedType::Mapped { .. }
12197 +                 ComputedType::Mapped { .. }
      |

warning: unnecessary qualification
     --> crates/engine/src/driver/lower/typescript.rs:12706:17
      |
12706 |             let backend_semantic::ir::OccurrenceTarget::Foreign(key) = occurrence.target else {
      |                 ^^^^^^^^^^^^^^^^^^^^^^^^^^^^^^^^^^^^^^^^^^^^^^^
      |
help: remove the unnecessary path segments
      |
12706 -             let backend_semantic::ir::OccurrenceTarget::Foreign(key) = occurrence.target else {
12706 +             let OccurrenceTarget::Foreign(key) = occurrence.target else {
      |

warning: unnecessary qualification
     --> crates/engine/src/driver/lower/typescript.rs:12725:35
      |
12725 |             if occurrence.kind != backend_semantic::ir::ReferenceKind::TypeReference {
      |                                   ^^^^^^^^^^^^^^^^^^^^^^^^^^^^^^^^^^^^^^^^^^^^^^^^^^
      |
help: remove the unnecessary path segments
      |
12725 -             if occurrence.kind != backend_semantic::ir::ReferenceKind::TypeReference {
12725 +             if occurrence.kind != ReferenceKind::TypeReference {
      |

warning: unnecessary qualification
     --> crates/engine/src/driver/lower/typescript.rs:12748:17
      |
12748 |             let backend_semantic::ir::OccurrenceTarget::Foreign(key) = occurrence.target else {
      |                 ^^^^^^^^^^^^^^^^^^^^^^^^^^^^^^^^^^^^^^^^^^^^^^^
      |
help: remove the unnecessary path segments
      |
12748 -             let backend_semantic::ir::OccurrenceTarget::Foreign(key) = occurrence.target else {
12748 +             let OccurrenceTarget::Foreign(key) = occurrence.target else {
      |

warning: unnecessary qualification
     --> crates/engine/src/driver/lower/typescript.rs:12825:35
      |
12825 |             if occurrence.kind != backend_semantic::ir::ReferenceKind::VariableUse {
      |                                   ^^^^^^^^^^^^^^^^^^^^^^^^^^^^^^^^^^^^^^^^^^^^^^^^
      |
help: remove the unnecessary path segments
      |
12825 -             if occurrence.kind != backend_semantic::ir::ReferenceKind::VariableUse {
12825 +             if occurrence.kind != ReferenceKind::VariableUse {
      |

warning: unnecessary qualification
     --> crates/engine/src/driver/lower/typescript.rs:12829:20
      |
12829 |                 != backend_semantic::ir::OccurrenceTarget::Local(
      |                    ^^^^^^^^^^^^^^^^^^^^^^^^^^^^^^^^^^^^^^^^^^^^^
      |
help: remove the unnecessary path segments
      |
12829 -                 != backend_semantic::ir::OccurrenceTarget::Local(
12829 +                 != OccurrenceTarget::Local(
      |

warning: unnecessary qualification
     --> crates/engine/src/driver/lower/typescript.rs:12830:21
      |
12830 |                     backend_semantic::ir::EntityId::new(second_value),
      |                     ^^^^^^^^^^^^^^^^^^^^^^^^^^^^^^^^^^^
      |
help: remove the unnecessary path segments
      |
12830 -                     backend_semantic::ir::EntityId::new(second_value),
12830 +                     EntityId::new(second_value),
      |

warning: unnecessary qualification
     --> crates/engine/src/driver/lower/typescript.rs:13045:13
      |
13045 |         let backend_semantic::ir::TypeExpr::Concrete(
      |             ^^^^^^^^^^^^^^^^^^^^^^^^^^^^^^^^^^^^^^^^
      |
help: remove the unnecessary path segments
      |
13045 -         let backend_semantic::ir::TypeExpr::Concrete(
13045 +         let TypeExpr::Concrete(
      |

warning: unnecessary qualification
     --> crates/engine/src/driver/lower/typescript.rs:13105:25
      |
13105 |                 != Some(backend_semantic::ir::TypeExpr::Concrete(
      |                         ^^^^^^^^^^^^^^^^^^^^^^^^^^^^^^^^^^^^^^^^
      |
help: remove the unnecessary path segments
      |
13105 -                 != Some(backend_semantic::ir::TypeExpr::Concrete(
13105 +                 != Some(TypeExpr::Concrete(
      |

warning: unnecessary qualification
     --> crates/engine/src/driver/lower/typescript.rs:13277:13
      |
13277 |             backend_semantic::ir::TypeExpr::Concrete(backend_semantic::ir::ConcreteType::Nominal(
      |             ^^^^^^^^^^^^^^^^^^^^^^^^^^^^^^^^^^^^^^^^
      |
help: remove the unnecessary path segments
      |
13277 -             backend_semantic::ir::TypeExpr::Concrete(backend_semantic::ir::ConcreteType::Nominal(
13277 +             TypeExpr::Concrete(backend_semantic::ir::ConcreteType::Nominal(
      |

warning: unnecessary qualification
     --> crates/engine/src/driver/lower/typescript.rs:13282:13
      |
13282 |             backend_semantic::ir::TypeExpr,
      |             ^^^^^^^^^^^^^^^^^^^^^^^^^^^^^^
      |
help: remove the unnecessary path segments
      |
13282 -             backend_semantic::ir::TypeExpr,
13282 +             TypeExpr,
      |

warning: unnecessary qualification
     --> crates/engine/src/driver/lower/typescript.rs:13291:17
      |
13291 |             let backend_semantic::ir::TypeExpr::Concrete(
      |                 ^^^^^^^^^^^^^^^^^^^^^^^^^^^^^^^^^^^^^^^^
      |
help: remove the unnecessary path segments
      |
13291 -             let backend_semantic::ir::TypeExpr::Concrete(
13291 +             let TypeExpr::Concrete(
      |

warning: unnecessary qualification
   --> crates/engine/src/driver/lower/tests.rs:450:17
    |
450 |         target: backend_semantic::ir::OccurrenceTarget::Foreign(backend_semantic::ir::ForeignKey {
    |                 ^^^^^^^^^^^^^^^^^^^^^^^^^^^^^^^^^^^^^^^^^^^^^^^
    |
help: remove the unnecessary path segments
    |
450 -         target: backend_semantic::ir::OccurrenceTarget::Foreign(backend_semantic::ir::ForeignKey {
450 +         target: OccurrenceTarget::Foreign(backend_semantic::ir::ForeignKey {
    |

warning: unnecessary qualification
   --> crates/engine/src/driver/lower/tests.rs:451:21
    |
451 |             origin: backend_semantic::ir::ForeignOrigin::Universe { ecosystem: "c" },
    |                     ^^^^^^^^^^^^^^^^^^^^^^^^^^^^^^^^^^^^^^^^^^^^^
    |
help: remove the unnecessary path segments
    |
451 -             origin: backend_semantic::ir::ForeignOrigin::Universe { ecosystem: "c" },
451 +             origin: ForeignOrigin::Universe { ecosystem: "c" },
    |

warning: unnecessary qualification
   --> crates/engine/src/driver/lower/tests.rs:456:15
    |
456 |         kind: backend_semantic::ir::ReferenceKind::VariableUse,
    |               ^^^^^^^^^^^^^^^^^^^^^^^^^^^^^^^^^^^^^^^^^^^^^^^^
    |
help: remove the unnecessary path segments
    |
456 -         kind: backend_semantic::ir::ReferenceKind::VariableUse,
456 +         kind: ReferenceKind::VariableUse,
    |

warning: unnecessary qualification
   --> crates/engine/src/driver/lower/tests.rs:457:21
    |
457 |         confidence: backend_semantic::ir::OccurrenceConfidence::Syntactic,
    |                     ^^^^^^^^^^^^^^^^^^^^^^^^^^^^^^^^^^^^^^^^^^^^^^^^^^^^^
    |
help: remove the unnecessary path segments
    |
457 -         confidence: backend_semantic::ir::OccurrenceConfidence::Syntactic,
457 +         confidence: OccurrenceConfidence::Syntactic,
    |

warning: unnecessary qualification
   --> crates/engine/src/driver/lower/tests.rs:458:15
    |
458 |         span: backend_semantic::ir::RelSpan { start: 0, end: 0 },
    |               ^^^^^^^^^^^^^^^^^^^^^^^^^^^^^
    |
help: remove the unnecessary path segments
    |
458 -         span: backend_semantic::ir::RelSpan { start: 0, end: 0 },
458 +         span: RelSpan { start: 0, end: 0 },
    |

warning: unnecessary qualification
    --> crates/engine/src/driver/lower/tests.rs:1238:17
     |
1238 |         target: backend_semantic::ir::OccurrenceTarget::Foreign(backend_semantic::ir::ForeignKey {
     |                 ^^^^^^^^^^^^^^^^^^^^^^^^^^^^^^^^^^^^^^^^^^^^^^^
     |
help: remove the unnecessary path segments
     |
1238 -         target: backend_semantic::ir::OccurrenceTarget::Foreign(backend_semantic::ir::ForeignKey {
1238 +         target: OccurrenceTarget::Foreign(backend_semantic::ir::ForeignKey {
     |

warning: unnecessary qualification
    --> crates/engine/src/driver/lower/tests.rs:1239:21
     |
1239 |             origin: backend_semantic::ir::ForeignOrigin::Universe {
     |                     ^^^^^^^^^^^^^^^^^^^^^^^^^^^^^^^^^^^^^^^^^^^^^
     |
help: remove the unnecessary path segments
     |
1239 -             origin: backend_semantic::ir::ForeignOrigin::Universe {
1239 +             origin: ForeignOrigin::Universe {
     |

warning: unnecessary qualification
    --> crates/engine/src/driver/lower/tests.rs:1246:15
     |
1246 |         kind: backend_semantic::ir::ReferenceKind::FunctionCall,
     |               ^^^^^^^^^^^^^^^^^^^^^^^^^^^^^^^^^^^^^^^^^^^^^^^^^
     |
help: remove the unnecessary path segments
     |
1246 -         kind: backend_semantic::ir::ReferenceKind::FunctionCall,
1246 +         kind: ReferenceKind::FunctionCall,
     |

warning: unnecessary qualification
    --> crates/engine/src/driver/lower/tests.rs:1247:21
     |
1247 |         confidence: backend_semantic::ir::OccurrenceConfidence::Syntactic,
     |                     ^^^^^^^^^^^^^^^^^^^^^^^^^^^^^^^^^^^^^^^^^^^^^^^^^^^^^
     |
help: remove the unnecessary path segments
     |
1247 -         confidence: backend_semantic::ir::OccurrenceConfidence::Syntactic,
1247 +         confidence: OccurrenceConfidence::Syntactic,
     |

warning: unnecessary qualification
    --> crates/engine/src/driver/lower/tests.rs:1248:15
     |
1248 |         span: backend_semantic::ir::RelSpan { start: 0, end: 0 },
     |               ^^^^^^^^^^^^^^^^^^^^^^^^^^^^^
     |
help: remove the unnecessary path segments
     |
1248 -         span: backend_semantic::ir::RelSpan { start: 0, end: 0 },
1248 +         span: RelSpan { start: 0, end: 0 },
     |

warning: unnecessary qualification
   --> crates/engine/src/forge/manifest.rs:460:22
    |
460 |         let files = [super::super::archive::ArchiveFile {
    |                      ^^^^^^^^^^^^^^^^^^^^^^^^^^^^^^^^^^
    |
help: remove the unnecessary path segments
    |
460 -         let files = [super::super::archive::ArchiveFile {
460 +         let files = [ArchiveFile {
    |

warning: unnecessary qualification
   --> crates/engine/src/forge/manifest.rs:474:13
    |
474 |             super::ForgeFact::Recorded(
    |             ^^^^^^^^^^^^^^^^^^^^^^^^^^
    |
help: remove the unnecessary path segments
    |
474 -             super::ForgeFact::Recorded(
474 +             ForgeFact::Recorded(
    |

warning: unnecessary qualification
   --> crates/engine/src/forge/manifest.rs:475:17
    |
475 |                 backend_library::ProductText::new("legacy-demo").expect("name")
    |                 ^^^^^^^^^^^^^^^^^^^^^^^^^^^^^^^^^
    |
help: remove the unnecessary path segments
    |
475 -                 backend_library::ProductText::new("legacy-demo").expect("name")
475 +                 ProductText::new("legacy-demo").expect("name")
    |

warning: unnecessary qualification
   --> crates/engine/src/forge/manifest.rs:480:13
    |
480 |             super::ForgeFact::Recorded(
    |             ^^^^^^^^^^^^^^^^^^^^^^^^^^
    |
help: remove the unnecessary path segments
    |
480 -             super::ForgeFact::Recorded(
480 +             ForgeFact::Recorded(
    |

warning: unnecessary qualification
   --> crates/engine/src/forge/manifest.rs:481:17
    |
481 |                 backend_library::ProductText::new("2.1.0").expect("version")
    |                 ^^^^^^^^^^^^^^^^^^^^^^^^^^^^^^^^^
    |
help: remove the unnecessary path segments
    |
481 -                 backend_library::ProductText::new("2.1.0").expect("version")
481 +                 ProductText::new("2.1.0").expect("version")
    |

warning: unnecessary qualification
   --> crates/engine/src/forge/manifest.rs:580:22
    |
580 |         let files = [super::super::archive::ArchiveFile {
    |                      ^^^^^^^^^^^^^^^^^^^^^^^^^^^^^^^^^^
    |
help: remove the unnecessary path segments
    |
580 -         let files = [super::super::archive::ArchiveFile {
580 +         let files = [ArchiveFile {
    |

warning: unnecessary qualification
  --> crates/engine/src/forge/tests.rs:90:36
   |
90 |             .set_read_timeout(Some(std::time::Duration::from_secs(10)))
   |                                    ^^^^^^^^^^^^^^^^^^^^^^^^^^^^^^
   |
help: remove the unnecessary path segments
   |
90 -             .set_read_timeout(Some(std::time::Duration::from_secs(10)))
90 +             .set_read_timeout(Some(Duration::from_secs(10)))
   |

warning: unnecessary qualification
   --> crates/engine/src/forge/tests.rs:161:47
    |
161 |                 Err(error) if error.kind() == std::io::ErrorKind::WouldBlock => {
    |                                               ^^^^^^^^^^^^^^^^^^^^^^^^^^^^^^
    |
help: remove the unnecessary path segments
    |
161 -                 Err(error) if error.kind() == std::io::ErrorKind::WouldBlock => {
161 +                 Err(error) if error.kind() == io::ErrorKind::WouldBlock => {
    |

warning: unnecessary qualification
   --> crates/engine/src/forge/tests.rs:164:47
    |
164 |                 Err(error) if error.kind() == std::io::ErrorKind::Interrupted => {
    |                                               ^^^^^^^^^^^^^^^^^^^^^^^^^^^^^^^
    |
help: remove the unnecessary path segments
    |
164 -                 Err(error) if error.kind() == std::io::ErrorKind::Interrupted => {
164 +                 Err(error) if error.kind() == io::ErrorKind::Interrupted => {
    |

warning: unnecessary qualification
   --> crates/engine/src/forge/tests.rs:447:56
    |
447 |             let deadline = std::time::Instant::now() + std::time::Duration::from_secs(10);
    |                                                        ^^^^^^^^^^^^^^^^^^^^^^^^^^^^^^
    |
help: remove the unnecessary path segments
    |
447 -             let deadline = std::time::Instant::now() + std::time::Duration::from_secs(10);
447 +             let deadline = std::time::Instant::now() + Duration::from_secs(10);
    |

warning: unnecessary qualification
   --> crates/engine/src/forge/tests.rs:452:31
    |
452 |                 thread::sleep(std::time::Duration::from_millis(5));
    |                               ^^^^^^^^^^^^^^^^^^^^^^^^^^^^^^^^
    |
help: remove the unnecessary path segments
    |
452 -                 thread::sleep(std::time::Duration::from_millis(5));
452 +                 thread::sleep(Duration::from_millis(5));
    |

warning: unnecessary qualification
   --> crates/engine/src/forge/tests.rs:778:42
    |
778 |     let _ = stream.set_read_timeout(Some(std::time::Duration::from_secs(30)));
    |                                          ^^^^^^^^^^^^^^^^^^^^^^^^^^^^^^
    |
help: remove the unnecessary path segments
    |
778 -     let _ = stream.set_read_timeout(Some(std::time::Duration::from_secs(30)));
778 +     let _ = stream.set_read_timeout(Some(Duration::from_secs(30)));
    |

warning: unnecessary qualification
   --> crates/engine/src/forge/tests.rs:779:43
    |
779 |     let _ = stream.set_write_timeout(Some(std::time::Duration::from_secs(30)));
    |                                           ^^^^^^^^^^^^^^^^^^^^^^^^^^^^^^
    |
help: remove the unnecessary path segments
    |
779 -     let _ = stream.set_write_timeout(Some(std::time::Duration::from_secs(30)));
779 +     let _ = stream.set_write_timeout(Some(Duration::from_secs(30)));
    |

warning: unnecessary qualification
   --> crates/engine/src/forge/tests.rs:915:40
    |
915 |                     if error.kind() == std::io::ErrorKind::WouldBlock
    |                                        ^^^^^^^^^^^^^^^^^^^^^^^^^^^^^^
    |
help: remove the unnecessary path segments
    |
915 -                     if error.kind() == std::io::ErrorKind::WouldBlock
915 +                     if error.kind() == io::ErrorKind::WouldBlock
    |

warning: unnecessary qualification
   --> crates/engine/src/forge/tests.rs:916:44
    |
916 |                         || error.kind() == std::io::ErrorKind::Interrupted =>
    |                                            ^^^^^^^^^^^^^^^^^^^^^^^^^^^^^^^
    |
help: remove the unnecessary path segments
    |
916 -                         || error.kind() == std::io::ErrorKind::Interrupted =>
916 +                         || error.kind() == io::ErrorKind::Interrupted =>
    |

warning: unnecessary qualification
   --> crates/engine/src/journal/tests.rs:137:21
    |
137 |             |_| Err(std::io::Error::other("injected sync failure")),
    |                     ^^^^^^^^^^^^^^^^^^^^^
    |
help: remove the unnecessary path segments
    |
137 -             |_| Err(std::io::Error::other("injected sync failure")),
137 +             |_| Err(io::Error::other("injected sync failure")),
    |

warning: unnecessary qualification
   --> crates/engine/src/journal/tests.rs:280:17
    |
280 |         |_| Err(std::io::Error::other("injected cold-open sync failure")),
    |                 ^^^^^^^^^^^^^^^^^^^^^
    |
help: remove the unnecessary path segments
    |
280 -         |_| Err(std::io::Error::other("injected cold-open sync failure")),
280 +         |_| Err(io::Error::other("injected cold-open sync failure")),
    |

warning: unnecessary qualification
  --> crates/engine/src/registry/tests.rs:76:13
   |
76 | ) -> Result<super::AcquisitionOutcome, AcquisitionError> {
   |             ^^^^^^^^^^^^^^^^^^^^^^^^^
   |
help: remove the unnecessary path segments
   |
76 - ) -> Result<super::AcquisitionOutcome, AcquisitionError> {
76 + ) -> Result<AcquisitionOutcome, AcquisitionError> {
   |

warning: unnecessary qualification
   --> crates/engine/src/registry/tests.rs:856:50
    |
856 |         fn read(&mut self, buffer: &mut [u8]) -> std::io::Result<usize> {
    |                                                  ^^^^^^^^^^^^^^^^^^^^^^
    |
help: remove the unnecessary path segments
    |
856 -         fn read(&mut self, buffer: &mut [u8]) -> std::io::Result<usize> {
856 +         fn read(&mut self, buffer: &mut [u8]) -> io::Result<usize> {
    |

warning: unnecessary qualification
   --> crates/engine/src/registry/tests.rs:869:51
    |
869 |         fn seek(&mut self, position: SeekFrom) -> std::io::Result<u64> {
    |                                                   ^^^^^^^^^^^^^^^^^^^^
    |
help: remove the unnecessary path segments
    |
869 -         fn seek(&mut self, position: SeekFrom) -> std::io::Result<u64> {
869 +         fn seek(&mut self, position: SeekFrom) -> io::Result<u64> {
    |

warning: unnecessary qualification
   --> crates/engine/src/registry/tests.rs:874:36
    |
874 |                     .ok_or_else(|| std::io::Error::other("seek overflow"))?
    |                                    ^^^^^^^^^^^^^^^^^^^^^
    |
help: remove the unnecessary path segments
    |
874 -                     .ok_or_else(|| std::io::Error::other("seek overflow"))?
874 +                     .ok_or_else(|| io::Error::other("seek overflow"))?
    |

warning: unnecessary qualification
   --> crates/engine/src/registry/tests.rs:878:36
    |
878 |                     .ok_or_else(|| std::io::Error::other("seek overflow"))?
    |                                    ^^^^^^^^^^^^^^^^^^^^^
    |
help: remove the unnecessary path segments
    |
878 -                     .ok_or_else(|| std::io::Error::other("seek overflow"))?
878 +                     .ok_or_else(|| io::Error::other("seek overflow"))?
    |

warning: unnecessary qualification
   --> crates/engine/src/registry/tests.rs:882:53
    |
882 |                 usize::try_from(target).map_err(|_| std::io::Error::other("seek overflow"))?;
    |                                                     ^^^^^^^^^^^^^^^^^^^^^
    |
help: remove the unnecessary path segments
    |
882 -                 usize::try_from(target).map_err(|_| std::io::Error::other("seek overflow"))?;
882 +                 usize::try_from(target).map_err(|_| io::Error::other("seek overflow"))?;
    |

warning: unnecessary qualification
   --> crates/engine/src/registry/tests.rs:897:22
    |
897 |         archive_url: std::sync::Arc::from("https://registry.example.test/large.crate"),
    |                      ^^^^^^^^^^^^^^^^^^^^
    |
help: remove the unnecessary path segments
    |
897 -         archive_url: std::sync::Arc::from("https://registry.example.test/large.crate"),
897 +         archive_url: Arc::from("https://registry.example.test/large.crate"),
    |

warning: unnecessary qualification
   --> crates/engine/src/registry/tests.rs:904:20
    |
904 |     let mut sink = std::io::sink();
    |                    ^^^^^^^^^^^^^
    |
help: remove the unnecessary path segments
    |
904 -     let mut sink = std::io::sink();
904 +     let mut sink = io::sink();
    |

warning: unnecessary qualification
   --> crates/engine/src/registry/tests.rs:942:18
    |
942 |     let faults = std::sync::Arc::new(Faults::default());
    |                  ^^^^^^^^^^^^^^^^^^^
    |
help: remove the unnecessary path segments
    |
942 -     let faults = std::sync::Arc::new(Faults::default());
942 +     let faults = Arc::new(Faults::default());
    |

warning: unnecessary qualification
    --> crates/engine/src/registry/tests.rs:1776:34
     |
1776 |                     archive_url: std::sync::Arc::from("https://registry.example.test/demo.crate"),
     |                                  ^^^^^^^^^^^^^^^^^^^^
     |
help: remove the unnecessary path segments
     |
1776 -                     archive_url: std::sync::Arc::from("https://registry.example.test/demo.crate"),
1776 +                     archive_url: Arc::from("https://registry.example.test/demo.crate"),
     |

warning: unnecessary qualification
    --> crates/engine/src/registry/tests.rs:1844:34
     |
1844 |                     archive_url: std::sync::Arc::from("https://registry.example.test/demo.crate"),
     |                                  ^^^^^^^^^^^^^^^^^^^^
     |
help: remove the unnecessary path segments
     |
1844 -                     archive_url: std::sync::Arc::from("https://registry.example.test/demo.crate"),
1844 +                     archive_url: Arc::from("https://registry.example.test/demo.crate"),
     |

warning: unnecessary qualification
    --> crates/engine/src/registry/tests.rs:2875:64
     |
2875 |             Ok(TransportResult::RetryAfter(delay)) if delay == std::time::Duration::from_secs(expected)
     |                                                                ^^^^^^^^^^^^^^^^^^^^^^^^^^^^^^
     |
help: remove the unnecessary path segments
     |
2875 -             Ok(TransportResult::RetryAfter(delay)) if delay == std::time::Duration::from_secs(expected)
2875 +             Ok(TransportResult::RetryAfter(delay)) if delay == Duration::from_secs(expected)
     |

warning: unnecessary qualification
    --> crates/engine/src/registry/tests.rs:2904:60
     |
2904 |         Ok(TransportResult::RetryAfter(delay)) if delay == std::time::Duration::from_secs(17)
     |                                                            ^^^^^^^^^^^^^^^^^^^^^^^^^^^^^^
     |
help: remove the unnecessary path segments
     |
2904 -         Ok(TransportResult::RetryAfter(delay)) if delay == std::time::Duration::from_secs(17)
2904 +         Ok(TransportResult::RetryAfter(delay)) if delay == Duration::from_secs(17)
     |

warning: unused import: `error::Error`
  --> crates/engine/src/application/compiler.rs:70:5
   |
70 |     error::Error as _,
   |     ^^^^^^^^^^^^

warning: unused import: `SemanticCoreReader`
    --> crates/engine/src/driver/lower/java.rs:2670:46
     |
2670 |     use backend_semantic::ir::{FragmentView, SemanticCoreReader, SemanticReader, SourceIdentity};
     |                                              ^^^^^^^^^^^^^^^^^^

warning: variable does not need to be mutable
   --> crates/engine/src/acquisition/lease_tests.rs:225:9
    |
225 |     let mut successor = reopened
    |         ----^^^^^^^^^
    |         |
    |         help: remove this `mut`
    |
    = note: `#[warn(unused_mut)]` (part of `#[warn(unused)]`) on by default

warning: variable does not need to be mutable
    --> crates/engine/src/driver/lower/typescript.rs:9983:17
     |
9983 |             let mut record = SemanticTypeRecord::leaf(SemanticTypeTag::TemplateLiteral);
     |                 ----^^^^^^
     |                 |
     |                 help: remove this `mut`
     |
     = note: `#[warn(unused_mut)]` (part of `#[warn(unused)]`) on by default

warning: type `ToolchainProbeFileRole` is more private than the item `ToolchainProbeError::ExecutableWitness::role`
   --> crates/engine/src/application/toolchain_probe.rs:627:9
    |
627 |         role: ToolchainProbeFileRole,
    |         ^^^^^^^^^^^^^^^^^^^^^^^^^^^^ field `ToolchainProbeError::ExecutableWitness::role` is reachable at visibility `pub`
    |
note: but type `ToolchainProbeFileRole` is only usable at visibility `pub(crate)`
   --> crates/engine/src/application/toolchain_probe.rs:777:1
    |
777 | pub(crate) enum ToolchainProbeFileRole {
    | ^^^^^^^^^^^^^^^^^^^^^^^^^^^^^^^^^^^^^^
    = note: `#[warn(private_interfaces)]` on by default

warning: type `ToolchainProbeFileRole` is more private than the item `ToolchainProbeError::ExecutableChanged::role`
   --> crates/engine/src/application/toolchain_probe.rs:638:9
    |
638 |         role: ToolchainProbeFileRole,
    |         ^^^^^^^^^^^^^^^^^^^^^^^^^^^^ field `ToolchainProbeError::ExecutableChanged::role` is reachable at visibility `pub`
    |
note: but type `ToolchainProbeFileRole` is only usable at visibility `pub(crate)`
   --> crates/engine/src/application/toolchain_probe.rs:777:1
    |
777 | pub(crate) enum ToolchainProbeFileRole {
    | ^^^^^^^^^^^^^^^^^^^^^^^^^^^^^^^^^^^^^^

warning: associated functions `derive_with_streamed_field` and `from_encoded` are never used
   --> crates/engine/src/acquisition/identity.rs:113:27
    |
108 |         impl $name {
    |         ---------- associated functions in this implementation
...
113 |             pub(super) fn derive_with_streamed_field(
    |                           ^^^^^^^^^^^^^^^^^^^^^^^^^^
...
141 |             pub(crate) const fn from_encoded(bytes: [u8; ID_BYTES]) -> Self {
    |                                 ^^^^^^^^^^^^
...
158 | identity!(ReleaseClaimId, b"release-claim");
    | ------------------------------------------- in this macro invocation
    |
    = note: `#[warn(dead_code)]` (part of `#[warn(unused)]`) on by default
    = note: this warning originates in the macro `identity` (in Nightly builds, run with -Z macro-backtrace for more info)

warning: associated function `derive_with_streamed_field` is never used
   --> crates/engine/src/acquisition/identity.rs:113:27
    |
108 |         impl $name {
    |         ---------- associated function in this implementation
...
113 |             pub(super) fn derive_with_streamed_field(
    |                           ^^^^^^^^^^^^^^^^^^^^^^^^^^
...
159 | identity!(RawArchiveObjectId, b"raw-archive-object");
    | ---------------------------------------------------- in this macro invocation
    |
    = note: this warning originates in the macro `identity` (in Nightly builds, run with -Z macro-backtrace for more info)

warning: associated functions `derive_with_streamed_field` and `from_encoded` are never used
   --> crates/engine/src/acquisition/identity.rs:113:27
    |
108 |         impl $name {
    |         ---------- associated functions in this implementation
...
113 |             pub(super) fn derive_with_streamed_field(
    |                           ^^^^^^^^^^^^^^^^^^^^^^^^^^
...
141 |             pub(crate) const fn from_encoded(bytes: [u8; ID_BYTES]) -> Self {
    |                                 ^^^^^^^^^^^^
...
160 | identity!(TreeManifestId, b"tree-manifest");
    | ------------------------------------------- in this macro invocation
    |
    = note: this warning originates in the macro `identity` (in Nightly builds, run with -Z macro-backtrace for more info)

warning: associated functions `derive_with_streamed_field` and `from_encoded` are never used
   --> crates/engine/src/acquisition/identity.rs:113:27
    |
108 |         impl $name {
    |         ---------- associated functions in this implementation
...
113 |             pub(super) fn derive_with_streamed_field(
    |                           ^^^^^^^^^^^^^^^^^^^^^^^^^^
...
141 |             pub(crate) const fn from_encoded(bytes: [u8; ID_BYTES]) -> Self {
    |                                 ^^^^^^^^^^^^
...
161 | identity!(SourceSnapshotId, b"source-snapshot");
    | ----------------------------------------------- in this macro invocation
    |
    = note: this warning originates in the macro `identity` (in Nightly builds, run with -Z macro-backtrace for more info)

warning: associated functions `derive_with_streamed_field` and `from_encoded` are never used
   --> crates/engine/src/acquisition/identity.rs:113:27
    |
108 |         impl $name {
    |         ---------- associated functions in this implementation
...
113 |             pub(super) fn derive_with_streamed_field(
    |                           ^^^^^^^^^^^^^^^^^^^^^^^^^^
...
141 |             pub(crate) const fn from_encoded(bytes: [u8; ID_BYTES]) -> Self {
    |                                 ^^^^^^^^^^^^
...
162 | identity!(AcquisitionDeltaId, b"acquisition-delta");
    | --------------------------------------------------- in this macro invocation
    |
    = note: this warning originates in the macro `identity` (in Nightly builds, run with -Z macro-backtrace for more info)

warning: associated functions `derive_with_streamed_field` and `from_encoded` are never used
   --> crates/engine/src/acquisition/identity.rs:113:27
    |
108 |         impl $name {
    |         ---------- associated functions in this implementation
...
113 |             pub(super) fn derive_with_streamed_field(
    |                           ^^^^^^^^^^^^^^^^^^^^^^^^^^
...
141 |             pub(crate) const fn from_encoded(bytes: [u8; ID_BYTES]) -> Self {
    |                                 ^^^^^^^^^^^^
...
163 | identity!(AcquisitionReceiptId, b"acquisition-receipt");
    | ------------------------------------------------------- in this macro invocation
    |
    = note: this warning originates in the macro `identity` (in Nightly builds, run with -Z macro-backtrace for more info)

warning: associated function `derive` is never used
   --> crates/engine/src/acquisition/identity.rs:109:27
    |
108 |         impl $name {
    |         ---------- associated function in this implementation
109 |             pub(super) fn derive(fields: &[&[u8]]) -> Self {
    |                           ^^^^^^
...
164 | identity!(AcquisitionRecordId, b"acquisition-record");
    | ----------------------------------------------------- in this macro invocation
    |
    = note: this warning originates in the macro `identity` (in Nightly builds, run with -Z macro-backtrace for more info)

warning: associated function `derive_with_streamed_field` is never used
   --> crates/engine/src/acquisition/identity.rs:113:27
    |
108 |         impl $name {
    |         ---------- associated function in this implementation
...
113 |             pub(super) fn derive_with_streamed_field(
    |                           ^^^^^^^^^^^^^^^^^^^^^^^^^^
...
165 | identity!(PublicationRootId, b"publication-root");
    | ------------------------------------------------- in this macro invocation
    |
    = note: this warning originates in the macro `identity` (in Nightly builds, run with -Z macro-backtrace for more info)

warning: field `request` is never read
    --> crates/engine/src/application/runtime.rs:3368:9
     |
3366 |     PackageSources {
     |     -------------- field in this variant
3367 |         facts: RequestFacts,
3368 |         request: OwnedPackageSourceSet,
     |         ^^^^^^^

warning: function `fragment_terminal` is never used
   --> crates/engine/src/application/terminal/native.rs:291:10
    |
291 | const fn fragment_terminal(
    |          ^^^^^^^^^^^^^^^^^

warning: function `executable_object_identity` is never used
   --> crates/engine/src/application/toolchain_probe.rs:380:15
    |
380 | pub(crate) fn executable_object_identity(path: &Path) -> io::Result<(u64, FileObjectId)> {
    |               ^^^^^^^^^^^^^^^^^^^^^^^^^^

warning: function `compiler_directory_object_identity` is never used
   --> crates/engine/src/application/toolchain_probe.rs:398:15
    |
398 | pub(crate) fn compiler_directory_object_identity(path: &Path) -> io::Result<(u64, FileObjectId)> {
    |               ^^^^^^^^^^^^^^^^^^^^^^^^^^^^^^^^^^

warning: method `validate_launch_objects` is never used
   --> crates/engine/src/application/typescript_host.rs:107:19
    |
 75 | impl TypeScriptProjectInvocationLease {
    | ------------------------------------- method in this implementation
...
107 |     pub(crate) fn validate_launch_objects(
    |                   ^^^^^^^^^^^^^^^^^^^^^^^

warning: fields `compiler_path`, `compiler_origin`, `node_version`, `node_origin`, and `selected_build_config_paths` are never read
   --> crates/engine/src/application/typescript_host.rs:184:16
    |
180 | pub(crate) struct TypeScriptProjectInputs<'a> {
    |                   ----------------------- fields in this struct
...
184 |     pub(crate) compiler_path: &'a Path,
    |                ^^^^^^^^^^^^^
185 |     pub(crate) compiler_version: &'a [u8],
186 |     pub(crate) compiler_origin: TypeScriptSelectionOrigin,
    |                ^^^^^^^^^^^^^^^
187 |     pub(crate) node_path: &'a Path,
188 |     pub(crate) node_version: &'a [u8],
    |                ^^^^^^^^^^^^
189 |     pub(crate) node_origin: TypeScriptSelectionOrigin,
    |                ^^^^^^^^^^^
...
192 |     pub(crate) selected_build_config_paths: &'a [Box<Path>],
    |                ^^^^^^^^^^^^^^^^^^^^^^^^^^^
    |
    = note: `TypeScriptProjectInputs` has derived impls for the traits `Debug` and `Clone`, but these are intentionally ignored during dead code analysis

warning: methods `load_source` and `validate_current` are never used
   --> crates/engine/src/application/typescript_host.rs:222:19
    |
213 | impl TypeScriptProjectInputs<'_> {
    | -------------------------------- methods in this implementation
...
222 |     pub(crate) fn load_source(
    |                   ^^^^^^^^^^^
...
229 |     pub(crate) fn validate_current(&self) -> Result<(), TypeScriptProjectHostError> {
    |                   ^^^^^^^^^^^^^^^^

warning: enum `TypeScriptResolverObservationRef` is never used
   --> crates/engine/src/application/typescript_host.rs:254:17
    |
254 | pub(crate) enum TypeScriptResolverObservationRef<'a> {
    |                 ^^^^^^^^^^^^^^^^^^^^^^^^^^^^^^^^

warning: methods `read_directory`, `loaded_sources`, and `observations` are never used
   --> crates/engine/src/application/typescript_host.rs:478:19
    |
347 | impl TypeScriptResolverCapability<'_> {
    | ------------------------------------- methods in this implementation
...
478 |     pub(crate) fn read_directory(
    |                   ^^^^^^^^^^^^^^
...
637 |     pub(crate) fn loaded_sources(
    |                   ^^^^^^^^^^^^^^
...
643 |     pub(crate) fn observations(&self) -> Vec<TypeScriptResolverObservationRef<'_>> {
    |                   ^^^^^^^^^^^^

warning: method `load_source` is never used
    --> crates/engine/src/application/typescript_host.rs:1341:8
     |
1125 | impl TypeScriptProjectWitness {
     | ----------------------------- method in this implementation
...
1341 |     fn load_source(&self, path: &Path) -> Result<TypeScriptFileInput, TypeScriptProjectHostError> {
     |        ^^^^^^^^^^^

warning: function `extension_matches` is never used
    --> crates/engine/src/application/typescript_host.rs:1774:4
     |
1774 | fn extension_matches(path: &Path, extensions: &[&str]) -> bool {
     |    ^^^^^^^^^^^^^^^^^

warning: function `resolver_observation_ref_path` is never used
    --> crates/engine/src/application/typescript_host.rs:1787:4
     |
1787 | fn resolver_observation_ref_path<'a>(
     |    ^^^^^^^^^^^^^^^^^^^^^^^^^^^^^

warning: function `resolver_observation_ref_tag` is never used
    --> crates/engine/src/application/typescript_host.rs:1798:4
     |
1798 | fn resolver_observation_ref_tag(observation: &TypeScriptResolverObservationRef<'_>) -> u8 {
     |    ^^^^^^^^^^^^^^^^^^^^^^^^^^^^

warning: associated function `new` is never used
    --> crates/engine/src/application/typescript_host.rs:2857:19
     |
2856 | impl TypeScriptProjectHost {
     | -------------------------- associated function in this implementation
2857 |     pub(crate) fn new(
     |                   ^^^

warning: function `find_project_typescript` is never used
    --> crates/engine/src/application/typescript_host.rs:3407:4
     |
3407 | fn find_project_typescript(
     |    ^^^^^^^^^^^^^^^^^^^^^^^

warning: variants `AbsentPath`, `CargoProject`, `ToolchainInput`, and `ExternalInput` are never constructed
   --> crates/engine/src/compiler_read_observation_v2.rs:91:5
    |
 85 | pub(crate) enum CompilerReadObservationEventClassV2 {
    |                 ----------------------------------- variants in this enum
...
 91 |     AbsentPath = 3,
    |     ^^^^^^^^^^
...
 97 |     CargoProject = 6,
    |     ^^^^^^^^^^^^
...
101 |     ToolchainInput = 8,
    |     ^^^^^^^^^^^^^^
...
105 |     ExternalInput = 10,
    |     ^^^^^^^^^^^^^
    |
    = note: `CompilerReadObservationEventClassV2` has derived impls for the traits `Debug` and `Clone`, but these are intentionally ignored during dead code analysis

warning: methods `observe_path_event` and `observe_nonpath_event` are never used
   --> crates/engine/src/compiler_read_observation_v2.rs:338:19
    |
246 | impl CompilerReadObservationRecorderV2 {
    | -------------------------------------- methods in this implementation
...
338 |     pub(crate) fn observe_path_event(
    |                   ^^^^^^^^^^^^^^^^^^
...
426 |     pub(crate) fn observe_nonpath_event(
    |                   ^^^^^^^^^^^^^^^^^^^^^

warning: method `compilation_attempt_id` is never used
   --> crates/engine/src/compiler_unit_read_closure_v2.rs:180:25
    |
176 | impl VerifiedUnitReadClosure {
    | ---------------------------- method in this implementation
...
180 |     pub(crate) const fn compilation_attempt_id(&self) -> CompilationAttemptId {
    |                         ^^^^^^^^^^^^^^^^^^^^^^

warning: method `mark_members_captured` is never used
    --> crates/engine/src/driver/lower.rs:1863:19
     |
 923 | impl<'source> FactSet<'source> {
     | ------------------------------ method in this implementation
...
1863 |     pub(super) fn mark_members_captured(&mut self, entity: u32) -> Result<(), FactFault> {
     |                   ^^^^^^^^^^^^^^^^^^^^^

warning: method `mark_members_captured` is never used
   --> crates/engine/src/driver/lower/provenance.rs:198:19
    |
 36 | impl Provenance {
    | --------------- method in this implementation
...
198 |     pub(super) fn mark_members_captured(
    |                   ^^^^^^^^^^^^^^^^^^^^^

warning: struct `NativeRecipe` is never constructed
   --> crates/engine/src/driver/types/request.rs:335:19
    |
335 | pub(crate) struct NativeRecipe<'source, 'toolchain> {
    |                   ^^^^^^^^^^^^

warning: methods `invocation` and `validate_invocation` are never used
   --> crates/engine/src/driver/types/toolchain.rs:337:25
    |
140 | impl<'path> ResolvedToolchain<'path> {
    | ------------------------------------ methods in this implementation
...
337 |     pub(crate) const fn invocation(self) -> NativeInvocation<'path> {
    |                         ^^^^^^^^^^
...
368 |     pub(crate) fn validate_invocation(self) -> Result<(), NativeInvocationError> {
    |                   ^^^^^^^^^^^^^^^^^^^

warning: methods `release` and `admit_releases` are never used
    --> crates/engine/src/registry/ecosystem.rs:1011:8
     |
 804 | impl EcosystemAdapter {
     | --------------------- methods in this implementation
...
1011 |     fn release(
     |        ^^^^^^^
...
1151 |     pub(crate) fn admit_releases(
     |                   ^^^^^^^^^^^^^^

warning: methods `maven_versions`, `maven_release`, `maven_archive_url`, `maven_source_archive_url`, `maven_archive_url_with_classifier`, and `conan_archive_name` are never used
   --> crates/engine/src/registry/ecosystem_decoders.rs:630:19
    |
220 | impl EcosystemAdapter {
    | --------------------- methods in this implementation
...
630 |     pub(crate) fn maven_versions(&self, bytes: &[u8]) -> Result<Vec<String>, TransportFailure> {
    |                   ^^^^^^^^^^^^^^
...
639 |     pub(crate) fn maven_release(
    |                   ^^^^^^^^^^^^^
...
683 |     pub(crate) fn maven_archive_url(&self, version: &str) -> String {
    |                   ^^^^^^^^^^^^^^^^^
...
687 |     pub(crate) fn maven_source_archive_url(&self, version: &str) -> String {
    |                   ^^^^^^^^^^^^^^^^^^^^^^^^
...
707 |     fn maven_archive_url_with_classifier(&self, version: &str, classifier: &str) -> String {
    |        ^^^^^^^^^^^^^^^^^^^^^^^^^^^^^^^^^
...
996 |     pub(crate) fn conan_archive_name(&self, bytes: &[u8]) -> Result<String, TransportFailure> {
    |                   ^^^^^^^^^^^^^^^^^^

warning: function `is_sdist` is never used
    --> crates/engine/src/registry/ecosystem_decoders.rs:2661:4
     |
2661 | fn is_sdist(filename: &str) -> bool {
     |    ^^^^^^^^

warning: function `is_wheel` is never used
    --> crates/engine/src/registry/ecosystem_decoders.rs:2667:4
     |
2667 | fn is_wheel(filename: &str) -> bool {
     |    ^^^^^^^^

warning: field `stats` is never read
   --> crates/engine/src/registry/frontier.rs:354:5
    |
350 | pub(super) struct PreparedFactsUpdate {
    |                   ------------------- field in this struct
...
354 |     stats: UpdateStats,
    |     ^^^^^
    |
    = note: `PreparedFactsUpdate` has derived impls for the traits `Debug` and `Clone`, but these are intentionally ignored during dead code analysis

warning: method `stats` is never used
   --> crates/engine/src/registry/frontier.rs:364:19
    |
357 | impl PreparedFactsUpdate {
    | ------------------------ method in this implementation
...
364 |     pub(super) fn stats(&self) -> UpdateStats {
    |                   ^^^^^

warning: constant `MAX_FACTS_PROOF_LEVELS` is never used
   --> crates/engine/src/registry/frontier.rs:400:7
    |
400 | const MAX_FACTS_PROOF_LEVELS: usize = usize::BITS as usize;
    |       ^^^^^^^^^^^^^^^^^^^^^^

warning: method `proof` is never used
   --> crates/engine/src/registry/frontier.rs:451:19
    |
402 | impl FactsMerkleMap {
    | ------------------- method in this implementation
...
451 |     pub(super) fn proof(&self, coordinate: &PackageCoordinate) -> Option<backend_store::KeyProof> {
    |                   ^^^^^

warning: method `admit_reader` is never used
  --> crates/engine/src/registry/identity.rs:66:19
   |
37 | impl PublishedArtifactClaim {
   | --------------------------- method in this implementation
...
66 |     pub(crate) fn admit_reader<R: Read>(
   |                   ^^^^^^^^^^^^

warning: method `permit_authority` is never used
   --> crates/engine/src/registry/identity.rs:309:19
    |
281 | impl RegistryCredentialPolicy {
    | ----------------------------- method in this implementation
...
309 |     pub(crate) fn permit_authority(&mut self, url: &str) -> bool {
    |                   ^^^^^^^^^^^^^^^^

warning: methods `poll`, `acquire_page`, and `verify_and_store` are never used
    --> crates/engine/src/registry/owner.rs:1079:19
     |
 435 | impl RegistryOwner {
     | ------------------ methods in this implementation
...
1079 |     pub(crate) fn poll<T: RegistryTransport>(
     |                   ^^^^
...
1228 |     fn acquire_page<T: RegistryTransport>(
     |        ^^^^^^^^^^^^
...
1288 |     pub(crate) fn verify_and_store(
     |                   ^^^^^^^^^^^^^^^^

warning: enum `PageAcquisition` is never used
    --> crates/engine/src/registry/owner.rs:1341:6
     |
1341 | enum PageAcquisition {
     |      ^^^^^^^^^^^^^^^

warning: method `verify_and_store` is never used
    --> crates/engine/src/registry/owner.rs:1369:19
     |
1358 | impl ArchiveStageContext {
     | ------------------------ method in this implementation
...
1369 |     pub(crate) fn verify_and_store(
     |                   ^^^^^^^^^^^^^^^^

warning: methods `body_length` and `telemetry` are never used
   --> crates/engine/src/registry/transport.rs:141:19
    |
106 | impl ArchiveArtifact {
    | -------------------- methods in this implementation
...
141 |     pub(crate) fn body_length(&self) -> u64 {
    |                   ^^^^^^^^^^^
...
157 |     pub(crate) const fn telemetry(&self) -> TransferTelemetry {
    |                         ^^^^^^^^^

warning: methods `verify_archive` and `canonical_digest` are never used
   --> crates/engine/src/registry/transport.rs:406:19
    |
405 | impl RemotePackage {
    | ------------------ methods in this implementation
406 |     pub(crate) fn verify_archive(
    |                   ^^^^^^^^^^^^^^
...
513 |     pub(crate) const fn canonical_digest(&self) -> Option<[u8; 32]> {
    |                         ^^^^^^^^^^^^^^^^

warning: method `maven_checksum` is never used
    --> crates/engine/src/registry/transport.rs:1518:8
     |
 675 | impl HttpRegistryTransport {
     | -------------------------- method in this implementation
...
1518 |     fn maven_checksum(
     |        ^^^^^^^^^^^^^^

warning: missing documentation for a method
   --> crates/engine/src/application/cluster_coordinator/result_wire.rs:109:5
    |
109 |     pub const fn role(self) -> CompilerResultMemberRole {
    |     ^^^^^^^^^^^^^^^^^^^^^^^^^^^^^^^^^^^^^^^^^^^^^^^^^^^
    |
    = note: requested on the command line with `-W missing-docs`

warning: missing documentation for a method
   --> crates/engine/src/application/cluster_coordinator/result_wire.rs:114:5
    |
114 |     pub const fn reference(self) -> ObjectRef<ObjectDomain> {
    |     ^^^^^^^^^^^^^^^^^^^^^^^^^^^^^^^^^^^^^^^^^^^^^^^^^^^^^^^

warning: missing documentation for a method
   --> crates/engine/src/application/cluster_coordinator/result_wire.rs:119:5
    |
119 |     pub const fn key(self) -> u64 {
    |     ^^^^^^^^^^^^^^^^^^^^^^^^^^^^^

warning: missing documentation for a method
   --> crates/engine/src/application/cluster_coordinator/result_wire.rs:124:5
    |
124 |     pub const fn parent(self) -> Option<u64> {
    |     ^^^^^^^^^^^^^^^^^^^^^^^^^^^^^^^^^^^^^^^^

warning: missing documentation for a struct field
   --> crates/engine/src/application/host/rust_selection.rs:221:9
    |
221 |         rustc: PathBuf,
    |         ^^^^^^^^^^^^^^

warning: missing documentation for a struct field
   --> crates/engine/src/application/host/rust_selection.rs:222:9
    |
222 |         place: InstalledToolPlace,
    |         ^^^^^^^^^^^^^^^^^^^^^^^^^

warning: missing documentation for a method
   --> crates/engine/src/builtin/semantic_relation.rs:474:5
    |
474 |     pub const fn completed(self) -> NonZeroU32 {
    |     ^^^^^^^^^^^^^^^^^^^^^^^^^^^^^^^^^^^^^^^^^^

warning: missing documentation for a method
   --> crates/engine/src/builtin/semantic_relation.rs:478:5
    |
478 |     pub const fn total(self) -> NonZeroU32 {
    |     ^^^^^^^^^^^^^^^^^^^^^^^^^^^^^^^^^^^^^^

warning: missing documentation for a struct field
   --> crates/engine/src/driver/types/lowering.rs:183:32
    |
183 |     TypeProjectionDepthLimit { depth: u8, maximum: u8 },
    |                                ^^^^^^^^^

warning: missing documentation for a struct field
   --> crates/engine/src/driver/types/lowering.rs:183:43
    |
183 |     TypeProjectionDepthLimit { depth: u8, maximum: u8 },
    |                                           ^^^^^^^^^^^

warning: missing documentation for a struct field
   --> crates/engine/src/driver/types/lowering.rs:185:27
    |
185 |     TypeProjectionCycle { type_id: u32 },
    |                           ^^^^^^^^^^^^

warning: missing documentation for a struct field
   --> crates/engine/src/driver/types/lowering.rs:187:40
    |
187 |     TypeProjectionRecursiveReference { distance: u32 },
    |                                        ^^^^^^^^^^^^^

warning: missing documentation for a struct field
   --> crates/engine/src/driver/types/lowering.rs:189:27
    |
189 |     TypeProjectionWidth { actual: usize, maximum: usize },
    |                           ^^^^^^^^^^^^^

warning: missing documentation for a struct field
   --> crates/engine/src/driver/types/lowering.rs:189:42
    |
189 |     TypeProjectionWidth { actual: usize, maximum: usize },
    |                                          ^^^^^^^^^^^^^^

warning: variable does not need to be mutable
    --> crates/engine/src/driver/lower/csharp.rs:3809:13
     |
3809 |         let mut occurrences = view
     |             ----^^^^^^^^^^^
     |             |
     |             help: remove this `mut`

warning: unused variable: `units`
    --> crates/engine/src/driver/lower/java.rs:4128:17
     |
4128 |             let units: usize = source_text.chars().map(char::len_utf16).sum();
     |                 ^^^^^ help: if this is intentional, prefix it with an underscore: `_units`
     |
     = note: `#[warn(unused_variables)]` (part of `#[warn(unused)]`) on by default

warning: variable does not need to be mutable
    --> crates/engine/src/driver/lower/typescript.rs:9983:17
     |
9983 |             let mut record = SemanticTypeRecord::leaf(SemanticTypeTag::TemplateLiteral);
     |                 ----^^^^^^
     |                 |
     |                 help: remove this `mut`

warning: variable does not need to be mutable
    --> crates/engine/src/registry/tests.rs:5605:10
     |
5605 |     let (mut source, _) =
     |          ----^^^^^^
     |          |
     |          help: remove this `mut`

warning: type `ToolchainProbeFileRole` is more private than the item `toolchain_probe::ToolchainProbeError::ExecutableWitness::role`
   --> crates/engine/src/application/toolchain_probe.rs:627:9
    |
627 |         role: ToolchainProbeFileRole,
    |         ^^^^^^^^^^^^^^^^^^^^^^^^^^^^ field `toolchain_probe::ToolchainProbeError::ExecutableWitness::role` is reachable at visibility `pub`
    |
note: but type `ToolchainProbeFileRole` is only usable at visibility `pub(crate)`
   --> crates/engine/src/application/toolchain_probe.rs:777:1
    |
777 | pub(crate) enum ToolchainProbeFileRole {
    | ^^^^^^^^^^^^^^^^^^^^^^^^^^^^^^^^^^^^^^
    = note: `#[warn(private_interfaces)]` on by default

warning: type `ToolchainProbeFileRole` is more private than the item `toolchain_probe::ToolchainProbeError::ExecutableChanged::role`
   --> crates/engine/src/application/toolchain_probe.rs:638:9
    |
638 |         role: ToolchainProbeFileRole,
    |         ^^^^^^^^^^^^^^^^^^^^^^^^^^^^ field `toolchain_probe::ToolchainProbeError::ExecutableChanged::role` is reachable at visibility `pub`
    |
note: but type `ToolchainProbeFileRole` is only usable at visibility `pub(crate)`
   --> crates/engine/src/application/toolchain_probe.rs:777:1
    |
777 | pub(crate) enum ToolchainProbeFileRole {
    | ^^^^^^^^^^^^^^^^^^^^^^^^^^^^^^^^^^^^^^

warning: field `selected_build_config_paths` is never read
   --> crates/engine/src/application/typescript_host.rs:192:16
    |
180 | pub(crate) struct TypeScriptProjectInputs<'a> {
    |                   ----------------------- field in this struct
...
192 |     pub(crate) selected_build_config_paths: &'a [Box<Path>],
    |                ^^^^^^^^^^^^^^^^^^^^^^^^^^^
    |
    = note: `TypeScriptProjectInputs` has derived impls for the traits `Debug` and `Clone`, but these are intentionally ignored during dead code analysis

warning: method `validate_current` is never used
   --> crates/engine/src/application/typescript_host.rs:229:19
    |
213 | impl TypeScriptProjectInputs<'_> {
    | -------------------------------- method in this implementation
...
229 |     pub(crate) fn validate_current(&self) -> Result<(), TypeScriptProjectHostError> {
    |                   ^^^^^^^^^^^^^^^^

warning: field `nearest_existing_parent` is never read
   --> crates/engine/src/application/typescript_host.rs:258:9
    |
256 |     MissingPath {
    |     ----------- field in this variant
257 |         path: &'a Path,
258 |         nearest_existing_parent: Option<&'a Path>,
    |         ^^^^^^^^^^^^^^^^^^^^^^^
    |
    = note: `TypeScriptResolverObservationRef` has derived impls for the traits `Debug` and `Clone`, but these are intentionally ignored during dead code analysis

warning: fields `identity` and `entries` are never read
   --> crates/engine/src/application/typescript_host.rs:262:9
    |
260 |     Directory {
    |     --------- fields in this variant
261 |         path: &'a Path,
262 |         identity: FileIdentity,
    |         ^^^^^^^^
263 |         entries: &'a [TypeScriptDirectoryEntry],
    |         ^^^^^^^
    |
    = note: `TypeScriptResolverObservationRef` has derived impls for the traits `Debug` and `Clone`, but these are intentionally ignored during dead code analysis

warning: fields `canonical_path` and `identity` are never read
   --> crates/engine/src/application/typescript_host.rs:267:9
    |
265 |     Realpath {
    |     -------- fields in this variant
266 |         path: &'a Path,
267 |         canonical_path: Option<&'a Path>,
    |         ^^^^^^^^^^^^^^
268 |         identity: Option<FileIdentity>,
    |         ^^^^^^^^
    |
    = note: `TypeScriptResolverObservationRef` has derived impls for the traits `Debug` and `Clone`, but these are intentionally ignored during dead code analysis

warning: variants `CargoProject`, `ToolchainInput`, and `ExternalInput` are never constructed
   --> crates/engine/src/compiler_read_observation_v2.rs:97:5
    |
 85 | pub(crate) enum CompilerReadObservationEventClassV2 {
    |                 ----------------------------------- variants in this enum
...
 97 |     CargoProject = 6,
    |     ^^^^^^^^^^^^
...
101 |     ToolchainInput = 8,
    |     ^^^^^^^^^^^^^^
...
105 |     ExternalInput = 10,
    |     ^^^^^^^^^^^^^
    |
    = note: `CompilerReadObservationEventClassV2` has derived impls for the traits `Debug` and `Clone`, but these are intentionally ignored during dead code analysis

warning: methods `maven_release`, `maven_archive_url`, `maven_source_archive_url`, `maven_archive_url_with_classifier`, and `conan_archive_name` are never used
   --> crates/engine/src/registry/ecosystem_decoders.rs:639:19
    |
220 | impl EcosystemAdapter {
    | --------------------- methods in this implementation
...
639 |     pub(crate) fn maven_release(
    |                   ^^^^^^^^^^^^^
...
683 |     pub(crate) fn maven_archive_url(&self, version: &str) -> String {
    |                   ^^^^^^^^^^^^^^^^^
...
687 |     pub(crate) fn maven_source_archive_url(&self, version: &str) -> String {
    |                   ^^^^^^^^^^^^^^^^^^^^^^^^
...
707 |     fn maven_archive_url_with_classifier(&self, version: &str, classifier: &str) -> String {
    |        ^^^^^^^^^^^^^^^^^^^^^^^^^^^^^^^^^
...
996 |     pub(crate) fn conan_archive_name(&self, bytes: &[u8]) -> Result<String, TransportFailure> {
    |                   ^^^^^^^^^^^^^^^^^^

warning: method `verify_and_store` is never used
    --> crates/engine/src/registry/owner.rs:1288:19
     |
 435 | impl RegistryOwner {
     | ------------------ method in this implementation
...
1288 |     pub(crate) fn verify_and_store(
     |                   ^^^^^^^^^^^^^^^^

warning: `backend-engine` (lib) generated 98 warnings (run `cargo fix --lib -p backend-engine` to apply 35 suggestions)
   Compiling backend-client v0.2.0 (/root/codex-worktrees/sol61-journal-recovery-eb019-20261008/crates/client)
warning: unnecessary qualification
  --> crates/client/src/query_continuation.rs:49:6
   |
49 | impl std::io::Write for ProofBudget {
   |      ^^^^^^^^^^^^^^
   |
   = note: requested on the command line with `-W unused-qualifications`
help: remove the unnecessary path segments
   |
49 - impl std::io::Write for ProofBudget {
49 + impl Write for ProofBudget {
   |

warning: `backend-client` (lib) generated 1 warning (run `cargo fix --lib -p backend-client` to apply 1 suggestion)
   Compiling backend-local-service v0.2.0 (/root/codex-worktrees/sol61-journal-recovery-eb019-20261008/crates/local-service)
warning: unnecessary qualification
    --> crates/local-service/src/builtin/ingest.rs:3107:13
     |
3107 |             std::time::SystemTime::now()
     |             ^^^^^^^^^^^^^^^^^^^^^^^^^^
     |
     = note: requested on the command line with `-W unused-qualifications`
help: remove the unnecessary path segments
     |
3107 -             std::time::SystemTime::now()
3107 +             SystemTime::now()
     |

warning: unnecessary qualification
    --> crates/local-service/src/builtin/ingest.rs:3108:33
     |
3108 |                 .duration_since(std::time::UNIX_EPOCH)
     |                                 ^^^^^^^^^^^^^^^^^^^^^
     |
help: remove the unnecessary path segments
     |
3108 -                 .duration_since(std::time::UNIX_EPOCH)
3108 +                 .duration_since(UNIX_EPOCH)
     |

warning: unnecessary qualification
    --> crates/local-service/src/builtin/ingest.rs:3185:13
     |
3185 |             std::time::SystemTime::now()
     |             ^^^^^^^^^^^^^^^^^^^^^^^^^^
     |
help: remove the unnecessary path segments
     |
3185 -             std::time::SystemTime::now()
3185 +             SystemTime::now()
     |

warning: unnecessary qualification
    --> crates/local-service/src/builtin/ingest.rs:3186:33
     |
3186 |                 .duration_since(std::time::UNIX_EPOCH)
     |                                 ^^^^^^^^^^^^^^^^^^^^^
     |
help: remove the unnecessary path segments
     |
3186 -                 .duration_since(std::time::UNIX_EPOCH)
3186 +                 .duration_since(UNIX_EPOCH)
     |

warning: unnecessary qualification
    --> crates/local-service/src/builtin/ingest.rs:3233:13
     |
3233 |             std::time::SystemTime::now()
     |             ^^^^^^^^^^^^^^^^^^^^^^^^^^
     |
help: remove the unnecessary path segments
     |
3233 -             std::time::SystemTime::now()
3233 +             SystemTime::now()
     |

warning: unnecessary qualification
    --> crates/local-service/src/builtin/ingest.rs:3234:33
     |
3234 |                 .duration_since(std::time::UNIX_EPOCH)
     |                                 ^^^^^^^^^^^^^^^^^^^^^
     |
help: remove the unnecessary path segments
     |
3234 -                 .duration_since(std::time::UNIX_EPOCH)
3234 +                 .duration_since(UNIX_EPOCH)
     |

warning: unnecessary qualification
    --> crates/local-service/src/builtin/ingest.rs:3278:17
     |
3278 |                 std::mem::size_of::<CompilerSourceHandle>() + source.relative_path.capacity()
     |                 ^^^^^^^^^^^^^^^^^^^^^^^^^^^^^^^^^^^^^^^^^
     |
help: remove the unnecessary path segments
     |
3278 -                 std::mem::size_of::<CompilerSourceHandle>() + source.relative_path.capacity()
3278 +                 size_of::<CompilerSourceHandle>() + source.relative_path.capacity()
     |

warning: unnecessary qualification
    --> crates/local-service/src/builtin/ingest.rs:3307:13
     |
3307 |             std::time::SystemTime::now()
     |             ^^^^^^^^^^^^^^^^^^^^^^^^^^
     |
help: remove the unnecessary path segments
     |
3307 -             std::time::SystemTime::now()
3307 +             SystemTime::now()
     |

warning: unnecessary qualification
    --> crates/local-service/src/builtin/ingest.rs:3308:33
     |
3308 |                 .duration_since(std::time::UNIX_EPOCH)
     |                                 ^^^^^^^^^^^^^^^^^^^^^
     |
help: remove the unnecessary path segments
     |
3308 -                 .duration_since(std::time::UNIX_EPOCH)
3308 +                 .duration_since(UNIX_EPOCH)
     |

warning: unnecessary qualification
    --> crates/local-service/src/builtin/ingest.rs:3461:13
     |
3461 |             std::time::SystemTime::now()
     |             ^^^^^^^^^^^^^^^^^^^^^^^^^^
     |
help: remove the unnecessary path segments
     |
3461 -             std::time::SystemTime::now()
3461 +             SystemTime::now()
     |

warning: unnecessary qualification
    --> crates/local-service/src/builtin/ingest.rs:3462:33
     |
3462 |                 .duration_since(std::time::UNIX_EPOCH)
     |                                 ^^^^^^^^^^^^^^^^^^^^^
     |
help: remove the unnecessary path segments
     |
3462 -                 .duration_since(std::time::UNIX_EPOCH)
3462 +                 .duration_since(UNIX_EPOCH)
     |

warning: unnecessary qualification
    --> crates/local-service/src/builtin/ingest.rs:3494:13
     |
3494 |             std::time::SystemTime::now()
     |             ^^^^^^^^^^^^^^^^^^^^^^^^^^
     |
help: remove the unnecessary path segments
     |
3494 -             std::time::SystemTime::now()
3494 +             SystemTime::now()
     |

warning: unnecessary qualification
    --> crates/local-service/src/builtin/ingest.rs:3495:33
     |
3495 |                 .duration_since(std::time::UNIX_EPOCH)
     |                                 ^^^^^^^^^^^^^^^^^^^^^
     |
help: remove the unnecessary path segments
     |
3495 -                 .duration_since(std::time::UNIX_EPOCH)
3495 +                 .duration_since(UNIX_EPOCH)
     |

warning: unnecessary qualification
    --> crates/local-service/src/builtin/ingest.rs:3543:13
     |
3543 |             std::time::SystemTime::now()
     |             ^^^^^^^^^^^^^^^^^^^^^^^^^^
     |
help: remove the unnecessary path segments
     |
3543 -             std::time::SystemTime::now()
3543 +             SystemTime::now()
     |

warning: unnecessary qualification
    --> crates/local-service/src/builtin/ingest.rs:3544:33
     |
3544 |                 .duration_since(std::time::UNIX_EPOCH)
     |                                 ^^^^^^^^^^^^^^^^^^^^^
     |
help: remove the unnecessary path segments
     |
3544 -                 .duration_since(std::time::UNIX_EPOCH)
3544 +                 .duration_since(UNIX_EPOCH)
     |

warning: unnecessary qualification
    --> crates/local-service/src/builtin/ingest.rs:3612:13
     |
3612 |             std::time::SystemTime::now()
     |             ^^^^^^^^^^^^^^^^^^^^^^^^^^
     |
help: remove the unnecessary path segments
     |
3612 -             std::time::SystemTime::now()
3612 +             SystemTime::now()
     |

warning: unnecessary qualification
    --> crates/local-service/src/builtin/ingest.rs:3613:33
     |
3613 |                 .duration_since(std::time::UNIX_EPOCH)
     |                                 ^^^^^^^^^^^^^^^^^^^^^
     |
help: remove the unnecessary path segments
     |
3613 -                 .duration_since(std::time::UNIX_EPOCH)
3613 +                 .duration_since(UNIX_EPOCH)
     |

warning: unnecessary qualification
    --> crates/local-service/src/builtin/ingest.rs:3649:13
     |
3649 |             std::time::SystemTime::now()
     |             ^^^^^^^^^^^^^^^^^^^^^^^^^^
     |
help: remove the unnecessary path segments
     |
3649 -             std::time::SystemTime::now()
3649 +             SystemTime::now()
     |

warning: unnecessary qualification
    --> crates/local-service/src/builtin/ingest.rs:3650:33
     |
3650 |                 .duration_since(std::time::UNIX_EPOCH)
     |                                 ^^^^^^^^^^^^^^^^^^^^^
     |
help: remove the unnecessary path segments
     |
3650 -                 .duration_since(std::time::UNIX_EPOCH)
3650 +                 .duration_since(UNIX_EPOCH)
     |

warning: unnecessary qualification
    --> crates/local-service/src/builtin/ingest.rs:4849:13
     |
4849 |             std::time::SystemTime::now()
     |             ^^^^^^^^^^^^^^^^^^^^^^^^^^
     |
help: remove the unnecessary path segments
     |
4849 -             std::time::SystemTime::now()
4849 +             SystemTime::now()
     |

warning: unnecessary qualification
    --> crates/local-service/src/builtin/ingest.rs:4850:33
     |
4850 |                 .duration_since(std::time::UNIX_EPOCH)
     |                                 ^^^^^^^^^^^^^^^^^^^^^
     |
help: remove the unnecessary path segments
     |
4850 -                 .duration_since(std::time::UNIX_EPOCH)
4850 +                 .duration_since(UNIX_EPOCH)
     |

warning: unnecessary qualification
    --> crates/local-service/src/builtin/ingest.rs:4982:17
     |
4982 |                 backend_compile::SourceExcerpt::Captured { .. }
     |                 ^^^^^^^^^^^^^^^^^^^^^^^^^^^^^^^^^^^^^^^^
     |
help: remove the unnecessary path segments
     |
4982 -                 backend_compile::SourceExcerpt::Captured { .. }
4982 +                 SourceExcerpt::Captured { .. }
     |

warning: unnecessary qualification
    --> crates/local-service/src/builtin/ingest.rs:5046:13
     |
5046 |             std::time::SystemTime::now()
     |             ^^^^^^^^^^^^^^^^^^^^^^^^^^
     |
help: remove the unnecessary path segments
     |
5046 -             std::time::SystemTime::now()
5046 +             SystemTime::now()
     |

warning: unnecessary qualification
    --> crates/local-service/src/builtin/ingest.rs:5047:33
     |
5047 |                 .duration_since(std::time::UNIX_EPOCH)
     |                                 ^^^^^^^^^^^^^^^^^^^^^
     |
help: remove the unnecessary path segments
     |
5047 -                 .duration_since(std::time::UNIX_EPOCH)
5047 +                 .duration_since(UNIX_EPOCH)
     |

warning: unnecessary qualification
    --> crates/local-service/src/builtin/ingest.rs:5389:13
     |
5389 |             std::time::SystemTime::now()
     |             ^^^^^^^^^^^^^^^^^^^^^^^^^^
     |
help: remove the unnecessary path segments
     |
5389 -             std::time::SystemTime::now()
5389 +             SystemTime::now()
     |

warning: unnecessary qualification
    --> crates/local-service/src/builtin/ingest.rs:5390:33
     |
5390 |                 .duration_since(std::time::UNIX_EPOCH)
     |                                 ^^^^^^^^^^^^^^^^^^^^^
     |
help: remove the unnecessary path segments
     |
5390 -                 .duration_since(std::time::UNIX_EPOCH)
5390 +                 .duration_since(UNIX_EPOCH)
     |

warning: unnecessary qualification
  --> crates/local-service/src/builtin/profile_membership_tests.rs:21:13
   |
21 |             backend_engine::builtin::ProductSemanticCaptureRelation,
   |             ^^^^^^^^^^^^^^^^^^^^^^^^^^^^^^^^^^^^^^^^^^^^^^^^^^^^^^^
   |
help: remove the unnecessary path segments
   |
21 -             backend_engine::builtin::ProductSemanticCaptureRelation,
21 +             ProductSemanticCaptureRelation,
   |

warning: unnecessary qualification
  --> crates/local-service/src/builtin/profile_membership_tests.rs:24:13
   |
24 |             backend_engine::builtin::ProductSourceFileFactsRelation,
   |             ^^^^^^^^^^^^^^^^^^^^^^^^^^^^^^^^^^^^^^^^^^^^^^^^^^^^^^^
   |
help: remove the unnecessary path segments
   |
24 -             backend_engine::builtin::ProductSourceFileFactsRelation,
24 +             ProductSourceFileFactsRelation,
   |

warning: unnecessary qualification
  --> crates/local-service/src/builtin/profile_membership_tests.rs:52:22
   |
52 |     let dispatcher = super::super::builtin_dispatcher(
   |                      ^^^^^^^^^^^^^^^^^^^^^^^^^^^^^^^^
   |
help: remove the unnecessary path segments
   |
52 -     let dispatcher = super::super::builtin_dispatcher(
52 +     let dispatcher = builtin_dispatcher(
   |

warning: unnecessary qualification
  --> crates/local-service/src/builtin/profile_membership_tests.rs:53:14
   |
53 |         Some(super::super::ECHO_AUTHORITY_SECRET),
   |              ^^^^^^^^^^^^^^^^^^^^^^^^^^^^^^^^^^^
   |
help: remove the unnecessary path segments
   |
53 -         Some(super::super::ECHO_AUTHORITY_SECRET),
53 +         Some(ECHO_AUTHORITY_SECRET),
   |

warning: unnecessary qualification
   --> crates/local-service/src/builtin/profile_membership_tests.rs:430:5
    |
430 |     super::resolve_project_file_keys(project_key, &project, |page_key| {
    |     ^^^^^^^^^^^^^^^^^^^^^^^^^^^^^^^^
    |
help: remove the unnecessary path segments
    |
430 -     super::resolve_project_file_keys(project_key, &project, |page_key| {
430 +     resolve_project_file_keys(project_key, &project, |page_key| {
    |

warning: unnecessary qualification
   --> crates/local-service/src/builtin/profile_membership_tests.rs:455:9
    |
455 |         super::validate_project_file(package.to_bytes(), key, &record)
    |         ^^^^^^^^^^^^^^^^^^^^^^^^^^^^
    |
help: remove the unnecessary path segments
    |
455 -         super::validate_project_file(package.to_bytes(), key, &record)
455 +         validate_project_file(package.to_bytes(), key, &record)
    |

warning: unnecessary qualification
    --> crates/local-service/src/builtin/profile_membership_tests.rs:1028:9
     |
1028 |         backend_engine::WorkspaceModel::request_id(&BuiltinModel, &unbound_intent),
     |         ^^^^^^^^^^^^^^^^^^^^^^^^^^^^^^^^^^^^^^^^^^
     |
help: remove the unnecessary path segments
     |
1028 -         backend_engine::WorkspaceModel::request_id(&BuiltinModel, &unbound_intent),
1028 +         WorkspaceModel::request_id(&BuiltinModel, &unbound_intent),
     |

warning: unnecessary qualification
    --> crates/local-service/src/builtin/profile_membership_tests.rs:1120:26
     |
1120 |             let actual = super::admit_persisted_intent(persisted.closure_manifest().objects())
     |                          ^^^^^^^^^^^^^^^^^^^^^^^^^^^^^
     |
help: remove the unnecessary path segments
     |
1120 -             let actual = super::admit_persisted_intent(persisted.closure_manifest().objects())
1120 +             let actual = admit_persisted_intent(persisted.closure_manifest().objects())
     |

warning: unnecessary qualification
    --> crates/local-service/src/builtin/profile_membership_tests.rs:1304:26
     |
1304 |             let actual = super::admit_persisted_intent(persisted.closure_manifest().objects())
     |                          ^^^^^^^^^^^^^^^^^^^^^^^^^^^^^
     |
help: remove the unnecessary path segments
     |
1304 -             let actual = super::admit_persisted_intent(persisted.closure_manifest().objects())
1304 +             let actual = admit_persisted_intent(persisted.closure_manifest().objects())
     |

warning: unnecessary qualification
    --> crates/local-service/src/builtin/profile_membership_tests.rs:1342:9
     |
1342 |         super::validate_capture_basis_closure_id(hybrid_basis, selected_base.closure())
     |         ^^^^^^^^^^^^^^^^^^^^^^^^^^^^^^^^^^^^^^^^
     |
help: remove the unnecessary path segments
     |
1342 -         super::validate_capture_basis_closure_id(hybrid_basis, selected_base.closure())
1342 +         validate_capture_basis_closure_id(hybrid_basis, selected_base.closure())
     |

warning: unnecessary qualification
    --> crates/local-service/src/builtin/profile_membership_tests.rs:1373:17
     |
1373 |                 super::admit_persisted_intent(persisted.closure_manifest().objects())
     |                 ^^^^^^^^^^^^^^^^^^^^^^^^^^^^^
     |
help: remove the unnecessary path segments
     |
1373 -                 super::admit_persisted_intent(persisted.closure_manifest().objects())
1373 +                 admit_persisted_intent(persisted.closure_manifest().objects())
     |

warning: unnecessary qualification
    --> crates/local-service/src/builtin/profile_membership_tests.rs:1400:13
     |
1400 |             super::validate_persisted_capture_changes(
     |             ^^^^^^^^^^^^^^^^^^^^^^^^^^^^^^^^^^^^^^^^^
     |
help: remove the unnecessary path segments
     |
1400 -             super::validate_persisted_capture_changes(
1400 +             validate_persisted_capture_changes(
     |

warning: unnecessary qualification
   --> crates/local-service/src/builtin/profile_source_facts_tests.rs:420:22
    |
420 |         let orphan = backend_store::TypedObject::from_value(
    |                      ^^^^^^^^^^^^^^^^^^^^^^^^^^^^^^^^^^^^^^
    |
help: remove the unnecessary path segments
    |
420 -         let orphan = backend_store::TypedObject::from_value(
420 +         let orphan = TypedObject::from_value(
    |

warning: unnecessary qualification
   --> crates/local-service/src/builtin/profile_source_facts_tests.rs:421:14
    |
421 |             &backend_version::ObjectKey::<BuiltinIntentSchema>::from_value(&orphan_bytes),
    |              ^^^^^^^^^^^^^^^^^^^^^^^^^^^^^^^^^^^^^^^^^^^^^^^^^^^^^^^^^^^^^
    |
help: remove the unnecessary path segments
    |
421 -             &backend_version::ObjectKey::<BuiltinIntentSchema>::from_value(&orphan_bytes),
421 +             &ObjectKey::<BuiltinIntentSchema>::from_value(&orphan_bytes),
    |

warning: unnecessary qualification
   --> crates/local-service/src/builtin/staged_intent.rs:308:9
    |
308 |         std::fs::File::open(&markers)
    |         ^^^^^^^^^^^^^^^^^^^
    |
help: remove the unnecessary path segments
    |
308 -         std::fs::File::open(&markers)
308 +         fs::File::open(&markers)
    |

warning: unused import: `BuiltinCaptureBasis`
  --> crates/local-service/src/builtin.rs:75:31
   |
75 |     BuiltinAuthorityVerifier, BuiltinCaptureBasis, BuiltinCaptureChange, BuiltinProfile,
   |                               ^^^^^^^^^^^^^^^^^^^
   |
   = note: `#[warn(unused_imports)]` (part of `#[warn(unused)]`) on by default

warning: unnecessary qualification
    --> crates/local-service/src/builtin/cluster_dispatch.rs:5613:20
     |
5613 |     fn block_on<F: std::future::Future>(&self, future: F) -> F::Output {
     |                    ^^^^^^^^^^^^^^^^^^^
     |
help: remove the unnecessary path segments
     |
5613 -     fn block_on<F: std::future::Future>(&self, future: F) -> F::Output {
5613 +     fn block_on<F: Future>(&self, future: F) -> F::Output {
     |

warning: unnecessary qualification
   --> crates/local-service/src/builtin/remote_semantic_query.rs:527:30
    |
527 |         file.set_permissions(std::fs::Permissions::from_mode(0o600))?;
    |                              ^^^^^^^^^^^^^^^^^^^^^^^^^^^^^^^
    |
help: remove the unnecessary path segments
    |
527 -         file.set_permissions(std::fs::Permissions::from_mode(0o600))?;
527 +         file.set_permissions(fs::Permissions::from_mode(0o600))?;
    |

warning: unnecessary qualification
    --> crates/local-service/src/builtin/remote_semantic_query.rs:1500:17
     |
1500 |                 backend_engine::cluster_transport::SecretKey::from_bytes(&[99; 32]).public(),
     |                 ^^^^^^^^^^^^^^^^^^^^^^^^^^^^^^^^^^^^^^^^^^^^^^^^^^^^^^^^
     |
help: remove the unnecessary path segments
     |
1500 -                 backend_engine::cluster_transport::SecretKey::from_bytes(&[99; 32]).public(),
1500 +                 SecretKey::from_bytes(&[99; 32]).public(),
     |

warning: unused import: `BuiltinSemanticRelation`
 --> crates/local-service/src/builtin/embedded_host_retired_tests.rs:8:50
  |
8 |     BuiltinIntentOperation, BuiltinIntentSchema, BuiltinSemanticRelation, BuiltinSourceChange,
  |                                                  ^^^^^^^^^^^^^^^^^^^^^^^

warning: unnecessary qualification
    --> crates/local-service/src/builtin/generation_residence.rs:1429:30
     |
1429 |         let initial_weight = super::resident_weight(initial.images()).expect("initial weight");
     |                              ^^^^^^^^^^^^^^^^^^^^^^
     |
help: remove the unnecessary path segments
     |
1429 -         let initial_weight = super::resident_weight(initial.images()).expect("initial weight");
1429 +         let initial_weight = resident_weight(initial.images()).expect("initial weight");
     |

warning: unnecessary qualification
    --> crates/local-service/src/builtin/generation_residence.rs:1431:13
     |
1431 |             super::resident_weight(replacement.images()).expect("replacement weight");
     |             ^^^^^^^^^^^^^^^^^^^^^^
     |
help: remove the unnecessary path segments
     |
1431 -             super::resident_weight(replacement.images()).expect("replacement weight");
1431 +             resident_weight(replacement.images()).expect("replacement weight");
     |

warning: unnecessary qualification
    --> crates/local-service/src/builtin/generation_residence.rs:1512:27
     |
1512 |         let total_bytes = super::resident_weight(expected.images())
     |                           ^^^^^^^^^^^^^^^^^^^^^^
     |
help: remove the unnecessary path segments
     |
1512 -         let total_bytes = super::resident_weight(expected.images())
1512 +         let total_bytes = resident_weight(expected.images())
     |

warning: unnecessary qualification
  --> crates/local-service/src/builtin/s3_publication/config.rs:87:12
   |
87 |         if std::env::var_os(CHILD_MODE_ENV).is_some() {
   |            ^^^^^^^^^^^^^^^^
   |
help: remove the unnecessary path segments
   |
87 -         if std::env::var_os(CHILD_MODE_ENV).is_some() {
87 +         if env::var_os(CHILD_MODE_ENV).is_some() {
   |

warning: unnecessary qualification
  --> crates/local-service/src/builtin/s3_publication/config.rs:98:26
   |
98 |         let executable = std::env::current_exe().expect("resolve unit-test executable");
   |                          ^^^^^^^^^^^^^^^^^^^^^
   |
help: remove the unnecessary path segments
   |
98 -         let executable = std::env::current_exe().expect("resolve unit-test executable");
98 +         let executable = env::current_exe().expect("resolve unit-test executable");
   |

warning: unnecessary qualification
   --> crates/local-service/src/builtin/s3_publication.rs:551:23
    |
551 |         let scratch = std::env::temp_dir().join(format!(
    |                       ^^^^^^^^^^^^^^^^^^
    |
help: remove the unnecessary path segments
    |
551 -         let scratch = std::env::temp_dir().join(format!(
551 +         let scratch = env::temp_dir().join(format!(
    |

warning: unnecessary qualification
   --> crates/local-service/src/builtin/s3_publication.rs:617:23
    |
617 |         let scratch = std::env::temp_dir().join(format!(
    |                       ^^^^^^^^^^^^^^^^^^
    |
help: remove the unnecessary path segments
    |
617 -         let scratch = std::env::temp_dir().join(format!(
617 +         let scratch = env::temp_dir().join(format!(
    |

warning: unnecessary qualification
   --> crates/local-service/src/builtin/s3_publication.rs:707:23
    |
707 |         let scratch = std::env::temp_dir().join(format!(
    |                       ^^^^^^^^^^^^^^^^^^
    |
help: remove the unnecessary path segments
    |
707 -         let scratch = std::env::temp_dir().join(format!(
707 +         let scratch = env::temp_dir().join(format!(
    |

warning: unused import: `ProductSemanticCaptureOutcome`
  --> crates/local-service/src/builtin/semantic_authority.rs:18:30
   |
18 |     PartialSemanticCoverage, ProductSemanticCaptureOutcome, ProductSemanticPublicationKey,
   |                              ^^^^^^^^^^^^^^^^^^^^^^^^^^^^^

warning: unnecessary qualification
   --> crates/local-service/src/builtin/semantic_authority.rs:420:14
    |
420 |     reached: std::sync::mpsc::SyncSender<NativeHistoryFenceDiagnostic>,
    |              ^^^^^^^^^^^^^^^^^^^^^^^^^^^^^^^^^^^^^^^^^^^^^^^^^^^^^^^^^
    |
help: remove the unnecessary path segments
    |
420 -     reached: std::sync::mpsc::SyncSender<NativeHistoryFenceDiagnostic>,
420 +     reached: SyncSender<NativeHistoryFenceDiagnostic>,
    |

warning: unnecessary qualification
   --> crates/local-service/src/builtin/semantic_authority.rs:421:14
    |
421 |     release: std::sync::mpsc::Receiver<()>,
    |              ^^^^^^^^^^^^^^^^^^^^^^^^^^^^^
    |
help: remove the unnecessary path segments
    |
421 -     release: std::sync::mpsc::Receiver<()>,
421 +     release: mpsc::Receiver<()>,
    |

warning: unnecessary qualification
   --> crates/local-service/src/builtin/semantic_authority.rs:437:47
    |
437 |     native_history_writer_probe: Mutex<Option<std::sync::mpsc::SyncSender<bool>>>,
    |                                               ^^^^^^^^^^^^^^^^^^^^^^^^^^^^^^^^^
    |
help: remove the unnecessary path segments
    |
437 -     native_history_writer_probe: Mutex<Option<std::sync::mpsc::SyncSender<bool>>>,
437 +     native_history_writer_probe: Mutex<Option<SyncSender<bool>>>,
    |

warning: unnecessary qualification
   --> crates/local-service/src/builtin/semantic_authority.rs:521:18
    |
521 |         reached: std::sync::mpsc::SyncSender<NativeHistoryFenceDiagnostic>,
    |                  ^^^^^^^^^^^^^^^^^^^^^^^^^^^^^^^^^^^^^^^^^^^^^^^^^^^^^^^^^
    |
help: remove the unnecessary path segments
    |
521 -         reached: std::sync::mpsc::SyncSender<NativeHistoryFenceDiagnostic>,
521 +         reached: SyncSender<NativeHistoryFenceDiagnostic>,
    |

warning: unnecessary qualification
   --> crates/local-service/src/builtin/semantic_authority.rs:522:18
    |
522 |         release: std::sync::mpsc::Receiver<()>,
    |                  ^^^^^^^^^^^^^^^^^^^^^^^^^^^^^
    |
help: remove the unnecessary path segments
    |
522 -         release: std::sync::mpsc::Receiver<()>,
522 +         release: mpsc::Receiver<()>,
    |

warning: unnecessary qualification
   --> crates/local-service/src/builtin/semantic_authority.rs:566:17
    |
566 |         sender: std::sync::mpsc::SyncSender<bool>,
    |                 ^^^^^^^^^^^^^^^^^^^^^^^^^^^^^^^^^
    |
help: remove the unnecessary path segments
    |
566 -         sender: std::sync::mpsc::SyncSender<bool>,
566 +         sender: SyncSender<bool>,
    |

warning: unnecessary qualification
    --> crates/local-service/src/builtin/semantic_authority.rs:1439:18
     |
1439 |         reached: std::sync::mpsc::SyncSender<NativeHistoryFenceDiagnostic>,
     |                  ^^^^^^^^^^^^^^^^^^^^^^^^^^^^^^^^^^^^^^^^^^^^^^^^^^^^^^^^^
     |
help: remove the unnecessary path segments
     |
1439 -         reached: std::sync::mpsc::SyncSender<NativeHistoryFenceDiagnostic>,
1439 +         reached: SyncSender<NativeHistoryFenceDiagnostic>,
     |

warning: unnecessary qualification
    --> crates/local-service/src/builtin/semantic_authority.rs:1440:18
     |
1440 |         release: std::sync::mpsc::Receiver<()>,
     |                  ^^^^^^^^^^^^^^^^^^^^^^^^^^^^^
     |
help: remove the unnecessary path segments
     |
1440 -         release: std::sync::mpsc::Receiver<()>,
1440 +         release: mpsc::Receiver<()>,
     |

warning: unnecessary qualification
    --> crates/local-service/src/builtin/semantic_authority.rs:4186:16
     |
4186 |             || std::path::PathBuf::from("rustc"),
     |                ^^^^^^^^^^^^^^^^^^^^^^^^
     |
help: remove the unnecessary path segments
     |
4186 -             || std::path::PathBuf::from("rustc"),
4186 +             || PathBuf::from("rustc"),
     |

warning: unnecessary qualification
    --> crates/local-service/src/builtin/semantic_authority.rs:4187:13
     |
4187 |             std::path::PathBuf::from,
     |             ^^^^^^^^^^^^^^^^^^^^^^^^
     |
help: remove the unnecessary path segments
     |
4187 -             std::path::PathBuf::from,
4187 +             PathBuf::from,
     |

warning: unnecessary qualification
    --> crates/local-service/src/builtin/semantic_authority.rs:4447:29
     |
4447 |     struct ScratchWorkspace(std::path::PathBuf);
     |                             ^^^^^^^^^^^^^^^^^^
     |
help: remove the unnecessary path segments
     |
4447 -     struct ScratchWorkspace(std::path::PathBuf);
4447 +     struct ScratchWorkspace(PathBuf);
     |

warning: unnecessary qualification
    --> crates/local-service/src/builtin/semantic_authority.rs:4473:54
     |
4473 |         let (attempted_sender, attempted_receiver) = std::sync::mpsc::channel();
     |                                                      ^^^^^^^^^^^^^^^^^^^^^^^^
     |
help: remove the unnecessary path segments
     |
4473 -         let (attempted_sender, attempted_receiver) = std::sync::mpsc::channel();
4473 +         let (attempted_sender, attempted_receiver) = mpsc::channel();
     |

warning: unnecessary qualification
    --> crates/local-service/src/builtin/semantic_authority.rs:4474:52
     |
4474 |         let (acquired_sender, acquired_receiver) = std::sync::mpsc::channel();
     |                                                    ^^^^^^^^^^^^^^^^^^^^^^^^
     |
help: remove the unnecessary path segments
     |
4474 -         let (acquired_sender, acquired_receiver) = std::sync::mpsc::channel();
4474 +         let (acquired_sender, acquired_receiver) = mpsc::channel();
     |

warning: unnecessary qualification
    --> crates/local-service/src/builtin/semantic_authority.rs:4492:35
     |
4492 |                     .recv_timeout(std::time::Duration::from_secs(2))
     |                                   ^^^^^^^^^^^^^^^^^^^^^^^^^^^^^^
     |
help: remove the unnecessary path segments
     |
4492 -                     .recv_timeout(std::time::Duration::from_secs(2))
4492 +                     .recv_timeout(Duration::from_secs(2))
     |

warning: unnecessary qualification
    --> crates/local-service/src/builtin/semantic_authority.rs:4506:27
     |
4506 |             .recv_timeout(std::time::Duration::from_secs(2))
     |                           ^^^^^^^^^^^^^^^^^^^^^^^^^^^^^^
     |
help: remove the unnecessary path segments
     |
4506 -             .recv_timeout(std::time::Duration::from_secs(2))
4506 +             .recv_timeout(Duration::from_secs(2))
     |

warning: unnecessary qualification
    --> crates/local-service/src/builtin/semantic_authority.rs:4515:19
     |
4515 |         seen: Arc<std::sync::Mutex<Option<PublicationFence>>>,
     |                   ^^^^^^^^^^^^^^^^^^^^^^^^^^^^^^^^^^^^^^^^^^
     |
help: remove the unnecessary path segments
     |
4515 -         seen: Arc<std::sync::Mutex<Option<PublicationFence>>>,
4515 +         seen: Arc<Mutex<Option<PublicationFence>>>,
     |

warning: unnecessary qualification
    --> crates/local-service/src/builtin/semantic_authority.rs:4538:24
     |
4538 |             _selected: super::super::s3_publication::RemoteClosureSelection,
     |                        ^^^^^^^^^^^^^^^^^^^^^^^^^^^^^^^^^^^^^^^^^^^^^^^^^^^^
     |
help: remove the unnecessary path segments
     |
4538 -             _selected: super::super::s3_publication::RemoteClosureSelection,
4538 +             _selected: RemoteClosureSelection,
     |

warning: unnecessary qualification
    --> crates/local-service/src/builtin/semantic_authority.rs:4540:31
     |
4540 |             _expected_schema: backend_version::SchemaIdentity,
     |                               ^^^^^^^^^^^^^^^^^^^^^^^^^^^^^^^
     |
help: remove the unnecessary path segments
     |
4540 -             _expected_schema: backend_version::SchemaIdentity,
4540 +             _expected_schema: SchemaIdentity,
     |

warning: unnecessary qualification
    --> crates/local-service/src/builtin/semantic_authority.rs:4549:24
     |
4549 |             _selected: super::super::s3_publication::RemoteClosureSelection,
     |                        ^^^^^^^^^^^^^^^^^^^^^^^^^^^^^^^^^^^^^^^^^^^^^^^^^^^^
     |
help: remove the unnecessary path segments
     |
4549 -             _selected: super::super::s3_publication::RemoteClosureSelection,
4549 +             _selected: RemoteClosureSelection,
     |

warning: unnecessary qualification
    --> crates/local-service/src/builtin/semantic_authority.rs:4596:29
     |
4596 |         let seen = Arc::new(std::sync::Mutex::new(None));
     |                             ^^^^^^^^^^^^^^^^^^^^^
     |
help: remove the unnecessary path segments
     |
4596 -         let seen = Arc::new(std::sync::Mutex::new(None));
4596 +         let seen = Arc::new(Mutex::new(None));
     |

warning: unnecessary qualification
    --> crates/local-service/src/builtin/versioned_planes.rs:2321:9
     |
2321 |         std::fs::remove_dir_all(directory).expect("remove history workspace");
     |         ^^^^^^^^^^^^^^^^^^^^^^^
     |
help: remove the unnecessary path segments
     |
2321 -         std::fs::remove_dir_all(directory).expect("remove history workspace");
2321 +         fs::remove_dir_all(directory).expect("remove history workspace");
     |

warning: unnecessary qualification
    --> crates/local-service/src/builtin/versioned_planes.rs:2395:13
     |
2395 |             backend_semantic::ir::LanguageProfile::Rust(
     |             ^^^^^^^^^^^^^^^^^^^^^^^^^^^^^^^^^^^^^^^^^^^
     |
help: remove the unnecessary path segments
     |
2395 -             backend_semantic::ir::LanguageProfile::Rust(
2395 +             LanguageProfile::Rust(
     |

warning: unnecessary qualification
    --> crates/local-service/src/builtin/versioned_planes.rs:2396:17
     |
2396 |                 backend_semantic::ir::RustEdition::Rust2021,
     |                 ^^^^^^^^^^^^^^^^^^^^^^^^^^^^^^^^^^^^^^^^^^^
     |
help: remove the unnecessary path segments
     |
2396 -                 backend_semantic::ir::RustEdition::Rust2021,
2396 +                 RustEdition::Rust2021,
     |

warning: unnecessary qualification
    --> crates/local-service/src/builtin/versioned_planes.rs:2413:9
     |
2413 |         std::fs::remove_dir_all(directory).expect("remove temporary authority workspace");
     |         ^^^^^^^^^^^^^^^^^^^^^^^
     |
help: remove the unnecessary path segments
     |
2413 -         std::fs::remove_dir_all(directory).expect("remove temporary authority workspace");
2413 +         fs::remove_dir_all(directory).expect("remove temporary authority workspace");
     |

warning: unnecessary qualification
    --> crates/local-service/src/builtin/versioned_planes.rs:2430:13
     |
2430 |             backend_semantic::ir::LanguageProfile::Rust(
     |             ^^^^^^^^^^^^^^^^^^^^^^^^^^^^^^^^^^^^^^^^^^^
     |
help: remove the unnecessary path segments
     |
2430 -             backend_semantic::ir::LanguageProfile::Rust(
2430 +             LanguageProfile::Rust(
     |

warning: unnecessary qualification
    --> crates/local-service/src/builtin/versioned_planes.rs:2431:17
     |
2431 |                 backend_semantic::ir::RustEdition::Rust2021,
     |                 ^^^^^^^^^^^^^^^^^^^^^^^^^^^^^^^^^^^^^^^^^^^
     |
help: remove the unnecessary path segments
     |
2431 -                 backend_semantic::ir::RustEdition::Rust2021,
2431 +                 RustEdition::Rust2021,
     |

warning: unnecessary qualification
    --> crates/local-service/src/builtin/versioned_planes.rs:2460:9
     |
2460 |         std::fs::remove_dir_all(directory).expect("remove temporary authority workspace");
     |         ^^^^^^^^^^^^^^^^^^^^^^^
     |
help: remove the unnecessary path segments
     |
2460 -         std::fs::remove_dir_all(directory).expect("remove temporary authority workspace");
2460 +         fs::remove_dir_all(directory).expect("remove temporary authority workspace");
     |

warning: unnecessary qualification
    --> crates/local-service/src/builtin/versioned_planes.rs:2558:25
     |
2558 |             _selected: &backend_extension_turso::SelectedGeneration,
     |                         ^^^^^^^^^^^^^^^^^^^^^^^^^^^^^^^^^^^^^^^^^^^
     |
help: remove the unnecessary path segments
     |
2558 -             _selected: &backend_extension_turso::SelectedGeneration,
2558 +             _selected: &SelectedGeneration,
     |

warning: unnecessary qualification
    --> crates/local-service/src/builtin/versioned_planes.rs:2690:25
     |
2690 |             _selected: &backend_extension_turso::SelectedGeneration,
     |                         ^^^^^^^^^^^^^^^^^^^^^^^^^^^^^^^^^^^^^^^^^^^
     |
help: remove the unnecessary path segments
     |
2690 -             _selected: &backend_extension_turso::SelectedGeneration,
2690 +             _selected: &SelectedGeneration,
     |

warning: unnecessary qualification
   --> crates/local-service/src/builtin/view_build/call_join.rs:687:13
    |
687 |             backend_semantic::ir::ImageProvenance::Captured { recipe, .. }
    |             ^^^^^^^^^^^^^^^^^^^^^^^^^^^^^^^^^^^^^^^^^^^^^^^
    |
help: remove the unnecessary path segments
    |
687 -             backend_semantic::ir::ImageProvenance::Captured { recipe, .. }
687 +             ImageProvenance::Captured { recipe, .. }
    |

warning: unnecessary qualification
    --> crates/local-service/src/builtin/view_build/call_join.rs:2124:29
     |
2124 |         let (ts_bytes, _) = super::tsz_source_coordinate_tests::source_image_with_capture(
     |                             ^^^^^^^^^^^^^^^^^^^^^^^^^^^^^^^^^^^^^^^^^^^^^^^^^^^^^^^^^^^^^
     |
help: remove the unnecessary path segments
     |
2124 -         let (ts_bytes, _) = super::tsz_source_coordinate_tests::source_image_with_capture(
2124 +         let (ts_bytes, _) = tsz_source_coordinate_tests::source_image_with_capture(
     |

warning: unnecessary qualification
    --> crates/local-service/src/builtin/view_build/call_join.rs:2142:38
     |
2142 |         let (unavailable_bytes, _) = super::tsz_source_coordinate_tests::source_image_with_capture(
     |                                      ^^^^^^^^^^^^^^^^^^^^^^^^^^^^^^^^^^^^^^^^^^^^^^^^^^^^^^^^^^^^^
     |
help: remove the unnecessary path segments
     |
2142 -         let (unavailable_bytes, _) = super::tsz_source_coordinate_tests::source_image_with_capture(
2142 +         let (unavailable_bytes, _) = tsz_source_coordinate_tests::source_image_with_capture(
     |

warning: unnecessary qualification
    --> crates/local-service/src/builtin/view_build/image_rows.rs:1549:25
     |
1549 |         let projected = super::project_image_rows(
     |                         ^^^^^^^^^^^^^^^^^^^^^^^^^
     |
help: remove the unnecessary path segments
     |
1549 -         let projected = super::project_image_rows(
1549 +         let projected = project_image_rows(
     |

warning: unnecessary qualification
    --> crates/local-service/src/builtin/view_build/image_rows.rs:1573:9
     |
1573 |         super::apply_projected_image(&projected, &mut sink).expect("apply direct projection");
     |         ^^^^^^^^^^^^^^^^^^^^^^^^^^^^
     |
help: remove the unnecessary path segments
     |
1573 -         super::apply_projected_image(&projected, &mut sink).expect("apply direct projection");
1573 +         apply_projected_image(&projected, &mut sink).expect("apply direct projection");
     |

warning: unused import: `ProductSemanticCaptureOutcome`
  --> crates/local-service/src/builtin/view_build/semantic.rs:24:5
   |
24 |     ProductSemanticCaptureOutcome, ProductSemanticPublicationRecord, SemanticUnavailableReason,
   |     ^^^^^^^^^^^^^^^^^^^^^^^^^^^^^

warning: unnecessary qualification
   --> crates/local-service/src/builtin/view_journal_tests.rs:311:20
    |
311 |     let mut tail = fs::OpenOptions::new()
    |                    ^^^^^^^^^^^^^^^^^^^^
    |
help: remove the unnecessary path segments
    |
311 -     let mut tail = fs::OpenOptions::new()
311 +     let mut tail = OpenOptions::new()
    |

warning: unnecessary qualification
    --> crates/local-service/src/builtin/view_publish.rs:1752:32
     |
1752 |                 cargo_aliases: std::collections::BTreeMap::new(),
     |                                ^^^^^^^^^^^^^^^^^^^^^^^^^^^^^^^
     |
help: remove the unnecessary path segments
     |
1752 -                 cargo_aliases: std::collections::BTreeMap::new(),
1752 +                 cargo_aliases: BTreeMap::new(),
     |

warning: unnecessary qualification
    --> crates/local-service/src/builtin/view_publish.rs:1949:19
     |
1949 |         initial: &backend_engine::ViewRoot,
     |                   ^^^^^^^^^^^^^^^^^^^^^^^^
     |
help: remove the unnecessary path segments
     |
1949 -         initial: &backend_engine::ViewRoot,
1949 +         initial: &ViewRoot,
     |

warning: unnecessary qualification
    --> crates/local-service/src/builtin/commands/adapter.rs:2187:25
     |
2187 |                     && !super::super::ingest::compiler_revision_is_current_with_cancellation(
     |                         ^^^^^^^^^^^^^^^^^^^^^^^^^^^^^^^^^^^^^^^^^^^^^^^^^^^^^^^^^^^^^^^^^^^^
     |
help: remove the unnecessary path segments
     |
2187 -                     && !super::super::ingest::compiler_revision_is_current_with_cancellation(
2187 +                     && !ingest::compiler_revision_is_current_with_cancellation(
     |

warning: unnecessary qualification
    --> crates/local-service/src/builtin/commands/adapter.rs:3189:24
     |
3189 |             .collect::<std::collections::BTreeMap<_, _>>();
     |                        ^^^^^^^^^^^^^^^^^^^^^^^^^^^^^^^^
     |
help: remove the unnecessary path segments
     |
3189 -             .collect::<std::collections::BTreeMap<_, _>>();
3189 +             .collect::<BTreeMap<_, _>>();
     |

warning: unnecessary qualification
    --> crates/local-service/src/builtin/commands/adapter.rs:3232:29
     |
3232 |                         && !super::super::ingest::compiler_revision_is_current(revision_fence)
     |                             ^^^^^^^^^^^^^^^^^^^^^^^^^^^^^^^^^^^^^^^^^^^^^^^^^^
     |
help: remove the unnecessary path segments
     |
3232 -                         && !super::super::ingest::compiler_revision_is_current(revision_fence)
3232 +                         && !ingest::compiler_revision_is_current(revision_fence)
     |

warning: unnecessary qualification
    --> crates/local-service/src/builtin/commands/adapter.rs:3324:32
     |
3324 |                     .collect::<std::collections::BTreeMap<_, _>>();
     |                                ^^^^^^^^^^^^^^^^^^^^^^^^^^^^^^^^
     |
help: remove the unnecessary path segments
     |
3324 -                     .collect::<std::collections::BTreeMap<_, _>>();
3324 +                     .collect::<BTreeMap<_, _>>();
     |

warning: unnecessary qualification
    --> crates/local-service/src/builtin/commands/adapter.rs:4056:9
     |
4056 |         super::super::ingest::recover_indexed_excerpt(
     |         ^^^^^^^^^^^^^^^^^^^^^^^^^^^^^^^^^^^^^^^^^^^^^
     |
help: remove the unnecessary path segments
     |
4056 -         super::super::ingest::recover_indexed_excerpt(
4056 +         ingest::recover_indexed_excerpt(
     |

warning: unnecessary qualification
    --> crates/local-service/src/builtin/commands/adapter.rs:6037:35
     |
6037 |     struct MixedNativeEnvironment(std::path::PathBuf);
     |                                   ^^^^^^^^^^^^^^^^^^
     |
help: remove the unnecessary path segments
     |
6037 -     struct MixedNativeEnvironment(std::path::PathBuf);
6037 +     struct MixedNativeEnvironment(PathBuf);
     |

warning: unnecessary qualification
    --> crates/local-service/src/builtin/commands/adapter.rs:6810:21
     |
6810 |     fn label(path: &std::path::Path) -> String {
     |                     ^^^^^^^^^^^^^^^
     |
help: remove the unnecessary path segments
     |
6810 -     fn label(path: &std::path::Path) -> String {
6810 +     fn label(path: &Path) -> String {
     |

warning: unnecessary qualification
    --> crates/local-service/src/builtin/commands/adapter.rs:6817:31
     |
6817 |     fn symlink_dir(original: &std::path::Path, link: &std::path::Path) -> std::io::Result<()> {
     |                               ^^^^^^^^^^^^^^^
     |
help: remove the unnecessary path segments
     |
6817 -     fn symlink_dir(original: &std::path::Path, link: &std::path::Path) -> std::io::Result<()> {
6817 +     fn symlink_dir(original: &Path, link: &std::path::Path) -> std::io::Result<()> {
     |

warning: unnecessary qualification
    --> crates/local-service/src/builtin/commands/adapter.rs:6817:55
     |
6817 |     fn symlink_dir(original: &std::path::Path, link: &std::path::Path) -> std::io::Result<()> {
     |                                                       ^^^^^^^^^^^^^^^
     |
help: remove the unnecessary path segments
     |
6817 -     fn symlink_dir(original: &std::path::Path, link: &std::path::Path) -> std::io::Result<()> {
6817 +     fn symlink_dir(original: &std::path::Path, link: &Path) -> std::io::Result<()> {
     |

warning: unnecessary qualification
    --> crates/local-service/src/builtin/commands/adapter.rs:6829:32
     |
6829 |     fn symlink_file(original: &std::path::Path, link: &std::path::Path) -> std::io::Result<()> {
     |                                ^^^^^^^^^^^^^^^
     |
help: remove the unnecessary path segments
     |
6829 -     fn symlink_file(original: &std::path::Path, link: &std::path::Path) -> std::io::Result<()> {
6829 +     fn symlink_file(original: &Path, link: &std::path::Path) -> std::io::Result<()> {
     |

warning: unnecessary qualification
    --> crates/local-service/src/builtin/commands/adapter.rs:6829:56
     |
6829 |     fn symlink_file(original: &std::path::Path, link: &std::path::Path) -> std::io::Result<()> {
     |                                                        ^^^^^^^^^^^^^^^
     |
help: remove the unnecessary path segments
     |
6829 -     fn symlink_file(original: &std::path::Path, link: &std::path::Path) -> std::io::Result<()> {
6829 +     fn symlink_file(original: &std::path::Path, link: &Path) -> std::io::Result<()> {
     |

warning: unnecessary qualification
    --> crates/local-service/src/builtin/commands/adapter.rs:7146:47
     |
7146 |                 let _ = released.recv_timeout(std::time::Duration::from_secs(10));
     |                                               ^^^^^^^^^^^^^^^^^^^^^^^^^^^^^^
     |
help: remove the unnecessary path segments
     |
7146 -                 let _ = released.recv_timeout(std::time::Duration::from_secs(10));
7146 +                 let _ = released.recv_timeout(Duration::from_secs(10));
     |

warning: unnecessary qualification
    --> crates/local-service/src/builtin/commands/adapter.rs:7154:27
     |
7154 |             .recv_timeout(std::time::Duration::from_secs(10))
     |                           ^^^^^^^^^^^^^^^^^^^^^^^^^^^^^^
     |
help: remove the unnecessary path segments
     |
7154 -             .recv_timeout(std::time::Duration::from_secs(10))
7154 +             .recv_timeout(Duration::from_secs(10))
     |

warning: unnecessary qualification
    --> crates/local-service/src/builtin/commands/adapter.rs:7176:34
     |
7176 |             started.elapsed() >= std::time::Duration::from_millis(200),
     |                                  ^^^^^^^^^^^^^^^^^^^^^^^^^^^^^^^^
     |
help: remove the unnecessary path segments
     |
7176 -             started.elapsed() >= std::time::Duration::from_millis(200),
7176 +             started.elapsed() >= Duration::from_millis(200),
     |

warning: unnecessary qualification
    --> crates/local-service/src/builtin/commands/adapter.rs:7256:52
     |
7256 |         let deadline = std::time::Instant::now() + std::time::Duration::from_secs(10);
     |                                                    ^^^^^^^^^^^^^^^^^^^^^^^^^^^^^^
     |
help: remove the unnecessary path segments
     |
7256 -         let deadline = std::time::Instant::now() + std::time::Duration::from_secs(10);
7256 +         let deadline = std::time::Instant::now() + Duration::from_secs(10);
     |

warning: unnecessary qualification
    --> crates/local-service/src/builtin/commands/adapter.rs:7272:47
     |
7272 |                 let _ = released.recv_timeout(std::time::Duration::from_secs(10));
     |                                               ^^^^^^^^^^^^^^^^^^^^^^^^^^^^^^
     |
help: remove the unnecessary path segments
     |
7272 -                 let _ = released.recv_timeout(std::time::Duration::from_secs(10));
7272 +                 let _ = released.recv_timeout(Duration::from_secs(10));
     |

warning: unnecessary qualification
    --> crates/local-service/src/builtin/commands/adapter.rs:7277:27
     |
7277 |             .recv_timeout(std::time::Duration::from_secs(10))
     |                           ^^^^^^^^^^^^^^^^^^^^^^^^^^^^^^
     |
help: remove the unnecessary path segments
     |
7277 -             .recv_timeout(std::time::Duration::from_secs(10))
7277 +             .recv_timeout(Duration::from_secs(10))
     |

warning: unnecessary qualification
    --> crates/local-service/src/builtin/commands/adapter.rs:7282:34
     |
7282 |             started.elapsed() >= std::time::Duration::from_millis(200),
     |                                  ^^^^^^^^^^^^^^^^^^^^^^^^^^^^^^^^
     |
help: remove the unnecessary path segments
     |
7282 -             started.elapsed() >= std::time::Duration::from_millis(200),
7282 +             started.elapsed() >= Duration::from_millis(200),
     |

warning: unnecessary qualification
    --> crates/local-service/src/builtin/commands/adapter.rs:7322:52
     |
7322 |         let deadline = std::time::Instant::now() + std::time::Duration::from_secs(10);
     |                                                    ^^^^^^^^^^^^^^^^^^^^^^^^^^^^^^
     |
help: remove the unnecessary path segments
     |
7322 -         let deadline = std::time::Instant::now() + std::time::Duration::from_secs(10);
7322 +         let deadline = std::time::Instant::now() + Duration::from_secs(10);
     |

warning: unnecessary qualification
    --> crates/local-service/src/builtin/commands/adapter.rs:7417:52
     |
7417 |         let deadline = std::time::Instant::now() + std::time::Duration::from_secs(10);
     |                                                    ^^^^^^^^^^^^^^^^^^^^^^^^^^^^^^
     |
help: remove the unnecessary path segments
     |
7417 -         let deadline = std::time::Instant::now() + std::time::Duration::from_secs(10);
7417 +         let deadline = std::time::Instant::now() + Duration::from_secs(10);
     |

warning: unnecessary qualification
    --> crates/local-service/src/builtin/commands/adapter.rs:7545:52
     |
7545 |         let deadline = std::time::Instant::now() + std::time::Duration::from_secs(10);
     |                                                    ^^^^^^^^^^^^^^^^^^^^^^^^^^^^^^
     |
help: remove the unnecessary path segments
     |
7545 -         let deadline = std::time::Instant::now() + std::time::Duration::from_secs(10);
7545 +         let deadline = std::time::Instant::now() + Duration::from_secs(10);
     |

warning: unnecessary qualification
    --> crates/local-service/src/builtin/commands/adapter.rs:8166:13
     |
8166 |             std::path::Path::new(&label).join("pyproject.toml"),
     |             ^^^^^^^^^^^^^^^^^^^^
     |
help: remove the unnecessary path segments
     |
8166 -             std::path::Path::new(&label).join("pyproject.toml"),
8166 +             Path::new(&label).join("pyproject.toml"),
     |

warning: unnecessary qualification
    --> crates/local-service/src/builtin/commands/adapter.rs:8171:13
     |
8171 |             std::path::Path::new(&label).join("source.py"),
     |             ^^^^^^^^^^^^^^^^^^^^
     |
help: remove the unnecessary path segments
     |
8171 -             std::path::Path::new(&label).join("source.py"),
8171 +             Path::new(&label).join("source.py"),
     |

warning: unnecessary qualification
    --> crates/local-service/src/builtin/commands/adapter.rs:8321:13
     |
8321 |             std::path::Path::new(&canonical_label).join("module.py"),
     |             ^^^^^^^^^^^^^^^^^^^^
     |
help: remove the unnecessary path segments
     |
8321 -             std::path::Path::new(&canonical_label).join("module.py"),
8321 +             Path::new(&canonical_label).join("module.py"),
     |

warning: unnecessary qualification
    --> crates/local-service/src/builtin/commands/adapter.rs:8331:19
     |
8331 |         let key = backend_engine::builtin::ProductSemanticPublicationKey::new(
     |                   ^^^^^^^^^^^^^^^^^^^^^^^^^^^^^^^^^^^^^^^^^^^^^^^^^^^^^^^^^^^
     |
help: remove the unnecessary path segments
     |
8331 -         let key = backend_engine::builtin::ProductSemanticPublicationKey::new(
8331 +         let key = ProductSemanticPublicationKey::new(
     |

warning: unnecessary qualification
    --> crates/local-service/src/builtin/commands/adapter.rs:8450:50
     |
8450 |             &backend_engine::CommandDto::new(id, backend_engine::Command::Search(query))
     |                                                  ^^^^^^^^^^^^^^^^^^^^^^^^^^^^^^^
     |
help: remove the unnecessary path segments
     |
8450 -             &backend_engine::CommandDto::new(id, backend_engine::Command::Search(query))
8450 +             &backend_engine::CommandDto::new(id, Command::Search(query))
     |

warning: unnecessary qualification
    --> crates/local-service/src/builtin/commands/adapter.rs:8514:29
     |
8514 |             (201, "health", backend_engine::Command::Health),
     |                             ^^^^^^^^^^^^^^^^^^^^^^^^^^^^^^^
     |
help: remove the unnecessary path segments
     |
8514 -             (201, "health", backend_engine::Command::Health),
8514 +             (201, "health", Command::Health),
     |

warning: unnecessary qualification
    --> crates/local-service/src/builtin/commands/adapter.rs:8515:31
     |
8515 |             (202, "revision", backend_engine::Command::Revision),
     |                               ^^^^^^^^^^^^^^^^^^^^^^^^^^^^^^^^^
     |
help: remove the unnecessary path segments
     |
8515 -             (202, "revision", backend_engine::Command::Revision),
8515 +             (202, "revision", Command::Revision),
     |

warning: unnecessary qualification
    --> crates/local-service/src/builtin/commands/adapter.rs:8519:17
     |
8519 |                 backend_engine::Command::Surface(backend_library::SurfaceCommand::IndexCancel {
     |                 ^^^^^^^^^^^^^^^^^^^^^^^^^^^^^^^^
     |
help: remove the unnecessary path segments
     |
8519 -                 backend_engine::Command::Surface(backend_library::SurfaceCommand::IndexCancel {
8519 +                 Command::Surface(backend_library::SurfaceCommand::IndexCancel {
     |

warning: unnecessary qualification
    --> crates/local-service/src/builtin/commands/adapter.rs:8830:13
     |
8830 |             backend_engine::Command::Health,
     |             ^^^^^^^^^^^^^^^^^^^^^^^^^^^^^^^
     |
help: remove the unnecessary path segments
     |
8830 -             backend_engine::Command::Health,
8830 +             Command::Health,
     |

warning: unnecessary qualification
    --> crates/local-service/src/builtin/commands/adapter.rs:8841:13
     |
8841 |             backend_engine::Command::Surface(backend_library::SurfaceCommand::IndexCancel {
     |             ^^^^^^^^^^^^^^^^^^^^^^^^^^^^^^^^
     |
help: remove the unnecessary path segments
     |
8841 -             backend_engine::Command::Surface(backend_library::SurfaceCommand::IndexCancel {
8841 +             Command::Surface(backend_library::SurfaceCommand::IndexCancel {
     |

warning: unnecessary qualification
    --> crates/local-service/src/builtin/commands/diff.rs:1589:19
     |
1589 |             kind: backend_semantic::ir::LinkKind::Calls,
     |                   ^^^^^^^^^^^^^^^^^^^^^^^^^^^^^^^^^^^^^
     |
help: remove the unnecessary path segments
     |
1589 -             kind: backend_semantic::ir::LinkKind::Calls,
1589 +             kind: LinkKind::Calls,
     |

warning: unnecessary qualification
    --> crates/local-service/src/builtin/commands/diff.rs:1715:13
     |
1715 |             backend_semantic::ir::LinkKind::Calls
     |             ^^^^^^^^^^^^^^^^^^^^^^^^^^^^^^^^^^^^^
     |
help: remove the unnecessary path segments
     |
1715 -             backend_semantic::ir::LinkKind::Calls
1715 +             LinkKind::Calls
     |

warning: unnecessary qualification
    --> crates/local-service/src/builtin/commands/diff.rs:2693:13
     |
2693 |             crate::builtin::BuiltinModel,
     |             ^^^^^^^^^^^^^^^^^^^^^^^^^^^^
     |
help: remove the unnecessary path segments
     |
2693 -             crate::builtin::BuiltinModel,
2693 +             BuiltinModel,
     |

warning: unused import: `ProductSemanticCaptureRelation`
  --> crates/local-service/src/builtin/commands/index.rs:19:61
   |
19 |     PartialSemanticCoverage, ProductSemanticCaptureOutcome, ProductSemanticCaptureRelation,
   |                                                             ^^^^^^^^^^^^^^^^^^^^^^^^^^^^^^

warning: unused import: `Relation as _`
  --> crates/local-service/src/builtin/commands/index.rs:39:33
   |
39 | use backend_version::{Coverage, Relation as _, ScopeRoot, WorkspaceRoot};
   |                                 ^^^^^^^^^^^^^

warning: unnecessary qualification
    --> crates/local-service/src/builtin/commands/index.rs:1513:48
     |
1513 |     compiler_failure: Option<(LanguageProfile, backend_library::PackageCompilerFailure)>,
     |                                                ^^^^^^^^^^^^^^^^^^^^^^^^^^^^^^^^^^^^^^^
     |
help: remove the unnecessary path segments
     |
1513 -     compiler_failure: Option<(LanguageProfile, backend_library::PackageCompilerFailure)>,
1513 +     compiler_failure: Option<(LanguageProfile, PackageCompilerFailure)>,
     |

warning: unnecessary qualification
    --> crates/local-service/src/builtin/commands/index.rs:1750:48
     |
1750 |     compiler_failure: Option<(LanguageProfile, backend_library::PackageCompilerFailure)>,
     |                                                ^^^^^^^^^^^^^^^^^^^^^^^^^^^^^^^^^^^^^^^
     |
help: remove the unnecessary path segments
     |
1750 -     compiler_failure: Option<(LanguageProfile, backend_library::PackageCompilerFailure)>,
1750 +     compiler_failure: Option<(LanguageProfile, PackageCompilerFailure)>,
     |

warning: unnecessary qualification
    --> crates/local-service/src/builtin/commands/index_operation.rs:1852:20
     |
1852 |     fn open(path: &std::path::Path) -> IndexOperationJournal {
     |                    ^^^^^^^^^^^^^^^
     |
help: remove the unnecessary path segments
     |
1852 -     fn open(path: &std::path::Path) -> IndexOperationJournal {
1852 +     fn open(path: &Path) -> IndexOperationJournal {
     |

warning: unnecessary qualification
    --> crates/local-service/src/builtin/commands/index_operation.rs:1932:23
     |
1932 |     fn cleanup(path: &std::path::Path) {
     |                       ^^^^^^^^^^^^^^^
     |
help: remove the unnecessary path segments
     |
1932 -     fn cleanup(path: &std::path::Path) {
1932 +     fn cleanup(path: &Path) {
     |

warning: unnecessary qualification
    --> crates/local-service/src/builtin/commands/index_operation.rs:2891:32
     |
2891 |         let mut journal = open(std::path::Path::new(&path));
     |                                ^^^^^^^^^^^^^^^^^^^^
     |
help: remove the unnecessary path segments
     |
2891 -         let mut journal = open(std::path::Path::new(&path));
2891 +         let mut journal = open(Path::new(&path));
     |

warning: unnecessary qualification
     --> crates/local-service/src/builtin/commands/semantic_query.rs:10844:19
      |
10844 |             kind: backend_semantic::ir::LinkKind::Calls,
      |                   ^^^^^^^^^^^^^^^^^^^^^^^^^^^^^^^^^^^^^
      |
help: remove the unnecessary path segments
      |
10844 -             kind: backend_semantic::ir::LinkKind::Calls,
10844 +             kind: LinkKind::Calls,
      |

warning: unnecessary qualification
     --> crates/local-service/src/builtin/commands/semantic_query.rs:10880:23
      |
10880 |                 kind: backend_semantic::ir::LinkKind::Calls,
      |                       ^^^^^^^^^^^^^^^^^^^^^^^^^^^^^^^^^^^^^
      |
help: remove the unnecessary path segments
      |
10880 -                 kind: backend_semantic::ir::LinkKind::Calls,
10880 +                 kind: LinkKind::Calls,
      |

warning: unnecessary qualification
     --> crates/local-service/src/builtin/commands/semantic_query.rs:10905:29
      |
10905 |         let callee_symbol = super::super::super::view_build::semantic_symbol(
      |                             ^^^^^^^^^^^^^^^^^^^^^^^^^^^^^^^^^^^^^^^^^^^^^^^^
      |
help: remove the unnecessary path segments
      |
10905 -         let callee_symbol = super::super::super::view_build::semantic_symbol(
10905 +         let callee_symbol = view_build::semantic_symbol(
      |

warning: unnecessary qualification
     --> crates/local-service/src/builtin/commands/semantic_query.rs:10919:16
      |
10919 |             != super::super::super::view_build::semantic_symbol(
      |                ^^^^^^^^^^^^^^^^^^^^^^^^^^^^^^^^^^^^^^^^^^^^^^^^
      |
help: remove the unnecessary path segments
      |
10919 -             != super::super::super::view_build::semantic_symbol(
10919 +             != view_build::semantic_symbol(
      |

warning: unnecessary qualification
     --> crates/local-service/src/builtin/commands/semantic_query.rs:10960:22
      |
10960 |         let absent = super::super::super::view_build::semantic_symbol(
      |                      ^^^^^^^^^^^^^^^^^^^^^^^^^^^^^^^^^^^^^^^^^^^^^^^^
      |
help: remove the unnecessary path segments
      |
10960 -         let absent = super::super::super::view_build::semantic_symbol(
10960 +         let absent = view_build::semantic_symbol(
      |

warning: unnecessary qualification
    --> crates/local-service/src/builtin/commands/semantic_shapes.rs:2111:53
     |
2111 |             backend_engine::SemanticTypeFact::Known(backend_engine::SemanticTypeExpr::Object(
     |                                                     ^^^^^^^^^^^^^^^^^^^^^^^^^^^^^^^^^^^^^^^^
     |
help: remove the unnecessary path segments
     |
2111 -             backend_engine::SemanticTypeFact::Known(backend_engine::SemanticTypeExpr::Object(
2111 +             backend_engine::SemanticTypeFact::Known(SemanticTypeExpr::Object(
     |

warning: unnecessary qualification
    --> crates/local-service/src/builtin/commands/semantic_shapes.rs:2120:33
     |
2120 | ...                   backend_engine::SemanticTypeExpr::Literal(
     |                       ^^^^^^^^^^^^^^^^^^^^^^^^^^^^^^^^^^^^^^^^^
     |
help: remove the unnecessary path segments
     |
2120 -                                 backend_engine::SemanticTypeExpr::Literal(
2120 +                                 SemanticTypeExpr::Literal(
     |

warning: unused import: `PreparedBuiltinIntent`
  --> crates/local-service/src/builtin/commands/mod.rs:21:5
   |
21 |     PreparedBuiltinIntent, commit_builtin_intent, commit_prepared_builtin_intent,
   |     ^^^^^^^^^^^^^^^^^^^^^

warning: unused import: `source_capture_receipt_for_root`
  --> crates/local-service/src/builtin/commands/mod.rs:25:62
   |
25 |     recover_awaiting_selection, recover_offered_reservation, source_capture_receipt_for_root,
   |                                                              ^^^^^^^^^^^^^^^^^^^^^^^^^^^^^^^

warning: unnecessary qualification
    --> crates/local-service/src/builtin/registry.rs:1081:35
     |
1081 |             let source_identity = backend_engine::serde_json::to_vec(&source.source)
     |                                   ^^^^^^^^^^^^^^^^^^^^^^^^^^^^^^^^^^
     |
help: remove the unnecessary path segments
     |
1081 -             let source_identity = backend_engine::serde_json::to_vec(&source.source)
1081 +             let source_identity = serde_json::to_vec(&source.source)
     |

warning: unnecessary qualification
    --> crates/local-service/src/builtin/registry.rs:1106:25
     |
1106 |         let osv_scope = backend_engine::serde_json::to_vec(&self.advisory_config.osv_scope)
     |                         ^^^^^^^^^^^^^^^^^^^^^^^^^^^^^^^^^^
     |
help: remove the unnecessary path segments
     |
1106 -         let osv_scope = backend_engine::serde_json::to_vec(&self.advisory_config.osv_scope)
1106 +         let osv_scope = serde_json::to_vec(&self.advisory_config.osv_scope)
     |

warning: unnecessary qualification
    --> crates/local-service/src/builtin/registry.rs:1411:17
     |
1411 |                 backend_engine::acquisition::NegativeFactKind::Yanked => {
     |                 ^^^^^^^^^^^^^^^^^^^^^^^^^^^^^^^^^^^^^^^^^^^^^^^^^^^^^
     |
help: remove the unnecessary path segments
     |
1411 -                 backend_engine::acquisition::NegativeFactKind::Yanked => {
1411 +                 NegativeFactKind::Yanked => {
     |

warning: unnecessary qualification
    --> crates/local-service/src/builtin/registry.rs:1416:17
     |
1416 |                 backend_engine::acquisition::NegativeFactKind::AdvisoryBlocked => {
     |                 ^^^^^^^^^^^^^^^^^^^^^^^^^^^^^^^^^^^^^^^^^^^^^^^^^^^^^^^^^^^^^^
     |
help: remove the unnecessary path segments
     |
1416 -                 backend_engine::acquisition::NegativeFactKind::AdvisoryBlocked => {
1416 +                 NegativeFactKind::AdvisoryBlocked => {
     |

warning: unnecessary qualification
    --> crates/local-service/src/builtin/registry.rs:1419:17
     |
1419 |                 backend_engine::acquisition::NegativeFactKind::Unsupported => {
     |                 ^^^^^^^^^^^^^^^^^^^^^^^^^^^^^^^^^^^^^^^^^^^^^^^^^^^^^^^^^^
     |
help: remove the unnecessary path segments
     |
1419 -                 backend_engine::acquisition::NegativeFactKind::Unsupported => {
1419 +                 NegativeFactKind::Unsupported => {
     |

warning: unnecessary qualification
    --> crates/local-service/src/builtin/registry.rs:1422:17
     |
1422 |                 backend_engine::acquisition::NegativeFactKind::NotFound => {
     |                 ^^^^^^^^^^^^^^^^^^^^^^^^^^^^^^^^^^^^^^^^^^^^^^^^^^^^^^^
     |
help: remove the unnecessary path segments
     |
1422 -                 backend_engine::acquisition::NegativeFactKind::NotFound => {
1422 +                 NegativeFactKind::NotFound => {
     |

warning: unnecessary qualification
    --> crates/local-service/src/builtin/registry.rs:2338:27
     |
2338 |         fn capture(file: &std::fs::File) -> Result<Self, String> {
     |                           ^^^^^^^^^^^^^
     |
help: remove the unnecessary path segments
     |
2338 -         fn capture(file: &std::fs::File) -> Result<Self, String> {
2338 +         fn capture(file: &File) -> Result<Self, String> {
     |

warning: unnecessary qualification
    --> crates/local-service/src/builtin/registry.rs:3705:22
     |
3705 |         let source = backend_engine::registry::RegistrySource::new(endpoint).with_native(false);
     |                      ^^^^^^^^^^^^^^^^^^^^^^^^^^^^^^^^^^^^^^^^^^^^^
     |
help: remove the unnecessary path segments
     |
3705 -         let source = backend_engine::registry::RegistrySource::new(endpoint).with_native(false);
3705 +         let source = RegistrySource::new(endpoint).with_native(false);
     |

warning: unnecessary qualification
    --> crates/local-service/src/builtin/registry.rs:3706:23
     |
3706 |         let sources = backend_engine::registry::RegistrySourceSet::empty()
     |                       ^^^^^^^^^^^^^^^^^^^^^^^^^^^^^^^^^^^^^^^^^^^^^^^^^^
     |
help: remove the unnecessary path segments
     |
3706 -         let sources = backend_engine::registry::RegistrySourceSet::empty()
3706 +         let sources = RegistrySourceSet::empty()
     |

warning: unnecessary qualification
    --> crates/local-service/src/builtin/registry.rs:3713:21
     |
3713 |             policy: backend_engine::registry::AcquisitionPolicy::Online,
     |                     ^^^^^^^^^^^^^^^^^^^^^^^^^^^^^^^^^^^^^^^^^^^^^^^^^^^
     |
help: remove the unnecessary path segments
     |
3713 -             policy: backend_engine::registry::AcquisitionPolicy::Online,
3713 +             policy: AcquisitionPolicy::Online,
     |

warning: unnecessary qualification
    --> crates/local-service/src/builtin/registry.rs:4339:24
     |
4339 |         let original = std::sync::Arc::new(
     |                        ^^^^^^^^^^^^^^^^^^^
     |
help: remove the unnecessary path segments
     |
4339 -         let original = std::sync::Arc::new(
4339 +         let original = Arc::new(
     |

warning: unnecessary qualification
    --> crates/local-service/src/builtin/registry.rs:4344:13
     |
4344 |             std::sync::Arc::clone(&original)
     |             ^^^^^^^^^^^^^^^^^^^^^
     |
help: remove the unnecessary path segments
     |
4344 -             std::sync::Arc::clone(&original)
4344 +             Arc::clone(&original)
     |

warning: unnecessary qualification
    --> crates/local-service/src/builtin/registry.rs:4346:13
     |
4346 |             std::sync::Arc::new(
     |             ^^^^^^^^^^^^^^^^^^^
     |
help: remove the unnecessary path segments
     |
4346 -             std::sync::Arc::new(
4346 +             Arc::new(
     |

warning: unnecessary qualification
    --> crates/local-service/src/builtin/registry.rs:4350:17
     |
4350 |         assert!(std::sync::Arc::ptr_eq(&original, &reused));
     |                 ^^^^^^^^^^^^^^^^^^^^^^
     |
help: remove the unnecessary path segments
     |
4350 -         assert!(std::sync::Arc::ptr_eq(&original, &reused));
4350 +         assert!(Arc::ptr_eq(&original, &reused));
     |

warning: unnecessary qualification
    --> crates/local-service/src/builtin/registry.rs:4352:23
     |
4352 |         let rebuilt = std::sync::Arc::new(
     |                       ^^^^^^^^^^^^^^^^^^^
     |
help: remove the unnecessary path segments
     |
4352 -         let rebuilt = std::sync::Arc::new(
4352 +         let rebuilt = Arc::new(
     |

warning: unnecessary qualification
    --> crates/local-service/src/builtin/browse/cargo_metadata.rs:2455:29
     |
2455 |         let sccache_paths = super::super::sccache_configuration_paths(&package)
     |                             ^^^^^^^^^^^^^^^^^^^^^^^^^^^^^^^^^^^^^^^^^
     |
help: remove the unnecessary path segments
     |
2455 -         let sccache_paths = super::super::sccache_configuration_paths(&package)
2455 +         let sccache_paths = sccache_configuration_paths(&package)
     |

warning: unnecessary qualification
    --> crates/local-service/src/builtin/browse/cargo_metadata.rs:2458:13
     |
2458 |             super::super::rustup_selection_paths(&package).expect("request-CWD rustup selectors");
     |             ^^^^^^^^^^^^^^^^^^^^^^^^^^^^^^^^^^^^
     |
help: remove the unnecessary path segments
     |
2458 -             super::super::rustup_selection_paths(&package).expect("request-CWD rustup selectors");
2458 +             rustup_selection_paths(&package).expect("request-CWD rustup selectors");
     |

warning: unnecessary qualification
    --> crates/local-service/src/builtin/browse/cargo_metadata.rs:2468:9
     |
2468 |         super::super::observation_witness_with_context(&workspace, &watched, [1; 32], [2; 32])
     |         ^^^^^^^^^^^^^^^^^^^^^^^^^^^^^^^^^^^^^^^^^^^^^^
     |
help: remove the unnecessary path segments
     |
2468 -         super::super::observation_witness_with_context(&workspace, &watched, [1; 32], [2; 32])
2468 +         observation_witness_with_context(&workspace, &watched, [1; 32], [2; 32])
     |

warning: unnecessary qualification
    --> crates/local-service/src/builtin/discovery_search.rs:6304:31
     |
6304 |     fn temp_journal_path() -> std::path::PathBuf {
     |                               ^^^^^^^^^^^^^^^^^^
     |
help: remove the unnecessary path segments
     |
6304 -     fn temp_journal_path() -> std::path::PathBuf {
6304 +     fn temp_journal_path() -> PathBuf {
     |

warning: unnecessary qualification
    --> crates/local-service/src/builtin/discovery_search.rs:6351:27
     |
6351 |     fn file_sha256(path: &std::path::Path) -> String {
     |                           ^^^^^^^^^^^^^^^
     |
help: remove the unnecessary path segments
     |
6351 -     fn file_sha256(path: &std::path::Path) -> String {
6351 +     fn file_sha256(path: &Path) -> String {
     |

warning: unnecessary qualification
    --> crates/local-service/src/builtin/discovery_search.rs:6355:24
     |
6355 |         let mut file = std::fs::File::open(path).expect("open benchmark executable");
     |                        ^^^^^^^^^^^^^^^^^^^
     |
help: remove the unnecessary path segments
     |
6355 -         let mut file = std::fs::File::open(path).expect("open benchmark executable");
6355 +         let mut file = File::open(path).expect("open benchmark executable");
     |

warning: unnecessary qualification
    --> crates/local-service/src/builtin/discovery_search.rs:6386:40
     |
6386 |     fn measured_directory_bytes(path: &std::path::Path) -> u64 {
     |                                        ^^^^^^^^^^^^^^^
     |
help: remove the unnecessary path segments
     |
6386 -     fn measured_directory_bytes(path: &std::path::Path) -> u64 {
6386 +     fn measured_directory_bytes(path: &Path) -> u64 {
     |

warning: unnecessary qualification
    --> crates/local-service/src/builtin/discovery_search.rs:6387:27
     |
6387 |         let Ok(entries) = std::fs::read_dir(path) else {
     |                           ^^^^^^^^^^^^^^^^^
     |
help: remove the unnecessary path segments
     |
6387 -         let Ok(entries) = std::fs::read_dir(path) else {
6387 +         let Ok(entries) = fs::read_dir(path) else {
     |

warning: unnecessary qualification
    --> crates/local-service/src/builtin/discovery_search.rs:6399:21
     |
6399 |                     std::fs::symlink_metadata(entry.path())
     |                     ^^^^^^^^^^^^^^^^^^^^^^^^^
     |
help: remove the unnecessary path segments
     |
6399 -                     std::fs::symlink_metadata(entry.path())
6399 +                     fs::symlink_metadata(entry.path())
     |

warning: unnecessary qualification
    --> crates/local-service/src/builtin/discovery_search.rs:6401:33
     |
6401 |                         .filter(std::fs::Metadata::is_file)
     |                                 ^^^^^^^^^^^^^^^^^^^^^^^^^^
     |
help: remove the unnecessary path segments
     |
6401 -                         .filter(std::fs::Metadata::is_file)
6401 +                         .filter(fs::Metadata::is_file)
     |

warning: unnecessary qualification
    --> crates/local-service/src/builtin/discovery_search.rs:6488:28
     |
6488 |         let journal_path = std::path::PathBuf::from(
     |                            ^^^^^^^^^^^^^^^^^^^^^^^^
     |
help: remove the unnecessary path segments
     |
6488 -         let journal_path = std::path::PathBuf::from(
6488 +         let journal_path = PathBuf::from(
     |

warning: unnecessary qualification
    --> crates/local-service/src/builtin/discovery_search.rs:6492:27
     |
6492 |         let labels_path = std::path::PathBuf::from(
     |                           ^^^^^^^^^^^^^^^^^^^^^^^^
     |
help: remove the unnecessary path segments
     |
6492 -         let labels_path = std::path::PathBuf::from(
6492 +         let labels_path = PathBuf::from(
     |

warning: unnecessary qualification
    --> crates/local-service/src/builtin/discovery_search.rs:6496:26
     |
6496 |         let cache_root = std::path::PathBuf::from(
     |                          ^^^^^^^^^^^^^^^^^^^^^^^^
     |
help: remove the unnecessary path segments
     |
6496 -         let cache_root = std::path::PathBuf::from(
6496 +         let cache_root = PathBuf::from(
     |

warning: unnecessary qualification
    --> crates/local-service/src/builtin/discovery_search.rs:6500:27
     |
6500 |         let report_path = std::path::PathBuf::from(
     |                           ^^^^^^^^^^^^^^^^^^^^^^^^
     |
help: remove the unnecessary path segments
     |
6500 -         let report_path = std::path::PathBuf::from(
6500 +         let report_path = PathBuf::from(
     |

warning: unnecessary qualification
    --> crates/local-service/src/builtin/discovery_search.rs:6508:32
     |
6508 |         let executable_bytes = std::fs::metadata(&executable_path)
     |                                ^^^^^^^^^^^^^^^^^
     |
help: remove the unnecessary path segments
     |
6508 -         let executable_bytes = std::fs::metadata(&executable_path)
6508 +         let executable_bytes = fs::metadata(&executable_path)
     |

warning: unnecessary qualification
    --> crates/local-service/src/builtin/discovery_search.rs:6512:13
     |
6512 |             std::path::PathBuf::from(env!("CARGO_MANIFEST_DIR")).join("../../Cargo.lock");
     |             ^^^^^^^^^^^^^^^^^^^^^^^^
     |
help: remove the unnecessary path segments
     |
6512 -             std::path::PathBuf::from(env!("CARGO_MANIFEST_DIR")).join("../../Cargo.lock");
6512 +             PathBuf::from(env!("CARGO_MANIFEST_DIR")).join("../../Cargo.lock");
     |

warning: unnecessary qualification
    --> crates/local-service/src/builtin/discovery_search.rs:6519:29
     |
6519 |         let journal_bytes = std::fs::read(&journal_path).expect("read pinned journal copy");
     |                             ^^^^^^^^^^^^^
     |
help: remove the unnecessary path segments
     |
6519 -         let journal_bytes = std::fs::read(&journal_path).expect("read pinned journal copy");
6519 +         let journal_bytes = fs::read(&journal_path).expect("read pinned journal copy");
     |

warning: unnecessary qualification
    --> crates/local-service/src/builtin/discovery_search.rs:6532:28
     |
6532 |         let labels_bytes = std::fs::read(&labels_path).expect("read independent query labels");
     |                            ^^^^^^^^^^^^^
     |
help: remove the unnecessary path segments
     |
6532 -         let labels_bytes = std::fs::read(&labels_path).expect("read independent query labels");
6532 +         let labels_bytes = fs::read(&labels_path).expect("read independent query labels");
     |

warning: unnecessary qualification
    --> crates/local-service/src/builtin/discovery_search.rs:6844:13
     |
6844 |             std::fs::create_dir_all(parent).expect("create benchmark report directory");
     |             ^^^^^^^^^^^^^^^^^^^^^^^
     |
help: remove the unnecessary path segments
     |
6844 -             std::fs::create_dir_all(parent).expect("create benchmark report directory");
6844 +             fs::create_dir_all(parent).expect("create benchmark report directory");
     |

warning: unnecessary qualification
    --> crates/local-service/src/builtin/discovery_search.rs:6846:9
     |
6846 |         std::fs::write(
     |         ^^^^^^^^^^^^^^
     |
help: remove the unnecessary path segments
     |
6846 -         std::fs::write(
6846 +         fs::write(
     |

warning: unnecessary qualification
    --> crates/local-service/src/builtin/discovery_search.rs:7839:17
     |
7839 |         let _ = std::fs::remove_file(&path);
     |                 ^^^^^^^^^^^^^^^^^^^^
     |
help: remove the unnecessary path segments
     |
7839 -         let _ = std::fs::remove_file(&path);
7839 +         let _ = fs::remove_file(&path);
     |

warning: unnecessary qualification
    --> crates/local-service/src/builtin/discovery_search.rs:7840:17
     |
7840 |         let _ = std::fs::remove_file(path.with_extension("journal.lock"));
     |                 ^^^^^^^^^^^^^^^^^^^^
     |
help: remove the unnecessary path segments
     |
7840 -         let _ = std::fs::remove_file(path.with_extension("journal.lock"));
7840 +         let _ = fs::remove_file(path.with_extension("journal.lock"));
     |

warning: unnecessary qualification
    --> crates/local-service/src/builtin/discovery_search.rs:7935:17
     |
7935 |         let _ = std::fs::remove_file(&path);
     |                 ^^^^^^^^^^^^^^^^^^^^
     |
help: remove the unnecessary path segments
     |
7935 -         let _ = std::fs::remove_file(&path);
7935 +         let _ = fs::remove_file(&path);
     |

warning: unnecessary qualification
    --> crates/local-service/src/builtin/discovery_search.rs:7936:17
     |
7936 |         let _ = std::fs::remove_file(path.with_extension("journal.lock"));
     |                 ^^^^^^^^^^^^^^^^^^^^
     |
help: remove the unnecessary path segments
     |
7936 -         let _ = std::fs::remove_file(path.with_extension("journal.lock"));
7936 +         let _ = fs::remove_file(path.with_extension("journal.lock"));
     |

warning: unnecessary qualification
    --> crates/local-service/src/builtin/discovery_search.rs:8084:17
     |
8084 |         let _ = std::fs::remove_file(&path);
     |                 ^^^^^^^^^^^^^^^^^^^^
     |
help: remove the unnecessary path segments
     |
8084 -         let _ = std::fs::remove_file(&path);
8084 +         let _ = fs::remove_file(&path);
     |

warning: unnecessary qualification
    --> crates/local-service/src/builtin/discovery_search.rs:8085:17
     |
8085 |         let _ = std::fs::remove_file(path.with_extension("journal.lock"));
     |                 ^^^^^^^^^^^^^^^^^^^^
     |
help: remove the unnecessary path segments
     |
8085 -         let _ = std::fs::remove_file(path.with_extension("journal.lock"));
8085 +         let _ = fs::remove_file(path.with_extension("journal.lock"));
     |

warning: unnecessary qualification
    --> crates/local-service/src/builtin/discovery_search.rs:8088:17
     |
8088 |         let _ = std::fs::remove_file(std::path::PathBuf::from(lock_path));
     |                 ^^^^^^^^^^^^^^^^^^^^
     |
help: remove the unnecessary path segments
     |
8088 -         let _ = std::fs::remove_file(std::path::PathBuf::from(lock_path));
8088 +         let _ = fs::remove_file(std::path::PathBuf::from(lock_path));
     |

warning: unnecessary qualification
    --> crates/local-service/src/builtin/discovery_search.rs:8088:38
     |
8088 |         let _ = std::fs::remove_file(std::path::PathBuf::from(lock_path));
     |                                      ^^^^^^^^^^^^^^^^^^^^^^^^
     |
help: remove the unnecessary path segments
     |
8088 -         let _ = std::fs::remove_file(std::path::PathBuf::from(lock_path));
8088 +         let _ = std::fs::remove_file(PathBuf::from(lock_path));
     |

warning: unnecessary qualification
    --> crates/local-service/src/builtin/discovery_search.rs:8257:17
     |
8257 |         let _ = std::fs::remove_file(&path);
     |                 ^^^^^^^^^^^^^^^^^^^^
     |
help: remove the unnecessary path segments
     |
8257 -         let _ = std::fs::remove_file(&path);
8257 +         let _ = fs::remove_file(&path);
     |

warning: unnecessary qualification
    --> crates/local-service/src/builtin/discovery_search.rs:8258:17
     |
8258 |         let _ = std::fs::remove_file(path.with_extension("journal.lock"));
     |                 ^^^^^^^^^^^^^^^^^^^^
     |
help: remove the unnecessary path segments
     |
8258 -         let _ = std::fs::remove_file(path.with_extension("journal.lock"));
8258 +         let _ = fs::remove_file(path.with_extension("journal.lock"));
     |

warning: unnecessary qualification
    --> crates/local-service/src/builtin/discovery_search.rs:8346:9
     |
8346 |         std::fs::write(
     |         ^^^^^^^^^^^^^^
     |
help: remove the unnecessary path segments
     |
8346 -         std::fs::write(
8346 +         fs::write(
     |

warning: unnecessary qualification
    --> crates/local-service/src/builtin/discovery_search.rs:8354:9
     |
8354 |         std::fs::create_dir(&incomplete).expect("simulated interrupted build");
     |         ^^^^^^^^^^^^^^^^^^^
     |
help: remove the unnecessary path segments
     |
8354 -         std::fs::create_dir(&incomplete).expect("simulated interrupted build");
8354 +         fs::create_dir(&incomplete).expect("simulated interrupted build");
     |

warning: unnecessary qualification
    --> crates/local-service/src/builtin/discovery_search.rs:8379:17
     |
8379 |         let _ = std::fs::remove_dir_all(cache);
     |                 ^^^^^^^^^^^^^^^^^^^^^^^
     |
help: remove the unnecessary path segments
     |
8379 -         let _ = std::fs::remove_dir_all(cache);
8379 +         let _ = fs::remove_dir_all(cache);
     |

warning: unnecessary qualification
    --> crates/local-service/src/builtin/discovery_search.rs:8453:17
     |
8453 |         let _ = std::fs::remove_dir_all(cache);
     |                 ^^^^^^^^^^^^^^^^^^^^^^^
     |
help: remove the unnecessary path segments
     |
8453 -         let _ = std::fs::remove_dir_all(cache);
8453 +         let _ = fs::remove_dir_all(cache);
     |

warning: unnecessary qualification
    --> crates/local-service/src/builtin/discovery_search.rs:8548:9
     |
8548 |         std::fs::set_permissions(&latest_root, std::fs::Permissions::from_mode(0o000))
     |         ^^^^^^^^^^^^^^^^^^^^^^^^
     |
help: remove the unnecessary path segments
     |
8548 -         std::fs::set_permissions(&latest_root, std::fs::Permissions::from_mode(0o000))
8548 +         fs::set_permissions(&latest_root, std::fs::Permissions::from_mode(0o000))
     |

warning: unnecessary qualification
    --> crates/local-service/src/builtin/discovery_search.rs:8548:48
     |
8548 |         std::fs::set_permissions(&latest_root, std::fs::Permissions::from_mode(0o000))
     |                                                ^^^^^^^^^^^^^^^^^^^^^^^^^^^^^^^
     |
help: remove the unnecessary path segments
     |
8548 -         std::fs::set_permissions(&latest_root, std::fs::Permissions::from_mode(0o000))
8548 +         std::fs::set_permissions(&latest_root, fs::Permissions::from_mode(0o000))
     |

warning: unnecessary qualification
    --> crates/local-service/src/builtin/discovery_search.rs:8555:9
     |
8555 |         std::fs::set_permissions(&latest_root, std::fs::Permissions::from_mode(0o700))
     |         ^^^^^^^^^^^^^^^^^^^^^^^^
     |
help: remove the unnecessary path segments
     |
8555 -         std::fs::set_permissions(&latest_root, std::fs::Permissions::from_mode(0o700))
8555 +         fs::set_permissions(&latest_root, std::fs::Permissions::from_mode(0o700))
     |

warning: unnecessary qualification
    --> crates/local-service/src/builtin/discovery_search.rs:8555:48
     |
8555 |         std::fs::set_permissions(&latest_root, std::fs::Permissions::from_mode(0o700))
     |                                                ^^^^^^^^^^^^^^^^^^^^^^^^^^^^^^^
     |
help: remove the unnecessary path segments
     |
8555 -         std::fs::set_permissions(&latest_root, std::fs::Permissions::from_mode(0o700))
8555 +         std::fs::set_permissions(&latest_root, fs::Permissions::from_mode(0o700))
     |

warning: unnecessary qualification
    --> crates/local-service/src/builtin/discovery_search.rs:8572:9
     |
8572 |         std::fs::write(&external, b"outside bytes remain unchanged").expect("sentinel");
     |         ^^^^^^^^^^^^^^
     |
help: remove the unnecessary path segments
     |
8572 -         std::fs::write(&external, b"outside bytes remain unchanged").expect("sentinel");
8572 +         fs::write(&external, b"outside bytes remain unchanged").expect("sentinel");
     |

warning: unnecessary qualification
    --> crates/local-service/src/builtin/discovery_search.rs:8574:9
     |
8574 |         std::fs::remove_file(&manifest).expect("remove selected manifest");
     |         ^^^^^^^^^^^^^^^^^^^^
     |
help: remove the unnecessary path segments
     |
8574 -         std::fs::remove_file(&manifest).expect("remove selected manifest");
8574 +         fs::remove_file(&manifest).expect("remove selected manifest");
     |

warning: unnecessary qualification
    --> crates/local-service/src/builtin/discovery_search.rs:8595:13
     |
8595 |             std::fs::symlink_metadata(&manifest)
     |             ^^^^^^^^^^^^^^^^^^^^^^^^^
     |
help: remove the unnecessary path segments
     |
8595 -             std::fs::symlink_metadata(&manifest)
8595 +             fs::symlink_metadata(&manifest)
     |

warning: unnecessary qualification
    --> crates/local-service/src/builtin/discovery_search.rs:8602:13
     |
8602 |             std::fs::read(&external).expect("external target remains unchanged after refusal"),
     |             ^^^^^^^^^^^^^
     |
help: remove the unnecessary path segments
     |
8602 -             std::fs::read(&external).expect("external target remains unchanged after refusal"),
8602 +             fs::read(&external).expect("external target remains unchanged after refusal"),
     |

warning: unnecessary qualification
    --> crates/local-service/src/builtin/discovery_search.rs:8627:13
     |
8627 |             std::fs::read(&external).expect("external target remains readable"),
     |             ^^^^^^^^^^^^^
     |
help: remove the unnecessary path segments
     |
8627 -             std::fs::read(&external).expect("external target remains readable"),
8627 +             fs::read(&external).expect("external target remains readable"),
     |

warning: unnecessary qualification
    --> crates/local-service/src/builtin/discovery_search.rs:8646:17
     |
8646 |         let _ = std::fs::remove_dir_all(cache);
     |                 ^^^^^^^^^^^^^^^^^^^^^^^
     |
help: remove the unnecessary path segments
     |
8646 -         let _ = std::fs::remove_dir_all(cache);
8646 +         let _ = fs::remove_dir_all(cache);
     |

warning: unnecessary qualification
    --> crates/local-service/src/builtin/discovery_search.rs:9454:17
     |
9454 |         let _ = std::fs::remove_file(&path);
     |                 ^^^^^^^^^^^^^^^^^^^^
     |
help: remove the unnecessary path segments
     |
9454 -         let _ = std::fs::remove_file(&path);
9454 +         let _ = fs::remove_file(&path);
     |

warning: unnecessary qualification
    --> crates/local-service/src/builtin/discovery_search.rs:9457:17
     |
9457 |         let _ = std::fs::remove_file(std::path::PathBuf::from(lock_path));
     |                 ^^^^^^^^^^^^^^^^^^^^
     |
help: remove the unnecessary path segments
     |
9457 -         let _ = std::fs::remove_file(std::path::PathBuf::from(lock_path));
9457 +         let _ = fs::remove_file(std::path::PathBuf::from(lock_path));
     |

warning: unnecessary qualification
    --> crates/local-service/src/builtin/discovery_search.rs:9457:38
     |
9457 |         let _ = std::fs::remove_file(std::path::PathBuf::from(lock_path));
     |                                      ^^^^^^^^^^^^^^^^^^^^^^^^
     |
help: remove the unnecessary path segments
     |
9457 -         let _ = std::fs::remove_file(std::path::PathBuf::from(lock_path));
9457 +         let _ = std::fs::remove_file(PathBuf::from(lock_path));
     |

warning: unnecessary qualification
    --> crates/local-service/src/builtin/discovery_search.rs:9514:42
     |
9514 |         let store = DiscoveryStore::open(std::path::PathBuf::from(journal))
     |                                          ^^^^^^^^^^^^^^^^^^^^^^^^
     |
help: remove the unnecessary path segments
     |
9514 -         let store = DiscoveryStore::open(std::path::PathBuf::from(journal))
9514 +         let store = DiscoveryStore::open(PathBuf::from(journal))
     |

warning: unnecessary qualification
   --> crates/local-service/src/builtin/product_state.rs:282:37
    |
282 |                     .unwrap_or_else(backend_engine::AdvisoryPackageDto::unknown);
    |                                     ^^^^^^^^^^^^^^^^^^^^^^^^^^^^^^^^^^^^^^^^^^^
    |
help: remove the unnecessary path segments
    |
282 -                     .unwrap_or_else(backend_engine::AdvisoryPackageDto::unknown);
282 +                     .unwrap_or_else(AdvisoryPackageDto::unknown);
    |

warning: unnecessary qualification
    --> crates/local-service/src/builtin/product_state.rs:1746:20
     |
1746 |     let metadata = backend_library::ForgeRepositoryMetadataRecord {
     |                    ^^^^^^^^^^^^^^^^^^^^^^^^^^^^^^^^^^^^^^^^^^^^^^
     |
help: remove the unnecessary path segments
     |
1746 -     let metadata = backend_library::ForgeRepositoryMetadataRecord {
1746 +     let metadata = ForgeRepositoryMetadataRecord {
     |

warning: unnecessary qualification
    --> crates/local-service/src/builtin/product_state.rs:2815:31
     |
2815 |         continuation: Option<&super::discovery_search::SearchContinuation>,
     |                               ^^^^^^^^^^^^^^^^^^^^^^^^^^^^^^^^^^^^^^^^^^^
     |
help: remove the unnecessary path segments
     |
2815 -         continuation: Option<&super::discovery_search::SearchContinuation>,
2815 +         continuation: Option<&SearchContinuation>,
     |

warning: unnecessary qualification
    --> crates/local-service/src/builtin/product_state.rs:4991:13
     |
4991 |             backend_engine::ProductPackageCoordinate::parse("pkg:cargo/needle@1.0.0")
     |             ^^^^^^^^^^^^^^^^^^^^^^^^^^^^^^^^^^^^^^^^^^^^^^^
     |
help: remove the unnecessary path segments
     |
4991 -             backend_engine::ProductPackageCoordinate::parse("pkg:cargo/needle@1.0.0")
4991 +             ProductPackageCoordinate::parse("pkg:cargo/needle@1.0.0")
     |

warning: unnecessary qualification
    --> crates/local-service/src/builtin/product_state.rs:5105:38
     |
5105 |                     if group.kind == backend_library::RegistrySearchGroupKind::Discovered =>
     |                                      ^^^^^^^^^^^^^^^^^^^^^^^^^^^^^^^^^^^^^^^^^^^^^^^^^^^^
     |
help: remove the unnecessary path segments
     |
5105 -                     if group.kind == backend_library::RegistrySearchGroupKind::Discovered =>
5105 +                     if group.kind == RegistrySearchGroupKind::Discovered =>
     |

warning: unnecessary qualification
    --> crates/local-service/src/builtin/product_state.rs:5129:38
     |
5129 |                     if group.kind == backend_library::RegistrySearchGroupKind::Acquired =>
     |                                      ^^^^^^^^^^^^^^^^^^^^^^^^^^^^^^^^^^^^^^^^^^^^^^^^^^
     |
help: remove the unnecessary path segments
     |
5129 -                     if group.kind == backend_library::RegistrySearchGroupKind::Acquired =>
5129 +                     if group.kind == RegistrySearchGroupKind::Acquired =>
     |

warning: unnecessary qualification
    --> crates/local-service/src/builtin/product_state.rs:5311:17
     |
5311 |                 backend_library::RegistrySearchGroupKind::Acquired
     |                 ^^^^^^^^^^^^^^^^^^^^^^^^^^^^^^^^^^^^^^^^^^^^^^^^^^
     |
help: remove the unnecessary path segments
     |
5311 -                 backend_library::RegistrySearchGroupKind::Acquired
5311 +                 RegistrySearchGroupKind::Acquired
     |

warning: unnecessary qualification
    --> crates/local-service/src/builtin/product_state.rs:5339:13
     |
5339 |             backend_engine::ProductPackageCoordinate::parse("pkg:cargo/rare-needle@2.0.0")
     |             ^^^^^^^^^^^^^^^^^^^^^^^^^^^^^^^^^^^^^^^^^^^^^^^
     |
help: remove the unnecessary path segments
     |
5339 -             backend_engine::ProductPackageCoordinate::parse("pkg:cargo/rare-needle@2.0.0")
5339 +             ProductPackageCoordinate::parse("pkg:cargo/rare-needle@2.0.0")
     |

warning: unnecessary qualification
    --> crates/local-service/src/builtin/product_state.rs:5470:25
     |
5470 |             coordinate: backend_engine::ProductPackageCoordinate::parse(format!(
     |                         ^^^^^^^^^^^^^^^^^^^^^^^^^^^^^^^^^^^^^^^^^^^^^^^
     |
help: remove the unnecessary path segments
     |
5470 -             coordinate: backend_engine::ProductPackageCoordinate::parse(format!(
5470 +             coordinate: ProductPackageCoordinate::parse(format!(
     |

warning: unused import: `std::io::Read as _`
    --> crates/local-service/src/builtin/local_manifest.rs:1260:9
     |
1260 |     use std::io::Read as _;
     |         ^^^^^^^^^^^^^^^^^^

warning: unnecessary qualification
   --> crates/local-service/src/builtin/search_source_page.rs:903:24
    |
903 |         let snapshot = super::store_relation(relation, "empty".to_owned()).expect("snapshot");
    |                        ^^^^^^^^^^^^^^^^^^^^^
    |
help: remove the unnecessary path segments
    |
903 -         let snapshot = super::store_relation(relation, "empty".to_owned()).expect("snapshot");
903 +         let snapshot = store_relation(relation, "empty".to_owned()).expect("snapshot");
    |

warning: unnecessary qualification
   --> crates/local-service/src/builtin/search_source_page.rs:923:24
    |
923 |         let snapshot = super::store_relation(relation, "miskeyed".to_owned()).expect("snapshot");
    |                        ^^^^^^^^^^^^^^^^^^^^^
    |
help: remove the unnecessary path segments
    |
923 -         let snapshot = super::store_relation(relation, "miskeyed".to_owned()).expect("snapshot");
923 +         let snapshot = store_relation(relation, "miskeyed".to_owned()).expect("snapshot");
    |

warning: unnecessary qualification
    --> crates/local-service/src/builtin/search_source_page.rs:1011:24
     |
1011 |         let snapshot = super::store_relation(relation, "missing-membership-page".to_owned())
     |                        ^^^^^^^^^^^^^^^^^^^^^
     |
help: remove the unnecessary path segments
     |
1011 -         let snapshot = super::store_relation(relation, "missing-membership-page".to_owned())
1011 +         let snapshot = store_relation(relation, "missing-membership-page".to_owned())
     |

warning: unnecessary qualification
    --> crates/local-service/src/builtin/search_source_page.rs:1039:13
     |
1039 |             super::store_relation(relation, "orphan-membership-page".to_owned()).expect("snapshot");
     |             ^^^^^^^^^^^^^^^^^^^^^
     |
help: remove the unnecessary path segments
     |
1039 -             super::store_relation(relation, "orphan-membership-page".to_owned()).expect("snapshot");
1039 +             store_relation(relation, "orphan-membership-page".to_owned()).expect("snapshot");
     |

warning: unnecessary qualification
    --> crates/local-service/src/query/remote.rs:1962:21
     |
1962 |         let stamp = std::time::SystemTime::now()
     |                     ^^^^^^^^^^^^^^^^^^^^^^^^^^
     |
help: remove the unnecessary path segments
     |
1962 -         let stamp = std::time::SystemTime::now()
1962 +         let stamp = SystemTime::now()
     |

warning: unnecessary qualification
    --> crates/local-service/src/query/remote.rs:1963:29
     |
1963 |             .duration_since(std::time::UNIX_EPOCH)
     |                             ^^^^^^^^^^^^^^^^^^^^^
     |
help: remove the unnecessary path segments
     |
1963 -             .duration_since(std::time::UNIX_EPOCH)
1963 +             .duration_since(UNIX_EPOCH)
     |

warning: unnecessary qualification
    --> crates/local-service/src/query/remote.rs:2036:21
     |
2036 |         let stamp = std::time::SystemTime::now()
     |                     ^^^^^^^^^^^^^^^^^^^^^^^^^^
     |
help: remove the unnecessary path segments
     |
2036 -         let stamp = std::time::SystemTime::now()
2036 +         let stamp = SystemTime::now()
     |

warning: unnecessary qualification
    --> crates/local-service/src/query/remote.rs:2037:29
     |
2037 |             .duration_since(std::time::UNIX_EPOCH)
     |                             ^^^^^^^^^^^^^^^^^^^^^
     |
help: remove the unnecessary path segments
     |
2037 -             .duration_since(std::time::UNIX_EPOCH)
2037 +             .duration_since(UNIX_EPOCH)
     |

warning: unnecessary qualification
    --> crates/local-service/src/query/remote.rs:2205:21
     |
2205 |         let stamp = std::time::SystemTime::now()
     |                     ^^^^^^^^^^^^^^^^^^^^^^^^^^
     |
help: remove the unnecessary path segments
     |
2205 -         let stamp = std::time::SystemTime::now()
2205 +         let stamp = SystemTime::now()
     |

warning: unnecessary qualification
    --> crates/local-service/src/query/remote.rs:2206:29
     |
2206 |             .duration_since(std::time::UNIX_EPOCH)
     |                             ^^^^^^^^^^^^^^^^^^^^^
     |
help: remove the unnecessary path segments
     |
2206 -             .duration_since(std::time::UNIX_EPOCH)
2206 +             .duration_since(UNIX_EPOCH)
     |

warning: unnecessary qualification
   --> crates/local-service/src/query/tests.rs:185:9
    |
185 |         backend_engine::RowId::Symbol(backend_engine::symbol_key("alpha::prefix")).stable_key();
    |         ^^^^^^^^^^^^^^^^^^^^^^^^^^^^^
    |
help: remove the unnecessary path segments
    |
185 -         backend_engine::RowId::Symbol(backend_engine::symbol_key("alpha::prefix")).stable_key();
185 +         RowId::Symbol(backend_engine::symbol_key("alpha::prefix")).stable_key();
    |

warning: unnecessary qualification
   --> crates/local-service/src/query/tests.rs:199:9
    |
199 |         backend_engine::RowId::Symbol(backend_engine::symbol_key("nowhere::stray")).stable_key();
    |         ^^^^^^^^^^^^^^^^^^^^^^^^^^^^^
    |
help: remove the unnecessary path segments
    |
199 -         backend_engine::RowId::Symbol(backend_engine::symbol_key("nowhere::stray")).stable_key();
199 +         RowId::Symbol(backend_engine::symbol_key("nowhere::stray")).stable_key();
    |

warning: unnecessary qualification
    --> crates/local-service/src/builtin.rs:1015:28
     |
1015 |     filesystem_workspace: &std::path::Path,
     |                            ^^^^^^^^^^^^^^^
     |
help: remove the unnecessary path segments
     |
1015 -     filesystem_workspace: &std::path::Path,
1015 +     filesystem_workspace: &Path,
     |

warning: unnecessary qualification
    --> crates/local-service/src/builtin.rs:1051:28
     |
1051 |     filesystem_workspace: &std::path::Path,
     |                            ^^^^^^^^^^^^^^^
     |
help: remove the unnecessary path segments
     |
1051 -     filesystem_workspace: &std::path::Path,
1051 +     filesystem_workspace: &Path,
     |

warning: unnecessary qualification
    --> crates/local-service/src/builtin.rs:1133:28
     |
1133 |     filesystem_workspace: &std::path::Path,
     |                            ^^^^^^^^^^^^^^^
     |
help: remove the unnecessary path segments
     |
1133 -     filesystem_workspace: &std::path::Path,
1133 +     filesystem_workspace: &Path,
     |

warning: unnecessary qualification
   --> crates/local-service/src/builtin/publication_transport_tests.rs:223:13
    |
223 |     assert!(projection::certificate_for_compact_event(&deltas[0]).is_err());
    |             ^^^^^^^^^^^^^^^^^^^^^^^^^^^^^^^^^^^^^^^^^
    |
help: remove the unnecessary path segments
    |
223 -     assert!(projection::certificate_for_compact_event(&deltas[0]).is_err());
223 +     assert!(certificate_for_compact_event(&deltas[0]).is_err());
    |

warning: unnecessary qualification
    --> crates/local-service/src/builtin.rs:2664:25
     |
2664 |                     Err(std::sync::mpsc::TryRecvError::Empty)
     |                         ^^^^^^^^^^^^^^^^^^^^^^^^^^^^^^^^^^^^
     |
help: remove the unnecessary path segments
     |
2664 -                     Err(std::sync::mpsc::TryRecvError::Empty)
2664 +                     Err(TryRecvError::Empty)
     |

warning: unnecessary qualification
   --> crates/local-service/src/cluster_owner.rs:510:31
    |
510 |         let remaining_names = std::fs::read_dir(&scratch.0)
    |                               ^^^^^^^^^^^^^^^^^
    |
help: remove the unnecessary path segments
    |
510 -         let remaining_names = std::fs::read_dir(&scratch.0)
510 +         let remaining_names = fs::read_dir(&scratch.0)
    |

warning: unnecessary qualification
   --> crates/local-service/src/discovery/package_metadata.rs:621:13
    |
621 |             backend_engine::registry::DiscoveryTimestamp::parse_nuget_catalog_timestamp(time)?;
    |             ^^^^^^^^^^^^^^^^^^^^^^^^^^^^^^^^^^^^^^^^^^^^^^^^^^^^^^^^^^^^^^^^^^^^^^^^^^^
    |
help: remove the unnecessary path segments
    |
621 -             backend_engine::registry::DiscoveryTimestamp::parse_nuget_catalog_timestamp(time)?;
621 +             DiscoveryTimestamp::parse_nuget_catalog_timestamp(time)?;
    |

warning: unnecessary qualification
    --> crates/local-service/src/discovery.rs:2369:13
     |
2369 |             std::time::SystemTime::now()
     |             ^^^^^^^^^^^^^^^^^^^^^^^^^^
     |
help: remove the unnecessary path segments
     |
2369 -             std::time::SystemTime::now()
2369 +             SystemTime::now()
     |

warning: unnecessary qualification
    --> crates/local-service/src/discovery.rs:2370:33
     |
2370 |                 .duration_since(std::time::UNIX_EPOCH)
     |                                 ^^^^^^^^^^^^^^^^^^^^^
     |
help: remove the unnecessary path segments
     |
2370 -                 .duration_since(std::time::UNIX_EPOCH)
2370 +                 .duration_since(UNIX_EPOCH)
     |

warning: unnecessary qualification
    --> crates/local-service/src/discovery.rs:2572:22
     |
2572 |         let server = std::thread::spawn(move || {
     |                      ^^^^^^^^^^^^^^^^^^
     |
help: remove the unnecessary path segments
     |
2572 -         let server = std::thread::spawn(move || {
2572 +         let server = thread::spawn(move || {
     |

warning: unnecessary qualification
    --> crates/local-service/src/discovery.rs:2586:29
     |
2586 | ...                   std::thread::sleep(Duration::from_millis(5));
     |                       ^^^^^^^^^^^^^^^^^^
     |
help: remove the unnecessary path segments
     |
2586 -                             std::thread::sleep(Duration::from_millis(5));
2586 +                             thread::sleep(Duration::from_millis(5));
     |

warning: unnecessary qualification
    --> crates/local-service/src/discovery.rs:2649:22
     |
2649 |         let server = std::thread::spawn(move || {
     |                      ^^^^^^^^^^^^^^^^^^
     |
help: remove the unnecessary path segments
     |
2649 -         let server = std::thread::spawn(move || {
2649 +         let server = thread::spawn(move || {
     |

warning: unnecessary qualification
    --> crates/local-service/src/discovery.rs:2857:26
     |
2857 |         let mut hasher = backend_engine::blake3::Hasher::new();
     |                          ^^^^^^^^^^^^^^^^^^^^^^^^^^^^^^^^^^^
     |
help: remove the unnecessary path segments
     |
2857 -         let mut hasher = backend_engine::blake3::Hasher::new();
2857 +         let mut hasher = blake3::Hasher::new();
     |

warning: unnecessary qualification
   --> crates/local-service/src/listener.rs:998:22
    |
998 |         let waiter = super::ResponseWaiter::for_stream(&owner).expect("response capability");
    |                      ^^^^^^^^^^^^^^^^^^^^^^^^^^^^^^^^^
    |
help: remove the unnecessary path segments
    |
998 -         let waiter = super::ResponseWaiter::for_stream(&owner).expect("response capability");
998 +         let waiter = ResponseWaiter::for_stream(&owner).expect("response capability");
    |

warning: unnecessary qualification
    --> crates/local-service/src/listener.rs:1014:9
     |
1014 |         std::io::Read::read_exact(&mut client, &mut reply)
     |         ^^^^^^^^^^^^^^^^^^^^^^^^^
     |
help: remove the unnecessary path segments
     |
1014 -         std::io::Read::read_exact(&mut client, &mut reply)
1014 +         io::Read::read_exact(&mut client, &mut reply)
     |

warning: unnecessary qualification
    --> crates/local-service/src/listener.rs:2078:23
     |
2078 |             shutdown: super::ListenerShutdown,
     |                       ^^^^^^^^^^^^^^^^^^^^^^^
     |
help: remove the unnecessary path segments
     |
2078 -             shutdown: super::ListenerShutdown,
2078 +             shutdown: ListenerShutdown,
     |

warning: unnecessary qualification
    --> crates/local-service/src/listener.rs:2079:28
     |
2079 |             worker: Option<thread::JoinHandle<Result<usize, super::ListenerError>>>,
     |                            ^^^^^^^^^^^^^^^^^^^^^^^^^^^^^^^^^^^^^^^^^^^^^^^^^^^^^^^
     |
help: remove the unnecessary path segments
     |
2079 -             worker: Option<thread::JoinHandle<Result<usize, super::ListenerError>>>,
2079 +             worker: Option<JoinHandle<Result<usize, super::ListenerError>>>,
     |

warning: unnecessary qualification
    --> crates/local-service/src/listener.rs:2079:61
     |
2079 |             worker: Option<thread::JoinHandle<Result<usize, super::ListenerError>>>,
     |                                                             ^^^^^^^^^^^^^^^^^^^^
     |
help: remove the unnecessary path segments
     |
2079 -             worker: Option<thread::JoinHandle<Result<usize, super::ListenerError>>>,
2079 +             worker: Option<thread::JoinHandle<Result<usize, ListenerError>>>,
     |

warning: unnecessary qualification
    --> crates/local-service/src/listener.rs:2130:30
     |
2130 |                 .is_some_and(thread::JoinHandle::is_finished),
     |                              ^^^^^^^^^^^^^^^^^^^^^^^^^^^^^^^
     |
help: remove the unnecessary path segments
     |
2130 -                 .is_some_and(thread::JoinHandle::is_finished),
2130 +                 .is_some_and(JoinHandle::is_finished),
     |

warning: unnecessary qualification
    --> crates/local-service/src/listener.rs:2158:30
     |
2158 |                 .is_some_and(thread::JoinHandle::is_finished)
     |                              ^^^^^^^^^^^^^^^^^^^^^^^^^^^^^^^
     |
help: remove the unnecessary path segments
     |
2158 -                 .is_some_and(thread::JoinHandle::is_finished)
2158 +                 .is_some_and(JoinHandle::is_finished)
     |

warning: unnecessary qualification
    --> crates/local-service/src/listener.rs:2166:30
     |
2166 |                 .is_some_and(thread::JoinHandle::is_finished),
     |                              ^^^^^^^^^^^^^^^^^^^^^^^^^^^^^^^
     |
help: remove the unnecessary path segments
     |
2166 -                 .is_some_and(thread::JoinHandle::is_finished),
2166 +                 .is_some_and(JoinHandle::is_finished),
     |

warning: unnecessary qualification
  --> crates/local-service/src/service/tests.rs:44:47
   |
44 |     let request = EngineRequest::Subscription(backend_engine::LocalSubscriptionRequest {
   |                                               ^^^^^^^^^^^^^^^^^^^^^^^^^^^^^^^^^^^^^^^^
   |
help: remove the unnecessary path segments
   |
44 -     let request = EngineRequest::Subscription(backend_engine::LocalSubscriptionRequest {
44 +     let request = EngineRequest::Subscription(LocalSubscriptionRequest {
   |

warning: variable does not need to be mutable
    --> crates/local-service/src/builtin/profile.rs:1336:13
     |
1336 |         let mut intent = Self::new_with_version(
     |             ----^^^^^^
     |             |
     |             help: remove this `mut`
     |
     = note: `#[warn(unused_mut)]` (part of `#[warn(unused)]`) on by default

warning: variable does not need to be mutable
   --> crates/local-service/src/builtin/staged_intent.rs:712:5
    |
712 |     mut visit: impl FnMut(EvidenceKind, &[u8]) -> Result<(), StoreError>,
    |     ----^^^^^
    |     |
    |     help: remove this `mut`

warning: unused variable: `capture_relation`
   --> crates/local-service/src/builtin/view_build/semantic.rs:543:9
    |
543 |     let capture_relation = semantic_capture_relation(snapshot)
    |         ^^^^^^^^^^^^^^^^ help: if this is intentional, prefix it with an underscore: `_capture_relation`
    |
    = note: `#[warn(unused_variables)]` (part of `#[warn(unused)]`) on by default

warning: unused variable: `frontier`
    --> crates/local-service/src/builtin/view_publish.rs:1089:13
     |
1089 |         let frontier =
     |             ^^^^^^^^ help: if this is intentional, prefix it with an underscore: `_frontier`

warning: variable does not need to be mutable
    --> crates/local-service/src/builtin/commands/adapter.rs:2368:17
     |
2368 |             let mut terminal;
     |                 ----^^^^^^^^
     |                 |
     |                 help: remove this `mut`

warning: variable does not need to be mutable
    --> crates/local-service/src/builtin/commands/adapter.rs:2370:17
     |
2370 |             let mut terminal_compiler_profile = None;
     |                 ----^^^^^^^^^^^^^^^^^^^^^^^^^
     |                 |
     |                 help: remove this `mut`

warning: variable does not need to be mutable
   --> crates/local-service/src/builtin/commands/journal_readiness.rs:860:13
    |
860 |         let mut cold = IndexOperationJournal::open(path).expect("cold durable reader");
    |             ----^^^^
    |             |
    |             help: remove this `mut`

warning: function `scan_project_with_policy` is never used
    --> crates/local-service/src/builtin/ingest.rs:1594:15
     |
1594 | pub(super) fn scan_project_with_policy(
     |               ^^^^^^^^^^^^^^^^^^^^^^^^
     |
     = note: `#[warn(dead_code)]` (part of `#[warn(unused)]`) on by default

warning: function `compiler_languages` is never used
    --> crates/local-service/src/builtin/ingest.rs:2200:4
     |
2200 | fn compiler_languages() -> [Language; 7] {
     |    ^^^^^^^^^^^^^^^^^^

warning: associated items `remove_project_with_semantics` and `with_capture_changes` are never used
    --> crates/local-service/src/builtin/profile.rs:701:19
     |
 604 | impl BuiltinIntent {
     | ------------------ associated items in this implementation
...
 701 |     pub(super) fn remove_project_with_semantics(
     |                   ^^^^^^^^^^^^^^^^^^^^^^^^^^^^^
...
1101 |     pub(super) fn with_capture_changes(
     |                   ^^^^^^^^^^^^^^^^^^^^

warning: variant `NotConfigured` is never constructed
   --> crates/local-service/src/builtin/cluster_dispatch.rs:510:5
    |
496 | pub(crate) enum ClusterDispatchError {
    |                 -------------------- variant in this enum
...
510 |     NotConfigured,
    |     ^^^^^^^^^^^^^
    |
    = note: `ClusterDispatchError` has a derived impl for the trait `Debug`, but this is intentionally ignored during dead code analysis

warning: fields `namespace_id`, `worker_address`, `worker_grant`, and `stored` are never read
   --> crates/local-service/src/builtin/cluster_dispatch.rs:883:16
    |
881 | pub(crate) struct PendingStoredCompilerResult {
    |                   --------------------------- fields in this struct
882 |     pub(crate) assignment: CompilerAssignment,
883 |     pub(crate) namespace_id: [u8; 16],
    |                ^^^^^^^^^^^^
884 |     pub(crate) worker_address: EndpointAddr,
    |                ^^^^^^^^^^^^^^
885 |     pub(crate) worker_grant: TrustedCompilerWorkerGrant,
    |                ^^^^^^^^^^^^
886 |     pub(crate) stored: backend_engine::compiler_cluster_transport::StoredRemoteCompilerResult,
    |                ^^^^^^
    |
    = note: `PendingStoredCompilerResult` has derived impls for the traits `Debug` and `Clone`, but these are intentionally ignored during dead code analysis

warning: fields `worker_incarnation`, `capacity_revision`, `input_objects`, `have_objects`, and `have_payload_bytes` are never read
    --> crates/local-service/src/builtin/cluster_dispatch.rs:1010:9
     |
1000 | pub(crate) struct OwnerRemoteCompilerProbeMeasurements {
     |                   ------------------------------------ fields in this struct
...
1010 |     pub worker_incarnation: [u8; 32],
     |         ^^^^^^^^^^^^^^^^^^
1011 |     /// Capacity revision returned by the current worker snapshot.
1012 |     pub capacity_revision: [u8; 16],
     |         ^^^^^^^^^^^^^^^^^
1013 |     /// Owner-verified input closure inventory member count.
1014 |     pub input_objects: u32,
     |         ^^^^^^^^^^^^^
...
1018 |     pub have_objects: u32,
     |         ^^^^^^^^^^^^
1019 |     /// Exact bytes already present in worker CAS.
1020 |     pub have_payload_bytes: u64,
     |         ^^^^^^^^^^^^^^^^^^
     |
     = note: `OwnerRemoteCompilerProbeMeasurements` has derived impls for the traits `Debug` and `Clone`, but these are intentionally ignored during dead code analysis

warning: field `evidence` is never read
    --> crates/local-service/src/builtin/cluster_dispatch.rs:1203:9
     |
1201 |     Remote {
     |     ------ field in this variant
1202 |         assignment: CompilerAssignmentLease,
1203 |         evidence: CompilerDispatchCostEvidence,
     |         ^^^^^^^^

warning: field `evidence` is never read
    --> crates/local-service/src/builtin/cluster_dispatch.rs:1208:9
     |
1206 |     LocalFallback {
     |     ------------- field in this variant
1207 |         reason: CompilerLocalFallbackReason,
1208 |         evidence: CompilerDispatchCostEvidence,
     |         ^^^^^^^^

warning: field `evidence` is never read
    --> crates/local-service/src/builtin/cluster_dispatch.rs:1213:9
     |
1211 |     OfflineUnavailable {
     |     ------------------ field in this variant
1212 |         reason: CompilerLocalFallbackReason,
1213 |         evidence: CompilerDispatchCostEvidence,
     |         ^^^^^^^^

warning: field `deadline_unix_ms` is never read
    --> crates/local-service/src/builtin/cluster_dispatch.rs:1270:5
     |
1264 | pub(crate) struct RecoveredCompilerAssignment {
     |                   --------------------------- field in this struct
...
1270 |     deadline_unix_ms: u64,
     |     ^^^^^^^^^^^^^^^^

warning: methods `assignment`, `namespace_id`, `capture`, `input_admission`, and `worker_grant` are never used
    --> crates/local-service/src/builtin/cluster_dispatch.rs:1276:25
     |
1273 | impl RecoveredCompilerAssignment {
     | -------------------------------- methods in this implementation
...
1276 |     pub(crate) const fn assignment(&self) -> CompilerAssignment {
     |                         ^^^^^^^^^^
...
1282 |     pub(crate) const fn namespace_id(&self) -> [u8; 16] {
     |                         ^^^^^^^^^^^^
...
1288 |     pub(crate) const fn capture(&self) -> &CapturedFullWorkspaceV2 {
     |                         ^^^^^^^
...
1294 |     pub(crate) const fn input_admission(&self) -> &VerifiedCompilerInputAdmission {
     |                         ^^^^^^^^^^^^^^^
...
1300 |     pub(crate) const fn worker_grant(&self) -> &TrustedCompilerWorkerGrant {
     |                         ^^^^^^^^^^^^

warning: field `0` is never read
    --> crates/local-service/src/builtin/cluster_dispatch.rs:1314:13
     |
1314 |     Retired(ControlResultRetired),
     |     ------- ^^^^^^^^^^^^^^^^^^^^
     |     |
     |     field in this variant
     |
help: consider changing the field to be of unit type to suppress this warning while preserving the field numbering, or remove the field
     |
1314 -     Retired(ControlResultRetired),
1314 +     Retired(()),
     |

warning: variant `NoResultMaintenanceUnavailable` is never constructed
    --> crates/local-service/src/builtin/cluster_dispatch.rs:1368:5
     |
1346 | pub(crate) enum CompilerLocalFallbackReason {
     |                 --------------------------- variant in this enum
...
1368 |     NoResultMaintenanceUnavailable,
     |     ^^^^^^^^^^^^^^^^^^^^^^^^^^^^^^
     |
     = note: `CompilerLocalFallbackReason` has derived impls for the traits `Debug` and `Clone`, but these are intentionally ignored during dead code analysis

warning: function `millis_per_mib` is never used
    --> crates/local-service/src/builtin/cluster_dispatch.rs:2187:4
     |
2187 | fn millis_per_mib(elapsed_ms: u64, bytes: u64) -> Option<u64> {
     |    ^^^^^^^^^^^^^^

warning: methods `owner_address`, `acknowledge_stored`, and `reject_unselected_stored` are never used
    --> crates/local-service/src/builtin/cluster_dispatch.rs:2615:19
     |
2436 | impl OwnerCompilerClusterRuntime {
     | -------------------------------- methods in this implementation
...
2615 |     pub(crate) fn owner_address(&self) -> &EndpointAddr {
     |                   ^^^^^^^^^^^^^
...
4486 |     pub(crate) fn acknowledge_stored(
     |                   ^^^^^^^^^^^^^^^^^^
...
4527 |     pub(crate) fn reject_unselected_stored(
     |                   ^^^^^^^^^^^^^^^^^^^^^^^^

warning: methods `journal_id`, `disposition`, `closure_id`, `expected_peer`, `worker_address`, and `scope` are never used
   --> crates/local-service/src/builtin/pending_stored.rs:433:25
    |
431 | impl PreparedResultDisposition {
    | ------------------------------ methods in this implementation
432 |     #[must_use]
433 |     pub(crate) const fn journal_id(self) -> [u8; 32] {
    |                         ^^^^^^^^^^
...
438 |     pub(crate) const fn disposition(
    |                         ^^^^^^^^^^^
...
445 |     pub(crate) const fn closure_id(self) -> [u8; 32] {
    |                         ^^^^^^^^^^
...
450 |     pub(crate) const fn expected_peer(self) -> EndpointId {
    |                         ^^^^^^^^^^^^^
...
455 |     pub(crate) const fn worker_address(self) -> SocketAddr {
    |                         ^^^^^^^^^^^^^^
...
460 |     pub(crate) const fn scope(self) -> AssignmentScope {
    |                         ^^^^^

warning: field `id` is never read
   --> crates/local-service/src/builtin/pending_stored.rs:534:16
    |
533 | pub(crate) struct OfferedReservationClaims {
    |                   ------------------------ field in this struct
534 |     pub(crate) id: [u8; 32],
    |                ^^
    |
    = note: `OfferedReservationClaims` has derived impls for the traits `Debug` and `Clone`, but these are intentionally ignored during dead code analysis

warning: associated items `read_gc_retention_closure_ids` and `pending_ack_count` are never used
    --> crates/local-service/src/builtin/pending_stored.rs:1491:19
     |
1424 | impl PendingStoredAckJournal {
     | ---------------------------- associated items in this implementation
...
1491 |     pub(crate) fn read_gc_retention_closure_ids(
     |                   ^^^^^^^^^^^^^^^^^^^^^^^^^^^^^
...
1673 |     pub(crate) fn pending_ack_count(&self) -> usize {
     |                   ^^^^^^^^^^^^^^^^^

warning: variant `SeekPayload` is never constructed
  --> crates/local-service/src/builtin/s3_publication.rs:92:5
   |
88 | pub(super) enum RemoteHydrationOperation {
   |                 ------------------------ variant in this enum
...
92 |     SeekPayload,
   |     ^^^^^^^^^^^
   |
   = note: `RemoteHydrationOperation` has a derived impl for the trait `Debug`, but this is intentionally ignored during dead code analysis

warning: struct `VerifiedRemoteSegmentSet` is never constructed
   --> crates/local-service/src/builtin/s3_publication.rs:298:19
    |
298 | pub(super) struct VerifiedRemoteSegmentSet {
    |                   ^^^^^^^^^^^^^^^^^^^^^^^^

warning: methods `closure` and `object_ids` are never used
   --> crates/local-service/src/builtin/s3_publication.rs:304:25
    |
303 | impl VerifiedRemoteSegmentSet {
    | ----------------------------- methods in this implementation
304 |     pub(super) const fn closure(&self) -> ClosureId {
    |                         ^^^^^^^
...
308 |     pub(super) fn object_ids(&self) -> &[[u8; 32]] {
    |                   ^^^^^^^^^^

warning: method `verified_remote_segments` is never used
   --> crates/local-service/src/builtin/s3_publication.rs:399:8
    |
331 | pub(super) trait SelectedClosurePublisher: Send + Sync {
    |                  ------------------------ method in this trait
...
399 |     fn verified_remote_segments(
    |        ^^^^^^^^^^^^^^^^^^^^^^^^

warning: method `verified_remote_segments_from_s3` is never used
   --> crates/local-service/src/builtin/s3_publication/receipt.rs:121:19
    |
  3 | impl S3ClosurePublisher {
    | ----------------------- method in this implementation
...
121 |     pub(super) fn verified_remote_segments_from_s3(
    |                   ^^^^^^^^^^^^^^^^^^^^^^^^^^^^^^^^

warning: function `pin_object_ids` is never used
   --> crates/local-service/src/builtin/semantic_authority.rs:285:4
    |
285 | fn pin_object_ids(
    |    ^^^^^^^^^^^^^^

warning: methods `committed` and `matches_committed_selection` are never used
   --> crates/local-service/src/builtin/semantic_authority.rs:686:8
    |
517 | impl SelectedClosureImageLoader {
    | ------------------------------- methods in this implementation
...
686 |     fn committed(
    |        ^^^^^^^^^
...
706 |     pub(super) fn matches_committed_selection(
    |                   ^^^^^^^^^^^^^^^^^^^^^^^^^^^

warning: field `workspace` is never read
    --> crates/local-service/src/builtin/semantic_authority.rs:1279:5
     |
1276 | pub(crate) struct SemanticAuthority {
     |                   ----------------- field in this struct
...
1279 |     workspace: PathBuf,
     |     ^^^^^^^^^

warning: methods `collect_garbage`, `collect_garbage_with_remote_segments`, and `prepare_product_selections` are never used
    --> crates/local-service/src/builtin/semantic_authority.rs:2137:19
     |
1296 | impl SemanticAuthority {
     | ---------------------- methods in this implementation
...
2137 |     pub(crate) fn collect_garbage(&self, limits: GcLimits) -> Result<GcReport, BuiltinModelError> {
     |                   ^^^^^^^^^^^^^^^
...
2144 |     fn collect_garbage_with_remote_segments(
     |        ^^^^^^^^^^^^^^^^^^^^^^^^^^^^^^^^^^^^
...
3298 |     pub(crate) fn prepare_product_selections(
     |                   ^^^^^^^^^^^^^^^^^^^^^^^^^^

warning: function `artifact_object_claim` is never used
    --> crates/local-service/src/builtin/semantic_authority.rs:4042:4
     |
4042 | fn artifact_object_claim(object: &TypedObject) -> Result<ArtifactObjectClaim, BuiltinModelError> {
     |    ^^^^^^^^^^^^^^^^^^^^^

warning: method `serve_range` is never used
    --> crates/local-service/src/builtin/versioned_planes.rs:1830:19
     |
1664 | impl<'hydrator> VersionedPlaneService<'hydrator> {
     | ------------------------------------------------ method in this implementation
...
1830 |     pub(super) fn serve_range<R: VersionedPlaneSelectionResolver>(
     |                   ^^^^^^^^^^^

warning: variant `NoMissingRange` is never constructed
    --> crates/local-service/src/builtin/versioned_planes.rs:2172:5
     |
2140 | pub(super) enum VersionedPlaneServiceError {
     |                 -------------------------- variant in this enum
...
2172 |     NoMissingRange,
     |     ^^^^^^^^^^^^^^
     |
     = note: `VersionedPlaneServiceError` has derived impls for the traits `Debug` and `Clone`, but these are intentionally ignored during dead code analysis

warning: field `label` is never read
    --> crates/local-service/src/builtin/commands/diff.rs:2749:13
     |
2748 |         struct RowEvidence {
     |                ----------- field in this struct
2749 |             label: String,
     |             ^^^^^
     |
     = note: `RowEvidence` has derived impls for the traits `Debug` and `Clone`, but these are intentionally ignored during dead code analysis

warning: function `index_project_intent` is never used
  --> crates/local-service/src/builtin/commands/index.rs:48:15
   |
48 | pub(super) fn index_project_intent(
   |               ^^^^^^^^^^^^^^^^^^^^

warning: function `index_project_intent_with_cluster` is never used
  --> crates/local-service/src/builtin/commands/index.rs:70:15
   |
70 | pub(super) fn index_project_intent_with_cluster(
   |               ^^^^^^^^^^^^^^^^^^^^^^^^^^^^^^^^^

warning: function `prepare_index_project` is never used
   --> crates/local-service/src/builtin/commands/index.rs:125:15
    |
125 | pub(super) fn prepare_index_project(
    |               ^^^^^^^^^^^^^^^^^^^^^

warning: variant `Complete` is never constructed
    --> crates/local-service/src/builtin/commands/index.rs:2715:5
     |
2707 | enum ReadSetCompleteness {
     |      ------------------- variant in this enum
...
2715 |     Complete(ExactInputWitness),
     |     ^^^^^^^^
     |
     = note: `ReadSetCompleteness` has a derived impl for the trait `Clone`, but this is intentionally ignored during dead code analysis

warning: field `0` is never read
    --> crates/local-service/src/builtin/commands/index.rs:5918:28
     |
5918 |     ObservationInvalidated(&'a backend_extension_turso::AttemptInvalidatedByObservationProof),
     |     ---------------------- ^^^^^^^^^^^^^^^^^^^^^^^^^^^^^^^^^^^^^^^^^^^^^^^^^^^^^^^^^^^^^^^^^
     |     |
     |     field in this variant
     |
     = note: `StaleOfferedAuthorization` has a derived impl for the trait `Clone`, but this is intentionally ignored during dead code analysis
help: consider changing the field to be of unit type to suppress this warning while preserving the field numbering, or remove the field
     |
5918 -     ObservationInvalidated(&'a backend_extension_turso::AttemptInvalidatedByObservationProof),
5918 +     ObservationInvalidated(()),
     |

warning: field `acceptance_sequence` is never read
   --> crates/local-service/src/builtin/commands/index_operation.rs:219:5
    |
216 | struct OperationRow {
    |        ------------ field in this struct
...
219 |     acceptance_sequence: i64,
    |     ^^^^^^^^^^^^^^^^^^^

warning: method `catalog` is never used
   --> crates/local-service/src/builtin/registry.rs:640:19
    |
533 | impl RegistryGateway {
    | -------------------- method in this implementation
...
640 |     pub(super) fn catalog(&mut self) -> Result<Vec<backend_engine::RegistryPackageRecord>, String> {
    |                   ^^^^^^^

warning: function `observation_witness` is never used
    --> crates/local-service/src/builtin/browse.rs:2499:4
     |
2499 | fn observation_witness(
     |    ^^^^^^^^^^^^^^^^^^^

warning: function `witness` is never used
    --> crates/local-service/src/builtin/browse.rs:7369:4
     |
7369 | fn witness(files: &[PathBuf]) -> [u8; 32] {
     |    ^^^^^^^

warning: associated function `from_acquisition` is never used
   --> crates/local-service/src/builtin/discovery_search.rs:398:19
    |
355 | impl ForgeSearchDocument {
    | ------------------------ associated function in this implementation
...
398 |     pub(crate) fn from_acquisition(result: &ForgeAcquisitionResult) -> Result<Vec<Self>, String> {
    |                   ^^^^^^^^^^^^^^^^

warning: variant `Absent` is never constructed
   --> crates/local-service/src/builtin/discovery_search.rs:526:5
    |
521 | pub(crate) enum SearchStandingEvidence {
    |                 ---------------------- variant in this enum
...
526 |     Absent,
    |     ^^^^^^
    |
    = note: `SearchStandingEvidence` has derived impls for the traits `Debug` and `Clone`, but these are intentionally ignored during dead code analysis

warning: associated items `open_forge_only` and `sync_forge_only` are never used
    --> crates/local-service/src/builtin/discovery_search.rs:1884:19
     |
1822 | impl DiscoverySearchIndex {
     | ------------------------- associated items in this implementation
...
1884 |     pub(crate) fn open_forge_only(forge_documents: &[ForgeSearchDocument]) -> Result<Self, String> {
     |                   ^^^^^^^^^^^^^^^
...
2173 |     pub(crate) fn sync_forge_only(
     |                   ^^^^^^^^^^^^^^^

warning: method `revision` is never used
    --> crates/local-service/src/builtin/discovery_search.rs:2943:25
     |
2854 | impl LocalDeclarationSearchIndex {
     | -------------------------------- method in this implementation
...
2943 |     pub(crate) const fn revision(&self) -> Option<ViewStateRoot> {
     |                         ^^^^^^^^

warning: method `replace_document_with_ecosystem` is never used
    --> crates/local-service/src/builtin/discovery_search.rs:4786:19
     |
4628 | impl<K: Clone> TextSearchIndex<K> {
     | --------------------------------- method in this implementation
...
4786 |     pub(super) fn replace_document_with_ecosystem<'a>(
     |                   ^^^^^^^^^^^^^^^^^^^^^^^^^^^^^^^

warning: function `row_matches_index_query` is never used
    --> crates/local-service/src/builtin/product_state.rs:2433:4
     |
2433 | fn row_matches_index_query(row: &Row, query: &str) -> bool {
     |    ^^^^^^^^^^^^^^^^^^^^^^^

warning: method `search_page_after` is never used
    --> crates/local-service/src/builtin/product_state.rs:2810:8
     |
2707 | impl CatalogLookupIndex {
     | ----------------------- method in this implementation
...
2810 |     fn search_page_after(
     |        ^^^^^^^^^^^^^^^^^

warning: method `page_after` is never used
   --> crates/local-service/src/builtin/product_state/catalog_search.rs:265:19
    |
 49 | impl CatalogSearchIndex {
    | ----------------------- method in this implementation
...
265 |     pub(super) fn page_after(
    |                   ^^^^^^^^^^

warning: method `workspace_root` is never used
    --> crates/local-service/src/query/local.rs:1427:19
     |
 993 | impl QueryCoordinator {
     | --------------------- method in this implementation
...
1427 |     pub(crate) fn workspace_root(&self) -> WorkspaceRoot {
     |                   ^^^^^^^^^^^^^^

warning: field `0` is never read
  --> crates/local-service/src/query/projection_state.rs:74:16
   |
74 |     SharedFile(File),
   |     ---------- ^^^^
   |     |
   |     field in this variant
   |
help: consider changing the field to be of unit type to suppress this warning while preserving the field numbering, or remove the field
   |
74 -     SharedFile(File),
74 +     SharedFile(()),
   |

warning: method `count` is never used
   --> crates/local-service/src/query/projection_state.rs:828:8
    |
827 | impl Membership<'_> {
    | ------------------- method in this implementation
828 |     fn count(&self) -> usize {
    |        ^^^^^

warning: function `append_row_once_if_present` is never used
   --> crates/local-service/src/builtin/projection.rs:873:4
    |
873 | fn append_row_once_if_present(root: &ViewRoot, id: RowId, rows: &mut Vec<backend_engine::Row>) {
    |    ^^^^^^^^^^^^^^^^^^^^^^^^^^

warning: field `0` is never read
  --> crates/local-service/src/discovery.rs:70:8
   |
70 |     Io(io::Error),
   |     -- ^^^^^^^^^
   |     |
   |     field in this variant
   |
   = note: `DiscoveryStoreError` has a derived impl for the trait `Debug`, but this is intentionally ignored during dead code analysis
help: consider changing the field to be of unit type to suppress this warning while preserving the field numbering, or remove the field
   |
70 -     Io(io::Error),
70 +     Io(()),
   |

warning: method `try_open_quiet` is never used
   --> crates/local-service/src/service/lease/tests.rs:485:19
    |
259 | impl Harness {
    | ------------ method in this implementation
...
485 |     pub(super) fn try_open_quiet(
    |                   ^^^^^^^^^^^^^^

warning: unreachable `pub` item
   --> crates/local-service/src/builtin/staged_transport.rs:470:5
    |
470 |       pub fn validate_control_union(
    |       ^--
    |       |
    |  _____help: consider restricting its visibility: `pub(super)`
    | |
471 | |         &self,
472 | |         controls: &backend_store::ClosureManifest,
473 | |     ) -> Result<(), BuiltinModelError> {
    | |______________________________________^
    |
    = note: requested on the command line with `-W unreachable-pub`

warning: unreachable `pub` item
   --> crates/local-service/src/builtin/staged_transport.rs:477:5
    |
477 |       pub fn validate_membership_union(
    |       ^--
    |       |
    |  _____help: consider restricting its visibility: `pub(super)`
    | |
478 | |         &self,
479 | |         membership: &DurableClosureManifest,
480 | |         controls: &backend_store::ClosureManifest,
481 | |     ) -> Result<(), BuiltinModelError> {
    | |______________________________________^

warning: unreachable `pub` item
   --> crates/local-service/src/builtin/staged_transport.rs:517:5
    |
517 |       pub fn decode(
    |       ^--
    |       |
    |  _____help: consider restricting its visibility: `pub(super)`
    | |
518 | |         bytes: &[u8],
519 | |         store: &FileStore,
520 | |         closure: backend_store::ClosureId,
521 | |     ) -> Result<Arc<Self>, BuiltinModelError> {
    | |_____________________________________________^

warning: unreachable `pub` item
   --> crates/local-service/src/builtin/staged_transport.rs:578:5
    |
578 |     pub fn request(&self) -> [u8; 32] {
    |     ---^^^^^^^^^^^^^^^^^^^^^^^^^^^^^^
    |     |
    |     help: consider restricting its visibility: `pub(super)`

warning: unreachable `pub` item
   --> crates/local-service/src/builtin/staged_transport.rs:581:5
    |
581 |     pub fn encode(&self) -> Vec<u8> {
    |     ---^^^^^^^^^^^^^^^^^^^^^^^^^^^^
    |     |
    |     help: consider restricting its visibility: `pub(super)`

warning: unreachable `pub` item
   --> crates/local-service/src/builtin/staged_transport.rs:596:5
    |
596 |       pub fn hydrate(
    |       ^--
    |       |
    |  _____help: consider restricting its visibility: `pub(super)`
    | |
597 | |         &self,
598 | |         expected: Option<&WorkspaceSnapshot>,
599 | |     ) -> Result<BuiltinIntent, BuiltinModelError> {
    | |_________________________________________________^

warning: `backend-engine` (lib test) generated 220 warnings (57 duplicates) (run `cargo fix --lib -p backend-engine --tests` to apply 152 suggestions)
warning: `backend-local-service` (lib test) generated 317 warnings (run `cargo fix --lib -p backend-local-service --tests` to apply 263 suggestions)
    Finished `test` profile [unoptimized] target(s) in 8m 31s
     Running unittests src/lib.rs (.local/journal-owned-build-role/.nudox-cargo/slot-0/debug/deps/backend_engine-fa86de2a6c48fb26)

running 19 tests
test application::host::paths::tests::resource_open_refuses_fifo_and_link_swaps_after_regular_metadata_admission ... ok
test python_project::tests::attr_paths_cannot_escape_and_ambiguous_sources_are_dynamic ... ok
test python_project::tests::cfg_keeps_comparator_commas_and_all_dependency_scopes ... ok
test python_project::tests::cfg_options_and_literal_setup_identity_are_extracted_together ... ok
test python_project::tests::cfg_preserves_incomplete_extra_build_and_test_declarations ... ok
test python_project::tests::cfg_rejects_duplicate_sections_and_preserves_section_and_extra_spelling ... ok
test python_project::tests::dynamic_pep621_dependency_fields_preserve_static_subsets ... ok
test python_project::tests::dynamic_pyproject_fields_never_become_known_empty_or_fake_version ... ok
test python_project::tests::executable_source_and_cfg_overrides_are_incomplete ... ok
test python_project::tests::malformed_duplicate_and_conflicting_fields_are_rejected ... ok
test python_project::tests::malformed_pep508_names_never_become_known_dependency_targets ... ok
test python_project::tests::missing_cfg_dependencies_and_unresolved_versions_are_explicit ... ok
test python_project::tests::over_budget_requirements_keep_declarations_and_report_complexity ... ok
test python_project::tests::raw_markers_and_garbage_requirements_cannot_claim_known_graph_or_optional_scope ... ok
test python_project::tests::repeated_python_groups_preserve_metadata_and_distinct_graph_edges ... ok
test python_project::tests::supporting_pyproject_build_rows_and_evidence_survive_cfg_setup_selection ... ok
test python_project::tests::tool_only_pyproject_allows_cfg_identity_and_static_setup_identity ... ok
test python_project::tests::unchanged_official_httpie_metadata_and_requirements_are_evidenced ... ok
test python_project::tests::version_source_changes_change_the_shared_metadata_frontier ... ok

test result: ok. 19 passed; 0 failed; 0 ignored; 0 measured; 878 filtered out; finished in 0.02s

     Running unittests src/lib.rs (.local/journal-owned-build-role/.nudox-cargo/slot-0/debug/deps/backend_local_service-f23ac380133f3907)

running 2 tests
test builtin::commands::adapter::tests::official_httpie_dependency_graph_keeps_package_and_search_surfaces_readable ... ok
test builtin::commands::adapter::tests::pinned_full_httpie_dependency_graph_keeps_package_and_search_surfaces_readable ... pinned HTTPie graph control: commit=5b604c37c6c67e18e7c3e9aee6c88a8c22b98345 tree=ce66abc6fa4078b0d549dd0e4a3b512d9f1ee90e files=265 bytes=2096089 python_files=133
ok

test result: ok. 2 passed; 0 failed; 0 ignored; 0 measured; 1139 filtered out; finished in 4.70s

