warning: resolver for the non root package will be ignored, specify resolver at the workspace root:
package:   /Users/mileswirht/Downloads/nudox-active-20261005/luna_ingest_pages_recovery/vendor/gpui_ce_components/Cargo.toml
workspace: /Users/mileswirht/Downloads/nudox-active-20261005/luna_ingest_pages_recovery/Cargo.toml
warning: unused import: `history::TypedV3HistoryPublicationSnapshot`
   --> crates/replication/src/ir_generation_store.rs:146:16
    |
146 | pub(crate) use history::TypedV3HistoryPublicationSnapshot;
    |                ^^^^^^^^^^^^^^^^^^^^^^^^^^^^^^^^^^^^^^^^^^
    |
    = note: `#[warn(unused_imports)]` (part of `#[warn(unused)]`) on by default

warning: unused imports: `TypedV3HistoryAdmissionMetrics`, `TypedV3HistoryAdmission`, and `TypedV3HistoryGcPin`
  --> crates/replication/src/ir_hydration_store.rs:64:5
   |
64 |     TypedV3HistoryAdmission, TypedV3HistoryAdmissionMetrics, TypedV3HistoryGcPin,
   |     ^^^^^^^^^^^^^^^^^^^^^^^  ^^^^^^^^^^^^^^^^^^^^^^^^^^^^^^  ^^^^^^^^^^^^^^^^^^^

warning: methods `manifest_root` and `plane_root` are never used
   --> crates/replication/src/ir_generation_store.rs:232:25
    |
203 | impl HistoricalSemanticPlaneBinding {
    | ----------------------------------- methods in this implementation
...
232 |     pub(crate) const fn manifest_root(self) -> SemanticManifestRoot {
    |                         ^^^^^^^^^^^^^
...
238 |     pub(crate) const fn plane_root(self) -> SemanticPlaneRoot {
    |                         ^^^^^^^^^^
    |
    = note: `#[warn(dead_code)]` (part of `#[warn(unused)]`) on by default

warning: function `append_history_index_entry_typed` is never used
   --> crates/replication/src/ir_generation_store/history/codec.rs:679:15
    |
679 | pub(crate) fn append_history_index_entry_typed(
    |               ^^^^^^^^^^^^^^^^^^^^^^^^^^^^^^^^

warning: associated functions `from_produced` and `from_selected_native_history` are never used
   --> crates/replication/src/ir_generation_store/history/v3.rs:223:19
    |
219 | impl TypedV3HistoryLocator {
    | -------------------------- associated functions in this implementation
...
223 |     pub(crate) fn from_produced(
    |                   ^^^^^^^^^^^^^
...
233 |     pub(crate) fn from_selected_native_history(
    |                   ^^^^^^^^^^^^^^^^^^^^^^^^^^^^

warning: function `stage_typed_v3_locator_bytes` is never used
   --> crates/replication/src/ir_generation_store/history/v3.rs:501:4
    |
501 | fn stage_typed_v3_locator_bytes(
    |    ^^^^^^^^^^^^^^^^^^^^^^^^^^^^

warning: methods `stage_typed_v3_locator`, `finish_typed_v3_locator_admission`, and `typed_v3_locator` are never used
   --> crates/replication/src/ir_generation_store/history/v3.rs:665:19
    |
657 | impl LocalSemanticGenerationFiles {
    | --------------------------------- methods in this implementation
...
665 |     pub(crate) fn stage_typed_v3_locator(
    |                   ^^^^^^^^^^^^^^^^^^^^^^
...
689 |     pub(crate) fn finish_typed_v3_locator_admission(
    |                   ^^^^^^^^^^^^^^^^^^^^^^^^^^^^^^^^^
...
733 |     pub(crate) fn typed_v3_locator(
    |                   ^^^^^^^^^^^^^^^^

warning: fields `root_claim` and `metrics` are never read
   --> crates/replication/src/ir_hydration_store/history_v3.rs:569:5
    |
562 | pub(crate) struct TypedV3HistoryAdmission<'pin> {
    |                   ----------------------- fields in this struct
...
569 |     root_claim: HistoryTypedV3RootClaim,
    |     ^^^^^^^^^^
570 |     metrics: TypedV3HistoryAdmissionMetrics,
    |     ^^^^^^^

warning: methods `root_claim` and `metrics` are never used
   --> crates/replication/src/ir_hydration_store/history_v3.rs:582:25
    |
573 | impl TypedV3HistoryAdmission<'_> {
    | -------------------------------- methods in this implementation
...
582 |     pub(crate) const fn root_claim(&self) -> HistoryTypedV3RootClaim {
    |                         ^^^^^^^^^^
...
590 |     pub(crate) const fn metrics(&self) -> TypedV3HistoryAdmissionMetrics {
    |                         ^^^^^^^

warning: methods `verify_produced_typed_v3` and `verify_produced_typed_v3_content` are never used
   --> crates/replication/src/ir_hydration_store/history_v3.rs:634:19
    |
603 | impl FileSemanticRangeStore {
    | --------------------------- methods in this implementation
...
634 |     pub(crate) fn verify_produced_typed_v3<'pin>(
    |                   ^^^^^^^^^^^^^^^^^^^^^^^^
...
663 |     pub(crate) fn verify_produced_typed_v3_content<'pin>(
    |                   ^^^^^^^^^^^^^^^^^^^^^^^^^^^^^^^^

warning: fields `segment_pins`, `jumbo_pin`, `encoding_metrics`, `segment_store_metrics`, `jumbo_store_metrics`, and `verifier_io_metrics` are never read
    --> crates/replication/src/ir_producer_store.rs:1595:5
     |
1589 | pub(crate) struct ProducedSelectedNativeTypedPlaneHistoryV3 {
     |                   ----------------------------------------- fields in this struct
...
1595 |     segment_pins: Vec<DurableSemanticObjectPin>,
     |     ^^^^^^^^^^^^
1596 |     jumbo_pin: DurableSemanticObjectPin,
     |     ^^^^^^^^^
1597 |     encoding_metrics: [CanonicalPlaneEncodingMetrics; TYPED_V2_FAMILY_COUNT],
     |     ^^^^^^^^^^^^^^^^
1598 |     segment_store_metrics: [SemanticProducerStoreMetrics; TYPED_V2_FAMILY_COUNT],
     |     ^^^^^^^^^^^^^^^^^^^^^
1599 |     jumbo_store_metrics: SemanticProducerStoreMetrics,
     |     ^^^^^^^^^^^^^^^^^^^
1600 |     verifier_io_metrics: SemanticProducerVerifierIoMetrics,
     |     ^^^^^^^^^^^^^^^^^^^

warning: methods `segment_pins` and `jumbo_pin` are never used
    --> crates/replication/src/ir_producer_store.rs:1624:19
     |
1603 | impl ProducedSelectedNativeTypedPlaneHistoryV3 {
     | ---------------------------------------------- methods in this implementation
...
1624 |     pub(crate) fn segment_pins(&self) -> &[DurableSemanticObjectPin] {
     |                   ^^^^^^^^^^^^
...
1628 |     pub(crate) const fn jumbo_pin(&self) -> &DurableSemanticObjectPin {
     |                         ^^^^^^^^^

warning: field `input_witness` is never read
    --> crates/replication/src/ir_producer_store.rs:1635:5
     |
1633 | struct TypedV3ProducedArtifacts {
     |        ------------------------ field in this struct
1634 |     image_facts: SemanticImageFacts,
1635 |     input_witness: SemanticInputWitness,
     |     ^^^^^^^^^^^^^

warning: function `produce_semantic_typed_plane_v3` is never used
    --> crates/replication/src/ir_producer_store.rs:1656:15
     |
1656 | pub(crate) fn produce_semantic_typed_plane_v3<Reader: SemanticReader + ?Sized>(
     |               ^^^^^^^^^^^^^^^^^^^^^^^^^^^^^^^

warning: `backend-replication` (lib) generated 14 warnings (run `cargo fix --lib -p backend-replication` to apply 2 suggestions)
warning: unnecessary qualification
   --> crates/library/interface/compiler_fragment/nested.rs:845:32
    |
845 |     pub const fn kind(self) -> super::CompilerFragmentNestedFaultKind {
    |                                ^^^^^^^^^^^^^^^^^^^^^^^^^^^^^^^^^^^^^^
    |
    = note: requested on the command line with `-W unused-qualifications`
help: remove the unnecessary path segments
    |
845 -     pub const fn kind(self) -> super::CompilerFragmentNestedFaultKind {
845 +     pub const fn kind(self) -> CompilerFragmentNestedFaultKind {
    |

warning: unnecessary qualification
   --> crates/library/interface/compiler_fragment/nested.rs:860:28
    |
860 |     const fn kind(self) -> super::CompilerFragmentNestedFaultKind {
    |                            ^^^^^^^^^^^^^^^^^^^^^^^^^^^^^^^^^^^^^^
    |
help: remove the unnecessary path segments
    |
860 -     const fn kind(self) -> super::CompilerFragmentNestedFaultKind {
860 +     const fn kind(self) -> CompilerFragmentNestedFaultKind {
    |

warning: unnecessary qualification
   --> crates/library/interface/compiler_fragment/nested.rs:872:28
    |
872 |     const fn kind(self) -> super::CompilerFragmentNestedFaultKind {
    |                            ^^^^^^^^^^^^^^^^^^^^^^^^^^^^^^^^^^^^^^
    |
help: remove the unnecessary path segments
    |
872 -     const fn kind(self) -> super::CompilerFragmentNestedFaultKind {
872 +     const fn kind(self) -> CompilerFragmentNestedFaultKind {
    |

warning: unnecessary qualification
   --> crates/library/interface/compiler_fragment/nested.rs:884:28
    |
884 |     const fn kind(self) -> super::CompilerFragmentNestedFaultKind {
    |                            ^^^^^^^^^^^^^^^^^^^^^^^^^^^^^^^^^^^^^^
    |
help: remove the unnecessary path segments
    |
884 -     const fn kind(self) -> super::CompilerFragmentNestedFaultKind {
884 +     const fn kind(self) -> CompilerFragmentNestedFaultKind {
    |

warning: unnecessary qualification
   --> crates/library/interface/compiler_fragment/nested.rs:894:28
    |
894 |     const fn kind(self) -> super::CompilerFragmentNestedFaultKind {
    |                            ^^^^^^^^^^^^^^^^^^^^^^^^^^^^^^^^^^^^^^
    |
help: remove the unnecessary path segments
    |
894 -     const fn kind(self) -> super::CompilerFragmentNestedFaultKind {
894 +     const fn kind(self) -> CompilerFragmentNestedFaultKind {
    |

warning: unnecessary qualification
   --> crates/library/interface/compiler_fragment/nested.rs:931:28
    |
931 |     const fn kind(self) -> super::CompilerFragmentNestedFaultKind {
    |                            ^^^^^^^^^^^^^^^^^^^^^^^^^^^^^^^^^^^^^^
    |
help: remove the unnecessary path segments
    |
931 -     const fn kind(self) -> super::CompilerFragmentNestedFaultKind {
931 +     const fn kind(self) -> CompilerFragmentNestedFaultKind {
    |

warning: unnecessary qualification
   --> crates/library/interface/compiler_fragment/nested.rs:958:28
    |
958 |     const fn kind(self) -> super::CompilerFragmentNestedFaultKind {
    |                            ^^^^^^^^^^^^^^^^^^^^^^^^^^^^^^^^^^^^^^
    |
help: remove the unnecessary path segments
    |
958 -     const fn kind(self) -> super::CompilerFragmentNestedFaultKind {
958 +     const fn kind(self) -> CompilerFragmentNestedFaultKind {
    |

warning: unnecessary qualification
   --> crates/library/interface/compiler_fragment/nested.rs:980:28
    |
980 |     const fn kind(self) -> super::CompilerFragmentNestedFaultKind {
    |                            ^^^^^^^^^^^^^^^^^^^^^^^^^^^^^^^^^^^^^^
    |
help: remove the unnecessary path segments
    |
980 -     const fn kind(self) -> super::CompilerFragmentNestedFaultKind {
980 +     const fn kind(self) -> CompilerFragmentNestedFaultKind {
    |

warning: unnecessary qualification
   --> crates/library/interface/compiler_fragment/nested.rs:999:28
    |
999 |     const fn kind(self) -> super::CompilerFragmentNestedFaultKind {
    |                            ^^^^^^^^^^^^^^^^^^^^^^^^^^^^^^^^^^^^^^
    |
help: remove the unnecessary path segments
    |
999 -     const fn kind(self) -> super::CompilerFragmentNestedFaultKind {
999 +     const fn kind(self) -> CompilerFragmentNestedFaultKind {
    |

warning: unused import: `CompilerDiagnostic`
 --> crates/library/surface/package_compiler_failure.rs:8:62
  |
8 |     AuthorityDiagnosticClass, AuthorityPhase, CompilerCause, CompilerDiagnostic,
  |                                                              ^^^^^^^^^^^^^^^^^^
  |
  = note: `#[warn(unused_imports)]` (part of `#[warn(unused)]`) on by default

warning: unused import: `SourceFactDomain`
  --> crates/library/surface/package_compiler_failure.rs:18:55
   |
18 | use backend_version::{CompileRecipeDomain, ContentId, SourceFactDomain};
   |                                                       ^^^^^^^^^^^^^^^^

warning: unused imports: `AuthorityClassFact`, `AuthorityPhaseFact`, `CompilerAuthorityDiagnosticFacts`, `CompilerLanguageFact`, and `CompilerStageFact`
  --> crates/library/surface.rs:25:5
   |
25 |     AuthorityClassFact, AuthorityPhaseFact, CompilerAuthorityDiagnosticFacts, CompilerLanguageFact,
   |     ^^^^^^^^^^^^^^^^^^  ^^^^^^^^^^^^^^^^^^  ^^^^^^^^^^^^^^^^^^^^^^^^^^^^^^^^  ^^^^^^^^^^^^^^^^^^^^
26 |     CompilerNativeToolFact, CompilerStageFact, PackageCompilerFailureCause,
   |                             ^^^^^^^^^^^^^^^^^

warning: unnecessary qualification
    --> crates/library/surface.rs:3809:31
     |
3809 |         let mut coordinates = std::collections::BTreeSet::new();
     |                               ^^^^^^^^^^^^^^^^^^^^^^^^^^^^^^^
     |
help: remove the unnecessary path segments
     |
3809 -         let mut coordinates = std::collections::BTreeSet::new();
3809 +         let mut coordinates = BTreeSet::new();
     |

warning: unused variable: `ordinal`
   --> crates/library/interface/compiler_fragment.rs:371:75
    |
371 |             CompilerFragmentFault::Prepare(PrepareError::OccurrenceLane { ordinal, fault }) => {
    |                                                                           ^^^^^^^ help: try ignoring the field: `ordinal: _`
    |
    = note: `#[warn(unused_variables)]` (part of `#[warn(unused)]`) on by default

warning: missing documentation for a variant
   --> crates/library/interface/compiler_fragment.rs:699:5
    |
699 |     Capacity,
    |     ^^^^^^^^
    |
    = note: requested on the command line with `-W missing-docs`

warning: missing documentation for a variant
   --> crates/library/interface/compiler_fragment.rs:700:5
    |
700 |     InvalidTreeEntity,
    |     ^^^^^^^^^^^^^^^^^

warning: missing documentation for a variant
   --> crates/library/interface/compiler_fragment.rs:701:5
    |
701 |     Dangling,
    |     ^^^^^^^^

warning: missing documentation for a variant
   --> crates/library/interface/compiler_fragment.rs:702:5
    |
702 |     RecursiveType,
    |     ^^^^^^^^^^^^^

warning: missing documentation for a variant
   --> crates/library/interface/compiler_fragment.rs:703:5
    |
703 |     CallableElement,
    |     ^^^^^^^^^^^^^^^

warning: missing documentation for a variant
   --> crates/library/interface/compiler_fragment.rs:704:5
    |
704 |     MissingTypedVariadicParameter,
    |     ^^^^^^^^^^^^^^^^^^^^^^^^^^^^^

warning: missing documentation for a variant
   --> crates/library/interface/compiler_fragment.rs:705:5
    |
705 |     EmptyQualifiedPath,
    |     ^^^^^^^^^^^^^^^^^^

warning: missing documentation for a variant
   --> crates/library/interface/compiler_fragment.rs:706:5
    |
706 |     TypeParameterRequirements,
    |     ^^^^^^^^^^^^^^^^^^^^^^^^^

warning: missing documentation for a variant
   --> crates/library/interface/compiler_fragment.rs:707:5
    |
707 |     EmptyCxxQualification,
    |     ^^^^^^^^^^^^^^^^^^^^^

warning: missing documentation for a variant
   --> crates/library/interface/compiler_fragment.rs:708:5
    |
708 |     IllegalCQualifierTarget,
    |     ^^^^^^^^^^^^^^^^^^^^^^^

warning: missing documentation for a variant
   --> crates/library/interface/compiler_fragment.rs:709:5
    |
709 |     IllegalCxxMemberPointerOwner,
    |     ^^^^^^^^^^^^^^^^^^^^^^^^^^^^

warning: missing documentation for a variant
   --> crates/library/interface/compiler_fragment.rs:710:5
    |
710 |     InvalidDocumentationUtf8,
    |     ^^^^^^^^^^^^^^^^^^^^^^^^

warning: missing documentation for a variant
   --> crates/library/interface/compiler_fragment.rs:711:5
    |
711 |     InvalidOccurrenceSpan,
    |     ^^^^^^^^^^^^^^^^^^^^^

warning: missing documentation for a variant
   --> crates/library/interface/compiler_fragment.rs:712:5
    |
712 |     SignatureCarrierRoleCount,
    |     ^^^^^^^^^^^^^^^^^^^^^^^^^

warning: missing documentation for a variant
   --> crates/library/interface/compiler_fragment.rs:713:5
    |
713 |     SignatureCarrierRoleKind,
    |     ^^^^^^^^^^^^^^^^^^^^^^^^

warning: missing documentation for a variant
   --> crates/library/interface/compiler_fragment.rs:714:5
    |
714 |     SignatureCarrierRoleOwnerKind,
    |     ^^^^^^^^^^^^^^^^^^^^^^^^^^^^^

warning: missing documentation for a variant
   --> crates/library/interface/compiler_fragment.rs:715:5
    |
715 |     SignatureCarrierRoleAlreadyCaptured,
    |     ^^^^^^^^^^^^^^^^^^^^^^^^^^^^^^^^^^^

warning: missing documentation for a variant
   --> crates/library/interface/compiler_fragment.rs:716:5
    |
716 |     SignatureCarrierBindingsAlreadyCaptured,
    |     ^^^^^^^^^^^^^^^^^^^^^^^^^^^^^^^^^^^^^^^

warning: missing documentation for a variant
   --> crates/library/interface/compiler_fragment.rs:717:5
    |
717 |     SignatureCarrierBindingOwnerSet,
    |     ^^^^^^^^^^^^^^^^^^^^^^^^^^^^^^^

warning: missing documentation for a variant
   --> crates/library/interface/compiler_fragment.rs:718:5
    |
718 |     SignatureCarrierBindingSignature,
    |     ^^^^^^^^^^^^^^^^^^^^^^^^^^^^^^^^

warning: missing documentation for a variant
   --> crates/library/interface/compiler_fragment.rs:719:5
    |
719 |     SignatureCarrierBindingCounts,
    |     ^^^^^^^^^^^^^^^^^^^^^^^^^^^^^

warning: missing documentation for a variant
   --> crates/library/interface/compiler_fragment.rs:720:5
    |
720 |     SignatureCarrierBindingEdgeRole,
    |     ^^^^^^^^^^^^^^^^^^^^^^^^^^^^^^^

warning: missing documentation for a variant
   --> crates/library/interface/compiler_fragment.rs:721:5
    |
721 |     SignatureCarrierBindingTargetCount,
    |     ^^^^^^^^^^^^^^^^^^^^^^^^^^^^^^^^^^

warning: missing documentation for a variant
   --> crates/library/interface/compiler_fragment.rs:722:5
    |
722 |     SignatureCarrierBindingTargetKind,
    |     ^^^^^^^^^^^^^^^^^^^^^^^^^^^^^^^^^

warning: missing documentation for a variant
   --> crates/library/interface/compiler_fragment.rs:723:5
    |
723 |     SignatureCarrierBindingType,
    |     ^^^^^^^^^^^^^^^^^^^^^^^^^^^

warning: missing documentation for a variant
   --> crates/library/interface/compiler_fragment.rs:724:5
    |
724 |     SignatureCarrierBindingEdgeMismatch,
    |     ^^^^^^^^^^^^^^^^^^^^^^^^^^^^^^^^^^^

warning: missing documentation for a variant
   --> crates/library/interface/compiler_fragment.rs:725:5
    |
725 |     ParentCycle,
    |     ^^^^^^^^^^^

warning: missing documentation for a variant
   --> crates/library/interface/compiler_fragment.rs:726:5
    |
726 |     DeclarationKey,
    |     ^^^^^^^^^^^^^^

warning: missing documentation for a variant
   --> crates/library/interface/compiler_fragment.rs:727:5
    |
727 |     ScopedDeclarationPreimage,
    |     ^^^^^^^^^^^^^^^^^^^^^^^^^

warning: missing documentation for a variant
   --> crates/library/interface/compiler_fragment.rs:728:5
    |
728 |     ForeignKeyPreimage,
    |     ^^^^^^^^^^^^^^^^^^

warning: missing documentation for a variant
   --> crates/library/interface/compiler_fragment.rs:729:5
    |
729 |     DuplicateDeclarationIdentity,
    |     ^^^^^^^^^^^^^^^^^^^^^^^^^^^^

warning: missing documentation for a variant
   --> crates/library/interface/compiler_fragment.rs:730:5
    |
730 |     TreeVersionCount,
    |     ^^^^^^^^^^^^^^^^

warning: missing documentation for a variant
   --> crates/library/interface/compiler_fragment.rs:731:5
    |
731 |     AuthorityRowCount,
    |     ^^^^^^^^^^^^^^^^^

warning: missing documentation for a variant
   --> crates/library/interface/compiler_fragment.rs:732:5
    |
732 |     OccurrenceAuthorityRowCount,
    |     ^^^^^^^^^^^^^^^^^^^^^^^^^^^

warning: missing documentation for a variant
   --> crates/library/interface/compiler_fragment.rs:733:5
    |
733 |     AuthorityFacts,
    |     ^^^^^^^^^^^^^^

warning: missing documentation for a variant
   --> crates/library/interface/compiler_fragment.rs:734:5
    |
734 |     OccurrenceAuthorityFacts,
    |     ^^^^^^^^^^^^^^^^^^^^^^^^

warning: missing documentation for a variant
   --> crates/library/interface/compiler_fragment.rs:735:5
    |
735 |     ImageProvenanceLineage,
    |     ^^^^^^^^^^^^^^^^^^^^^^

warning: missing documentation for a variant
   --> crates/library/interface/compiler_fragment.rs:736:5
    |
736 |     ImageProvenanceScope,
    |     ^^^^^^^^^^^^^^^^^^^^

warning: missing documentation for a variant
   --> crates/library/interface/compiler_fragment.rs:737:5
    |
737 |     ImageProvenanceScopePreimage,
    |     ^^^^^^^^^^^^^^^^^^^^^^^^^^^^

warning: missing documentation for a variant
   --> crates/library/interface/compiler_fragment.rs:738:5
    |
738 |     ImageProvenanceRecipe,
    |     ^^^^^^^^^^^^^^^^^^^^^

warning: missing documentation for a variant
   --> crates/library/interface/compiler_fragment.rs:739:5
    |
739 |     ImageProvenanceRebind,
    |     ^^^^^^^^^^^^^^^^^^^^^

warning: missing documentation for a variant
   --> crates/library/interface/compiler_fragment.rs:740:5
    |
740 |     LanguageExtension,
    |     ^^^^^^^^^^^^^^^^^

warning: missing documentation for a variant
   --> crates/library/interface/compiler_fragment.rs:741:5
    |
741 |     LanguageProfileMismatch,
    |     ^^^^^^^^^^^^^^^^^^^^^^^

warning: missing documentation for a variant
   --> crates/library/interface/compiler_fragment.rs:742:5
    |
742 |     LanguageProfileRebind,
    |     ^^^^^^^^^^^^^^^^^^^^^

warning: missing documentation for a variant
   --> crates/library/interface/compiler_fragment.rs:749:5
    |
749 |     Count,
    |     ^^^^^

warning: missing documentation for a variant
   --> crates/library/interface/compiler_fragment.rs:750:5
    |
750 |     AtomBytePoolOverflow,
    |     ^^^^^^^^^^^^^^^^^^^^

warning: missing documentation for a variant
   --> crates/library/interface/compiler_fragment.rs:751:5
    |
751 |     LayoutOverflow,
    |     ^^^^^^^^^^^^^^

warning: missing documentation for a variant
   --> crates/library/interface/compiler_fragment.rs:752:5
    |
752 |     NativeCount,
    |     ^^^^^^^^^^^

warning: missing documentation for a variant
   --> crates/library/interface/compiler_fragment.rs:753:5
    |
753 |     OutputLength,
    |     ^^^^^^^^^^^^

warning: missing documentation for a variant
   --> crates/library/interface/compiler_fragment.rs:754:5
    |
754 |     Entity,
    |     ^^^^^^

warning: missing documentation for a variant
   --> crates/library/interface/compiler_fragment.rs:755:5
    |
755 |     TypeNode,
    |     ^^^^^^^^

warning: missing documentation for a variant
   --> crates/library/interface/compiler_fragment.rs:756:5
    |
756 |     SemanticDataOverflow,
    |     ^^^^^^^^^^^^^^^^^^^^

warning: missing documentation for a variant
   --> crates/library/interface/compiler_fragment.rs:757:5
    |
757 |     SemanticEntityRoots,
    |     ^^^^^^^^^^^^^^^^^^^

warning: missing documentation for a variant
   --> crates/library/interface/compiler_fragment.rs:758:5
    |
758 |     SemanticAtomLength,
    |     ^^^^^^^^^^^^^^^^^^

warning: missing documentation for a variant
   --> crates/library/interface/compiler_fragment.rs:759:5
    |
759 |     SemanticData,
    |     ^^^^^^^^^^^^

warning: missing documentation for a variant
   --> crates/library/interface/compiler_fragment.rs:760:5
    |
760 |     OccurrenceLane,
    |     ^^^^^^^^^^^^^^

warning: missing documentation for a variant
   --> crates/library/interface/compiler_fragment.rs:761:5
    |
761 |     TypeFacts,
    |     ^^^^^^^^^

warning: missing documentation for a variant
   --> crates/library/interface/compiler_fragment.rs:762:5
    |
762 |     Documentation,
    |     ^^^^^^^^^^^^^

warning: missing documentation for a variant
   --> crates/library/interface/compiler_fragment.rs:763:5
    |
763 |     ExtensionPools,
    |     ^^^^^^^^^^^^^^

warning: missing documentation for a variant
   --> crates/library/interface/compiler_fragment.rs:764:5
    |
764 |     ExtensionPoolsMismatch,
    |     ^^^^^^^^^^^^^^^^^^^^^^

warning: missing documentation for a variant
   --> crates/library/interface/compiler_fragment.rs:771:5
    |
771 |     OutputTooSmall,
    |     ^^^^^^^^^^^^^^

warning: missing documentation for a variant
   --> crates/library/interface/compiler_fragment.rs:772:5
    |
772 |     ExtensionSection,
    |     ^^^^^^^^^^^^^^^^

warning: missing documentation for a variant
   --> crates/library/interface/compiler_fragment.rs:773:5
    |
773 |     AtomLength,
    |     ^^^^^^^^^^

warning: missing documentation for a variant
   --> crates/library/interface/compiler_fragment.rs:774:5
    |
774 |     AtomExtent,
    |     ^^^^^^^^^^

warning: missing documentation for a variant
   --> crates/library/interface/compiler_fragment.rs:775:5
    |
775 |     SemanticAtomLength,
    |     ^^^^^^^^^^^^^^^^^^

warning: missing documentation for a variant
   --> crates/library/interface/compiler_fragment.rs:782:5
    |
782 |     ExtensionPoolPair,
    |     ^^^^^^^^^^^^^^^^^

warning: missing documentation for a variant
   --> crates/library/interface/compiler_fragment.rs:783:5
    |
783 |     Documentation,
    |     ^^^^^^^^^^^^^

warning: missing documentation for a variant
   --> crates/library/interface/compiler_fragment.rs:784:5
    |
784 |     ExtensionPools,
    |     ^^^^^^^^^^^^^^

warning: missing documentation for a variant
   --> crates/library/interface/compiler_fragment.rs:785:5
    |
785 |     LanguageExtensions,
    |     ^^^^^^^^^^^^^^^^^^

warning: missing documentation for a variant
   --> crates/library/interface/compiler_fragment.rs:786:5
    |
786 |     TruncatedHeader,
    |     ^^^^^^^^^^^^^^^

warning: missing documentation for a variant
   --> crates/library/interface/compiler_fragment.rs:787:5
    |
787 |     Magic,
    |     ^^^^^

warning: missing documentation for a variant
   --> crates/library/interface/compiler_fragment.rs:788:5
    |
788 |     Schema,
    |     ^^^^^^

warning: missing documentation for a variant
   --> crates/library/interface/compiler_fragment.rs:789:5
    |
789 |     DeclaredLength,
    |     ^^^^^^^^^^^^^^

warning: missing documentation for a variant
   --> crates/library/interface/compiler_fragment.rs:790:5
    |
790 |     Extent,
    |     ^^^^^^

warning: missing documentation for a variant
   --> crates/library/interface/compiler_fragment.rs:791:5
    |
791 |     WireWidth,
    |     ^^^^^^^^^

warning: missing documentation for a variant
   --> crates/library/interface/compiler_fragment.rs:792:5
    |
792 |     Directory,
    |     ^^^^^^^^^

warning: missing documentation for a variant
   --> crates/library/interface/compiler_fragment.rs:793:5
    |
793 |     MissingSection,
    |     ^^^^^^^^^^^^^^

warning: missing documentation for a variant
   --> crates/library/interface/compiler_fragment.rs:794:5
    |
794 |     Entity,
    |     ^^^^^^

warning: missing documentation for a variant
   --> crates/library/interface/compiler_fragment.rs:795:5
    |
795 |     EntityRecord,
    |     ^^^^^^^^^^^^

warning: missing documentation for a variant
   --> crates/library/interface/compiler_fragment.rs:796:5
    |
796 |     Atom,
    |     ^^^^

warning: missing documentation for a variant
   --> crates/library/interface/compiler_fragment.rs:797:5
    |
797 |     TypeNode,
    |     ^^^^^^^^

warning: missing documentation for a variant
   --> crates/library/interface/compiler_fragment.rs:798:5
    |
798 |     SourceIdentity,
    |     ^^^^^^^^^^^^^^

warning: missing documentation for a variant
   --> crates/library/interface/compiler_fragment.rs:799:5
    |
799 |     RecipeFact,
    |     ^^^^^^^^^^

warning: missing documentation for a variant
   --> crates/library/interface/compiler_fragment.rs:800:5
    |
800 |     SemanticData,
    |     ^^^^^^^^^^^^

warning: missing documentation for a variant
   --> crates/library/interface/compiler_fragment.rs:801:5
    |
801 |     Occurrences,
    |     ^^^^^^^^^^^

warning: missing documentation for a variant
   --> crates/library/interface/compiler_fragment.rs:802:5
    |
802 |     TypeFacts,
    |     ^^^^^^^^^

warning: missing documentation for a variant
   --> crates/library/interface/compiler_fragment.rs:823:5
    |
823 |     Atom,
    |     ^^^^

warning: missing documentation for a variant
   --> crates/library/interface/compiler_fragment.rs:824:5
    |
824 |     Text,
    |     ^^^^

warning: missing documentation for a variant
   --> crates/library/interface/compiler_fragment.rs:825:5
    |
825 |     Type,
    |     ^^^^

warning: missing documentation for a variant
   --> crates/library/interface/compiler_fragment.rs:826:5
    |
826 |     Entity,
    |     ^^^^^^

warning: missing documentation for a variant
   --> crates/library/interface/compiler_fragment.rs:827:5
    |
827 |     External,
    |     ^^^^^^^^

warning: missing documentation for a variant
   --> crates/library/interface/compiler_fragment.rs:828:5
    |
828 |     Link,
    |     ^^^^

warning: missing documentation for a variant
   --> crates/library/interface/compiler_fragment.rs:829:5
    |
829 |     LinkOccurrence,
    |     ^^^^^^^^^^^^^^

warning: missing documentation for a variant
   --> crates/library/interface/compiler_fragment.rs:830:5
    |
830 |     TypeList,
    |     ^^^^^^^^

warning: missing documentation for a variant
   --> crates/library/interface/compiler_fragment.rs:831:5
    |
831 |     EntityList,
    |     ^^^^^^^^^^

warning: missing documentation for a variant
   --> crates/library/interface/compiler_fragment.rs:832:5
    |
832 |     AtomList,
    |     ^^^^^^^^

warning: missing documentation for a variant
   --> crates/library/interface/compiler_fragment.rs:833:5
    |
833 |     Docs,
    |     ^^^^

warning: missing documentation for a variant
   --> crates/library/interface/compiler_fragment.rs:834:5
    |
834 |     TupleElements,
    |     ^^^^^^^^^^^^^

warning: missing documentation for a variant
   --> crates/library/interface/compiler_fragment.rs:835:5
    |
835 |     ObjectMembers,
    |     ^^^^^^^^^^^^^

warning: missing documentation for a variant
   --> crates/library/interface/compiler_fragment.rs:836:5
    |
836 |     TemplateParts,
    |     ^^^^^^^^^^^^^

warning: missing documentation for a variant
   --> crates/library/interface/compiler_fragment.rs:837:5
    |
837 |     TypeParameterBounds,
    |     ^^^^^^^^^^^^^^^^^^^

warning: missing documentation for a variant
   --> crates/library/interface/compiler_fragment.rs:838:5
    |
838 |     TypeParameters,
    |     ^^^^^^^^^^^^^^

warning: missing documentation for a variant
   --> crates/library/interface/compiler_fragment.rs:839:5
    |
839 |     FreePredicates,
    |     ^^^^^^^^^^^^^^

warning: missing documentation for a variant
   --> crates/library/interface/compiler_fragment.rs:846:5
    |
846 |     Directory,
    |     ^^^^^^^^^

warning: missing documentation for a variant
   --> crates/library/interface/compiler_fragment.rs:847:5
    |
847 |     EntityLane,
    |     ^^^^^^^^^^

warning: missing documentation for a variant
   --> crates/library/interface/compiler_fragment.rs:848:5
    |
848 |     TypeNodeLane,
    |     ^^^^^^^^^^^^

warning: missing documentation for a variant
   --> crates/library/interface/compiler_fragment.rs:849:5
    |
849 |     AtomRecordLane,
    |     ^^^^^^^^^^^^^^

warning: missing documentation for a variant
   --> crates/library/interface/compiler_fragment.rs:850:5
    |
850 |     AtomByteLane,
    |     ^^^^^^^^^^^^

warning: missing documentation for a variant
   --> crates/library/interface/compiler_fragment.rs:851:5
    |
851 |     SourceIdentityLane,
    |     ^^^^^^^^^^^^^^^^^^

warning: missing documentation for a variant
   --> crates/library/interface/compiler_fragment.rs:852:5
    |
852 |     RecipeFactLane,
    |     ^^^^^^^^^^^^^^

warning: missing documentation for a variant
   --> crates/library/interface/compiler_fragment.rs:853:5
    |
853 |     SemanticData,
    |     ^^^^^^^^^^^^

warning: missing documentation for a variant
   --> crates/library/interface/compiler_fragment.rs:854:5
    |
854 |     Occurrences,
    |     ^^^^^^^^^^^

warning: missing documentation for a variant
   --> crates/library/interface/compiler_fragment.rs:855:5
    |
855 |     TypeFacts,
    |     ^^^^^^^^^

warning: missing documentation for a variant
   --> crates/library/interface/compiler_fragment.rs:856:5
    |
856 |     Documentation,
    |     ^^^^^^^^^^^^^

warning: missing documentation for a variant
   --> crates/library/interface/compiler_fragment.rs:857:5
    |
857 |     LanguageExtensions,
    |     ^^^^^^^^^^^^^^^^^^

warning: missing documentation for a variant
   --> crates/library/interface/compiler_fragment.rs:858:5
    |
858 |     ExtensionPools,
    |     ^^^^^^^^^^^^^^

warning: missing documentation for a variant
   --> crates/library/interface/compiler_fragment.rs:865:5
    |
865 |     Prepare,
    |     ^^^^^^^

warning: missing documentation for a variant
   --> crates/library/interface/compiler_fragment.rs:866:5
    |
866 |     Write,
    |     ^^^^^

warning: missing documentation for a variant
   --> crates/library/interface/compiler_fragment.rs:867:5
    |
867 |     Validate,
    |     ^^^^^^^^

warning: missing documentation for a variant
  --> crates/library/interface/compiler_fragment/nested.rs:15:5
   |
15 |     Atoms,
   |     ^^^^^

warning: missing documentation for a variant
  --> crates/library/interface/compiler_fragment/nested.rs:16:5
   |
16 |     Products,
   |     ^^^^^^^^

warning: missing documentation for a variant
  --> crates/library/interface/compiler_fragment/nested.rs:17:5
   |
17 |     Constructors,
   |     ^^^^^^^^^^^^

warning: missing documentation for a variant
  --> crates/library/interface/compiler_fragment/nested.rs:18:5
   |
18 |     Lists,
   |     ^^^^^

warning: missing documentation for a variant
  --> crates/library/interface/compiler_fragment/nested.rs:19:5
   |
19 |     Children,
   |     ^^^^^^^^

warning: missing documentation for a variant
  --> crates/library/interface/compiler_fragment/nested.rs:20:5
   |
20 |     AtomOrder,
   |     ^^^^^^^^^

warning: missing documentation for a variant
  --> crates/library/interface/compiler_fragment/nested.rs:21:5
   |
21 |     AtomMap,
   |     ^^^^^^^

warning: missing documentation for a variant
  --> crates/library/interface/compiler_fragment/nested.rs:22:5
   |
22 |     ProductOrder,
   |     ^^^^^^^^^^^^

warning: missing documentation for a variant
  --> crates/library/interface/compiler_fragment/nested.rs:23:5
   |
23 |     ProductMap,
   |     ^^^^^^^^^^

warning: missing documentation for a variant
  --> crates/library/interface/compiler_fragment/nested.rs:24:5
   |
24 |     Colors,
   |     ^^^^^^

warning: missing documentation for a variant
  --> crates/library/interface/compiler_fragment/nested.rs:25:5
   |
25 |     NextColors,
   |     ^^^^^^^^^^

warning: missing documentation for a variant
  --> crates/library/interface/compiler_fragment/nested.rs:26:5
   |
26 |     Hashes,
   |     ^^^^^^

warning: missing documentation for a variant
  --> crates/library/interface/compiler_fragment/nested.rs:27:5
   |
27 |     NextHashes,
   |     ^^^^^^^^^^

warning: missing documentation for a variant
  --> crates/library/interface/compiler_fragment/nested.rs:28:5
   |
28 |     Representatives,
   |     ^^^^^^^^^^^^^^^

warning: missing documentation for a variant
  --> crates/library/interface/compiler_fragment/nested.rs:29:5
   |
29 |     InternSlots,
   |     ^^^^^^^^^^^

warning: missing documentation for a variant
  --> crates/library/interface/compiler_fragment/nested.rs:36:5
   |
36 |     RefinementRounds,
   |     ^^^^^^^^^^^^^^^^

warning: missing documentation for a variant
  --> crates/library/interface/compiler_fragment/nested.rs:37:5
   |
37 |     SortComparisons,
   |     ^^^^^^^^^^^^^^^

warning: missing documentation for a variant
  --> crates/library/interface/compiler_fragment/nested.rs:38:5
   |
38 |     HashEvaluations,
   |     ^^^^^^^^^^^^^^^

warning: missing documentation for a variant
  --> crates/library/interface/compiler_fragment/nested.rs:39:5
   |
39 |     InternProbes,
   |     ^^^^^^^^^^^^

warning: missing documentation for a variant
  --> crates/library/interface/compiler_fragment/nested.rs:40:5
   |
40 |     Work,
   |     ^^^^

warning: missing documentation for a variant
  --> crates/library/interface/compiler_fragment/nested.rs:53:5
   |
53 |     EntityRecord(EntityRecordFaultFacts),
   |     ^^^^^^^^^^^^

warning: missing documentation for a variant
  --> crates/library/interface/compiler_fragment/nested.rs:54:5
   |
54 |     TypeNode(TypeNodeFaultFacts),
   |     ^^^^^^^^

warning: missing documentation for a variant
  --> crates/library/interface/compiler_fragment/nested.rs:55:5
   |
55 |     Atom(AtomFaultFacts),
   |     ^^^^

warning: missing documentation for a variant
  --> crates/library/interface/compiler_fragment/nested.rs:56:5
   |
56 |     CanonicalData(CanonicalDataFaultFacts),
   |     ^^^^^^^^^^^^^

warning: missing documentation for a variant
  --> crates/library/interface/compiler_fragment/nested.rs:57:5
   |
57 |     SemanticData(SemanticDataFaultFacts),
   |     ^^^^^^^^^^^^

warning: missing documentation for a variant
  --> crates/library/interface/compiler_fragment/nested.rs:58:5
   |
58 |     Occurrence(OccurrenceFaultFacts),
   |     ^^^^^^^^^^

warning: missing documentation for a variant
  --> crates/library/interface/compiler_fragment/nested.rs:59:5
   |
59 |     SignatureCarrier(SignatureCarrierFaultFacts),
   |     ^^^^^^^^^^^^^^^^

warning: missing documentation for a variant
  --> crates/library/interface/compiler_fragment/nested.rs:60:5
   |
60 |     Validation(ValidationFaultFacts),
   |     ^^^^^^^^^^

warning: missing documentation for a variant
  --> crates/library/interface/compiler_fragment/nested.rs:68:5
   |
68 |     EntityTypeReference,
   |     ^^^^^^^^^^^^^^^^^^^

warning: missing documentation for a variant
  --> crates/library/interface/compiler_fragment/nested.rs:69:5
   |
69 |     EntityNameReference,
   |     ^^^^^^^^^^^^^^^^^^^

warning: missing documentation for a variant
  --> crates/library/interface/compiler_fragment/nested.rs:70:5
   |
70 |     EntityKindTag,
   |     ^^^^^^^^^^^^^

warning: missing documentation for a variant
  --> crates/library/interface/compiler_fragment/nested.rs:71:5
   |
71 |     EntityReservedBits,
   |     ^^^^^^^^^^^^^^^^^^

warning: missing documentation for a variant
  --> crates/library/interface/compiler_fragment/nested.rs:72:5
   |
72 |     TypeNodeReservedBytes,
   |     ^^^^^^^^^^^^^^^^^^^^^

warning: missing documentation for a variant
  --> crates/library/interface/compiler_fragment/nested.rs:73:5
   |
73 |     TypeNodeTag,
   |     ^^^^^^^^^^^

warning: missing documentation for a variant
  --> crates/library/interface/compiler_fragment/nested.rs:74:5
   |
74 |     TypeNodePrimitive,
   |     ^^^^^^^^^^^^^^^^^

warning: missing documentation for a variant
  --> crates/library/interface/compiler_fragment/nested.rs:75:5
   |
75 |     TypeNodeEdge,
   |     ^^^^^^^^^^^^

warning: missing documentation for a variant
  --> crates/library/interface/compiler_fragment/nested.rs:76:5
   |
76 |     AtomRange,
   |     ^^^^^^^^^

warning: missing documentation for a variant
  --> crates/library/interface/compiler_fragment/nested.rs:77:5
   |
77 |     AtomEmpty,
   |     ^^^^^^^^^

warning: missing documentation for a variant
  --> crates/library/interface/compiler_fragment/nested.rs:78:5
   |
78 |     CanonicalDataCount,
   |     ^^^^^^^^^^^^^^^^^^

warning: missing documentation for a variant
  --> crates/library/interface/compiler_fragment/nested.rs:79:5
   |
79 |     CanonicalDataNativeCount,
   |     ^^^^^^^^^^^^^^^^^^^^^^^^

warning: missing documentation for a variant
  --> crates/library/interface/compiler_fragment/nested.rs:80:5
   |
80 |     CanonicalDataNativeWork,
   |     ^^^^^^^^^^^^^^^^^^^^^^^

warning: missing documentation for a variant
  --> crates/library/interface/compiler_fragment/nested.rs:81:5
   |
81 |     CanonicalDataCanonicalCountOverflow,
   |     ^^^^^^^^^^^^^^^^^^^^^^^^^^^^^^^^^^^

warning: missing documentation for a variant
  --> crates/library/interface/compiler_fragment/nested.rs:82:5
   |
82 |     CanonicalDataCanonicalCountMismatch,
   |     ^^^^^^^^^^^^^^^^^^^^^^^^^^^^^^^^^^^

warning: missing documentation for a variant
  --> crates/library/interface/compiler_fragment/nested.rs:83:5
   |
83 |     CanonicalDataScratch,
   |     ^^^^^^^^^^^^^^^^^^^^

warning: missing documentation for a variant
  --> crates/library/interface/compiler_fragment/nested.rs:84:5
   |
84 |     CanonicalDataOutputTooSmall,
   |     ^^^^^^^^^^^^^^^^^^^^^^^^^^^

warning: missing documentation for a variant
  --> crates/library/interface/compiler_fragment/nested.rs:85:5
   |
85 |     CanonicalDataProductHead,
   |     ^^^^^^^^^^^^^^^^^^^^^^^^

warning: missing documentation for a variant
  --> crates/library/interface/compiler_fragment/nested.rs:86:5
   |
86 |     CanonicalDataProductList,
   |     ^^^^^^^^^^^^^^^^^^^^^^^^

warning: missing documentation for a variant
  --> crates/library/interface/compiler_fragment/nested.rs:87:5
   |
87 |     CanonicalDataConstructorCount,
   |     ^^^^^^^^^^^^^^^^^^^^^^^^^^^^^

warning: missing documentation for a variant
  --> crates/library/interface/compiler_fragment/nested.rs:88:5
   |
88 |     CanonicalDataConstructorTag,
   |     ^^^^^^^^^^^^^^^^^^^^^^^^^^^

warning: missing documentation for a variant
  --> crates/library/interface/compiler_fragment/nested.rs:89:5
   |
89 |     CanonicalDataConstructorReservedPayload,
   |     ^^^^^^^^^^^^^^^^^^^^^^^^^^^^^^^^^^^^^^^

warning: missing documentation for a variant
  --> crates/library/interface/compiler_fragment/nested.rs:90:5
   |
90 |     CanonicalDataConstructorArityOverflow,
   |     ^^^^^^^^^^^^^^^^^^^^^^^^^^^^^^^^^^^^^

warning: missing documentation for a variant
  --> crates/library/interface/compiler_fragment/nested.rs:91:5
   |
91 |     CanonicalDataConstructorArity,
   |     ^^^^^^^^^^^^^^^^^^^^^^^^^^^^^

warning: missing documentation for a variant
  --> crates/library/interface/compiler_fragment/nested.rs:92:5
   |
92 |     CanonicalDataProductChildRole,
   |     ^^^^^^^^^^^^^^^^^^^^^^^^^^^^^

warning: missing documentation for a variant
  --> crates/library/interface/compiler_fragment/nested.rs:93:5
   |
93 |     CanonicalDataListExtent,
   |     ^^^^^^^^^^^^^^^^^^^^^^^

warning: missing documentation for a variant
  --> crates/library/interface/compiler_fragment/nested.rs:94:5
   |
94 |     CanonicalDataNativeExtent,
   |     ^^^^^^^^^^^^^^^^^^^^^^^^^

warning: missing documentation for a variant
  --> crates/library/interface/compiler_fragment/nested.rs:95:5
   |
95 |     CanonicalDataProductChild,
   |     ^^^^^^^^^^^^^^^^^^^^^^^^^

warning: missing documentation for a variant
  --> crates/library/interface/compiler_fragment/nested.rs:96:5
   |
96 |     CanonicalDataOutputLength,
   |     ^^^^^^^^^^^^^^^^^^^^^^^^^

warning: missing documentation for a variant
  --> crates/library/interface/compiler_fragment/nested.rs:97:5
   |
97 |     CanonicalDataCanonicalListExtent,
   |     ^^^^^^^^^^^^^^^^^^^^^^^^^^^^^^^^

warning: missing documentation for a variant
  --> crates/library/interface/compiler_fragment/nested.rs:98:5
   |
98 |     CanonicalDataCanonicalAtom,
   |     ^^^^^^^^^^^^^^^^^^^^^^^^^^

warning: missing documentation for a variant
  --> crates/library/interface/compiler_fragment/nested.rs:99:5
   |
99 |     CanonicalDataCanonicalProduct,
   |     ^^^^^^^^^^^^^^^^^^^^^^^^^^^^^

warning: missing documentation for a variant
   --> crates/library/interface/compiler_fragment/nested.rs:100:5
    |
100 |     CanonicalDataCanonicalList,
    |     ^^^^^^^^^^^^^^^^^^^^^^^^^^

warning: missing documentation for a variant
   --> crates/library/interface/compiler_fragment/nested.rs:101:5
    |
101 |     CanonicalDataRefinementBound,
    |     ^^^^^^^^^^^^^^^^^^^^^^^^^^^^

warning: missing documentation for a variant
   --> crates/library/interface/compiler_fragment/nested.rs:102:5
    |
102 |     CanonicalDataInternTableFull,
    |     ^^^^^^^^^^^^^^^^^^^^^^^^^^^^

warning: missing documentation for a variant
   --> crates/library/interface/compiler_fragment/nested.rs:103:5
    |
103 |     CanonicalDataInternEntry,
    |     ^^^^^^^^^^^^^^^^^^^^^^^^

warning: missing documentation for a variant
   --> crates/library/interface/compiler_fragment/nested.rs:104:5
    |
104 |     CanonicalDataResourceCounterOverflow,
    |     ^^^^^^^^^^^^^^^^^^^^^^^^^^^^^^^^^^^^

warning: missing documentation for a variant
   --> crates/library/interface/compiler_fragment/nested.rs:105:5
    |
105 |     CanonicalDataBudgetAdmission,
    |     ^^^^^^^^^^^^^^^^^^^^^^^^^^^^

warning: missing documentation for a variant
   --> crates/library/interface/compiler_fragment/nested.rs:106:5
    |
106 |     CanonicalDataBudgetExceeded,
    |     ^^^^^^^^^^^^^^^^^^^^^^^^^^^

warning: missing documentation for a variant
   --> crates/library/interface/compiler_fragment/nested.rs:107:5
    |
107 |     SemanticDataHeader,
    |     ^^^^^^^^^^^^^^^^^^

warning: missing documentation for a variant
   --> crates/library/interface/compiler_fragment/nested.rs:108:5
    |
108 |     SemanticDataAtomLength,
    |     ^^^^^^^^^^^^^^^^^^^^^^

warning: missing documentation for a variant
   --> crates/library/interface/compiler_fragment/nested.rs:109:5
    |
109 |     SemanticDataProductHead,
    |     ^^^^^^^^^^^^^^^^^^^^^^^

warning: missing documentation for a variant
   --> crates/library/interface/compiler_fragment/nested.rs:110:5
    |
110 |     SemanticDataProductList,
    |     ^^^^^^^^^^^^^^^^^^^^^^^

warning: missing documentation for a variant
   --> crates/library/interface/compiler_fragment/nested.rs:111:5
    |
111 |     SemanticDataConstructorCount,
    |     ^^^^^^^^^^^^^^^^^^^^^^^^^^^^

warning: missing documentation for a variant
   --> crates/library/interface/compiler_fragment/nested.rs:112:5
    |
112 |     SemanticDataEntityRootCount,
    |     ^^^^^^^^^^^^^^^^^^^^^^^^^^^

warning: missing documentation for a variant
   --> crates/library/interface/compiler_fragment/nested.rs:113:5
    |
113 |     SemanticDataEntityRoot,
    |     ^^^^^^^^^^^^^^^^^^^^^^

warning: missing documentation for a variant
   --> crates/library/interface/compiler_fragment/nested.rs:114:5
    |
114 |     SemanticDataConstructorTag,
    |     ^^^^^^^^^^^^^^^^^^^^^^^^^^

warning: missing documentation for a variant
   --> crates/library/interface/compiler_fragment/nested.rs:115:5
    |
115 |     SemanticDataConstructorReservedPayload,
    |     ^^^^^^^^^^^^^^^^^^^^^^^^^^^^^^^^^^^^^^

warning: missing documentation for a variant
   --> crates/library/interface/compiler_fragment/nested.rs:116:5
    |
116 |     SemanticDataConstructorArityOverflow,
    |     ^^^^^^^^^^^^^^^^^^^^^^^^^^^^^^^^^^^^

warning: missing documentation for a variant
   --> crates/library/interface/compiler_fragment/nested.rs:117:5
    |
117 |     SemanticDataConstructorArity,
    |     ^^^^^^^^^^^^^^^^^^^^^^^^^^^^

warning: missing documentation for a variant
   --> crates/library/interface/compiler_fragment/nested.rs:118:5
    |
118 |     SemanticDataListExtent,
    |     ^^^^^^^^^^^^^^^^^^^^^^

warning: missing documentation for a variant
   --> crates/library/interface/compiler_fragment/nested.rs:119:5
    |
119 |     SemanticDataChildRoleCode,
    |     ^^^^^^^^^^^^^^^^^^^^^^^^^

warning: missing documentation for a variant
   --> crates/library/interface/compiler_fragment/nested.rs:120:5
    |
120 |     SemanticDataChildRole,
    |     ^^^^^^^^^^^^^^^^^^^^^

warning: missing documentation for a variant
   --> crates/library/interface/compiler_fragment/nested.rs:121:5
    |
121 |     SemanticDataChildTag,
    |     ^^^^^^^^^^^^^^^^^^^^

warning: missing documentation for a variant
   --> crates/library/interface/compiler_fragment/nested.rs:122:5
    |
122 |     SemanticDataLocalChild,
    |     ^^^^^^^^^^^^^^^^^^^^^^

warning: missing documentation for a variant
   --> crates/library/interface/compiler_fragment/nested.rs:123:5
    |
123 |     SemanticDataLocalReserved,
    |     ^^^^^^^^^^^^^^^^^^^^^^^^^

warning: missing documentation for a variant
   --> crates/library/interface/compiler_fragment/nested.rs:124:5
    |
124 |     SemanticDataExternalAuthority,
    |     ^^^^^^^^^^^^^^^^^^^^^^^^^^^^^

warning: missing documentation for a variant
   --> crates/library/interface/compiler_fragment/nested.rs:125:5
    |
125 |     SemanticDataTrailing,
    |     ^^^^^^^^^^^^^^^^^^^^

warning: missing documentation for a variant
   --> crates/library/interface/compiler_fragment/nested.rs:126:5
    |
126 |     OccurrenceOwner,
    |     ^^^^^^^^^^^^^^^

warning: missing documentation for a variant
   --> crates/library/interface/compiler_fragment/nested.rs:127:5
    |
127 |     OccurrenceLocalTarget,
    |     ^^^^^^^^^^^^^^^^^^^^^

warning: missing documentation for a variant
   --> crates/library/interface/compiler_fragment/nested.rs:128:5
    |
128 |     OccurrenceTargetTag,
    |     ^^^^^^^^^^^^^^^^^^^

warning: missing documentation for a variant
   --> crates/library/interface/compiler_fragment/nested.rs:129:5
    |
129 |     OccurrenceOriginTag,
    |     ^^^^^^^^^^^^^^^^^^^

warning: missing documentation for a variant
   --> crates/library/interface/compiler_fragment/nested.rs:130:5
    |
130 |     OccurrenceReferenceKind,
    |     ^^^^^^^^^^^^^^^^^^^^^^^

warning: missing documentation for a variant
   --> crates/library/interface/compiler_fragment/nested.rs:131:5
    |
131 |     OccurrenceConfidence,
    |     ^^^^^^^^^^^^^^^^^^^^

warning: missing documentation for a variant
   --> crates/library/interface/compiler_fragment/nested.rs:132:5
    |
132 |     OccurrenceSpan,
    |     ^^^^^^^^^^^^^^

warning: missing documentation for a variant
   --> crates/library/interface/compiler_fragment/nested.rs:133:5
    |
133 |     OccurrenceKindCell,
    |     ^^^^^^^^^^^^^^^^^^

warning: missing documentation for a variant
   --> crates/library/interface/compiler_fragment/nested.rs:134:5
    |
134 |     OccurrenceEmptyPath,
    |     ^^^^^^^^^^^^^^^^^^^

warning: missing documentation for a variant
   --> crates/library/interface/compiler_fragment/nested.rs:135:5
    |
135 |     OccurrenceTruncated,
    |     ^^^^^^^^^^^^^^^^^^^

warning: missing documentation for a variant
   --> crates/library/interface/compiler_fragment/nested.rs:136:5
    |
136 |     OccurrenceTrailingBytes,
    |     ^^^^^^^^^^^^^^^^^^^^^^^

warning: missing documentation for a variant
   --> crates/library/interface/compiler_fragment/nested.rs:137:5
    |
137 |     OccurrenceLegacyStableTarget,
    |     ^^^^^^^^^^^^^^^^^^^^^^^^^^^^

warning: missing documentation for a variant
   --> crates/library/interface/compiler_fragment/nested.rs:138:5
    |
138 |     OccurrenceAuthorityDomain,
    |     ^^^^^^^^^^^^^^^^^^^^^^^^^

warning: missing documentation for a variant
   --> crates/library/interface/compiler_fragment/nested.rs:139:5
    |
139 |     OccurrenceAuthorityWidth,
    |     ^^^^^^^^^^^^^^^^^^^^^^^^

warning: missing documentation for a variant
   --> crates/library/interface/compiler_fragment/nested.rs:140:5
    |
140 |     ValidateTruncatedHeader,
    |     ^^^^^^^^^^^^^^^^^^^^^^^

warning: missing documentation for a variant
   --> crates/library/interface/compiler_fragment/nested.rs:141:5
    |
141 |     ValidateMagic,
    |     ^^^^^^^^^^^^^

warning: missing documentation for a variant
   --> crates/library/interface/compiler_fragment/nested.rs:142:5
    |
142 |     ValidateSchema,
    |     ^^^^^^^^^^^^^^

warning: missing documentation for a variant
   --> crates/library/interface/compiler_fragment/nested.rs:143:5
    |
143 |     ValidateDeclaredLength,
    |     ^^^^^^^^^^^^^^^^^^^^^^

warning: missing documentation for a variant
   --> crates/library/interface/compiler_fragment/nested.rs:144:5
    |
144 |     ValidateExtent,
    |     ^^^^^^^^^^^^^^

warning: missing documentation for a variant
   --> crates/library/interface/compiler_fragment/nested.rs:145:5
    |
145 |     ValidateWireWidth,
    |     ^^^^^^^^^^^^^^^^^

warning: missing documentation for a variant
   --> crates/library/interface/compiler_fragment/nested.rs:146:5
    |
146 |     SignatureCarrierRoleCount,
    |     ^^^^^^^^^^^^^^^^^^^^^^^^^

warning: missing documentation for a variant
   --> crates/library/interface/compiler_fragment/nested.rs:147:5
    |
147 |     SignatureCarrierRoleKind,
    |     ^^^^^^^^^^^^^^^^^^^^^^^^

warning: missing documentation for a variant
   --> crates/library/interface/compiler_fragment/nested.rs:148:5
    |
148 |     SignatureCarrierRoleOwnerKind,
    |     ^^^^^^^^^^^^^^^^^^^^^^^^^^^^^

warning: missing documentation for a variant
   --> crates/library/interface/compiler_fragment/nested.rs:149:5
    |
149 |     SignatureCarrierBindingOwnerSet,
    |     ^^^^^^^^^^^^^^^^^^^^^^^^^^^^^^^

warning: missing documentation for a variant
   --> crates/library/interface/compiler_fragment/nested.rs:150:5
    |
150 |     SignatureCarrierBindingSignature,
    |     ^^^^^^^^^^^^^^^^^^^^^^^^^^^^^^^^

warning: missing documentation for a variant
   --> crates/library/interface/compiler_fragment/nested.rs:151:5
    |
151 |     SignatureCarrierBindingCounts,
    |     ^^^^^^^^^^^^^^^^^^^^^^^^^^^^^

warning: missing documentation for a variant
   --> crates/library/interface/compiler_fragment/nested.rs:152:5
    |
152 |     SignatureCarrierBindingEdgeRole,
    |     ^^^^^^^^^^^^^^^^^^^^^^^^^^^^^^^

warning: missing documentation for a variant
   --> crates/library/interface/compiler_fragment/nested.rs:153:5
    |
153 |     SignatureCarrierBindingTargetCount,
    |     ^^^^^^^^^^^^^^^^^^^^^^^^^^^^^^^^^^

warning: missing documentation for a variant
   --> crates/library/interface/compiler_fragment/nested.rs:154:5
    |
154 |     SignatureCarrierBindingTargetKind,
    |     ^^^^^^^^^^^^^^^^^^^^^^^^^^^^^^^^^

warning: missing documentation for a variant
   --> crates/library/interface/compiler_fragment/nested.rs:155:5
    |
155 |     SignatureCarrierBindingType,
    |     ^^^^^^^^^^^^^^^^^^^^^^^^^^^

warning: missing documentation for a variant
   --> crates/library/interface/compiler_fragment/nested.rs:156:5
    |
156 |     SignatureCarrierBindingEdgeMismatch,
    |     ^^^^^^^^^^^^^^^^^^^^^^^^^^^^^^^^^^^

warning: missing documentation for a variant
   --> crates/library/interface/compiler_fragment/nested.rs:168:15
    |
168 |               $($variant { $($field: $ty),* }),*
    |                 ^^^^^^^^^^^^^^^^^^^^^^^^^^^^^
...
173 | / nested_fault_enum! {
174 | |     /// Entity-record and entity-coordinate validation subcauses.
175 | |     EntityRecordFaultFacts {
176 | |         TypeReference { ordinal: u32, target: u32, node_count: u32 },
...   |
181 | | }
    | |_- in this macro invocation
    |
    = note: this warning originates in the macro `nested_fault_enum` (in Nightly builds, run with -Z macro-backtrace for more info)

warning: missing documentation for a struct field
   --> crates/library/interface/compiler_fragment/nested.rs:168:28
    |
168 |               $($variant { $($field: $ty),* }),*
    |                              ^^^^^^^^^^^
...
173 | / nested_fault_enum! {
174 | |     /// Entity-record and entity-coordinate validation subcauses.
175 | |     EntityRecordFaultFacts {
176 | |         TypeReference { ordinal: u32, target: u32, node_count: u32 },
...   |
181 | | }
    | |_- in this macro invocation
    |
    = note: this warning originates in the macro `nested_fault_enum` (in Nightly builds, run with -Z macro-backtrace for more info)

warning: missing documentation for a variant
    --> crates/library/interface/compiler_fragment/nested.rs:168:15
     |
 168 |               $($variant { $($field: $ty),* }),*
     |                 ^^^^^^^^^^^^^^^^^^^^^^^^^^^^^
...
1017 | / nested_fault_enum! {
1018 | |     /// Type-node validation subcauses.
1019 | |     TypeNodeFaultFacts {
1020 | |         ReservedBytes { ordinal: u32, packed: u32 },
...    |
1025 | | }
     | |_- in this macro invocation
     |
     = note: this warning originates in the macro `nested_fault_enum` (in Nightly builds, run with -Z macro-backtrace for more info)

warning: missing documentation for a struct field
    --> crates/library/interface/compiler_fragment/nested.rs:168:28
     |
 168 |               $($variant { $($field: $ty),* }),*
     |                              ^^^^^^^^^^^
...
1017 | / nested_fault_enum! {
1018 | |     /// Type-node validation subcauses.
1019 | |     TypeNodeFaultFacts {
1020 | |         ReservedBytes { ordinal: u32, packed: u32 },
...    |
1025 | | }
     | |_- in this macro invocation
     |
     = note: this warning originates in the macro `nested_fault_enum` (in Nightly builds, run with -Z macro-backtrace for more info)

warning: missing documentation for a variant
    --> crates/library/interface/compiler_fragment/nested.rs:168:15
     |
 168 |               $($variant { $($field: $ty),* }),*
     |                 ^^^^^^^^^^^^^^^^^^^^^^^^^^^^^
...
1027 | / nested_fault_enum! {
1028 | |     /// Atom-record validation subcauses.
1029 | |     AtomFaultFacts {
1030 | |         Range { ordinal: u32, start: u32, length: u32, byte_count: u32 },
...    |
1033 | | }
     | |_- in this macro invocation
     |
     = note: this warning originates in the macro `nested_fault_enum` (in Nightly builds, run with -Z macro-backtrace for more info)

warning: missing documentation for a struct field
    --> crates/library/interface/compiler_fragment/nested.rs:168:28
     |
 168 |               $($variant { $($field: $ty),* }),*
     |                              ^^^^^^^^^^^
...
1027 | / nested_fault_enum! {
1028 | |     /// Atom-record validation subcauses.
1029 | |     AtomFaultFacts {
1030 | |         Range { ordinal: u32, start: u32, length: u32, byte_count: u32 },
...    |
1033 | | }
     | |_- in this macro invocation
     |
     = note: this warning originates in the macro `nested_fault_enum` (in Nightly builds, run with -Z macro-backtrace for more info)

warning: missing documentation for a variant
    --> crates/library/interface/compiler_fragment/nested.rs:168:15
     |
 168 |               $($variant { $($field: $ty),* }),*
     |                 ^^^^^^^^^^^^^^^^^^^^^^^^^^^^^
...
1035 | / nested_fault_enum! {
1036 | |     /// Canonical semantic graph preparation subcauses.
1037 | |     CanonicalDataFaultFacts {
1038 | |         Count { lane: Lane, actual: u64 },
...    |
1068 | | }
     | |_- in this macro invocation
     |
     = note: this warning originates in the macro `nested_fault_enum` (in Nightly builds, run with -Z macro-backtrace for more info)

warning: missing documentation for a struct field
    --> crates/library/interface/compiler_fragment/nested.rs:168:28
     |
 168 |               $($variant { $($field: $ty),* }),*
     |                              ^^^^^^^^^^^
...
1035 | / nested_fault_enum! {
1036 | |     /// Canonical semantic graph preparation subcauses.
1037 | |     CanonicalDataFaultFacts {
1038 | |         Count { lane: Lane, actual: u64 },
...    |
1068 | | }
     | |_- in this macro invocation
     |
     = note: this warning originates in the macro `nested_fault_enum` (in Nightly builds, run with -Z macro-backtrace for more info)

warning: missing documentation for a variant
    --> crates/library/interface/compiler_fragment/nested.rs:168:15
     |
 168 |               $($variant { $($field: $ty),* }),*
     |                 ^^^^^^^^^^^^^^^^^^^^^^^^^^^^^
...
1070 | / nested_fault_enum! {
1071 | |     /// Semantic-data reopening subcauses.
1072 | |     SemanticDataFaultFacts {
1073 | |         Header { required: u64, actual: u64 },
...    |
1093 | | }
     | |_- in this macro invocation
     |
     = note: this warning originates in the macro `nested_fault_enum` (in Nightly builds, run with -Z macro-backtrace for more info)

warning: missing documentation for a struct field
    --> crates/library/interface/compiler_fragment/nested.rs:168:28
     |
 168 |               $($variant { $($field: $ty),* }),*
     |                              ^^^^^^^^^^^
...
1070 | / nested_fault_enum! {
1071 | |     /// Semantic-data reopening subcauses.
1072 | |     SemanticDataFaultFacts {
1073 | |         Header { required: u64, actual: u64 },
...    |
1093 | | }
     | |_- in this macro invocation
     |
     = note: this warning originates in the macro `nested_fault_enum` (in Nightly builds, run with -Z macro-backtrace for more info)

warning: missing documentation for a variant
    --> crates/library/interface/compiler_fragment/nested.rs:168:15
     |
 168 |               $($variant { $($field: $ty),* }),*
     |                 ^^^^^^^^^^^^^^^^^^^^^^^^^^^^^
...
1095 | / nested_fault_enum! {
1096 | |     /// Occurrence-plane reopening subcauses.
1097 | |     OccurrenceFaultFacts {
1098 | |         Owner { ordinal: u32, owner: u32, entity_count: u32 },
...    |
1113 | | }
     | |_- in this macro invocation
     |
     = note: this warning originates in the macro `nested_fault_enum` (in Nightly builds, run with -Z macro-backtrace for more info)

warning: missing documentation for a struct field
    --> crates/library/interface/compiler_fragment/nested.rs:168:28
     |
 168 |               $($variant { $($field: $ty),* }),*
     |                              ^^^^^^^^^^^
...
1095 | / nested_fault_enum! {
1096 | |     /// Occurrence-plane reopening subcauses.
1097 | |     OccurrenceFaultFacts {
1098 | |         Owner { ordinal: u32, owner: u32, entity_count: u32 },
...    |
1113 | | }
     | |_- in this macro invocation
     |
     = note: this warning originates in the macro `nested_fault_enum` (in Nightly builds, run with -Z macro-backtrace for more info)

warning: missing documentation for a variant
    --> crates/library/interface/compiler_fragment/nested.rs:168:15
     |
 168 |               $($variant { $($field: $ty),* }),*
     |                 ^^^^^^^^^^^^^^^^^^^^^^^^^^^^^
...
1115 | / nested_fault_enum! {
1116 | |     /// Signature-carrier binding subcauses.
1117 | |     SignatureCarrierFaultFacts {
1118 | |         RoleCount { expected: u64, observed: u64 },
...    |
1130 | | }
     | |_- in this macro invocation
     |
     = note: this warning originates in the macro `nested_fault_enum` (in Nightly builds, run with -Z macro-backtrace for more info)

warning: missing documentation for a struct field
    --> crates/library/interface/compiler_fragment/nested.rs:168:28
     |
 168 |               $($variant { $($field: $ty),* }),*
     |                              ^^^^^^^^^^^
...
1115 | / nested_fault_enum! {
1116 | |     /// Signature-carrier binding subcauses.
1117 | |     SignatureCarrierFaultFacts {
1118 | |         RoleCount { expected: u64, observed: u64 },
...    |
1130 | | }
     | |_- in this macro invocation
     |
     = note: this warning originates in the macro `nested_fault_enum` (in Nightly builds, run with -Z macro-backtrace for more info)

warning: missing documentation for a variant
    --> crates/library/interface/compiler_fragment/nested.rs:168:15
     |
 168 |               $($variant { $($field: $ty),* }),*
     |                 ^^^^^^^^^^^^^^^^^^^^^^^^^^^^^
...
1132 | / nested_fault_enum! {
1133 | |     /// Fragment header and extent validation subcauses.
1134 | |     ValidationFaultFacts {
1135 | |         TruncatedHeader { required: u64, actual: u64 },
...    |
1147 | | }
     | |_- in this macro invocation
     |
     = note: this warning originates in the macro `nested_fault_enum` (in Nightly builds, run with -Z macro-backtrace for more info)

warning: missing documentation for a struct field
    --> crates/library/interface/compiler_fragment/nested.rs:168:28
     |
 168 |               $($variant { $($field: $ty),* }),*
     |                              ^^^^^^^^^^^
...
1132 | / nested_fault_enum! {
1133 | |     /// Fragment header and extent validation subcauses.
1134 | |     ValidationFaultFacts {
1135 | |         TruncatedHeader { required: u64, actual: u64 },
...    |
1147 | | }
     | |_- in this macro invocation
     |
     = note: this warning originates in the macro `nested_fault_enum` (in Nightly builds, run with -Z macro-backtrace for more info)

warning: unreachable `pub` item
  --> crates/library/surface.rs:25:5
   |
24 | pub use package_compiler_failure::{
   | --- help: consider restricting its visibility: `pub(crate)`
25 |     AuthorityClassFact, AuthorityPhaseFact, CompilerAuthorityDiagnosticFacts, CompilerLanguageFact,
   |     ^^^^^^^^^^^^^^^^^^
   |
   = help: or consider exporting it for use by other crates
   = note: requested on the command line with `-W unreachable-pub`

warning: unreachable `pub` item
  --> crates/library/surface.rs:25:25
   |
24 | pub use package_compiler_failure::{
   | --- help: consider restricting its visibility: `pub(crate)`
25 |     AuthorityClassFact, AuthorityPhaseFact, CompilerAuthorityDiagnosticFacts, CompilerLanguageFact,
   |                         ^^^^^^^^^^^^^^^^^^
   |
   = help: or consider exporting it for use by other crates

warning: unreachable `pub` item
  --> crates/library/surface.rs:25:45
   |
24 | pub use package_compiler_failure::{
   | --- help: consider restricting its visibility: `pub(crate)`
25 |     AuthorityClassFact, AuthorityPhaseFact, CompilerAuthorityDiagnosticFacts, CompilerLanguageFact,
   |                                             ^^^^^^^^^^^^^^^^^^^^^^^^^^^^^^^^
   |
   = help: or consider exporting it for use by other crates

warning: unreachable `pub` item
  --> crates/library/surface.rs:25:79
   |
24 | pub use package_compiler_failure::{
   | --- help: consider restricting its visibility: `pub(crate)`
25 |     AuthorityClassFact, AuthorityPhaseFact, CompilerAuthorityDiagnosticFacts, CompilerLanguageFact,
   |                                                                               ^^^^^^^^^^^^^^^^^^^^
   |
   = help: or consider exporting it for use by other crates

warning: unreachable `pub` item
  --> crates/library/surface.rs:26:5
   |
24 | pub use package_compiler_failure::{
   | --- help: consider restricting its visibility: `pub(crate)`
25 |     AuthorityClassFact, AuthorityPhaseFact, CompilerAuthorityDiagnosticFacts, CompilerLanguageFact,
26 |     CompilerNativeToolFact, CompilerStageFact, PackageCompilerFailureCause,
   |     ^^^^^^^^^^^^^^^^^^^^^^
   |
   = help: or consider exporting it for use by other crates

warning: unreachable `pub` item
  --> crates/library/surface.rs:26:29
   |
24 | pub use package_compiler_failure::{
   | --- help: consider restricting its visibility: `pub(crate)`
25 |     AuthorityClassFact, AuthorityPhaseFact, CompilerAuthorityDiagnosticFacts, CompilerLanguageFact,
26 |     CompilerNativeToolFact, CompilerStageFact, PackageCompilerFailureCause,
   |                             ^^^^^^^^^^^^^^^^^
   |
   = help: or consider exporting it for use by other crates

warning: missing documentation for a variant
  --> crates/library/surface/package_compiler_failure.rs:27:5
   |
27 |     Prepare,
   |     ^^^^^^^

warning: missing documentation for a variant
  --> crates/library/surface/package_compiler_failure.rs:28:5
   |
28 |     Write,
   |     ^^^^^

warning: missing documentation for a variant
  --> crates/library/surface/package_compiler_failure.rs:29:5
   |
29 |     Validate,
   |     ^^^^^^^^

warning: missing documentation for a variant
  --> crates/library/surface/package_compiler_failure.rs:30:5
   |
30 |     Setup,
   |     ^^^^^

warning: missing documentation for a variant
  --> crates/library/surface/package_compiler_failure.rs:31:5
   |
31 |     Lowering,
   |     ^^^^^^^^

warning: missing documentation for a variant
  --> crates/library/surface/package_compiler_failure.rs:32:5
   |
32 |     Authority,
   |     ^^^^^^^^^

warning: missing documentation for a struct field
   --> crates/library/surface/package_compiler_failure.rs:125:9
    |
125 |         kind: CompilerFragmentFaultKind,
    |         ^^^^^^^^^^^^^^^^^^^^^^^^^^^^^^^

warning: missing documentation for a struct field
   --> crates/library/surface/package_compiler_failure.rs:126:9
    |
126 |         facts: CompilerFragmentFaultFacts,
    |         ^^^^^^^^^^^^^^^^^^^^^^^^^^^^^^^^^

warning: missing documentation for a struct field
   --> crates/library/surface/package_compiler_failure.rs:130:9
    |
130 |         language: CompilerLanguageFact,
    |         ^^^^^^^^^^^^^^^^^^^^^^^^^^^^^^

warning: missing documentation for a struct field
   --> crates/library/surface/package_compiler_failure.rs:131:9
    |
131 |         stage: CompilerStageFact,
    |         ^^^^^^^^^^^^^^^^^^^^^^^^

warning: missing documentation for a struct field
   --> crates/library/surface/package_compiler_failure.rs:132:9
    |
132 |         selected: CompilerNativeToolFact,
    |         ^^^^^^^^^^^^^^^^^^^^^^^^^^^^^^^^

warning: missing documentation for a struct field
   --> crates/library/surface/package_compiler_failure.rs:133:9
    |
133 |         configured: Option<CompilerNativeToolFact>,
    |         ^^^^^^^^^^^^^^^^^^^^^^^^^^^^^^^^^^^^^^^^^^

warning: missing documentation for a struct field
   --> crates/library/surface/package_compiler_failure.rs:137:9
    |
137 |         language: CompilerLanguageFact,
    |         ^^^^^^^^^^^^^^^^^^^^^^^^^^^^^^

warning: missing documentation for a struct field
   --> crates/library/surface/package_compiler_failure.rs:138:9
    |
138 |         stage: CompilerStageFact,
    |         ^^^^^^^^^^^^^^^^^^^^^^^^

warning: missing documentation for a struct field
   --> crates/library/surface/package_compiler_failure.rs:139:9
    |
139 |         tool: CompilerNativeToolFact,
    |         ^^^^^^^^^^^^^^^^^^^^^^^^^^^^

warning: missing documentation for a struct field
   --> crates/library/surface/package_compiler_failure.rs:145:9
    |
145 |         phase: AuthorityPhaseFact,
    |         ^^^^^^^^^^^^^^^^^^^^^^^^^

warning: missing documentation for a struct field
   --> crates/library/surface/package_compiler_failure.rs:146:9
    |
146 |         class: AuthorityClassFact,
    |         ^^^^^^^^^^^^^^^^^^^^^^^^^

warning: missing documentation for a struct field
   --> crates/library/surface/package_compiler_failure.rs:147:9
    |
147 |         diagnostic: Option<CompilerAuthorityDiagnosticFacts>,
    |         ^^^^^^^^^^^^^^^^^^^^^^^^^^^^^^^^^^^^^^^^^^^^^^^^^^^^

warning: missing documentation for a variant
   --> crates/library/surface/package_compiler_failure.rs:251:5
    |
251 |     NoSupportedDeclaration,
    |     ^^^^^^^^^^^^^^^^^^^^^^

warning: missing documentation for a variant
   --> crates/library/surface/package_compiler_failure.rs:252:5
    |
252 |     ExtensionAtomUnbound {
    |     ^^^^^^^^^^^^^^^^^^^^

warning: missing documentation for a struct field
   --> crates/library/surface/package_compiler_failure.rs:253:9
    |
253 |         row: u32,
    |         ^^^^^^^^

warning: missing documentation for a struct field
   --> crates/library/surface/package_compiler_failure.rs:254:9
    |
254 |         provisional: u32,
    |         ^^^^^^^^^^^^^^^^

warning: missing documentation for a struct field
   --> crates/library/surface/package_compiler_failure.rs:255:9
    |
255 |         atom_count: u32,
    |         ^^^^^^^^^^^^^^^

warning: missing documentation for a variant
   --> crates/library/surface/package_compiler_failure.rs:257:5
    |
257 |     ExtensionTypeParametersUnbound {
    |     ^^^^^^^^^^^^^^^^^^^^^^^^^^^^^^

warning: missing documentation for a struct field
   --> crates/library/surface/package_compiler_failure.rs:258:9
    |
258 |         row: u32,
    |         ^^^^^^^^

warning: missing documentation for a struct field
   --> crates/library/surface/package_compiler_failure.rs:259:9
    |
259 |         start: u32,
    |         ^^^^^^^^^^

warning: missing documentation for a struct field
   --> crates/library/surface/package_compiler_failure.rs:260:9
    |
260 |         length: u32,
    |         ^^^^^^^^^^^

warning: missing documentation for a struct field
   --> crates/library/surface/package_compiler_failure.rs:261:9
    |
261 |         element_count: u32,
    |         ^^^^^^^^^^^^^^^^^^

warning: missing documentation for a variant
   --> crates/library/surface/package_compiler_failure.rs:263:5
    |
263 |     FactRejected {
    |     ^^^^^^^^^^^^

warning: missing documentation for a struct field
   --> crates/library/surface/package_compiler_failure.rs:264:9
    |
264 |         fact: u64,
    |         ^^^^^^^^^

warning: missing documentation for a struct field
   --> crates/library/surface/package_compiler_failure.rs:265:9
    |
265 |         name_len: u64,
    |         ^^^^^^^^^^^^^

warning: missing documentation for a struct field
   --> crates/library/surface/package_compiler_failure.rs:266:9
    |
266 |         cause: PackageProjectionAdmissionFaultFacts,
    |         ^^^^^^^^^^^^^^^^^^^^^^^^^^^^^^^^^^^^^^^^^^^

warning: missing documentation for a variant
   --> crates/library/surface/package_compiler_failure.rs:268:5
    |
268 |     RustFunction,
    |     ^^^^^^^^^^^^

warning: missing documentation for a variant
   --> crates/library/surface/package_compiler_failure.rs:269:5
    |
269 |     RustConstantType,
    |     ^^^^^^^^^^^^^^^^

warning: missing documentation for a variant
   --> crates/library/surface/package_compiler_failure.rs:270:5
    |
270 |     RustGenericParameter,
    |     ^^^^^^^^^^^^^^^^^^^^

warning: missing documentation for a variant
   --> crates/library/surface/package_compiler_failure.rs:271:5
    |
271 |     PythonAssignmentName,
    |     ^^^^^^^^^^^^^^^^^^^^

warning: missing documentation for a variant
   --> crates/library/surface/package_compiler_failure.rs:272:5
    |
272 |     PythonAssignmentValue,
    |     ^^^^^^^^^^^^^^^^^^^^^

warning: missing documentation for a variant
   --> crates/library/surface/package_compiler_failure.rs:273:5
    |
273 |     ClangDeclarationForm,
    |     ^^^^^^^^^^^^^^^^^^^^

warning: missing documentation for a variant
   --> crates/library/surface/package_compiler_failure.rs:274:5
    |
274 |     TypeScriptDeclarationForm,
    |     ^^^^^^^^^^^^^^^^^^^^^^^^^

warning: missing documentation for a variant
   --> crates/library/surface/package_compiler_failure.rs:275:5
    |
275 |     TypeScriptDeclarationType,
    |     ^^^^^^^^^^^^^^^^^^^^^^^^^

warning: missing documentation for a variant
   --> crates/library/surface/package_compiler_failure.rs:276:5
    |
276 |     CSharpDeclarationForm,
    |     ^^^^^^^^^^^^^^^^^^^^^

warning: missing documentation for a variant
   --> crates/library/surface/package_compiler_failure.rs:277:5
    |
277 |     CSharpDeclarationType,
    |     ^^^^^^^^^^^^^^^^^^^^^

warning: missing documentation for a variant
   --> crates/library/surface/package_compiler_failure.rs:278:5
    |
278 |     GoDeclarationForm,
    |     ^^^^^^^^^^^^^^^^^

warning: missing documentation for a variant
   --> crates/library/surface/package_compiler_failure.rs:279:5
    |
279 |     GoDeclarationType,
    |     ^^^^^^^^^^^^^^^^^

warning: missing documentation for a variant
   --> crates/library/surface/package_compiler_failure.rs:280:5
    |
280 |     JavaDeclarationForm,
    |     ^^^^^^^^^^^^^^^^^^^

warning: missing documentation for a variant
   --> crates/library/surface/package_compiler_failure.rs:281:5
    |
281 |     JavaProjection {
    |     ^^^^^^^^^^^^^^

warning: missing documentation for a struct field
   --> crates/library/surface/package_compiler_failure.rs:282:9
    |
282 |         fault: PackageLanguageProjectionFault,
    |         ^^^^^^^^^^^^^^^^^^^^^^^^^^^^^^^^^^^^^

warning: missing documentation for a variant
   --> crates/library/surface/package_compiler_failure.rs:284:5
    |
284 |     GoProjection {
    |     ^^^^^^^^^^^^

warning: missing documentation for a struct field
   --> crates/library/surface/package_compiler_failure.rs:285:9
    |
285 |         fault: PackageLanguageProjectionFault,
    |         ^^^^^^^^^^^^^^^^^^^^^^^^^^^^^^^^^^^^^

warning: missing documentation for a variant
   --> crates/library/surface/package_compiler_failure.rs:287:5
    |
287 |     TypeScriptProjection {
    |     ^^^^^^^^^^^^^^^^^^^^

warning: missing documentation for a struct field
   --> crates/library/surface/package_compiler_failure.rs:288:9
    |
288 |         fault: PackageTypeScriptProjectionFaultFacts,
    |         ^^^^^^^^^^^^^^^^^^^^^^^^^^^^^^^^^^^^^^^^^^^^

warning: missing documentation for a variant
   --> crates/library/surface/package_compiler_failure.rs:290:5
    |
290 |     PythonProjection {
    |     ^^^^^^^^^^^^^^^^

warning: missing documentation for a struct field
   --> crates/library/surface/package_compiler_failure.rs:291:9
    |
291 |         fault: PackageLanguageProjectionFault,
    |         ^^^^^^^^^^^^^^^^^^^^^^^^^^^^^^^^^^^^^

warning: missing documentation for a variant
   --> crates/library/surface/package_compiler_failure.rs:293:5
    |
293 |     CSharpProjection {
    |     ^^^^^^^^^^^^^^^^

warning: missing documentation for a struct field
   --> crates/library/surface/package_compiler_failure.rs:294:9
    |
294 |         fault: PackageLanguageProjectionFault,
    |         ^^^^^^^^^^^^^^^^^^^^^^^^^^^^^^^^^^^^^

warning: missing documentation for a variant
   --> crates/library/surface/package_compiler_failure.rs:296:5
    |
296 |     ClangProjection {
    |     ^^^^^^^^^^^^^^^

warning: missing documentation for a struct field
   --> crates/library/surface/package_compiler_failure.rs:297:9
    |
297 |         fault: PackageLanguageProjectionFault,
    |         ^^^^^^^^^^^^^^^^^^^^^^^^^^^^^^^^^^^^^

warning: missing documentation for a variant
   --> crates/library/surface/package_compiler_failure.rs:339:5
    |
339 |     ForeignKey {
    |     ^^^^^^^^^^

warning: missing documentation for a struct field
   --> crates/library/surface/package_compiler_failure.rs:340:9
    |
340 |         start: u32,
    |         ^^^^^^^^^^

warning: missing documentation for a struct field
   --> crates/library/surface/package_compiler_failure.rs:341:9
    |
341 |         end: u32,
    |         ^^^^^^^^

warning: missing documentation for a struct field
   --> crates/library/surface/package_compiler_failure.rs:342:9
    |
342 |         cause: PackageForeignKeyFaultFacts,
    |         ^^^^^^^^^^^^^^^^^^^^^^^^^^^^^^^^^^

warning: missing documentation for a variant
   --> crates/library/surface/package_compiler_failure.rs:344:5
    |
344 |     PackageLineage {
    |     ^^^^^^^^^^^^^^

warning: missing documentation for a struct field
   --> crates/library/surface/package_compiler_failure.rs:345:9
    |
345 |         start: u32,
    |         ^^^^^^^^^^

warning: missing documentation for a struct field
   --> crates/library/surface/package_compiler_failure.rs:346:9
    |
346 |         end: u32,
    |         ^^^^^^^^

warning: missing documentation for a struct field
   --> crates/library/surface/package_compiler_failure.rs:347:9
    |
347 |         cause: PackageLineageFaultFacts,
    |         ^^^^^^^^^^^^^^^^^^^^^^^^^^^^^^^

warning: missing documentation for a variant
   --> crates/library/surface/package_compiler_failure.rs:349:5
    |
349 |     CoordinateOverflow {
    |     ^^^^^^^^^^^^^^^^^^

warning: missing documentation for a struct field
   --> crates/library/surface/package_compiler_failure.rs:350:9
    |
350 |         value: u64,
    |         ^^^^^^^^^^

warning: missing documentation for a variant
   --> crates/library/surface/package_compiler_failure.rs:352:5
    |
352 |     MissingImportBinding {
    |     ^^^^^^^^^^^^^^^^^^^^

warning: missing documentation for a struct field
   --> crates/library/surface/package_compiler_failure.rs:353:9
    |
353 |         fact: u32,
    |         ^^^^^^^^^

warning: missing documentation for a variant
   --> crates/library/surface/package_compiler_failure.rs:408:5
    |
408 |     JavaImage,
    |     ^^^^^^^^^

warning: missing documentation for a variant
   --> crates/library/surface/package_compiler_failure.rs:409:5
    |
409 |     JavaDepth,
    |     ^^^^^^^^^

warning: missing documentation for a variant
   --> crates/library/surface/package_compiler_failure.rs:410:5
    |
410 |     JavaMalformedType,
    |     ^^^^^^^^^^^^^^^^^

warning: missing documentation for a variant
   --> crates/library/surface/package_compiler_failure.rs:411:5
    |
411 |     JavaPrimitive,
    |     ^^^^^^^^^^^^^

warning: missing documentation for a variant
   --> crates/library/surface/package_compiler_failure.rs:412:5
    |
412 |     JavaAtomUtf8,
    |     ^^^^^^^^^^^^

warning: missing documentation for a variant
   --> crates/library/surface/package_compiler_failure.rs:413:5
    |
413 |     JavaSourceUtf8,
    |     ^^^^^^^^^^^^^^

warning: missing documentation for a variant
   --> crates/library/surface/package_compiler_failure.rs:414:5
    |
414 |     JavaUtf16Offset,
    |     ^^^^^^^^^^^^^^^

warning: missing documentation for a variant
   --> crates/library/surface/package_compiler_failure.rs:415:5
    |
415 |     JavaUtf16Range,
    |     ^^^^^^^^^^^^^^

warning: missing documentation for a variant
   --> crates/library/surface/package_compiler_failure.rs:416:5
    |
416 |     JavaOrphanOwner,
    |     ^^^^^^^^^^^^^^^

warning: missing documentation for a variant
   --> crates/library/surface/package_compiler_failure.rs:417:5
    |
417 |     JavaForeignKey,
    |     ^^^^^^^^^^^^^^

warning: missing documentation for a variant
   --> crates/library/surface/package_compiler_failure.rs:418:5
    |
418 |     JavaSiblingCapacity,
    |     ^^^^^^^^^^^^^^^^^^^

warning: missing documentation for a variant
   --> crates/library/surface/package_compiler_failure.rs:419:5
    |
419 |     JavaIndexCapacity,
    |     ^^^^^^^^^^^^^^^^^

warning: missing documentation for a variant
   --> crates/library/surface/package_compiler_failure.rs:420:5
    |
420 |     GoImage,
    |     ^^^^^^^

warning: missing documentation for a variant
   --> crates/library/surface/package_compiler_failure.rs:421:5
    |
421 |     GoIndexCapacity,
    |     ^^^^^^^^^^^^^^^

warning: missing documentation for a variant
   --> crates/library/surface/package_compiler_failure.rs:422:5
    |
422 |     GoDepth,
    |     ^^^^^^^

warning: missing documentation for a variant
   --> crates/library/surface/package_compiler_failure.rs:423:5
    |
423 |     GoVariadicWithoutParameter,
    |     ^^^^^^^^^^^^^^^^^^^^^^^^^^

warning: missing documentation for a variant
   --> crates/library/surface/package_compiler_failure.rs:424:5
    |
424 |     GoAnchor,
    |     ^^^^^^^^

warning: missing documentation for a variant
   --> crates/library/surface/package_compiler_failure.rs:425:5
    |
425 |     GoListCapacity,
    |     ^^^^^^^^^^^^^^

warning: missing documentation for a variant
   --> crates/library/surface/package_compiler_failure.rs:426:5
    |
426 |     GoOrphanTarget,
    |     ^^^^^^^^^^^^^^

warning: missing documentation for a variant
   --> crates/library/surface/package_compiler_failure.rs:427:5
    |
427 |     GoForeignKey,
    |     ^^^^^^^^^^^^

warning: missing documentation for a variant
   --> crates/library/surface/package_compiler_failure.rs:428:5
    |
428 |     GoPackageLineage,
    |     ^^^^^^^^^^^^^^^^

warning: missing documentation for a variant
   --> crates/library/surface/package_compiler_failure.rs:429:5
    |
429 |     GoAtomUtf8,
    |     ^^^^^^^^^^

warning: missing documentation for a variant
   --> crates/library/surface/package_compiler_failure.rs:430:5
    |
430 |     GoRelativeSpan,
    |     ^^^^^^^^^^^^^^

warning: missing documentation for a variant
   --> crates/library/surface/package_compiler_failure.rs:431:5
    |
431 |     GoOrphanOwner,
    |     ^^^^^^^^^^^^^

warning: missing documentation for a variant
   --> crates/library/surface/package_compiler_failure.rs:432:5
    |
432 |     GoAdmission,
    |     ^^^^^^^^^^^

warning: missing documentation for a variant
   --> crates/library/surface/package_compiler_failure.rs:433:5
    |
433 |     PythonForeignSpellingUtf8,
    |     ^^^^^^^^^^^^^^^^^^^^^^^^^

warning: missing documentation for a variant
   --> crates/library/surface/package_compiler_failure.rs:434:5
    |
434 |     PythonForeignKey,
    |     ^^^^^^^^^^^^^^^^

warning: missing documentation for a variant
   --> crates/library/surface/package_compiler_failure.rs:435:5
    |
435 |     PythonPackageLineage,
    |     ^^^^^^^^^^^^^^^^^^^^

warning: missing documentation for a variant
   --> crates/library/surface/package_compiler_failure.rs:436:5
    |
436 |     PythonContainment,
    |     ^^^^^^^^^^^^^^^^^

warning: missing documentation for a variant
   --> crates/library/surface/package_compiler_failure.rs:437:5
    |
437 |     CSharpImage,
    |     ^^^^^^^^^^^

warning: missing documentation for a variant
   --> crates/library/surface/package_compiler_failure.rs:438:5
    |
438 |     CSharpDepth,
    |     ^^^^^^^^^^^

warning: missing documentation for a variant
   --> crates/library/surface/package_compiler_failure.rs:439:5
    |
439 |     CSharpNameSpan,
    |     ^^^^^^^^^^^^^^

warning: missing documentation for a variant
   --> crates/library/surface/package_compiler_failure.rs:440:5
    |
440 |     CSharpOwnerOrder,
    |     ^^^^^^^^^^^^^^^^

warning: missing documentation for a variant
   --> crates/library/surface/package_compiler_failure.rs:441:5
    |
441 |     CSharpAnchor,
    |     ^^^^^^^^^^^^

warning: missing documentation for a variant
   --> crates/library/surface/package_compiler_failure.rs:442:5
    |
442 |     CSharpForeign,
    |     ^^^^^^^^^^^^^

warning: missing documentation for a variant
   --> crates/library/surface/package_compiler_failure.rs:443:5
    |
443 |     CSharpAttributeCapacity,
    |     ^^^^^^^^^^^^^^^^^^^^^^^

warning: missing documentation for a variant
   --> crates/library/surface/package_compiler_failure.rs:444:5
    |
444 |     CSharpIndexCapacity,
    |     ^^^^^^^^^^^^^^^^^^^

warning: missing documentation for a variant
   --> crates/library/surface/package_compiler_failure.rs:445:5
    |
445 |     CSharpHeterogeneousArrayRank,
    |     ^^^^^^^^^^^^^^^^^^^^^^^^^^^^

warning: missing documentation for a variant
   --> crates/library/surface/package_compiler_failure.rs:446:5
    |
446 |     CSharpResultName,
    |     ^^^^^^^^^^^^^^^^

warning: missing documentation for a variant
   --> crates/library/surface/package_compiler_failure.rs:447:5
    |
447 |     CSharpAdmission,
    |     ^^^^^^^^^^^^^^^

warning: missing documentation for a variant
   --> crates/library/surface/package_compiler_failure.rs:448:5
    |
448 |     ClangSpan,
    |     ^^^^^^^^^

warning: missing documentation for a variant
   --> crates/library/surface/package_compiler_failure.rs:449:5
    |
449 |     ClangNameless,
    |     ^^^^^^^^^^^^^

warning: missing documentation for a variant
   --> crates/library/surface/package_compiler_failure.rs:450:5
    |
450 |     ClangAnchor,
    |     ^^^^^^^^^^^

warning: missing documentation for a variant
   --> crates/library/surface/package_compiler_failure.rs:451:5
    |
451 |     ClangIndexCapacity,
    |     ^^^^^^^^^^^^^^^^^^

warning: missing documentation for a variant
   --> crates/library/surface/package_compiler_failure.rs:452:5
    |
452 |     ClangForeignOverride,
    |     ^^^^^^^^^^^^^^^^^^^^

warning: missing documentation for a variant
   --> crates/library/surface/package_compiler_failure.rs:453:5
    |
453 |     ClangForeignReference,
    |     ^^^^^^^^^^^^^^^^^^^^^

warning: missing documentation for a variant
   --> crates/library/surface/package_compiler_failure.rs:454:5
    |
454 |     ClangIllegalQualifierTarget,
    |     ^^^^^^^^^^^^^^^^^^^^^^^^^^^

warning: missing documentation for a variant
   --> crates/library/surface/package_compiler_failure.rs:455:5
    |
455 |     ClangIllegalMemberPointerOwner,
    |     ^^^^^^^^^^^^^^^^^^^^^^^^^^^^^^

warning: missing documentation for a variant
   --> crates/library/surface/package_compiler_failure.rs:523:5
    |
523 |     Tag {
    |     ^^^

warning: missing documentation for a struct field
   --> crates/library/surface/package_compiler_failure.rs:524:9
    |
524 |         actual: u32,
    |         ^^^^^^^^^^^

warning: missing documentation for a variant
   --> crates/library/surface/package_compiler_failure.rs:526:5
    |
526 |     ReservedPayload {
    |     ^^^^^^^^^^^^^^^

warning: missing documentation for a struct field
   --> crates/library/surface/package_compiler_failure.rs:527:9
    |
527 |         tag: u8,
    |         ^^^^^^^

warning: missing documentation for a struct field
   --> crates/library/surface/package_compiler_failure.rs:528:9
    |
528 |         payload0: u32,
    |         ^^^^^^^^^^^^^

warning: missing documentation for a struct field
   --> crates/library/surface/package_compiler_failure.rs:529:9
    |
529 |         payload1: u32,
    |         ^^^^^^^^^^^^^

warning: missing documentation for a variant
   --> crates/library/surface/package_compiler_failure.rs:531:5
    |
531 |     ArityOverflow {
    |     ^^^^^^^^^^^^^

warning: missing documentation for a struct field
   --> crates/library/surface/package_compiler_failure.rs:532:9
    |
532 |         tag: u8,
    |         ^^^^^^^

warning: missing documentation for a struct field
   --> crates/library/surface/package_compiler_failure.rs:533:9
    |
533 |         payload0: u32,
    |         ^^^^^^^^^^^^^

warning: missing documentation for a struct field
   --> crates/library/surface/package_compiler_failure.rs:534:9
    |
534 |         payload1: u32,
    |         ^^^^^^^^^^^^^

warning: missing documentation for a variant
   --> crates/library/surface/package_compiler_failure.rs:536:5
    |
536 |     Arity {
    |     ^^^^^

warning: missing documentation for a struct field
   --> crates/library/surface/package_compiler_failure.rs:537:9
    |
537 |         tag: u8,
    |         ^^^^^^^

warning: missing documentation for a struct field
   --> crates/library/surface/package_compiler_failure.rs:538:9
    |
538 |         expected: u32,
    |         ^^^^^^^^^^^^^

warning: missing documentation for a struct field
   --> crates/library/surface/package_compiler_failure.rs:539:9
    |
539 |         actual: u32,
    |         ^^^^^^^^^^^

warning: missing documentation for a variant
   --> crates/library/surface/package_compiler_failure.rs:558:5
    |
558 |     Tag {
    |     ^^^

warning: missing documentation for a struct field
   --> crates/library/surface/package_compiler_failure.rs:559:9
    |
559 |         actual: u8,
    |         ^^^^^^^^^^

warning: missing documentation for a variant
   --> crates/library/surface/package_compiler_failure.rs:561:5
    |
561 |     ReservedCell {
    |     ^^^^^^^^^^^^

warning: missing documentation for a struct field
   --> crates/library/surface/package_compiler_failure.rs:562:9
    |
562 |         tag: PackageTypeTagFact,
    |         ^^^^^^^^^^^^^^^^^^^^^^^

warning: missing documentation for a struct field
   --> crates/library/surface/package_compiler_failure.rs:563:9
    |
563 |         cell: PackageTypeCellFact,
    |         ^^^^^^^^^^^^^^^^^^^^^^^^^

warning: missing documentation for a struct field
   --> crates/library/surface/package_compiler_failure.rs:564:9
    |
564 |         actual: u32,
    |         ^^^^^^^^^^^

warning: missing documentation for a variant
   --> crates/library/surface/package_compiler_failure.rs:566:5
    |
566 |     MissingCell {
    |     ^^^^^^^^^^^

warning: missing documentation for a struct field
   --> crates/library/surface/package_compiler_failure.rs:567:9
    |
567 |         tag: PackageTypeTagFact,
    |         ^^^^^^^^^^^^^^^^^^^^^^^

warning: missing documentation for a struct field
   --> crates/library/surface/package_compiler_failure.rs:568:9
    |
568 |         cell: PackageTypeCellFact,
    |         ^^^^^^^^^^^^^^^^^^^^^^^^^

warning: missing documentation for a variant
   --> crates/library/surface/package_compiler_failure.rs:570:5
    |
570 |     Reason {
    |     ^^^^^^

warning: missing documentation for a struct field
   --> crates/library/surface/package_compiler_failure.rs:571:9
    |
571 |         actual: u32,
    |         ^^^^^^^^^^^

warning: missing documentation for a variant
   --> crates/library/surface/package_compiler_failure.rs:573:5
    |
573 |     PrimitiveShape {
    |     ^^^^^^^^^^^^^^

warning: missing documentation for a struct field
   --> crates/library/surface/package_compiler_failure.rs:574:9
    |
574 |         actual: u32,
    |         ^^^^^^^^^^^

warning: missing documentation for a variant
   --> crates/library/surface/package_compiler_failure.rs:576:5
    |
576 |     CvQualifiers {
    |     ^^^^^^^^^^^^

warning: missing documentation for a struct field
   --> crates/library/surface/package_compiler_failure.rs:577:9
    |
577 |         actual: u32,
    |         ^^^^^^^^^^^

warning: missing documentation for a variant
   --> crates/library/surface/package_compiler_failure.rs:579:5
    |
579 |     Width {
    |     ^^^^^

warning: missing documentation for a struct field
   --> crates/library/surface/package_compiler_failure.rs:580:9
    |
580 |         actual: u32,
    |         ^^^^^^^^^^^

warning: missing documentation for a variant
   --> crates/library/surface/package_compiler_failure.rs:582:5
    |
582 |     ChildCount {
    |     ^^^^^^^^^^

warning: missing documentation for a struct field
   --> crates/library/surface/package_compiler_failure.rs:583:9
    |
583 |         tag: PackageTypeTagFact,
    |         ^^^^^^^^^^^^^^^^^^^^^^^

warning: missing documentation for a struct field
   --> crates/library/surface/package_compiler_failure.rs:584:9
    |
584 |         min: u32,
    |         ^^^^^^^^

warning: missing documentation for a struct field
   --> crates/library/surface/package_compiler_failure.rs:585:9
    |
585 |         max: u32,
    |         ^^^^^^^^

warning: missing documentation for a struct field
   --> crates/library/surface/package_compiler_failure.rs:586:9
    |
586 |         actual: u32,
    |         ^^^^^^^^^^^

warning: missing documentation for a variant
   --> crates/library/surface/package_compiler_failure.rs:588:5
    |
588 |     ChildNameForbidden {
    |     ^^^^^^^^^^^^^^^^^^

warning: missing documentation for a struct field
   --> crates/library/surface/package_compiler_failure.rs:589:9
    |
589 |         tag: PackageTypeTagFact,
    |         ^^^^^^^^^^^^^^^^^^^^^^^

warning: missing documentation for a struct field
   --> crates/library/surface/package_compiler_failure.rs:590:9
    |
590 |         position: u32,
    |         ^^^^^^^^^^^^^

warning: missing documentation for a variant
   --> crates/library/surface/package_compiler_failure.rs:592:5
    |
592 |     ChildNameRequired {
    |     ^^^^^^^^^^^^^^^^^

warning: missing documentation for a struct field
   --> crates/library/surface/package_compiler_failure.rs:593:9
    |
593 |         tag: PackageTypeTagFact,
    |         ^^^^^^^^^^^^^^^^^^^^^^^

warning: missing documentation for a struct field
   --> crates/library/surface/package_compiler_failure.rs:594:9
    |
594 |         position: u32,
    |         ^^^^^^^^^^^^^

warning: missing documentation for a variant
   --> crates/library/surface/package_compiler_failure.rs:596:5
    |
596 |     ChildFlagsForbidden {
    |     ^^^^^^^^^^^^^^^^^^^

warning: missing documentation for a struct field
   --> crates/library/surface/package_compiler_failure.rs:597:9
    |
597 |         tag: PackageTypeTagFact,
    |         ^^^^^^^^^^^^^^^^^^^^^^^

warning: missing documentation for a struct field
   --> crates/library/surface/package_compiler_failure.rs:598:9
    |
598 |         position: u32,
    |         ^^^^^^^^^^^^^

warning: missing documentation for a struct field
   --> crates/library/surface/package_compiler_failure.rs:599:9
    |
599 |         actual: u8,
    |         ^^^^^^^^^^

warning: missing documentation for a variant
   --> crates/library/surface/package_compiler_failure.rs:601:5
    |
601 |     VariadicParameter {
    |     ^^^^^^^^^^^^^^^^^

warning: missing documentation for a struct field
   --> crates/library/surface/package_compiler_failure.rs:602:9
    |
602 |         position: u32,
    |         ^^^^^^^^^^^^^

warning: missing documentation for a struct field
   --> crates/library/surface/package_compiler_failure.rs:603:9
    |
603 |         actual: u8,
    |         ^^^^^^^^^^

warning: missing documentation for a variant
   --> crates/library/surface/package_compiler_failure.rs:605:5
    |
605 |     ChildTextForbidden {
    |     ^^^^^^^^^^^^^^^^^^

warning: missing documentation for a struct field
   --> crates/library/surface/package_compiler_failure.rs:606:9
    |
606 |         tag: PackageTypeTagFact,
    |         ^^^^^^^^^^^^^^^^^^^^^^^

warning: missing documentation for a struct field
   --> crates/library/surface/package_compiler_failure.rs:607:9
    |
607 |         position: u32,
    |         ^^^^^^^^^^^^^

warning: missing documentation for a variant
   --> crates/library/surface/package_compiler_failure.rs:635:5
    |
635 |     SelfType,
    |     ^^^^^^^^

warning: missing documentation for a variant
   --> crates/library/surface/package_compiler_failure.rs:636:5
    |
636 |     Primitive,
    |     ^^^^^^^^^

warning: missing documentation for a variant
   --> crates/library/surface/package_compiler_failure.rs:637:5
    |
637 |     Tuple,
    |     ^^^^^

warning: missing documentation for a variant
   --> crates/library/surface/package_compiler_failure.rs:638:5
    |
638 |     Slice,
    |     ^^^^^

warning: missing documentation for a variant
   --> crates/library/surface/package_compiler_failure.rs:639:5
    |
639 |     Array,
    |     ^^^^^

warning: missing documentation for a variant
   --> crates/library/surface/package_compiler_failure.rs:640:5
    |
640 |     Union,
    |     ^^^^^

warning: missing documentation for a variant
   --> crates/library/surface/package_compiler_failure.rs:641:5
    |
641 |     Intersection,
    |     ^^^^^^^^^^^^

warning: missing documentation for a variant
   --> crates/library/surface/package_compiler_failure.rs:642:5
    |
642 |     Never,
    |     ^^^^^

warning: missing documentation for a variant
   --> crates/library/surface/package_compiler_failure.rs:643:5
    |
643 |     Any,
    |     ^^^

warning: missing documentation for a variant
   --> crates/library/surface/package_compiler_failure.rs:644:5
    |
644 |     Unknown,
    |     ^^^^^^^

warning: missing documentation for a variant
   --> crates/library/surface/package_compiler_failure.rs:645:5
    |
645 |     Nominal,
    |     ^^^^^^^

warning: missing documentation for a variant
   --> crates/library/surface/package_compiler_failure.rs:646:5
    |
646 |     Apply,
    |     ^^^^^

warning: missing documentation for a variant
   --> crates/library/surface/package_compiler_failure.rs:647:5
    |
647 |     TypeVar,
    |     ^^^^^^^

warning: missing documentation for a variant
   --> crates/library/surface/package_compiler_failure.rs:648:5
    |
648 |     Wildcard,
    |     ^^^^^^^^

warning: missing documentation for a variant
   --> crates/library/surface/package_compiler_failure.rs:649:5
    |
649 |     FunctionPointer,
    |     ^^^^^^^^^^^^^^^

warning: missing documentation for a variant
   --> crates/library/surface/package_compiler_failure.rs:650:5
    |
650 |     Annotated,
    |     ^^^^^^^^^

warning: missing documentation for a variant
   --> crates/library/surface/package_compiler_failure.rs:651:5
    |
651 |     Conditional,
    |     ^^^^^^^^^^^

warning: missing documentation for a variant
   --> crates/library/surface/package_compiler_failure.rs:652:5
    |
652 |     Mapped,
    |     ^^^^^^

warning: missing documentation for a variant
   --> crates/library/surface/package_compiler_failure.rs:653:5
    |
653 |     TemplateLiteral,
    |     ^^^^^^^^^^^^^^^

warning: missing documentation for a variant
   --> crates/library/surface/package_compiler_failure.rs:654:5
    |
654 |     AnonymousRecord,
    |     ^^^^^^^^^^^^^^^

warning: missing documentation for a variant
   --> crates/library/surface/package_compiler_failure.rs:655:5
    |
655 |     ImplTrait,
    |     ^^^^^^^^^

warning: missing documentation for a variant
   --> crates/library/surface/package_compiler_failure.rs:656:5
    |
656 |     DynTrait,
    |     ^^^^^^^^

warning: missing documentation for a variant
   --> crates/library/surface/package_compiler_failure.rs:657:5
    |
657 |     Inferred,
    |     ^^^^^^^^

warning: missing documentation for a variant
   --> crates/library/surface/package_compiler_failure.rs:658:5
    |
658 |     QualifiedPath,
    |     ^^^^^^^^^^^^^

warning: missing documentation for a variant
   --> crates/library/surface/package_compiler_failure.rs:659:5
    |
659 |     Map,
    |     ^^^

warning: missing documentation for a variant
   --> crates/library/surface/package_compiler_failure.rs:660:5
    |
660 |     Channel,
    |     ^^^^^^^

warning: missing documentation for a variant
   --> crates/library/surface/package_compiler_failure.rs:661:5
    |
661 |     ArraySequence,
    |     ^^^^^^^^^^^^^

warning: missing documentation for a variant
   --> crates/library/surface/package_compiler_failure.rs:662:5
    |
662 |     ArrayRectangular,
    |     ^^^^^^^^^^^^^^^^

warning: missing documentation for a variant
   --> crates/library/surface/package_compiler_failure.rs:663:5
    |
663 |     ArrayFixed,
    |     ^^^^^^^^^^

warning: missing documentation for a variant
   --> crates/library/surface/package_compiler_failure.rs:664:5
    |
664 |     ArrayConstExpression,
    |     ^^^^^^^^^^^^^^^^^^^^

warning: missing documentation for a variant
   --> crates/library/surface/package_compiler_failure.rs:665:5
    |
665 |     ArrayIncomplete,
    |     ^^^^^^^^^^^^^^^

warning: missing documentation for a variant
   --> crates/library/surface/package_compiler_failure.rs:666:5
    |
666 |     CQualified,
    |     ^^^^^^^^^^

warning: missing documentation for a variant
   --> crates/library/surface/package_compiler_failure.rs:673:5
    |
673 |     Payload0,
    |     ^^^^^^^^

warning: missing documentation for a variant
   --> crates/library/surface/package_compiler_failure.rs:674:5
    |
674 |     Payload1,
    |     ^^^^^^^^

warning: missing documentation for a variant
   --> crates/library/surface/package_compiler_failure.rs:675:5
    |
675 |     Text,
    |     ^^^^

warning: missing documentation for a variant
   --> crates/library/surface/package_compiler_failure.rs:676:5
    |
676 |     Text2,
    |     ^^^^^

warning: missing documentation for a variant
   --> crates/library/surface/package_compiler_failure.rs:677:5
    |
677 |     Nominal,
    |     ^^^^^^^

warning: missing documentation for a variant
   --> crates/library/surface/package_compiler_failure.rs:685:5
    |
685 |     EmptyName,
    |     ^^^^^^^^^

warning: missing documentation for a variant
   --> crates/library/surface/package_compiler_failure.rs:686:5
    |
686 |     Capacity,
    |     ^^^^^^^^

warning: missing documentation for a variant
   --> crates/library/surface/package_compiler_failure.rs:687:5
    |
687 |     ChildCapacity,
    |     ^^^^^^^^^^^^^

warning: missing documentation for a variant
   --> crates/library/surface/package_compiler_failure.rs:688:5
    |
688 |     ProductChildPoolCapacity {
    |     ^^^^^^^^^^^^^^^^^^^^^^^^

warning: missing documentation for a struct field
   --> crates/library/surface/package_compiler_failure.rs:689:9
    |
689 |         used: u64,
    |         ^^^^^^^^^

warning: missing documentation for a struct field
   --> crates/library/surface/package_compiler_failure.rs:690:9
    |
690 |         requested: u64,
    |         ^^^^^^^^^^^^^^

warning: missing documentation for a struct field
   --> crates/library/surface/package_compiler_failure.rs:691:9
    |
691 |         capacity: u64,
    |         ^^^^^^^^^^^^^

warning: missing documentation for a variant
   --> crates/library/surface/package_compiler_failure.rs:693:5
    |
693 |     Constructor {
    |     ^^^^^^^^^^^

warning: missing documentation for a struct field
   --> crates/library/surface/package_compiler_failure.rs:694:9
    |
694 |         cause: PackageProjectionConstructorFaultFacts,
    |         ^^^^^^^^^^^^^^^^^^^^^^^^^^^^^^^^^^^^^^^^^^^^^

warning: missing documentation for a variant
   --> crates/library/surface/package_compiler_failure.rs:696:5
    |
696 |     ChildRole {
    |     ^^^^^^^^^

warning: missing documentation for a struct field
   --> crates/library/surface/package_compiler_failure.rs:697:9
    |
697 |         position: u64,
    |         ^^^^^^^^^^^^^

warning: missing documentation for a struct field
   --> crates/library/surface/package_compiler_failure.rs:698:9
    |
698 |         expected: u8,
    |         ^^^^^^^^^^^^

warning: missing documentation for a struct field
   --> crates/library/surface/package_compiler_failure.rs:699:9
    |
699 |         actual: u8,
    |         ^^^^^^^^^^

warning: missing documentation for a variant
   --> crates/library/surface/package_compiler_failure.rs:701:5
    |
701 |     ChildTarget {
    |     ^^^^^^^^^^^

warning: missing documentation for a struct field
   --> crates/library/surface/package_compiler_failure.rs:702:9
    |
702 |         position: u64,
    |         ^^^^^^^^^^^^^

warning: missing documentation for a struct field
   --> crates/library/surface/package_compiler_failure.rs:703:9
    |
703 |         target: u32,
    |         ^^^^^^^^^^^

warning: missing documentation for a struct field
   --> crates/library/surface/package_compiler_failure.rs:704:9
    |
704 |         fact_count: u64,
    |         ^^^^^^^^^^^^^^^

warning: missing documentation for a variant
   --> crates/library/surface/package_compiler_failure.rs:706:5
    |
706 |     TypeRecord {
    |     ^^^^^^^^^^

warning: missing documentation for a struct field
   --> crates/library/surface/package_compiler_failure.rs:707:9
    |
707 |         cause: PackageProjectionSemanticTypeFaultFacts,
    |         ^^^^^^^^^^^^^^^^^^^^^^^^^^^^^^^^^^^^^^^^^^^^^^

warning: missing documentation for a variant
   --> crates/library/surface/package_compiler_failure.rs:709:5
    |
709 |     TypeChild {
    |     ^^^^^^^^^

warning: missing documentation for a struct field
   --> crates/library/surface/package_compiler_failure.rs:710:9
    |
710 |         position: u64,
    |         ^^^^^^^^^^^^^

warning: missing documentation for a struct field
   --> crates/library/surface/package_compiler_failure.rs:711:9
    |
711 |         cause: PackageProjectionSemanticTypeFaultFacts,
    |         ^^^^^^^^^^^^^^^^^^^^^^^^^^^^^^^^^^^^^^^^^^^^^^

warning: missing documentation for a variant
   --> crates/library/surface/package_compiler_failure.rs:713:5
    |
713 |     TypeChildTarget {
    |     ^^^^^^^^^^^^^^^

warning: missing documentation for a struct field
   --> crates/library/surface/package_compiler_failure.rs:714:9
    |
714 |         position: u64,
    |         ^^^^^^^^^^^^^

warning: missing documentation for a struct field
   --> crates/library/surface/package_compiler_failure.rs:715:9
    |
715 |         target: u32,
    |         ^^^^^^^^^^^

warning: missing documentation for a struct field
   --> crates/library/surface/package_compiler_failure.rs:716:9
    |
716 |         fact_count: u64,
    |         ^^^^^^^^^^^^^^^

warning: missing documentation for a variant
   --> crates/library/surface/package_compiler_failure.rs:718:5
    |
718 |     TypeChildCapacity,
    |     ^^^^^^^^^^^^^^^^^

warning: missing documentation for a variant
   --> crates/library/surface/package_compiler_failure.rs:719:5
    |
719 |     TypeChildPoolCapacity {
    |     ^^^^^^^^^^^^^^^^^^^^^

warning: missing documentation for a struct field
   --> crates/library/surface/package_compiler_failure.rs:720:9
    |
720 |         lane: u8,
    |         ^^^^^^^^

warning: missing documentation for a struct field
   --> crates/library/surface/package_compiler_failure.rs:721:9
    |
721 |         used: u64,
    |         ^^^^^^^^^

warning: missing documentation for a struct field
   --> crates/library/surface/package_compiler_failure.rs:722:9
    |
722 |         requested: u64,
    |         ^^^^^^^^^^^^^^

warning: missing documentation for a struct field
   --> crates/library/surface/package_compiler_failure.rs:723:9
    |
723 |         capacity: u64,
    |         ^^^^^^^^^^^^^

warning: missing documentation for a variant
   --> crates/library/surface/package_compiler_failure.rs:725:5
    |
725 |     TypeRowCapacity,
    |     ^^^^^^^^^^^^^^^

warning: missing documentation for a variant
   --> crates/library/surface/package_compiler_failure.rs:726:5
    |
726 |     ComputedRowCapacity,
    |     ^^^^^^^^^^^^^^^^^^^

warning: missing documentation for a variant
   --> crates/library/surface/package_compiler_failure.rs:727:5
    |
727 |     OccurrenceOwner {
    |     ^^^^^^^^^^^^^^^

warning: missing documentation for a struct field
   --> crates/library/surface/package_compiler_failure.rs:728:9
    |
728 |         owner: u32,
    |         ^^^^^^^^^^

warning: missing documentation for a struct field
   --> crates/library/surface/package_compiler_failure.rs:729:9
    |
729 |         fact_count: u64,
    |         ^^^^^^^^^^^^^^^

warning: missing documentation for a variant
   --> crates/library/surface/package_compiler_failure.rs:731:5
    |
731 |     OccurrenceCapacity,
    |     ^^^^^^^^^^^^^^^^^^

warning: missing documentation for a variant
   --> crates/library/surface/package_compiler_failure.rs:732:5
    |
732 |     DocOwner {
    |     ^^^^^^^^

warning: missing documentation for a struct field
   --> crates/library/surface/package_compiler_failure.rs:733:9
    |
733 |         owner: u32,
    |         ^^^^^^^^^^

warning: missing documentation for a struct field
   --> crates/library/surface/package_compiler_failure.rs:734:9
    |
734 |         fact_count: u64,
    |         ^^^^^^^^^^^^^^^

warning: missing documentation for a variant
   --> crates/library/surface/package_compiler_failure.rs:736:5
    |
736 |     DocCapacity,
    |     ^^^^^^^^^^^

warning: missing documentation for a variant
   --> crates/library/surface/package_compiler_failure.rs:737:5
    |
737 |     ExtensionAtomCapacity,
    |     ^^^^^^^^^^^^^^^^^^^^^

warning: missing documentation for a variant
   --> crates/library/surface/package_compiler_failure.rs:738:5
    |
738 |     TypeParameterCapacity,
    |     ^^^^^^^^^^^^^^^^^^^^^

warning: missing documentation for a variant
   --> crates/library/surface/package_compiler_failure.rs:739:5
    |
739 |     TypeParameterBoundCapacity {
    |     ^^^^^^^^^^^^^^^^^^^^^^^^^^

warning: missing documentation for a struct field
   --> crates/library/surface/package_compiler_failure.rs:740:9
    |
740 |         requested: u64,
    |         ^^^^^^^^^^^^^^

warning: missing documentation for a struct field
   --> crates/library/surface/package_compiler_failure.rs:741:9
    |
741 |         available: u64,
    |         ^^^^^^^^^^^^^^

warning: missing documentation for a variant
   --> crates/library/surface/package_compiler_failure.rs:743:5
    |
743 |     RefListCapacity,
    |     ^^^^^^^^^^^^^^^

warning: missing documentation for a variant
   --> crates/library/surface/package_compiler_failure.rs:744:5
    |
744 |     RefListElements,
    |     ^^^^^^^^^^^^^^^

warning: missing documentation for a variant
   --> crates/library/surface/package_compiler_failure.rs:745:5
    |
745 |     RefTarget {
    |     ^^^^^^^^^

warning: missing documentation for a struct field
   --> crates/library/surface/package_compiler_failure.rs:746:9
    |
746 |         lane: u8,
    |         ^^^^^^^^

warning: missing documentation for a struct field
   --> crates/library/surface/package_compiler_failure.rs:747:9
    |
747 |         raw: u32,
    |         ^^^^^^^^

warning: missing documentation for a struct field
   --> crates/library/surface/package_compiler_failure.rs:748:9
    |
748 |         fact_count: u64,
    |         ^^^^^^^^^^^^^^^

warning: missing documentation for a variant
   --> crates/library/surface/package_compiler_failure.rs:750:5
    |
750 |     SourceSpan {
    |     ^^^^^^^^^^

warning: missing documentation for a struct field
   --> crates/library/surface/package_compiler_failure.rs:751:9
    |
751 |         entity: u32,
    |         ^^^^^^^^^^^

warning: missing documentation for a struct field
   --> crates/library/surface/package_compiler_failure.rs:752:9
    |
752 |         start: u32,
    |         ^^^^^^^^^^

warning: missing documentation for a struct field
   --> crates/library/surface/package_compiler_failure.rs:753:9
    |
753 |         end: u32,
    |         ^^^^^^^^

warning: missing documentation for a struct field
   --> crates/library/surface/package_compiler_failure.rs:754:9
    |
754 |         source_len: u32,
    |         ^^^^^^^^^^^^^^^

warning: missing documentation for a variant
   --> crates/library/surface/package_compiler_failure.rs:756:5
    |
756 |     ConflictingSourceSpan {
    |     ^^^^^^^^^^^^^^^^^^^^^

warning: missing documentation for a struct field
   --> crates/library/surface/package_compiler_failure.rs:757:9
    |
757 |         entity: u32,
    |         ^^^^^^^^^^^

warning: missing documentation for a struct field
   --> crates/library/surface/package_compiler_failure.rs:758:9
    |
758 |         existing_start: u32,
    |         ^^^^^^^^^^^^^^^^^^^

warning: missing documentation for a struct field
   --> crates/library/surface/package_compiler_failure.rs:759:9
    |
759 |         existing_end: u32,
    |         ^^^^^^^^^^^^^^^^^

warning: missing documentation for a struct field
   --> crates/library/surface/package_compiler_failure.rs:760:9
    |
760 |         requested_start: u32,
    |         ^^^^^^^^^^^^^^^^^^^^

warning: missing documentation for a struct field
   --> crates/library/surface/package_compiler_failure.rs:761:9
    |
761 |         requested_end: u32,
    |         ^^^^^^^^^^^^^^^^^^

warning: missing documentation for a variant
   --> crates/library/surface/package_compiler_failure.rs:763:5
    |
763 |     ConflictingParentage {
    |     ^^^^^^^^^^^^^^^^^^^^

warning: missing documentation for a struct field
   --> crates/library/surface/package_compiler_failure.rs:764:9
    |
764 |         entity: u32,
    |         ^^^^^^^^^^^

warning: missing documentation for a struct field
   --> crates/library/surface/package_compiler_failure.rs:765:9
    |
765 |         existing: PackageParentageFact,
    |         ^^^^^^^^^^^^^^^^^^^^^^^^^^^^^^

warning: missing documentation for a struct field
   --> crates/library/surface/package_compiler_failure.rs:766:9
    |
766 |         requested: PackageParentageFact,
    |         ^^^^^^^^^^^^^^^^^^^^^^^^^^^^^^^

warning: missing documentation for a variant
   --> crates/library/surface/package_compiler_failure.rs:768:5
    |
768 |     ConflictingMemberInventory {
    |     ^^^^^^^^^^^^^^^^^^^^^^^^^^

warning: missing documentation for a struct field
   --> crates/library/surface/package_compiler_failure.rs:769:9
    |
769 |         entity: u32,
    |         ^^^^^^^^^^^

warning: missing documentation for a struct field
   --> crates/library/surface/package_compiler_failure.rs:770:9
    |
770 |         existing_count: u64,
    |         ^^^^^^^^^^^^^^^^^^^

warning: missing documentation for a struct field
   --> crates/library/surface/package_compiler_failure.rs:771:9
    |
771 |         requested_count: u64,
    |         ^^^^^^^^^^^^^^^^^^^^

warning: missing documentation for a struct field
   --> crates/library/surface/package_compiler_failure.rs:772:9
    |
772 |         first_difference: u64,
    |         ^^^^^^^^^^^^^^^^^^^^^

warning: missing documentation for a struct field
   --> crates/library/surface/package_compiler_failure.rs:773:9
    |
773 |         existing_member: Option<u32>,
    |         ^^^^^^^^^^^^^^^^^^^^^^^^^^^^

warning: missing documentation for a struct field
   --> crates/library/surface/package_compiler_failure.rs:774:9
    |
774 |         requested_member: Option<u32>,
    |         ^^^^^^^^^^^^^^^^^^^^^^^^^^^^^

warning: missing documentation for a variant
   --> crates/library/surface/package_compiler_failure.rs:836:5
    |
836 |     Unavailable,
    |     ^^^^^^^^^^^

warning: missing documentation for a variant
   --> crates/library/surface/package_compiler_failure.rs:837:5
    |
837 |     Root,
    |     ^^^^

warning: missing documentation for a variant
   --> crates/library/surface/package_compiler_failure.rs:838:5
    |
838 |     Bound { parent: u32 },
    |     ^^^^^

warning: missing documentation for a struct field
   --> crates/library/surface/package_compiler_failure.rs:838:13
    |
838 |     Bound { parent: u32 },
    |             ^^^^^^^^^^^

warning: missing documentation for a variant
   --> crates/library/surface/package_compiler_failure.rs:839:5
    |
839 |     UnrepresentedAuthorityOwner { identity: [u8; 16] },
    |     ^^^^^^^^^^^^^^^^^^^^^^^^^^^

warning: missing documentation for a struct field
   --> crates/library/surface/package_compiler_failure.rs:839:35
    |
839 |     UnrepresentedAuthorityOwner { identity: [u8; 16] },
    |                                   ^^^^^^^^^^^^^^^^^^

warning: missing documentation for a variant
   --> crates/library/surface/package_compiler_failure.rs:846:5
    |
846 |     EmptyPath,
    |     ^^^^^^^^^

warning: missing documentation for a variant
   --> crates/library/surface/package_compiler_failure.rs:847:5
    |
847 |     BackslashInPath,
    |     ^^^^^^^^^^^^^^^

warning: missing documentation for a variant
   --> crates/library/surface/package_compiler_failure.rs:854:5
    |
854 |     EmptyEcosystem,
    |     ^^^^^^^^^^^^^^

warning: missing documentation for a variant
   --> crates/library/surface/package_compiler_failure.rs:855:5
    |
855 |     EmptyPackage,
    |     ^^^^^^^^^^^^

warning: missing documentation for a variant
   --> crates/library/surface/package_compiler_failure.rs:856:5
    |
856 |     SeparatorInEcosystem,
    |     ^^^^^^^^^^^^^^^^^^^^

warning: missing documentation for a variant
   --> crates/library/surface/package_compiler_failure.rs:857:5
    |
857 |     SeparatorInPackage,
    |     ^^^^^^^^^^^^^^^^^^

warning: missing documentation for a variant
   --> crates/library/surface/package_compiler_failure.rs:858:5
    |
858 |     BackslashEcosystem,
    |     ^^^^^^^^^^^^^^^^^^

warning: missing documentation for a variant
   --> crates/library/surface/package_compiler_failure.rs:859:5
    |
859 |     BackslashPackage,
    |     ^^^^^^^^^^^^^^^^

warning: missing documentation for a variant
   --> crates/library/surface/package_compiler_failure.rs:860:5
    |
860 |     BackslashInvalid { segment: u8 },
    |     ^^^^^^^^^^^^^^^^

warning: missing documentation for a struct field
   --> crates/library/surface/package_compiler_failure.rs:860:24
    |
860 |     BackslashInvalid { segment: u8 },
    |                        ^^^^^^^^^^^

warning: `backend-library` (lib) generated 569 warnings (run `cargo fix --lib -p backend-library` to apply 20 suggestions)
warning: unused imports: `ArtifactBudget`, `ArtifactClosureClaim`, and `FileStore`
 --> extensions/turso/src/authority/types.rs:4:21
  |
4 | use backend_store::{ArtifactBudget, ArtifactClosureClaim, FileStore};
  |                     ^^^^^^^^^^^^^^  ^^^^^^^^^^^^^^^^^^^^  ^^^^^^^^^
  |
  = note: `#[warn(unused_imports)]` (part of `#[warn(unused)]`) on by default

warning: unused import: `ProjectionGenerationId`
 --> extensions/turso/src/connection.rs:4:5
  |
4 |     ProjectionGenerationId, ProjectionGraphSeed, ProjectionNamespace, ProjectionOperationGuard,
  |     ^^^^^^^^^^^^^^^^^^^^^^

warning: unused import: `backend_library::CheckedPackageGraphFacts`
  --> extensions/turso/src/connection.rs:11:5
   |
11 | use backend_library::CheckedPackageGraphFacts;
   |     ^^^^^^^^^^^^^^^^^^^^^^^^^^^^^^^^^^^^^^^^^

warning: unused import: `DirectoryCapability`
  --> extensions/turso/src/connection.rs:12:42
   |
12 | use backend_platform::{CreatedDirectory, DirectoryCapability, FileIdentity};
   |                                          ^^^^^^^^^^^^^^^^^^^

warning: unnecessary qualification
    --> extensions/turso/src/graph.rs:1436:13
     |
1436 | ) -> Result<backend_library::ProductText, ProjectionError> {
     |             ^^^^^^^^^^^^^^^^^^^^^^^^^^^^
     |
     = note: requested on the command line with `-W unused-qualifications`
help: remove the unnecessary path segments
     |
1436 - ) -> Result<backend_library::ProductText, ProjectionError> {
1436 + ) -> Result<ProductText, ProjectionError> {
     |

warning: unnecessary qualification
    --> extensions/turso/src/graph.rs:1440:5
     |
1440 |     backend_library::ProductText::new(value).map_err(|_| misuse_graph_edge(field))
     |     ^^^^^^^^^^^^^^^^^^^^^^^^^^^^^^^^^
     |
help: remove the unnecessary path segments
     |
1440 -     backend_library::ProductText::new(value).map_err(|_| misuse_graph_edge(field))
1440 +     ProductText::new(value).map_err(|_| misuse_graph_edge(field))
     |

warning: unused imports: `SeekFrom` and `Seek`
  --> extensions/turso/src/projection_namespace.rs:16:21
   |
16 | use std::io::{Read, Seek, SeekFrom, Write};
   |                     ^^^^  ^^^^^^^^

warning: variable does not need to be mutable
   --> extensions/turso/src/projection_namespace.rs:813:14
    |
813 | fn lock_file(mut file: File, shared: bool) -> Result<File, ProjectionError> {
    |              ----^^^^
    |              |
    |              help: remove this `mut`
    |
    = note: `#[warn(unused_mut)]` (part of `#[warn(unused)]`) on by default

warning: field `0` is never read
   --> extensions/turso/src/projection_namespace.rs:805:14
    |
805 |     Conflict(Option<ProjectionSelector>),
    |     -------- ^^^^^^^^^^^^^^^^^^^^^^^^^^
    |     |
    |     field in this variant
    |
    = note: `#[warn(dead_code)]` (part of `#[warn(unused)]`) on by default
help: consider changing the field to be of unit type to suppress this warning while preserving the field numbering, or remove the field
    |
805 -     Conflict(Option<ProjectionSelector>),
805 +     Conflict(()),
    |

warning: unreachable `pub` item
  --> extensions/turso/src/authority/mod.rs:51:34
   |
47 | pub use types::{
   | --- help: consider restricting its visibility: `pub(crate)`
...
51 |     ExistingGenerationSelection, NoResultRetirementBarrier, ProjectionKind, ProjectionWatermark,
   |                                  ^^^^^^^^^^^^^^^^^^^^^^^^^
   |
   = help: or consider exporting it for use by other crates
   = note: requested on the command line with `-W unreachable-pub`

warning: missing documentation for a struct field
  --> extensions/turso/src/authority/error.rs:16:14
   |
16 |     Schema { found: i64 },
   |              ^^^^^^^^^^
   |
   = note: requested on the command line with `-W missing-docs`

warning: missing documentation for a struct field
   --> extensions/turso/src/authority/snapshot.rs:357:27
    |
357 |     SourceExceedsBudget { estimate: u64, limit: u64 },
    |                           ^^^^^^^^^^^^^

warning: missing documentation for a struct field
   --> extensions/turso/src/authority/snapshot.rs:357:42
    |
357 |     SourceExceedsBudget { estimate: u64, limit: u64 },
    |                                          ^^^^^^^^^^

warning: missing documentation for a struct field
   --> extensions/turso/src/authority/snapshot.rs:361:27
    |
361 |     OutputExceedsBudget { observed: u64, limit: u64 },
    |                           ^^^^^^^^^^^^^

warning: missing documentation for a struct field
   --> extensions/turso/src/authority/snapshot.rs:361:42
    |
361 |     OutputExceedsBudget { observed: u64, limit: u64 },
    |                                          ^^^^^^^^^^

warning: missing documentation for a struct field
   --> extensions/turso/src/authority/snapshot.rs:372:21
    |
372 |     StageUnpinned { path: PathBuf, source: io::Error },
    |                     ^^^^^^^^^^^^^

warning: missing documentation for a struct field
   --> extensions/turso/src/authority/snapshot.rs:372:36
    |
372 |     StageUnpinned { path: PathBuf, source: io::Error },
    |                                    ^^^^^^^^^^^^^^^^^

warning: `backend-extension-turso` (lib) generated 17 warnings (run `cargo fix --lib -p backend-extension-turso` to apply 9 suggestions)
warning: unused imports: `CompilationManifestFacts` and `CompilationManifestView`
 --> crates/engine/src/application/cluster_coordinator/result_wire.rs:9:5
  |
9 |     CompilationManifestFacts, CompilationManifestIdentity, CompilationManifestView,
  |     ^^^^^^^^^^^^^^^^^^^^^^^^                               ^^^^^^^^^^^^^^^^^^^^^^^
  |
  = note: `#[warn(unused_imports)]` (part of `#[warn(unused)]`) on by default

warning: unused import: `FragmentCause`
  --> crates/engine/src/application/compiler.rs:35:70
   |
35 |     CompilerRequest as ApplicationCompilerRequest, CompilerTerminal, FragmentCause,
   |                                                                      ^^^^^^^^^^^^^

warning: unused import: `NativeCompilerEnvironment`
  --> crates/engine/src/application/mod.rs:95:44
   |
95 |     NATIVE_COMPILER_ENVIRONMENT_POLICY_ID, NativeCompilerEnvironment,
   |                                            ^^^^^^^^^^^^^^^^^^^^^^^^^

warning: unused import: `ProductSourceRelation`
  --> crates/engine/src/builtin/file_facts_relation.rs:13:70
   |
13 |     Container, DeclarationKind, ProductFileRef, ProductSourceRecord, ProductSourceRelation,
   |                                                                      ^^^^^^^^^^^^^^^^^^^^^

warning: unused import: `NativeRecipe`
  --> crates/engine/src/driver/types.rs:25:26
   |
25 | pub(crate) use request::{NativeRecipe, SourceLease, WorkPermit, WorkStopped};
   |                          ^^^^^^^^^^^^

warning: unused imports: `NativeArtifactRole` and `NativeWorkPhase`
  --> crates/engine/src/driver/types.rs:41:26
   |
41 |     LoweringUnsupported, NativeArtifactRole, NativeWorkPhase,
   |                          ^^^^^^^^^^^^^^^^^^  ^^^^^^^^^^^^^^^

warning: unnecessary qualification
  --> crates/engine/src/workspace/head.rs:99:22
   |
99 |         let schema = backend_version::SchemaIdentity::of_relation::<R>();
   |                      ^^^^^^^^^^^^^^^^^^^^^^^^^^^^^^^^^^^^^^^^^^^^^^^^^
   |
   = note: requested on the command line with `-W unused-qualifications`
help: remove the unnecessary path segments
   |
99 -         let schema = backend_version::SchemaIdentity::of_relation::<R>();
99 +         let schema = SchemaIdentity::of_relation::<R>();
   |

warning: unnecessary qualification
   --> crates/engine/src/workspace/head.rs:233:22
    |
233 |         let schema = backend_version::SchemaIdentity::of_relation::<R>();
    |                      ^^^^^^^^^^^^^^^^^^^^^^^^^^^^^^^^^^^^^^^^^^^^^^^^^
    |
help: remove the unnecessary path segments
    |
233 -         let schema = backend_version::SchemaIdentity::of_relation::<R>();
233 +         let schema = SchemaIdentity::of_relation::<R>();
    |

warning: unused import: `error::Error`
  --> crates/engine/src/application/compiler.rs:60:5
   |
60 |     error::Error as _,
   |     ^^^^^^^^^^^^

warning: associated functions `derive_with_streamed_field` and `from_encoded` are never used
   --> crates/engine/src/acquisition/identity.rs:113:27
    |
108 |         impl $name {
    |         ---------- associated functions in this implementation
...
113 |             pub(super) fn derive_with_streamed_field(
    |                           ^^^^^^^^^^^^^^^^^^^^^^^^^^
...
141 |             pub(crate) const fn from_encoded(bytes: [u8; ID_BYTES]) -> Self {
    |                                 ^^^^^^^^^^^^
...
158 | identity!(ReleaseClaimId, b"release-claim");
    | ------------------------------------------- in this macro invocation
    |
    = note: `#[warn(dead_code)]` (part of `#[warn(unused)]`) on by default
    = note: this warning originates in the macro `identity` (in Nightly builds, run with -Z macro-backtrace for more info)

warning: associated function `derive_with_streamed_field` is never used
   --> crates/engine/src/acquisition/identity.rs:113:27
    |
108 |         impl $name {
    |         ---------- associated function in this implementation
...
113 |             pub(super) fn derive_with_streamed_field(
    |                           ^^^^^^^^^^^^^^^^^^^^^^^^^^
...
159 | identity!(RawArchiveObjectId, b"raw-archive-object");
    | ---------------------------------------------------- in this macro invocation
    |
    = note: this warning originates in the macro `identity` (in Nightly builds, run with -Z macro-backtrace for more info)

warning: associated functions `derive_with_streamed_field` and `from_encoded` are never used
   --> crates/engine/src/acquisition/identity.rs:113:27
    |
108 |         impl $name {
    |         ---------- associated functions in this implementation
...
113 |             pub(super) fn derive_with_streamed_field(
    |                           ^^^^^^^^^^^^^^^^^^^^^^^^^^
...
141 |             pub(crate) const fn from_encoded(bytes: [u8; ID_BYTES]) -> Self {
    |                                 ^^^^^^^^^^^^
...
160 | identity!(TreeManifestId, b"tree-manifest");
    | ------------------------------------------- in this macro invocation
    |
    = note: this warning originates in the macro `identity` (in Nightly builds, run with -Z macro-backtrace for more info)

warning: associated functions `derive_with_streamed_field` and `from_encoded` are never used
   --> crates/engine/src/acquisition/identity.rs:113:27
    |
108 |         impl $name {
    |         ---------- associated functions in this implementation
...
113 |             pub(super) fn derive_with_streamed_field(
    |                           ^^^^^^^^^^^^^^^^^^^^^^^^^^
...
141 |             pub(crate) const fn from_encoded(bytes: [u8; ID_BYTES]) -> Self {
    |                                 ^^^^^^^^^^^^
...
161 | identity!(SourceSnapshotId, b"source-snapshot");
    | ----------------------------------------------- in this macro invocation
    |
    = note: this warning originates in the macro `identity` (in Nightly builds, run with -Z macro-backtrace for more info)

warning: associated functions `derive_with_streamed_field` and `from_encoded` are never used
   --> crates/engine/src/acquisition/identity.rs:113:27
    |
108 |         impl $name {
    |         ---------- associated functions in this implementation
...
113 |             pub(super) fn derive_with_streamed_field(
    |                           ^^^^^^^^^^^^^^^^^^^^^^^^^^
...
141 |             pub(crate) const fn from_encoded(bytes: [u8; ID_BYTES]) -> Self {
    |                                 ^^^^^^^^^^^^
...
162 | identity!(AcquisitionDeltaId, b"acquisition-delta");
    | --------------------------------------------------- in this macro invocation
    |
    = note: this warning originates in the macro `identity` (in Nightly builds, run with -Z macro-backtrace for more info)

warning: associated functions `derive_with_streamed_field` and `from_encoded` are never used
   --> crates/engine/src/acquisition/identity.rs:113:27
    |
108 |         impl $name {
    |         ---------- associated functions in this implementation
...
113 |             pub(super) fn derive_with_streamed_field(
    |                           ^^^^^^^^^^^^^^^^^^^^^^^^^^
...
141 |             pub(crate) const fn from_encoded(bytes: [u8; ID_BYTES]) -> Self {
    |                                 ^^^^^^^^^^^^
...
163 | identity!(AcquisitionReceiptId, b"acquisition-receipt");
    | ------------------------------------------------------- in this macro invocation
    |
    = note: this warning originates in the macro `identity` (in Nightly builds, run with -Z macro-backtrace for more info)

warning: associated function `derive` is never used
   --> crates/engine/src/acquisition/identity.rs:109:27
    |
108 |         impl $name {
    |         ---------- associated function in this implementation
109 |             pub(super) fn derive(fields: &[&[u8]]) -> Self {
    |                           ^^^^^^
...
164 | identity!(AcquisitionRecordId, b"acquisition-record");
    | ----------------------------------------------------- in this macro invocation
    |
    = note: this warning originates in the macro `identity` (in Nightly builds, run with -Z macro-backtrace for more info)

warning: associated function `derive_with_streamed_field` is never used
   --> crates/engine/src/acquisition/identity.rs:113:27
    |
108 |         impl $name {
    |         ---------- associated function in this implementation
...
113 |             pub(super) fn derive_with_streamed_field(
    |                           ^^^^^^^^^^^^^^^^^^^^^^^^^^
...
165 | identity!(PublicationRootId, b"publication-root");
    | ------------------------------------------------- in this macro invocation
    |
    = note: this warning originates in the macro `identity` (in Nightly builds, run with -Z macro-backtrace for more info)

warning: field `request` is never read
    --> crates/engine/src/application/runtime.rs:2705:9
     |
2703 |     PackageSources {
     |     -------------- field in this variant
2704 |         facts: RequestFacts,
2705 |         request: OwnedPackageSourceSet,
     |         ^^^^^^^

warning: function `fragment_terminal` is never used
   --> crates/engine/src/application/terminal/native.rs:291:10
    |
291 | const fn fragment_terminal(
    |          ^^^^^^^^^^^^^^^^^

warning: variants `AbsentPath`, `CargoProject`, `ToolchainInput`, and `ExternalInput` are never constructed
   --> crates/engine/src/compiler_read_observation_v2.rs:91:5
    |
 85 | pub(crate) enum CompilerReadObservationEventClassV2 {
    |                 ----------------------------------- variants in this enum
...
 91 |     AbsentPath = 3,
    |     ^^^^^^^^^^
...
 97 |     CargoProject = 6,
    |     ^^^^^^^^^^^^
...
101 |     ToolchainInput = 8,
    |     ^^^^^^^^^^^^^^
...
105 |     ExternalInput = 10,
    |     ^^^^^^^^^^^^^
    |
    = note: `CompilerReadObservationEventClassV2` has derived impls for the traits `Debug` and `Clone`, but these are intentionally ignored during dead code analysis

warning: methods `observe_path_event` and `observe_nonpath_event` are never used
   --> crates/engine/src/compiler_read_observation_v2.rs:338:19
    |
246 | impl CompilerReadObservationRecorderV2 {
    | -------------------------------------- methods in this implementation
...
338 |     pub(crate) fn observe_path_event(
    |                   ^^^^^^^^^^^^^^^^^^
...
426 |     pub(crate) fn observe_nonpath_event(
    |                   ^^^^^^^^^^^^^^^^^^^^^

warning: method `compilation_attempt_id` is never used
   --> crates/engine/src/compiler_unit_read_closure_v2.rs:180:25
    |
176 | impl VerifiedUnitReadClosure {
    | ---------------------------- method in this implementation
...
180 |     pub(crate) const fn compilation_attempt_id(&self) -> CompilationAttemptId {
    |                         ^^^^^^^^^^^^^^^^^^^^^^

warning: method `mark_members_captured` is never used
    --> crates/engine/src/driver/lower.rs:1748:19
     |
 849 | impl<'source> FactSet<'source> {
     | ------------------------------ method in this implementation
...
1748 |     pub(super) fn mark_members_captured(&mut self, entity: u32) -> Result<(), FactFault> {
     |                   ^^^^^^^^^^^^^^^^^^^^^

warning: method `mark_members_captured` is never used
   --> crates/engine/src/driver/lower/provenance.rs:198:19
    |
 36 | impl Provenance {
    | --------------- method in this implementation
...
198 |     pub(super) fn mark_members_captured(
    |                   ^^^^^^^^^^^^^^^^^^^^^

warning: struct `NativeRecipe` is never constructed
   --> crates/engine/src/driver/types/request.rs:322:19
    |
322 | pub(crate) struct NativeRecipe<'source, 'toolchain> {
    |                   ^^^^^^^^^^^^

warning: methods `release` and `admit_releases` are never used
    --> crates/engine/src/registry/ecosystem.rs:1011:8
     |
 804 | impl EcosystemAdapter {
     | --------------------- methods in this implementation
...
1011 |     fn release(
     |        ^^^^^^^
...
1151 |     pub(crate) fn admit_releases(
     |                   ^^^^^^^^^^^^^^

warning: methods `maven_versions`, `maven_release`, `maven_archive_url`, `maven_source_archive_url`, `maven_archive_url_with_classifier`, and `conan_archive_name` are never used
   --> crates/engine/src/registry/ecosystem_decoders.rs:630:19
    |
220 | impl EcosystemAdapter {
    | --------------------- methods in this implementation
...
630 |     pub(crate) fn maven_versions(&self, bytes: &[u8]) -> Result<Vec<String>, TransportFailure> {
    |                   ^^^^^^^^^^^^^^
...
639 |     pub(crate) fn maven_release(
    |                   ^^^^^^^^^^^^^
...
683 |     pub(crate) fn maven_archive_url(&self, version: &str) -> String {
    |                   ^^^^^^^^^^^^^^^^^
...
687 |     pub(crate) fn maven_source_archive_url(&self, version: &str) -> String {
    |                   ^^^^^^^^^^^^^^^^^^^^^^^^
...
707 |     fn maven_archive_url_with_classifier(&self, version: &str, classifier: &str) -> String {
    |        ^^^^^^^^^^^^^^^^^^^^^^^^^^^^^^^^^
...
996 |     pub(crate) fn conan_archive_name(&self, bytes: &[u8]) -> Result<String, TransportFailure> {
    |                   ^^^^^^^^^^^^^^^^^^

warning: function `is_sdist` is never used
    --> crates/engine/src/registry/ecosystem_decoders.rs:2661:4
     |
2661 | fn is_sdist(filename: &str) -> bool {
     |    ^^^^^^^^

warning: function `is_wheel` is never used
    --> crates/engine/src/registry/ecosystem_decoders.rs:2667:4
     |
2667 | fn is_wheel(filename: &str) -> bool {
     |    ^^^^^^^^

warning: field `stats` is never read
   --> crates/engine/src/registry/frontier.rs:354:5
    |
350 | pub(super) struct PreparedFactsUpdate {
    |                   ------------------- field in this struct
...
354 |     stats: UpdateStats,
    |     ^^^^^
    |
    = note: `PreparedFactsUpdate` has derived impls for the traits `Debug` and `Clone`, but these are intentionally ignored during dead code analysis

warning: method `stats` is never used
   --> crates/engine/src/registry/frontier.rs:364:19
    |
357 | impl PreparedFactsUpdate {
    | ------------------------ method in this implementation
...
364 |     pub(super) fn stats(&self) -> UpdateStats {
    |                   ^^^^^

warning: constant `MAX_FACTS_PROOF_LEVELS` is never used
   --> crates/engine/src/registry/frontier.rs:400:7
    |
400 | const MAX_FACTS_PROOF_LEVELS: usize = usize::BITS as usize;
    |       ^^^^^^^^^^^^^^^^^^^^^^

warning: method `proof` is never used
   --> crates/engine/src/registry/frontier.rs:451:19
    |
402 | impl FactsMerkleMap {
    | ------------------- method in this implementation
...
451 |     pub(super) fn proof(&self, coordinate: &PackageCoordinate) -> Option<backend_store::KeyProof> {
    |                   ^^^^^

warning: method `admit_reader` is never used
  --> crates/engine/src/registry/identity.rs:66:19
   |
37 | impl PublishedArtifactClaim {
   | --------------------------- method in this implementation
...
66 |     pub(crate) fn admit_reader<R: Read>(
   |                   ^^^^^^^^^^^^

warning: method `permit_authority` is never used
   --> crates/engine/src/registry/identity.rs:309:19
    |
281 | impl RegistryCredentialPolicy {
    | ----------------------------- method in this implementation
...
309 |     pub(crate) fn permit_authority(&mut self, url: &str) -> bool {
    |                   ^^^^^^^^^^^^^^^^

warning: methods `poll`, `acquire_page`, and `verify_and_store` are never used
    --> crates/engine/src/registry/owner.rs:1060:19
     |
 434 | impl RegistryOwner {
     | ------------------ methods in this implementation
...
1060 |     pub(crate) fn poll<T: RegistryTransport>(
     |                   ^^^^
...
1209 |     fn acquire_page<T: RegistryTransport>(
     |        ^^^^^^^^^^^^
...
1269 |     pub(crate) fn verify_and_store(
     |                   ^^^^^^^^^^^^^^^^

warning: enum `PageAcquisition` is never used
    --> crates/engine/src/registry/owner.rs:1322:6
     |
1322 | enum PageAcquisition {
     |      ^^^^^^^^^^^^^^^

warning: method `verify_and_store` is never used
    --> crates/engine/src/registry/owner.rs:1350:19
     |
1339 | impl ArchiveStageContext {
     | ------------------------ method in this implementation
...
1350 |     pub(crate) fn verify_and_store(
     |                   ^^^^^^^^^^^^^^^^

warning: methods `body_length` and `telemetry` are never used
   --> crates/engine/src/registry/transport.rs:141:19
    |
106 | impl ArchiveArtifact {
    | -------------------- methods in this implementation
...
141 |     pub(crate) fn body_length(&self) -> u64 {
    |                   ^^^^^^^^^^^
...
157 |     pub(crate) const fn telemetry(&self) -> TransferTelemetry {
    |                         ^^^^^^^^^

warning: methods `verify_archive` and `canonical_digest` are never used
   --> crates/engine/src/registry/transport.rs:406:19
    |
405 | impl RemotePackage {
    | ------------------ methods in this implementation
406 |     pub(crate) fn verify_archive(
    |                   ^^^^^^^^^^^^^^
...
513 |     pub(crate) const fn canonical_digest(&self) -> Option<[u8; 32]> {
    |                         ^^^^^^^^^^^^^^^^

warning: method `maven_checksum` is never used
    --> crates/engine/src/registry/transport.rs:1518:8
     |
 675 | impl HttpRegistryTransport {
     | -------------------------- method in this implementation
...
1518 |     fn maven_checksum(
     |        ^^^^^^^^^^^^^^

warning: missing documentation for a method
   --> crates/engine/src/application/cluster_coordinator/result_wire.rs:109:5
    |
109 |     pub const fn role(self) -> CompilerResultMemberRole {
    |     ^^^^^^^^^^^^^^^^^^^^^^^^^^^^^^^^^^^^^^^^^^^^^^^^^^^
    |
    = note: requested on the command line with `-W missing-docs`

warning: missing documentation for a method
   --> crates/engine/src/application/cluster_coordinator/result_wire.rs:114:5
    |
114 |     pub const fn reference(self) -> ObjectRef<ObjectDomain> {
    |     ^^^^^^^^^^^^^^^^^^^^^^^^^^^^^^^^^^^^^^^^^^^^^^^^^^^^^^^

warning: missing documentation for a method
   --> crates/engine/src/application/cluster_coordinator/result_wire.rs:119:5
    |
119 |     pub const fn key(self) -> u64 {
    |     ^^^^^^^^^^^^^^^^^^^^^^^^^^^^^

warning: missing documentation for a method
   --> crates/engine/src/application/cluster_coordinator/result_wire.rs:124:5
    |
124 |     pub const fn parent(self) -> Option<u64> {
    |     ^^^^^^^^^^^^^^^^^^^^^^^^^^^^^^^^^^^^^^^^

warning: missing documentation for a method
   --> crates/engine/src/builtin/semantic_relation.rs:474:5
    |
474 |     pub const fn completed(self) -> NonZeroU32 {
    |     ^^^^^^^^^^^^^^^^^^^^^^^^^^^^^^^^^^^^^^^^^^

warning: missing documentation for a method
   --> crates/engine/src/builtin/semantic_relation.rs:478:5
    |
478 |     pub const fn total(self) -> NonZeroU32 {
    |     ^^^^^^^^^^^^^^^^^^^^^^^^^^^^^^^^^^^^^^

warning: `backend-engine` (lib) generated 47 warnings (run `cargo fix --lib -p backend-engine` to apply 8 suggestions)
warning: unnecessary qualification
    --> crates/local-service/src/builtin/ingest.rs:2840:13
     |
2840 |             std::time::SystemTime::now()
     |             ^^^^^^^^^^^^^^^^^^^^^^^^^^
     |
     = note: requested on the command line with `-W unused-qualifications`
help: remove the unnecessary path segments
     |
2840 -             std::time::SystemTime::now()
2840 +             SystemTime::now()
     |

warning: unnecessary qualification
    --> crates/local-service/src/builtin/ingest.rs:2841:33
     |
2841 |                 .duration_since(std::time::UNIX_EPOCH)
     |                                 ^^^^^^^^^^^^^^^^^^^^^
     |
help: remove the unnecessary path segments
     |
2841 -                 .duration_since(std::time::UNIX_EPOCH)
2841 +                 .duration_since(UNIX_EPOCH)
     |

warning: unnecessary qualification
    --> crates/local-service/src/builtin/ingest.rs:2917:13
     |
2917 |             std::time::SystemTime::now()
     |             ^^^^^^^^^^^^^^^^^^^^^^^^^^
     |
help: remove the unnecessary path segments
     |
2917 -             std::time::SystemTime::now()
2917 +             SystemTime::now()
     |

warning: unnecessary qualification
    --> crates/local-service/src/builtin/ingest.rs:2918:33
     |
2918 |                 .duration_since(std::time::UNIX_EPOCH)
     |                                 ^^^^^^^^^^^^^^^^^^^^^
     |
help: remove the unnecessary path segments
     |
2918 -                 .duration_since(std::time::UNIX_EPOCH)
2918 +                 .duration_since(UNIX_EPOCH)
     |

warning: unnecessary qualification
    --> crates/local-service/src/builtin/ingest.rs:2965:13
     |
2965 |             std::time::SystemTime::now()
     |             ^^^^^^^^^^^^^^^^^^^^^^^^^^
     |
help: remove the unnecessary path segments
     |
2965 -             std::time::SystemTime::now()
2965 +             SystemTime::now()
     |

warning: unnecessary qualification
    --> crates/local-service/src/builtin/ingest.rs:2966:33
     |
2966 |                 .duration_since(std::time::UNIX_EPOCH)
     |                                 ^^^^^^^^^^^^^^^^^^^^^
     |
help: remove the unnecessary path segments
     |
2966 -                 .duration_since(std::time::UNIX_EPOCH)
2966 +                 .duration_since(UNIX_EPOCH)
     |

warning: unnecessary qualification
    --> crates/local-service/src/builtin/ingest.rs:3037:13
     |
3037 |             std::time::SystemTime::now()
     |             ^^^^^^^^^^^^^^^^^^^^^^^^^^
     |
help: remove the unnecessary path segments
     |
3037 -             std::time::SystemTime::now()
3037 +             SystemTime::now()
     |

warning: unnecessary qualification
    --> crates/local-service/src/builtin/ingest.rs:3038:33
     |
3038 |                 .duration_since(std::time::UNIX_EPOCH)
     |                                 ^^^^^^^^^^^^^^^^^^^^^
     |
help: remove the unnecessary path segments
     |
3038 -                 .duration_since(std::time::UNIX_EPOCH)
3038 +                 .duration_since(UNIX_EPOCH)
     |

warning: unnecessary qualification
    --> crates/local-service/src/builtin/ingest.rs:3151:13
     |
3151 |             std::time::SystemTime::now()
     |             ^^^^^^^^^^^^^^^^^^^^^^^^^^
     |
help: remove the unnecessary path segments
     |
3151 -             std::time::SystemTime::now()
3151 +             SystemTime::now()
     |

warning: unnecessary qualification
    --> crates/local-service/src/builtin/ingest.rs:3152:33
     |
3152 |                 .duration_since(std::time::UNIX_EPOCH)
     |                                 ^^^^^^^^^^^^^^^^^^^^^
     |
help: remove the unnecessary path segments
     |
3152 -                 .duration_since(std::time::UNIX_EPOCH)
3152 +                 .duration_since(UNIX_EPOCH)
     |

warning: unnecessary qualification
    --> crates/local-service/src/builtin/ingest.rs:3184:13
     |
3184 |             std::time::SystemTime::now()
     |             ^^^^^^^^^^^^^^^^^^^^^^^^^^
     |
help: remove the unnecessary path segments
     |
3184 -             std::time::SystemTime::now()
3184 +             SystemTime::now()
     |

warning: unnecessary qualification
    --> crates/local-service/src/builtin/ingest.rs:3185:33
     |
3185 |                 .duration_since(std::time::UNIX_EPOCH)
     |                                 ^^^^^^^^^^^^^^^^^^^^^
     |
help: remove the unnecessary path segments
     |
3185 -                 .duration_since(std::time::UNIX_EPOCH)
3185 +                 .duration_since(UNIX_EPOCH)
     |

warning: unnecessary qualification
    --> crates/local-service/src/builtin/ingest.rs:3226:13
     |
3226 |             std::time::SystemTime::now()
     |             ^^^^^^^^^^^^^^^^^^^^^^^^^^
     |
help: remove the unnecessary path segments
     |
3226 -             std::time::SystemTime::now()
3226 +             SystemTime::now()
     |

warning: unnecessary qualification
    --> crates/local-service/src/builtin/ingest.rs:3227:33
     |
3227 |                 .duration_since(std::time::UNIX_EPOCH)
     |                                 ^^^^^^^^^^^^^^^^^^^^^
     |
help: remove the unnecessary path segments
     |
3227 -                 .duration_since(std::time::UNIX_EPOCH)
3227 +                 .duration_since(UNIX_EPOCH)
     |

warning: unnecessary qualification
    --> crates/local-service/src/builtin/ingest.rs:3295:13
     |
3295 |             std::time::SystemTime::now()
     |             ^^^^^^^^^^^^^^^^^^^^^^^^^^
     |
help: remove the unnecessary path segments
     |
3295 -             std::time::SystemTime::now()
3295 +             SystemTime::now()
     |

warning: unnecessary qualification
    --> crates/local-service/src/builtin/ingest.rs:3296:33
     |
3296 |                 .duration_since(std::time::UNIX_EPOCH)
     |                                 ^^^^^^^^^^^^^^^^^^^^^
     |
help: remove the unnecessary path segments
     |
3296 -                 .duration_since(std::time::UNIX_EPOCH)
3296 +                 .duration_since(UNIX_EPOCH)
     |

warning: unnecessary qualification
    --> crates/local-service/src/builtin/ingest.rs:3329:13
     |
3329 |             std::time::SystemTime::now()
     |             ^^^^^^^^^^^^^^^^^^^^^^^^^^
     |
help: remove the unnecessary path segments
     |
3329 -             std::time::SystemTime::now()
3329 +             SystemTime::now()
     |

warning: unnecessary qualification
    --> crates/local-service/src/builtin/ingest.rs:3330:33
     |
3330 |                 .duration_since(std::time::UNIX_EPOCH)
     |                                 ^^^^^^^^^^^^^^^^^^^^^
     |
help: remove the unnecessary path segments
     |
3330 -                 .duration_since(std::time::UNIX_EPOCH)
3330 +                 .duration_since(UNIX_EPOCH)
     |

warning: unnecessary qualification
    --> crates/local-service/src/builtin/ingest.rs:4018:13
     |
4018 |             std::time::SystemTime::now()
     |             ^^^^^^^^^^^^^^^^^^^^^^^^^^
     |
help: remove the unnecessary path segments
     |
4018 -             std::time::SystemTime::now()
4018 +             SystemTime::now()
     |

warning: unnecessary qualification
    --> crates/local-service/src/builtin/ingest.rs:4019:33
     |
4019 |                 .duration_since(std::time::UNIX_EPOCH)
     |                                 ^^^^^^^^^^^^^^^^^^^^^
     |
help: remove the unnecessary path segments
     |
4019 -                 .duration_since(std::time::UNIX_EPOCH)
4019 +                 .duration_since(UNIX_EPOCH)
     |

warning: unnecessary qualification
    --> crates/local-service/src/builtin/ingest.rs:4151:17
     |
4151 |                 backend_compile::SourceExcerpt::Captured { .. }
     |                 ^^^^^^^^^^^^^^^^^^^^^^^^^^^^^^^^^^^^^^^^
     |
help: remove the unnecessary path segments
     |
4151 -                 backend_compile::SourceExcerpt::Captured { .. }
4151 +                 SourceExcerpt::Captured { .. }
     |

warning: unnecessary qualification
    --> crates/local-service/src/builtin/ingest.rs:4215:13
     |
4215 |             std::time::SystemTime::now()
     |             ^^^^^^^^^^^^^^^^^^^^^^^^^^
     |
help: remove the unnecessary path segments
     |
4215 -             std::time::SystemTime::now()
4215 +             SystemTime::now()
     |

warning: unnecessary qualification
    --> crates/local-service/src/builtin/ingest.rs:4216:33
     |
4216 |                 .duration_since(std::time::UNIX_EPOCH)
     |                                 ^^^^^^^^^^^^^^^^^^^^^
     |
help: remove the unnecessary path segments
     |
4216 -                 .duration_since(std::time::UNIX_EPOCH)
4216 +                 .duration_since(UNIX_EPOCH)
     |

warning: unnecessary qualification
    --> crates/local-service/src/builtin/ingest.rs:4547:13
     |
4547 |             std::time::SystemTime::now()
     |             ^^^^^^^^^^^^^^^^^^^^^^^^^^
     |
help: remove the unnecessary path segments
     |
4547 -             std::time::SystemTime::now()
4547 +             SystemTime::now()
     |

warning: unnecessary qualification
    --> crates/local-service/src/builtin/ingest.rs:4548:33
     |
4548 |                 .duration_since(std::time::UNIX_EPOCH)
     |                                 ^^^^^^^^^^^^^^^^^^^^^
     |
help: remove the unnecessary path segments
     |
4548 -                 .duration_since(std::time::UNIX_EPOCH)
4548 +                 .duration_since(UNIX_EPOCH)
     |

warning: unnecessary qualification
  --> crates/local-service/src/builtin/profile_membership_tests.rs:21:13
   |
21 |             backend_engine::builtin::ProductSemanticCaptureRelation,
   |             ^^^^^^^^^^^^^^^^^^^^^^^^^^^^^^^^^^^^^^^^^^^^^^^^^^^^^^^
   |
help: remove the unnecessary path segments
   |
21 -             backend_engine::builtin::ProductSemanticCaptureRelation,
21 +             ProductSemanticCaptureRelation,
   |

warning: unnecessary qualification
  --> crates/local-service/src/builtin/profile_membership_tests.rs:24:13
   |
24 |             backend_engine::builtin::ProductSourceFileFactsRelation,
   |             ^^^^^^^^^^^^^^^^^^^^^^^^^^^^^^^^^^^^^^^^^^^^^^^^^^^^^^^
   |
help: remove the unnecessary path segments
   |
24 -             backend_engine::builtin::ProductSourceFileFactsRelation,
24 +             ProductSourceFileFactsRelation,
   |

warning: unnecessary qualification
  --> crates/local-service/src/builtin/profile_membership_tests.rs:48:22
   |
48 |     let dispatcher = super::super::builtin_dispatcher(
   |                      ^^^^^^^^^^^^^^^^^^^^^^^^^^^^^^^^
   |
help: remove the unnecessary path segments
   |
48 -     let dispatcher = super::super::builtin_dispatcher(
48 +     let dispatcher = builtin_dispatcher(
   |

warning: unnecessary qualification
  --> crates/local-service/src/builtin/profile_membership_tests.rs:49:14
   |
49 |         Some(super::super::ECHO_AUTHORITY_SECRET),
   |              ^^^^^^^^^^^^^^^^^^^^^^^^^^^^^^^^^^^
   |
help: remove the unnecessary path segments
   |
49 -         Some(super::super::ECHO_AUTHORITY_SECRET),
49 +         Some(ECHO_AUTHORITY_SECRET),
   |

warning: unnecessary qualification
   --> crates/local-service/src/builtin/profile_membership_tests.rs:266:5
    |
266 |     super::resolve_project_file_keys(project_key, &project, |page_key| {
    |     ^^^^^^^^^^^^^^^^^^^^^^^^^^^^^^^^
    |
help: remove the unnecessary path segments
    |
266 -     super::resolve_project_file_keys(project_key, &project, |page_key| {
266 +     resolve_project_file_keys(project_key, &project, |page_key| {
    |

warning: unnecessary qualification
   --> crates/local-service/src/builtin/profile_membership_tests.rs:291:9
    |
291 |         super::validate_project_file(package.to_bytes(), key, &record)
    |         ^^^^^^^^^^^^^^^^^^^^^^^^^^^^
    |
help: remove the unnecessary path segments
    |
291 -         super::validate_project_file(package.to_bytes(), key, &record)
291 +         validate_project_file(package.to_bytes(), key, &record)
    |

warning: unnecessary qualification
   --> crates/local-service/src/builtin/profile_membership_tests.rs:827:9
    |
827 |         backend_engine::WorkspaceModel::request_id(&BuiltinModel, &unbound_intent),
    |         ^^^^^^^^^^^^^^^^^^^^^^^^^^^^^^^^^^^^^^^^^^
    |
help: remove the unnecessary path segments
    |
827 -         backend_engine::WorkspaceModel::request_id(&BuiltinModel, &unbound_intent),
827 +         WorkspaceModel::request_id(&BuiltinModel, &unbound_intent),
    |

warning: unnecessary qualification
    --> crates/local-service/src/builtin/profile_membership_tests.rs:1076:9
     |
1076 |         super::validate_capture_basis_closure_id(hybrid_basis, selected_base.closure())
     |         ^^^^^^^^^^^^^^^^^^^^^^^^^^^^^^^^^^^^^^^^
     |
help: remove the unnecessary path segments
     |
1076 -         super::validate_capture_basis_closure_id(hybrid_basis, selected_base.closure())
1076 +         validate_capture_basis_closure_id(hybrid_basis, selected_base.closure())
     |

warning: unnecessary qualification
    --> crates/local-service/src/builtin/profile_membership_tests.rs:1107:17
     |
1107 |                 super::admit_persisted_intent(persisted.closure_manifest().objects())
     |                 ^^^^^^^^^^^^^^^^^^^^^^^^^^^^^
     |
help: remove the unnecessary path segments
     |
1107 -                 super::admit_persisted_intent(persisted.closure_manifest().objects())
1107 +                 admit_persisted_intent(persisted.closure_manifest().objects())
     |

warning: unnecessary qualification
    --> crates/local-service/src/builtin/profile_membership_tests.rs:1134:13
     |
1134 |             super::validate_persisted_capture_changes(
     |             ^^^^^^^^^^^^^^^^^^^^^^^^^^^^^^^^^^^^^^^^^
     |
help: remove the unnecessary path segments
     |
1134 -             super::validate_persisted_capture_changes(
1134 +             validate_persisted_capture_changes(
     |

warning: unused import: `BuiltinCaptureBasis`
  --> crates/local-service/src/builtin.rs:69:31
   |
69 |     BuiltinAuthorityVerifier, BuiltinCaptureBasis, BuiltinCaptureChange, BuiltinProfile,
   |                               ^^^^^^^^^^^^^^^^^^^
   |
   = note: `#[warn(unused_imports)]` (part of `#[warn(unused)]`) on by default

warning: unnecessary qualification
    --> crates/local-service/src/builtin/cluster_dispatch.rs:5613:20
     |
5613 |     fn block_on<F: std::future::Future>(&self, future: F) -> F::Output {
     |                    ^^^^^^^^^^^^^^^^^^^
     |
help: remove the unnecessary path segments
     |
5613 -     fn block_on<F: std::future::Future>(&self, future: F) -> F::Output {
5613 +     fn block_on<F: Future>(&self, future: F) -> F::Output {
     |

warning: unnecessary qualification
   --> crates/local-service/src/builtin/remote_semantic_query.rs:527:30
    |
527 |         file.set_permissions(std::fs::Permissions::from_mode(0o600))?;
    |                              ^^^^^^^^^^^^^^^^^^^^^^^^^^^^^^^
    |
help: remove the unnecessary path segments
    |
527 -         file.set_permissions(std::fs::Permissions::from_mode(0o600))?;
527 +         file.set_permissions(fs::Permissions::from_mode(0o600))?;
    |

warning: unnecessary qualification
    --> crates/local-service/src/builtin/remote_semantic_query.rs:1500:17
     |
1500 |                 backend_engine::cluster_transport::SecretKey::from_bytes(&[99; 32]).public(),
     |                 ^^^^^^^^^^^^^^^^^^^^^^^^^^^^^^^^^^^^^^^^^^^^^^^^^^^^^^^^
     |
help: remove the unnecessary path segments
     |
1500 -                 backend_engine::cluster_transport::SecretKey::from_bytes(&[99; 32]).public(),
1500 +                 SecretKey::from_bytes(&[99; 32]).public(),
     |

warning: unused import: `BuiltinSemanticRelation`
 --> crates/local-service/src/builtin/embedded_host_retired_tests.rs:8:50
  |
8 |     BuiltinIntentOperation, BuiltinIntentSchema, BuiltinSemanticRelation, BuiltinSourceChange,
  |                                                  ^^^^^^^^^^^^^^^^^^^^^^^

warning: unnecessary qualification
    --> crates/local-service/src/builtin/generation_residence.rs:1420:30
     |
1420 |         let initial_weight = super::resident_weight(initial.images()).expect("initial weight");
     |                              ^^^^^^^^^^^^^^^^^^^^^^
     |
help: remove the unnecessary path segments
     |
1420 -         let initial_weight = super::resident_weight(initial.images()).expect("initial weight");
1420 +         let initial_weight = resident_weight(initial.images()).expect("initial weight");
     |

warning: unnecessary qualification
    --> crates/local-service/src/builtin/generation_residence.rs:1422:13
     |
1422 |             super::resident_weight(replacement.images()).expect("replacement weight");
     |             ^^^^^^^^^^^^^^^^^^^^^^
     |
help: remove the unnecessary path segments
     |
1422 -             super::resident_weight(replacement.images()).expect("replacement weight");
1422 +             resident_weight(replacement.images()).expect("replacement weight");
     |

warning: unnecessary qualification
    --> crates/local-service/src/builtin/generation_residence.rs:1503:27
     |
1503 |         let total_bytes = super::resident_weight(expected.images())
     |                           ^^^^^^^^^^^^^^^^^^^^^^
     |
help: remove the unnecessary path segments
     |
1503 -         let total_bytes = super::resident_weight(expected.images())
1503 +         let total_bytes = resident_weight(expected.images())
     |

warning: unnecessary qualification
  --> crates/local-service/src/builtin/s3_publication/config.rs:87:12
   |
87 |         if std::env::var_os(CHILD_MODE_ENV).is_some() {
   |            ^^^^^^^^^^^^^^^^
   |
help: remove the unnecessary path segments
   |
87 -         if std::env::var_os(CHILD_MODE_ENV).is_some() {
87 +         if env::var_os(CHILD_MODE_ENV).is_some() {
   |

warning: unnecessary qualification
  --> crates/local-service/src/builtin/s3_publication/config.rs:98:26
   |
98 |         let executable = std::env::current_exe().expect("resolve unit-test executable");
   |                          ^^^^^^^^^^^^^^^^^^^^^
   |
help: remove the unnecessary path segments
   |
98 -         let executable = std::env::current_exe().expect("resolve unit-test executable");
98 +         let executable = env::current_exe().expect("resolve unit-test executable");
   |

warning: unnecessary qualification
   --> crates/local-service/src/builtin/s3_publication.rs:551:23
    |
551 |         let scratch = std::env::temp_dir().join(format!(
    |                       ^^^^^^^^^^^^^^^^^^
    |
help: remove the unnecessary path segments
    |
551 -         let scratch = std::env::temp_dir().join(format!(
551 +         let scratch = env::temp_dir().join(format!(
    |

warning: unnecessary qualification
   --> crates/local-service/src/builtin/s3_publication.rs:617:23
    |
617 |         let scratch = std::env::temp_dir().join(format!(
    |                       ^^^^^^^^^^^^^^^^^^
    |
help: remove the unnecessary path segments
    |
617 -         let scratch = std::env::temp_dir().join(format!(
617 +         let scratch = env::temp_dir().join(format!(
    |

warning: unnecessary qualification
   --> crates/local-service/src/builtin/s3_publication.rs:707:23
    |
707 |         let scratch = std::env::temp_dir().join(format!(
    |                       ^^^^^^^^^^^^^^^^^^
    |
help: remove the unnecessary path segments
    |
707 -         let scratch = std::env::temp_dir().join(format!(
707 +         let scratch = env::temp_dir().join(format!(
    |

warning: unused import: `ProductSemanticCaptureOutcome`
  --> crates/local-service/src/builtin/semantic_authority.rs:18:30
   |
18 |     PartialSemanticCoverage, ProductSemanticCaptureOutcome, ProductSemanticPublicationKey,
   |                              ^^^^^^^^^^^^^^^^^^^^^^^^^^^^^

warning: unnecessary qualification
   --> crates/local-service/src/builtin/semantic_authority.rs:420:14
    |
420 |     reached: std::sync::mpsc::SyncSender<()>,
    |              ^^^^^^^^^^^^^^^^^^^^^^^^^^^^^^^
    |
help: remove the unnecessary path segments
    |
420 -     reached: std::sync::mpsc::SyncSender<()>,
420 +     reached: SyncSender<()>,
    |

warning: unnecessary qualification
   --> crates/local-service/src/builtin/semantic_authority.rs:421:14
    |
421 |     release: std::sync::mpsc::Receiver<()>,
    |              ^^^^^^^^^^^^^^^^^^^^^^^^^^^^^
    |
help: remove the unnecessary path segments
    |
421 -     release: std::sync::mpsc::Receiver<()>,
421 +     release: mpsc::Receiver<()>,
    |

warning: unnecessary qualification
   --> crates/local-service/src/builtin/semantic_authority.rs:430:47
    |
430 |     native_history_writer_probe: Mutex<Option<std::sync::mpsc::SyncSender<bool>>>,
    |                                               ^^^^^^^^^^^^^^^^^^^^^^^^^^^^^^^^^
    |
help: remove the unnecessary path segments
    |
430 -     native_history_writer_probe: Mutex<Option<std::sync::mpsc::SyncSender<bool>>>,
430 +     native_history_writer_probe: Mutex<Option<SyncSender<bool>>>,
    |

warning: unnecessary qualification
   --> crates/local-service/src/builtin/semantic_authority.rs:514:18
    |
514 |         reached: std::sync::mpsc::SyncSender<()>,
    |                  ^^^^^^^^^^^^^^^^^^^^^^^^^^^^^^^
    |
help: remove the unnecessary path segments
    |
514 -         reached: std::sync::mpsc::SyncSender<()>,
514 +         reached: SyncSender<()>,
    |

warning: unnecessary qualification
   --> crates/local-service/src/builtin/semantic_authority.rs:515:18
    |
515 |         release: std::sync::mpsc::Receiver<()>,
    |                  ^^^^^^^^^^^^^^^^^^^^^^^^^^^^^
    |
help: remove the unnecessary path segments
    |
515 -         release: std::sync::mpsc::Receiver<()>,
515 +         release: mpsc::Receiver<()>,
    |

warning: unnecessary qualification
   --> crates/local-service/src/builtin/semantic_authority.rs:552:17
    |
552 |         sender: std::sync::mpsc::SyncSender<bool>,
    |                 ^^^^^^^^^^^^^^^^^^^^^^^^^^^^^^^^^
    |
help: remove the unnecessary path segments
    |
552 -         sender: std::sync::mpsc::SyncSender<bool>,
552 +         sender: SyncSender<bool>,
    |

warning: unnecessary qualification
    --> crates/local-service/src/builtin/semantic_authority.rs:1425:18
     |
1425 |         reached: std::sync::mpsc::SyncSender<()>,
     |                  ^^^^^^^^^^^^^^^^^^^^^^^^^^^^^^^
     |
help: remove the unnecessary path segments
     |
1425 -         reached: std::sync::mpsc::SyncSender<()>,
1425 +         reached: SyncSender<()>,
     |

warning: unnecessary qualification
    --> crates/local-service/src/builtin/semantic_authority.rs:1426:18
     |
1426 |         release: std::sync::mpsc::Receiver<()>,
     |                  ^^^^^^^^^^^^^^^^^^^^^^^^^^^^^
     |
help: remove the unnecessary path segments
     |
1426 -         release: std::sync::mpsc::Receiver<()>,
1426 +         release: mpsc::Receiver<()>,
     |

warning: unnecessary qualification
    --> crates/local-service/src/builtin/semantic_authority.rs:4167:16
     |
4167 |             || std::path::PathBuf::from("rustc"),
     |                ^^^^^^^^^^^^^^^^^^^^^^^^
     |
help: remove the unnecessary path segments
     |
4167 -             || std::path::PathBuf::from("rustc"),
4167 +             || PathBuf::from("rustc"),
     |

warning: unnecessary qualification
    --> crates/local-service/src/builtin/semantic_authority.rs:4168:13
     |
4168 |             std::path::PathBuf::from,
     |             ^^^^^^^^^^^^^^^^^^^^^^^^
     |
help: remove the unnecessary path segments
     |
4168 -             std::path::PathBuf::from,
4168 +             PathBuf::from,
     |

warning: unnecessary qualification
    --> crates/local-service/src/builtin/semantic_authority.rs:4428:29
     |
4428 |     struct ScratchWorkspace(std::path::PathBuf);
     |                             ^^^^^^^^^^^^^^^^^^
     |
help: remove the unnecessary path segments
     |
4428 -     struct ScratchWorkspace(std::path::PathBuf);
4428 +     struct ScratchWorkspace(PathBuf);
     |

warning: unnecessary qualification
    --> crates/local-service/src/builtin/semantic_authority.rs:4454:54
     |
4454 |         let (attempted_sender, attempted_receiver) = std::sync::mpsc::channel();
     |                                                      ^^^^^^^^^^^^^^^^^^^^^^^^
     |
help: remove the unnecessary path segments
     |
4454 -         let (attempted_sender, attempted_receiver) = std::sync::mpsc::channel();
4454 +         let (attempted_sender, attempted_receiver) = mpsc::channel();
     |

warning: unnecessary qualification
    --> crates/local-service/src/builtin/semantic_authority.rs:4455:52
     |
4455 |         let (acquired_sender, acquired_receiver) = std::sync::mpsc::channel();
     |                                                    ^^^^^^^^^^^^^^^^^^^^^^^^
     |
help: remove the unnecessary path segments
     |
4455 -         let (acquired_sender, acquired_receiver) = std::sync::mpsc::channel();
4455 +         let (acquired_sender, acquired_receiver) = mpsc::channel();
     |

warning: unnecessary qualification
    --> crates/local-service/src/builtin/semantic_authority.rs:4473:35
     |
4473 |                     .recv_timeout(std::time::Duration::from_secs(2))
     |                                   ^^^^^^^^^^^^^^^^^^^^^^^^^^^^^^
     |
help: remove the unnecessary path segments
     |
4473 -                     .recv_timeout(std::time::Duration::from_secs(2))
4473 +                     .recv_timeout(Duration::from_secs(2))
     |

warning: unnecessary qualification
    --> crates/local-service/src/builtin/semantic_authority.rs:4487:27
     |
4487 |             .recv_timeout(std::time::Duration::from_secs(2))
     |                           ^^^^^^^^^^^^^^^^^^^^^^^^^^^^^^
     |
help: remove the unnecessary path segments
     |
4487 -             .recv_timeout(std::time::Duration::from_secs(2))
4487 +             .recv_timeout(Duration::from_secs(2))
     |

warning: unnecessary qualification
    --> crates/local-service/src/builtin/semantic_authority.rs:4496:19
     |
4496 |         seen: Arc<std::sync::Mutex<Option<PublicationFence>>>,
     |                   ^^^^^^^^^^^^^^^^^^^^^^^^^^^^^^^^^^^^^^^^^^
     |
help: remove the unnecessary path segments
     |
4496 -         seen: Arc<std::sync::Mutex<Option<PublicationFence>>>,
4496 +         seen: Arc<Mutex<Option<PublicationFence>>>,
     |

warning: unnecessary qualification
    --> crates/local-service/src/builtin/semantic_authority.rs:4519:24
     |
4519 |             _selected: super::super::s3_publication::RemoteClosureSelection,
     |                        ^^^^^^^^^^^^^^^^^^^^^^^^^^^^^^^^^^^^^^^^^^^^^^^^^^^^
     |
help: remove the unnecessary path segments
     |
4519 -             _selected: super::super::s3_publication::RemoteClosureSelection,
4519 +             _selected: RemoteClosureSelection,
     |

warning: unnecessary qualification
    --> crates/local-service/src/builtin/semantic_authority.rs:4521:31
     |
4521 |             _expected_schema: backend_version::SchemaIdentity,
     |                               ^^^^^^^^^^^^^^^^^^^^^^^^^^^^^^^
     |
help: remove the unnecessary path segments
     |
4521 -             _expected_schema: backend_version::SchemaIdentity,
4521 +             _expected_schema: SchemaIdentity,
     |

warning: unnecessary qualification
    --> crates/local-service/src/builtin/semantic_authority.rs:4530:24
     |
4530 |             _selected: super::super::s3_publication::RemoteClosureSelection,
     |                        ^^^^^^^^^^^^^^^^^^^^^^^^^^^^^^^^^^^^^^^^^^^^^^^^^^^^
     |
help: remove the unnecessary path segments
     |
4530 -             _selected: super::super::s3_publication::RemoteClosureSelection,
4530 +             _selected: RemoteClosureSelection,
     |

warning: unnecessary qualification
    --> crates/local-service/src/builtin/semantic_authority.rs:4577:29
     |
4577 |         let seen = Arc::new(std::sync::Mutex::new(None));
     |                             ^^^^^^^^^^^^^^^^^^^^^
     |
help: remove the unnecessary path segments
     |
4577 -         let seen = Arc::new(std::sync::Mutex::new(None));
4577 +         let seen = Arc::new(Mutex::new(None));
     |

warning: unnecessary qualification
    --> crates/local-service/src/builtin/versioned_planes.rs:1927:13
     |
1927 |             backend_semantic::ir::LanguageProfile::Rust(
     |             ^^^^^^^^^^^^^^^^^^^^^^^^^^^^^^^^^^^^^^^^^^^
     |
help: remove the unnecessary path segments
     |
1927 -             backend_semantic::ir::LanguageProfile::Rust(
1927 +             LanguageProfile::Rust(
     |

warning: unnecessary qualification
    --> crates/local-service/src/builtin/versioned_planes.rs:1928:17
     |
1928 |                 backend_semantic::ir::RustEdition::Rust2021,
     |                 ^^^^^^^^^^^^^^^^^^^^^^^^^^^^^^^^^^^^^^^^^^^
     |
help: remove the unnecessary path segments
     |
1928 -                 backend_semantic::ir::RustEdition::Rust2021,
1928 +                 RustEdition::Rust2021,
     |

warning: unnecessary qualification
    --> crates/local-service/src/builtin/versioned_planes.rs:1945:9
     |
1945 |         std::fs::remove_dir_all(directory).expect("remove temporary authority workspace");
     |         ^^^^^^^^^^^^^^^^^^^^^^^
     |
help: remove the unnecessary path segments
     |
1945 -         std::fs::remove_dir_all(directory).expect("remove temporary authority workspace");
1945 +         fs::remove_dir_all(directory).expect("remove temporary authority workspace");
     |

warning: unnecessary qualification
    --> crates/local-service/src/builtin/versioned_planes.rs:1962:13
     |
1962 |             backend_semantic::ir::LanguageProfile::Rust(
     |             ^^^^^^^^^^^^^^^^^^^^^^^^^^^^^^^^^^^^^^^^^^^
     |
help: remove the unnecessary path segments
     |
1962 -             backend_semantic::ir::LanguageProfile::Rust(
1962 +             LanguageProfile::Rust(
     |

warning: unnecessary qualification
    --> crates/local-service/src/builtin/versioned_planes.rs:1963:17
     |
1963 |                 backend_semantic::ir::RustEdition::Rust2021,
     |                 ^^^^^^^^^^^^^^^^^^^^^^^^^^^^^^^^^^^^^^^^^^^
     |
help: remove the unnecessary path segments
     |
1963 -                 backend_semantic::ir::RustEdition::Rust2021,
1963 +                 RustEdition::Rust2021,
     |

warning: unnecessary qualification
    --> crates/local-service/src/builtin/versioned_planes.rs:1992:9
     |
1992 |         std::fs::remove_dir_all(directory).expect("remove temporary authority workspace");
     |         ^^^^^^^^^^^^^^^^^^^^^^^
     |
help: remove the unnecessary path segments
     |
1992 -         std::fs::remove_dir_all(directory).expect("remove temporary authority workspace");
1992 +         fs::remove_dir_all(directory).expect("remove temporary authority workspace");
     |

warning: unnecessary qualification
    --> crates/local-service/src/builtin/versioned_planes.rs:2090:25
     |
2090 |             _selected: &backend_extension_turso::SelectedGeneration,
     |                         ^^^^^^^^^^^^^^^^^^^^^^^^^^^^^^^^^^^^^^^^^^^
     |
help: remove the unnecessary path segments
     |
2090 -             _selected: &backend_extension_turso::SelectedGeneration,
2090 +             _selected: &SelectedGeneration,
     |

warning: unnecessary qualification
    --> crates/local-service/src/builtin/versioned_planes.rs:2222:25
     |
2222 |             _selected: &backend_extension_turso::SelectedGeneration,
     |                         ^^^^^^^^^^^^^^^^^^^^^^^^^^^^^^^^^^^^^^^^^^^
     |
help: remove the unnecessary path segments
     |
2222 -             _selected: &backend_extension_turso::SelectedGeneration,
2222 +             _selected: &SelectedGeneration,
     |

warning: unnecessary qualification
    --> crates/local-service/src/builtin/view_build/image_rows.rs:1548:25
     |
1548 |         let projected = super::project_image_rows(
     |                         ^^^^^^^^^^^^^^^^^^^^^^^^^
     |
help: remove the unnecessary path segments
     |
1548 -         let projected = super::project_image_rows(
1548 +         let projected = project_image_rows(
     |

warning: unnecessary qualification
    --> crates/local-service/src/builtin/view_build/image_rows.rs:1572:9
     |
1572 |         super::apply_projected_image(&projected, &mut sink).expect("apply direct projection");
     |         ^^^^^^^^^^^^^^^^^^^^^^^^^^^^
     |
help: remove the unnecessary path segments
     |
1572 -         super::apply_projected_image(&projected, &mut sink).expect("apply direct projection");
1572 +         apply_projected_image(&projected, &mut sink).expect("apply direct projection");
     |

warning: unused import: `ProductSemanticCaptureOutcome`
  --> crates/local-service/src/builtin/view_build/semantic.rs:24:5
   |
24 |     ProductSemanticCaptureOutcome, ProductSemanticPublicationRecord, SemanticUnavailableReason,
   |     ^^^^^^^^^^^^^^^^^^^^^^^^^^^^^

warning: unnecessary qualification
    --> crates/local-service/src/builtin/view_publish.rs:1752:32
     |
1752 |                 cargo_aliases: std::collections::BTreeMap::new(),
     |                                ^^^^^^^^^^^^^^^^^^^^^^^^^^^^^^^
     |
help: remove the unnecessary path segments
     |
1752 -                 cargo_aliases: std::collections::BTreeMap::new(),
1752 +                 cargo_aliases: BTreeMap::new(),
     |

warning: unnecessary qualification
    --> crates/local-service/src/builtin/view_publish.rs:1949:19
     |
1949 |         initial: &backend_engine::ViewRoot,
     |                   ^^^^^^^^^^^^^^^^^^^^^^^^
     |
help: remove the unnecessary path segments
     |
1949 -         initial: &backend_engine::ViewRoot,
1949 +         initial: &ViewRoot,
     |

warning: unnecessary qualification
    --> crates/local-service/src/builtin/commands/adapter.rs:2521:29
     |
2521 |                         && !super::super::ingest::compiler_revision_is_current(revision_fence)
     |                             ^^^^^^^^^^^^^^^^^^^^^^^^^^^^^^^^^^^^^^^^^^^^^^^^^^
     |
help: remove the unnecessary path segments
     |
2521 -                         && !super::super::ingest::compiler_revision_is_current(revision_fence)
2521 +                         && !ingest::compiler_revision_is_current(revision_fence)
     |

warning: unnecessary qualification
    --> crates/local-service/src/builtin/commands/adapter.rs:3068:29
     |
3068 |                         && !super::super::ingest::compiler_revision_is_current(revision_fence)
     |                             ^^^^^^^^^^^^^^^^^^^^^^^^^^^^^^^^^^^^^^^^^^^^^^^^^^
     |
help: remove the unnecessary path segments
     |
3068 -                         && !super::super::ingest::compiler_revision_is_current(revision_fence)
3068 +                         && !ingest::compiler_revision_is_current(revision_fence)
     |

warning: unnecessary qualification
    --> crates/local-service/src/builtin/commands/adapter.rs:3228:9
     |
3228 |         super::super::ingest::recover_indexed_excerpt(
     |         ^^^^^^^^^^^^^^^^^^^^^^^^^^^^^^^^^^^^^^^^^^^^^
     |
help: remove the unnecessary path segments
     |
3228 -         super::super::ingest::recover_indexed_excerpt(
3228 +         ingest::recover_indexed_excerpt(
     |

warning: unused import: `BuiltinSemanticRelation`
    --> crates/local-service/src/builtin/commands/adapter.rs:4237:54
     |
4237 |         BuiltinIntent, BuiltinModel, BuiltinProfile, BuiltinSemanticRelation,
     |                                                      ^^^^^^^^^^^^^^^^^^^^^^^

warning: unused import: `ProductSemanticCaptureRelation`
  --> crates/local-service/src/builtin/commands/index.rs:19:61
   |
19 |     PartialSemanticCoverage, ProductSemanticCaptureOutcome, ProductSemanticCaptureRelation,
   |                                                             ^^^^^^^^^^^^^^^^^^^^^^^^^^^^^^

warning: unused import: `Relation as _`
  --> crates/local-service/src/builtin/commands/index.rs:39:33
   |
39 | use backend_version::{Coverage, Relation as _, ScopeRoot, WorkspaceRoot};
   |                                 ^^^^^^^^^^^^^

warning: unnecessary qualification
    --> crates/local-service/src/builtin/commands/index.rs:1354:48
     |
1354 |     compiler_failure: Option<(LanguageProfile, backend_library::PackageCompilerFailure)>,
     |                                                ^^^^^^^^^^^^^^^^^^^^^^^^^^^^^^^^^^^^^^^
     |
help: remove the unnecessary path segments
     |
1354 -     compiler_failure: Option<(LanguageProfile, backend_library::PackageCompilerFailure)>,
1354 +     compiler_failure: Option<(LanguageProfile, PackageCompilerFailure)>,
     |

warning: unnecessary qualification
    --> crates/local-service/src/builtin/commands/index.rs:1591:48
     |
1591 |     compiler_failure: Option<(LanguageProfile, backend_library::PackageCompilerFailure)>,
     |                                                ^^^^^^^^^^^^^^^^^^^^^^^^^^^^^^^^^^^^^^^
     |
help: remove the unnecessary path segments
     |
1591 -     compiler_failure: Option<(LanguageProfile, backend_library::PackageCompilerFailure)>,
1591 +     compiler_failure: Option<(LanguageProfile, PackageCompilerFailure)>,
     |

warning: unnecessary qualification
    --> crates/local-service/src/builtin/commands/index_operation.rs:1400:20
     |
1400 |     fn open(path: &std::path::Path) -> IndexOperationJournal {
     |                    ^^^^^^^^^^^^^^^
     |
help: remove the unnecessary path segments
     |
1400 -     fn open(path: &std::path::Path) -> IndexOperationJournal {
1400 +     fn open(path: &Path) -> IndexOperationJournal {
     |

warning: unnecessary qualification
    --> crates/local-service/src/builtin/commands/index_operation.rs:1480:23
     |
1480 |     fn cleanup(path: &std::path::Path) {
     |                       ^^^^^^^^^^^^^^^
     |
help: remove the unnecessary path segments
     |
1480 -     fn cleanup(path: &std::path::Path) {
1480 +     fn cleanup(path: &Path) {
     |

warning: unnecessary qualification
    --> crates/local-service/src/builtin/commands/index_operation.rs:1974:32
     |
1974 |         let mut journal = open(std::path::Path::new(&path));
     |                                ^^^^^^^^^^^^^^^^^^^^
     |
help: remove the unnecessary path segments
     |
1974 -         let mut journal = open(std::path::Path::new(&path));
1974 +         let mut journal = open(Path::new(&path));
     |

warning: unnecessary qualification
     --> crates/local-service/src/builtin/commands/semantic_query.rs:10810:19
      |
10810 |             kind: backend_semantic::ir::LinkKind::Calls,
      |                   ^^^^^^^^^^^^^^^^^^^^^^^^^^^^^^^^^^^^^
      |
help: remove the unnecessary path segments
      |
10810 -             kind: backend_semantic::ir::LinkKind::Calls,
10810 +             kind: LinkKind::Calls,
      |

warning: unnecessary qualification
     --> crates/local-service/src/builtin/commands/semantic_query.rs:10846:23
      |
10846 |                 kind: backend_semantic::ir::LinkKind::Calls,
      |                       ^^^^^^^^^^^^^^^^^^^^^^^^^^^^^^^^^^^^^
      |
help: remove the unnecessary path segments
      |
10846 -                 kind: backend_semantic::ir::LinkKind::Calls,
10846 +                 kind: LinkKind::Calls,
      |

warning: unnecessary qualification
     --> crates/local-service/src/builtin/commands/semantic_query.rs:10871:29
      |
10871 |         let callee_symbol = super::super::super::view_build::semantic_symbol(
      |                             ^^^^^^^^^^^^^^^^^^^^^^^^^^^^^^^^^^^^^^^^^^^^^^^^
      |
help: remove the unnecessary path segments
      |
10871 -         let callee_symbol = super::super::super::view_build::semantic_symbol(
10871 +         let callee_symbol = view_build::semantic_symbol(
      |

warning: unnecessary qualification
     --> crates/local-service/src/builtin/commands/semantic_query.rs:10885:16
      |
10885 |             != super::super::super::view_build::semantic_symbol(
      |                ^^^^^^^^^^^^^^^^^^^^^^^^^^^^^^^^^^^^^^^^^^^^^^^^
      |
help: remove the unnecessary path segments
      |
10885 -             != super::super::super::view_build::semantic_symbol(
10885 +             != view_build::semantic_symbol(
      |

warning: unnecessary qualification
     --> crates/local-service/src/builtin/commands/semantic_query.rs:10926:22
      |
10926 |         let absent = super::super::super::view_build::semantic_symbol(
      |                      ^^^^^^^^^^^^^^^^^^^^^^^^^^^^^^^^^^^^^^^^^^^^^^^^
      |
help: remove the unnecessary path segments
      |
10926 -         let absent = super::super::super::view_build::semantic_symbol(
10926 +         let absent = view_build::semantic_symbol(
      |

warning: unnecessary qualification
    --> crates/local-service/src/builtin/commands/semantic_shapes.rs:1955:53
     |
1955 |             backend_engine::SemanticTypeFact::Known(backend_engine::SemanticTypeExpr::Object(
     |                                                     ^^^^^^^^^^^^^^^^^^^^^^^^^^^^^^^^^^^^^^^^
     |
help: remove the unnecessary path segments
     |
1955 -             backend_engine::SemanticTypeFact::Known(backend_engine::SemanticTypeExpr::Object(
1955 +             backend_engine::SemanticTypeFact::Known(SemanticTypeExpr::Object(
     |

warning: unnecessary qualification
    --> crates/local-service/src/builtin/commands/semantic_shapes.rs:1964:33
     |
1964 | ...                   backend_engine::SemanticTypeExpr::Literal(
     |                       ^^^^^^^^^^^^^^^^^^^^^^^^^^^^^^^^^^^^^^^^^
     |
help: remove the unnecessary path segments
     |
1964 -                                 backend_engine::SemanticTypeExpr::Literal(
1964 +                                 SemanticTypeExpr::Literal(
     |

warning: unused import: `PreparedBuiltinIntent`
  --> crates/local-service/src/builtin/commands/mod.rs:16:5
   |
16 |     PreparedBuiltinIntent, commit_builtin_intent, commit_prepared_builtin_intent,
   |     ^^^^^^^^^^^^^^^^^^^^^

warning: unused import: `source_capture_receipt_for_root`
  --> crates/local-service/src/builtin/commands/mod.rs:20:62
   |
20 |     recover_awaiting_selection, recover_offered_reservation, source_capture_receipt_for_root,
   |                                                              ^^^^^^^^^^^^^^^^^^^^^^^^^^^^^^^

warning: unnecessary qualification
    --> crates/local-service/src/builtin/registry.rs:1061:35
     |
1061 |             let source_identity = backend_engine::serde_json::to_vec(&source.source)
     |                                   ^^^^^^^^^^^^^^^^^^^^^^^^^^^^^^^^^^
     |
help: remove the unnecessary path segments
     |
1061 -             let source_identity = backend_engine::serde_json::to_vec(&source.source)
1061 +             let source_identity = serde_json::to_vec(&source.source)
     |

warning: unnecessary qualification
    --> crates/local-service/src/builtin/registry.rs:1086:25
     |
1086 |         let osv_scope = backend_engine::serde_json::to_vec(&self.advisory_config.osv_scope)
     |                         ^^^^^^^^^^^^^^^^^^^^^^^^^^^^^^^^^^
     |
help: remove the unnecessary path segments
     |
1086 -         let osv_scope = backend_engine::serde_json::to_vec(&self.advisory_config.osv_scope)
1086 +         let osv_scope = serde_json::to_vec(&self.advisory_config.osv_scope)
     |

warning: unnecessary qualification
    --> crates/local-service/src/builtin/registry.rs:1391:17
     |
1391 |                 backend_engine::acquisition::NegativeFactKind::Yanked => {
     |                 ^^^^^^^^^^^^^^^^^^^^^^^^^^^^^^^^^^^^^^^^^^^^^^^^^^^^^
     |
help: remove the unnecessary path segments
     |
1391 -                 backend_engine::acquisition::NegativeFactKind::Yanked => {
1391 +                 NegativeFactKind::Yanked => {
     |

warning: unnecessary qualification
    --> crates/local-service/src/builtin/registry.rs:1396:17
     |
1396 |                 backend_engine::acquisition::NegativeFactKind::AdvisoryBlocked => {
     |                 ^^^^^^^^^^^^^^^^^^^^^^^^^^^^^^^^^^^^^^^^^^^^^^^^^^^^^^^^^^^^^^
     |
help: remove the unnecessary path segments
     |
1396 -                 backend_engine::acquisition::NegativeFactKind::AdvisoryBlocked => {
1396 +                 NegativeFactKind::AdvisoryBlocked => {
     |

warning: unnecessary qualification
    --> crates/local-service/src/builtin/registry.rs:1399:17
     |
1399 |                 backend_engine::acquisition::NegativeFactKind::Unsupported => {
     |                 ^^^^^^^^^^^^^^^^^^^^^^^^^^^^^^^^^^^^^^^^^^^^^^^^^^^^^^^^^^
     |
help: remove the unnecessary path segments
     |
1399 -                 backend_engine::acquisition::NegativeFactKind::Unsupported => {
1399 +                 NegativeFactKind::Unsupported => {
     |

warning: unnecessary qualification
    --> crates/local-service/src/builtin/registry.rs:1402:17
     |
1402 |                 backend_engine::acquisition::NegativeFactKind::NotFound => {
     |                 ^^^^^^^^^^^^^^^^^^^^^^^^^^^^^^^^^^^^^^^^^^^^^^^^^^^^^^^
     |
help: remove the unnecessary path segments
     |
1402 -                 backend_engine::acquisition::NegativeFactKind::NotFound => {
1402 +                 NegativeFactKind::NotFound => {
     |

warning: unnecessary qualification
    --> crates/local-service/src/builtin/registry.rs:2312:27
     |
2312 |         fn capture(file: &std::fs::File) -> Result<Self, String> {
     |                           ^^^^^^^^^^^^^
     |
help: remove the unnecessary path segments
     |
2312 -         fn capture(file: &std::fs::File) -> Result<Self, String> {
2312 +         fn capture(file: &File) -> Result<Self, String> {
     |

warning: unnecessary qualification
    --> crates/local-service/src/builtin/registry.rs:3679:22
     |
3679 |         let source = backend_engine::registry::RegistrySource::new(endpoint).with_native(false);
     |                      ^^^^^^^^^^^^^^^^^^^^^^^^^^^^^^^^^^^^^^^^^^^^^
     |
help: remove the unnecessary path segments
     |
3679 -         let source = backend_engine::registry::RegistrySource::new(endpoint).with_native(false);
3679 +         let source = RegistrySource::new(endpoint).with_native(false);
     |

warning: unnecessary qualification
    --> crates/local-service/src/builtin/registry.rs:3680:23
     |
3680 |         let sources = backend_engine::registry::RegistrySourceSet::empty()
     |                       ^^^^^^^^^^^^^^^^^^^^^^^^^^^^^^^^^^^^^^^^^^^^^^^^^^
     |
help: remove the unnecessary path segments
     |
3680 -         let sources = backend_engine::registry::RegistrySourceSet::empty()
3680 +         let sources = RegistrySourceSet::empty()
     |

warning: unnecessary qualification
    --> crates/local-service/src/builtin/registry.rs:3687:21
     |
3687 |             policy: backend_engine::registry::AcquisitionPolicy::Online,
     |                     ^^^^^^^^^^^^^^^^^^^^^^^^^^^^^^^^^^^^^^^^^^^^^^^^^^^
     |
help: remove the unnecessary path segments
     |
3687 -             policy: backend_engine::registry::AcquisitionPolicy::Online,
3687 +             policy: AcquisitionPolicy::Online,
     |

warning: unnecessary qualification
    --> crates/local-service/src/builtin/registry.rs:4313:24
     |
4313 |         let original = std::sync::Arc::new(
     |                        ^^^^^^^^^^^^^^^^^^^
     |
help: remove the unnecessary path segments
     |
4313 -         let original = std::sync::Arc::new(
4313 +         let original = Arc::new(
     |

warning: unnecessary qualification
    --> crates/local-service/src/builtin/registry.rs:4318:13
     |
4318 |             std::sync::Arc::clone(&original)
     |             ^^^^^^^^^^^^^^^^^^^^^
     |
help: remove the unnecessary path segments
     |
4318 -             std::sync::Arc::clone(&original)
4318 +             Arc::clone(&original)
     |

warning: unnecessary qualification
    --> crates/local-service/src/builtin/registry.rs:4320:13
     |
4320 |             std::sync::Arc::new(
     |             ^^^^^^^^^^^^^^^^^^^
     |
help: remove the unnecessary path segments
     |
4320 -             std::sync::Arc::new(
4320 +             Arc::new(
     |

warning: unnecessary qualification
    --> crates/local-service/src/builtin/registry.rs:4324:17
     |
4324 |         assert!(std::sync::Arc::ptr_eq(&original, &reused));
     |                 ^^^^^^^^^^^^^^^^^^^^^^
     |
help: remove the unnecessary path segments
     |
4324 -         assert!(std::sync::Arc::ptr_eq(&original, &reused));
4324 +         assert!(Arc::ptr_eq(&original, &reused));
     |

warning: unnecessary qualification
    --> crates/local-service/src/builtin/registry.rs:4326:23
     |
4326 |         let rebuilt = std::sync::Arc::new(
     |                       ^^^^^^^^^^^^^^^^^^^
     |
help: remove the unnecessary path segments
     |
4326 -         let rebuilt = std::sync::Arc::new(
4326 +         let rebuilt = Arc::new(
     |

warning: unnecessary qualification
    --> crates/local-service/src/builtin/browse/cargo_metadata.rs:2455:29
     |
2455 |         let sccache_paths = super::super::sccache_configuration_paths(&package)
     |                             ^^^^^^^^^^^^^^^^^^^^^^^^^^^^^^^^^^^^^^^^^
     |
help: remove the unnecessary path segments
     |
2455 -         let sccache_paths = super::super::sccache_configuration_paths(&package)
2455 +         let sccache_paths = sccache_configuration_paths(&package)
     |

warning: unnecessary qualification
    --> crates/local-service/src/builtin/browse/cargo_metadata.rs:2458:13
     |
2458 |             super::super::rustup_selection_paths(&package).expect("request-CWD rustup selectors");
     |             ^^^^^^^^^^^^^^^^^^^^^^^^^^^^^^^^^^^^
     |
help: remove the unnecessary path segments
     |
2458 -             super::super::rustup_selection_paths(&package).expect("request-CWD rustup selectors");
2458 +             rustup_selection_paths(&package).expect("request-CWD rustup selectors");
     |

warning: unnecessary qualification
    --> crates/local-service/src/builtin/browse/cargo_metadata.rs:2468:9
     |
2468 |         super::super::observation_witness_with_context(&workspace, &watched, [1; 32], [2; 32])
     |         ^^^^^^^^^^^^^^^^^^^^^^^^^^^^^^^^^^^^^^^^^^^^^^
     |
help: remove the unnecessary path segments
     |
2468 -         super::super::observation_witness_with_context(&workspace, &watched, [1; 32], [2; 32])
2468 +         observation_witness_with_context(&workspace, &watched, [1; 32], [2; 32])
     |

warning: unnecessary qualification
    --> crates/local-service/src/builtin/discovery_search.rs:6264:31
     |
6264 |     fn temp_journal_path() -> std::path::PathBuf {
     |                               ^^^^^^^^^^^^^^^^^^
     |
help: remove the unnecessary path segments
     |
6264 -     fn temp_journal_path() -> std::path::PathBuf {
6264 +     fn temp_journal_path() -> PathBuf {
     |

warning: unnecessary qualification
    --> crates/local-service/src/builtin/discovery_search.rs:6311:27
     |
6311 |     fn file_sha256(path: &std::path::Path) -> String {
     |                           ^^^^^^^^^^^^^^^
     |
help: remove the unnecessary path segments
     |
6311 -     fn file_sha256(path: &std::path::Path) -> String {
6311 +     fn file_sha256(path: &Path) -> String {
     |

warning: unnecessary qualification
    --> crates/local-service/src/builtin/discovery_search.rs:6315:24
     |
6315 |         let mut file = std::fs::File::open(path).expect("open benchmark executable");
     |                        ^^^^^^^^^^^^^^^^^^^
     |
help: remove the unnecessary path segments
     |
6315 -         let mut file = std::fs::File::open(path).expect("open benchmark executable");
6315 +         let mut file = File::open(path).expect("open benchmark executable");
     |

warning: unnecessary qualification
    --> crates/local-service/src/builtin/discovery_search.rs:6346:40
     |
6346 |     fn measured_directory_bytes(path: &std::path::Path) -> u64 {
     |                                        ^^^^^^^^^^^^^^^
     |
help: remove the unnecessary path segments
     |
6346 -     fn measured_directory_bytes(path: &std::path::Path) -> u64 {
6346 +     fn measured_directory_bytes(path: &Path) -> u64 {
     |

warning: unnecessary qualification
    --> crates/local-service/src/builtin/discovery_search.rs:6347:27
     |
6347 |         let Ok(entries) = std::fs::read_dir(path) else {
     |                           ^^^^^^^^^^^^^^^^^
     |
help: remove the unnecessary path segments
     |
6347 -         let Ok(entries) = std::fs::read_dir(path) else {
6347 +         let Ok(entries) = fs::read_dir(path) else {
     |

warning: unnecessary qualification
    --> crates/local-service/src/builtin/discovery_search.rs:6359:21
     |
6359 |                     std::fs::symlink_metadata(entry.path())
     |                     ^^^^^^^^^^^^^^^^^^^^^^^^^
     |
help: remove the unnecessary path segments
     |
6359 -                     std::fs::symlink_metadata(entry.path())
6359 +                     fs::symlink_metadata(entry.path())
     |

warning: unnecessary qualification
    --> crates/local-service/src/builtin/discovery_search.rs:6361:33
     |
6361 |                         .filter(std::fs::Metadata::is_file)
     |                                 ^^^^^^^^^^^^^^^^^^^^^^^^^^
     |
help: remove the unnecessary path segments
     |
6361 -                         .filter(std::fs::Metadata::is_file)
6361 +                         .filter(fs::Metadata::is_file)
     |

warning: unnecessary qualification
    --> crates/local-service/src/builtin/discovery_search.rs:6448:28
     |
6448 |         let journal_path = std::path::PathBuf::from(
     |                            ^^^^^^^^^^^^^^^^^^^^^^^^
     |
help: remove the unnecessary path segments
     |
6448 -         let journal_path = std::path::PathBuf::from(
6448 +         let journal_path = PathBuf::from(
     |

warning: unnecessary qualification
    --> crates/local-service/src/builtin/discovery_search.rs:6452:27
     |
6452 |         let labels_path = std::path::PathBuf::from(
     |                           ^^^^^^^^^^^^^^^^^^^^^^^^
     |
help: remove the unnecessary path segments
     |
6452 -         let labels_path = std::path::PathBuf::from(
6452 +         let labels_path = PathBuf::from(
     |

warning: unnecessary qualification
    --> crates/local-service/src/builtin/discovery_search.rs:6456:26
     |
6456 |         let cache_root = std::path::PathBuf::from(
     |                          ^^^^^^^^^^^^^^^^^^^^^^^^
     |
help: remove the unnecessary path segments
     |
6456 -         let cache_root = std::path::PathBuf::from(
6456 +         let cache_root = PathBuf::from(
     |

warning: unnecessary qualification
    --> crates/local-service/src/builtin/discovery_search.rs:6460:27
     |
6460 |         let report_path = std::path::PathBuf::from(
     |                           ^^^^^^^^^^^^^^^^^^^^^^^^
     |
help: remove the unnecessary path segments
     |
6460 -         let report_path = std::path::PathBuf::from(
6460 +         let report_path = PathBuf::from(
     |

warning: unnecessary qualification
    --> crates/local-service/src/builtin/discovery_search.rs:6468:32
     |
6468 |         let executable_bytes = std::fs::metadata(&executable_path)
     |                                ^^^^^^^^^^^^^^^^^
     |
help: remove the unnecessary path segments
     |
6468 -         let executable_bytes = std::fs::metadata(&executable_path)
6468 +         let executable_bytes = fs::metadata(&executable_path)
     |

warning: unnecessary qualification
    --> crates/local-service/src/builtin/discovery_search.rs:6472:13
     |
6472 |             std::path::PathBuf::from(env!("CARGO_MANIFEST_DIR")).join("../../Cargo.lock");
     |             ^^^^^^^^^^^^^^^^^^^^^^^^
     |
help: remove the unnecessary path segments
     |
6472 -             std::path::PathBuf::from(env!("CARGO_MANIFEST_DIR")).join("../../Cargo.lock");
6472 +             PathBuf::from(env!("CARGO_MANIFEST_DIR")).join("../../Cargo.lock");
     |

warning: unnecessary qualification
    --> crates/local-service/src/builtin/discovery_search.rs:6479:29
     |
6479 |         let journal_bytes = std::fs::read(&journal_path).expect("read pinned journal copy");
     |                             ^^^^^^^^^^^^^
     |
help: remove the unnecessary path segments
     |
6479 -         let journal_bytes = std::fs::read(&journal_path).expect("read pinned journal copy");
6479 +         let journal_bytes = fs::read(&journal_path).expect("read pinned journal copy");
     |

warning: unnecessary qualification
    --> crates/local-service/src/builtin/discovery_search.rs:6492:28
     |
6492 |         let labels_bytes = std::fs::read(&labels_path).expect("read independent query labels");
     |                            ^^^^^^^^^^^^^
     |
help: remove the unnecessary path segments
     |
6492 -         let labels_bytes = std::fs::read(&labels_path).expect("read independent query labels");
6492 +         let labels_bytes = fs::read(&labels_path).expect("read independent query labels");
     |

warning: unnecessary qualification
    --> crates/local-service/src/builtin/discovery_search.rs:6804:13
     |
6804 |             std::fs::create_dir_all(parent).expect("create benchmark report directory");
     |             ^^^^^^^^^^^^^^^^^^^^^^^
     |
help: remove the unnecessary path segments
     |
6804 -             std::fs::create_dir_all(parent).expect("create benchmark report directory");
6804 +             fs::create_dir_all(parent).expect("create benchmark report directory");
     |

warning: unnecessary qualification
    --> crates/local-service/src/builtin/discovery_search.rs:6806:9
     |
6806 |         std::fs::write(
     |         ^^^^^^^^^^^^^^
     |
help: remove the unnecessary path segments
     |
6806 -         std::fs::write(
6806 +         fs::write(
     |

warning: unnecessary qualification
    --> crates/local-service/src/builtin/discovery_search.rs:7798:17
     |
7798 |         let _ = std::fs::remove_file(&path);
     |                 ^^^^^^^^^^^^^^^^^^^^
     |
help: remove the unnecessary path segments
     |
7798 -         let _ = std::fs::remove_file(&path);
7798 +         let _ = fs::remove_file(&path);
     |

warning: unnecessary qualification
    --> crates/local-service/src/builtin/discovery_search.rs:7799:17
     |
7799 |         let _ = std::fs::remove_file(path.with_extension("journal.lock"));
     |                 ^^^^^^^^^^^^^^^^^^^^
     |
help: remove the unnecessary path segments
     |
7799 -         let _ = std::fs::remove_file(path.with_extension("journal.lock"));
7799 +         let _ = fs::remove_file(path.with_extension("journal.lock"));
     |

warning: unnecessary qualification
    --> crates/local-service/src/builtin/discovery_search.rs:7894:17
     |
7894 |         let _ = std::fs::remove_file(&path);
     |                 ^^^^^^^^^^^^^^^^^^^^
     |
help: remove the unnecessary path segments
     |
7894 -         let _ = std::fs::remove_file(&path);
7894 +         let _ = fs::remove_file(&path);
     |

warning: unnecessary qualification
    --> crates/local-service/src/builtin/discovery_search.rs:7895:17
     |
7895 |         let _ = std::fs::remove_file(path.with_extension("journal.lock"));
     |                 ^^^^^^^^^^^^^^^^^^^^
     |
help: remove the unnecessary path segments
     |
7895 -         let _ = std::fs::remove_file(path.with_extension("journal.lock"));
7895 +         let _ = fs::remove_file(path.with_extension("journal.lock"));
     |

warning: unnecessary qualification
    --> crates/local-service/src/builtin/discovery_search.rs:8043:17
     |
8043 |         let _ = std::fs::remove_file(&path);
     |                 ^^^^^^^^^^^^^^^^^^^^
     |
help: remove the unnecessary path segments
     |
8043 -         let _ = std::fs::remove_file(&path);
8043 +         let _ = fs::remove_file(&path);
     |

warning: unnecessary qualification
    --> crates/local-service/src/builtin/discovery_search.rs:8044:17
     |
8044 |         let _ = std::fs::remove_file(path.with_extension("journal.lock"));
     |                 ^^^^^^^^^^^^^^^^^^^^
     |
help: remove the unnecessary path segments
     |
8044 -         let _ = std::fs::remove_file(path.with_extension("journal.lock"));
8044 +         let _ = fs::remove_file(path.with_extension("journal.lock"));
     |

warning: unnecessary qualification
    --> crates/local-service/src/builtin/discovery_search.rs:8047:17
     |
8047 |         let _ = std::fs::remove_file(std::path::PathBuf::from(lock_path));
     |                 ^^^^^^^^^^^^^^^^^^^^
     |
help: remove the unnecessary path segments
     |
8047 -         let _ = std::fs::remove_file(std::path::PathBuf::from(lock_path));
8047 +         let _ = fs::remove_file(std::path::PathBuf::from(lock_path));
     |

warning: unnecessary qualification
    --> crates/local-service/src/builtin/discovery_search.rs:8047:38
     |
8047 |         let _ = std::fs::remove_file(std::path::PathBuf::from(lock_path));
     |                                      ^^^^^^^^^^^^^^^^^^^^^^^^
     |
help: remove the unnecessary path segments
     |
8047 -         let _ = std::fs::remove_file(std::path::PathBuf::from(lock_path));
8047 +         let _ = std::fs::remove_file(PathBuf::from(lock_path));
     |

warning: unnecessary qualification
    --> crates/local-service/src/builtin/discovery_search.rs:8216:17
     |
8216 |         let _ = std::fs::remove_file(&path);
     |                 ^^^^^^^^^^^^^^^^^^^^
     |
help: remove the unnecessary path segments
     |
8216 -         let _ = std::fs::remove_file(&path);
8216 +         let _ = fs::remove_file(&path);
     |

warning: unnecessary qualification
    --> crates/local-service/src/builtin/discovery_search.rs:8217:17
     |
8217 |         let _ = std::fs::remove_file(path.with_extension("journal.lock"));
     |                 ^^^^^^^^^^^^^^^^^^^^
     |
help: remove the unnecessary path segments
     |
8217 -         let _ = std::fs::remove_file(path.with_extension("journal.lock"));
8217 +         let _ = fs::remove_file(path.with_extension("journal.lock"));
     |

warning: unnecessary qualification
    --> crates/local-service/src/builtin/discovery_search.rs:8305:9
     |
8305 |         std::fs::write(
     |         ^^^^^^^^^^^^^^
     |
help: remove the unnecessary path segments
     |
8305 -         std::fs::write(
8305 +         fs::write(
     |

warning: unnecessary qualification
    --> crates/local-service/src/builtin/discovery_search.rs:8313:9
     |
8313 |         std::fs::create_dir(&incomplete).expect("simulated interrupted build");
     |         ^^^^^^^^^^^^^^^^^^^
     |
help: remove the unnecessary path segments
     |
8313 -         std::fs::create_dir(&incomplete).expect("simulated interrupted build");
8313 +         fs::create_dir(&incomplete).expect("simulated interrupted build");
     |

warning: unnecessary qualification
    --> crates/local-service/src/builtin/discovery_search.rs:8338:17
     |
8338 |         let _ = std::fs::remove_dir_all(cache);
     |                 ^^^^^^^^^^^^^^^^^^^^^^^
     |
help: remove the unnecessary path segments
     |
8338 -         let _ = std::fs::remove_dir_all(cache);
8338 +         let _ = fs::remove_dir_all(cache);
     |

warning: unnecessary qualification
    --> crates/local-service/src/builtin/discovery_search.rs:8412:17
     |
8412 |         let _ = std::fs::remove_dir_all(cache);
     |                 ^^^^^^^^^^^^^^^^^^^^^^^
     |
help: remove the unnecessary path segments
     |
8412 -         let _ = std::fs::remove_dir_all(cache);
8412 +         let _ = fs::remove_dir_all(cache);
     |

warning: unnecessary qualification
    --> crates/local-service/src/builtin/discovery_search.rs:8507:9
     |
8507 |         std::fs::set_permissions(&latest_root, std::fs::Permissions::from_mode(0o000))
     |         ^^^^^^^^^^^^^^^^^^^^^^^^
     |
help: remove the unnecessary path segments
     |
8507 -         std::fs::set_permissions(&latest_root, std::fs::Permissions::from_mode(0o000))
8507 +         fs::set_permissions(&latest_root, std::fs::Permissions::from_mode(0o000))
     |

warning: unnecessary qualification
    --> crates/local-service/src/builtin/discovery_search.rs:8507:48
     |
8507 |         std::fs::set_permissions(&latest_root, std::fs::Permissions::from_mode(0o000))
     |                                                ^^^^^^^^^^^^^^^^^^^^^^^^^^^^^^^
     |
help: remove the unnecessary path segments
     |
8507 -         std::fs::set_permissions(&latest_root, std::fs::Permissions::from_mode(0o000))
8507 +         std::fs::set_permissions(&latest_root, fs::Permissions::from_mode(0o000))
     |

warning: unnecessary qualification
    --> crates/local-service/src/builtin/discovery_search.rs:8514:9
     |
8514 |         std::fs::set_permissions(&latest_root, std::fs::Permissions::from_mode(0o700))
     |         ^^^^^^^^^^^^^^^^^^^^^^^^
     |
help: remove the unnecessary path segments
     |
8514 -         std::fs::set_permissions(&latest_root, std::fs::Permissions::from_mode(0o700))
8514 +         fs::set_permissions(&latest_root, std::fs::Permissions::from_mode(0o700))
     |

warning: unnecessary qualification
    --> crates/local-service/src/builtin/discovery_search.rs:8514:48
     |
8514 |         std::fs::set_permissions(&latest_root, std::fs::Permissions::from_mode(0o700))
     |                                                ^^^^^^^^^^^^^^^^^^^^^^^^^^^^^^^
     |
help: remove the unnecessary path segments
     |
8514 -         std::fs::set_permissions(&latest_root, std::fs::Permissions::from_mode(0o700))
8514 +         std::fs::set_permissions(&latest_root, fs::Permissions::from_mode(0o700))
     |

warning: unnecessary qualification
    --> crates/local-service/src/builtin/discovery_search.rs:8531:9
     |
8531 |         std::fs::write(&external, b"outside bytes remain unchanged").expect("sentinel");
     |         ^^^^^^^^^^^^^^
     |
help: remove the unnecessary path segments
     |
8531 -         std::fs::write(&external, b"outside bytes remain unchanged").expect("sentinel");
8531 +         fs::write(&external, b"outside bytes remain unchanged").expect("sentinel");
     |

warning: unnecessary qualification
    --> crates/local-service/src/builtin/discovery_search.rs:8533:9
     |
8533 |         std::fs::remove_file(&manifest).expect("remove selected manifest");
     |         ^^^^^^^^^^^^^^^^^^^^
     |
help: remove the unnecessary path segments
     |
8533 -         std::fs::remove_file(&manifest).expect("remove selected manifest");
8533 +         fs::remove_file(&manifest).expect("remove selected manifest");
     |

warning: unnecessary qualification
    --> crates/local-service/src/builtin/discovery_search.rs:8554:13
     |
8554 |             std::fs::symlink_metadata(&manifest)
     |             ^^^^^^^^^^^^^^^^^^^^^^^^^
     |
help: remove the unnecessary path segments
     |
8554 -             std::fs::symlink_metadata(&manifest)
8554 +             fs::symlink_metadata(&manifest)
     |

warning: unnecessary qualification
    --> crates/local-service/src/builtin/discovery_search.rs:8561:13
     |
8561 |             std::fs::read(&external).expect("external target remains unchanged after refusal"),
     |             ^^^^^^^^^^^^^
     |
help: remove the unnecessary path segments
     |
8561 -             std::fs::read(&external).expect("external target remains unchanged after refusal"),
8561 +             fs::read(&external).expect("external target remains unchanged after refusal"),
     |

warning: unnecessary qualification
    --> crates/local-service/src/builtin/discovery_search.rs:8586:13
     |
8586 |             std::fs::read(&external).expect("external target remains readable"),
     |             ^^^^^^^^^^^^^
     |
help: remove the unnecessary path segments
     |
8586 -             std::fs::read(&external).expect("external target remains readable"),
8586 +             fs::read(&external).expect("external target remains readable"),
     |

warning: unnecessary qualification
    --> crates/local-service/src/builtin/discovery_search.rs:8605:17
     |
8605 |         let _ = std::fs::remove_dir_all(cache);
     |                 ^^^^^^^^^^^^^^^^^^^^^^^
     |
help: remove the unnecessary path segments
     |
8605 -         let _ = std::fs::remove_dir_all(cache);
8605 +         let _ = fs::remove_dir_all(cache);
     |

warning: unnecessary qualification
    --> crates/local-service/src/builtin/discovery_search.rs:9413:17
     |
9413 |         let _ = std::fs::remove_file(&path);
     |                 ^^^^^^^^^^^^^^^^^^^^
     |
help: remove the unnecessary path segments
     |
9413 -         let _ = std::fs::remove_file(&path);
9413 +         let _ = fs::remove_file(&path);
     |

warning: unnecessary qualification
    --> crates/local-service/src/builtin/discovery_search.rs:9416:17
     |
9416 |         let _ = std::fs::remove_file(std::path::PathBuf::from(lock_path));
     |                 ^^^^^^^^^^^^^^^^^^^^
     |
help: remove the unnecessary path segments
     |
9416 -         let _ = std::fs::remove_file(std::path::PathBuf::from(lock_path));
9416 +         let _ = fs::remove_file(std::path::PathBuf::from(lock_path));
     |

warning: unnecessary qualification
    --> crates/local-service/src/builtin/discovery_search.rs:9416:38
     |
9416 |         let _ = std::fs::remove_file(std::path::PathBuf::from(lock_path));
     |                                      ^^^^^^^^^^^^^^^^^^^^^^^^
     |
help: remove the unnecessary path segments
     |
9416 -         let _ = std::fs::remove_file(std::path::PathBuf::from(lock_path));
9416 +         let _ = std::fs::remove_file(PathBuf::from(lock_path));
     |

warning: unnecessary qualification
    --> crates/local-service/src/builtin/discovery_search.rs:9473:42
     |
9473 |         let store = DiscoveryStore::open(std::path::PathBuf::from(journal))
     |                                          ^^^^^^^^^^^^^^^^^^^^^^^^
     |
help: remove the unnecessary path segments
     |
9473 -         let store = DiscoveryStore::open(std::path::PathBuf::from(journal))
9473 +         let store = DiscoveryStore::open(PathBuf::from(journal))
     |

warning: unnecessary qualification
   --> crates/local-service/src/builtin/product_state.rs:281:37
    |
281 |                     .unwrap_or_else(backend_engine::AdvisoryPackageDto::unknown);
    |                                     ^^^^^^^^^^^^^^^^^^^^^^^^^^^^^^^^^^^^^^^^^^^
    |
help: remove the unnecessary path segments
    |
281 -                     .unwrap_or_else(backend_engine::AdvisoryPackageDto::unknown);
281 +                     .unwrap_or_else(AdvisoryPackageDto::unknown);
    |

warning: unnecessary qualification
    --> crates/local-service/src/builtin/product_state.rs:1788:20
     |
1788 |     let metadata = backend_library::ForgeRepositoryMetadataRecord {
     |                    ^^^^^^^^^^^^^^^^^^^^^^^^^^^^^^^^^^^^^^^^^^^^^^
     |
help: remove the unnecessary path segments
     |
1788 -     let metadata = backend_library::ForgeRepositoryMetadataRecord {
1788 +     let metadata = ForgeRepositoryMetadataRecord {
     |

warning: unnecessary qualification
    --> crates/local-service/src/builtin/product_state.rs:2761:31
     |
2761 |         continuation: Option<&super::discovery_search::SearchContinuation>,
     |                               ^^^^^^^^^^^^^^^^^^^^^^^^^^^^^^^^^^^^^^^^^^^
     |
help: remove the unnecessary path segments
     |
2761 -         continuation: Option<&super::discovery_search::SearchContinuation>,
2761 +         continuation: Option<&SearchContinuation>,
     |

warning: unnecessary qualification
    --> crates/local-service/src/builtin/product_state.rs:4647:13
     |
4647 |             backend_engine::ProductPackageCoordinate::parse("pkg:cargo/needle@1.0.0")
     |             ^^^^^^^^^^^^^^^^^^^^^^^^^^^^^^^^^^^^^^^^^^^^^^^
     |
help: remove the unnecessary path segments
     |
4647 -             backend_engine::ProductPackageCoordinate::parse("pkg:cargo/needle@1.0.0")
4647 +             ProductPackageCoordinate::parse("pkg:cargo/needle@1.0.0")
     |

warning: unnecessary qualification
    --> crates/local-service/src/builtin/product_state.rs:4761:38
     |
4761 |                     if group.kind == backend_library::RegistrySearchGroupKind::Discovered =>
     |                                      ^^^^^^^^^^^^^^^^^^^^^^^^^^^^^^^^^^^^^^^^^^^^^^^^^^^^
     |
help: remove the unnecessary path segments
     |
4761 -                     if group.kind == backend_library::RegistrySearchGroupKind::Discovered =>
4761 +                     if group.kind == RegistrySearchGroupKind::Discovered =>
     |

warning: unnecessary qualification
    --> crates/local-service/src/builtin/product_state.rs:4785:38
     |
4785 |                     if group.kind == backend_library::RegistrySearchGroupKind::Acquired =>
     |                                      ^^^^^^^^^^^^^^^^^^^^^^^^^^^^^^^^^^^^^^^^^^^^^^^^^^
     |
help: remove the unnecessary path segments
     |
4785 -                     if group.kind == backend_library::RegistrySearchGroupKind::Acquired =>
4785 +                     if group.kind == RegistrySearchGroupKind::Acquired =>
     |

warning: unnecessary qualification
    --> crates/local-service/src/builtin/product_state.rs:4967:17
     |
4967 |                 backend_library::RegistrySearchGroupKind::Acquired
     |                 ^^^^^^^^^^^^^^^^^^^^^^^^^^^^^^^^^^^^^^^^^^^^^^^^^^
     |
help: remove the unnecessary path segments
     |
4967 -                 backend_library::RegistrySearchGroupKind::Acquired
4967 +                 RegistrySearchGroupKind::Acquired
     |

warning: unnecessary qualification
    --> crates/local-service/src/builtin/product_state.rs:4995:13
     |
4995 |             backend_engine::ProductPackageCoordinate::parse("pkg:cargo/rare-needle@2.0.0")
     |             ^^^^^^^^^^^^^^^^^^^^^^^^^^^^^^^^^^^^^^^^^^^^^^^
     |
help: remove the unnecessary path segments
     |
4995 -             backend_engine::ProductPackageCoordinate::parse("pkg:cargo/rare-needle@2.0.0")
4995 +             ProductPackageCoordinate::parse("pkg:cargo/rare-needle@2.0.0")
     |

warning: unnecessary qualification
    --> crates/local-service/src/builtin/product_state.rs:5126:25
     |
5126 |             coordinate: backend_engine::ProductPackageCoordinate::parse(format!(
     |                         ^^^^^^^^^^^^^^^^^^^^^^^^^^^^^^^^^^^^^^^^^^^^^^^
     |
help: remove the unnecessary path segments
     |
5126 -             coordinate: backend_engine::ProductPackageCoordinate::parse(format!(
5126 +             coordinate: ProductPackageCoordinate::parse(format!(
     |

warning: unnecessary qualification
    --> crates/local-service/src/query/remote.rs:1962:21
     |
1962 |         let stamp = std::time::SystemTime::now()
     |                     ^^^^^^^^^^^^^^^^^^^^^^^^^^
     |
help: remove the unnecessary path segments
     |
1962 -         let stamp = std::time::SystemTime::now()
1962 +         let stamp = SystemTime::now()
     |

warning: unnecessary qualification
    --> crates/local-service/src/query/remote.rs:1963:29
     |
1963 |             .duration_since(std::time::UNIX_EPOCH)
     |                             ^^^^^^^^^^^^^^^^^^^^^
     |
help: remove the unnecessary path segments
     |
1963 -             .duration_since(std::time::UNIX_EPOCH)
1963 +             .duration_since(UNIX_EPOCH)
     |

warning: unnecessary qualification
    --> crates/local-service/src/query/remote.rs:2036:21
     |
2036 |         let stamp = std::time::SystemTime::now()
     |                     ^^^^^^^^^^^^^^^^^^^^^^^^^^
     |
help: remove the unnecessary path segments
     |
2036 -         let stamp = std::time::SystemTime::now()
2036 +         let stamp = SystemTime::now()
     |

warning: unnecessary qualification
    --> crates/local-service/src/query/remote.rs:2037:29
     |
2037 |             .duration_since(std::time::UNIX_EPOCH)
     |                             ^^^^^^^^^^^^^^^^^^^^^
     |
help: remove the unnecessary path segments
     |
2037 -             .duration_since(std::time::UNIX_EPOCH)
2037 +             .duration_since(UNIX_EPOCH)
     |

warning: unnecessary qualification
    --> crates/local-service/src/query/remote.rs:2205:21
     |
2205 |         let stamp = std::time::SystemTime::now()
     |                     ^^^^^^^^^^^^^^^^^^^^^^^^^^
     |
help: remove the unnecessary path segments
     |
2205 -         let stamp = std::time::SystemTime::now()
2205 +         let stamp = SystemTime::now()
     |

warning: unnecessary qualification
    --> crates/local-service/src/query/remote.rs:2206:29
     |
2206 |             .duration_since(std::time::UNIX_EPOCH)
     |                             ^^^^^^^^^^^^^^^^^^^^^
     |
help: remove the unnecessary path segments
     |
2206 -             .duration_since(std::time::UNIX_EPOCH)
2206 +             .duration_since(UNIX_EPOCH)
     |

warning: unnecessary qualification
   --> crates/local-service/src/query/tests.rs:171:9
    |
171 |         backend_engine::RowId::Symbol(backend_engine::symbol_key("alpha::prefix")).stable_key();
    |         ^^^^^^^^^^^^^^^^^^^^^^^^^^^^^
    |
help: remove the unnecessary path segments
    |
171 -         backend_engine::RowId::Symbol(backend_engine::symbol_key("alpha::prefix")).stable_key();
171 +         RowId::Symbol(backend_engine::symbol_key("alpha::prefix")).stable_key();
    |

warning: unnecessary qualification
   --> crates/local-service/src/query/tests.rs:185:9
    |
185 |         backend_engine::RowId::Symbol(backend_engine::symbol_key("nowhere::stray")).stable_key();
    |         ^^^^^^^^^^^^^^^^^^^^^^^^^^^^^
    |
help: remove the unnecessary path segments
    |
185 -         backend_engine::RowId::Symbol(backend_engine::symbol_key("nowhere::stray")).stable_key();
185 +         RowId::Symbol(backend_engine::symbol_key("nowhere::stray")).stable_key();
    |

warning: unnecessary qualification
   --> crates/local-service/src/builtin.rs:977:28
    |
977 |     filesystem_workspace: &std::path::Path,
    |                            ^^^^^^^^^^^^^^^
    |
help: remove the unnecessary path segments
    |
977 -     filesystem_workspace: &std::path::Path,
977 +     filesystem_workspace: &Path,
    |

warning: unnecessary qualification
    --> crates/local-service/src/builtin.rs:1013:28
     |
1013 |     filesystem_workspace: &std::path::Path,
     |                            ^^^^^^^^^^^^^^^
     |
help: remove the unnecessary path segments
     |
1013 -     filesystem_workspace: &std::path::Path,
1013 +     filesystem_workspace: &Path,
     |

warning: unnecessary qualification
    --> crates/local-service/src/builtin.rs:1095:28
     |
1095 |     filesystem_workspace: &std::path::Path,
     |                            ^^^^^^^^^^^^^^^
     |
help: remove the unnecessary path segments
     |
1095 -     filesystem_workspace: &std::path::Path,
1095 +     filesystem_workspace: &Path,
     |

warning: unnecessary qualification
    --> crates/local-service/src/builtin.rs:2528:9
     |
2528 |         std::thread::sleep(Duration::from_millis(20));
     |         ^^^^^^^^^^^^^^^^^^
     |
help: remove the unnecessary path segments
     |
2528 -         std::thread::sleep(Duration::from_millis(20));
2528 +         thread::sleep(Duration::from_millis(20));
     |

warning: unnecessary qualification
    --> crates/local-service/src/builtin.rs:2541:25
     |
2541 |                     Err(std::sync::mpsc::TryRecvError::Empty)
     |                         ^^^^^^^^^^^^^^^^^^^^^^^^^^^^^^^^^^^^
     |
help: remove the unnecessary path segments
     |
2541 -                     Err(std::sync::mpsc::TryRecvError::Empty)
2541 +                     Err(TryRecvError::Empty)
     |

warning: unnecessary qualification
    --> crates/local-service/src/builtin.rs:2602:9
     |
2602 |         std::thread::sleep(Duration::from_millis(120));
     |         ^^^^^^^^^^^^^^^^^^
     |
help: remove the unnecessary path segments
     |
2602 -         std::thread::sleep(Duration::from_millis(120));
2602 +         thread::sleep(Duration::from_millis(120));
     |

warning: unnecessary qualification
   --> crates/local-service/src/cluster_owner.rs:510:31
    |
510 |         let remaining_names = std::fs::read_dir(&scratch.0)
    |                               ^^^^^^^^^^^^^^^^^
    |
help: remove the unnecessary path segments
    |
510 -         let remaining_names = std::fs::read_dir(&scratch.0)
510 +         let remaining_names = fs::read_dir(&scratch.0)
    |

warning: unnecessary qualification
    --> crates/local-service/src/discovery.rs:2338:13
     |
2338 |             std::time::SystemTime::now()
     |             ^^^^^^^^^^^^^^^^^^^^^^^^^^
     |
help: remove the unnecessary path segments
     |
2338 -             std::time::SystemTime::now()
2338 +             SystemTime::now()
     |

warning: unnecessary qualification
    --> crates/local-service/src/discovery.rs:2339:33
     |
2339 |                 .duration_since(std::time::UNIX_EPOCH)
     |                                 ^^^^^^^^^^^^^^^^^^^^^
     |
help: remove the unnecessary path segments
     |
2339 -                 .duration_since(std::time::UNIX_EPOCH)
2339 +                 .duration_since(UNIX_EPOCH)
     |

warning: unnecessary qualification
    --> crates/local-service/src/discovery.rs:2506:22
     |
2506 |         let server = std::thread::spawn(move || {
     |                      ^^^^^^^^^^^^^^^^^^
     |
help: remove the unnecessary path segments
     |
2506 -         let server = std::thread::spawn(move || {
2506 +         let server = thread::spawn(move || {
     |

warning: unnecessary qualification
    --> crates/local-service/src/discovery.rs:2714:26
     |
2714 |         let mut hasher = backend_engine::blake3::Hasher::new();
     |                          ^^^^^^^^^^^^^^^^^^^^^^^^^^^^^^^^^^^
     |
help: remove the unnecessary path segments
     |
2714 -         let mut hasher = backend_engine::blake3::Hasher::new();
2714 +         let mut hasher = blake3::Hasher::new();
     |

warning: unnecessary qualification
    --> crates/local-service/src/listener.rs:1861:23
     |
1861 |             shutdown: super::ListenerShutdown,
     |                       ^^^^^^^^^^^^^^^^^^^^^^^
     |
help: remove the unnecessary path segments
     |
1861 -             shutdown: super::ListenerShutdown,
1861 +             shutdown: ListenerShutdown,
     |

warning: unnecessary qualification
    --> crates/local-service/src/listener.rs:1862:28
     |
1862 |             worker: Option<thread::JoinHandle<Result<usize, super::ListenerError>>>,
     |                            ^^^^^^^^^^^^^^^^^^^^^^^^^^^^^^^^^^^^^^^^^^^^^^^^^^^^^^^
     |
help: remove the unnecessary path segments
     |
1862 -             worker: Option<thread::JoinHandle<Result<usize, super::ListenerError>>>,
1862 +             worker: Option<JoinHandle<Result<usize, super::ListenerError>>>,
     |

warning: unnecessary qualification
    --> crates/local-service/src/listener.rs:1862:61
     |
1862 |             worker: Option<thread::JoinHandle<Result<usize, super::ListenerError>>>,
     |                                                             ^^^^^^^^^^^^^^^^^^^^
     |
help: remove the unnecessary path segments
     |
1862 -             worker: Option<thread::JoinHandle<Result<usize, super::ListenerError>>>,
1862 +             worker: Option<thread::JoinHandle<Result<usize, ListenerError>>>,
     |

warning: unnecessary qualification
    --> crates/local-service/src/listener.rs:1913:30
     |
1913 |                 .is_some_and(thread::JoinHandle::is_finished),
     |                              ^^^^^^^^^^^^^^^^^^^^^^^^^^^^^^^
     |
help: remove the unnecessary path segments
     |
1913 -                 .is_some_and(thread::JoinHandle::is_finished),
1913 +                 .is_some_and(JoinHandle::is_finished),
     |

warning: unnecessary qualification
    --> crates/local-service/src/listener.rs:1941:30
     |
1941 |                 .is_some_and(thread::JoinHandle::is_finished)
     |                              ^^^^^^^^^^^^^^^^^^^^^^^^^^^^^^^
     |
help: remove the unnecessary path segments
     |
1941 -                 .is_some_and(thread::JoinHandle::is_finished)
1941 +                 .is_some_and(JoinHandle::is_finished)
     |

warning: unnecessary qualification
    --> crates/local-service/src/listener.rs:1949:30
     |
1949 |                 .is_some_and(thread::JoinHandle::is_finished),
     |                              ^^^^^^^^^^^^^^^^^^^^^^^^^^^^^^^
     |
help: remove the unnecessary path segments
     |
1949 -                 .is_some_and(thread::JoinHandle::is_finished),
1949 +                 .is_some_and(JoinHandle::is_finished),
     |

warning: unnecessary qualification
  --> crates/local-service/src/service/tests.rs:44:47
   |
44 |     let request = EngineRequest::Subscription(backend_engine::LocalSubscriptionRequest {
   |                                               ^^^^^^^^^^^^^^^^^^^^^^^^^^^^^^^^^^^^^^^^
   |
help: remove the unnecessary path segments
   |
44 -     let request = EngineRequest::Subscription(backend_engine::LocalSubscriptionRequest {
44 +     let request = EngineRequest::Subscription(LocalSubscriptionRequest {
   |

warning: variable does not need to be mutable
    --> crates/local-service/src/builtin/profile.rs:1310:13
     |
1310 |         let mut intent = Self::new_with_version(
     |             ----^^^^^^
     |             |
     |             help: remove this `mut`
     |
     = note: `#[warn(unused_mut)]` (part of `#[warn(unused)]`) on by default

warning: unused variable: `capture_relation`
   --> crates/local-service/src/builtin/view_build/semantic.rs:543:9
    |
543 |     let capture_relation = semantic_capture_relation(snapshot)
    |         ^^^^^^^^^^^^^^^^ help: if this is intentional, prefix it with an underscore: `_capture_relation`
    |
    = note: `#[warn(unused_variables)]` (part of `#[warn(unused)]`) on by default

warning: unused variable: `frontier`
    --> crates/local-service/src/builtin/view_publish.rs:1089:13
     |
1089 |         let frontier =
     |             ^^^^^^^^ help: if this is intentional, prefix it with an underscore: `_frontier`

warning: variable does not need to be mutable
    --> crates/local-service/src/builtin/commands/adapter.rs:1889:17
     |
1889 |             let mut terminal;
     |                 ----^^^^^^^^
     |                 |
     |                 help: remove this `mut`

warning: function `scan_project_with_policy` is never used
    --> crates/local-service/src/builtin/ingest.rs:1409:15
     |
1409 | pub(super) fn scan_project_with_policy(
     |               ^^^^^^^^^^^^^^^^^^^^^^^^
     |
     = note: `#[warn(dead_code)]` (part of `#[warn(unused)]`) on by default

warning: function `compiler_languages` is never used
    --> crates/local-service/src/builtin/ingest.rs:1998:4
     |
1998 | fn compiler_languages() -> [Language; 7] {
     |    ^^^^^^^^^^^^^^^^^^

warning: associated items `remove_project_with_semantics` and `with_capture_changes` are never used
    --> crates/local-service/src/builtin/profile.rs:700:19
     |
 603 | impl BuiltinIntent {
     | ------------------ associated items in this implementation
...
 700 |     pub(super) fn remove_project_with_semantics(
     |                   ^^^^^^^^^^^^^^^^^^^^^^^^^^^^^
...
1099 |     pub(super) fn with_capture_changes(
     |                   ^^^^^^^^^^^^^^^^^^^^

warning: variant `NotConfigured` is never constructed
   --> crates/local-service/src/builtin/cluster_dispatch.rs:510:5
    |
496 | pub(crate) enum ClusterDispatchError {
    |                 -------------------- variant in this enum
...
510 |     NotConfigured,
    |     ^^^^^^^^^^^^^
    |
    = note: `ClusterDispatchError` has a derived impl for the trait `Debug`, but this is intentionally ignored during dead code analysis

warning: fields `namespace_id`, `worker_address`, `worker_grant`, and `stored` are never read
   --> crates/local-service/src/builtin/cluster_dispatch.rs:883:16
    |
881 | pub(crate) struct PendingStoredCompilerResult {
    |                   --------------------------- fields in this struct
882 |     pub(crate) assignment: CompilerAssignment,
883 |     pub(crate) namespace_id: [u8; 16],
    |                ^^^^^^^^^^^^
884 |     pub(crate) worker_address: EndpointAddr,
    |                ^^^^^^^^^^^^^^
885 |     pub(crate) worker_grant: TrustedCompilerWorkerGrant,
    |                ^^^^^^^^^^^^
886 |     pub(crate) stored: backend_engine::compiler_cluster_transport::StoredRemoteCompilerResult,
    |                ^^^^^^
    |
    = note: `PendingStoredCompilerResult` has derived impls for the traits `Debug` and `Clone`, but these are intentionally ignored during dead code analysis

warning: fields `worker_incarnation`, `capacity_revision`, `input_objects`, `have_objects`, and `have_payload_bytes` are never read
    --> crates/local-service/src/builtin/cluster_dispatch.rs:1010:9
     |
1000 | pub(crate) struct OwnerRemoteCompilerProbeMeasurements {
     |                   ------------------------------------ fields in this struct
...
1010 |     pub worker_incarnation: [u8; 32],
     |         ^^^^^^^^^^^^^^^^^^
1011 |     /// Capacity revision returned by the current worker snapshot.
1012 |     pub capacity_revision: [u8; 16],
     |         ^^^^^^^^^^^^^^^^^
1013 |     /// Owner-verified input closure inventory member count.
1014 |     pub input_objects: u32,
     |         ^^^^^^^^^^^^^
...
1018 |     pub have_objects: u32,
     |         ^^^^^^^^^^^^
1019 |     /// Exact bytes already present in worker CAS.
1020 |     pub have_payload_bytes: u64,
     |         ^^^^^^^^^^^^^^^^^^
     |
     = note: `OwnerRemoteCompilerProbeMeasurements` has derived impls for the traits `Debug` and `Clone`, but these are intentionally ignored during dead code analysis

warning: field `evidence` is never read
    --> crates/local-service/src/builtin/cluster_dispatch.rs:1203:9
     |
1201 |     Remote {
     |     ------ field in this variant
1202 |         assignment: CompilerAssignmentLease,
1203 |         evidence: CompilerDispatchCostEvidence,
     |         ^^^^^^^^

warning: field `evidence` is never read
    --> crates/local-service/src/builtin/cluster_dispatch.rs:1208:9
     |
1206 |     LocalFallback {
     |     ------------- field in this variant
1207 |         reason: CompilerLocalFallbackReason,
1208 |         evidence: CompilerDispatchCostEvidence,
     |         ^^^^^^^^

warning: field `evidence` is never read
    --> crates/local-service/src/builtin/cluster_dispatch.rs:1213:9
     |
1211 |     OfflineUnavailable {
     |     ------------------ field in this variant
1212 |         reason: CompilerLocalFallbackReason,
1213 |         evidence: CompilerDispatchCostEvidence,
     |         ^^^^^^^^

warning: field `deadline_unix_ms` is never read
    --> crates/local-service/src/builtin/cluster_dispatch.rs:1270:5
     |
1264 | pub(crate) struct RecoveredCompilerAssignment {
     |                   --------------------------- field in this struct
...
1270 |     deadline_unix_ms: u64,
     |     ^^^^^^^^^^^^^^^^

warning: methods `assignment`, `namespace_id`, `capture`, `input_admission`, and `worker_grant` are never used
    --> crates/local-service/src/builtin/cluster_dispatch.rs:1276:25
     |
1273 | impl RecoveredCompilerAssignment {
     | -------------------------------- methods in this implementation
...
1276 |     pub(crate) const fn assignment(&self) -> CompilerAssignment {
     |                         ^^^^^^^^^^
...
1282 |     pub(crate) const fn namespace_id(&self) -> [u8; 16] {
     |                         ^^^^^^^^^^^^
...
1288 |     pub(crate) const fn capture(&self) -> &CapturedFullWorkspaceV2 {
     |                         ^^^^^^^
...
1294 |     pub(crate) const fn input_admission(&self) -> &VerifiedCompilerInputAdmission {
     |                         ^^^^^^^^^^^^^^^
...
1300 |     pub(crate) const fn worker_grant(&self) -> &TrustedCompilerWorkerGrant {
     |                         ^^^^^^^^^^^^

warning: field `0` is never read
    --> crates/local-service/src/builtin/cluster_dispatch.rs:1314:13
     |
1314 |     Retired(ControlResultRetired),
     |     ------- ^^^^^^^^^^^^^^^^^^^^
     |     |
     |     field in this variant
     |
help: consider changing the field to be of unit type to suppress this warning while preserving the field numbering, or remove the field
     |
1314 -     Retired(ControlResultRetired),
1314 +     Retired(()),
     |

warning: variant `NoResultMaintenanceUnavailable` is never constructed
    --> crates/local-service/src/builtin/cluster_dispatch.rs:1368:5
     |
1346 | pub(crate) enum CompilerLocalFallbackReason {
     |                 --------------------------- variant in this enum
...
1368 |     NoResultMaintenanceUnavailable,
     |     ^^^^^^^^^^^^^^^^^^^^^^^^^^^^^^
     |
     = note: `CompilerLocalFallbackReason` has derived impls for the traits `Debug` and `Clone`, but these are intentionally ignored during dead code analysis

warning: function `millis_per_mib` is never used
    --> crates/local-service/src/builtin/cluster_dispatch.rs:2187:4
     |
2187 | fn millis_per_mib(elapsed_ms: u64, bytes: u64) -> Option<u64> {
     |    ^^^^^^^^^^^^^^

warning: methods `owner_address`, `acknowledge_stored`, and `reject_unselected_stored` are never used
    --> crates/local-service/src/builtin/cluster_dispatch.rs:2615:19
     |
2436 | impl OwnerCompilerClusterRuntime {
     | -------------------------------- methods in this implementation
...
2615 |     pub(crate) fn owner_address(&self) -> &EndpointAddr {
     |                   ^^^^^^^^^^^^^
...
4486 |     pub(crate) fn acknowledge_stored(
     |                   ^^^^^^^^^^^^^^^^^^
...
4527 |     pub(crate) fn reject_unselected_stored(
     |                   ^^^^^^^^^^^^^^^^^^^^^^^^

warning: methods `journal_id`, `disposition`, `closure_id`, `expected_peer`, `worker_address`, and `scope` are never used
   --> crates/local-service/src/builtin/pending_stored.rs:433:25
    |
431 | impl PreparedResultDisposition {
    | ------------------------------ methods in this implementation
432 |     #[must_use]
433 |     pub(crate) const fn journal_id(self) -> [u8; 32] {
    |                         ^^^^^^^^^^
...
438 |     pub(crate) const fn disposition(
    |                         ^^^^^^^^^^^
...
445 |     pub(crate) const fn closure_id(self) -> [u8; 32] {
    |                         ^^^^^^^^^^
...
450 |     pub(crate) const fn expected_peer(self) -> EndpointId {
    |                         ^^^^^^^^^^^^^
...
455 |     pub(crate) const fn worker_address(self) -> SocketAddr {
    |                         ^^^^^^^^^^^^^^
...
460 |     pub(crate) const fn scope(self) -> AssignmentScope {
    |                         ^^^^^

warning: field `id` is never read
   --> crates/local-service/src/builtin/pending_stored.rs:534:16
    |
533 | pub(crate) struct OfferedReservationClaims {
    |                   ------------------------ field in this struct
534 |     pub(crate) id: [u8; 32],
    |                ^^
    |
    = note: `OfferedReservationClaims` has derived impls for the traits `Debug` and `Clone`, but these are intentionally ignored during dead code analysis

warning: associated items `read_gc_retention_closure_ids` and `pending_ack_count` are never used
    --> crates/local-service/src/builtin/pending_stored.rs:1491:19
     |
1424 | impl PendingStoredAckJournal {
     | ---------------------------- associated items in this implementation
...
1491 |     pub(crate) fn read_gc_retention_closure_ids(
     |                   ^^^^^^^^^^^^^^^^^^^^^^^^^^^^^
...
1657 |     pub(crate) fn pending_ack_count(&self) -> usize {
     |                   ^^^^^^^^^^^^^^^^^

warning: variant `SeekPayload` is never constructed
  --> crates/local-service/src/builtin/s3_publication.rs:92:5
   |
88 | pub(super) enum RemoteHydrationOperation {
   |                 ------------------------ variant in this enum
...
92 |     SeekPayload,
   |     ^^^^^^^^^^^
   |
   = note: `RemoteHydrationOperation` has a derived impl for the trait `Debug`, but this is intentionally ignored during dead code analysis

warning: struct `VerifiedRemoteSegmentSet` is never constructed
   --> crates/local-service/src/builtin/s3_publication.rs:298:19
    |
298 | pub(super) struct VerifiedRemoteSegmentSet {
    |                   ^^^^^^^^^^^^^^^^^^^^^^^^

warning: methods `closure` and `object_ids` are never used
   --> crates/local-service/src/builtin/s3_publication.rs:304:25
    |
303 | impl VerifiedRemoteSegmentSet {
    | ----------------------------- methods in this implementation
304 |     pub(super) const fn closure(&self) -> ClosureId {
    |                         ^^^^^^^
...
308 |     pub(super) fn object_ids(&self) -> &[[u8; 32]] {
    |                   ^^^^^^^^^^

warning: method `verified_remote_segments` is never used
   --> crates/local-service/src/builtin/s3_publication.rs:399:8
    |
331 | pub(super) trait SelectedClosurePublisher: Send + Sync {
    |                  ------------------------ method in this trait
...
399 |     fn verified_remote_segments(
    |        ^^^^^^^^^^^^^^^^^^^^^^^^

warning: method `verified_remote_segments_from_s3` is never used
   --> crates/local-service/src/builtin/s3_publication/receipt.rs:121:19
    |
  3 | impl S3ClosurePublisher {
    | ----------------------- method in this implementation
...
121 |     pub(super) fn verified_remote_segments_from_s3(
    |                   ^^^^^^^^^^^^^^^^^^^^^^^^^^^^^^^^

warning: function `pin_object_ids` is never used
   --> crates/local-service/src/builtin/semantic_authority.rs:285:4
    |
285 | fn pin_object_ids(
    |    ^^^^^^^^^^^^^^

warning: methods `committed` and `matches_committed_selection` are never used
   --> crates/local-service/src/builtin/semantic_authority.rs:672:8
    |
510 | impl SelectedClosureImageLoader {
    | ------------------------------- methods in this implementation
...
672 |     fn committed(
    |        ^^^^^^^^^
...
692 |     pub(super) fn matches_committed_selection(
    |                   ^^^^^^^^^^^^^^^^^^^^^^^^^^^

warning: field `workspace` is never read
    --> crates/local-service/src/builtin/semantic_authority.rs:1265:5
     |
1262 | pub(crate) struct SemanticAuthority {
     |                   ----------------- field in this struct
...
1265 |     workspace: PathBuf,
     |     ^^^^^^^^^

warning: methods `collect_garbage`, `collect_garbage_with_remote_segments`, and `prepare_product_selections` are never used
    --> crates/local-service/src/builtin/semantic_authority.rs:2123:19
     |
1282 | impl SemanticAuthority {
     | ---------------------- methods in this implementation
...
2123 |     pub(crate) fn collect_garbage(&self, limits: GcLimits) -> Result<GcReport, BuiltinModelError> {
     |                   ^^^^^^^^^^^^^^^
...
2130 |     fn collect_garbage_with_remote_segments(
     |        ^^^^^^^^^^^^^^^^^^^^^^^^^^^^^^^^^^^^
...
3284 |     pub(crate) fn prepare_product_selections(
     |                   ^^^^^^^^^^^^^^^^^^^^^^^^^^

warning: function `artifact_object_claim` is never used
    --> crates/local-service/src/builtin/semantic_authority.rs:4028:4
     |
4028 | fn artifact_object_claim(object: &TypedObject) -> Result<ArtifactObjectClaim, BuiltinModelError> {
     |    ^^^^^^^^^^^^^^^^^^^^^

warning: method `serve_range` is never used
    --> crates/local-service/src/builtin/versioned_planes.rs:1415:19
     |
1249 | impl<'hydrator> VersionedPlaneService<'hydrator> {
     | ------------------------------------------------ method in this implementation
...
1415 |     pub(super) fn serve_range<R: VersionedPlaneSelectionResolver>(
     |                   ^^^^^^^^^^^

warning: variant `NoMissingRange` is never constructed
    --> crates/local-service/src/builtin/versioned_planes.rs:1757:5
     |
1725 | pub(super) enum VersionedPlaneServiceError {
     |                 -------------------------- variant in this enum
...
1757 |     NoMissingRange,
     |     ^^^^^^^^^^^^^^
     |
     = note: `VersionedPlaneServiceError` has derived impls for the traits `Debug` and `Clone`, but these are intentionally ignored during dead code analysis

warning: function `index_project_intent` is never used
  --> crates/local-service/src/builtin/commands/index.rs:48:15
   |
48 | pub(super) fn index_project_intent(
   |               ^^^^^^^^^^^^^^^^^^^^

warning: function `index_project_intent_with_cluster` is never used
  --> crates/local-service/src/builtin/commands/index.rs:70:15
   |
70 | pub(super) fn index_project_intent_with_cluster(
   |               ^^^^^^^^^^^^^^^^^^^^^^^^^^^^^^^^^

warning: function `prepare_index_project` is never used
   --> crates/local-service/src/builtin/commands/index.rs:125:15
    |
125 | pub(super) fn prepare_index_project(
    |               ^^^^^^^^^^^^^^^^^^^^^

warning: variant `Complete` is never constructed
    --> crates/local-service/src/builtin/commands/index.rs:2411:5
     |
2403 | enum ReadSetCompleteness {
     |      ------------------- variant in this enum
...
2411 |     Complete(ExactInputWitness),
     |     ^^^^^^^^
     |
     = note: `ReadSetCompleteness` has a derived impl for the trait `Clone`, but this is intentionally ignored during dead code analysis

warning: field `0` is never read
    --> crates/local-service/src/builtin/commands/index.rs:5598:28
     |
5598 |     ObservationInvalidated(&'a backend_extension_turso::AttemptInvalidatedByObservationProof),
     |     ---------------------- ^^^^^^^^^^^^^^^^^^^^^^^^^^^^^^^^^^^^^^^^^^^^^^^^^^^^^^^^^^^^^^^^^
     |     |
     |     field in this variant
     |
     = note: `StaleOfferedAuthorization` has a derived impl for the trait `Clone`, but this is intentionally ignored during dead code analysis
help: consider changing the field to be of unit type to suppress this warning while preserving the field numbering, or remove the field
     |
5598 -     ObservationInvalidated(&'a backend_extension_turso::AttemptInvalidatedByObservationProof),
5598 +     ObservationInvalidated(()),
     |

warning: field `acceptance_sequence` is never read
   --> crates/local-service/src/builtin/commands/index_operation.rs:182:5
    |
179 | struct OperationRow {
    |        ------------ field in this struct
...
182 |     acceptance_sequence: i64,
    |     ^^^^^^^^^^^^^^^^^^^

warning: method `catalog` is never used
   --> crates/local-service/src/builtin/registry.rs:639:19
    |
532 | impl RegistryGateway {
    | -------------------- method in this implementation
...
639 |     pub(super) fn catalog(&mut self) -> Result<Vec<backend_engine::RegistryPackageRecord>, String> {
    |                   ^^^^^^^

warning: function `observation_witness` is never used
    --> crates/local-service/src/builtin/browse.rs:2456:4
     |
2456 | fn observation_witness(
     |    ^^^^^^^^^^^^^^^^^^^

warning: function `witness` is never used
    --> crates/local-service/src/builtin/browse.rs:7071:4
     |
7071 | fn witness(files: &[PathBuf]) -> [u8; 32] {
     |    ^^^^^^^

warning: associated function `from_acquisition` is never used
   --> crates/local-service/src/builtin/discovery_search.rs:377:19
    |
334 | impl ForgeSearchDocument {
    | ------------------------ associated function in this implementation
...
377 |     pub(crate) fn from_acquisition(result: &ForgeAcquisitionResult) -> Result<Vec<Self>, String> {
    |                   ^^^^^^^^^^^^^^^^

warning: variant `Absent` is never constructed
   --> crates/local-service/src/builtin/discovery_search.rs:505:5
    |
500 | pub(crate) enum SearchStandingEvidence {
    |                 ---------------------- variant in this enum
...
505 |     Absent,
    |     ^^^^^^
    |
    = note: `SearchStandingEvidence` has derived impls for the traits `Debug` and `Clone`, but these are intentionally ignored during dead code analysis

warning: associated items `open_forge_only` and `sync_forge_only` are never used
    --> crates/local-service/src/builtin/discovery_search.rs:1863:19
     |
1801 | impl DiscoverySearchIndex {
     | ------------------------- associated items in this implementation
...
1863 |     pub(crate) fn open_forge_only(forge_documents: &[ForgeSearchDocument]) -> Result<Self, String> {
     |                   ^^^^^^^^^^^^^^^
...
2150 |     pub(crate) fn sync_forge_only(
     |                   ^^^^^^^^^^^^^^^

warning: method `revision` is never used
    --> crates/local-service/src/builtin/discovery_search.rs:2920:25
     |
2831 | impl LocalDeclarationSearchIndex {
     | -------------------------------- method in this implementation
...
2920 |     pub(crate) const fn revision(&self) -> Option<ViewStateRoot> {
     |                         ^^^^^^^^

warning: method `replace_document_with_ecosystem` is never used
    --> crates/local-service/src/builtin/discovery_search.rs:4746:19
     |
4588 | impl<K: Clone> TextSearchIndex<K> {
     | --------------------------------- method in this implementation
...
4746 |     pub(super) fn replace_document_with_ecosystem<'a>(
     |                   ^^^^^^^^^^^^^^^^^^^^^^^^^^^^^^^

warning: function `index_search_page` is never used
    --> crates/local-service/src/builtin/product_state.rs:1081:4
     |
1081 | fn index_search_page(
     |    ^^^^^^^^^^^^^^^^^

warning: function `row_matches_index_query` is never used
    --> crates/local-service/src/builtin/product_state.rs:2388:4
     |
2388 | fn row_matches_index_query(row: &Row, query: &str) -> bool {
     |    ^^^^^^^^^^^^^^^^^^^^^^^

warning: method `search_page_after` is never used
    --> crates/local-service/src/builtin/product_state.rs:2756:8
     |
2653 | impl CatalogLookupIndex {
     | ----------------------- method in this implementation
...
2756 |     fn search_page_after(
     |        ^^^^^^^^^^^^^^^^^

warning: method `page_after` is never used
   --> crates/local-service/src/builtin/product_state/catalog_search.rs:265:19
    |
 49 | impl CatalogSearchIndex {
    | ----------------------- method in this implementation
...
265 |     pub(super) fn page_after(
    |                   ^^^^^^^^^^

warning: method `projection_opens` is never used
   --> crates/local-service/src/query/local.rs:855:19
    |
736 | impl SearchSnapshotOwner {
    | ------------------------ method in this implementation
...
855 |     pub(crate) fn projection_opens(&self) -> u64 {
    |                   ^^^^^^^^^^^^^^^^

warning: method `workspace_root` is never used
    --> crates/local-service/src/query/local.rs:1262:19
     |
 916 | impl QueryCoordinator {
     | --------------------- method in this implementation
...
1262 |     pub(crate) fn workspace_root(&self) -> WorkspaceRoot {
     |                   ^^^^^^^^^^^^^^

warning: field `0` is never read
  --> crates/local-service/src/query/projection_state.rs:74:16
   |
74 |     SharedFile(File),
   |     ---------- ^^^^
   |     |
   |     field in this variant
   |
help: consider changing the field to be of unit type to suppress this warning while preserving the field numbering, or remove the field
   |
74 -     SharedFile(File),
74 +     SharedFile(()),
   |

warning: method `count` is never used
   --> crates/local-service/src/query/projection_state.rs:828:8
    |
827 | impl Membership<'_> {
    | ------------------- method in this implementation
828 |     fn count(&self) -> usize {
    |        ^^^^^

warning: field `0` is never read
  --> crates/local-service/src/discovery.rs:64:8
   |
64 |     Io(io::Error),
   |     -- ^^^^^^^^^
   |     |
   |     field in this variant
   |
   = note: `DiscoveryStoreError` has a derived impl for the trait `Debug`, but this is intentionally ignored during dead code analysis
help: consider changing the field to be of unit type to suppress this warning while preserving the field numbering, or remove the field
   |
64 -     Io(io::Error),
64 +     Io(()),
   |

warning: method `try_open_quiet` is never used
   --> crates/local-service/src/service/lease/tests.rs:485:19
    |
259 | impl Harness {
    | ------------ method in this implementation
...
485 |     pub(super) fn try_open_quiet(
    |                   ^^^^^^^^^^^^^^

warning: linker stderr: ld: __eh_frame section too large (max 16MB) to encode dwarf unwind offsets in compact unwind table, performance of exception handling might be affected
  |
  = note: `#[warn(linker_messages)]` on by default

warning: `backend-local-service` (lib test) generated 259 warnings (run `cargo fix --lib -p backend-local-service --tests` to apply 204 suggestions)
    Finished `test` profile [unoptimized + debuginfo] target(s) in 0.75s
     Running unittests src/lib.rs (.local/build/ingest/.nudox-cargo/slot-0/debug/deps/backend_local_service-dae9c947bddaefd9)

running 1 test
test builtin::commands::index::admitted_capture_publication_tests::admitted_capture_publication_survives_an_empty_delta_and_refuses_unproved_reuse ... ok

test result: ok. 1 passed; 0 failed; 0 ignored; 0 measured; 976 filtered out; finished in 1.09s

