warning: resolver for the non root package will be ignored, specify resolver at the workspace root:
package:   /Users/mileswirht/Downloads/nudox-active-20261005/luna_ingest_pages_recovery/vendor/gpui_ce_components/Cargo.toml
workspace: /Users/mileswirht/Downloads/nudox-active-20261005/luna_ingest_pages_recovery/Cargo.toml
   Compiling bindgen v0.69.5
   Compiling turso_sdk_kit v0.8.0-pre.11
   Compiling turso_sync_sdk_kit v0.8.0-pre.11
   Compiling turso v0.8.0-pre.10
   Compiling backend-semantic v0.1.0 (/Users/mileswirht/Downloads/nudox-active-20261005/luna_ingest_pages_recovery/crates/semantic)
   Compiling backend-compile v0.1.0 (/Users/mileswirht/Downloads/nudox-active-20261005/luna_ingest_pages_recovery/crates/compile)
   Compiling backend-replication v0.1.0 (/Users/mileswirht/Downloads/nudox-active-20261005/luna_ingest_pages_recovery/crates/replication)
warning: unused import: `history::TypedV3HistoryPublicationSnapshot`
   --> crates/replication/src/ir_generation_store.rs:146:16
    |
146 | pub(crate) use history::TypedV3HistoryPublicationSnapshot;
    |                ^^^^^^^^^^^^^^^^^^^^^^^^^^^^^^^^^^^^^^^^^^
    |
    = note: `#[warn(unused_imports)]` (part of `#[warn(unused)]`) on by default

warning: unused imports: `TypedV3HistoryAdmissionMetrics`, `TypedV3HistoryAdmission`, and `TypedV3HistoryGcPin`
  --> crates/replication/src/ir_hydration_store.rs:64:5
   |
64 |     TypedV3HistoryAdmission, TypedV3HistoryAdmissionMetrics, TypedV3HistoryGcPin,
   |     ^^^^^^^^^^^^^^^^^^^^^^^  ^^^^^^^^^^^^^^^^^^^^^^^^^^^^^^  ^^^^^^^^^^^^^^^^^^^

   Compiling backend-frontend-clang v0.1.0 (/Users/mileswirht/Downloads/nudox-active-20261005/luna_ingest_pages_recovery/frontends/clang)
   Compiling backend-frontend-rust v0.1.0 (/Users/mileswirht/Downloads/nudox-active-20261005/luna_ingest_pages_recovery/frontends/rust)
warning: methods `manifest_root` and `plane_root` are never used
   --> crates/replication/src/ir_generation_store.rs:232:25
    |
203 | impl HistoricalSemanticPlaneBinding {
    | ----------------------------------- methods in this implementation
...
232 |     pub(crate) const fn manifest_root(self) -> SemanticManifestRoot {
    |                         ^^^^^^^^^^^^^
...
238 |     pub(crate) const fn plane_root(self) -> SemanticPlaneRoot {
    |                         ^^^^^^^^^^
    |
    = note: `#[warn(dead_code)]` (part of `#[warn(unused)]`) on by default

warning: function `append_history_index_entry_typed` is never used
   --> crates/replication/src/ir_generation_store/history/codec.rs:679:15
    |
679 | pub(crate) fn append_history_index_entry_typed(
    |               ^^^^^^^^^^^^^^^^^^^^^^^^^^^^^^^^

warning: associated functions `from_produced` and `from_selected_native_history` are never used
   --> crates/replication/src/ir_generation_store/history/v3.rs:223:19
    |
219 | impl TypedV3HistoryLocator {
    | -------------------------- associated functions in this implementation
...
223 |     pub(crate) fn from_produced(
    |                   ^^^^^^^^^^^^^
...
233 |     pub(crate) fn from_selected_native_history(
    |                   ^^^^^^^^^^^^^^^^^^^^^^^^^^^^

warning: function `stage_typed_v3_locator_bytes` is never used
   --> crates/replication/src/ir_generation_store/history/v3.rs:501:4
    |
501 | fn stage_typed_v3_locator_bytes(
    |    ^^^^^^^^^^^^^^^^^^^^^^^^^^^^

warning: methods `stage_typed_v3_locator`, `finish_typed_v3_locator_admission`, and `typed_v3_locator` are never used
   --> crates/replication/src/ir_generation_store/history/v3.rs:665:19
    |
657 | impl LocalSemanticGenerationFiles {
    | --------------------------------- methods in this implementation
...
665 |     pub(crate) fn stage_typed_v3_locator(
    |                   ^^^^^^^^^^^^^^^^^^^^^^
...
689 |     pub(crate) fn finish_typed_v3_locator_admission(
    |                   ^^^^^^^^^^^^^^^^^^^^^^^^^^^^^^^^^
...
733 |     pub(crate) fn typed_v3_locator(
    |                   ^^^^^^^^^^^^^^^^

warning: fields `root_claim` and `metrics` are never read
   --> crates/replication/src/ir_hydration_store/history_v3.rs:569:5
    |
562 | pub(crate) struct TypedV3HistoryAdmission<'pin> {
    |                   ----------------------- fields in this struct
...
569 |     root_claim: HistoryTypedV3RootClaim,
    |     ^^^^^^^^^^
570 |     metrics: TypedV3HistoryAdmissionMetrics,
    |     ^^^^^^^

warning: methods `root_claim` and `metrics` are never used
   --> crates/replication/src/ir_hydration_store/history_v3.rs:582:25
    |
573 | impl TypedV3HistoryAdmission<'_> {
    | -------------------------------- methods in this implementation
...
582 |     pub(crate) const fn root_claim(&self) -> HistoryTypedV3RootClaim {
    |                         ^^^^^^^^^^
...
590 |     pub(crate) const fn metrics(&self) -> TypedV3HistoryAdmissionMetrics {
    |                         ^^^^^^^

warning: methods `verify_produced_typed_v3` and `verify_produced_typed_v3_content` are never used
   --> crates/replication/src/ir_hydration_store/history_v3.rs:634:19
    |
603 | impl FileSemanticRangeStore {
    | --------------------------- methods in this implementation
...
634 |     pub(crate) fn verify_produced_typed_v3<'pin>(
    |                   ^^^^^^^^^^^^^^^^^^^^^^^^
...
663 |     pub(crate) fn verify_produced_typed_v3_content<'pin>(
    |                   ^^^^^^^^^^^^^^^^^^^^^^^^^^^^^^^^

warning: fields `segment_pins`, `jumbo_pin`, `encoding_metrics`, `segment_store_metrics`, `jumbo_store_metrics`, and `verifier_io_metrics` are never read
    --> crates/replication/src/ir_producer_store.rs:1595:5
     |
1589 | pub(crate) struct ProducedSelectedNativeTypedPlaneHistoryV3 {
     |                   ----------------------------------------- fields in this struct
...
1595 |     segment_pins: Vec<DurableSemanticObjectPin>,
     |     ^^^^^^^^^^^^
1596 |     jumbo_pin: DurableSemanticObjectPin,
     |     ^^^^^^^^^
1597 |     encoding_metrics: [CanonicalPlaneEncodingMetrics; TYPED_V2_FAMILY_COUNT],
     |     ^^^^^^^^^^^^^^^^
1598 |     segment_store_metrics: [SemanticProducerStoreMetrics; TYPED_V2_FAMILY_COUNT],
     |     ^^^^^^^^^^^^^^^^^^^^^
1599 |     jumbo_store_metrics: SemanticProducerStoreMetrics,
     |     ^^^^^^^^^^^^^^^^^^^
1600 |     verifier_io_metrics: SemanticProducerVerifierIoMetrics,
     |     ^^^^^^^^^^^^^^^^^^^

warning: methods `segment_pins` and `jumbo_pin` are never used
    --> crates/replication/src/ir_producer_store.rs:1624:19
     |
1603 | impl ProducedSelectedNativeTypedPlaneHistoryV3 {
     | ---------------------------------------------- methods in this implementation
...
1624 |     pub(crate) fn segment_pins(&self) -> &[DurableSemanticObjectPin] {
     |                   ^^^^^^^^^^^^
...
1628 |     pub(crate) const fn jumbo_pin(&self) -> &DurableSemanticObjectPin {
     |                         ^^^^^^^^^

warning: field `input_witness` is never read
    --> crates/replication/src/ir_producer_store.rs:1635:5
     |
1633 | struct TypedV3ProducedArtifacts {
     |        ------------------------ field in this struct
1634 |     image_facts: SemanticImageFacts,
1635 |     input_witness: SemanticInputWitness,
     |     ^^^^^^^^^^^^^

warning: function `produce_semantic_typed_plane_v3` is never used
    --> crates/replication/src/ir_producer_store.rs:1656:15
     |
1656 | pub(crate) fn produce_semantic_typed_plane_v3<Reader: SemanticReader + ?Sized>(
     |               ^^^^^^^^^^^^^^^^^^^^^^^^^^^^^^^

   Compiling backend-execution v0.1.0 (/Users/mileswirht/Downloads/nudox-active-20261005/luna_ingest_pages_recovery/crates/execution)
warning: `backend-replication` (lib) generated 14 warnings (run `cargo fix --lib -p backend-replication` to apply 2 suggestions)
   Compiling backend-library v0.1.0 (/Users/mileswirht/Downloads/nudox-active-20261005/luna_ingest_pages_recovery/crates/library)
   Compiling backend-extension-qdrant v0.1.0 (/Users/mileswirht/Downloads/nudox-active-20261005/luna_ingest_pages_recovery/extensions/qdrant)
warning: unnecessary qualification
   --> crates/library/interface/compiler_fragment/nested.rs:845:32
    |
845 |     pub const fn kind(self) -> super::CompilerFragmentNestedFaultKind {
    |                                ^^^^^^^^^^^^^^^^^^^^^^^^^^^^^^^^^^^^^^
    |
    = note: requested on the command line with `-W unused-qualifications`
help: remove the unnecessary path segments
    |
845 -     pub const fn kind(self) -> super::CompilerFragmentNestedFaultKind {
845 +     pub const fn kind(self) -> CompilerFragmentNestedFaultKind {
    |

warning: unnecessary qualification
   --> crates/library/interface/compiler_fragment/nested.rs:860:28
    |
860 |     const fn kind(self) -> super::CompilerFragmentNestedFaultKind {
    |                            ^^^^^^^^^^^^^^^^^^^^^^^^^^^^^^^^^^^^^^
    |
help: remove the unnecessary path segments
    |
860 -     const fn kind(self) -> super::CompilerFragmentNestedFaultKind {
860 +     const fn kind(self) -> CompilerFragmentNestedFaultKind {
    |

warning: unnecessary qualification
   --> crates/library/interface/compiler_fragment/nested.rs:872:28
    |
872 |     const fn kind(self) -> super::CompilerFragmentNestedFaultKind {
    |                            ^^^^^^^^^^^^^^^^^^^^^^^^^^^^^^^^^^^^^^
    |
help: remove the unnecessary path segments
    |
872 -     const fn kind(self) -> super::CompilerFragmentNestedFaultKind {
872 +     const fn kind(self) -> CompilerFragmentNestedFaultKind {
    |

warning: unnecessary qualification
   --> crates/library/interface/compiler_fragment/nested.rs:884:28
    |
884 |     const fn kind(self) -> super::CompilerFragmentNestedFaultKind {
    |                            ^^^^^^^^^^^^^^^^^^^^^^^^^^^^^^^^^^^^^^
    |
help: remove the unnecessary path segments
    |
884 -     const fn kind(self) -> super::CompilerFragmentNestedFaultKind {
884 +     const fn kind(self) -> CompilerFragmentNestedFaultKind {
    |

warning: unnecessary qualification
   --> crates/library/interface/compiler_fragment/nested.rs:894:28
    |
894 |     const fn kind(self) -> super::CompilerFragmentNestedFaultKind {
    |                            ^^^^^^^^^^^^^^^^^^^^^^^^^^^^^^^^^^^^^^
    |
help: remove the unnecessary path segments
    |
894 -     const fn kind(self) -> super::CompilerFragmentNestedFaultKind {
894 +     const fn kind(self) -> CompilerFragmentNestedFaultKind {
    |

warning: unnecessary qualification
   --> crates/library/interface/compiler_fragment/nested.rs:931:28
    |
931 |     const fn kind(self) -> super::CompilerFragmentNestedFaultKind {
    |                            ^^^^^^^^^^^^^^^^^^^^^^^^^^^^^^^^^^^^^^
    |
help: remove the unnecessary path segments
    |
931 -     const fn kind(self) -> super::CompilerFragmentNestedFaultKind {
931 +     const fn kind(self) -> CompilerFragmentNestedFaultKind {
    |

warning: unnecessary qualification
   --> crates/library/interface/compiler_fragment/nested.rs:958:28
    |
958 |     const fn kind(self) -> super::CompilerFragmentNestedFaultKind {
    |                            ^^^^^^^^^^^^^^^^^^^^^^^^^^^^^^^^^^^^^^
    |
help: remove the unnecessary path segments
    |
958 -     const fn kind(self) -> super::CompilerFragmentNestedFaultKind {
958 +     const fn kind(self) -> CompilerFragmentNestedFaultKind {
    |

warning: unnecessary qualification
   --> crates/library/interface/compiler_fragment/nested.rs:980:28
    |
980 |     const fn kind(self) -> super::CompilerFragmentNestedFaultKind {
    |                            ^^^^^^^^^^^^^^^^^^^^^^^^^^^^^^^^^^^^^^
    |
help: remove the unnecessary path segments
    |
980 -     const fn kind(self) -> super::CompilerFragmentNestedFaultKind {
980 +     const fn kind(self) -> CompilerFragmentNestedFaultKind {
    |

warning: unnecessary qualification
   --> crates/library/interface/compiler_fragment/nested.rs:999:28
    |
999 |     const fn kind(self) -> super::CompilerFragmentNestedFaultKind {
    |                            ^^^^^^^^^^^^^^^^^^^^^^^^^^^^^^^^^^^^^^
    |
help: remove the unnecessary path segments
    |
999 -     const fn kind(self) -> super::CompilerFragmentNestedFaultKind {
999 +     const fn kind(self) -> CompilerFragmentNestedFaultKind {
    |

warning: unused import: `CompilerDiagnostic`
 --> crates/library/surface/package_compiler_failure.rs:8:62
  |
8 |     AuthorityDiagnosticClass, AuthorityPhase, CompilerCause, CompilerDiagnostic,
  |                                                              ^^^^^^^^^^^^^^^^^^
  |
  = note: `#[warn(unused_imports)]` (part of `#[warn(unused)]`) on by default

warning: unused import: `SourceFactDomain`
  --> crates/library/surface/package_compiler_failure.rs:18:55
   |
18 | use backend_version::{CompileRecipeDomain, ContentId, SourceFactDomain};
   |                                                       ^^^^^^^^^^^^^^^^

warning: unused imports: `AuthorityClassFact`, `AuthorityPhaseFact`, `CompilerAuthorityDiagnosticFacts`, `CompilerLanguageFact`, and `CompilerStageFact`
  --> crates/library/surface.rs:25:5
   |
25 |     AuthorityClassFact, AuthorityPhaseFact, CompilerAuthorityDiagnosticFacts, CompilerLanguageFact,
   |     ^^^^^^^^^^^^^^^^^^  ^^^^^^^^^^^^^^^^^^  ^^^^^^^^^^^^^^^^^^^^^^^^^^^^^^^^  ^^^^^^^^^^^^^^^^^^^^
26 |     CompilerNativeToolFact, CompilerStageFact, PackageCompilerFailureCause,
   |                             ^^^^^^^^^^^^^^^^^

warning: unnecessary qualification
    --> crates/library/surface.rs:3809:31
     |
3809 |         let mut coordinates = std::collections::BTreeSet::new();
     |                               ^^^^^^^^^^^^^^^^^^^^^^^^^^^^^^^
     |
help: remove the unnecessary path segments
     |
3809 -         let mut coordinates = std::collections::BTreeSet::new();
3809 +         let mut coordinates = BTreeSet::new();
     |

   Compiling backend-frontend-csharp v0.1.0 (/Users/mileswirht/Downloads/nudox-active-20261005/luna_ingest_pages_recovery/frontends/csharp)
   Compiling backend-frontend-typescript v0.1.0 (/Users/mileswirht/Downloads/nudox-active-20261005/luna_ingest_pages_recovery/frontends/typescript)
   Compiling backend-frontend-go v0.1.0 (/Users/mileswirht/Downloads/nudox-active-20261005/luna_ingest_pages_recovery/frontends/go)
warning: unused variable: `ordinal`
   --> crates/library/interface/compiler_fragment.rs:371:75
    |
371 |             CompilerFragmentFault::Prepare(PrepareError::OccurrenceLane { ordinal, fault }) => {
    |                                                                           ^^^^^^^ help: try ignoring the field: `ordinal: _`
    |
    = note: `#[warn(unused_variables)]` (part of `#[warn(unused)]`) on by default

   Compiling backend-frontend-python v0.1.0 (/Users/mileswirht/Downloads/nudox-active-20261005/luna_ingest_pages_recovery/frontends/python)
   Compiling backend-frontend-java v0.1.0 (/Users/mileswirht/Downloads/nudox-active-20261005/luna_ingest_pages_recovery/frontends/java)
   Compiling backend-extension-tantivy v0.1.0 (/Users/mileswirht/Downloads/nudox-active-20261005/luna_ingest_pages_recovery/extensions/tantivy)
warning: missing documentation for a variant
   --> crates/library/interface/compiler_fragment.rs:699:5
    |
699 |     Capacity,
    |     ^^^^^^^^
    |
    = note: requested on the command line with `-W missing-docs`

warning: missing documentation for a variant
   --> crates/library/interface/compiler_fragment.rs:700:5
    |
700 |     InvalidTreeEntity,
    |     ^^^^^^^^^^^^^^^^^

warning: missing documentation for a variant
   --> crates/library/interface/compiler_fragment.rs:701:5
    |
701 |     Dangling,
    |     ^^^^^^^^

warning: missing documentation for a variant
   --> crates/library/interface/compiler_fragment.rs:702:5
    |
702 |     RecursiveType,
    |     ^^^^^^^^^^^^^

warning: missing documentation for a variant
   --> crates/library/interface/compiler_fragment.rs:703:5
    |
703 |     CallableElement,
    |     ^^^^^^^^^^^^^^^

warning: missing documentation for a variant
   --> crates/library/interface/compiler_fragment.rs:704:5
    |
704 |     MissingTypedVariadicParameter,
    |     ^^^^^^^^^^^^^^^^^^^^^^^^^^^^^

warning: missing documentation for a variant
   --> crates/library/interface/compiler_fragment.rs:705:5
    |
705 |     EmptyQualifiedPath,
    |     ^^^^^^^^^^^^^^^^^^

warning: missing documentation for a variant
   --> crates/library/interface/compiler_fragment.rs:706:5
    |
706 |     TypeParameterRequirements,
    |     ^^^^^^^^^^^^^^^^^^^^^^^^^

warning: missing documentation for a variant
   --> crates/library/interface/compiler_fragment.rs:707:5
    |
707 |     EmptyCxxQualification,
    |     ^^^^^^^^^^^^^^^^^^^^^

warning: missing documentation for a variant
   --> crates/library/interface/compiler_fragment.rs:708:5
    |
708 |     IllegalCQualifierTarget,
    |     ^^^^^^^^^^^^^^^^^^^^^^^

warning: missing documentation for a variant
   --> crates/library/interface/compiler_fragment.rs:709:5
    |
709 |     IllegalCxxMemberPointerOwner,
    |     ^^^^^^^^^^^^^^^^^^^^^^^^^^^^

warning: missing documentation for a variant
   --> crates/library/interface/compiler_fragment.rs:710:5
    |
710 |     InvalidDocumentationUtf8,
    |     ^^^^^^^^^^^^^^^^^^^^^^^^

warning: missing documentation for a variant
   --> crates/library/interface/compiler_fragment.rs:711:5
    |
711 |     InvalidOccurrenceSpan,
    |     ^^^^^^^^^^^^^^^^^^^^^

warning: missing documentation for a variant
   --> crates/library/interface/compiler_fragment.rs:712:5
    |
712 |     SignatureCarrierRoleCount,
    |     ^^^^^^^^^^^^^^^^^^^^^^^^^

warning: missing documentation for a variant
   --> crates/library/interface/compiler_fragment.rs:713:5
    |
713 |     SignatureCarrierRoleKind,
    |     ^^^^^^^^^^^^^^^^^^^^^^^^

warning: missing documentation for a variant
   --> crates/library/interface/compiler_fragment.rs:714:5
    |
714 |     SignatureCarrierRoleOwnerKind,
    |     ^^^^^^^^^^^^^^^^^^^^^^^^^^^^^

warning: missing documentation for a variant
   --> crates/library/interface/compiler_fragment.rs:715:5
    |
715 |     SignatureCarrierRoleAlreadyCaptured,
    |     ^^^^^^^^^^^^^^^^^^^^^^^^^^^^^^^^^^^

warning: missing documentation for a variant
   --> crates/library/interface/compiler_fragment.rs:716:5
    |
716 |     SignatureCarrierBindingsAlreadyCaptured,
    |     ^^^^^^^^^^^^^^^^^^^^^^^^^^^^^^^^^^^^^^^

warning: missing documentation for a variant
   --> crates/library/interface/compiler_fragment.rs:717:5
    |
717 |     SignatureCarrierBindingOwnerSet,
    |     ^^^^^^^^^^^^^^^^^^^^^^^^^^^^^^^

warning: missing documentation for a variant
   --> crates/library/interface/compiler_fragment.rs:718:5
    |
718 |     SignatureCarrierBindingSignature,
    |     ^^^^^^^^^^^^^^^^^^^^^^^^^^^^^^^^

warning: missing documentation for a variant
   --> crates/library/interface/compiler_fragment.rs:719:5
    |
719 |     SignatureCarrierBindingCounts,
    |     ^^^^^^^^^^^^^^^^^^^^^^^^^^^^^

warning: missing documentation for a variant
   --> crates/library/interface/compiler_fragment.rs:720:5
    |
720 |     SignatureCarrierBindingEdgeRole,
    |     ^^^^^^^^^^^^^^^^^^^^^^^^^^^^^^^

warning: missing documentation for a variant
   --> crates/library/interface/compiler_fragment.rs:721:5
    |
721 |     SignatureCarrierBindingTargetCount,
    |     ^^^^^^^^^^^^^^^^^^^^^^^^^^^^^^^^^^

warning: missing documentation for a variant
   --> crates/library/interface/compiler_fragment.rs:722:5
    |
722 |     SignatureCarrierBindingTargetKind,
    |     ^^^^^^^^^^^^^^^^^^^^^^^^^^^^^^^^^

warning: missing documentation for a variant
   --> crates/library/interface/compiler_fragment.rs:723:5
    |
723 |     SignatureCarrierBindingType,
    |     ^^^^^^^^^^^^^^^^^^^^^^^^^^^

warning: missing documentation for a variant
   --> crates/library/interface/compiler_fragment.rs:724:5
    |
724 |     SignatureCarrierBindingEdgeMismatch,
    |     ^^^^^^^^^^^^^^^^^^^^^^^^^^^^^^^^^^^

warning: missing documentation for a variant
   --> crates/library/interface/compiler_fragment.rs:725:5
    |
725 |     ParentCycle,
    |     ^^^^^^^^^^^

warning: missing documentation for a variant
   --> crates/library/interface/compiler_fragment.rs:726:5
    |
726 |     DeclarationKey,
    |     ^^^^^^^^^^^^^^

warning: missing documentation for a variant
   --> crates/library/interface/compiler_fragment.rs:727:5
    |
727 |     ScopedDeclarationPreimage,
    |     ^^^^^^^^^^^^^^^^^^^^^^^^^

warning: missing documentation for a variant
   --> crates/library/interface/compiler_fragment.rs:728:5
    |
728 |     ForeignKeyPreimage,
    |     ^^^^^^^^^^^^^^^^^^

warning: missing documentation for a variant
   --> crates/library/interface/compiler_fragment.rs:729:5
    |
729 |     DuplicateDeclarationIdentity,
    |     ^^^^^^^^^^^^^^^^^^^^^^^^^^^^

warning: missing documentation for a variant
   --> crates/library/interface/compiler_fragment.rs:730:5
    |
730 |     TreeVersionCount,
    |     ^^^^^^^^^^^^^^^^

warning: missing documentation for a variant
   --> crates/library/interface/compiler_fragment.rs:731:5
    |
731 |     AuthorityRowCount,
    |     ^^^^^^^^^^^^^^^^^

warning: missing documentation for a variant
   --> crates/library/interface/compiler_fragment.rs:732:5
    |
732 |     OccurrenceAuthorityRowCount,
    |     ^^^^^^^^^^^^^^^^^^^^^^^^^^^

warning: missing documentation for a variant
   --> crates/library/interface/compiler_fragment.rs:733:5
    |
733 |     AuthorityFacts,
    |     ^^^^^^^^^^^^^^

warning: missing documentation for a variant
   --> crates/library/interface/compiler_fragment.rs:734:5
    |
734 |     OccurrenceAuthorityFacts,
    |     ^^^^^^^^^^^^^^^^^^^^^^^^

warning: missing documentation for a variant
   --> crates/library/interface/compiler_fragment.rs:735:5
    |
735 |     ImageProvenanceLineage,
    |     ^^^^^^^^^^^^^^^^^^^^^^

warning: missing documentation for a variant
   --> crates/library/interface/compiler_fragment.rs:736:5
    |
736 |     ImageProvenanceScope,
    |     ^^^^^^^^^^^^^^^^^^^^

warning: missing documentation for a variant
   --> crates/library/interface/compiler_fragment.rs:737:5
    |
737 |     ImageProvenanceScopePreimage,
    |     ^^^^^^^^^^^^^^^^^^^^^^^^^^^^

warning: missing documentation for a variant
   --> crates/library/interface/compiler_fragment.rs:738:5
    |
738 |     ImageProvenanceRecipe,
    |     ^^^^^^^^^^^^^^^^^^^^^

warning: missing documentation for a variant
   --> crates/library/interface/compiler_fragment.rs:739:5
    |
739 |     ImageProvenanceRebind,
    |     ^^^^^^^^^^^^^^^^^^^^^

warning: missing documentation for a variant
   --> crates/library/interface/compiler_fragment.rs:740:5
    |
740 |     LanguageExtension,
    |     ^^^^^^^^^^^^^^^^^

warning: missing documentation for a variant
   --> crates/library/interface/compiler_fragment.rs:741:5
    |
741 |     LanguageProfileMismatch,
    |     ^^^^^^^^^^^^^^^^^^^^^^^

warning: missing documentation for a variant
   --> crates/library/interface/compiler_fragment.rs:742:5
    |
742 |     LanguageProfileRebind,
    |     ^^^^^^^^^^^^^^^^^^^^^

warning: missing documentation for a variant
   --> crates/library/interface/compiler_fragment.rs:749:5
    |
749 |     Count,
    |     ^^^^^

warning: missing documentation for a variant
   --> crates/library/interface/compiler_fragment.rs:750:5
    |
750 |     AtomBytePoolOverflow,
    |     ^^^^^^^^^^^^^^^^^^^^

warning: missing documentation for a variant
   --> crates/library/interface/compiler_fragment.rs:751:5
    |
751 |     LayoutOverflow,
    |     ^^^^^^^^^^^^^^

warning: missing documentation for a variant
   --> crates/library/interface/compiler_fragment.rs:752:5
    |
752 |     NativeCount,
    |     ^^^^^^^^^^^

warning: missing documentation for a variant
   --> crates/library/interface/compiler_fragment.rs:753:5
    |
753 |     OutputLength,
    |     ^^^^^^^^^^^^

warning: missing documentation for a variant
   --> crates/library/interface/compiler_fragment.rs:754:5
    |
754 |     Entity,
    |     ^^^^^^

warning: missing documentation for a variant
   --> crates/library/interface/compiler_fragment.rs:755:5
    |
755 |     TypeNode,
    |     ^^^^^^^^

warning: missing documentation for a variant
   --> crates/library/interface/compiler_fragment.rs:756:5
    |
756 |     SemanticDataOverflow,
    |     ^^^^^^^^^^^^^^^^^^^^

warning: missing documentation for a variant
   --> crates/library/interface/compiler_fragment.rs:757:5
    |
757 |     SemanticEntityRoots,
    |     ^^^^^^^^^^^^^^^^^^^

warning: missing documentation for a variant
   --> crates/library/interface/compiler_fragment.rs:758:5
    |
758 |     SemanticAtomLength,
    |     ^^^^^^^^^^^^^^^^^^

warning: missing documentation for a variant
   --> crates/library/interface/compiler_fragment.rs:759:5
    |
759 |     SemanticData,
    |     ^^^^^^^^^^^^

warning: missing documentation for a variant
   --> crates/library/interface/compiler_fragment.rs:760:5
    |
760 |     OccurrenceLane,
    |     ^^^^^^^^^^^^^^

warning: missing documentation for a variant
   --> crates/library/interface/compiler_fragment.rs:761:5
    |
761 |     TypeFacts,
    |     ^^^^^^^^^

warning: missing documentation for a variant
   --> crates/library/interface/compiler_fragment.rs:762:5
    |
762 |     Documentation,
    |     ^^^^^^^^^^^^^

warning: missing documentation for a variant
   --> crates/library/interface/compiler_fragment.rs:763:5
    |
763 |     ExtensionPools,
    |     ^^^^^^^^^^^^^^

warning: missing documentation for a variant
   --> crates/library/interface/compiler_fragment.rs:764:5
    |
764 |     ExtensionPoolsMismatch,
    |     ^^^^^^^^^^^^^^^^^^^^^^

warning: missing documentation for a variant
   --> crates/library/interface/compiler_fragment.rs:771:5
    |
771 |     OutputTooSmall,
    |     ^^^^^^^^^^^^^^

warning: missing documentation for a variant
   --> crates/library/interface/compiler_fragment.rs:772:5
    |
772 |     ExtensionSection,
    |     ^^^^^^^^^^^^^^^^

warning: missing documentation for a variant
   --> crates/library/interface/compiler_fragment.rs:773:5
    |
773 |     AtomLength,
    |     ^^^^^^^^^^

warning: missing documentation for a variant
   --> crates/library/interface/compiler_fragment.rs:774:5
    |
774 |     AtomExtent,
    |     ^^^^^^^^^^

warning: missing documentation for a variant
   --> crates/library/interface/compiler_fragment.rs:775:5
    |
775 |     SemanticAtomLength,
    |     ^^^^^^^^^^^^^^^^^^

warning: missing documentation for a variant
   --> crates/library/interface/compiler_fragment.rs:782:5
    |
782 |     ExtensionPoolPair,
    |     ^^^^^^^^^^^^^^^^^

warning: missing documentation for a variant
   --> crates/library/interface/compiler_fragment.rs:783:5
    |
783 |     Documentation,
    |     ^^^^^^^^^^^^^

warning: missing documentation for a variant
   --> crates/library/interface/compiler_fragment.rs:784:5
    |
784 |     ExtensionPools,
    |     ^^^^^^^^^^^^^^

warning: missing documentation for a variant
   --> crates/library/interface/compiler_fragment.rs:785:5
    |
785 |     LanguageExtensions,
    |     ^^^^^^^^^^^^^^^^^^

warning: missing documentation for a variant
   --> crates/library/interface/compiler_fragment.rs:786:5
    |
786 |     TruncatedHeader,
    |     ^^^^^^^^^^^^^^^

warning: missing documentation for a variant
   --> crates/library/interface/compiler_fragment.rs:787:5
    |
787 |     Magic,
    |     ^^^^^

warning: missing documentation for a variant
   --> crates/library/interface/compiler_fragment.rs:788:5
    |
788 |     Schema,
    |     ^^^^^^

warning: missing documentation for a variant
   --> crates/library/interface/compiler_fragment.rs:789:5
    |
789 |     DeclaredLength,
    |     ^^^^^^^^^^^^^^

warning: missing documentation for a variant
   --> crates/library/interface/compiler_fragment.rs:790:5
    |
790 |     Extent,
    |     ^^^^^^

warning: missing documentation for a variant
   --> crates/library/interface/compiler_fragment.rs:791:5
    |
791 |     WireWidth,
    |     ^^^^^^^^^

warning: missing documentation for a variant
   --> crates/library/interface/compiler_fragment.rs:792:5
    |
792 |     Directory,
    |     ^^^^^^^^^

warning: missing documentation for a variant
   --> crates/library/interface/compiler_fragment.rs:793:5
    |
793 |     MissingSection,
    |     ^^^^^^^^^^^^^^

warning: missing documentation for a variant
   --> crates/library/interface/compiler_fragment.rs:794:5
    |
794 |     Entity,
    |     ^^^^^^

warning: missing documentation for a variant
   --> crates/library/interface/compiler_fragment.rs:795:5
    |
795 |     EntityRecord,
    |     ^^^^^^^^^^^^

warning: missing documentation for a variant
   --> crates/library/interface/compiler_fragment.rs:796:5
    |
796 |     Atom,
    |     ^^^^

warning: missing documentation for a variant
   --> crates/library/interface/compiler_fragment.rs:797:5
    |
797 |     TypeNode,
    |     ^^^^^^^^

warning: missing documentation for a variant
   --> crates/library/interface/compiler_fragment.rs:798:5
    |
798 |     SourceIdentity,
    |     ^^^^^^^^^^^^^^

warning: missing documentation for a variant
   --> crates/library/interface/compiler_fragment.rs:799:5
    |
799 |     RecipeFact,
    |     ^^^^^^^^^^

warning: missing documentation for a variant
   --> crates/library/interface/compiler_fragment.rs:800:5
    |
800 |     SemanticData,
    |     ^^^^^^^^^^^^

warning: missing documentation for a variant
   --> crates/library/interface/compiler_fragment.rs:801:5
    |
801 |     Occurrences,
    |     ^^^^^^^^^^^

warning: missing documentation for a variant
   --> crates/library/interface/compiler_fragment.rs:802:5
    |
802 |     TypeFacts,
    |     ^^^^^^^^^

warning: missing documentation for a variant
   --> crates/library/interface/compiler_fragment.rs:823:5
    |
823 |     Atom,
    |     ^^^^

warning: missing documentation for a variant
   --> crates/library/interface/compiler_fragment.rs:824:5
    |
824 |     Text,
    |     ^^^^

warning: missing documentation for a variant
   --> crates/library/interface/compiler_fragment.rs:825:5
    |
825 |     Type,
    |     ^^^^

warning: missing documentation for a variant
   --> crates/library/interface/compiler_fragment.rs:826:5
    |
826 |     Entity,
    |     ^^^^^^

warning: missing documentation for a variant
   --> crates/library/interface/compiler_fragment.rs:827:5
    |
827 |     External,
    |     ^^^^^^^^

warning: missing documentation for a variant
   --> crates/library/interface/compiler_fragment.rs:828:5
    |
828 |     Link,
    |     ^^^^

warning: missing documentation for a variant
   --> crates/library/interface/compiler_fragment.rs:829:5
    |
829 |     LinkOccurrence,
    |     ^^^^^^^^^^^^^^

warning: missing documentation for a variant
   --> crates/library/interface/compiler_fragment.rs:830:5
    |
830 |     TypeList,
    |     ^^^^^^^^

warning: missing documentation for a variant
   --> crates/library/interface/compiler_fragment.rs:831:5
    |
831 |     EntityList,
    |     ^^^^^^^^^^

warning: missing documentation for a variant
   --> crates/library/interface/compiler_fragment.rs:832:5
    |
832 |     AtomList,
    |     ^^^^^^^^

warning: missing documentation for a variant
   --> crates/library/interface/compiler_fragment.rs:833:5
    |
833 |     Docs,
    |     ^^^^

warning: missing documentation for a variant
   --> crates/library/interface/compiler_fragment.rs:834:5
    |
834 |     TupleElements,
    |     ^^^^^^^^^^^^^

warning: missing documentation for a variant
   --> crates/library/interface/compiler_fragment.rs:835:5
    |
835 |     ObjectMembers,
    |     ^^^^^^^^^^^^^

warning: missing documentation for a variant
   --> crates/library/interface/compiler_fragment.rs:836:5
    |
836 |     TemplateParts,
    |     ^^^^^^^^^^^^^

warning: missing documentation for a variant
   --> crates/library/interface/compiler_fragment.rs:837:5
    |
837 |     TypeParameterBounds,
    |     ^^^^^^^^^^^^^^^^^^^

warning: missing documentation for a variant
   --> crates/library/interface/compiler_fragment.rs:838:5
    |
838 |     TypeParameters,
    |     ^^^^^^^^^^^^^^

warning: missing documentation for a variant
   --> crates/library/interface/compiler_fragment.rs:839:5
    |
839 |     FreePredicates,
    |     ^^^^^^^^^^^^^^

warning: missing documentation for a variant
   --> crates/library/interface/compiler_fragment.rs:846:5
    |
846 |     Directory,
    |     ^^^^^^^^^

warning: missing documentation for a variant
   --> crates/library/interface/compiler_fragment.rs:847:5
    |
847 |     EntityLane,
    |     ^^^^^^^^^^

warning: missing documentation for a variant
   --> crates/library/interface/compiler_fragment.rs:848:5
    |
848 |     TypeNodeLane,
    |     ^^^^^^^^^^^^

warning: missing documentation for a variant
   --> crates/library/interface/compiler_fragment.rs:849:5
    |
849 |     AtomRecordLane,
    |     ^^^^^^^^^^^^^^

warning: missing documentation for a variant
   --> crates/library/interface/compiler_fragment.rs:850:5
    |
850 |     AtomByteLane,
    |     ^^^^^^^^^^^^

warning: missing documentation for a variant
   --> crates/library/interface/compiler_fragment.rs:851:5
    |
851 |     SourceIdentityLane,
    |     ^^^^^^^^^^^^^^^^^^

warning: missing documentation for a variant
   --> crates/library/interface/compiler_fragment.rs:852:5
    |
852 |     RecipeFactLane,
    |     ^^^^^^^^^^^^^^

warning: missing documentation for a variant
   --> crates/library/interface/compiler_fragment.rs:853:5
    |
853 |     SemanticData,
    |     ^^^^^^^^^^^^

warning: missing documentation for a variant
   --> crates/library/interface/compiler_fragment.rs:854:5
    |
854 |     Occurrences,
    |     ^^^^^^^^^^^

warning: missing documentation for a variant
   --> crates/library/interface/compiler_fragment.rs:855:5
    |
855 |     TypeFacts,
    |     ^^^^^^^^^

warning: missing documentation for a variant
   --> crates/library/interface/compiler_fragment.rs:856:5
    |
856 |     Documentation,
    |     ^^^^^^^^^^^^^

warning: missing documentation for a variant
   --> crates/library/interface/compiler_fragment.rs:857:5
    |
857 |     LanguageExtensions,
    |     ^^^^^^^^^^^^^^^^^^

warning: missing documentation for a variant
   --> crates/library/interface/compiler_fragment.rs:858:5
    |
858 |     ExtensionPools,
    |     ^^^^^^^^^^^^^^

warning: missing documentation for a variant
   --> crates/library/interface/compiler_fragment.rs:865:5
    |
865 |     Prepare,
    |     ^^^^^^^

warning: missing documentation for a variant
   --> crates/library/interface/compiler_fragment.rs:866:5
    |
866 |     Write,
    |     ^^^^^

warning: missing documentation for a variant
   --> crates/library/interface/compiler_fragment.rs:867:5
    |
867 |     Validate,
    |     ^^^^^^^^

warning: missing documentation for a variant
  --> crates/library/interface/compiler_fragment/nested.rs:15:5
   |
15 |     Atoms,
   |     ^^^^^

warning: missing documentation for a variant
  --> crates/library/interface/compiler_fragment/nested.rs:16:5
   |
16 |     Products,
   |     ^^^^^^^^

warning: missing documentation for a variant
  --> crates/library/interface/compiler_fragment/nested.rs:17:5
   |
17 |     Constructors,
   |     ^^^^^^^^^^^^

warning: missing documentation for a variant
  --> crates/library/interface/compiler_fragment/nested.rs:18:5
   |
18 |     Lists,
   |     ^^^^^

warning: missing documentation for a variant
  --> crates/library/interface/compiler_fragment/nested.rs:19:5
   |
19 |     Children,
   |     ^^^^^^^^

warning: missing documentation for a variant
  --> crates/library/interface/compiler_fragment/nested.rs:20:5
   |
20 |     AtomOrder,
   |     ^^^^^^^^^

warning: missing documentation for a variant
  --> crates/library/interface/compiler_fragment/nested.rs:21:5
   |
21 |     AtomMap,
   |     ^^^^^^^

warning: missing documentation for a variant
  --> crates/library/interface/compiler_fragment/nested.rs:22:5
   |
22 |     ProductOrder,
   |     ^^^^^^^^^^^^

warning: missing documentation for a variant
  --> crates/library/interface/compiler_fragment/nested.rs:23:5
   |
23 |     ProductMap,
   |     ^^^^^^^^^^

warning: missing documentation for a variant
  --> crates/library/interface/compiler_fragment/nested.rs:24:5
   |
24 |     Colors,
   |     ^^^^^^

warning: missing documentation for a variant
  --> crates/library/interface/compiler_fragment/nested.rs:25:5
   |
25 |     NextColors,
   |     ^^^^^^^^^^

warning: missing documentation for a variant
  --> crates/library/interface/compiler_fragment/nested.rs:26:5
   |
26 |     Hashes,
   |     ^^^^^^

warning: missing documentation for a variant
  --> crates/library/interface/compiler_fragment/nested.rs:27:5
   |
27 |     NextHashes,
   |     ^^^^^^^^^^

warning: missing documentation for a variant
  --> crates/library/interface/compiler_fragment/nested.rs:28:5
   |
28 |     Representatives,
   |     ^^^^^^^^^^^^^^^

warning: missing documentation for a variant
  --> crates/library/interface/compiler_fragment/nested.rs:29:5
   |
29 |     InternSlots,
   |     ^^^^^^^^^^^

warning: missing documentation for a variant
  --> crates/library/interface/compiler_fragment/nested.rs:36:5
   |
36 |     RefinementRounds,
   |     ^^^^^^^^^^^^^^^^

warning: missing documentation for a variant
  --> crates/library/interface/compiler_fragment/nested.rs:37:5
   |
37 |     SortComparisons,
   |     ^^^^^^^^^^^^^^^

warning: missing documentation for a variant
  --> crates/library/interface/compiler_fragment/nested.rs:38:5
   |
38 |     HashEvaluations,
   |     ^^^^^^^^^^^^^^^

warning: missing documentation for a variant
  --> crates/library/interface/compiler_fragment/nested.rs:39:5
   |
39 |     InternProbes,
   |     ^^^^^^^^^^^^

warning: missing documentation for a variant
  --> crates/library/interface/compiler_fragment/nested.rs:40:5
   |
40 |     Work,
   |     ^^^^

warning: missing documentation for a variant
  --> crates/library/interface/compiler_fragment/nested.rs:53:5
   |
53 |     EntityRecord(EntityRecordFaultFacts),
   |     ^^^^^^^^^^^^

warning: missing documentation for a variant
  --> crates/library/interface/compiler_fragment/nested.rs:54:5
   |
54 |     TypeNode(TypeNodeFaultFacts),
   |     ^^^^^^^^

warning: missing documentation for a variant
  --> crates/library/interface/compiler_fragment/nested.rs:55:5
   |
55 |     Atom(AtomFaultFacts),
   |     ^^^^

warning: missing documentation for a variant
  --> crates/library/interface/compiler_fragment/nested.rs:56:5
   |
56 |     CanonicalData(CanonicalDataFaultFacts),
   |     ^^^^^^^^^^^^^

warning: missing documentation for a variant
  --> crates/library/interface/compiler_fragment/nested.rs:57:5
   |
57 |     SemanticData(SemanticDataFaultFacts),
   |     ^^^^^^^^^^^^

warning: missing documentation for a variant
  --> crates/library/interface/compiler_fragment/nested.rs:58:5
   |
58 |     Occurrence(OccurrenceFaultFacts),
   |     ^^^^^^^^^^

warning: missing documentation for a variant
  --> crates/library/interface/compiler_fragment/nested.rs:59:5
   |
59 |     SignatureCarrier(SignatureCarrierFaultFacts),
   |     ^^^^^^^^^^^^^^^^

warning: missing documentation for a variant
  --> crates/library/interface/compiler_fragment/nested.rs:60:5
   |
60 |     Validation(ValidationFaultFacts),
   |     ^^^^^^^^^^

warning: missing documentation for a variant
  --> crates/library/interface/compiler_fragment/nested.rs:68:5
   |
68 |     EntityTypeReference,
   |     ^^^^^^^^^^^^^^^^^^^

warning: missing documentation for a variant
  --> crates/library/interface/compiler_fragment/nested.rs:69:5
   |
69 |     EntityNameReference,
   |     ^^^^^^^^^^^^^^^^^^^

warning: missing documentation for a variant
  --> crates/library/interface/compiler_fragment/nested.rs:70:5
   |
70 |     EntityKindTag,
   |     ^^^^^^^^^^^^^

warning: missing documentation for a variant
  --> crates/library/interface/compiler_fragment/nested.rs:71:5
   |
71 |     EntityReservedBits,
   |     ^^^^^^^^^^^^^^^^^^

warning: missing documentation for a variant
  --> crates/library/interface/compiler_fragment/nested.rs:72:5
   |
72 |     TypeNodeReservedBytes,
   |     ^^^^^^^^^^^^^^^^^^^^^

warning: missing documentation for a variant
  --> crates/library/interface/compiler_fragment/nested.rs:73:5
   |
73 |     TypeNodeTag,
   |     ^^^^^^^^^^^

warning: missing documentation for a variant
  --> crates/library/interface/compiler_fragment/nested.rs:74:5
   |
74 |     TypeNodePrimitive,
   |     ^^^^^^^^^^^^^^^^^

warning: missing documentation for a variant
  --> crates/library/interface/compiler_fragment/nested.rs:75:5
   |
75 |     TypeNodeEdge,
   |     ^^^^^^^^^^^^

warning: missing documentation for a variant
  --> crates/library/interface/compiler_fragment/nested.rs:76:5
   |
76 |     AtomRange,
   |     ^^^^^^^^^

warning: missing documentation for a variant
  --> crates/library/interface/compiler_fragment/nested.rs:77:5
   |
77 |     AtomEmpty,
   |     ^^^^^^^^^

warning: missing documentation for a variant
  --> crates/library/interface/compiler_fragment/nested.rs:78:5
   |
78 |     CanonicalDataCount,
   |     ^^^^^^^^^^^^^^^^^^

warning: missing documentation for a variant
  --> crates/library/interface/compiler_fragment/nested.rs:79:5
   |
79 |     CanonicalDataNativeCount,
   |     ^^^^^^^^^^^^^^^^^^^^^^^^

warning: missing documentation for a variant
  --> crates/library/interface/compiler_fragment/nested.rs:80:5
   |
80 |     CanonicalDataNativeWork,
   |     ^^^^^^^^^^^^^^^^^^^^^^^

warning: missing documentation for a variant
  --> crates/library/interface/compiler_fragment/nested.rs:81:5
   |
81 |     CanonicalDataCanonicalCountOverflow,
   |     ^^^^^^^^^^^^^^^^^^^^^^^^^^^^^^^^^^^

warning: missing documentation for a variant
  --> crates/library/interface/compiler_fragment/nested.rs:82:5
   |
82 |     CanonicalDataCanonicalCountMismatch,
   |     ^^^^^^^^^^^^^^^^^^^^^^^^^^^^^^^^^^^

warning: missing documentation for a variant
  --> crates/library/interface/compiler_fragment/nested.rs:83:5
   |
83 |     CanonicalDataScratch,
   |     ^^^^^^^^^^^^^^^^^^^^

warning: missing documentation for a variant
  --> crates/library/interface/compiler_fragment/nested.rs:84:5
   |
84 |     CanonicalDataOutputTooSmall,
   |     ^^^^^^^^^^^^^^^^^^^^^^^^^^^

warning: missing documentation for a variant
  --> crates/library/interface/compiler_fragment/nested.rs:85:5
   |
85 |     CanonicalDataProductHead,
   |     ^^^^^^^^^^^^^^^^^^^^^^^^

warning: missing documentation for a variant
  --> crates/library/interface/compiler_fragment/nested.rs:86:5
   |
86 |     CanonicalDataProductList,
   |     ^^^^^^^^^^^^^^^^^^^^^^^^

warning: missing documentation for a variant
  --> crates/library/interface/compiler_fragment/nested.rs:87:5
   |
87 |     CanonicalDataConstructorCount,
   |     ^^^^^^^^^^^^^^^^^^^^^^^^^^^^^

warning: missing documentation for a variant
  --> crates/library/interface/compiler_fragment/nested.rs:88:5
   |
88 |     CanonicalDataConstructorTag,
   |     ^^^^^^^^^^^^^^^^^^^^^^^^^^^

warning: missing documentation for a variant
  --> crates/library/interface/compiler_fragment/nested.rs:89:5
   |
89 |     CanonicalDataConstructorReservedPayload,
   |     ^^^^^^^^^^^^^^^^^^^^^^^^^^^^^^^^^^^^^^^

warning: missing documentation for a variant
  --> crates/library/interface/compiler_fragment/nested.rs:90:5
   |
90 |     CanonicalDataConstructorArityOverflow,
   |     ^^^^^^^^^^^^^^^^^^^^^^^^^^^^^^^^^^^^^

warning: missing documentation for a variant
  --> crates/library/interface/compiler_fragment/nested.rs:91:5
   |
91 |     CanonicalDataConstructorArity,
   |     ^^^^^^^^^^^^^^^^^^^^^^^^^^^^^

warning: missing documentation for a variant
  --> crates/library/interface/compiler_fragment/nested.rs:92:5
   |
92 |     CanonicalDataProductChildRole,
   |     ^^^^^^^^^^^^^^^^^^^^^^^^^^^^^

warning: missing documentation for a variant
  --> crates/library/interface/compiler_fragment/nested.rs:93:5
   |
93 |     CanonicalDataListExtent,
   |     ^^^^^^^^^^^^^^^^^^^^^^^

warning: missing documentation for a variant
  --> crates/library/interface/compiler_fragment/nested.rs:94:5
   |
94 |     CanonicalDataNativeExtent,
   |     ^^^^^^^^^^^^^^^^^^^^^^^^^

warning: missing documentation for a variant
  --> crates/library/interface/compiler_fragment/nested.rs:95:5
   |
95 |     CanonicalDataProductChild,
   |     ^^^^^^^^^^^^^^^^^^^^^^^^^

warning: missing documentation for a variant
  --> crates/library/interface/compiler_fragment/nested.rs:96:5
   |
96 |     CanonicalDataOutputLength,
   |     ^^^^^^^^^^^^^^^^^^^^^^^^^

warning: missing documentation for a variant
  --> crates/library/interface/compiler_fragment/nested.rs:97:5
   |
97 |     CanonicalDataCanonicalListExtent,
   |     ^^^^^^^^^^^^^^^^^^^^^^^^^^^^^^^^

warning: missing documentation for a variant
  --> crates/library/interface/compiler_fragment/nested.rs:98:5
   |
98 |     CanonicalDataCanonicalAtom,
   |     ^^^^^^^^^^^^^^^^^^^^^^^^^^

warning: missing documentation for a variant
  --> crates/library/interface/compiler_fragment/nested.rs:99:5
   |
99 |     CanonicalDataCanonicalProduct,
   |     ^^^^^^^^^^^^^^^^^^^^^^^^^^^^^

warning: missing documentation for a variant
   --> crates/library/interface/compiler_fragment/nested.rs:100:5
    |
100 |     CanonicalDataCanonicalList,
    |     ^^^^^^^^^^^^^^^^^^^^^^^^^^

warning: missing documentation for a variant
   --> crates/library/interface/compiler_fragment/nested.rs:101:5
    |
101 |     CanonicalDataRefinementBound,
    |     ^^^^^^^^^^^^^^^^^^^^^^^^^^^^

warning: missing documentation for a variant
   --> crates/library/interface/compiler_fragment/nested.rs:102:5
    |
102 |     CanonicalDataInternTableFull,
    |     ^^^^^^^^^^^^^^^^^^^^^^^^^^^^

warning: missing documentation for a variant
   --> crates/library/interface/compiler_fragment/nested.rs:103:5
    |
103 |     CanonicalDataInternEntry,
    |     ^^^^^^^^^^^^^^^^^^^^^^^^

warning: missing documentation for a variant
   --> crates/library/interface/compiler_fragment/nested.rs:104:5
    |
104 |     CanonicalDataResourceCounterOverflow,
    |     ^^^^^^^^^^^^^^^^^^^^^^^^^^^^^^^^^^^^

warning: missing documentation for a variant
   --> crates/library/interface/compiler_fragment/nested.rs:105:5
    |
105 |     CanonicalDataBudgetAdmission,
    |     ^^^^^^^^^^^^^^^^^^^^^^^^^^^^

warning: missing documentation for a variant
   --> crates/library/interface/compiler_fragment/nested.rs:106:5
    |
106 |     CanonicalDataBudgetExceeded,
    |     ^^^^^^^^^^^^^^^^^^^^^^^^^^^

warning: missing documentation for a variant
   --> crates/library/interface/compiler_fragment/nested.rs:107:5
    |
107 |     SemanticDataHeader,
    |     ^^^^^^^^^^^^^^^^^^

warning: missing documentation for a variant
   --> crates/library/interface/compiler_fragment/nested.rs:108:5
    |
108 |     SemanticDataAtomLength,
    |     ^^^^^^^^^^^^^^^^^^^^^^

warning: missing documentation for a variant
   --> crates/library/interface/compiler_fragment/nested.rs:109:5
    |
109 |     SemanticDataProductHead,
    |     ^^^^^^^^^^^^^^^^^^^^^^^

warning: missing documentation for a variant
   --> crates/library/interface/compiler_fragment/nested.rs:110:5
    |
110 |     SemanticDataProductList,
    |     ^^^^^^^^^^^^^^^^^^^^^^^

warning: missing documentation for a variant
   --> crates/library/interface/compiler_fragment/nested.rs:111:5
    |
111 |     SemanticDataConstructorCount,
    |     ^^^^^^^^^^^^^^^^^^^^^^^^^^^^

warning: missing documentation for a variant
   --> crates/library/interface/compiler_fragment/nested.rs:112:5
    |
112 |     SemanticDataEntityRootCount,
    |     ^^^^^^^^^^^^^^^^^^^^^^^^^^^

warning: missing documentation for a variant
   --> crates/library/interface/compiler_fragment/nested.rs:113:5
    |
113 |     SemanticDataEntityRoot,
    |     ^^^^^^^^^^^^^^^^^^^^^^

warning: missing documentation for a variant
   --> crates/library/interface/compiler_fragment/nested.rs:114:5
    |
114 |     SemanticDataConstructorTag,
    |     ^^^^^^^^^^^^^^^^^^^^^^^^^^

warning: missing documentation for a variant
   --> crates/library/interface/compiler_fragment/nested.rs:115:5
    |
115 |     SemanticDataConstructorReservedPayload,
    |     ^^^^^^^^^^^^^^^^^^^^^^^^^^^^^^^^^^^^^^

warning: missing documentation for a variant
   --> crates/library/interface/compiler_fragment/nested.rs:116:5
    |
116 |     SemanticDataConstructorArityOverflow,
    |     ^^^^^^^^^^^^^^^^^^^^^^^^^^^^^^^^^^^^

warning: missing documentation for a variant
   --> crates/library/interface/compiler_fragment/nested.rs:117:5
    |
117 |     SemanticDataConstructorArity,
    |     ^^^^^^^^^^^^^^^^^^^^^^^^^^^^

warning: missing documentation for a variant
   --> crates/library/interface/compiler_fragment/nested.rs:118:5
    |
118 |     SemanticDataListExtent,
    |     ^^^^^^^^^^^^^^^^^^^^^^

warning: missing documentation for a variant
   --> crates/library/interface/compiler_fragment/nested.rs:119:5
    |
119 |     SemanticDataChildRoleCode,
    |     ^^^^^^^^^^^^^^^^^^^^^^^^^

warning: missing documentation for a variant
   --> crates/library/interface/compiler_fragment/nested.rs:120:5
    |
120 |     SemanticDataChildRole,
    |     ^^^^^^^^^^^^^^^^^^^^^

warning: missing documentation for a variant
   --> crates/library/interface/compiler_fragment/nested.rs:121:5
    |
121 |     SemanticDataChildTag,
    |     ^^^^^^^^^^^^^^^^^^^^

warning: missing documentation for a variant
   --> crates/library/interface/compiler_fragment/nested.rs:122:5
    |
122 |     SemanticDataLocalChild,
    |     ^^^^^^^^^^^^^^^^^^^^^^

warning: missing documentation for a variant
   --> crates/library/interface/compiler_fragment/nested.rs:123:5
    |
123 |     SemanticDataLocalReserved,
    |     ^^^^^^^^^^^^^^^^^^^^^^^^^

warning: missing documentation for a variant
   --> crates/library/interface/compiler_fragment/nested.rs:124:5
    |
124 |     SemanticDataExternalAuthority,
    |     ^^^^^^^^^^^^^^^^^^^^^^^^^^^^^

warning: missing documentation for a variant
   --> crates/library/interface/compiler_fragment/nested.rs:125:5
    |
125 |     SemanticDataTrailing,
    |     ^^^^^^^^^^^^^^^^^^^^

warning: missing documentation for a variant
   --> crates/library/interface/compiler_fragment/nested.rs:126:5
    |
126 |     OccurrenceOwner,
    |     ^^^^^^^^^^^^^^^

warning: missing documentation for a variant
   --> crates/library/interface/compiler_fragment/nested.rs:127:5
    |
127 |     OccurrenceLocalTarget,
    |     ^^^^^^^^^^^^^^^^^^^^^

warning: missing documentation for a variant
   --> crates/library/interface/compiler_fragment/nested.rs:128:5
    |
128 |     OccurrenceTargetTag,
    |     ^^^^^^^^^^^^^^^^^^^

warning: missing documentation for a variant
   --> crates/library/interface/compiler_fragment/nested.rs:129:5
    |
129 |     OccurrenceOriginTag,
    |     ^^^^^^^^^^^^^^^^^^^

warning: missing documentation for a variant
   --> crates/library/interface/compiler_fragment/nested.rs:130:5
    |
130 |     OccurrenceReferenceKind,
    |     ^^^^^^^^^^^^^^^^^^^^^^^

warning: missing documentation for a variant
   --> crates/library/interface/compiler_fragment/nested.rs:131:5
    |
131 |     OccurrenceConfidence,
    |     ^^^^^^^^^^^^^^^^^^^^

warning: missing documentation for a variant
   --> crates/library/interface/compiler_fragment/nested.rs:132:5
    |
132 |     OccurrenceSpan,
    |     ^^^^^^^^^^^^^^

warning: missing documentation for a variant
   --> crates/library/interface/compiler_fragment/nested.rs:133:5
    |
133 |     OccurrenceKindCell,
    |     ^^^^^^^^^^^^^^^^^^

warning: missing documentation for a variant
   --> crates/library/interface/compiler_fragment/nested.rs:134:5
    |
134 |     OccurrenceEmptyPath,
    |     ^^^^^^^^^^^^^^^^^^^

warning: missing documentation for a variant
   --> crates/library/interface/compiler_fragment/nested.rs:135:5
    |
135 |     OccurrenceTruncated,
    |     ^^^^^^^^^^^^^^^^^^^

warning: missing documentation for a variant
   --> crates/library/interface/compiler_fragment/nested.rs:136:5
    |
136 |     OccurrenceTrailingBytes,
    |     ^^^^^^^^^^^^^^^^^^^^^^^

warning: missing documentation for a variant
   --> crates/library/interface/compiler_fragment/nested.rs:137:5
    |
137 |     OccurrenceLegacyStableTarget,
    |     ^^^^^^^^^^^^^^^^^^^^^^^^^^^^

warning: missing documentation for a variant
   --> crates/library/interface/compiler_fragment/nested.rs:138:5
    |
138 |     OccurrenceAuthorityDomain,
    |     ^^^^^^^^^^^^^^^^^^^^^^^^^

warning: missing documentation for a variant
   --> crates/library/interface/compiler_fragment/nested.rs:139:5
    |
139 |     OccurrenceAuthorityWidth,
    |     ^^^^^^^^^^^^^^^^^^^^^^^^

warning: missing documentation for a variant
   --> crates/library/interface/compiler_fragment/nested.rs:140:5
    |
140 |     ValidateTruncatedHeader,
    |     ^^^^^^^^^^^^^^^^^^^^^^^

warning: missing documentation for a variant
   --> crates/library/interface/compiler_fragment/nested.rs:141:5
    |
141 |     ValidateMagic,
    |     ^^^^^^^^^^^^^

warning: missing documentation for a variant
   --> crates/library/interface/compiler_fragment/nested.rs:142:5
    |
142 |     ValidateSchema,
    |     ^^^^^^^^^^^^^^

warning: missing documentation for a variant
   --> crates/library/interface/compiler_fragment/nested.rs:143:5
    |
143 |     ValidateDeclaredLength,
    |     ^^^^^^^^^^^^^^^^^^^^^^

warning: missing documentation for a variant
   --> crates/library/interface/compiler_fragment/nested.rs:144:5
    |
144 |     ValidateExtent,
    |     ^^^^^^^^^^^^^^

warning: missing documentation for a variant
   --> crates/library/interface/compiler_fragment/nested.rs:145:5
    |
145 |     ValidateWireWidth,
    |     ^^^^^^^^^^^^^^^^^

warning: missing documentation for a variant
   --> crates/library/interface/compiler_fragment/nested.rs:146:5
    |
146 |     SignatureCarrierRoleCount,
    |     ^^^^^^^^^^^^^^^^^^^^^^^^^

warning: missing documentation for a variant
   --> crates/library/interface/compiler_fragment/nested.rs:147:5
    |
147 |     SignatureCarrierRoleKind,
    |     ^^^^^^^^^^^^^^^^^^^^^^^^

warning: missing documentation for a variant
   --> crates/library/interface/compiler_fragment/nested.rs:148:5
    |
148 |     SignatureCarrierRoleOwnerKind,
    |     ^^^^^^^^^^^^^^^^^^^^^^^^^^^^^

warning: missing documentation for a variant
   --> crates/library/interface/compiler_fragment/nested.rs:149:5
    |
149 |     SignatureCarrierBindingOwnerSet,
    |     ^^^^^^^^^^^^^^^^^^^^^^^^^^^^^^^

warning: missing documentation for a variant
   --> crates/library/interface/compiler_fragment/nested.rs:150:5
    |
150 |     SignatureCarrierBindingSignature,
    |     ^^^^^^^^^^^^^^^^^^^^^^^^^^^^^^^^

warning: missing documentation for a variant
   --> crates/library/interface/compiler_fragment/nested.rs:151:5
    |
151 |     SignatureCarrierBindingCounts,
    |     ^^^^^^^^^^^^^^^^^^^^^^^^^^^^^

warning: missing documentation for a variant
   --> crates/library/interface/compiler_fragment/nested.rs:152:5
    |
152 |     SignatureCarrierBindingEdgeRole,
    |     ^^^^^^^^^^^^^^^^^^^^^^^^^^^^^^^

warning: missing documentation for a variant
   --> crates/library/interface/compiler_fragment/nested.rs:153:5
    |
153 |     SignatureCarrierBindingTargetCount,
    |     ^^^^^^^^^^^^^^^^^^^^^^^^^^^^^^^^^^

warning: missing documentation for a variant
   --> crates/library/interface/compiler_fragment/nested.rs:154:5
    |
154 |     SignatureCarrierBindingTargetKind,
    |     ^^^^^^^^^^^^^^^^^^^^^^^^^^^^^^^^^

warning: missing documentation for a variant
   --> crates/library/interface/compiler_fragment/nested.rs:155:5
    |
155 |     SignatureCarrierBindingType,
    |     ^^^^^^^^^^^^^^^^^^^^^^^^^^^

warning: missing documentation for a variant
   --> crates/library/interface/compiler_fragment/nested.rs:156:5
    |
156 |     SignatureCarrierBindingEdgeMismatch,
    |     ^^^^^^^^^^^^^^^^^^^^^^^^^^^^^^^^^^^

warning: missing documentation for a variant
   --> crates/library/interface/compiler_fragment/nested.rs:168:15
    |
168 |               $($variant { $($field: $ty),* }),*
    |                 ^^^^^^^^^^^^^^^^^^^^^^^^^^^^^
...
173 | / nested_fault_enum! {
174 | |     /// Entity-record and entity-coordinate validation subcauses.
175 | |     EntityRecordFaultFacts {
176 | |         TypeReference { ordinal: u32, target: u32, node_count: u32 },
...   |
181 | | }
    | |_- in this macro invocation
    |
    = note: this warning originates in the macro `nested_fault_enum` (in Nightly builds, run with -Z macro-backtrace for more info)

warning: missing documentation for a struct field
   --> crates/library/interface/compiler_fragment/nested.rs:168:28
    |
168 |               $($variant { $($field: $ty),* }),*
    |                              ^^^^^^^^^^^
...
173 | / nested_fault_enum! {
174 | |     /// Entity-record and entity-coordinate validation subcauses.
175 | |     EntityRecordFaultFacts {
176 | |         TypeReference { ordinal: u32, target: u32, node_count: u32 },
...   |
181 | | }
    | |_- in this macro invocation
    |
    = note: this warning originates in the macro `nested_fault_enum` (in Nightly builds, run with -Z macro-backtrace for more info)

warning: missing documentation for a variant
    --> crates/library/interface/compiler_fragment/nested.rs:168:15
     |
 168 |               $($variant { $($field: $ty),* }),*
     |                 ^^^^^^^^^^^^^^^^^^^^^^^^^^^^^
...
1017 | / nested_fault_enum! {
1018 | |     /// Type-node validation subcauses.
1019 | |     TypeNodeFaultFacts {
1020 | |         ReservedBytes { ordinal: u32, packed: u32 },
...    |
1025 | | }
     | |_- in this macro invocation
     |
     = note: this warning originates in the macro `nested_fault_enum` (in Nightly builds, run with -Z macro-backtrace for more info)

warning: missing documentation for a struct field
    --> crates/library/interface/compiler_fragment/nested.rs:168:28
     |
 168 |               $($variant { $($field: $ty),* }),*
     |                              ^^^^^^^^^^^
...
1017 | / nested_fault_enum! {
1018 | |     /// Type-node validation subcauses.
1019 | |     TypeNodeFaultFacts {
1020 | |         ReservedBytes { ordinal: u32, packed: u32 },
...    |
1025 | | }
     | |_- in this macro invocation
     |
     = note: this warning originates in the macro `nested_fault_enum` (in Nightly builds, run with -Z macro-backtrace for more info)

warning: missing documentation for a variant
    --> crates/library/interface/compiler_fragment/nested.rs:168:15
     |
 168 |               $($variant { $($field: $ty),* }),*
     |                 ^^^^^^^^^^^^^^^^^^^^^^^^^^^^^
...
1027 | / nested_fault_enum! {
1028 | |     /// Atom-record validation subcauses.
1029 | |     AtomFaultFacts {
1030 | |         Range { ordinal: u32, start: u32, length: u32, byte_count: u32 },
...    |
1033 | | }
     | |_- in this macro invocation
     |
     = note: this warning originates in the macro `nested_fault_enum` (in Nightly builds, run with -Z macro-backtrace for more info)

warning: missing documentation for a struct field
    --> crates/library/interface/compiler_fragment/nested.rs:168:28
     |
 168 |               $($variant { $($field: $ty),* }),*
     |                              ^^^^^^^^^^^
...
1027 | / nested_fault_enum! {
1028 | |     /// Atom-record validation subcauses.
1029 | |     AtomFaultFacts {
1030 | |         Range { ordinal: u32, start: u32, length: u32, byte_count: u32 },
...    |
1033 | | }
     | |_- in this macro invocation
     |
     = note: this warning originates in the macro `nested_fault_enum` (in Nightly builds, run with -Z macro-backtrace for more info)

warning: missing documentation for a variant
    --> crates/library/interface/compiler_fragment/nested.rs:168:15
     |
 168 |               $($variant { $($field: $ty),* }),*
     |                 ^^^^^^^^^^^^^^^^^^^^^^^^^^^^^
...
1035 | / nested_fault_enum! {
1036 | |     /// Canonical semantic graph preparation subcauses.
1037 | |     CanonicalDataFaultFacts {
1038 | |         Count { lane: Lane, actual: u64 },
...    |
1068 | | }
     | |_- in this macro invocation
     |
     = note: this warning originates in the macro `nested_fault_enum` (in Nightly builds, run with -Z macro-backtrace for more info)

warning: missing documentation for a struct field
    --> crates/library/interface/compiler_fragment/nested.rs:168:28
     |
 168 |               $($variant { $($field: $ty),* }),*
     |                              ^^^^^^^^^^^
...
1035 | / nested_fault_enum! {
1036 | |     /// Canonical semantic graph preparation subcauses.
1037 | |     CanonicalDataFaultFacts {
1038 | |         Count { lane: Lane, actual: u64 },
...    |
1068 | | }
     | |_- in this macro invocation
     |
     = note: this warning originates in the macro `nested_fault_enum` (in Nightly builds, run with -Z macro-backtrace for more info)

warning: missing documentation for a variant
    --> crates/library/interface/compiler_fragment/nested.rs:168:15
     |
 168 |               $($variant { $($field: $ty),* }),*
     |                 ^^^^^^^^^^^^^^^^^^^^^^^^^^^^^
...
1070 | / nested_fault_enum! {
1071 | |     /// Semantic-data reopening subcauses.
1072 | |     SemanticDataFaultFacts {
1073 | |         Header { required: u64, actual: u64 },
...    |
1093 | | }
     | |_- in this macro invocation
     |
     = note: this warning originates in the macro `nested_fault_enum` (in Nightly builds, run with -Z macro-backtrace for more info)

warning: missing documentation for a struct field
    --> crates/library/interface/compiler_fragment/nested.rs:168:28
     |
 168 |               $($variant { $($field: $ty),* }),*
     |                              ^^^^^^^^^^^
...
1070 | / nested_fault_enum! {
1071 | |     /// Semantic-data reopening subcauses.
1072 | |     SemanticDataFaultFacts {
1073 | |         Header { required: u64, actual: u64 },
...    |
1093 | | }
     | |_- in this macro invocation
     |
     = note: this warning originates in the macro `nested_fault_enum` (in Nightly builds, run with -Z macro-backtrace for more info)

warning: missing documentation for a variant
    --> crates/library/interface/compiler_fragment/nested.rs:168:15
     |
 168 |               $($variant { $($field: $ty),* }),*
     |                 ^^^^^^^^^^^^^^^^^^^^^^^^^^^^^
...
1095 | / nested_fault_enum! {
1096 | |     /// Occurrence-plane reopening subcauses.
1097 | |     OccurrenceFaultFacts {
1098 | |         Owner { ordinal: u32, owner: u32, entity_count: u32 },
...    |
1113 | | }
     | |_- in this macro invocation
     |
     = note: this warning originates in the macro `nested_fault_enum` (in Nightly builds, run with -Z macro-backtrace for more info)

warning: missing documentation for a struct field
    --> crates/library/interface/compiler_fragment/nested.rs:168:28
     |
 168 |               $($variant { $($field: $ty),* }),*
     |                              ^^^^^^^^^^^
...
1095 | / nested_fault_enum! {
1096 | |     /// Occurrence-plane reopening subcauses.
1097 | |     OccurrenceFaultFacts {
1098 | |         Owner { ordinal: u32, owner: u32, entity_count: u32 },
...    |
1113 | | }
     | |_- in this macro invocation
     |
     = note: this warning originates in the macro `nested_fault_enum` (in Nightly builds, run with -Z macro-backtrace for more info)

warning: missing documentation for a variant
    --> crates/library/interface/compiler_fragment/nested.rs:168:15
     |
 168 |               $($variant { $($field: $ty),* }),*
     |                 ^^^^^^^^^^^^^^^^^^^^^^^^^^^^^
...
1115 | / nested_fault_enum! {
1116 | |     /// Signature-carrier binding subcauses.
1117 | |     SignatureCarrierFaultFacts {
1118 | |         RoleCount { expected: u64, observed: u64 },
...    |
1130 | | }
     | |_- in this macro invocation
     |
     = note: this warning originates in the macro `nested_fault_enum` (in Nightly builds, run with -Z macro-backtrace for more info)

warning: missing documentation for a struct field
    --> crates/library/interface/compiler_fragment/nested.rs:168:28
     |
 168 |               $($variant { $($field: $ty),* }),*
     |                              ^^^^^^^^^^^
...
1115 | / nested_fault_enum! {
1116 | |     /// Signature-carrier binding subcauses.
1117 | |     SignatureCarrierFaultFacts {
1118 | |         RoleCount { expected: u64, observed: u64 },
...    |
1130 | | }
     | |_- in this macro invocation
     |
     = note: this warning originates in the macro `nested_fault_enum` (in Nightly builds, run with -Z macro-backtrace for more info)

warning: missing documentation for a variant
    --> crates/library/interface/compiler_fragment/nested.rs:168:15
     |
 168 |               $($variant { $($field: $ty),* }),*
     |                 ^^^^^^^^^^^^^^^^^^^^^^^^^^^^^
...
1132 | / nested_fault_enum! {
1133 | |     /// Fragment header and extent validation subcauses.
1134 | |     ValidationFaultFacts {
1135 | |         TruncatedHeader { required: u64, actual: u64 },
...    |
1147 | | }
     | |_- in this macro invocation
     |
     = note: this warning originates in the macro `nested_fault_enum` (in Nightly builds, run with -Z macro-backtrace for more info)

warning: missing documentation for a struct field
    --> crates/library/interface/compiler_fragment/nested.rs:168:28
     |
 168 |               $($variant { $($field: $ty),* }),*
     |                              ^^^^^^^^^^^
...
1132 | / nested_fault_enum! {
1133 | |     /// Fragment header and extent validation subcauses.
1134 | |     ValidationFaultFacts {
1135 | |         TruncatedHeader { required: u64, actual: u64 },
...    |
1147 | | }
     | |_- in this macro invocation
     |
     = note: this warning originates in the macro `nested_fault_enum` (in Nightly builds, run with -Z macro-backtrace for more info)

warning: unreachable `pub` item
  --> crates/library/surface.rs:25:5
   |
24 | pub use package_compiler_failure::{
   | --- help: consider restricting its visibility: `pub(crate)`
25 |     AuthorityClassFact, AuthorityPhaseFact, CompilerAuthorityDiagnosticFacts, CompilerLanguageFact,
   |     ^^^^^^^^^^^^^^^^^^
   |
   = help: or consider exporting it for use by other crates
   = note: requested on the command line with `-W unreachable-pub`

warning: unreachable `pub` item
  --> crates/library/surface.rs:25:25
   |
24 | pub use package_compiler_failure::{
   | --- help: consider restricting its visibility: `pub(crate)`
25 |     AuthorityClassFact, AuthorityPhaseFact, CompilerAuthorityDiagnosticFacts, CompilerLanguageFact,
   |                         ^^^^^^^^^^^^^^^^^^
   |
   = help: or consider exporting it for use by other crates

warning: unreachable `pub` item
  --> crates/library/surface.rs:25:45
   |
24 | pub use package_compiler_failure::{
   | --- help: consider restricting its visibility: `pub(crate)`
25 |     AuthorityClassFact, AuthorityPhaseFact, CompilerAuthorityDiagnosticFacts, CompilerLanguageFact,
   |                                             ^^^^^^^^^^^^^^^^^^^^^^^^^^^^^^^^
   |
   = help: or consider exporting it for use by other crates

warning: unreachable `pub` item
  --> crates/library/surface.rs:25:79
   |
24 | pub use package_compiler_failure::{
   | --- help: consider restricting its visibility: `pub(crate)`
25 |     AuthorityClassFact, AuthorityPhaseFact, CompilerAuthorityDiagnosticFacts, CompilerLanguageFact,
   |                                                                               ^^^^^^^^^^^^^^^^^^^^
   |
   = help: or consider exporting it for use by other crates

warning: unreachable `pub` item
  --> crates/library/surface.rs:26:5
   |
24 | pub use package_compiler_failure::{
   | --- help: consider restricting its visibility: `pub(crate)`
25 |     AuthorityClassFact, AuthorityPhaseFact, CompilerAuthorityDiagnosticFacts, CompilerLanguageFact,
26 |     CompilerNativeToolFact, CompilerStageFact, PackageCompilerFailureCause,
   |     ^^^^^^^^^^^^^^^^^^^^^^
   |
   = help: or consider exporting it for use by other crates

warning: unreachable `pub` item
  --> crates/library/surface.rs:26:29
   |
24 | pub use package_compiler_failure::{
   | --- help: consider restricting its visibility: `pub(crate)`
25 |     AuthorityClassFact, AuthorityPhaseFact, CompilerAuthorityDiagnosticFacts, CompilerLanguageFact,
26 |     CompilerNativeToolFact, CompilerStageFact, PackageCompilerFailureCause,
   |                             ^^^^^^^^^^^^^^^^^
   |
   = help: or consider exporting it for use by other crates

warning: missing documentation for a variant
  --> crates/library/surface/package_compiler_failure.rs:27:5
   |
27 |     Prepare,
   |     ^^^^^^^

warning: missing documentation for a variant
  --> crates/library/surface/package_compiler_failure.rs:28:5
   |
28 |     Write,
   |     ^^^^^

warning: missing documentation for a variant
  --> crates/library/surface/package_compiler_failure.rs:29:5
   |
29 |     Validate,
   |     ^^^^^^^^

warning: missing documentation for a variant
  --> crates/library/surface/package_compiler_failure.rs:30:5
   |
30 |     Setup,
   |     ^^^^^

warning: missing documentation for a variant
  --> crates/library/surface/package_compiler_failure.rs:31:5
   |
31 |     Lowering,
   |     ^^^^^^^^

warning: missing documentation for a variant
  --> crates/library/surface/package_compiler_failure.rs:32:5
   |
32 |     Authority,
   |     ^^^^^^^^^

warning: missing documentation for a struct field
   --> crates/library/surface/package_compiler_failure.rs:125:9
    |
125 |         kind: CompilerFragmentFaultKind,
    |         ^^^^^^^^^^^^^^^^^^^^^^^^^^^^^^^

warning: missing documentation for a struct field
   --> crates/library/surface/package_compiler_failure.rs:126:9
    |
126 |         facts: CompilerFragmentFaultFacts,
    |         ^^^^^^^^^^^^^^^^^^^^^^^^^^^^^^^^^

warning: missing documentation for a struct field
   --> crates/library/surface/package_compiler_failure.rs:130:9
    |
130 |         language: CompilerLanguageFact,
    |         ^^^^^^^^^^^^^^^^^^^^^^^^^^^^^^

warning: missing documentation for a struct field
   --> crates/library/surface/package_compiler_failure.rs:131:9
    |
131 |         stage: CompilerStageFact,
    |         ^^^^^^^^^^^^^^^^^^^^^^^^

warning: missing documentation for a struct field
   --> crates/library/surface/package_compiler_failure.rs:132:9
    |
132 |         selected: CompilerNativeToolFact,
    |         ^^^^^^^^^^^^^^^^^^^^^^^^^^^^^^^^

warning: missing documentation for a struct field
   --> crates/library/surface/package_compiler_failure.rs:133:9
    |
133 |         configured: Option<CompilerNativeToolFact>,
    |         ^^^^^^^^^^^^^^^^^^^^^^^^^^^^^^^^^^^^^^^^^^

warning: missing documentation for a struct field
   --> crates/library/surface/package_compiler_failure.rs:137:9
    |
137 |         language: CompilerLanguageFact,
    |         ^^^^^^^^^^^^^^^^^^^^^^^^^^^^^^

warning: missing documentation for a struct field
   --> crates/library/surface/package_compiler_failure.rs:138:9
    |
138 |         stage: CompilerStageFact,
    |         ^^^^^^^^^^^^^^^^^^^^^^^^

warning: missing documentation for a struct field
   --> crates/library/surface/package_compiler_failure.rs:139:9
    |
139 |         tool: CompilerNativeToolFact,
    |         ^^^^^^^^^^^^^^^^^^^^^^^^^^^^

warning: missing documentation for a struct field
   --> crates/library/surface/package_compiler_failure.rs:145:9
    |
145 |         phase: AuthorityPhaseFact,
    |         ^^^^^^^^^^^^^^^^^^^^^^^^^

warning: missing documentation for a struct field
   --> crates/library/surface/package_compiler_failure.rs:146:9
    |
146 |         class: AuthorityClassFact,
    |         ^^^^^^^^^^^^^^^^^^^^^^^^^

warning: missing documentation for a struct field
   --> crates/library/surface/package_compiler_failure.rs:147:9
    |
147 |         diagnostic: Option<CompilerAuthorityDiagnosticFacts>,
    |         ^^^^^^^^^^^^^^^^^^^^^^^^^^^^^^^^^^^^^^^^^^^^^^^^^^^^

warning: missing documentation for a variant
   --> crates/library/surface/package_compiler_failure.rs:251:5
    |
251 |     NoSupportedDeclaration,
    |     ^^^^^^^^^^^^^^^^^^^^^^

warning: missing documentation for a variant
   --> crates/library/surface/package_compiler_failure.rs:252:5
    |
252 |     ExtensionAtomUnbound {
    |     ^^^^^^^^^^^^^^^^^^^^

warning: missing documentation for a struct field
   --> crates/library/surface/package_compiler_failure.rs:253:9
    |
253 |         row: u32,
    |         ^^^^^^^^

warning: missing documentation for a struct field
   --> crates/library/surface/package_compiler_failure.rs:254:9
    |
254 |         provisional: u32,
    |         ^^^^^^^^^^^^^^^^

warning: missing documentation for a struct field
   --> crates/library/surface/package_compiler_failure.rs:255:9
    |
255 |         atom_count: u32,
    |         ^^^^^^^^^^^^^^^

warning: missing documentation for a variant
   --> crates/library/surface/package_compiler_failure.rs:257:5
    |
257 |     ExtensionTypeParametersUnbound {
    |     ^^^^^^^^^^^^^^^^^^^^^^^^^^^^^^

warning: missing documentation for a struct field
   --> crates/library/surface/package_compiler_failure.rs:258:9
    |
258 |         row: u32,
    |         ^^^^^^^^

warning: missing documentation for a struct field
   --> crates/library/surface/package_compiler_failure.rs:259:9
    |
259 |         start: u32,
    |         ^^^^^^^^^^

warning: missing documentation for a struct field
   --> crates/library/surface/package_compiler_failure.rs:260:9
    |
260 |         length: u32,
    |         ^^^^^^^^^^^

warning: missing documentation for a struct field
   --> crates/library/surface/package_compiler_failure.rs:261:9
    |
261 |         element_count: u32,
    |         ^^^^^^^^^^^^^^^^^^

warning: missing documentation for a variant
   --> crates/library/surface/package_compiler_failure.rs:263:5
    |
263 |     FactRejected {
    |     ^^^^^^^^^^^^

warning: missing documentation for a struct field
   --> crates/library/surface/package_compiler_failure.rs:264:9
    |
264 |         fact: u64,
    |         ^^^^^^^^^

warning: missing documentation for a struct field
   --> crates/library/surface/package_compiler_failure.rs:265:9
    |
265 |         name_len: u64,
    |         ^^^^^^^^^^^^^

warning: missing documentation for a struct field
   --> crates/library/surface/package_compiler_failure.rs:266:9
    |
266 |         cause: PackageProjectionAdmissionFaultFacts,
    |         ^^^^^^^^^^^^^^^^^^^^^^^^^^^^^^^^^^^^^^^^^^^

warning: missing documentation for a variant
   --> crates/library/surface/package_compiler_failure.rs:268:5
    |
268 |     RustFunction,
    |     ^^^^^^^^^^^^

warning: missing documentation for a variant
   --> crates/library/surface/package_compiler_failure.rs:269:5
    |
269 |     RustConstantType,
    |     ^^^^^^^^^^^^^^^^

warning: missing documentation for a variant
   --> crates/library/surface/package_compiler_failure.rs:270:5
    |
270 |     RustGenericParameter,
    |     ^^^^^^^^^^^^^^^^^^^^

warning: missing documentation for a variant
   --> crates/library/surface/package_compiler_failure.rs:271:5
    |
271 |     PythonAssignmentName,
    |     ^^^^^^^^^^^^^^^^^^^^

warning: missing documentation for a variant
   --> crates/library/surface/package_compiler_failure.rs:272:5
    |
272 |     PythonAssignmentValue,
    |     ^^^^^^^^^^^^^^^^^^^^^

warning: missing documentation for a variant
   --> crates/library/surface/package_compiler_failure.rs:273:5
    |
273 |     ClangDeclarationForm,
    |     ^^^^^^^^^^^^^^^^^^^^

warning: missing documentation for a variant
   --> crates/library/surface/package_compiler_failure.rs:274:5
    |
274 |     TypeScriptDeclarationForm,
    |     ^^^^^^^^^^^^^^^^^^^^^^^^^

warning: missing documentation for a variant
   --> crates/library/surface/package_compiler_failure.rs:275:5
    |
275 |     TypeScriptDeclarationType,
    |     ^^^^^^^^^^^^^^^^^^^^^^^^^

warning: missing documentation for a variant
   --> crates/library/surface/package_compiler_failure.rs:276:5
    |
276 |     CSharpDeclarationForm,
    |     ^^^^^^^^^^^^^^^^^^^^^

warning: missing documentation for a variant
   --> crates/library/surface/package_compiler_failure.rs:277:5
    |
277 |     CSharpDeclarationType,
    |     ^^^^^^^^^^^^^^^^^^^^^

warning: missing documentation for a variant
   --> crates/library/surface/package_compiler_failure.rs:278:5
    |
278 |     GoDeclarationForm,
    |     ^^^^^^^^^^^^^^^^^

warning: missing documentation for a variant
   --> crates/library/surface/package_compiler_failure.rs:279:5
    |
279 |     GoDeclarationType,
    |     ^^^^^^^^^^^^^^^^^

warning: missing documentation for a variant
   --> crates/library/surface/package_compiler_failure.rs:280:5
    |
280 |     JavaDeclarationForm,
    |     ^^^^^^^^^^^^^^^^^^^

warning: missing documentation for a variant
   --> crates/library/surface/package_compiler_failure.rs:281:5
    |
281 |     JavaProjection {
    |     ^^^^^^^^^^^^^^

warning: missing documentation for a struct field
   --> crates/library/surface/package_compiler_failure.rs:282:9
    |
282 |         fault: PackageLanguageProjectionFault,
    |         ^^^^^^^^^^^^^^^^^^^^^^^^^^^^^^^^^^^^^

warning: missing documentation for a variant
   --> crates/library/surface/package_compiler_failure.rs:284:5
    |
284 |     GoProjection {
    |     ^^^^^^^^^^^^

warning: missing documentation for a struct field
   --> crates/library/surface/package_compiler_failure.rs:285:9
    |
285 |         fault: PackageLanguageProjectionFault,
    |         ^^^^^^^^^^^^^^^^^^^^^^^^^^^^^^^^^^^^^

warning: missing documentation for a variant
   --> crates/library/surface/package_compiler_failure.rs:287:5
    |
287 |     TypeScriptProjection {
    |     ^^^^^^^^^^^^^^^^^^^^

warning: missing documentation for a struct field
   --> crates/library/surface/package_compiler_failure.rs:288:9
    |
288 |         fault: PackageTypeScriptProjectionFaultFacts,
    |         ^^^^^^^^^^^^^^^^^^^^^^^^^^^^^^^^^^^^^^^^^^^^

warning: missing documentation for a variant
   --> crates/library/surface/package_compiler_failure.rs:290:5
    |
290 |     PythonProjection {
    |     ^^^^^^^^^^^^^^^^

warning: missing documentation for a struct field
   --> crates/library/surface/package_compiler_failure.rs:291:9
    |
291 |         fault: PackageLanguageProjectionFault,
    |         ^^^^^^^^^^^^^^^^^^^^^^^^^^^^^^^^^^^^^

warning: missing documentation for a variant
   --> crates/library/surface/package_compiler_failure.rs:293:5
    |
293 |     CSharpProjection {
    |     ^^^^^^^^^^^^^^^^

warning: missing documentation for a struct field
   --> crates/library/surface/package_compiler_failure.rs:294:9
    |
294 |         fault: PackageLanguageProjectionFault,
    |         ^^^^^^^^^^^^^^^^^^^^^^^^^^^^^^^^^^^^^

warning: missing documentation for a variant
   --> crates/library/surface/package_compiler_failure.rs:296:5
    |
296 |     ClangProjection {
    |     ^^^^^^^^^^^^^^^

warning: missing documentation for a struct field
   --> crates/library/surface/package_compiler_failure.rs:297:9
    |
297 |         fault: PackageLanguageProjectionFault,
    |         ^^^^^^^^^^^^^^^^^^^^^^^^^^^^^^^^^^^^^

warning: missing documentation for a variant
   --> crates/library/surface/package_compiler_failure.rs:339:5
    |
339 |     ForeignKey {
    |     ^^^^^^^^^^

warning: missing documentation for a struct field
   --> crates/library/surface/package_compiler_failure.rs:340:9
    |
340 |         start: u32,
    |         ^^^^^^^^^^

warning: missing documentation for a struct field
   --> crates/library/surface/package_compiler_failure.rs:341:9
    |
341 |         end: u32,
    |         ^^^^^^^^

warning: missing documentation for a struct field
   --> crates/library/surface/package_compiler_failure.rs:342:9
    |
342 |         cause: PackageForeignKeyFaultFacts,
    |         ^^^^^^^^^^^^^^^^^^^^^^^^^^^^^^^^^^

warning: missing documentation for a variant
   --> crates/library/surface/package_compiler_failure.rs:344:5
    |
344 |     PackageLineage {
    |     ^^^^^^^^^^^^^^

warning: missing documentation for a struct field
   --> crates/library/surface/package_compiler_failure.rs:345:9
    |
345 |         start: u32,
    |         ^^^^^^^^^^

warning: missing documentation for a struct field
   --> crates/library/surface/package_compiler_failure.rs:346:9
    |
346 |         end: u32,
    |         ^^^^^^^^

warning: missing documentation for a struct field
   --> crates/library/surface/package_compiler_failure.rs:347:9
    |
347 |         cause: PackageLineageFaultFacts,
    |         ^^^^^^^^^^^^^^^^^^^^^^^^^^^^^^^

warning: missing documentation for a variant
   --> crates/library/surface/package_compiler_failure.rs:349:5
    |
349 |     CoordinateOverflow {
    |     ^^^^^^^^^^^^^^^^^^

warning: missing documentation for a struct field
   --> crates/library/surface/package_compiler_failure.rs:350:9
    |
350 |         value: u64,
    |         ^^^^^^^^^^

warning: missing documentation for a variant
   --> crates/library/surface/package_compiler_failure.rs:352:5
    |
352 |     MissingImportBinding {
    |     ^^^^^^^^^^^^^^^^^^^^

warning: missing documentation for a struct field
   --> crates/library/surface/package_compiler_failure.rs:353:9
    |
353 |         fact: u32,
    |         ^^^^^^^^^

warning: missing documentation for a variant
   --> crates/library/surface/package_compiler_failure.rs:408:5
    |
408 |     JavaImage,
    |     ^^^^^^^^^

warning: missing documentation for a variant
   --> crates/library/surface/package_compiler_failure.rs:409:5
    |
409 |     JavaDepth,
    |     ^^^^^^^^^

warning: missing documentation for a variant
   --> crates/library/surface/package_compiler_failure.rs:410:5
    |
410 |     JavaMalformedType,
    |     ^^^^^^^^^^^^^^^^^

warning: missing documentation for a variant
   --> crates/library/surface/package_compiler_failure.rs:411:5
    |
411 |     JavaPrimitive,
    |     ^^^^^^^^^^^^^

warning: missing documentation for a variant
   --> crates/library/surface/package_compiler_failure.rs:412:5
    |
412 |     JavaAtomUtf8,
    |     ^^^^^^^^^^^^

warning: missing documentation for a variant
   --> crates/library/surface/package_compiler_failure.rs:413:5
    |
413 |     JavaSourceUtf8,
    |     ^^^^^^^^^^^^^^

warning: missing documentation for a variant
   --> crates/library/surface/package_compiler_failure.rs:414:5
    |
414 |     JavaUtf16Offset,
    |     ^^^^^^^^^^^^^^^

warning: missing documentation for a variant
   --> crates/library/surface/package_compiler_failure.rs:415:5
    |
415 |     JavaUtf16Range,
    |     ^^^^^^^^^^^^^^

warning: missing documentation for a variant
   --> crates/library/surface/package_compiler_failure.rs:416:5
    |
416 |     JavaOrphanOwner,
    |     ^^^^^^^^^^^^^^^

warning: missing documentation for a variant
   --> crates/library/surface/package_compiler_failure.rs:417:5
    |
417 |     JavaForeignKey,
    |     ^^^^^^^^^^^^^^

warning: missing documentation for a variant
   --> crates/library/surface/package_compiler_failure.rs:418:5
    |
418 |     JavaSiblingCapacity,
    |     ^^^^^^^^^^^^^^^^^^^

warning: missing documentation for a variant
   --> crates/library/surface/package_compiler_failure.rs:419:5
    |
419 |     JavaIndexCapacity,
    |     ^^^^^^^^^^^^^^^^^

warning: missing documentation for a variant
   --> crates/library/surface/package_compiler_failure.rs:420:5
    |
420 |     GoImage,
    |     ^^^^^^^

warning: missing documentation for a variant
   --> crates/library/surface/package_compiler_failure.rs:421:5
    |
421 |     GoIndexCapacity,
    |     ^^^^^^^^^^^^^^^

warning: missing documentation for a variant
   --> crates/library/surface/package_compiler_failure.rs:422:5
    |
422 |     GoDepth,
    |     ^^^^^^^

warning: missing documentation for a variant
   --> crates/library/surface/package_compiler_failure.rs:423:5
    |
423 |     GoVariadicWithoutParameter,
    |     ^^^^^^^^^^^^^^^^^^^^^^^^^^

warning: missing documentation for a variant
   --> crates/library/surface/package_compiler_failure.rs:424:5
    |
424 |     GoAnchor,
    |     ^^^^^^^^

warning: missing documentation for a variant
   --> crates/library/surface/package_compiler_failure.rs:425:5
    |
425 |     GoListCapacity,
    |     ^^^^^^^^^^^^^^

warning: missing documentation for a variant
   --> crates/library/surface/package_compiler_failure.rs:426:5
    |
426 |     GoOrphanTarget,
    |     ^^^^^^^^^^^^^^

warning: missing documentation for a variant
   --> crates/library/surface/package_compiler_failure.rs:427:5
    |
427 |     GoForeignKey,
    |     ^^^^^^^^^^^^

warning: missing documentation for a variant
   --> crates/library/surface/package_compiler_failure.rs:428:5
    |
428 |     GoPackageLineage,
    |     ^^^^^^^^^^^^^^^^

warning: missing documentation for a variant
   --> crates/library/surface/package_compiler_failure.rs:429:5
    |
429 |     GoAtomUtf8,
    |     ^^^^^^^^^^

warning: missing documentation for a variant
   --> crates/library/surface/package_compiler_failure.rs:430:5
    |
430 |     GoRelativeSpan,
    |     ^^^^^^^^^^^^^^

warning: missing documentation for a variant
   --> crates/library/surface/package_compiler_failure.rs:431:5
    |
431 |     GoOrphanOwner,
    |     ^^^^^^^^^^^^^

warning: missing documentation for a variant
   --> crates/library/surface/package_compiler_failure.rs:432:5
    |
432 |     GoAdmission,
    |     ^^^^^^^^^^^

warning: missing documentation for a variant
   --> crates/library/surface/package_compiler_failure.rs:433:5
    |
433 |     PythonForeignSpellingUtf8,
    |     ^^^^^^^^^^^^^^^^^^^^^^^^^

warning: missing documentation for a variant
   --> crates/library/surface/package_compiler_failure.rs:434:5
    |
434 |     PythonForeignKey,
    |     ^^^^^^^^^^^^^^^^

warning: missing documentation for a variant
   --> crates/library/surface/package_compiler_failure.rs:435:5
    |
435 |     PythonPackageLineage,
    |     ^^^^^^^^^^^^^^^^^^^^

warning: missing documentation for a variant
   --> crates/library/surface/package_compiler_failure.rs:436:5
    |
436 |     PythonContainment,
    |     ^^^^^^^^^^^^^^^^^

warning: missing documentation for a variant
   --> crates/library/surface/package_compiler_failure.rs:437:5
    |
437 |     CSharpImage,
    |     ^^^^^^^^^^^

warning: missing documentation for a variant
   --> crates/library/surface/package_compiler_failure.rs:438:5
    |
438 |     CSharpDepth,
    |     ^^^^^^^^^^^

warning: missing documentation for a variant
   --> crates/library/surface/package_compiler_failure.rs:439:5
    |
439 |     CSharpNameSpan,
    |     ^^^^^^^^^^^^^^

warning: missing documentation for a variant
   --> crates/library/surface/package_compiler_failure.rs:440:5
    |
440 |     CSharpOwnerOrder,
    |     ^^^^^^^^^^^^^^^^

warning: missing documentation for a variant
   --> crates/library/surface/package_compiler_failure.rs:441:5
    |
441 |     CSharpAnchor,
    |     ^^^^^^^^^^^^

warning: missing documentation for a variant
   --> crates/library/surface/package_compiler_failure.rs:442:5
    |
442 |     CSharpForeign,
    |     ^^^^^^^^^^^^^

warning: missing documentation for a variant
   --> crates/library/surface/package_compiler_failure.rs:443:5
    |
443 |     CSharpAttributeCapacity,
    |     ^^^^^^^^^^^^^^^^^^^^^^^

warning: missing documentation for a variant
   --> crates/library/surface/package_compiler_failure.rs:444:5
    |
444 |     CSharpIndexCapacity,
    |     ^^^^^^^^^^^^^^^^^^^

warning: missing documentation for a variant
   --> crates/library/surface/package_compiler_failure.rs:445:5
    |
445 |     CSharpHeterogeneousArrayRank,
    |     ^^^^^^^^^^^^^^^^^^^^^^^^^^^^

warning: missing documentation for a variant
   --> crates/library/surface/package_compiler_failure.rs:446:5
    |
446 |     CSharpResultName,
    |     ^^^^^^^^^^^^^^^^

warning: missing documentation for a variant
   --> crates/library/surface/package_compiler_failure.rs:447:5
    |
447 |     CSharpAdmission,
    |     ^^^^^^^^^^^^^^^

warning: missing documentation for a variant
   --> crates/library/surface/package_compiler_failure.rs:448:5
    |
448 |     ClangSpan,
    |     ^^^^^^^^^

warning: missing documentation for a variant
   --> crates/library/surface/package_compiler_failure.rs:449:5
    |
449 |     ClangNameless,
    |     ^^^^^^^^^^^^^

warning: missing documentation for a variant
   --> crates/library/surface/package_compiler_failure.rs:450:5
    |
450 |     ClangAnchor,
    |     ^^^^^^^^^^^

warning: missing documentation for a variant
   --> crates/library/surface/package_compiler_failure.rs:451:5
    |
451 |     ClangIndexCapacity,
    |     ^^^^^^^^^^^^^^^^^^

warning: missing documentation for a variant
   --> crates/library/surface/package_compiler_failure.rs:452:5
    |
452 |     ClangForeignOverride,
    |     ^^^^^^^^^^^^^^^^^^^^

warning: missing documentation for a variant
   --> crates/library/surface/package_compiler_failure.rs:453:5
    |
453 |     ClangForeignReference,
    |     ^^^^^^^^^^^^^^^^^^^^^

warning: missing documentation for a variant
   --> crates/library/surface/package_compiler_failure.rs:454:5
    |
454 |     ClangIllegalQualifierTarget,
    |     ^^^^^^^^^^^^^^^^^^^^^^^^^^^

warning: missing documentation for a variant
   --> crates/library/surface/package_compiler_failure.rs:455:5
    |
455 |     ClangIllegalMemberPointerOwner,
    |     ^^^^^^^^^^^^^^^^^^^^^^^^^^^^^^

warning: missing documentation for a variant
   --> crates/library/surface/package_compiler_failure.rs:523:5
    |
523 |     Tag {
    |     ^^^

warning: missing documentation for a struct field
   --> crates/library/surface/package_compiler_failure.rs:524:9
    |
524 |         actual: u32,
    |         ^^^^^^^^^^^

warning: missing documentation for a variant
   --> crates/library/surface/package_compiler_failure.rs:526:5
    |
526 |     ReservedPayload {
    |     ^^^^^^^^^^^^^^^

warning: missing documentation for a struct field
   --> crates/library/surface/package_compiler_failure.rs:527:9
    |
527 |         tag: u8,
    |         ^^^^^^^

warning: missing documentation for a struct field
   --> crates/library/surface/package_compiler_failure.rs:528:9
    |
528 |         payload0: u32,
    |         ^^^^^^^^^^^^^

warning: missing documentation for a struct field
   --> crates/library/surface/package_compiler_failure.rs:529:9
    |
529 |         payload1: u32,
    |         ^^^^^^^^^^^^^

warning: missing documentation for a variant
   --> crates/library/surface/package_compiler_failure.rs:531:5
    |
531 |     ArityOverflow {
    |     ^^^^^^^^^^^^^

warning: missing documentation for a struct field
   --> crates/library/surface/package_compiler_failure.rs:532:9
    |
532 |         tag: u8,
    |         ^^^^^^^

warning: missing documentation for a struct field
   --> crates/library/surface/package_compiler_failure.rs:533:9
    |
533 |         payload0: u32,
    |         ^^^^^^^^^^^^^

warning: missing documentation for a struct field
   --> crates/library/surface/package_compiler_failure.rs:534:9
    |
534 |         payload1: u32,
    |         ^^^^^^^^^^^^^

warning: missing documentation for a variant
   --> crates/library/surface/package_compiler_failure.rs:536:5
    |
536 |     Arity {
    |     ^^^^^

warning: missing documentation for a struct field
   --> crates/library/surface/package_compiler_failure.rs:537:9
    |
537 |         tag: u8,
    |         ^^^^^^^

warning: missing documentation for a struct field
   --> crates/library/surface/package_compiler_failure.rs:538:9
    |
538 |         expected: u32,
    |         ^^^^^^^^^^^^^

warning: missing documentation for a struct field
   --> crates/library/surface/package_compiler_failure.rs:539:9
    |
539 |         actual: u32,
    |         ^^^^^^^^^^^

warning: missing documentation for a variant
   --> crates/library/surface/package_compiler_failure.rs:558:5
    |
558 |     Tag {
    |     ^^^

warning: missing documentation for a struct field
   --> crates/library/surface/package_compiler_failure.rs:559:9
    |
559 |         actual: u8,
    |         ^^^^^^^^^^

warning: missing documentation for a variant
   --> crates/library/surface/package_compiler_failure.rs:561:5
    |
561 |     ReservedCell {
    |     ^^^^^^^^^^^^

warning: missing documentation for a struct field
   --> crates/library/surface/package_compiler_failure.rs:562:9
    |
562 |         tag: PackageTypeTagFact,
    |         ^^^^^^^^^^^^^^^^^^^^^^^

warning: missing documentation for a struct field
   --> crates/library/surface/package_compiler_failure.rs:563:9
    |
563 |         cell: PackageTypeCellFact,
    |         ^^^^^^^^^^^^^^^^^^^^^^^^^

warning: missing documentation for a struct field
   --> crates/library/surface/package_compiler_failure.rs:564:9
    |
564 |         actual: u32,
    |         ^^^^^^^^^^^

warning: missing documentation for a variant
   --> crates/library/surface/package_compiler_failure.rs:566:5
    |
566 |     MissingCell {
    |     ^^^^^^^^^^^

warning: missing documentation for a struct field
   --> crates/library/surface/package_compiler_failure.rs:567:9
    |
567 |         tag: PackageTypeTagFact,
    |         ^^^^^^^^^^^^^^^^^^^^^^^

warning: missing documentation for a struct field
   --> crates/library/surface/package_compiler_failure.rs:568:9
    |
568 |         cell: PackageTypeCellFact,
    |         ^^^^^^^^^^^^^^^^^^^^^^^^^

warning: missing documentation for a variant
   --> crates/library/surface/package_compiler_failure.rs:570:5
    |
570 |     Reason {
    |     ^^^^^^

warning: missing documentation for a struct field
   --> crates/library/surface/package_compiler_failure.rs:571:9
    |
571 |         actual: u32,
    |         ^^^^^^^^^^^

warning: missing documentation for a variant
   --> crates/library/surface/package_compiler_failure.rs:573:5
    |
573 |     PrimitiveShape {
    |     ^^^^^^^^^^^^^^

warning: missing documentation for a struct field
   --> crates/library/surface/package_compiler_failure.rs:574:9
    |
574 |         actual: u32,
    |         ^^^^^^^^^^^

warning: missing documentation for a variant
   --> crates/library/surface/package_compiler_failure.rs:576:5
    |
576 |     CvQualifiers {
    |     ^^^^^^^^^^^^

warning: missing documentation for a struct field
   --> crates/library/surface/package_compiler_failure.rs:577:9
    |
577 |         actual: u32,
    |         ^^^^^^^^^^^

warning: missing documentation for a variant
   --> crates/library/surface/package_compiler_failure.rs:579:5
    |
579 |     Width {
    |     ^^^^^

warning: missing documentation for a struct field
   --> crates/library/surface/package_compiler_failure.rs:580:9
    |
580 |         actual: u32,
    |         ^^^^^^^^^^^

warning: missing documentation for a variant
   --> crates/library/surface/package_compiler_failure.rs:582:5
    |
582 |     ChildCount {
    |     ^^^^^^^^^^

warning: missing documentation for a struct field
   --> crates/library/surface/package_compiler_failure.rs:583:9
    |
583 |         tag: PackageTypeTagFact,
    |         ^^^^^^^^^^^^^^^^^^^^^^^

warning: missing documentation for a struct field
   --> crates/library/surface/package_compiler_failure.rs:584:9
    |
584 |         min: u32,
    |         ^^^^^^^^

warning: missing documentation for a struct field
   --> crates/library/surface/package_compiler_failure.rs:585:9
    |
585 |         max: u32,
    |         ^^^^^^^^

warning: missing documentation for a struct field
   --> crates/library/surface/package_compiler_failure.rs:586:9
    |
586 |         actual: u32,
    |         ^^^^^^^^^^^

warning: missing documentation for a variant
   --> crates/library/surface/package_compiler_failure.rs:588:5
    |
588 |     ChildNameForbidden {
    |     ^^^^^^^^^^^^^^^^^^

warning: missing documentation for a struct field
   --> crates/library/surface/package_compiler_failure.rs:589:9
    |
589 |         tag: PackageTypeTagFact,
    |         ^^^^^^^^^^^^^^^^^^^^^^^

warning: missing documentation for a struct field
   --> crates/library/surface/package_compiler_failure.rs:590:9
    |
590 |         position: u32,
    |         ^^^^^^^^^^^^^

warning: missing documentation for a variant
   --> crates/library/surface/package_compiler_failure.rs:592:5
    |
592 |     ChildNameRequired {
    |     ^^^^^^^^^^^^^^^^^

warning: missing documentation for a struct field
   --> crates/library/surface/package_compiler_failure.rs:593:9
    |
593 |         tag: PackageTypeTagFact,
    |         ^^^^^^^^^^^^^^^^^^^^^^^

warning: missing documentation for a struct field
   --> crates/library/surface/package_compiler_failure.rs:594:9
    |
594 |         position: u32,
    |         ^^^^^^^^^^^^^

warning: missing documentation for a variant
   --> crates/library/surface/package_compiler_failure.rs:596:5
    |
596 |     ChildFlagsForbidden {
    |     ^^^^^^^^^^^^^^^^^^^

warning: missing documentation for a struct field
   --> crates/library/surface/package_compiler_failure.rs:597:9
    |
597 |         tag: PackageTypeTagFact,
    |         ^^^^^^^^^^^^^^^^^^^^^^^

warning: missing documentation for a struct field
   --> crates/library/surface/package_compiler_failure.rs:598:9
    |
598 |         position: u32,
    |         ^^^^^^^^^^^^^

warning: missing documentation for a struct field
   --> crates/library/surface/package_compiler_failure.rs:599:9
    |
599 |         actual: u8,
    |         ^^^^^^^^^^

warning: missing documentation for a variant
   --> crates/library/surface/package_compiler_failure.rs:601:5
    |
601 |     VariadicParameter {
    |     ^^^^^^^^^^^^^^^^^

warning: missing documentation for a struct field
   --> crates/library/surface/package_compiler_failure.rs:602:9
    |
602 |         position: u32,
    |         ^^^^^^^^^^^^^

warning: missing documentation for a struct field
   --> crates/library/surface/package_compiler_failure.rs:603:9
    |
603 |         actual: u8,
    |         ^^^^^^^^^^

warning: missing documentation for a variant
   --> crates/library/surface/package_compiler_failure.rs:605:5
    |
605 |     ChildTextForbidden {
    |     ^^^^^^^^^^^^^^^^^^

warning: missing documentation for a struct field
   --> crates/library/surface/package_compiler_failure.rs:606:9
    |
606 |         tag: PackageTypeTagFact,
    |         ^^^^^^^^^^^^^^^^^^^^^^^

warning: missing documentation for a struct field
   --> crates/library/surface/package_compiler_failure.rs:607:9
    |
607 |         position: u32,
    |         ^^^^^^^^^^^^^

warning: missing documentation for a variant
   --> crates/library/surface/package_compiler_failure.rs:635:5
    |
635 |     SelfType,
    |     ^^^^^^^^

warning: missing documentation for a variant
   --> crates/library/surface/package_compiler_failure.rs:636:5
    |
636 |     Primitive,
    |     ^^^^^^^^^

warning: missing documentation for a variant
   --> crates/library/surface/package_compiler_failure.rs:637:5
    |
637 |     Tuple,
    |     ^^^^^

warning: missing documentation for a variant
   --> crates/library/surface/package_compiler_failure.rs:638:5
    |
638 |     Slice,
    |     ^^^^^

warning: missing documentation for a variant
   --> crates/library/surface/package_compiler_failure.rs:639:5
    |
639 |     Array,
    |     ^^^^^

warning: missing documentation for a variant
   --> crates/library/surface/package_compiler_failure.rs:640:5
    |
640 |     Union,
    |     ^^^^^

warning: missing documentation for a variant
   --> crates/library/surface/package_compiler_failure.rs:641:5
    |
641 |     Intersection,
    |     ^^^^^^^^^^^^

warning: missing documentation for a variant
   --> crates/library/surface/package_compiler_failure.rs:642:5
    |
642 |     Never,
    |     ^^^^^

warning: missing documentation for a variant
   --> crates/library/surface/package_compiler_failure.rs:643:5
    |
643 |     Any,
    |     ^^^

warning: missing documentation for a variant
   --> crates/library/surface/package_compiler_failure.rs:644:5
    |
644 |     Unknown,
    |     ^^^^^^^

warning: missing documentation for a variant
   --> crates/library/surface/package_compiler_failure.rs:645:5
    |
645 |     Nominal,
    |     ^^^^^^^

warning: missing documentation for a variant
   --> crates/library/surface/package_compiler_failure.rs:646:5
    |
646 |     Apply,
    |     ^^^^^

warning: missing documentation for a variant
   --> crates/library/surface/package_compiler_failure.rs:647:5
    |
647 |     TypeVar,
    |     ^^^^^^^

warning: missing documentation for a variant
   --> crates/library/surface/package_compiler_failure.rs:648:5
    |
648 |     Wildcard,
    |     ^^^^^^^^

warning: missing documentation for a variant
   --> crates/library/surface/package_compiler_failure.rs:649:5
    |
649 |     FunctionPointer,
    |     ^^^^^^^^^^^^^^^

warning: missing documentation for a variant
   --> crates/library/surface/package_compiler_failure.rs:650:5
    |
650 |     Annotated,
    |     ^^^^^^^^^

warning: missing documentation for a variant
   --> crates/library/surface/package_compiler_failure.rs:651:5
    |
651 |     Conditional,
    |     ^^^^^^^^^^^

warning: missing documentation for a variant
   --> crates/library/surface/package_compiler_failure.rs:652:5
    |
652 |     Mapped,
    |     ^^^^^^

warning: missing documentation for a variant
   --> crates/library/surface/package_compiler_failure.rs:653:5
    |
653 |     TemplateLiteral,
    |     ^^^^^^^^^^^^^^^

warning: missing documentation for a variant
   --> crates/library/surface/package_compiler_failure.rs:654:5
    |
654 |     AnonymousRecord,
    |     ^^^^^^^^^^^^^^^

warning: missing documentation for a variant
   --> crates/library/surface/package_compiler_failure.rs:655:5
    |
655 |     ImplTrait,
    |     ^^^^^^^^^

warning: missing documentation for a variant
   --> crates/library/surface/package_compiler_failure.rs:656:5
    |
656 |     DynTrait,
    |     ^^^^^^^^

warning: missing documentation for a variant
   --> crates/library/surface/package_compiler_failure.rs:657:5
    |
657 |     Inferred,
    |     ^^^^^^^^

warning: missing documentation for a variant
   --> crates/library/surface/package_compiler_failure.rs:658:5
    |
658 |     QualifiedPath,
    |     ^^^^^^^^^^^^^

warning: missing documentation for a variant
   --> crates/library/surface/package_compiler_failure.rs:659:5
    |
659 |     Map,
    |     ^^^

warning: missing documentation for a variant
   --> crates/library/surface/package_compiler_failure.rs:660:5
    |
660 |     Channel,
    |     ^^^^^^^

warning: missing documentation for a variant
   --> crates/library/surface/package_compiler_failure.rs:661:5
    |
661 |     ArraySequence,
    |     ^^^^^^^^^^^^^

warning: missing documentation for a variant
   --> crates/library/surface/package_compiler_failure.rs:662:5
    |
662 |     ArrayRectangular,
    |     ^^^^^^^^^^^^^^^^

warning: missing documentation for a variant
   --> crates/library/surface/package_compiler_failure.rs:663:5
    |
663 |     ArrayFixed,
    |     ^^^^^^^^^^

warning: missing documentation for a variant
   --> crates/library/surface/package_compiler_failure.rs:664:5
    |
664 |     ArrayConstExpression,
    |     ^^^^^^^^^^^^^^^^^^^^

warning: missing documentation for a variant
   --> crates/library/surface/package_compiler_failure.rs:665:5
    |
665 |     ArrayIncomplete,
    |     ^^^^^^^^^^^^^^^

warning: missing documentation for a variant
   --> crates/library/surface/package_compiler_failure.rs:666:5
    |
666 |     CQualified,
    |     ^^^^^^^^^^

warning: missing documentation for a variant
   --> crates/library/surface/package_compiler_failure.rs:673:5
    |
673 |     Payload0,
    |     ^^^^^^^^

warning: missing documentation for a variant
   --> crates/library/surface/package_compiler_failure.rs:674:5
    |
674 |     Payload1,
    |     ^^^^^^^^

warning: missing documentation for a variant
   --> crates/library/surface/package_compiler_failure.rs:675:5
    |
675 |     Text,
    |     ^^^^

warning: missing documentation for a variant
   --> crates/library/surface/package_compiler_failure.rs:676:5
    |
676 |     Text2,
    |     ^^^^^

warning: missing documentation for a variant
   --> crates/library/surface/package_compiler_failure.rs:677:5
    |
677 |     Nominal,
    |     ^^^^^^^

warning: missing documentation for a variant
   --> crates/library/surface/package_compiler_failure.rs:685:5
    |
685 |     EmptyName,
    |     ^^^^^^^^^

warning: missing documentation for a variant
   --> crates/library/surface/package_compiler_failure.rs:686:5
    |
686 |     Capacity,
    |     ^^^^^^^^

warning: missing documentation for a variant
   --> crates/library/surface/package_compiler_failure.rs:687:5
    |
687 |     ChildCapacity,
    |     ^^^^^^^^^^^^^

warning: missing documentation for a variant
   --> crates/library/surface/package_compiler_failure.rs:688:5
    |
688 |     ProductChildPoolCapacity {
    |     ^^^^^^^^^^^^^^^^^^^^^^^^

warning: missing documentation for a struct field
   --> crates/library/surface/package_compiler_failure.rs:689:9
    |
689 |         used: u64,
    |         ^^^^^^^^^

warning: missing documentation for a struct field
   --> crates/library/surface/package_compiler_failure.rs:690:9
    |
690 |         requested: u64,
    |         ^^^^^^^^^^^^^^

warning: missing documentation for a struct field
   --> crates/library/surface/package_compiler_failure.rs:691:9
    |
691 |         capacity: u64,
    |         ^^^^^^^^^^^^^

warning: missing documentation for a variant
   --> crates/library/surface/package_compiler_failure.rs:693:5
    |
693 |     Constructor {
    |     ^^^^^^^^^^^

warning: missing documentation for a struct field
   --> crates/library/surface/package_compiler_failure.rs:694:9
    |
694 |         cause: PackageProjectionConstructorFaultFacts,
    |         ^^^^^^^^^^^^^^^^^^^^^^^^^^^^^^^^^^^^^^^^^^^^^

warning: missing documentation for a variant
   --> crates/library/surface/package_compiler_failure.rs:696:5
    |
696 |     ChildRole {
    |     ^^^^^^^^^

warning: missing documentation for a struct field
   --> crates/library/surface/package_compiler_failure.rs:697:9
    |
697 |         position: u64,
    |         ^^^^^^^^^^^^^

warning: missing documentation for a struct field
   --> crates/library/surface/package_compiler_failure.rs:698:9
    |
698 |         expected: u8,
    |         ^^^^^^^^^^^^

warning: missing documentation for a struct field
   --> crates/library/surface/package_compiler_failure.rs:699:9
    |
699 |         actual: u8,
    |         ^^^^^^^^^^

warning: missing documentation for a variant
   --> crates/library/surface/package_compiler_failure.rs:701:5
    |
701 |     ChildTarget {
    |     ^^^^^^^^^^^

warning: missing documentation for a struct field
   --> crates/library/surface/package_compiler_failure.rs:702:9
    |
702 |         position: u64,
    |         ^^^^^^^^^^^^^

warning: missing documentation for a struct field
   --> crates/library/surface/package_compiler_failure.rs:703:9
    |
703 |         target: u32,
    |         ^^^^^^^^^^^

warning: missing documentation for a struct field
   --> crates/library/surface/package_compiler_failure.rs:704:9
    |
704 |         fact_count: u64,
    |         ^^^^^^^^^^^^^^^

warning: missing documentation for a variant
   --> crates/library/surface/package_compiler_failure.rs:706:5
    |
706 |     TypeRecord {
    |     ^^^^^^^^^^

warning: missing documentation for a struct field
   --> crates/library/surface/package_compiler_failure.rs:707:9
    |
707 |         cause: PackageProjectionSemanticTypeFaultFacts,
    |         ^^^^^^^^^^^^^^^^^^^^^^^^^^^^^^^^^^^^^^^^^^^^^^

warning: missing documentation for a variant
   --> crates/library/surface/package_compiler_failure.rs:709:5
    |
709 |     TypeChild {
    |     ^^^^^^^^^

warning: missing documentation for a struct field
   --> crates/library/surface/package_compiler_failure.rs:710:9
    |
710 |         position: u64,
    |         ^^^^^^^^^^^^^

warning: missing documentation for a struct field
   --> crates/library/surface/package_compiler_failure.rs:711:9
    |
711 |         cause: PackageProjectionSemanticTypeFaultFacts,
    |         ^^^^^^^^^^^^^^^^^^^^^^^^^^^^^^^^^^^^^^^^^^^^^^

warning: missing documentation for a variant
   --> crates/library/surface/package_compiler_failure.rs:713:5
    |
713 |     TypeChildTarget {
    |     ^^^^^^^^^^^^^^^

warning: missing documentation for a struct field
   --> crates/library/surface/package_compiler_failure.rs:714:9
    |
714 |         position: u64,
    |         ^^^^^^^^^^^^^

warning: missing documentation for a struct field
   --> crates/library/surface/package_compiler_failure.rs:715:9
    |
715 |         target: u32,
    |         ^^^^^^^^^^^

warning: missing documentation for a struct field
   --> crates/library/surface/package_compiler_failure.rs:716:9
    |
716 |         fact_count: u64,
    |         ^^^^^^^^^^^^^^^

warning: missing documentation for a variant
   --> crates/library/surface/package_compiler_failure.rs:718:5
    |
718 |     TypeChildCapacity,
    |     ^^^^^^^^^^^^^^^^^

warning: missing documentation for a variant
   --> crates/library/surface/package_compiler_failure.rs:719:5
    |
719 |     TypeChildPoolCapacity {
    |     ^^^^^^^^^^^^^^^^^^^^^

warning: missing documentation for a struct field
   --> crates/library/surface/package_compiler_failure.rs:720:9
    |
720 |         lane: u8,
    |         ^^^^^^^^

warning: missing documentation for a struct field
   --> crates/library/surface/package_compiler_failure.rs:721:9
    |
721 |         used: u64,
    |         ^^^^^^^^^

warning: missing documentation for a struct field
   --> crates/library/surface/package_compiler_failure.rs:722:9
    |
722 |         requested: u64,
    |         ^^^^^^^^^^^^^^

warning: missing documentation for a struct field
   --> crates/library/surface/package_compiler_failure.rs:723:9
    |
723 |         capacity: u64,
    |         ^^^^^^^^^^^^^

warning: missing documentation for a variant
   --> crates/library/surface/package_compiler_failure.rs:725:5
    |
725 |     TypeRowCapacity,
    |     ^^^^^^^^^^^^^^^

warning: missing documentation for a variant
   --> crates/library/surface/package_compiler_failure.rs:726:5
    |
726 |     ComputedRowCapacity,
    |     ^^^^^^^^^^^^^^^^^^^

warning: missing documentation for a variant
   --> crates/library/surface/package_compiler_failure.rs:727:5
    |
727 |     OccurrenceOwner {
    |     ^^^^^^^^^^^^^^^

warning: missing documentation for a struct field
   --> crates/library/surface/package_compiler_failure.rs:728:9
    |
728 |         owner: u32,
    |         ^^^^^^^^^^

warning: missing documentation for a struct field
   --> crates/library/surface/package_compiler_failure.rs:729:9
    |
729 |         fact_count: u64,
    |         ^^^^^^^^^^^^^^^

warning: missing documentation for a variant
   --> crates/library/surface/package_compiler_failure.rs:731:5
    |
731 |     OccurrenceCapacity,
    |     ^^^^^^^^^^^^^^^^^^

warning: missing documentation for a variant
   --> crates/library/surface/package_compiler_failure.rs:732:5
    |
732 |     DocOwner {
    |     ^^^^^^^^

warning: missing documentation for a struct field
   --> crates/library/surface/package_compiler_failure.rs:733:9
    |
733 |         owner: u32,
    |         ^^^^^^^^^^

warning: missing documentation for a struct field
   --> crates/library/surface/package_compiler_failure.rs:734:9
    |
734 |         fact_count: u64,
    |         ^^^^^^^^^^^^^^^

warning: missing documentation for a variant
   --> crates/library/surface/package_compiler_failure.rs:736:5
    |
736 |     DocCapacity,
    |     ^^^^^^^^^^^

warning: missing documentation for a variant
   --> crates/library/surface/package_compiler_failure.rs:737:5
    |
737 |     ExtensionAtomCapacity,
    |     ^^^^^^^^^^^^^^^^^^^^^

warning: missing documentation for a variant
   --> crates/library/surface/package_compiler_failure.rs:738:5
    |
738 |     TypeParameterCapacity,
    |     ^^^^^^^^^^^^^^^^^^^^^

warning: missing documentation for a variant
   --> crates/library/surface/package_compiler_failure.rs:739:5
    |
739 |     TypeParameterBoundCapacity {
    |     ^^^^^^^^^^^^^^^^^^^^^^^^^^

warning: missing documentation for a struct field
   --> crates/library/surface/package_compiler_failure.rs:740:9
    |
740 |         requested: u64,
    |         ^^^^^^^^^^^^^^

warning: missing documentation for a struct field
   --> crates/library/surface/package_compiler_failure.rs:741:9
    |
741 |         available: u64,
    |         ^^^^^^^^^^^^^^

warning: missing documentation for a variant
   --> crates/library/surface/package_compiler_failure.rs:743:5
    |
743 |     RefListCapacity,
    |     ^^^^^^^^^^^^^^^

warning: missing documentation for a variant
   --> crates/library/surface/package_compiler_failure.rs:744:5
    |
744 |     RefListElements,
    |     ^^^^^^^^^^^^^^^

warning: missing documentation for a variant
   --> crates/library/surface/package_compiler_failure.rs:745:5
    |
745 |     RefTarget {
    |     ^^^^^^^^^

warning: missing documentation for a struct field
   --> crates/library/surface/package_compiler_failure.rs:746:9
    |
746 |         lane: u8,
    |         ^^^^^^^^

warning: missing documentation for a struct field
   --> crates/library/surface/package_compiler_failure.rs:747:9
    |
747 |         raw: u32,
    |         ^^^^^^^^

warning: missing documentation for a struct field
   --> crates/library/surface/package_compiler_failure.rs:748:9
    |
748 |         fact_count: u64,
    |         ^^^^^^^^^^^^^^^

warning: missing documentation for a variant
   --> crates/library/surface/package_compiler_failure.rs:750:5
    |
750 |     SourceSpan {
    |     ^^^^^^^^^^

warning: missing documentation for a struct field
   --> crates/library/surface/package_compiler_failure.rs:751:9
    |
751 |         entity: u32,
    |         ^^^^^^^^^^^

warning: missing documentation for a struct field
   --> crates/library/surface/package_compiler_failure.rs:752:9
    |
752 |         start: u32,
    |         ^^^^^^^^^^

warning: missing documentation for a struct field
   --> crates/library/surface/package_compiler_failure.rs:753:9
    |
753 |         end: u32,
    |         ^^^^^^^^

warning: missing documentation for a struct field
   --> crates/library/surface/package_compiler_failure.rs:754:9
    |
754 |         source_len: u32,
    |         ^^^^^^^^^^^^^^^

warning: missing documentation for a variant
   --> crates/library/surface/package_compiler_failure.rs:756:5
    |
756 |     ConflictingSourceSpan {
    |     ^^^^^^^^^^^^^^^^^^^^^

warning: missing documentation for a struct field
   --> crates/library/surface/package_compiler_failure.rs:757:9
    |
757 |         entity: u32,
    |         ^^^^^^^^^^^

warning: missing documentation for a struct field
   --> crates/library/surface/package_compiler_failure.rs:758:9
    |
758 |         existing_start: u32,
    |         ^^^^^^^^^^^^^^^^^^^

warning: missing documentation for a struct field
   --> crates/library/surface/package_compiler_failure.rs:759:9
    |
759 |         existing_end: u32,
    |         ^^^^^^^^^^^^^^^^^

warning: missing documentation for a struct field
   --> crates/library/surface/package_compiler_failure.rs:760:9
    |
760 |         requested_start: u32,
    |         ^^^^^^^^^^^^^^^^^^^^

warning: missing documentation for a struct field
   --> crates/library/surface/package_compiler_failure.rs:761:9
    |
761 |         requested_end: u32,
    |         ^^^^^^^^^^^^^^^^^^

warning: missing documentation for a variant
   --> crates/library/surface/package_compiler_failure.rs:763:5
    |
763 |     ConflictingParentage {
    |     ^^^^^^^^^^^^^^^^^^^^

warning: missing documentation for a struct field
   --> crates/library/surface/package_compiler_failure.rs:764:9
    |
764 |         entity: u32,
    |         ^^^^^^^^^^^

warning: missing documentation for a struct field
   --> crates/library/surface/package_compiler_failure.rs:765:9
    |
765 |         existing: PackageParentageFact,
    |         ^^^^^^^^^^^^^^^^^^^^^^^^^^^^^^

warning: missing documentation for a struct field
   --> crates/library/surface/package_compiler_failure.rs:766:9
    |
766 |         requested: PackageParentageFact,
    |         ^^^^^^^^^^^^^^^^^^^^^^^^^^^^^^^

warning: missing documentation for a variant
   --> crates/library/surface/package_compiler_failure.rs:768:5
    |
768 |     ConflictingMemberInventory {
    |     ^^^^^^^^^^^^^^^^^^^^^^^^^^

warning: missing documentation for a struct field
   --> crates/library/surface/package_compiler_failure.rs:769:9
    |
769 |         entity: u32,
    |         ^^^^^^^^^^^

warning: missing documentation for a struct field
   --> crates/library/surface/package_compiler_failure.rs:770:9
    |
770 |         existing_count: u64,
    |         ^^^^^^^^^^^^^^^^^^^

warning: missing documentation for a struct field
   --> crates/library/surface/package_compiler_failure.rs:771:9
    |
771 |         requested_count: u64,
    |         ^^^^^^^^^^^^^^^^^^^^

warning: missing documentation for a struct field
   --> crates/library/surface/package_compiler_failure.rs:772:9
    |
772 |         first_difference: u64,
    |         ^^^^^^^^^^^^^^^^^^^^^

warning: missing documentation for a struct field
   --> crates/library/surface/package_compiler_failure.rs:773:9
    |
773 |         existing_member: Option<u32>,
    |         ^^^^^^^^^^^^^^^^^^^^^^^^^^^^

warning: missing documentation for a struct field
   --> crates/library/surface/package_compiler_failure.rs:774:9
    |
774 |         requested_member: Option<u32>,
    |         ^^^^^^^^^^^^^^^^^^^^^^^^^^^^^

warning: missing documentation for a variant
   --> crates/library/surface/package_compiler_failure.rs:836:5
    |
836 |     Unavailable,
    |     ^^^^^^^^^^^

warning: missing documentation for a variant
   --> crates/library/surface/package_compiler_failure.rs:837:5
    |
837 |     Root,
    |     ^^^^

warning: missing documentation for a variant
   --> crates/library/surface/package_compiler_failure.rs:838:5
    |
838 |     Bound { parent: u32 },
    |     ^^^^^

warning: missing documentation for a struct field
   --> crates/library/surface/package_compiler_failure.rs:838:13
    |
838 |     Bound { parent: u32 },
    |             ^^^^^^^^^^^

warning: missing documentation for a variant
   --> crates/library/surface/package_compiler_failure.rs:839:5
    |
839 |     UnrepresentedAuthorityOwner { identity: [u8; 16] },
    |     ^^^^^^^^^^^^^^^^^^^^^^^^^^^

warning: missing documentation for a struct field
   --> crates/library/surface/package_compiler_failure.rs:839:35
    |
839 |     UnrepresentedAuthorityOwner { identity: [u8; 16] },
    |                                   ^^^^^^^^^^^^^^^^^^

warning: missing documentation for a variant
   --> crates/library/surface/package_compiler_failure.rs:846:5
    |
846 |     EmptyPath,
    |     ^^^^^^^^^

warning: missing documentation for a variant
   --> crates/library/surface/package_compiler_failure.rs:847:5
    |
847 |     BackslashInPath,
    |     ^^^^^^^^^^^^^^^

warning: missing documentation for a variant
   --> crates/library/surface/package_compiler_failure.rs:854:5
    |
854 |     EmptyEcosystem,
    |     ^^^^^^^^^^^^^^

warning: missing documentation for a variant
   --> crates/library/surface/package_compiler_failure.rs:855:5
    |
855 |     EmptyPackage,
    |     ^^^^^^^^^^^^

warning: missing documentation for a variant
   --> crates/library/surface/package_compiler_failure.rs:856:5
    |
856 |     SeparatorInEcosystem,
    |     ^^^^^^^^^^^^^^^^^^^^

warning: missing documentation for a variant
   --> crates/library/surface/package_compiler_failure.rs:857:5
    |
857 |     SeparatorInPackage,
    |     ^^^^^^^^^^^^^^^^^^

warning: missing documentation for a variant
   --> crates/library/surface/package_compiler_failure.rs:858:5
    |
858 |     BackslashEcosystem,
    |     ^^^^^^^^^^^^^^^^^^

warning: missing documentation for a variant
   --> crates/library/surface/package_compiler_failure.rs:859:5
    |
859 |     BackslashPackage,
    |     ^^^^^^^^^^^^^^^^

warning: missing documentation for a variant
   --> crates/library/surface/package_compiler_failure.rs:860:5
    |
860 |     BackslashInvalid { segment: u8 },
    |     ^^^^^^^^^^^^^^^^

warning: missing documentation for a struct field
   --> crates/library/surface/package_compiler_failure.rs:860:24
    |
860 |     BackslashInvalid { segment: u8 },
    |                        ^^^^^^^^^^^

   Compiling backend-extension-trustfall v0.1.0 (/Users/mileswirht/Downloads/nudox-active-20261005/luna_ingest_pages_recovery/extensions/trustfall)
warning: `backend-library` (lib) generated 569 warnings (run `cargo fix --lib -p backend-library` to apply 20 suggestions)
   Compiling backend-engine v0.1.0 (/Users/mileswirht/Downloads/nudox-active-20261005/luna_ingest_pages_recovery/crates/engine)
warning: unnecessary qualification
    --> crates/engine/src/acquisition/content_addressed.rs:2355:24
     |
2355 |             .set_times(std::fs::FileTimes::new().set_modified(UNIX_EPOCH))
     |                        ^^^^^^^^^^^^^^^^^^^^^^^
     |
     = note: requested on the command line with `-W unused-qualifications`
help: remove the unnecessary path segments
     |
2355 -             .set_times(std::fs::FileTimes::new().set_modified(UNIX_EPOCH))
2355 +             .set_times(fs::FileTimes::new().set_modified(UNIX_EPOCH))
     |

warning: unnecessary qualification
   --> crates/engine/src/acquisition/owned_file.rs:301:9
    |
301 |         std::io::stdout().flush().expect("flush readiness");
    |         ^^^^^^^^^^^^^^^
    |
help: remove the unnecessary path segments
    |
301 -         std::io::stdout().flush().expect("flush readiness");
301 +         io::stdout().flush().expect("flush readiness");
    |

warning: unnecessary qualification
   --> crates/engine/src/acquisition/owned_file.rs:303:17
    |
303 |         let _ = std::io::stdin().read_to_end(&mut input);
    |                 ^^^^^^^^^^^^^^
    |
help: remove the unnecessary path segments
    |
303 -         let _ = std::io::stdin().read_to_end(&mut input);
303 +         let _ = io::stdin().read_to_end(&mut input);
    |

warning: unused import: `Policy`
    --> crates/engine/src/acquisition/receipt_store.rs:1048:40
     |
1048 |         ManifestEntry, MetadataRecord, Policy, ReleaseClaim, Resolve, TreeManifest,
     |                                        ^^^^^^
     |
     = note: `#[warn(unused_imports)]` (part of `#[warn(unused)]`) on by default

warning: unnecessary qualification
    --> crates/engine/src/acquisition/receipt_store.rs:1062:9
     |
1062 |         std::io::stdin()
     |         ^^^^^^^^^^^^^^
     |
help: remove the unnecessary path segments
     |
1062 -         std::io::stdin()
1062 +         io::stdin()
     |

warning: unnecessary qualification
    --> crates/engine/src/acquisition/receipt_store.rs:1397:73
     |
1397 |     fn lease(root: &Path, request: &AcquisitionRequest) -> (LeaseStore, super::super::LeaseGuard) {
     |                                                                         ^^^^^^^^^^^^^^^^^^^^^^^^
     |
help: remove the unnecessary path segments
     |
1397 -     fn lease(root: &Path, request: &AcquisitionRequest) -> (LeaseStore, super::super::LeaseGuard) {
1397 +     fn lease(root: &Path, request: &AcquisitionRequest) -> (LeaseStore, LeaseGuard) {
     |

warning: unnecessary qualification
    --> crates/engine/src/application/cluster_coordinator/admission.rs:1374:17
     |
1374 |                 std::io::Error::other(format!("parse recipe fixture package URL: {error:?}"))
     |                 ^^^^^^^^^^^^^^^^^^^^^
     |
help: remove the unnecessary path segments
     |
1374 -                 std::io::Error::other(format!("parse recipe fixture package URL: {error:?}"))
1374 +                 io::Error::other(format!("parse recipe fixture package URL: {error:?}"))
     |

warning: unnecessary qualification
    --> crates/engine/src/application/cluster_coordinator/admission.rs:1385:13
     |
1385 |             std::io::Error::other(format!("create recipe fixture request: {error:?}"))
     |             ^^^^^^^^^^^^^^^^^^^^^
     |
help: remove the unnecessary path segments
     |
1385 -             std::io::Error::other(format!("create recipe fixture request: {error:?}"))
1385 +             io::Error::other(format!("create recipe fixture request: {error:?}"))
     |

warning: unnecessary qualification
    --> crates/engine/src/application/cluster_coordinator/admission.rs:1514:30
     |
1514 |             .map_err(|error| std::io::Error::other(format!("open result store: {error:?}")))?;
     |                              ^^^^^^^^^^^^^^^^^^^^^
     |
help: remove the unnecessary path segments
     |
1514 -             .map_err(|error| std::io::Error::other(format!("open result store: {error:?}")))?;
1514 +             .map_err(|error| io::Error::other(format!("open result store: {error:?}")))?;
     |

warning: unnecessary qualification
    --> crates/engine/src/application/cluster_coordinator/admission.rs:1517:30
     |
1517 |             .map_err(|error| std::io::Error::other(format!("store result closure: {error:?}")))?;
     |                              ^^^^^^^^^^^^^^^^^^^^^
     |
help: remove the unnecessary path segments
     |
1517 -             .map_err(|error| std::io::Error::other(format!("store result closure: {error:?}")))?;
1517 +             .map_err(|error| io::Error::other(format!("store result closure: {error:?}")))?;
     |

warning: unnecessary qualification
    --> crates/engine/src/application/cluster_coordinator/admission.rs:1520:30
     |
1520 |             .map_err(|error| std::io::Error::other(format!("open result closure: {error:?}")))?;
     |                              ^^^^^^^^^^^^^^^^^^^^^
     |
help: remove the unnecessary path segments
     |
1520 -             .map_err(|error| std::io::Error::other(format!("open result closure: {error:?}")))?;
1520 +             .map_err(|error| io::Error::other(format!("open result closure: {error:?}")))?;
     |

warning: unnecessary qualification
    --> crates/engine/src/application/cluster_coordinator/admission.rs:1561:26
     |
1561 |         .map_err(|error| std::io::Error::other(format!("admit baseline result: {error:?}")))?;
     |                          ^^^^^^^^^^^^^^^^^^^^^
     |
help: remove the unnecessary path segments
     |
1561 -         .map_err(|error| std::io::Error::other(format!("admit baseline result: {error:?}")))?;
1561 +         .map_err(|error| io::Error::other(format!("admit baseline result: {error:?}")))?;
     |

warning: unnecessary qualification
    --> crates/engine/src/application/cluster_coordinator/admission.rs:1663:17
     |
1663 |                 std::io::Error::other(format!("store generic-plane result: {error:?}"))
     |                 ^^^^^^^^^^^^^^^^^^^^^
     |
help: remove the unnecessary path segments
     |
1663 -                 std::io::Error::other(format!("store generic-plane result: {error:?}"))
1663 +                 io::Error::other(format!("store generic-plane result: {error:?}"))
     |

warning: unnecessary qualification
    --> crates/engine/src/application/cluster_coordinator/admission.rs:1669:21
     |
1669 |                     std::io::Error::other(format!("open generic-plane result: {error:?}"))
     |                     ^^^^^^^^^^^^^^^^^^^^^
     |
help: remove the unnecessary path segments
     |
1669 -                     std::io::Error::other(format!("open generic-plane result: {error:?}"))
1669 +                     io::Error::other(format!("open generic-plane result: {error:?}"))
     |

warning: unnecessary qualification
    --> crates/engine/src/application/cluster_coordinator/admission.rs:1711:21
     |
1711 |                     std::io::Error::other(format!("store embedding result closure: {error:?}"))
     |                     ^^^^^^^^^^^^^^^^^^^^^
     |
help: remove the unnecessary path segments
     |
1711 -                     std::io::Error::other(format!("store embedding result closure: {error:?}"))
1711 +                     io::Error::other(format!("store embedding result closure: {error:?}"))
     |

warning: unnecessary qualification
    --> crates/engine/src/application/cluster_coordinator/admission.rs:1714:13
     |
1714 |             std::io::Error::other(format!("open embedding result closure: {error:?}"))
     |             ^^^^^^^^^^^^^^^^^^^^^
     |
help: remove the unnecessary path segments
     |
1714 -             std::io::Error::other(format!("open embedding result closure: {error:?}"))
1714 +             io::Error::other(format!("open embedding result closure: {error:?}"))
     |

warning: unnecessary qualification
    --> crates/engine/src/application/cluster_coordinator/admission.rs:1728:26
     |
1728 |         .map_err(|error| std::io::Error::other(format!("admit embedding result: {error:?}")))?;
     |                          ^^^^^^^^^^^^^^^^^^^^^
     |
help: remove the unnecessary path segments
     |
1728 -         .map_err(|error| std::io::Error::other(format!("admit embedding result: {error:?}")))?;
1728 +         .map_err(|error| io::Error::other(format!("admit embedding result: {error:?}")))?;
     |

warning: unnecessary qualification
    --> crates/engine/src/application/cluster_coordinator/admission.rs:1802:21
     |
1802 |                     std::io::Error::other(format!("store cross-artifact plane result: {error:?}"))
     |                     ^^^^^^^^^^^^^^^^^^^^^
     |
help: remove the unnecessary path segments
     |
1802 -                     std::io::Error::other(format!("store cross-artifact plane result: {error:?}"))
1802 +                     io::Error::other(format!("store cross-artifact plane result: {error:?}"))
     |

warning: unnecessary qualification
    --> crates/engine/src/application/cluster_coordinator/admission.rs:1808:21
     |
1808 |                     std::io::Error::other(format!("open cross-artifact plane result: {error:?}"))
     |                     ^^^^^^^^^^^^^^^^^^^^^
     |
help: remove the unnecessary path segments
     |
1808 -                     std::io::Error::other(format!("open cross-artifact plane result: {error:?}"))
1808 +                     io::Error::other(format!("open cross-artifact plane result: {error:?}"))
     |

warning: unnecessary qualification
    --> crates/engine/src/application/cluster_coordinator/admission.rs:1867:17
     |
1867 |                 std::io::Error::other(format!("store incomplete plane closure: {error:?}"))
     |                 ^^^^^^^^^^^^^^^^^^^^^
     |
help: remove the unnecessary path segments
     |
1867 -                 std::io::Error::other(format!("store incomplete plane closure: {error:?}"))
1867 +                 io::Error::other(format!("store incomplete plane closure: {error:?}"))
     |

warning: unnecessary qualification
    --> crates/engine/src/application/cluster_coordinator/admission.rs:1873:21
     |
1873 |                     std::io::Error::other(format!("open incomplete plane closure: {error:?}"))
     |                     ^^^^^^^^^^^^^^^^^^^^^
     |
help: remove the unnecessary path segments
     |
1873 -                     std::io::Error::other(format!("open incomplete plane closure: {error:?}"))
1873 +                     io::Error::other(format!("open incomplete plane closure: {error:?}"))
     |

warning: unnecessary qualification
    --> crates/engine/src/application/cluster_coordinator/admission.rs:1940:21
     |
1940 |                     std::io::Error::other(format!("store mutated result closure: {error:?}"))
     |                     ^^^^^^^^^^^^^^^^^^^^^
     |
help: remove the unnecessary path segments
     |
1940 -                     std::io::Error::other(format!("store mutated result closure: {error:?}"))
1940 +                     io::Error::other(format!("store mutated result closure: {error:?}"))
     |

warning: unnecessary qualification
    --> crates/engine/src/application/cluster_coordinator/admission.rs:1943:13
     |
1943 |             std::io::Error::other(format!("open mutated result closure: {error:?}"))
     |             ^^^^^^^^^^^^^^^^^^^^^
     |
help: remove the unnecessary path segments
     |
1943 -             std::io::Error::other(format!("open mutated result closure: {error:?}"))
1943 +             io::Error::other(format!("open mutated result closure: {error:?}"))
     |

warning: unnecessary qualification
    --> crates/engine/src/application/cluster_coordinator/admission.rs:1966:34
     |
1966 |         fn new() -> Result<Self, std::io::Error> {
     |                                  ^^^^^^^^^^^^^^
     |
help: remove the unnecessary path segments
     |
1966 -         fn new() -> Result<Self, std::io::Error> {
1966 +         fn new() -> Result<Self, io::Error> {
     |

warning: unnecessary qualification
    --> crates/engine/src/application/cluster_coordinator/admission.rs:1969:26
     |
1969 |                 .map_err(std::io::Error::other)?
     |                          ^^^^^^^^^^^^^^^^^^^^^
     |
help: remove the unnecessary path segments
     |
1969 -                 .map_err(std::io::Error::other)?
1969 +                 .map_err(io::Error::other)?
     |

warning: unnecessary qualification
    --> crates/engine/src/application/cluster_coordinator/admission.rs:2038:30
     |
2038 |             .map_err(|error| std::io::Error::other(format!("build result closure: {error:?}")))
     |                              ^^^^^^^^^^^^^^^^^^^^^
     |
help: remove the unnecessary path segments
     |
2038 -             .map_err(|error| std::io::Error::other(format!("build result closure: {error:?}")))
2038 +             .map_err(|error| io::Error::other(format!("build result closure: {error:?}")))
     |

warning: unnecessary qualification
    --> crates/engine/src/application/cluster_coordinator/admission.rs:2171:13
     |
2171 |             std::io::Error::other(format!("rebuild semantic generation: {error:?}"))
     |             ^^^^^^^^^^^^^^^^^^^^^
     |
help: remove the unnecessary path segments
     |
2171 -             std::io::Error::other(format!("rebuild semantic generation: {error:?}"))
2171 +             io::Error::other(format!("rebuild semantic generation: {error:?}"))
     |

warning: unused imports: `CompilationManifestFacts` and `CompilationManifestView`
 --> crates/engine/src/application/cluster_coordinator/result_wire.rs:9:5
  |
9 |     CompilationManifestFacts, CompilationManifestIdentity, CompilationManifestView,
  |     ^^^^^^^^^^^^^^^^^^^^^^^^                               ^^^^^^^^^^^^^^^^^^^^^^^

warning: unnecessary qualification
    --> crates/engine/src/application/cluster_coordinator/result_wire.rs:1618:28
     |
1618 |             member_slots * std::mem::size_of::<super::CompilerResultMemberV1>() < 16 * 1024 * 1024,
     |                            ^^^^^^^^^^^^^^^^^^^^^^^^^^^^^^^^^^^^^^^^^^^^^^^^^^
     |
help: remove the unnecessary path segments
     |
1618 -             member_slots * std::mem::size_of::<super::CompilerResultMemberV1>() < 16 * 1024 * 1024,
1618 +             member_slots * size_of::<super::CompilerResultMemberV1>() < 16 * 1024 * 1024,
     |

warning: unused import: `FragmentCause`
  --> crates/engine/src/application/compiler.rs:35:70
   |
35 |     CompilerRequest as ApplicationCompilerRequest, CompilerTerminal, FragmentCause,
   |                                                                      ^^^^^^^^^^^^^

warning: unused imports: `AtomicBool` and `Ordering`
    --> crates/engine/src/application/compiler.rs:4026:22
     |
4026 |             atomic::{AtomicBool, Ordering},
     |                      ^^^^^^^^^^  ^^^^^^^^

warning: unnecessary qualification
    --> crates/engine/src/application/embedding_provision.rs:1350:17
     |
1350 |         assert!(std::sync::Arc::ptr_eq(
     |                 ^^^^^^^^^^^^^^^^^^^^^^
     |
help: remove the unnecessary path segments
     |
1350 -         assert!(std::sync::Arc::ptr_eq(
1350 +         assert!(Arc::ptr_eq(
     |

warning: unnecessary qualification
    --> crates/engine/src/application/runtime.rs:4670:30
     |
4670 |                 let result = std::panic::catch_unwind(AssertUnwindSafe(|| {
     |                              ^^^^^^^^^^^^^^^^^^^^^^^^
     |
help: remove the unnecessary path segments
     |
4670 -                 let result = std::panic::catch_unwind(AssertUnwindSafe(|| {
4670 +                 let result = catch_unwind(AssertUnwindSafe(|| {
     |

warning: unnecessary qualification
   --> crates/engine/src/application/terminal/native.rs:456:23
    |
456 |         let failure = crate::driver::CompileFailure::ExtensionAtomUnbound {
    |                       ^^^^^^^^^^^^^^^^^^^^^^^^^^^^^^^^^^^^^^^^^^^^^^^^^^^
    |
help: remove the unnecessary path segments
    |
456 -         let failure = crate::driver::CompileFailure::ExtensionAtomUnbound {
456 +         let failure = CompileFailure::ExtensionAtomUnbound {
    |

warning: unnecessary qualification
   --> crates/engine/src/application/terminal/native.rs:463:36
    |
463 |         let cause = lowering_cause(super::compile_terminal(failure))?;
    |                                    ^^^^^^^^^^^^^^^^^^^^^^^
    |
help: remove the unnecessary path segments
    |
463 -         let cause = lowering_cause(super::compile_terminal(failure))?;
463 +         let cause = lowering_cause(compile_terminal(failure))?;
    |

warning: unnecessary qualification
   --> crates/engine/src/application/terminal/native.rs:481:23
    |
481 |         let failure = crate::driver::CompileFailure::LoweringUnsupported {
    |                       ^^^^^^^^^^^^^^^^^^^^^^^^^^^^^^^^^^^^^^^^^^^^^^^^^^
    |
help: remove the unnecessary path segments
    |
481 -         let failure = crate::driver::CompileFailure::LoweringUnsupported {
481 +         let failure = CompileFailure::LoweringUnsupported {
    |

warning: unnecessary qualification
   --> crates/engine/src/application/terminal/native.rs:490:36
    |
490 |         let cause = lowering_cause(super::compile_terminal(failure))?;
    |                                    ^^^^^^^^^^^^^^^^^^^^^^^
    |
help: remove the unnecessary path segments
    |
490 -         let cause = lowering_cause(super::compile_terminal(failure))?;
490 +         let cause = lowering_cause(compile_terminal(failure))?;
    |

warning: unused import: `std::path::PathBuf`
    --> crates/engine/src/application/unit_authority_v2.rs:1499:13
     |
1499 |         use std::path::PathBuf;
     |             ^^^^^^^^^^^^^^^^^^

warning: unused import: `ProductSourceRelation`
  --> crates/engine/src/builtin/file_facts_relation.rs:13:70
   |
13 |     Container, DeclarationKind, ProductFileRef, ProductSourceRecord, ProductSourceRelation,
   |                                                                      ^^^^^^^^^^^^^^^^^^^^^

warning: unnecessary parentheses around function argument
    --> crates/engine/src/builtin/file_facts_relation.rs:2003:41
     |
2003 |         let source = tsx_catalog_source((0..900), false);
     |                                         ^      ^
     |
     = note: `#[warn(unused_parens)]` (part of `#[warn(unused)]`) on by default
help: remove these parentheses
     |
2003 -         let source = tsx_catalog_source((0..900), false);
2003 +         let source = tsx_catalog_source(0..900, false);
     |

warning: unnecessary parentheses around function argument
    --> crates/engine/src/builtin/file_facts_relation.rs:2023:50
     |
2023 |         let prefixed_source = tsx_catalog_source((0..900), true);
     |                                                  ^      ^
     |
help: remove these parentheses
     |
2023 -         let prefixed_source = tsx_catalog_source((0..900), true);
2023 +         let prefixed_source = tsx_catalog_source(0..900, true);
     |

warning: unnecessary qualification
    --> crates/engine/src/builtin/relation.rs:2986:13
     |
2986 |             super::ProductProjectFileMembership::Inline(keys.as_slice())
     |             ^^^^^^^^^^^^^^^^^^^^^^^^^^^^^^^^^^^^^^^^^^^
     |
help: remove the unnecessary path segments
     |
2986 -             super::ProductProjectFileMembership::Inline(keys.as_slice())
2986 +             ProductProjectFileMembership::Inline(keys.as_slice())
     |

warning: unnecessary qualification
   --> crates/engine/src/compiler_read_observation_v2.rs:629:13
    |
629 |             crate::compiler_attempt_v2::CompilationAttemptId::mint().expect("attempt identity"),
    |             ^^^^^^^^^^^^^^^^^^^^^^^^^^^^^^^^^^^^^^^^^^^^^^^^^^^^^^
    |
help: remove the unnecessary path segments
    |
629 -             crate::compiler_attempt_v2::CompilationAttemptId::mint().expect("attempt identity"),
629 +             CompilationAttemptId::mint().expect("attempt identity"),
    |

warning: unnecessary qualification
   --> crates/engine/src/compiler_read_observation_v2.rs:636:13
    |
636 |             crate::compiler_attempt_v2::CompilationAttemptId::mint().expect("attempt identity");
    |             ^^^^^^^^^^^^^^^^^^^^^^^^^^^^^^^^^^^^^^^^^^^^^^^^^^^^^^
    |
help: remove the unnecessary path segments
    |
636 -             crate::compiler_attempt_v2::CompilationAttemptId::mint().expect("attempt identity");
636 +             CompilationAttemptId::mint().expect("attempt identity");
    |

warning: unnecessary qualification
   --> crates/engine/src/compiler_read_observation_v2.rs:779:13
    |
779 |             crate::compiler_attempt_v2::CompilationAttemptId::mint().expect("attempt identity");
    |             ^^^^^^^^^^^^^^^^^^^^^^^^^^^^^^^^^^^^^^^^^^^^^^^^^^^^^^
    |
help: remove the unnecessary path segments
    |
779 -             crate::compiler_attempt_v2::CompilationAttemptId::mint().expect("attempt identity");
779 +             CompilationAttemptId::mint().expect("attempt identity");
    |

warning: unnecessary qualification
    --> crates/engine/src/driver/lower/csharp.rs:4808:38
     |
4808 |                 if rejection.fact == crate::driver::lower::MAX_EMISSION_FACTS
     |                                      ^^^^^^^^^^^^^^^^^^^^^^^^^^^^^^^^^^^^^^^^
     |
help: remove the unnecessary path segments
     |
4808 -                 if rejection.fact == crate::driver::lower::MAX_EMISSION_FACTS
4808 +                 if rejection.fact == MAX_EMISSION_FACTS
     |

warning: unnecessary qualification
    --> crates/engine/src/driver/lower/go.rs:4956:17
     |
4956 |     ) -> Result<backend_semantic::ir::GoFacts, TestError> {
     |                 ^^^^^^^^^^^^^^^^^^^^^^^^^^^^^
     |
help: remove the unnecessary path segments
     |
4956 -     ) -> Result<backend_semantic::ir::GoFacts, TestError> {
4956 +     ) -> Result<GoFacts, TestError> {
     |

warning: unnecessary qualification
    --> crates/engine/src/driver/lower/java.rs:3051:35
     |
3051 |             LanguageProfile::Java(backend_semantic::vocabulary::JavaRelease::Java21),
     |                                   ^^^^^^^^^^^^^^^^^^^^^^^^^^^^^^^^^^^^^^^^^^^^^^^^^
     |
help: remove the unnecessary path segments
     |
3051 -             LanguageProfile::Java(backend_semantic::vocabulary::JavaRelease::Java21),
3051 +             LanguageProfile::Java(JavaRelease::Java21),
     |

warning: unnecessary qualification
    --> crates/engine/src/driver/lower/java.rs:3081:35
     |
3081 |             LanguageProfile::Java(backend_semantic::vocabulary::JavaRelease::Java21),
     |                                   ^^^^^^^^^^^^^^^^^^^^^^^^^^^^^^^^^^^^^^^^^^^^^^^^^
     |
help: remove the unnecessary path segments
     |
3081 -             LanguageProfile::Java(backend_semantic::vocabulary::JavaRelease::Java21),
3081 +             LanguageProfile::Java(JavaRelease::Java21),
     |

warning: unnecessary qualification
    --> crates/engine/src/driver/lower/java.rs:3089:39
     |
3089 |                 LanguageProfile::Java(backend_semantic::vocabulary::JavaRelease::Java21),
     |                                       ^^^^^^^^^^^^^^^^^^^^^^^^^^^^^^^^^^^^^^^^^^^^^^^^^
     |
help: remove the unnecessary path segments
     |
3089 -                 LanguageProfile::Java(backend_semantic::vocabulary::JavaRelease::Java21),
3089 +                 LanguageProfile::Java(JavaRelease::Java21),
     |

warning: unnecessary qualification
    --> crates/engine/src/driver/lower/java.rs:3391:22
     |
3391 |             |entity: backend_semantic::ir::EntityId| -> Result<Vec<Vec<u8>>, TestError> {
     |                      ^^^^^^^^^^^^^^^^^^^^^^^^^^^^^^
     |
help: remove the unnecessary path segments
     |
3391 -             |entity: backend_semantic::ir::EntityId| -> Result<Vec<Vec<u8>>, TestError> {
3391 +             |entity: EntityId| -> Result<Vec<Vec<u8>>, TestError> {
     |

warning: unnecessary qualification
    --> crates/engine/src/driver/lower/java.rs:4377:25
     |
4377 |         for index in 0..crate::driver::lower::MAX_EMISSION_FACTS + 1 {
     |                         ^^^^^^^^^^^^^^^^^^^^^^^^^^^^^^^^^^^^^^^^
     |
help: remove the unnecessary path segments
     |
4377 -         for index in 0..crate::driver::lower::MAX_EMISSION_FACTS + 1 {
4377 +         for index in 0..MAX_EMISSION_FACTS + 1 {
     |

warning: unnecessary qualification
    --> crates/engine/src/driver/lower/java.rs:4395:38
     |
4395 |                 if rejection.fact == crate::driver::lower::MAX_EMISSION_FACTS
     |                                      ^^^^^^^^^^^^^^^^^^^^^^^^^^^^^^^^^^^^^^^^
     |
help: remove the unnecessary path segments
     |
4395 -                 if rejection.fact == crate::driver::lower::MAX_EMISSION_FACTS
4395 +                 if rejection.fact == MAX_EMISSION_FACTS
     |

warning: unnecessary qualification
    --> crates/engine/src/driver/lower/java.rs:4415:17
     |
4415 |             != (backend_semantic::vocabulary::JavaProjectionFault::Utf16Offset {
     |                 ^^^^^^^^^^^^^^^^^^^^^^^^^^^^^^^^^^^^^^^^^^^^^^^^^^^^^^^^^^^^^^
     |
help: remove the unnecessary path segments
     |
4415 -             != (backend_semantic::vocabulary::JavaProjectionFault::Utf16Offset {
4415 +             != (JavaProjectionFault::Utf16Offset {
     |

warning: unnecessary qualification
    --> crates/engine/src/driver/lower/java.rs:4432:22
     |
4432 |         if fault != (backend_semantic::vocabulary::JavaProjectionFault::Primitive { type_row: 17 })
     |                      ^^^^^^^^^^^^^^^^^^^^^^^^^^^^^^^^^^^^^^^^^^^^^^^^^^^^^^^^^^^^
     |
help: remove the unnecessary path segments
     |
4432 -         if fault != (backend_semantic::vocabulary::JavaProjectionFault::Primitive { type_row: 17 })
4432 +         if fault != (JavaProjectionFault::Primitive { type_row: 17 })
     |

warning: unnecessary qualification
    --> crates/engine/src/driver/lower/java.rs:4442:22
     |
4442 |         if fault != (backend_semantic::vocabulary::JavaProjectionFault::Depth { type_row: 23 }) {
     |                      ^^^^^^^^^^^^^^^^^^^^^^^^^^^^^^^^^^^^^^^^^^^^^^^^^^^^^^^^
     |
help: remove the unnecessary path segments
     |
4442 -         if fault != (backend_semantic::vocabulary::JavaProjectionFault::Depth { type_row: 23 }) {
4442 +         if fault != (JavaProjectionFault::Depth { type_row: 23 }) {
     |

warning: unnecessary qualification
    --> crates/engine/src/driver/lower/java.rs:4455:17
     |
4455 |             != (backend_semantic::vocabulary::JavaProjectionFault::MalformedType {
     |                 ^^^^^^^^^^^^^^^^^^^^^^^^^^^^^^^^^^^^^^^^^^^^^^^^^^^^^^^^^^^^^^^^
     |
help: remove the unnecessary path segments
     |
4455 -             != (backend_semantic::vocabulary::JavaProjectionFault::MalformedType {
4455 +             != (JavaProjectionFault::MalformedType {
     |

warning: unnecessary qualification
    --> crates/engine/src/driver/lower/java.rs:4457:23
     |
4457 |                 kind: backend_semantic::vocabulary::JavaProjectionTypeKind::Array,
     |                       ^^^^^^^^^^^^^^^^^^^^^^^^^^^^^^^^^^^^^^^^^^^^^^^^^^^^^^^^^^^
     |
help: remove the unnecessary path segments
     |
4457 -                 kind: backend_semantic::vocabulary::JavaProjectionTypeKind::Array,
4457 +                 kind: JavaProjectionTypeKind::Array,
     |

warning: unnecessary qualification
    --> crates/engine/src/driver/lower/java.rs:4481:21
     |
4481 |         let owner = backend_frontend_java::legacy::JavaAuthorityImage::open(&bytes)
     |                     ^^^^^^^^^^^^^^^^^^^^^^^^^^^^^^^^^^^^^^^^^^^^^^^^^^^^^^^
     |
help: remove the unnecessary path segments
     |
4481 -         let owner = backend_frontend_java::legacy::JavaAuthorityImage::open(&bytes)
4481 +         let owner = JavaAuthorityImage::open(&bytes)
     |

warning: unnecessary qualification
    --> crates/engine/src/driver/lower/java.rs:4495:22
     |
4495 |         if fault != (backend_semantic::vocabulary::JavaProjectionFault::OrphanOwner { owner: 0 }) {
     |                      ^^^^^^^^^^^^^^^^^^^^^^^^^^^^^^^^^^^^^^^^^^^^^^^^^^^^^^^^^^^^^^
     |
help: remove the unnecessary path segments
     |
4495 -         if fault != (backend_semantic::vocabulary::JavaProjectionFault::OrphanOwner { owner: 0 }) {
4495 +         if fault != (JavaProjectionFault::OrphanOwner { owner: 0 }) {
     |

warning: unnecessary qualification
    --> crates/engine/src/driver/lower/java.rs:4502:23
     |
4502 |                 atom: backend_semantic::vocabulary::JavaSymbolAtom::Name,
     |                       ^^^^^^^^^^^^^^^^^^^^^^^^^^^^^^^^^^^^^^^^^^^^^^^^^^
     |
help: remove the unnecessary path segments
     |
4502 -                 atom: backend_semantic::vocabulary::JavaSymbolAtom::Name,
4502 +                 atom: JavaSymbolAtom::Name,
     |

warning: unnecessary qualification
    --> crates/engine/src/driver/lower/java.rs:4508:17
     |
4508 |             != (backend_semantic::vocabulary::JavaProjectionFault::AtomUtf8 {
     |                 ^^^^^^^^^^^^^^^^^^^^^^^^^^^^^^^^^^^^^^^^^^^^^^^^^^^^^^^^^^^
     |
help: remove the unnecessary path segments
     |
4508 -             != (backend_semantic::vocabulary::JavaProjectionFault::AtomUtf8 {
4508 +             != (JavaProjectionFault::AtomUtf8 {
     |

warning: unnecessary qualification
    --> crates/engine/src/driver/lower/java.rs:4510:23
     |
4510 |                 atom: backend_semantic::vocabulary::JavaSymbolAtom::Name,
     |                       ^^^^^^^^^^^^^^^^^^^^^^^^^^^^^^^^^^^^^^^^^^^^^^^^^^
     |
help: remove the unnecessary path segments
     |
4510 -                 atom: backend_semantic::vocabulary::JavaSymbolAtom::Name,
4510 +                 atom: JavaSymbolAtom::Name,
     |

warning: unnecessary qualification
    --> crates/engine/src/driver/lower/java.rs:4531:17
     |
4531 |             != (backend_semantic::vocabulary::JavaProjectionFault::Image {
     |                 ^^^^^^^^^^^^^^^^^^^^^^^^^^^^^^^^^^^^^^^^^^^^^^^^^^^^^^^^
     |
help: remove the unnecessary path segments
     |
4531 -             != (backend_semantic::vocabulary::JavaProjectionFault::Image {
4531 +             != (JavaProjectionFault::Image {
     |

warning: unnecessary qualification
    --> crates/engine/src/driver/lower/java.rs:4532:24
     |
4532 |                 cause: backend_semantic::vocabulary::JavaImageFault::ChildRange {
     |                        ^^^^^^^^^^^^^^^^^^^^^^^^^^^^^^^^^^^^^^^^^^^^^^^^^^^^^^^^
     |
help: remove the unnecessary path segments
     |
4532 -                 cause: backend_semantic::vocabulary::JavaImageFault::ChildRange {
4532 +                 cause: JavaImageFault::ChildRange {
     |

warning: unnecessary qualification
    --> crates/engine/src/driver/lower/java.rs:4533:28
     |
4533 |                     plane: backend_semantic::vocabulary::JavaImagePlane::TypeChildren,
     |                            ^^^^^^^^^^^^^^^^^^^^^^^^^^^^^^^^^^^^^^^^^^^^^^^^^^^^^^^^^^
     |
help: remove the unnecessary path segments
     |
4533 -                     plane: backend_semantic::vocabulary::JavaImagePlane::TypeChildren,
4533 +                     plane: JavaImagePlane::TypeChildren,
     |

warning: unnecessary qualification
    --> crates/engine/src/driver/lower/java.rs:4552:17
     |
4552 |             != (backend_semantic::vocabulary::JavaProjectionFault::Image {
     |                 ^^^^^^^^^^^^^^^^^^^^^^^^^^^^^^^^^^^^^^^^^^^^^^^^^^^^^^^^
     |
help: remove the unnecessary path segments
     |
4552 -             != (backend_semantic::vocabulary::JavaProjectionFault::Image {
4552 +             != (JavaProjectionFault::Image {
     |

warning: unnecessary qualification
    --> crates/engine/src/driver/lower/java.rs:4553:24
     |
4553 |                 cause: backend_semantic::vocabulary::JavaImageFault::Header {
     |                        ^^^^^^^^^^^^^^^^^^^^^^^^^^^^^^^^^^^^^^^^^^^^^^^^^^^^
     |
help: remove the unnecessary path segments
     |
4553 -                 cause: backend_semantic::vocabulary::JavaImageFault::Header {
4553 +                 cause: JavaImageFault::Header {
     |

warning: unnecessary qualification
    --> crates/engine/src/driver/lower/java.rs:4554:28
     |
4554 |                     cause: backend_semantic::vocabulary::JavaImageHeaderFault::BodyLength {
     |                            ^^^^^^^^^^^^^^^^^^^^^^^^^^^^^^^^^^^^^^^^^^^^^^^^^^^^^^^^^^^^^^
     |
help: remove the unnecessary path segments
     |
4554 -                     cause: backend_semantic::vocabulary::JavaImageHeaderFault::BodyLength {
4554 +                     cause: JavaImageHeaderFault::BodyLength {
     |

warning: unnecessary qualification
    --> crates/engine/src/driver/lower/java.rs:4576:17
     |
4576 |             != (backend_semantic::vocabulary::JavaProjectionFault::IndexCapacity {
     |                 ^^^^^^^^^^^^^^^^^^^^^^^^^^^^^^^^^^^^^^^^^^^^^^^^^^^^^^^^^^^^^^^^
     |
help: remove the unnecessary path segments
     |
4576 -             != (backend_semantic::vocabulary::JavaProjectionFault::IndexCapacity {
4576 +             != (JavaProjectionFault::IndexCapacity {
     |

warning: unnecessary qualification
    --> crates/engine/src/driver/lower/java.rs:4577:24
     |
4577 |                 phase: backend_semantic::vocabulary::JavaProjectionIndexPhase::FactOrdinal,
     |                        ^^^^^^^^^^^^^^^^^^^^^^^^^^^^^^^^^^^^^^^^^^^^^^^^^^^^^^^^^^^^^^^^^^^
     |
help: remove the unnecessary path segments
     |
4577 -                 phase: backend_semantic::vocabulary::JavaProjectionIndexPhase::FactOrdinal,
4577 +                 phase: JavaProjectionIndexPhase::FactOrdinal,
     |

warning: unnecessary qualification
    --> crates/engine/src/driver/lower/java.rs:4594:17
     |
4594 |             != (backend_semantic::vocabulary::JavaProjectionFault::ForeignKey {
     |                 ^^^^^^^^^^^^^^^^^^^^^^^^^^^^^^^^^^^^^^^^^^^^^^^^^^^^^^^^^^^^^
     |
help: remove the unnecessary path segments
     |
4594 -             != (backend_semantic::vocabulary::JavaProjectionFault::ForeignKey {
4594 +             != (JavaProjectionFault::ForeignKey {
     |

warning: unnecessary qualification
    --> crates/engine/src/driver/lower/java.rs:4595:24
     |
4595 |                 cause: backend_semantic::vocabulary::JavaForeignKeyFault::BackslashInPath,
     |                        ^^^^^^^^^^^^^^^^^^^^^^^^^^^^^^^^^^^^^^^^^^^^^^^^^^^^^^^^^^^^^^^^^^
     |
help: remove the unnecessary path segments
     |
4595 -                 cause: backend_semantic::vocabulary::JavaForeignKeyFault::BackslashInPath,
4595 +                 cause: JavaForeignKeyFault::BackslashInPath,
     |

warning: unnecessary qualification
    --> crates/engine/src/driver/lower/rust.rs:4810:17
     |
4810 |         record: backend_semantic::ir::SemanticTypeRecord<'_>,
     |                 ^^^^^^^^^^^^^^^^^^^^^^^^^^^^^^^^^^^^^^^^^^^^
     |
help: remove the unnecessary path segments
     |
4810 -         record: backend_semantic::ir::SemanticTypeRecord<'_>,
4810 +         record: SemanticTypeRecord<'_>,
     |

warning: unnecessary qualification
    --> crates/engine/src/driver/lower/rust.rs:4947:43
     |
4947 |             || f32_row.record.payload1 != backend_semantic::ir::TypeWidth::Fixed(32).to_cell()
     |                                           ^^^^^^^^^^^^^^^^^^^^^^^^^^^^^^^^^^^^^^
     |
help: remove the unnecessary path segments
     |
4947 -             || f32_row.record.payload1 != backend_semantic::ir::TypeWidth::Fixed(32).to_cell()
4947 +             || f32_row.record.payload1 != TypeWidth::Fixed(32).to_cell()
     |

warning: unnecessary qualification
    --> crates/engine/src/driver/lower/rust.rs:4980:43
     |
4980 |                 != Some(NominalRef::Local(backend_semantic::ir::EntityId::new(
     |                                           ^^^^^^^^^^^^^^^^^^^^^^^^^^^^^^^^^^^
     |
help: remove the unnecessary path segments
     |
4980 -                 != Some(NominalRef::Local(backend_semantic::ir::EntityId::new(
4980 +                 != Some(NominalRef::Local(EntityId::new(
     |

warning: unnecessary qualification
    --> crates/engine/src/driver/lower/rust.rs:5043:43
     |
5043 |                 != Some(NominalRef::Local(backend_semantic::ir::EntityId::new(cafe)))
     |                                           ^^^^^^^^^^^^^^^^^^^^^^^^^^^^^^^^^^^
     |
help: remove the unnecessary path segments
     |
5043 -                 != Some(NominalRef::Local(backend_semantic::ir::EntityId::new(cafe)))
5043 +                 != Some(NominalRef::Local(EntityId::new(cafe)))
     |

warning: unnecessary qualification
    --> crates/engine/src/driver/lower/rust.rs:5231:40
     |
5231 |             != OccurrenceTarget::Local(backend_semantic::ir::EntityId::new(service))
     |                                        ^^^^^^^^^^^^^^^^^^^^^^^^^^^^^^^^^^^
     |
help: remove the unnecessary path segments
     |
5231 -             != OccurrenceTarget::Local(backend_semantic::ir::EntityId::new(service))
5231 +             != OccurrenceTarget::Local(EntityId::new(service))
     |

warning: unnecessary qualification
    --> crates/engine/src/driver/lower/rust.rs:5282:55
     |
5282 |         if access.1.target != OccurrenceTarget::Local(backend_semantic::ir::EntityId::new(score))
     |                                                       ^^^^^^^^^^^^^^^^^^^^^^^^^^^^^^^^^^^
     |
help: remove the unnecessary path segments
     |
5282 -         if access.1.target != OccurrenceTarget::Local(backend_semantic::ir::EntityId::new(score))
5282 +         if access.1.target != OccurrenceTarget::Local(EntityId::new(score))
     |

warning: unnecessary qualification
    --> crates/engine/src/driver/lower/rust.rs:5322:39
     |
5322 |             != Some(NominalRef::Local(backend_semantic::ir::EntityId::new(
     |                                       ^^^^^^^^^^^^^^^^^^^^^^^^^^^^^^^^^^^
     |
help: remove the unnecessary path segments
     |
5322 -             != Some(NominalRef::Local(backend_semantic::ir::EntityId::new(
5322 +             != Some(NominalRef::Local(EntityId::new(
     |

warning: unnecessary qualification
    --> crates/engine/src/driver/lower/rust.rs:5463:17
     |
5463 |                 backend_semantic::vocabulary::LoweringUnsupported::FactRejected { fact, .. },
     |                 ^^^^^^^^^^^^^^^^^^^^^^^^^^^^^^^^^^^^^^^^^^^^^^^^^^^^^^^^^^^^^^^
     |
help: remove the unnecessary path segments
     |
5463 -                 backend_semantic::vocabulary::LoweringUnsupported::FactRejected { fact, .. },
5463 +                 LoweringUnsupported::FactRejected { fact, .. },
     |

warning: unnecessary qualification
    --> crates/engine/src/driver/lower/rust.rs:5465:20
     |
5465 |                 == crate::driver::lower::portable_count(
     |                    ^^^^^^^^^^^^^^^^^^^^^^^^^^^^^^^^^^^^
     |
help: remove the unnecessary path segments
     |
5465 -                 == crate::driver::lower::portable_count(
5465 +                 == portable_count(
     |

warning: unnecessary qualification
    --> crates/engine/src/driver/lower/rust.rs:5633:55
     |
5633 |         if access.1.target != OccurrenceTarget::Local(backend_semantic::ir::EntityId::new(score))
     |                                                       ^^^^^^^^^^^^^^^^^^^^^^^^^^^^^^^^^^^
     |
help: remove the unnecessary path segments
     |
5633 -         if access.1.target != OccurrenceTarget::Local(backend_semantic::ir::EntityId::new(score))
5633 +         if access.1.target != OccurrenceTarget::Local(EntityId::new(score))
     |

warning: unnecessary qualification
    --> crates/engine/src/driver/lower/rust.rs:5698:53
     |
5698 |         if access.target != OccurrenceTarget::Local(backend_semantic::ir::EntityId::new(score))
     |                                                     ^^^^^^^^^^^^^^^^^^^^^^^^^^^^^^^^^^^
     |
help: remove the unnecessary path segments
     |
5698 -         if access.target != OccurrenceTarget::Local(backend_semantic::ir::EntityId::new(score))
5698 +         if access.target != OccurrenceTarget::Local(EntityId::new(score))
     |

warning: unnecessary qualification
    --> crates/engine/src/driver/lower/rust.rs:5722:13
     |
5722 |         let backend_semantic::ir::OccurrenceTarget::Foreign(key) = path.1.target else {
     |             ^^^^^^^^^^^^^^^^^^^^^^^^^^^^^^^^^^^^^^^^^^^^^^^
     |
help: remove the unnecessary path segments
     |
5722 -         let backend_semantic::ir::OccurrenceTarget::Foreign(key) = path.1.target else {
5722 +         let OccurrenceTarget::Foreign(key) = path.1.target else {
     |

warning: unnecessary qualification
    --> crates/engine/src/driver/lower/rust.rs:5727:13
     |
5727 |             backend_semantic::ir::ForeignOrigin::Universe { ecosystem: "cargo" }
     |             ^^^^^^^^^^^^^^^^^^^^^^^^^^^^^^^^^^^^^^^^^^^^^
     |
help: remove the unnecessary path segments
     |
5727 -             backend_semantic::ir::ForeignOrigin::Universe { ecosystem: "cargo" }
5727 +             ForeignOrigin::Universe { ecosystem: "cargo" }
     |

warning: unnecessary qualification
    --> crates/engine/src/driver/lower/rust.rs:5764:44
     |
5764 |                 != OccurrenceTarget::Local(backend_semantic::ir::EntityId::new(my_macro))
     |                                            ^^^^^^^^^^^^^^^^^^^^^^^^^^^^^^^^^^^
     |
help: remove the unnecessary path segments
     |
5764 -                 != OccurrenceTarget::Local(backend_semantic::ir::EntityId::new(my_macro))
5764 +                 != OccurrenceTarget::Local(EntityId::new(my_macro))
     |

warning: unnecessary qualification
    --> crates/engine/src/driver/lower/rust.rs:5798:13
     |
5798 |         let backend_semantic::ir::OccurrenceTarget::Foreign(key) = invocation.1.target else {
     |             ^^^^^^^^^^^^^^^^^^^^^^^^^^^^^^^^^^^^^^^^^^^^^^^
     |
help: remove the unnecessary path segments
     |
5798 -         let backend_semantic::ir::OccurrenceTarget::Foreign(key) = invocation.1.target else {
5798 +         let OccurrenceTarget::Foreign(key) = invocation.1.target else {
     |

warning: unnecessary qualification
    --> crates/engine/src/driver/lower/rust.rs:5803:13
     |
5803 |             backend_semantic::ir::ForeignOrigin::Universe { ecosystem: "cargo" }
     |             ^^^^^^^^^^^^^^^^^^^^^^^^^^^^^^^^^^^^^^^^^^^^^
     |
help: remove the unnecessary path segments
     |
5803 -             backend_semantic::ir::ForeignOrigin::Universe { ecosystem: "cargo" }
5803 +             ForeignOrigin::Universe { ecosystem: "cargo" }
     |

warning: unnecessary qualification
    --> crates/engine/src/driver/lower/rust.rs:5834:13
     |
5834 |         let backend_semantic::ir::OccurrenceTarget::Foreign(key) = invocation.1.target else {
     |             ^^^^^^^^^^^^^^^^^^^^^^^^^^^^^^^^^^^^^^^^^^^^^^^
     |
help: remove the unnecessary path segments
     |
5834 -         let backend_semantic::ir::OccurrenceTarget::Foreign(key) = invocation.1.target else {
5834 +         let OccurrenceTarget::Foreign(key) = invocation.1.target else {
     |

warning: unnecessary qualification
    --> crates/engine/src/driver/lower/rust.rs:5839:13
     |
5839 |             backend_semantic::ir::ForeignOrigin::Universe { ecosystem: "cargo" }
     |             ^^^^^^^^^^^^^^^^^^^^^^^^^^^^^^^^^^^^^^^^^^^^^
     |
help: remove the unnecessary path segments
     |
5839 -             backend_semantic::ir::ForeignOrigin::Universe { ecosystem: "cargo" }
5839 +             ForeignOrigin::Universe { ecosystem: "cargo" }
     |

warning: unnecessary qualification
   --> crates/engine/src/driver/lower/tests.rs:450:17
    |
450 |         target: backend_semantic::ir::OccurrenceTarget::Foreign(backend_semantic::ir::ForeignKey {
    |                 ^^^^^^^^^^^^^^^^^^^^^^^^^^^^^^^^^^^^^^^^^^^^^^^
    |
help: remove the unnecessary path segments
    |
450 -         target: backend_semantic::ir::OccurrenceTarget::Foreign(backend_semantic::ir::ForeignKey {
450 +         target: OccurrenceTarget::Foreign(backend_semantic::ir::ForeignKey {
    |

warning: unnecessary qualification
   --> crates/engine/src/driver/lower/tests.rs:451:21
    |
451 |             origin: backend_semantic::ir::ForeignOrigin::Universe { ecosystem: "c" },
    |                     ^^^^^^^^^^^^^^^^^^^^^^^^^^^^^^^^^^^^^^^^^^^^^
    |
help: remove the unnecessary path segments
    |
451 -             origin: backend_semantic::ir::ForeignOrigin::Universe { ecosystem: "c" },
451 +             origin: ForeignOrigin::Universe { ecosystem: "c" },
    |

warning: unnecessary qualification
   --> crates/engine/src/driver/lower/tests.rs:456:15
    |
456 |         kind: backend_semantic::ir::ReferenceKind::VariableUse,
    |               ^^^^^^^^^^^^^^^^^^^^^^^^^^^^^^^^^^^^^^^^^^^^^^^^
    |
help: remove the unnecessary path segments
    |
456 -         kind: backend_semantic::ir::ReferenceKind::VariableUse,
456 +         kind: ReferenceKind::VariableUse,
    |

warning: unnecessary qualification
   --> crates/engine/src/driver/lower/tests.rs:457:21
    |
457 |         confidence: backend_semantic::ir::OccurrenceConfidence::Syntactic,
    |                     ^^^^^^^^^^^^^^^^^^^^^^^^^^^^^^^^^^^^^^^^^^^^^^^^^^^^^
    |
help: remove the unnecessary path segments
    |
457 -         confidence: backend_semantic::ir::OccurrenceConfidence::Syntactic,
457 +         confidence: OccurrenceConfidence::Syntactic,
    |

warning: unnecessary qualification
   --> crates/engine/src/driver/lower/tests.rs:458:15
    |
458 |         span: backend_semantic::ir::RelSpan { start: 0, end: 0 },
    |               ^^^^^^^^^^^^^^^^^^^^^^^^^^^^^
    |
help: remove the unnecessary path segments
    |
458 -         span: backend_semantic::ir::RelSpan { start: 0, end: 0 },
458 +         span: RelSpan { start: 0, end: 0 },
    |

warning: unnecessary qualification
    --> crates/engine/src/driver/lower/tests.rs:1238:17
     |
1238 |         target: backend_semantic::ir::OccurrenceTarget::Foreign(backend_semantic::ir::ForeignKey {
     |                 ^^^^^^^^^^^^^^^^^^^^^^^^^^^^^^^^^^^^^^^^^^^^^^^
     |
help: remove the unnecessary path segments
     |
1238 -         target: backend_semantic::ir::OccurrenceTarget::Foreign(backend_semantic::ir::ForeignKey {
1238 +         target: OccurrenceTarget::Foreign(backend_semantic::ir::ForeignKey {
     |

warning: unnecessary qualification
    --> crates/engine/src/driver/lower/tests.rs:1239:21
     |
1239 |             origin: backend_semantic::ir::ForeignOrigin::Universe {
     |                     ^^^^^^^^^^^^^^^^^^^^^^^^^^^^^^^^^^^^^^^^^^^^^
     |
help: remove the unnecessary path segments
     |
1239 -             origin: backend_semantic::ir::ForeignOrigin::Universe {
1239 +             origin: ForeignOrigin::Universe {
     |

warning: unnecessary qualification
    --> crates/engine/src/driver/lower/tests.rs:1246:15
     |
1246 |         kind: backend_semantic::ir::ReferenceKind::FunctionCall,
     |               ^^^^^^^^^^^^^^^^^^^^^^^^^^^^^^^^^^^^^^^^^^^^^^^^^
     |
help: remove the unnecessary path segments
     |
1246 -         kind: backend_semantic::ir::ReferenceKind::FunctionCall,
1246 +         kind: ReferenceKind::FunctionCall,
     |

warning: unnecessary qualification
    --> crates/engine/src/driver/lower/tests.rs:1247:21
     |
1247 |         confidence: backend_semantic::ir::OccurrenceConfidence::Syntactic,
     |                     ^^^^^^^^^^^^^^^^^^^^^^^^^^^^^^^^^^^^^^^^^^^^^^^^^^^^^
     |
help: remove the unnecessary path segments
     |
1247 -         confidence: backend_semantic::ir::OccurrenceConfidence::Syntactic,
1247 +         confidence: OccurrenceConfidence::Syntactic,
     |

warning: unnecessary qualification
    --> crates/engine/src/driver/lower/tests.rs:1248:15
     |
1248 |         span: backend_semantic::ir::RelSpan { start: 0, end: 0 },
     |               ^^^^^^^^^^^^^^^^^^^^^^^^^^^^^
     |
help: remove the unnecessary path segments
     |
1248 -         span: backend_semantic::ir::RelSpan { start: 0, end: 0 },
1248 +         span: RelSpan { start: 0, end: 0 },
     |

warning: unnecessary qualification
  --> crates/engine/src/forge/tests.rs:90:36
   |
90 |             .set_read_timeout(Some(std::time::Duration::from_secs(10)))
   |                                    ^^^^^^^^^^^^^^^^^^^^^^^^^^^^^^
   |
help: remove the unnecessary path segments
   |
90 -             .set_read_timeout(Some(std::time::Duration::from_secs(10)))
90 +             .set_read_timeout(Some(Duration::from_secs(10)))
   |

warning: unnecessary qualification
   --> crates/engine/src/forge/tests.rs:161:47
    |
161 |                 Err(error) if error.kind() == std::io::ErrorKind::WouldBlock => {
    |                                               ^^^^^^^^^^^^^^^^^^^^^^^^^^^^^^
    |
help: remove the unnecessary path segments
    |
161 -                 Err(error) if error.kind() == std::io::ErrorKind::WouldBlock => {
161 +                 Err(error) if error.kind() == io::ErrorKind::WouldBlock => {
    |

warning: unnecessary qualification
   --> crates/engine/src/forge/tests.rs:164:47
    |
164 |                 Err(error) if error.kind() == std::io::ErrorKind::Interrupted => {
    |                                               ^^^^^^^^^^^^^^^^^^^^^^^^^^^^^^^
    |
help: remove the unnecessary path segments
    |
164 -                 Err(error) if error.kind() == std::io::ErrorKind::Interrupted => {
164 +                 Err(error) if error.kind() == io::ErrorKind::Interrupted => {
    |

warning: unnecessary qualification
   --> crates/engine/src/forge/tests.rs:447:56
    |
447 |             let deadline = std::time::Instant::now() + std::time::Duration::from_secs(10);
    |                                                        ^^^^^^^^^^^^^^^^^^^^^^^^^^^^^^
    |
help: remove the unnecessary path segments
    |
447 -             let deadline = std::time::Instant::now() + std::time::Duration::from_secs(10);
447 +             let deadline = std::time::Instant::now() + Duration::from_secs(10);
    |

warning: unnecessary qualification
   --> crates/engine/src/forge/tests.rs:452:31
    |
452 |                 thread::sleep(std::time::Duration::from_millis(5));
    |                               ^^^^^^^^^^^^^^^^^^^^^^^^^^^^^^^^
    |
help: remove the unnecessary path segments
    |
452 -                 thread::sleep(std::time::Duration::from_millis(5));
452 +                 thread::sleep(Duration::from_millis(5));
    |

warning: unnecessary qualification
   --> crates/engine/src/forge/tests.rs:776:42
    |
776 |     let _ = stream.set_read_timeout(Some(std::time::Duration::from_secs(30)));
    |                                          ^^^^^^^^^^^^^^^^^^^^^^^^^^^^^^
    |
help: remove the unnecessary path segments
    |
776 -     let _ = stream.set_read_timeout(Some(std::time::Duration::from_secs(30)));
776 +     let _ = stream.set_read_timeout(Some(Duration::from_secs(30)));
    |

warning: unnecessary qualification
   --> crates/engine/src/forge/tests.rs:777:43
    |
777 |     let _ = stream.set_write_timeout(Some(std::time::Duration::from_secs(30)));
    |                                           ^^^^^^^^^^^^^^^^^^^^^^^^^^^^^^
    |
help: remove the unnecessary path segments
    |
777 -     let _ = stream.set_write_timeout(Some(std::time::Duration::from_secs(30)));
777 +     let _ = stream.set_write_timeout(Some(Duration::from_secs(30)));
    |

warning: unnecessary qualification
   --> crates/engine/src/forge/tests.rs:913:40
    |
913 |                     if error.kind() == std::io::ErrorKind::WouldBlock
    |                                        ^^^^^^^^^^^^^^^^^^^^^^^^^^^^^^
    |
help: remove the unnecessary path segments
    |
913 -                     if error.kind() == std::io::ErrorKind::WouldBlock
913 +                     if error.kind() == io::ErrorKind::WouldBlock
    |

warning: unnecessary qualification
   --> crates/engine/src/forge/tests.rs:914:44
    |
914 |                         || error.kind() == std::io::ErrorKind::Interrupted =>
    |                                            ^^^^^^^^^^^^^^^^^^^^^^^^^^^^^^^
    |
help: remove the unnecessary path segments
    |
914 -                         || error.kind() == std::io::ErrorKind::Interrupted =>
914 +                         || error.kind() == io::ErrorKind::Interrupted =>
    |

warning: unnecessary qualification
   --> crates/engine/src/journal/tests.rs:137:21
    |
137 |             |_| Err(std::io::Error::other("injected sync failure")),
    |                     ^^^^^^^^^^^^^^^^^^^^^
    |
help: remove the unnecessary path segments
    |
137 -             |_| Err(std::io::Error::other("injected sync failure")),
137 +             |_| Err(io::Error::other("injected sync failure")),
    |

warning: unnecessary qualification
   --> crates/engine/src/journal/tests.rs:280:17
    |
280 |         |_| Err(std::io::Error::other("injected cold-open sync failure")),
    |                 ^^^^^^^^^^^^^^^^^^^^^
    |
help: remove the unnecessary path segments
    |
280 -         |_| Err(std::io::Error::other("injected cold-open sync failure")),
280 +         |_| Err(io::Error::other("injected cold-open sync failure")),
    |

warning: unnecessary qualification
  --> crates/engine/src/registry/tests.rs:76:13
   |
76 | ) -> Result<super::AcquisitionOutcome, AcquisitionError> {
   |             ^^^^^^^^^^^^^^^^^^^^^^^^^
   |
help: remove the unnecessary path segments
   |
76 - ) -> Result<super::AcquisitionOutcome, AcquisitionError> {
76 + ) -> Result<AcquisitionOutcome, AcquisitionError> {
   |

warning: unnecessary qualification
   --> crates/engine/src/registry/tests.rs:856:50
    |
856 |         fn read(&mut self, buffer: &mut [u8]) -> std::io::Result<usize> {
    |                                                  ^^^^^^^^^^^^^^^^^^^^^^
    |
help: remove the unnecessary path segments
    |
856 -         fn read(&mut self, buffer: &mut [u8]) -> std::io::Result<usize> {
856 +         fn read(&mut self, buffer: &mut [u8]) -> io::Result<usize> {
    |

warning: unnecessary qualification
   --> crates/engine/src/registry/tests.rs:869:51
    |
869 |         fn seek(&mut self, position: SeekFrom) -> std::io::Result<u64> {
    |                                                   ^^^^^^^^^^^^^^^^^^^^
    |
help: remove the unnecessary path segments
    |
869 -         fn seek(&mut self, position: SeekFrom) -> std::io::Result<u64> {
869 +         fn seek(&mut self, position: SeekFrom) -> io::Result<u64> {
    |

warning: unnecessary qualification
   --> crates/engine/src/registry/tests.rs:874:36
    |
874 |                     .ok_or_else(|| std::io::Error::other("seek overflow"))?
    |                                    ^^^^^^^^^^^^^^^^^^^^^
    |
help: remove the unnecessary path segments
    |
874 -                     .ok_or_else(|| std::io::Error::other("seek overflow"))?
874 +                     .ok_or_else(|| io::Error::other("seek overflow"))?
    |

warning: unnecessary qualification
   --> crates/engine/src/registry/tests.rs:878:36
    |
878 |                     .ok_or_else(|| std::io::Error::other("seek overflow"))?
    |                                    ^^^^^^^^^^^^^^^^^^^^^
    |
help: remove the unnecessary path segments
    |
878 -                     .ok_or_else(|| std::io::Error::other("seek overflow"))?
878 +                     .ok_or_else(|| io::Error::other("seek overflow"))?
    |

warning: unnecessary qualification
   --> crates/engine/src/registry/tests.rs:882:53
    |
882 |                 usize::try_from(target).map_err(|_| std::io::Error::other("seek overflow"))?;
    |                                                     ^^^^^^^^^^^^^^^^^^^^^
    |
help: remove the unnecessary path segments
    |
882 -                 usize::try_from(target).map_err(|_| std::io::Error::other("seek overflow"))?;
882 +                 usize::try_from(target).map_err(|_| io::Error::other("seek overflow"))?;
    |

warning: unnecessary qualification
   --> crates/engine/src/registry/tests.rs:897:22
    |
897 |         archive_url: std::sync::Arc::from("https://registry.example.test/large.crate"),
    |                      ^^^^^^^^^^^^^^^^^^^^
    |
help: remove the unnecessary path segments
    |
897 -         archive_url: std::sync::Arc::from("https://registry.example.test/large.crate"),
897 +         archive_url: Arc::from("https://registry.example.test/large.crate"),
    |

warning: unnecessary qualification
   --> crates/engine/src/registry/tests.rs:904:20
    |
904 |     let mut sink = std::io::sink();
    |                    ^^^^^^^^^^^^^
    |
help: remove the unnecessary path segments
    |
904 -     let mut sink = std::io::sink();
904 +     let mut sink = io::sink();
    |

warning: unnecessary qualification
   --> crates/engine/src/registry/tests.rs:942:18
    |
942 |     let faults = std::sync::Arc::new(Faults::default());
    |                  ^^^^^^^^^^^^^^^^^^^
    |
help: remove the unnecessary path segments
    |
942 -     let faults = std::sync::Arc::new(Faults::default());
942 +     let faults = Arc::new(Faults::default());
    |

warning: unnecessary qualification
    --> crates/engine/src/registry/tests.rs:1776:34
     |
1776 |                     archive_url: std::sync::Arc::from("https://registry.example.test/demo.crate"),
     |                                  ^^^^^^^^^^^^^^^^^^^^
     |
help: remove the unnecessary path segments
     |
1776 -                     archive_url: std::sync::Arc::from("https://registry.example.test/demo.crate"),
1776 +                     archive_url: Arc::from("https://registry.example.test/demo.crate"),
     |

warning: unnecessary qualification
    --> crates/engine/src/registry/tests.rs:1844:34
     |
1844 |                     archive_url: std::sync::Arc::from("https://registry.example.test/demo.crate"),
     |                                  ^^^^^^^^^^^^^^^^^^^^
     |
help: remove the unnecessary path segments
     |
1844 -                     archive_url: std::sync::Arc::from("https://registry.example.test/demo.crate"),
1844 +                     archive_url: Arc::from("https://registry.example.test/demo.crate"),
     |

warning: unnecessary qualification
    --> crates/engine/src/registry/tests.rs:2875:64
     |
2875 |             Ok(TransportResult::RetryAfter(delay)) if delay == std::time::Duration::from_secs(expected)
     |                                                                ^^^^^^^^^^^^^^^^^^^^^^^^^^^^^^
     |
help: remove the unnecessary path segments
     |
2875 -             Ok(TransportResult::RetryAfter(delay)) if delay == std::time::Duration::from_secs(expected)
2875 +             Ok(TransportResult::RetryAfter(delay)) if delay == Duration::from_secs(expected)
     |

warning: unnecessary qualification
    --> crates/engine/src/registry/tests.rs:2904:60
     |
2904 |         Ok(TransportResult::RetryAfter(delay)) if delay == std::time::Duration::from_secs(17)
     |                                                            ^^^^^^^^^^^^^^^^^^^^^^^^^^^^^^
     |
help: remove the unnecessary path segments
     |
2904 -         Ok(TransportResult::RetryAfter(delay)) if delay == std::time::Duration::from_secs(17)
2904 +         Ok(TransportResult::RetryAfter(delay)) if delay == Duration::from_secs(17)
     |

warning: unnecessary qualification
  --> crates/engine/src/workspace/head.rs:99:22
   |
99 |         let schema = backend_version::SchemaIdentity::of_relation::<R>();
   |                      ^^^^^^^^^^^^^^^^^^^^^^^^^^^^^^^^^^^^^^^^^^^^^^^^^
   |
help: remove the unnecessary path segments
   |
99 -         let schema = backend_version::SchemaIdentity::of_relation::<R>();
99 +         let schema = SchemaIdentity::of_relation::<R>();
   |

warning: unnecessary qualification
   --> crates/engine/src/workspace/head.rs:233:22
    |
233 |         let schema = backend_version::SchemaIdentity::of_relation::<R>();
    |                      ^^^^^^^^^^^^^^^^^^^^^^^^^^^^^^^^^^^^^^^^^^^^^^^^^
    |
help: remove the unnecessary path segments
    |
233 -         let schema = backend_version::SchemaIdentity::of_relation::<R>();
233 +         let schema = SchemaIdentity::of_relation::<R>();
    |

warning: unused import: `error::Error`
  --> crates/engine/src/application/compiler.rs:60:5
   |
60 |     error::Error as _,
   |     ^^^^^^^^^^^^

warning: unused import: `SemanticCoreReader`
    --> crates/engine/src/driver/lower/java.rs:2670:46
     |
2670 |     use backend_semantic::ir::{FragmentView, SemanticCoreReader, SemanticReader, SourceIdentity};
     |                                              ^^^^^^^^^^^^^^^^^^

warning: variable does not need to be mutable
   --> crates/engine/src/acquisition/lease_tests.rs:225:9
    |
225 |     let mut successor = reopened
    |         ----^^^^^^^^^
    |         |
    |         help: remove this `mut`
    |
    = note: `#[warn(unused_mut)]` (part of `#[warn(unused)]`) on by default

warning: variable does not need to be mutable
    --> crates/engine/src/driver/lower/csharp.rs:3809:13
     |
3809 |         let mut occurrences = view
     |             ----^^^^^^^^^^^
     |             |
     |             help: remove this `mut`

warning: unused variable: `units`
    --> crates/engine/src/driver/lower/java.rs:4124:17
     |
4124 |             let units: usize = source_text.chars().map(char::len_utf16).sum();
     |                 ^^^^^ help: if this is intentional, prefix it with an underscore: `_units`
     |
     = note: `#[warn(unused_variables)]` (part of `#[warn(unused)]`) on by default

warning: variable does not need to be mutable
    --> crates/engine/src/registry/tests.rs:5598:10
     |
5598 |     let (mut source, _) =
     |          ----^^^^^^
     |          |
     |          help: remove this `mut`

warning: associated functions `derive_with_streamed_field` and `from_encoded` are never used
   --> crates/engine/src/acquisition/identity.rs:113:27
    |
108 |         impl $name {
    |         ---------- associated functions in this implementation
...
113 |             pub(super) fn derive_with_streamed_field(
    |                           ^^^^^^^^^^^^^^^^^^^^^^^^^^
...
141 |             pub(crate) const fn from_encoded(bytes: [u8; ID_BYTES]) -> Self {
    |                                 ^^^^^^^^^^^^
...
158 | identity!(ReleaseClaimId, b"release-claim");
    | ------------------------------------------- in this macro invocation
    |
    = note: `#[warn(dead_code)]` (part of `#[warn(unused)]`) on by default
    = note: this warning originates in the macro `identity` (in Nightly builds, run with -Z macro-backtrace for more info)

warning: associated function `derive_with_streamed_field` is never used
   --> crates/engine/src/acquisition/identity.rs:113:27
    |
108 |         impl $name {
    |         ---------- associated function in this implementation
...
113 |             pub(super) fn derive_with_streamed_field(
    |                           ^^^^^^^^^^^^^^^^^^^^^^^^^^
...
159 | identity!(RawArchiveObjectId, b"raw-archive-object");
    | ---------------------------------------------------- in this macro invocation
    |
    = note: this warning originates in the macro `identity` (in Nightly builds, run with -Z macro-backtrace for more info)

warning: associated functions `derive_with_streamed_field` and `from_encoded` are never used
   --> crates/engine/src/acquisition/identity.rs:113:27
    |
108 |         impl $name {
    |         ---------- associated functions in this implementation
...
113 |             pub(super) fn derive_with_streamed_field(
    |                           ^^^^^^^^^^^^^^^^^^^^^^^^^^
...
141 |             pub(crate) const fn from_encoded(bytes: [u8; ID_BYTES]) -> Self {
    |                                 ^^^^^^^^^^^^
...
160 | identity!(TreeManifestId, b"tree-manifest");
    | ------------------------------------------- in this macro invocation
    |
    = note: this warning originates in the macro `identity` (in Nightly builds, run with -Z macro-backtrace for more info)

warning: associated functions `derive_with_streamed_field` and `from_encoded` are never used
   --> crates/engine/src/acquisition/identity.rs:113:27
    |
108 |         impl $name {
    |         ---------- associated functions in this implementation
...
113 |             pub(super) fn derive_with_streamed_field(
    |                           ^^^^^^^^^^^^^^^^^^^^^^^^^^
...
141 |             pub(crate) const fn from_encoded(bytes: [u8; ID_BYTES]) -> Self {
    |                                 ^^^^^^^^^^^^
...
161 | identity!(SourceSnapshotId, b"source-snapshot");
    | ----------------------------------------------- in this macro invocation
    |
    = note: this warning originates in the macro `identity` (in Nightly builds, run with -Z macro-backtrace for more info)

warning: associated functions `derive_with_streamed_field` and `from_encoded` are never used
   --> crates/engine/src/acquisition/identity.rs:113:27
    |
108 |         impl $name {
    |         ---------- associated functions in this implementation
...
113 |             pub(super) fn derive_with_streamed_field(
    |                           ^^^^^^^^^^^^^^^^^^^^^^^^^^
...
141 |             pub(crate) const fn from_encoded(bytes: [u8; ID_BYTES]) -> Self {
    |                                 ^^^^^^^^^^^^
...
162 | identity!(AcquisitionDeltaId, b"acquisition-delta");
    | --------------------------------------------------- in this macro invocation
    |
    = note: this warning originates in the macro `identity` (in Nightly builds, run with -Z macro-backtrace for more info)

warning: associated functions `derive_with_streamed_field` and `from_encoded` are never used
   --> crates/engine/src/acquisition/identity.rs:113:27
    |
108 |         impl $name {
    |         ---------- associated functions in this implementation
...
113 |             pub(super) fn derive_with_streamed_field(
    |                           ^^^^^^^^^^^^^^^^^^^^^^^^^^
...
141 |             pub(crate) const fn from_encoded(bytes: [u8; ID_BYTES]) -> Self {
    |                                 ^^^^^^^^^^^^
...
163 | identity!(AcquisitionReceiptId, b"acquisition-receipt");
    | ------------------------------------------------------- in this macro invocation
    |
    = note: this warning originates in the macro `identity` (in Nightly builds, run with -Z macro-backtrace for more info)

warning: associated function `derive_with_streamed_field` is never used
   --> crates/engine/src/acquisition/identity.rs:113:27
    |
108 |         impl $name {
    |         ---------- associated function in this implementation
...
113 |             pub(super) fn derive_with_streamed_field(
    |                           ^^^^^^^^^^^^^^^^^^^^^^^^^^
...
165 | identity!(PublicationRootId, b"publication-root");
    | ------------------------------------------------- in this macro invocation
    |
    = note: this warning originates in the macro `identity` (in Nightly builds, run with -Z macro-backtrace for more info)

warning: field `request` is never read
    --> crates/engine/src/application/runtime.rs:2705:9
     |
2703 |     PackageSources {
     |     -------------- field in this variant
2704 |         facts: RequestFacts,
2705 |         request: OwnedPackageSourceSet,
     |         ^^^^^^^

warning: function `fragment_terminal` is never used
   --> crates/engine/src/application/terminal/native.rs:291:10
    |
291 | const fn fragment_terminal(
    |          ^^^^^^^^^^^^^^^^^

warning: variants `CargoProject`, `ToolchainInput`, and `ExternalInput` are never constructed
   --> crates/engine/src/compiler_read_observation_v2.rs:97:5
    |
 85 | pub(crate) enum CompilerReadObservationEventClassV2 {
    |                 ----------------------------------- variants in this enum
...
 97 |     CargoProject = 6,
    |     ^^^^^^^^^^^^
...
101 |     ToolchainInput = 8,
    |     ^^^^^^^^^^^^^^
...
105 |     ExternalInput = 10,
    |     ^^^^^^^^^^^^^
    |
    = note: `CompilerReadObservationEventClassV2` has derived impls for the traits `Debug` and `Clone`, but these are intentionally ignored during dead code analysis

warning: methods `release` and `admit_releases` are never used
    --> crates/engine/src/registry/ecosystem.rs:1011:8
     |
 804 | impl EcosystemAdapter {
     | --------------------- methods in this implementation
...
1011 |     fn release(
     |        ^^^^^^^
...
1151 |     pub(crate) fn admit_releases(
     |                   ^^^^^^^^^^^^^^

warning: methods `maven_release`, `maven_archive_url`, `maven_source_archive_url`, `maven_archive_url_with_classifier`, and `conan_archive_name` are never used
   --> crates/engine/src/registry/ecosystem_decoders.rs:639:19
    |
220 | impl EcosystemAdapter {
    | --------------------- methods in this implementation
...
639 |     pub(crate) fn maven_release(
    |                   ^^^^^^^^^^^^^
...
683 |     pub(crate) fn maven_archive_url(&self, version: &str) -> String {
    |                   ^^^^^^^^^^^^^^^^^
...
687 |     pub(crate) fn maven_source_archive_url(&self, version: &str) -> String {
    |                   ^^^^^^^^^^^^^^^^^^^^^^^^
...
707 |     fn maven_archive_url_with_classifier(&self, version: &str, classifier: &str) -> String {
    |        ^^^^^^^^^^^^^^^^^^^^^^^^^^^^^^^^^
...
996 |     pub(crate) fn conan_archive_name(&self, bytes: &[u8]) -> Result<String, TransportFailure> {
    |                   ^^^^^^^^^^^^^^^^^^

warning: function `is_sdist` is never used
    --> crates/engine/src/registry/ecosystem_decoders.rs:2661:4
     |
2661 | fn is_sdist(filename: &str) -> bool {
     |    ^^^^^^^^

warning: function `is_wheel` is never used
    --> crates/engine/src/registry/ecosystem_decoders.rs:2667:4
     |
2667 | fn is_wheel(filename: &str) -> bool {
     |    ^^^^^^^^

warning: method `admit_reader` is never used
  --> crates/engine/src/registry/identity.rs:66:19
   |
37 | impl PublishedArtifactClaim {
   | --------------------------- method in this implementation
...
66 |     pub(crate) fn admit_reader<R: Read>(
   |                   ^^^^^^^^^^^^

warning: method `verify_and_store` is never used
    --> crates/engine/src/registry/owner.rs:1269:19
     |
 434 | impl RegistryOwner {
     | ------------------ method in this implementation
...
1269 |     pub(crate) fn verify_and_store(
     |                   ^^^^^^^^^^^^^^^^

warning: methods `verify_archive` and `canonical_digest` are never used
   --> crates/engine/src/registry/transport.rs:406:19
    |
405 | impl RemotePackage {
    | ------------------ methods in this implementation
406 |     pub(crate) fn verify_archive(
    |                   ^^^^^^^^^^^^^^
...
513 |     pub(crate) const fn canonical_digest(&self) -> Option<[u8; 32]> {
    |                         ^^^^^^^^^^^^^^^^

warning: method `maven_checksum` is never used
    --> crates/engine/src/registry/transport.rs:1518:8
     |
 675 | impl HttpRegistryTransport {
     | -------------------------- method in this implementation
...
1518 |     fn maven_checksum(
     |        ^^^^^^^^^^^^^^

warning: missing documentation for a method
   --> crates/engine/src/application/cluster_coordinator/result_wire.rs:109:5
    |
109 |     pub const fn role(self) -> CompilerResultMemberRole {
    |     ^^^^^^^^^^^^^^^^^^^^^^^^^^^^^^^^^^^^^^^^^^^^^^^^^^^
    |
    = note: requested on the command line with `-W missing-docs`

warning: missing documentation for a method
   --> crates/engine/src/application/cluster_coordinator/result_wire.rs:114:5
    |
114 |     pub const fn reference(self) -> ObjectRef<ObjectDomain> {
    |     ^^^^^^^^^^^^^^^^^^^^^^^^^^^^^^^^^^^^^^^^^^^^^^^^^^^^^^^

warning: missing documentation for a method
   --> crates/engine/src/application/cluster_coordinator/result_wire.rs:119:5
    |
119 |     pub const fn key(self) -> u64 {
    |     ^^^^^^^^^^^^^^^^^^^^^^^^^^^^^

warning: missing documentation for a method
   --> crates/engine/src/application/cluster_coordinator/result_wire.rs:124:5
    |
124 |     pub const fn parent(self) -> Option<u64> {
    |     ^^^^^^^^^^^^^^^^^^^^^^^^^^^^^^^^^^^^^^^^

warning: missing documentation for a method
   --> crates/engine/src/builtin/semantic_relation.rs:474:5
    |
474 |     pub const fn completed(self) -> NonZeroU32 {
    |     ^^^^^^^^^^^^^^^^^^^^^^^^^^^^^^^^^^^^^^^^^^

warning: missing documentation for a method
   --> crates/engine/src/builtin/semantic_relation.rs:478:5
    |
478 |     pub const fn total(self) -> NonZeroU32 {
    |     ^^^^^^^^^^^^^^^^^^^^^^^^^^^^^^^^^^^^^^

warning: `backend-engine` (lib test) generated 157 warnings (run `cargo fix --lib -p backend-engine --tests` to apply 131 suggestions)
    Finished `test` profile [unoptimized + debuginfo] target(s) in 4m 15s
     Running unittests src/lib.rs (.local/build/ingest/.nudox-cargo/slot-0/debug/deps/backend_engine-8e924838f9a12527)

running 5 tests
test driver::lower::python::tests::declared_member_inventory_excludes_inherited_runtime_and_unrepresented_bindings ... ok
test driver::lower::tests::declared_member_inventory_excludes_other_children_and_rejects_conflicts ... ok
test driver::lower::typescript::lane_tests::declared_member_inventory_is_direct_and_partial_or_merged_stays_unavailable ... ok
test driver::lower::go::tests::declared_member_inventory_excludes_promoted_and_effective_method_sets ... ok
test driver::lower::clang::tests::declared_member_inventory_preserves_complete_native_clang_members ... ok

test result: ok. 5 passed; 0 failed; 0 ignored; 0 measured; 762 filtered out; finished in 0.37s

