commit	parents	author_date	committer_date	canonical_first_parent	subject
e3ca561b9fab21de2ef608fc33be3348c9da96b5		2026-08-03T22:39:03-07:00	2026-08-03T22:39:05-07:00	true	save
23530d79befd76cebeff20e0f9ece125beba27f1	e3ca561b9fab21de2ef608fc33be3348c9da96b5	2026-08-04T21:48:08-07:00	2026-08-04T21:48:08-07:00	true	checkpoint
3f14c667c70ea595d1bd77899ecacaa5a23b29d3	23530d79befd76cebeff20e0f9ece125beba27f1	2026-08-04T23:59:17-07:00	2026-08-04T23:59:17-07:00	true	feat: add reproducible corpus manifest and Nix fetcher (L9)
f1ad128dc0129728f5d56b328dd221be1e31336f	3f14c667c70ea595d1bd77899ecacaa5a23b29d3	2026-08-05T00:02:48-07:00	2026-08-05T00:02:48-07:00	true	fix: simplify corpus derivation construction for clarity
57b0d1147dc55ed28c65af6adb336b8dc8f2b4b1	f1ad128dc0129728f5d56b328dd221be1e31336f	2026-08-05T00:05:26-07:00	2026-08-05T00:05:26-07:00	true	fix: use tar instead of unzip for .crate extraction
4aee40fa1cc8b8a11640f8050b6691a81529ec2c	57b0d1147dc55ed28c65af6adb336b8dc8f2b4b1	2026-08-05T00:08:28-07:00	2026-08-05T00:08:28-07:00	true	fix: use plain print instead of log module in fetch.nu
9aa0ae6f0bf9b4ed82f84d310dd0540d2ef0460f	4aee40fa1cc8b8a11640f8050b6691a81529ec2c	2026-08-07T16:32:22-07:00	2026-08-07T16:32:22-07:00	true	fix(vendor): restore absent qdrant-edge C sources; fail loudly when they go missing (L7)
622c13e4fa1bab68633f3fee04bf36ec96f37265	9aa0ae6f0bf9b4ed82f84d310dd0540d2ef0460f	2026-08-07T16:32:52-07:00	2026-08-07T16:32:52-07:00	true	fix(search): make result order deterministic across process launches (L44-ic, L45-ic)
60c0c6f95f9730771baf76211e1b934a863ab151	622c13e4fa1bab68633f3fee04bf36ec96f37265	2026-08-07T16:46:28-07:00	2026-08-07T16:46:28-07:00	true	"feat(producer): make ""produced nothing"" a typed error at the producer boundary (L45-cs, L43)"
807bc2e831c70771ba8f597634b68119fa292e79	60c0c6f95f9730771baf76211e1b934a863ab151	2026-08-07T16:48:54-07:00	2026-08-07T16:48:54-07:00	true	fix(test): narrow the exclusion to what is actually broken; give real-corpus sweeps a measured budget (L25, NX-1, NX-2, DOCTRINE-7)
140772e2a0cda36a7c5adf4033e28d363b5538c6	807bc2e831c70771ba8f597634b68119fa292e79	2026-08-07T16:53:49-07:00	2026-08-07T16:53:49-07:00	true	fix(test): budget the corpus sweeps against the contended clang figure, not the idle one
214615cb352ca647ca05ca4dd4bdb4f94314d213	140772e2a0cda36a7c5adf4033e28d363b5538c6	2026-08-07T16:55:05-07:00	2026-08-07T16:55:05-07:00	true	docs(issues): record the 2026-08-07 verification pass
f42e762074c1392e90b531a954bb08db032541f8	214615cb352ca647ca05ca4dd4bdb4f94314d213	2026-08-07T16:56:59-07:00	2026-08-07T16:56:59-07:00	true	feat(corpus): make entry counts authoritative; delete the stale assert hiding L19 (L50-cs, L19)
74ebbe7bb41d5765b82eac3b29ab1f956414297c	f42e762074c1392e90b531a954bb08db032541f8	2026-08-07T20:03:29-07:00	2026-08-07T20:03:29-07:00	true	test(producer): assert on what the producer contributed, not on table.len() (L47)
7f75fe7b420963ee5a905ab7d50b9abe3844a47a	74ebbe7bb41d5765b82eac3b29ab1f956414297c	2026-08-07T20:06:09-07:00	2026-08-07T20:06:09-07:00	true	fix(nextest): commit the five test binaries the committed config names
e952ee4833cf34994730741d84f7058a5bddfc9c	7f75fe7b420963ee5a905ab7d50b9abe3844a47a	2026-08-07T20:10:51-07:00	2026-08-07T20:10:51-07:00	true	feat(doltlite): link the real version-controlled engine; make the wrong one unconstructible
5c0b1687c5d3c532bc48be48586777116a35baf3	e952ee4833cf34994730741d84f7058a5bddfc9c	2026-08-07T20:28:19-07:00	2026-08-07T20:28:19-07:00	true	feat(mcp): the application hosts the server; the four engine stubs stop lying (L35, L37)
e7b9e9a03c18c8646c3eb8850344d992f13d904d	5c0b1687c5d3c532bc48be48586777116a35baf3	2026-08-07T20:41:22-07:00	2026-08-07T20:41:22-07:00	true	fix(registry): give the vector plane a build target, then fix what ran (L48, L49)
81571abf4e228facf27b4eb63a8c028c22672438	e7b9e9a03c18c8646c3eb8850344d992f13d904d	2026-08-07T20:56:35-07:00	2026-08-07T20:56:35-07:00	true	test(rust): sweep the real crates.io corpus; it finds a silent API-deleting bug (L50)
d29dc2982c1a3d2c51617e232e185472c3581d2d	81571abf4e228facf27b4eb63a8c028c22672438	2026-08-07T21:22:14-07:00	2026-08-07T21:22:14-07:00	true	docs(issues): record the 2026-08-07 implementation pass
341e9a0c5b13be2178d2b34136f126658f1810d4	d29dc2982c1a3d2c51617e232e185472c3581d2d	2026-08-08T10:24:48-07:00	2026-08-08T10:24:48-07:00	true	fix(ir,rust): two root causes — build-script cfgs (L50) and parameter identity (L23)
67ced833c4b629121144d912364a9c3d50153152	341e9a0c5b13be2178d2b34136f126658f1810d4	2026-08-08T10:25:15-07:00	2026-08-08T10:25:15-07:00	true	docs(issues): record L50 and L23 as root-cause closures
e07a0b8c994e60769f20b1e4200a5e628098d1c9	67ced833c4b629121144d912364a9c3d50153152	2026-08-08T12:00:48-07:00	2026-08-08T12:00:48-07:00	true	fix(git): commit the six source files HEAD declares but does not contain
6cd03d856ef482bba986af342db1b499afba4d1b	e07a0b8c994e60769f20b1e4200a5e628098d1c9	2026-08-08T12:03:01-07:00	2026-08-08T12:03:01-07:00	true	test(heart): assert the checkout contains what the build declares
56835714aa67e83e547e698b68591cc07bb22ae6	6cd03d856ef482bba986af342db1b499afba4d1b	2026-08-08T12:19:58-07:00	2026-08-08T12:19:58-07:00	true	fix(java): lower rxjava by giving javadoc a -sourcepath (L45); correct the diagnosis twice over
bcc320cf1dcb90e177a7bf20bb4fadec851bf611	56835714aa67e83e547e698b68591cc07bb22ae6	2026-08-08T12:24:48-07:00	2026-08-08T12:24:48-07:00	true	feat(index): make the real DoltLite engine the only engine the tests run on
d72627d1e9b7ef27eb182ddfbd4d8e4be0e7dd6f	bcc320cf1dcb90e177a7bf20bb4fadec851bf611	2026-08-08T12:26:06-07:00	2026-08-08T12:26:57-07:00	true	"fix(git): guard two more shapes of ""the checkout is missing what the build needs"""
8a463b6fd0d7363269d06ce244bfed9479576e6d	d72627d1e9b7ef27eb182ddfbd4d8e4be0e7dd6f	2026-08-08T12:31:41-07:00	2026-08-08T12:31:41-07:00	true	docs(index,limitations): re-measure the storage numbers on the real engine; track the evidence
cc5c72fc613570d519d64256d3513a5a887ef2f6	8a463b6fd0d7363269d06ce244bfed9479576e6d	2026-08-08T12:34:36-07:00	2026-08-08T12:34:36-07:00	true	test(engine): pin SECTION_SEMANTIC as empty BY DESIGN, not merely empty (L41)
b1b4b6b7629008765da8847159203af45957b725	cc5c72fc613570d519d64256d3513a5a887ef2f6	2026-08-08T12:37:08-07:00	2026-08-08T12:37:08-07:00	true	docs(issues): supersede the register; record the packaging defect it misclassified
306f0e6244f4f0e7cff671a96f8f92dabb75f239	b1b4b6b7629008765da8847159203af45957b725	2026-08-08T12:43:54-07:00	2026-08-08T12:43:54-07:00	true	feat(ir,wire,rust): give a declaration a real source location (L31, L42)
130838801bdfbbbfedace489857a8e2e027b811c	306f0e6244f4f0e7cff671a96f8f92dabb75f239	2026-08-08T12:50:51-07:00	2026-08-08T12:50:51-07:00	true	fix(engine): declare semantic_section_contract's required-features
63b3c6345af875b094fcf3aec72358d68a79b495	130838801bdfbbbfedace489857a8e2e027b811c	2026-08-08T12:52:26-07:00	2026-08-08T12:52:26-07:00	true	docs(issues): record the source-location work, with a verified re-count
5778691396b99008beacd45dca5930989da70e1e	63b3c6345af875b094fcf3aec72358d68a79b495	2026-08-08T12:55:50-07:00	2026-08-08T12:55:50-07:00	true	fix(registry): match Ref::Foreign as the struct variant it became
31b0a5089feb1b7f7f8d32801dcaae332c4b2a45	5778691396b99008beacd45dca5930989da70e1e	2026-08-08T12:57:40-07:00	2026-08-08T12:57:40-07:00	true	fix(typescript): delete the hand-written From impl thiserror already generates
9c38fc5f89b7d36e1e62fe9a23626cc53c98fe43	31b0a5089feb1b7f7f8d32801dcaae332c4b2a45	2026-08-08T12:58:22-07:00	2026-08-08T12:58:22-07:00	true	feat(csharp,go): land the producer surfaces nudox-store already imports
c30d8bd17df79e9d7cad597013e2884facf92e56	9c38fc5f89b7d36e1e62fe9a23626cc53c98fe43	2026-08-08T12:59:32-07:00	2026-08-08T12:59:32-07:00	true	fix(graph): match Ref::Foreign as a struct variant; expose the foreign key in the schema
887770df0cb7516344eab89bc817c88bb5d0c6f2	c30d8bd17df79e9d7cad597013e2884facf92e56	2026-08-08T13:00:10-07:00	2026-08-08T13:00:10-07:00	true	fix(engine,mcp): the third Ref::Foreign caller, plus L46's mandatory InlineRun.origin
e816f8f0a5297f78224865d762ad6b795d757099	887770df0cb7516344eab89bc817c88bb5d0c6f2	2026-08-08T13:01:37-07:00	2026-08-08T13:01:37-07:00	true	fix(clang,index): the manifest deps and the transport module split HEAD was missing
59a0a4cb5928433d459d92f631d5d4681ec14c5f	e816f8f0a5297f78224865d762ad6b795d757099	2026-08-08T13:02:34-07:00	2026-08-08T13:02:34-07:00	true	fix(ir-vcs): land the pijul_err helper its 12 call sites already use
d68844b634f6f0ab76c237f3828e1e789da15ac6	59a0a4cb5928433d459d92f631d5d4681ec14c5f	2026-08-08T13:04:55-07:00	2026-08-08T13:04:55-07:00	true	fix(driver,heart): land the duplicate-import cleanup and SyncError::InvalidEndpoint
1118ee4c75a0ef65dfe1d7663fdfce9e8995eca1	d68844b634f6f0ab76c237f3828e1e789da15ac6	2026-08-08T13:07:54-07:00	2026-08-08T13:07:54-07:00	true	fix(gui,python): land the GUI half HEAD was missing
7782186ea57c567757c2865c332e946ecbe08644	1118ee4c75a0ef65dfe1d7663fdfce9e8995eca1	2026-08-08T13:08:29-07:00	2026-08-08T13:08:29-07:00	true	feat(corpus): land the hash-verifying fetcher and its flake wiring
7fc16595831f32db5694397005cd41d3e580e7ae	7782186ea57c567757c2865c332e946ecbe08644	2026-08-08T13:23:59-07:00	2026-08-08T13:24:17-07:00	true	fix(nextest): drop --exclude driver; start measuring its 202 tests
9fdc00a6ca7c4cfbc7f442a3e8b292bf26064f27	7fc16595831f32db5694397005cd41d3e580e7ae	2026-08-08T13:26:30-07:00	2026-08-08T13:26:30-07:00	true	docs(issues): record that HEAD did not compile, and what that says about the method
37de8eaac42870baf74825debbdd8d15d685a5e1	9fdc00a6ca7c4cfbc7f442a3e8b292bf26064f27	2026-08-09T09:14:09-07:00	2026-08-09T09:14:09-07:00	true	yooooooooo
a66ee4c9ae83e3a15c016ade27d94e173544bab5	37de8eaac42870baf74825debbdd8d15d685a5e1	2026-08-10T21:28:26-07:00	2026-08-10T21:28:26-07:00	true	checkpoint
51561d659508a690b5fb5f85319048682c3b1837	a66ee4c9ae83e3a15c016ade27d94e173544bab5	2026-08-12T15:12:19-07:00	2026-08-12T15:12:19-07:00	true	more
97e6938bfb1bb1788a9c6b714f8b35eca1c570d7	51561d659508a690b5fb5f85319048682c3b1837	2026-08-12T17:35:56-07:00	2026-08-12T17:35:56-07:00	true	cargo bundle
4683dcf3e262f3b81d8c4dd7ee7b9fad0c1442ae	97e6938bfb1bb1788a9c6b714f8b35eca1c570d7	2026-08-12T17:49:01-07:00	2026-08-12T17:49:01-07:00	true	nushell
0ade1f21e6df4072e28c0026f950854e9497baba	4683dcf3e262f3b81d8c4dd7ee7b9fad0c1442ae	2026-08-12T18:51:06-07:00	2026-08-12T18:51:06-07:00	true	more work
cb1be1230df69a63e2ab6e9a3acd462596ece074	0ade1f21e6df4072e28c0026f950854e9497baba	2026-08-12T21:14:59-07:00	2026-08-12T21:14:59-07:00	true	Dissolve driver into index::server + heart::client; extract transport crate
907771f89a3d9bb24873ef140b2395600ba56d53	cb1be1230df69a63e2ab6e9a3acd462596ece074	2026-08-12T21:25:28-07:00	2026-08-12T21:25:28-07:00	false	Fold nudox-test-support into workspace/test-support
7f905190b6da24e38e5df9ed44554e31a2bb46fb	cb1be1230df69a63e2ab6e9a3acd462596ece074 907771f89a3d9bb24873ef140b2395600ba56d53	2026-08-12T21:26:03-07:00	2026-08-12T21:26:03-07:00	true	Merge: fold nudox-test-support into workspace/test-support
7aa2da9f62210236a2852dddc47aa729e952719a	cb1be1230df69a63e2ab6e9a3acd462596ece074	2026-08-12T21:34:04-07:00	2026-08-12T21:34:04-07:00	false	Split cage compile path into compile_cage.rs (cfg linux); honest CageUnavailable on non-linux
9f3b75c884cd0e79159d145976125d1a2871cb96	7f905190b6da24e38e5df9ed44554e31a2bb46fb 7aa2da9f62210236a2852dddc47aa729e952719a	2026-08-12T21:34:33-07:00	2026-08-12T21:34:33-07:00	true	Merge: cage compile path cfg-split (compile_cage.rs, linux) + CageUnavailable on non-linux
fcc13a84c840a8059581d5dce845bffbed3dc42c	cb1be1230df69a63e2ab6e9a3acd462596ece074	2026-08-12T22:12:58-07:00	2026-08-12T22:12:58-07:00	false	In-process macOS compile + GUI NudoxClient wiring; fix symbol_by_id + BLOB16 read bugs
da5f1e8a83a0a8241e0214e1e5bcba331546ffdf	9f3b75c884cd0e79159d145976125d1a2871cb96 fcc13a84c840a8059581d5dce845bffbed3dc42c	2026-08-12T22:20:17-07:00	2026-08-12T22:20:17-07:00	true	Merge: in-process macOS compile + GUI NudoxClient wiring (task 6)
60692a37c6a8bce18ada2bcdc307f99682e2fd48	da5f1e8a83a0a8241e0214e1e5bcba331546ffdf	2026-08-13T15:27:56-07:00	2026-08-13T15:27:56-07:00	true	Relocate crates/nudox-* into workspace/; remove crates/ folder
bf36c56863555644aa007b3fb477b0658259fa75	60692a37c6a8bce18ada2bcdc307f99682e2fd48	2026-08-13T16:05:42-07:00	2026-08-13T16:05:42-07:00	true	Harden index ingest + establish typed GUI↔index substrate contract
7787fa49f2e701d664b4a929f479de97d1cf1670	bf36c56863555644aa007b3fb477b0658259fa75	2026-08-13T16:23:42-07:00	2026-08-13T16:23:42-07:00	true	Cross-language fairness on the semantic symbol plane
cee965794d369dd48bd17e4fc047152f3525d5eb	7787fa49f2e701d664b4a929f479de97d1cf1670	2026-08-13T16:24:33-07:00	2026-08-13T16:24:33-07:00	true	docs: correct coordination durability model (catalog-as-WAL, not postgres)
325cfdd468d1ca11679f46966da6bb093f32231c	cee965794d369dd48bd17e4fc047152f3525d5eb	2026-08-13T17:08:30-07:00	2026-08-13T17:08:30-07:00	true	macOS real IR references + multi-language ranking fairness
11e66e25dfe6d35deee0f1dd67af8f567ace983a	325cfdd468d1ca11679f46966da6bb093f32231c	2026-08-14T08:24:28-07:00	2026-08-14T08:24:28-07:00	true	checkpoint
a4fb13bf89c9e64edaaf964b4c3581c7bf96f526	11e66e25dfe6d35deee0f1dd67af8f567ace983a	2026-08-14T15:52:50-07:00	2026-08-14T15:52:50-07:00	true	checkpoint
ca9c379b29dc0782b2e46f14d4c9801f3a66beb3	a4fb13bf89c9e64edaaf964b4c3581c7bf96f526	2026-08-14T17:41:18-07:00	2026-08-14T17:41:18-07:00	true	checkpoint
1a665a355890cbe44451666a567fbf094d5b6785	ca9c379b29dc0782b2e46f14d4c9801f3a66beb3	2026-08-15T10:00:19-07:00	2026-08-15T10:00:19-07:00	true	clippy
e68ff94ad44f2cfc96c3d3a7e39b8186b782ef10	1a665a355890cbe44451666a567fbf094d5b6785	2026-08-16T10:22:53-07:00	2026-08-16T10:22:53-07:00	true	add local backend and vendored support
c2fccd9e0e8215082f835694febe6d9c51c0f37a	e68ff94ad44f2cfc96c3d3a7e39b8186b782ef10	2026-08-18T10:39:33-07:00	2026-08-18T10:39:33-07:00	true	vendor: pull in vendored dependency sources
611324077b23b70e82e8bef22bfabd6be7deecdd	c2fccd9e0e8215082f835694febe6d9c51c0f37a	2026-08-18T10:39:34-07:00	2026-08-18T10:39:34-07:00	true	compiler: language oracle updates (csharp/go/java) and extractor work
92bdf982404e1d789fd33050600a0d46f023a309	611324077b23b70e82e8bef22bfabd6be7deecdd	2026-08-18T10:39:34-07:00	2026-08-18T10:39:34-07:00	true	index: server-side index work
3b1ddb3b50fc3064d496aae5183e6f40b2a83e17	92bdf982404e1d789fd33050600a0d46f023a309	2026-08-18T10:39:34-07:00	2026-08-18T10:39:34-07:00	true	nudox-engine: engine updates
1b8fdd29b9ccf31910ca1a5922b454811ed35d2d	3b1ddb3b50fc3064d496aae5183e6f40b2a83e17	2026-08-18T10:39:34-07:00	2026-08-18T10:39:34-07:00	true	ir: IR layer updates
e008e84d4ee40a25cb50874451112346afed2c52	1b8fdd29b9ccf31910ca1a5922b454811ed35d2d	2026-08-18T10:39:35-07:00	2026-08-18T10:39:35-07:00	true	registry: registry subsystem updates
e2ef1c7773032c268b936a1c224501a1a1190c39	e008e84d4ee40a25cb50874451112346afed2c52	2026-08-18T10:39:35-07:00	2026-08-18T10:39:35-07:00	true	heart: heart subsystem updates
12d2bfce5437246dd0a20a1f3737fb1fe2ae70f1	e2ef1c7773032c268b936a1c224501a1a1190c39	2026-08-18T10:39:35-07:00	2026-08-18T10:39:35-07:00	true	transport/driver: small transport and driver adjustments
418c67232fb72026571456993fa655d3a84236f8	12d2bfce5437246dd0a20a1f3737fb1fe2ae70f1	2026-08-18T10:39:35-07:00	2026-08-18T10:39:35-07:00	true	gui: lindsey GUI workspace updates
0b966c8e7158a7bbe06dc9b640d872871ccbb03c	418c67232fb72026571456993fa655d3a84236f8	2026-08-18T10:39:36-07:00	2026-08-18T10:39:36-07:00	true	project: docs, nix, tests, CI, and workspace manifest updates
1ca83b530493958cded83462f7e03b5a775d6127	97e6938bfb1bb1788a9c6b714f8b35eca1c570d7	2026-08-13T20:46:08-04:00	2026-08-13T21:17:41-04:00	false	fix(linux): make lindsey build, launch and integrate on Linux
88f699bd835410b70a56c67641d6de447c8d03b2	1ca83b530493958cded83462f7e03b5a775d6127	2026-08-13T22:50:32-04:00	2026-08-13T22:50:32-04:00	false	feat(account): give Linux a credential store, so the app is reachable
766fe2da403ed8df9a951cc2ee40129ad620f4d0	88f699bd835410b70a56c67641d6de447c8d03b2	2026-08-14T21:22:07-04:00	2026-08-14T21:22:41-04:00	false	feat(linux): make the installed app a desktop application
7f577243dd0e391dbe368663eb1ae08c78d430a0	766fe2da403ed8df9a951cc2ee40129ad620f4d0	2026-08-15T14:56:54-04:00	2026-08-15T14:56:54-04:00	false	fix(linux): make the installed binary runnable by anything, not just the wrapper
b4590ab8463b7e953d77a4805d539e930872a0f6	7f577243dd0e391dbe368663eb1ae08c78d430a0	2026-08-16T20:17:30-04:00	2026-08-16T20:17:30-04:00	false	fix(rust-producer): stop hardcoding `cargo metadata --offline`
12275e38635ccc4ae421877f922d1a2b32ade964	b4590ab8463b7e953d77a4805d539e930872a0f6 ca9c379b29dc0782b2e46f14d4c9801f3a66beb3	2026-08-16T20:23:18-04:00	2026-08-16T20:23:18-04:00	false	Merge origin/canonical into feat/linux-canonical
767324d7cd094c29be44c0d1d62b7b2f962a6f12	12275e38635ccc4ae421877f922d1a2b32ade964	2026-08-16T20:41:45-04:00	2026-08-16T20:41:45-04:00	false	fix(build): make the tree buildable again after the relocation
9f0de020d5f31cb4c70789ba9046e10927511dd3	0b966c8e7158a7bbe06dc9b640d872871ccbb03c 767324d7cd094c29be44c0d1d62b7b2f962a6f12	2026-08-18T10:45:50-07:00	2026-08-18T10:45:50-07:00	true	Merge branch 'feat/linux-canonical' into canonical
7205f730ae7d8dfe638d15f09ccfd570b89c8bc0	9f0de020d5f31cb4c70789ba9046e10927511dd3	2026-08-18T10:50:15-07:00	2026-08-18T10:50:15-07:00	true	gui: track Linux desktop entry and vendored macros LICENSE
8ad9e9ed3d6581910d555b83556b6323a24382b0	7205f730ae7d8dfe638d15f09ccfd570b89c8bc0	2026-08-18T13:34:34-07:00	2026-08-18T13:34:34-07:00	true	ci: add GitHub Actions workflows and Linux ARM64 ONNX Runtime support
bb7fe46e81ce039844accab6870d9cdcdf1adc28	8ad9e9ed3d6581910d555b83556b6323a24382b0	2026-08-18T13:34:34-07:00	2026-08-18T13:34:34-07:00	true	heart: federated surface and offline-first behavior
52bc823d5461a51dffe1c25e65fca0581b288aee	bb7fe46e81ce039844accab6870d9cdcdf1adc28	2026-08-18T13:34:35-07:00	2026-08-18T13:34:35-07:00	true	index: CAS and generation-root dual-write updates
334bef804c072bcc2e71c8d0f1f7a1ae35e65e47	52bc823d5461a51dffe1c25e65fca0581b288aee	2026-08-18T13:34:35-07:00	2026-08-18T13:34:35-07:00	true	ir: content storage-hash updates
562e7dca837e524c5a8e454f5aa1c539a0e16341	334bef804c072bcc2e71c8d0f1f7a1ae35e65e47	2026-08-18T13:34:35-07:00	2026-08-18T13:34:35-07:00	true	nudox-engine: pull in semver for version-aware package id tests
03a84cd68d4bc576afa05d2022bbb3e2dcbf76c0	562e7dca837e524c5a8e454f5aa1c539a0e16341	2026-08-18T13:34:35-07:00	2026-08-18T13:34:35-07:00	true	gui: remote signature-preview rendering for SymbolHit results
4ddb4771a963e4a3716865e096caa15a09c0edcc		2026-01-11T21:47:33-05:00	2026-01-11T21:47:33-05:00	false	first commit
880cd0077e0409cf3da75f0883218fd1c7c375b9	4ddb4771a963e4a3716865e096caa15a09c0edcc	2026-01-11T21:48:23-05:00	2026-01-11T21:48:23-05:00	false	Updates and fixes
42497a786dd9e65ae1f1fbe28a11e4a15aabe3e7	880cd0077e0409cf3da75f0883218fd1c7c375b9	2026-01-13T18:48:56-05:00	2026-01-13T18:48:56-05:00	false	updates
6df678015bfba8d73e5de0654f6a79b7d00113dc	42497a786dd9e65ae1f1fbe28a11e4a15aabe3e7	2026-01-13T20:03:29-05:00	2026-01-13T20:03:29-05:00	false	Updates
830dba968dca4bd7776799af3b24d5fbd53c0a0d	6df678015bfba8d73e5de0654f6a79b7d00113dc	2026-01-26T21:51:24-05:00	2026-01-26T21:51:24-05:00	false	Schema adaptation from Rust Struct into TerminusDB RDF more compliance ish
c4e6926349808fdf304f7545d65f366743feeee3	830dba968dca4bd7776799af3b24d5fbd53c0a0d	2026-01-29T00:27:33-05:00	2026-01-29T00:27:33-05:00	false	Wrote docs for what I will do for the Rust Structs/way of organizing data into terminusDB.
35748fc1de6e16c401f7ecee56adadd09eb72d40	c4e6926349808fdf304f7545d65f366743feeee3	2026-01-29T00:30:33-05:00	2026-01-29T00:30:33-05:00	false	Fixed URI example
754fdf78bfa09efcc37283d65b9a5634350702b8	35748fc1de6e16c401f7ecee56adadd09eb72d40	2026-01-29T12:26:51-05:00	2026-01-29T12:26:51-05:00	false	Added Core Structs, Traits, and Types that outline this architecture
ce09a9aea6f73e0eb97fa9d3d43693230c21a458	754fdf78bfa09efcc37283d65b9a5634350702b8	2026-01-29T13:02:51-05:00	2026-01-29T13:02:51-05:00	false	Publicized Structs/etc. Added helper implementations, Converted &'static str to Cow<'static, str>
6ee014cb5174042a9eccf890dbdbd9a3d692a192	ce09a9aea6f73e0eb97fa9d3d43693230c21a458	2026-01-29T13:11:36-05:00	2026-01-29T13:11:36-05:00	false	Add readme. It is a clone of the spec I wrote on termdb.rs
a15ae301ecc1e91ecdc32b18121b96cca0e11c55	6ee014cb5174042a9eccf890dbdbd9a3d692a192	2026-01-29T14:12:33-05:00	2026-01-29T14:12:33-05:00	false	use reference for Context and mutable reference to DocStore
ebfd4da598c747dcca197b363fe8d1b745c62387	a15ae301ecc1e91ecdc32b18121b96cca0e11c55	2026-01-29T14:17:31-05:00	2026-01-29T14:17:31-05:00	false	Added getters to CrateInfo for crate name,ver, and language. This allows for downstream allocation, Only when final string is created.
e4d55551dc09fbb5caae20587226cd7700a1a111	ebfd4da598c747dcca197b363fe8d1b745c62387	2026-01-29T19:24:53-05:00	2026-01-29T19:24:53-05:00	false	removed
fbdd35be4723f7107f66fbf0079f1eae3538ed5a	e4d55551dc09fbb5caae20587226cd7700a1a111	2026-01-29T19:24:57-05:00	2026-01-29T19:24:57-05:00	false	switched to rad
08b30acba6016849c605bf8585553928ea75b2ee	fbdd35be4723f7107f66fbf0079f1eae3538ed5a	2026-01-29T19:25:02-05:00	2026-01-29T19:25:02-05:00	false	fixed workspace pathing
45e81dfd96e55a7721f8a093a16a4e266d8dacea	08b30acba6016849c605bf8585553928ea75b2ee	2026-01-29T19:26:31-05:00	2026-01-29T19:26:31-05:00	false	terminusdb
f0e21450ef2e00e5c4f2cf40ce987a63c512cd4c	45e81dfd96e55a7721f8a093a16a4e266d8dacea	2026-01-30T11:49:17-05:00	2026-01-30T11:49:17-05:00	false	removed jsonld
f6fcb1b63518cf50ee89e1edbe45d1993ac9541d	f0e21450ef2e00e5c4f2cf40ce987a63c512cd4c	2026-01-30T11:49:20-05:00	2026-01-30T11:49:20-05:00	false	pure gitignore
a644fc8ff21e702d2d5b39b266597c8335868561	f6fcb1b63518cf50ee89e1edbe45d1993ac9541d	2026-01-30T11:49:26-05:00	2026-01-30T11:49:26-05:00	false	default.nix
0ca6349f92fbf066217df3a409be3dbe17cd165c	a644fc8ff21e702d2d5b39b266597c8335868561	2026-01-30T11:49:30-05:00	2026-01-30T11:49:30-05:00	false	rough justfile
55109d8ef9f925577f8d132f174cbe34f427a552	0ca6349f92fbf066217df3a409be3dbe17cd165c	2026-01-30T11:52:55-05:00	2026-01-30T11:52:55-05:00	false	with node ids
6c428e221d9ac0f4b89ca57f694531175a204dc9	55109d8ef9f925577f8d132f174cbe34f427a552	2026-01-30T11:56:49-05:00	2026-01-30T11:56:49-05:00	false	updated default.nix with more representative packages
3d4466c50ab7c3cb9ad92a0df974bd1da98d290a	6c428e221d9ac0f4b89ca57f694531175a204dc9	2026-01-30T12:06:58-05:00	2026-01-30T12:06:58-05:00	false	startup screen
d7c1772e77c2b3b9f635782c24e0b6c94241f290	3d4466c50ab7c3cb9ad92a0df974bd1da98d290a	2026-01-30T12:09:26-05:00	2026-01-30T12:09:26-05:00	false	up to date
185760fee5457579d42b2809559282a456cdfbe3	d7c1772e77c2b3b9f635782c24e0b6c94241f290	2026-01-30T12:10:21-05:00	2026-01-30T12:10:21-05:00	false	compiler updates
ffcc2f556359f3c28bf45e48c5b2321920123c23	185760fee5457579d42b2809559282a456cdfbe3	2026-01-30T12:11:57-05:00	2026-01-30T12:11:57-05:00	false	Developers can certainly run that themselves
071dd7e5665cd13c3cf6c59c15aef57e1c7e53dd	ffcc2f556359f3c28bf45e48c5b2321920123c23	2026-01-30T12:14:04-05:00	2026-01-30T12:14:04-05:00	false	rust docs in default
7fca1af46c59302f9ceb408d7643589b8ec43ef2	071dd7e5665cd13c3cf6c59c15aef57e1c7e53dd	2026-01-30T14:51:20-05:00	2026-01-30T14:51:20-05:00	false	bruh idk how radicle works i swear
232755a75181c7262fcb0d8e0da8705004681502	7fca1af46c59302f9ceb408d7643589b8ec43ef2	2026-01-30T23:27:15-05:00	2026-01-30T23:27:15-05:00	false	npins
bbabdaa64f7436ba72315e26ce10ed92ef584a62	232755a75181c7262fcb0d8e0da8705004681502	2026-01-30T23:30:32-05:00	2026-01-30T23:30:32-05:00	false	initial npins integration
aac119b18f96ea684a07860e066f744c4ba8895b	bbabdaa64f7436ba72315e26ce10ed92ef584a62	2026-01-30T23:33:36-05:00	2026-01-30T23:33:36-05:00	false	added fenix
f4352d7d42bc54f08e4c43c3ab76efd23f3b6f5f	aac119b18f96ea684a07860e066f744c4ba8895b	2026-01-30T23:43:37-05:00	2026-01-30T23:43:37-05:00	false	fenix under npins
791d5cd69d4985bf0f995d01ac4edf5a4d5b01c8	f4352d7d42bc54f08e4c43c3ab76efd23f3b6f5f	2026-01-31T05:23:18Z	2026-01-31T05:23:18Z	false	n
65d5c19bfdb583792a1afc003ac622a43c0ed66a	791d5cd69d4985bf0f995d01ac4edf5a4d5b01c8	2026-01-31T05:33:44Z	2026-01-31T05:33:44Z	false	fix modules
48209b43b8f267c41e32dd5a795a5c2d759dd198	65d5c19bfdb583792a1afc003ac622a43c0ed66a	2026-01-31T05:52:15Z	2026-01-31T05:52:15Z	false	gitmodules rad node id fix
8d75eaa76956e912cc40e1804f3c89a56ff0e316	48209b43b8f267c41e32dd5a795a5c2d759dd198	2026-01-31T11:55:55-05:00	2026-01-31T12:01:01-05:00	false	yo chat flakes
d73db78f7523ba7e98959f515de12aec07b540fe	8d75eaa76956e912cc40e1804f3c89a56ff0e316	2026-01-31T12:00:53-05:00	2026-01-31T12:01:01-05:00	false	flaked out
ae06c4ab20337056673dcd2b6ce1c8066b5f4586	d73db78f7523ba7e98959f515de12aec07b540fe	2026-01-31T12:00:58-05:00	2026-01-31T12:01:01-05:00	false	preciser gitignore
16073f5f1c91fc65ffaaa8fc95c11d6646cd471f	ae06c4ab20337056673dcd2b6ce1c8066b5f4586	2026-02-16T09:09:45-05:00	2026-02-16T09:15:28-05:00	false	monorepo
ec8cead7b37417d6ff326f760b4122d61fb7d5a4	16073f5f1c91fc65ffaaa8fc95c11d6646cd471f	2026-02-16T09:16:42-05:00	2026-02-16T09:16:42-05:00	false	added
979803cfd34f89c8f6ff573ba61090dcc5a419c5	ec8cead7b37417d6ff326f760b4122d61fb7d5a4	2026-02-16T09:17:09-05:00	2026-02-16T09:17:21-05:00	false	a much better flake
18fa6299e0c9b363cbd5951ee6fda940879f74bb	979803cfd34f89c8f6ff573ba61090dcc5a419c5	2026-02-16T09:17:50-05:00	2026-02-16T09:17:50-05:00	false	formatting
7ab3951e9d143450ad2516ab9aa744c4f4c8e535	18fa6299e0c9b363cbd5951ee6fda940879f74bb	2026-02-16T09:19:19-05:00	2026-02-16T09:19:19-05:00	false	a much better justfile
f77149047baab346983d595e837c172f2c936b76	7ab3951e9d143450ad2516ab9aa744c4f4c8e535	2026-02-16T09:19:51-05:00	2026-02-16T09:19:51-05:00	false	a better readme
9047bcf9baa989dcd8315096810fc08907ac66bd	f77149047baab346983d595e837c172f2c936b76	2026-02-16T09:21:29-05:00	2026-02-16T09:21:29-05:00	false	rip npins
c50e45fd9952995c6bfad86d961e65e7657e0512	9047bcf9baa989dcd8315096810fc08907ac66bd	2026-02-16T09:22:01-05:00	2026-02-16T09:22:01-05:00	false	no pre commit
4bbbf011bed7407ccc1fc8c51a8a39efaf8e7af9	c50e45fd9952995c6bfad86d961e65e7657e0512	2026-02-16T10:04:52-05:00	2026-02-16T10:04:52-05:00	false	fixed name
86384bdaddbd75b2156d90d9d116c263bf4cebae	4bbbf011bed7407ccc1fc8c51a8a39efaf8e7af9	2026-02-16T18:34:50-05:00	2026-02-16T18:34:50-05:00	false	nit(readme): give body its own line
832b54537cdcee65df214581a4cf8baf3b370639	86384bdaddbd75b2156d90d9d116c263bf4cebae	2026-02-17T12:20:29-05:00	2026-02-17T12:20:29-05:00	false	tooling changes for faster build/link times
e122a87cf19cc4c6183cc028750130705936580c	832b54537cdcee65df214581a4cf8baf3b370639	2026-02-17T12:40:55-05:00	2026-02-17T12:40:55-05:00	false	added wild to flake
c91d75725927654a5f239e6c359d9bc6f0120f6d	e122a87cf19cc4c6183cc028750130705936580c	2026-02-19T07:48:54-05:00	2026-02-19T07:48:54-05:00	false	newline
e310ecc40ca437f76f4dbfce6224b021882e28dd	c91d75725927654a5f239e6c359d9bc6f0120f6d	2026-02-19T07:58:33-05:00	2026-02-19T07:58:33-05:00	false	formatting
df6de8b8f2e1239116051057de036ec1ca0f5283	e310ecc40ca437f76f4dbfce6224b021882e28dd	2026-02-19T07:59:06-05:00	2026-02-19T07:59:06-05:00	false	complete nightly setup
853d50a145d6d68bc79a7fa0a5d2ae07c786aeb9	df6de8b8f2e1239116051057de036ec1ca0f5283	2026-02-20T21:00:53-05:00	2026-02-20T21:00:53-05:00	false	added envrc to ignore
38440d618a3485b3a1a848d65bcf454e4a066785	853d50a145d6d68bc79a7fa0a5d2ae07c786aeb9	2026-02-20T21:48:51-05:00	2026-02-20T21:48:51-05:00	false	push boy push
8f03ba8a11d61ac0e772c359e95fa02c52dda624	38440d618a3485b3a1a848d65bcf454e4a066785	2026-02-20T22:03:46-05:00	2026-02-20T22:03:46-05:00	false	back to clang
00aaecc41ca4b84a40060b9ea533a0aae878a7bd	8f03ba8a11d61ac0e772c359e95fa02c52dda624	2026-02-20T23:45:27-05:00	2026-02-20T23:45:27-05:00	false	editorconfig
83323db532c40c0c5c859f1df389d0b8acfaea53	00aaecc41ca4b84a40060b9ea533a0aae878a7bd	2026-02-21T09:44:07-05:00	2026-02-21T09:44:07-05:00	false	Updated to take advantage of devshell
bc5f4b1cee84f212cc0f095733da5e678189500f	83323db532c40c0c5c859f1df389d0b8acfaea53	2026-02-21T10:00:23-05:00	2026-02-21T10:00:23-05:00	false	KILLED justfile for NIX ENABLED LIFE
ae93703b316f30a45246e466603815e3d886346a	bc5f4b1cee84f212cc0f095733da5e678189500f	2026-02-21T10:02:38-05:00	2026-02-21T10:02:38-05:00	false	All of our nushell scripts
58eac85b8b37224ad158388079c6d6b227dd092b	ae93703b316f30a45246e466603815e3d886346a	2026-02-21T10:11:56-05:00	2026-02-21T10:26:10-05:00	false	chore: formatting
d2eb67e5eb79f4562f6f01a9f1976c0d53128ff5	58eac85b8b37224ad158388079c6d6b227dd092b	2026-02-21T10:16:54-05:00	2026-02-21T10:26:10-05:00	false	feat(flake): addition of formatting packages for setup
0398306a91be7f73e3414e5dcd590f238d420817	d2eb67e5eb79f4562f6f01a9f1976c0d53128ff5	2026-02-21T10:18:34-05:00	2026-02-21T10:26:10-05:00	false	feat(flake): added convco for conventional commit checking
b5810947b6d2a7cce26d30a5ba9ad6fc2e3b074b	0398306a91be7f73e3414e5dcd590f238d420817	2026-02-21T10:18:56-05:00	2026-02-21T10:26:10-05:00	false	chore: formatting
5fb4bcc3cf6ec0fc3bb0cb278fc04a64a8ddfd31	b5810947b6d2a7cce26d30a5ba9ad6fc2e3b074b	2026-02-21T10:23:02-05:00	2026-02-21T10:26:10-05:00	false	chore: fmt
d7bc5160eae5e3f59d4a8a262b65323768e98634	5fb4bcc3cf6ec0fc3bb0cb278fc04a64a8ddfd31	2026-02-21T10:23:20-05:00	2026-02-21T10:26:10-05:00	false	chore: fmt
e328c48d792f2a2d14df7245a143b9fc3711ceb8	d7bc5160eae5e3f59d4a8a262b65323768e98634	2026-02-21T10:24:54-05:00	2026-02-21T10:26:10-05:00	false	fix: formatting
c9337c9f1fa1b8686a1574db786cab81d8e70a82	e328c48d792f2a2d14df7245a143b9fc3711ceb8	2026-02-21T10:27:54-05:00	2026-02-21T10:27:54-05:00	false	fix: convco
398ef7362e408925a030d63430b3f3250a9a87d5	c9337c9f1fa1b8686a1574db786cab81d8e70a82	2026-02-21T10:29:25-05:00	2026-02-21T10:29:33-05:00	false	fix: entry definitions
103e93f4fed64967e9d7bbba09b1ed4749526f3a	398ef7362e408925a030d63430b3f3250a9a87d5	2026-02-21T10:33:59-05:00	2026-02-21T10:33:59-05:00	false	parellelized formatting
222e16641c249b9b6802d48a9e3e9d002d4106c5	103e93f4fed64967e9d7bbba09b1ed4749526f3a	2026-02-21T10:36:10-05:00	2026-02-21T10:36:20-05:00	false	fix: gitignore
0068a09794ebc54c355b6dadb6fff64201b74c97	222e16641c249b9b6802d48a9e3e9d002d4106c5	2026-02-21T12:35:34-05:00	2026-02-21T12:47:56-05:00	false	fix: native nushell logging
2426597149e68ced63df68bbb90104706ff3978a	0068a09794ebc54c355b6dadb6fff64201b74c97	2026-02-21T12:38:23-05:00	2026-02-21T12:48:08-05:00	false	feat(scripts): tracing logs in complex scripts
fc0b46f35579a6c694de53b19f50856e7b284c22	2426597149e68ced63df68bbb90104706ff3978a	2026-02-21T13:37:50-05:00	2026-02-21T13:38:01-05:00	false	feat(flake): addition of LSP's in env
5df5c48cd0760ef72fcbb9dbbe065dc917764751	fc0b46f35579a6c694de53b19f50856e7b284c22	2026-02-21T14:00:31-05:00	2026-02-21T14:00:31-05:00	false	feat: markdown formatting push check
371f6da239bc46ebee2ab5e89413b056cf1594e5	5df5c48cd0760ef72fcbb9dbbe065dc917764751	2026-02-21T14:04:16-05:00	2026-02-21T14:04:16-05:00	false	fix: markdown formatting actually formats
6a725a48346fb72204decfd8336ec8c280e13ff4	371f6da239bc46ebee2ab5e89413b056cf1594e5	2026-02-21T14:05:53-05:00	2026-02-21T14:05:53-05:00	false	fix: markdown formatter FR
4ce737b35e6577d2cf8f4507564b89afa937d880	6a725a48346fb72204decfd8336ec8c280e13ff4	2026-02-21T14:06:28-05:00	2026-02-21T14:06:28-05:00	false	fix: prePush
e72f261d7d780c892bf77a2f476e3a2e26e9cb75	4ce737b35e6577d2cf8f4507564b89afa937d880	2026-02-21T15:01:04-05:00	2026-02-21T15:01:04-05:00	false	feat(flake): added patch workflow
d850f9a226a857f7c225f1ceb983a753a4b6d3b1	e72f261d7d780c892bf77a2f476e3a2e26e9cb75	2026-02-21T15:21:19-05:00	2026-02-21T15:21:30-05:00	false	feat(flake): welcome back kitty cat
d0610a945a86174dbf9329202f22e4295ae380d5	d850f9a226a857f7c225f1ceb983a753a4b6d3b1	2026-02-21T19:02:51-05:00	2026-02-21T19:02:51-05:00	false	feat: ensure all tests pass before accepting a patch
9c3928ccd0325650573413a9732bd008cc09f8ed	d0610a945a86174dbf9329202f22e4295ae380d5	2026-02-21T19:16:16-05:00	2026-02-21T19:16:16-05:00	false	feat: cargo nexttest
5a49fe087478092fd6073a8192cf03a9e1c9f18c	9c3928ccd0325650573413a9732bd008cc09f8ed	2026-02-21T19:16:24-05:00	2026-02-21T19:16:24-05:00	false	fix: simplifications, no prepush
967319f0733312212a8afce9a45189f8c4098877	5a49fe087478092fd6073a8192cf03a9e1c9f18c	2026-02-21T19:21:07-05:00	2026-02-21T19:21:07-05:00	false	refactor(flake): clippy runs check automatically
0388054b9ce1d1143403fe972f8593c6a2f05420	967319f0733312212a8afce9a45189f8c4098877	2026-02-21T19:22:47-05:00	2026-02-21T19:22:47-05:00	false	yuhhh
00ef5e3914178e4cf79a9db8a050d919d4b8c801	0388054b9ce1d1143403fe972f8593c6a2f05420	2026-02-21T19:36:23-05:00	2026-02-21T19:36:23-05:00	false	chore: documentation of the flake
0bd5246407c61b7f2954d58dd2a551ad5bab58ee	00ef5e3914178e4cf79a9db8a050d919d4b8c801	2026-02-21T20:11:12-05:00	2026-02-21T20:11:12-05:00	false	fix: JSON formatting
42ca8c74ae3cf22ff833b5920a86f518cf31e0e0	0bd5246407c61b7f2954d58dd2a551ad5bab58ee	2026-02-21T20:25:19-05:00	2026-02-21T20:25:19-05:00	false	fix: leaner gitignore
9b897d736358b137c192b2446cf6ddd648c0d6a5	42ca8c74ae3cf22ff833b5920a86f518cf31e0e0	2026-02-21T22:12:21-05:00	2026-02-21T22:12:21-05:00	false	feat: initial draft of goreleaser configuration
7406569dd5d7cbddcfc4dbea59e30887d0133a55	9b897d736358b137c192b2446cf6ddd648c0d6a5	2026-02-22T08:50:21-05:00	2026-02-22T08:50:21-05:00	false	feat: concourse schema
fd05bcec3e69cc4f5d81e72279f5a01022a4db76	7406569dd5d7cbddcfc4dbea59e30887d0133a55	2026-02-22T08:50:48-05:00	2026-02-22T08:50:48-05:00	false	refactor: simplification
5cbc85b9319336afffa98cace0878ae5a4b1928b	fd05bcec3e69cc4f5d81e72279f5a01022a4db76	2026-02-22T09:10:17-05:00	2026-02-22T09:10:17-05:00	false	feat: across step modifier to schema
699c164ba2a99f670e87a7ed6f277335c11547e9	5cbc85b9319336afffa98cace0878ae5a4b1928b	2026-02-22T09:10:28-05:00	2026-02-22T09:10:28-05:00	false	feat(ignore): added cue
84903e00b6217a24c66b5a5a4ab51cfc6faaa3d3	699c164ba2a99f670e87a7ed6f277335c11547e9	2026-02-22T23:41:27-05:00	2026-02-22T23:41:27-05:00	false	chore: small fixes and cleanup
bd541b8c3f9929777a0f2aead8b5cc0e4874d2ba	84903e00b6217a24c66b5a5a4ab51cfc6faaa3d3	2026-02-22T23:41:51-05:00	2026-02-22T23:41:51-05:00	false	refactor: moved to goreleaser (stubbed)
0cdf8cf6ee13c66c81eb74e574ab0aaf4e8b8b99	bd541b8c3f9929777a0f2aead8b5cc0e4874d2ba	2026-03-01T15:33:15-05:00	2026-03-01T15:33:15-05:00	false	fixes yay
c2f00e91151d0df3f3a2d862b947c6168fc70073	0cdf8cf6ee13c66c81eb74e574ab0aaf4e8b8b99	2026-03-01T15:52:18-05:00	2026-03-01T15:52:18-05:00	false	added ssl
cd1163b4e32cf9cfa70919b8e72f348586fdc229	c2f00e91151d0df3f3a2d862b947c6168fc70073	2026-03-01T15:56:11-05:00	2026-03-01T15:56:11-05:00	false	env variables
9f4c20e431f271da819b6316808ccf078ceab552	cd1163b4e32cf9cfa70919b8e72f348586fdc229	2026-03-01T15:57:57-05:00	2026-03-01T15:57:57-05:00	false	MORE ENV VARIABLES[27;2;13~
9b24b1fba64e9d8919ca00d3467d7e49a79c4145	9f4c20e431f271da819b6316808ccf078ceab552	2026-03-04T15:23:53-05:00	2026-03-04T15:23:53-05:00	false	bye bye
627e4a2c62ee19f2ec2bc57ea237b1b52847feaa	9b24b1fba64e9d8919ca00d3467d7e49a79c4145	2026-03-05T16:43:34-05:00	2026-03-05T16:43:34-05:00	false	Some cleanup
4b744aac73020d8709743c8d6192526b74a0a2a3	627e4a2c62ee19f2ec2bc57ea237b1b52847feaa	2026-03-05T17:02:19-05:00	2026-03-05T17:02:19-05:00	false	RIP dynamic dispatch
9a8ac298529473944f59e7a6cdaa82a03f039609	4b744aac73020d8709743c8d6192526b74a0a2a3	2026-03-05T17:14:57-05:00	2026-03-05T17:14:57-05:00	false	Typing fixes
e69a21ede570fdbf84ecca967981b44440bc3a0d	9a8ac298529473944f59e7a6cdaa82a03f039609	2026-03-05T17:33:51-05:00	2026-03-05T17:39:14-05:00	false	oooh typed IR
e732619161ba4dd9546a7dec5b17f4d6b57b5330	e69a21ede570fdbf84ecca967981b44440bc3a0d	2026-03-05T17:39:26-05:00	2026-03-05T17:45:06-05:00	false	Initial phase of tranisiton of the rust_parser
ebb5ddb830c7a73c8ec997ece25080fb1ef355a0	e732619161ba4dd9546a7dec5b17f4d6b57b5330	2026-03-05T17:46:41-05:00	2026-03-05T17:46:41-05:00	false	Fixed gitginore
5e1abd61a4d46a4564db7e7a86672b25b282b042	ebb5ddb830c7a73c8ec997ece25080fb1ef355a0	2026-03-05T18:01:12-05:00	2026-03-05T18:01:12-05:00	false	formatting
acbca4b44f68401b062a851c0fc485e1d9d8eb23	5e1abd61a4d46a4564db7e7a86672b25b282b042	2026-03-05T18:46:42-05:00	2026-03-05T18:46:42-05:00	false	Added a new versioned stage
65de31715135f52ff38ea5688cdb48d486b42c28	acbca4b44f68401b062a851c0fc485e1d9d8eb23	2026-03-05T18:56:35-05:00	2026-03-05T18:56:35-05:00	false	Grounded Entries
25fb84dce931067bdc6f92395e366e7b609e9881	65de31715135f52ff38ea5688cdb48d486b42c28	2026-03-05T19:10:54-05:00	2026-03-05T19:10:54-05:00	false	Scaffolding for commit resolution
545bb1ffd0dd3b02145c79a91e9fc056f7ab54dc	25fb84dce931067bdc6f92395e366e7b609e9881	2026-03-05T19:24:54-05:00	2026-03-05T19:24:54-05:00	false	Rustdoc now running from the right place
f8dd8b2159afe4de374f42901e5a96d03bd38069	545bb1ffd0dd3b02145c79a91e9fc056f7ab54dc	2026-03-05T19:34:24-05:00	2026-03-05T19:34:24-05:00	false	Ignoring direnv
eba0f44374e655596f19dedc267cea6ac4aa1b14	f8dd8b2159afe4de374f42901e5a96d03bd38069	2026-03-05T19:41:30-05:00	2026-03-05T19:41:32-05:00	false	Broke logic apart — now supports specific versioning (hardcoded)
7ecd398f16f3fd4e5cccb49e3609c02e735dd1f3	eba0f44374e655596f19dedc267cea6ac4aa1b14	2026-03-05T19:41:36-05:00	2026-03-05T19:41:36-05:00	false	Cargo fixes
e4e182d15e912cb63d5e6925fa80f527661e2516	7ecd398f16f3fd4e5cccb49e3609c02e735dd1f3	2026-03-05T19:47:38-05:00	2026-03-05T19:47:38-05:00	false	Reading from workspace
8a393a356a115d437bf79405377f6aa0552cbc57	e4e182d15e912cb63d5e6925fa80f527661e2516	2026-03-05T19:57:46-05:00	2026-03-05T19:57:46-05:00	false	COMPLETE rev walk implementation
401958318659f80ec2842260e1622fa8402a27a4	8a393a356a115d437bf79405377f6aa0552cbc57	2026-03-05T19:57:51-05:00	2026-03-05T19:57:51-05:00	false	added some new deps
0339db0f1cf139e35690dc0d1958ee9da9b2b804	401958318659f80ec2842260e1622fa8402a27a4	2026-03-05T20:01:12-05:00	2026-03-05T20:01:12-05:00	false	Errors
7dbca3b176111304cd9a80ba2f33e46219896996	0339db0f1cf139e35690dc0d1958ee9da9b2b804	2026-03-05T21:06:34-05:00	2026-03-05T21:06:34-05:00	false	Folded terminusdb into compilre
f916d172bcc41c4f070658d427a6794199fed4ef	7dbca3b176111304cd9a80ba2f33e46219896996	2026-03-05T21:06:43-05:00	2026-03-05T21:06:43-05:00	false	Versioned pipeline full support
6787e47e8bc6857f05ec9ce2d88dc48b6fe15db7	f916d172bcc41c4f070658d427a6794199fed4ef	2026-03-05T21:06:52-05:00	2026-03-05T21:06:52-05:00	false	Less clones
af8f2d1b11b58f3e4b28bc626d461198a5a2f316	6787e47e8bc6857f05ec9ce2d88dc48b6fe15db7	2026-03-05T21:07:02-05:00	2026-03-05T21:07:02-05:00	false	Automated uploads
4640354d0da3023bee1bd3864d572320cab50c95	af8f2d1b11b58f3e4b28bc626d461198a5a2f316	2026-03-05T21:07:17-05:00	2026-03-05T21:07:17-05:00	false	Cleanup
286a3db844c96a82b6d3c4a6b6062979ab1f0c71	4640354d0da3023bee1bd3864d572320cab50c95	2026-03-05T21:27:37-05:00	2026-03-05T21:27:37-05:00	false	Added schema
6eccfd880d1b71d261f90a1d0408e4474466ba41	286a3db844c96a82b6d3c4a6b6062979ab1f0c71	2026-03-05T21:30:55-05:00	2026-03-05T21:30:55-05:00	false	Fixed warnings
9a51f8bc97b963fb8c0faccf1e6abf39acdabdc8	6eccfd880d1b71d261f90a1d0408e4474466ba41	2026-03-05T22:07:10-05:00	2026-03-05T22:07:10-05:00	false	Removed Facet
3de8f0c43cbbb07418badeb559e4b6ca6014e1bb	9a51f8bc97b963fb8c0faccf1e6abf39acdabdc8	2026-03-06T00:05:24-05:00	2026-03-06T00:05:24-05:00	false	YAML schema
3124daa8a5f6818f64118b68835d31ea3830d6e5	3de8f0c43cbbb07418badeb559e4b6ca6014e1bb	2026-03-06T00:11:07-05:00	2026-03-06T00:11:07-05:00	false	focused
be2bc18ca1f6c719de6243b25c7d1d65dbdfbe2c	3124daa8a5f6818f64118b68835d31ea3830d6e5	2026-03-06T01:33:21-05:00	2026-03-06T01:33:21-05:00	false	Devenv support
2d211baf488eceabf099670fe48b2408a77eaa62	be2bc18ca1f6c719de6243b25c7d1d65dbdfbe2c	2026-03-06T06:55:08-05:00	2026-03-06T06:55:08-05:00	false	Fixed sourcing logic for schema
5a3b0190bf68a1293792a8bd0e228ee69ae19e89	2d211baf488eceabf099670fe48b2408a77eaa62	2026-03-06T08:07:23-05:00	2026-03-06T08:07:23-05:00	false	Tracing logging throughout
67e06b4f439aa4580e71d6cd5b713d12916c62ca	5a3b0190bf68a1293792a8bd0e228ee69ae19e89	2026-03-06T08:13:05-05:00	2026-03-06T08:13:05-05:00	false	A better picture for errors
81a9c8d7d9b60b275f1c3a13e3a67cee38377021	67e06b4f439aa4580e71d6cd5b713d12916c62ca	2026-03-06T08:13:10-05:00	2026-03-06T08:13:10-05:00	false	Small fixes
71f8aa2696f486a76463007779183777894f655a	81a9c8d7d9b60b275f1c3a13e3a67cee38377021	2026-03-06T08:18:17-05:00	2026-03-06T08:18:17-05:00	false	Stronger handling throughout
bcee44c456df8a45ade6bbce2f6ce8a9a971a454	71f8aa2696f486a76463007779183777894f655a	2026-03-06T18:10:29-05:00	2026-03-06T18:10:29-05:00	false	Lib/cli separation
5f6f73d09331fbe9d5e6ad87b6e3a42e272c4791	bcee44c456df8a45ade6bbce2f6ce8a9a971a454	2026-03-06T18:12:14-05:00	2026-03-06T18:12:14-05:00	false	Fixed clippy lints
5fbad90f1024f05fa93d5ec795725d4eb3e4b886	5f6f73d09331fbe9d5e6ad87b6e3a42e272c4791	2026-03-06T18:12:54-05:00	2026-03-06T18:12:54-05:00	false	Formatting
6b22ce48c122018c93a8e3427cccc19d662d9827	5fbad90f1024f05fa93d5ec795725d4eb3e4b886	2026-03-06T19:17:37-05:00	2026-03-06T19:17:37-05:00	false	Fixed schema
d51d407a791a5cbccc705b5f9f5719d6b6d360b6	6b22ce48c122018c93a8e3427cccc19d662d9827	2026-03-08T18:10:46-04:00	2026-03-08T18:10:46-04:00	false	Added some general comments
7fe0721f2426e17b3dc8e53f6879f3342143d274	d51d407a791a5cbccc705b5f9f5719d6b6d360b6	2026-03-08T23:29:18-04:00	2026-03-08T23:29:18-04:00	false	Added linkml
7773424f876e759855291ff36d2068bab9d0a22d	7fe0721f2426e17b3dc8e53f6879f3342143d274	2026-03-26T12:04:06-04:00	2026-03-26T12:04:06-04:00	false	Updated flake
fd52d9f4ec68d48686b68593d1558c8864f3095c	7773424f876e759855291ff36d2068bab9d0a22d	2026-04-20T16:12:53-04:00	2026-04-20T16:12:53-04:00	false	typescript support
cd816f7e97540fa0ea9b9f24488b7da8191e5d11	fd52d9f4ec68d48686b68593d1558c8864f3095c	2026-04-20T16:12:57-04:00	2026-04-20T16:12:57-04:00	false	no deno doc
dee8dc221394ac83f42158d22ef02c295d93aadf	cd816f7e97540fa0ea9b9f24488b7da8191e5d11	2026-04-20T16:13:25-04:00	2026-04-20T16:13:25-04:00	false	formatting
f97a79dfeb600707b8016b97820059d4117e2b62	dee8dc221394ac83f42158d22ef02c295d93aadf	2026-04-24T19:19:25-04:00	2026-04-24T19:25:39-04:00	false	Only on linux btw
57879d3ef58d721fccf9ea593399d232267b2f67	f97a79dfeb600707b8016b97820059d4117e2b62	2026-04-26T19:33:13-04:00	2026-04-26T19:33:13-04:00	false	Optional cranelift bro
99e545c5766626b95df20d97036b95747a174119	57879d3ef58d721fccf9ea593399d232267b2f67	2026-04-26T22:36:05-04:00	2026-04-26T22:36:05-04:00	false	added term type
ee02502fdb52a419c91dd3b880c9061ff9cfb5f4	99e545c5766626b95df20d97036b95747a174119	2026-04-26T22:36:21-04:00	2026-04-26T22:36:21-04:00	false	Supporting better generics and constraints
72f7e5c2c465e0f33923327eae546f08e2176fc0	ee02502fdb52a419c91dd3b880c9061ff9cfb5f4	2026-04-26T23:58:51-04:00	2026-04-26T23:58:51-04:00	false	Parsing contraints
94dc9fc332e20d0ecdf40b2201146085e1935501	72f7e5c2c465e0f33923327eae546f08e2176fc0	2026-04-26T23:59:02-04:00	2026-04-26T23:59:02-04:00	false	Fixed pathing
8f148fba6c15b885790384fd8a68690632c0e87e	94dc9fc332e20d0ecdf40b2201146085e1935501	2026-04-26T23:59:08-04:00	2026-04-26T23:59:08-04:00	false	Better error diagnostics
0c1e1a84eaaa10312b1c42bb3241075f91ce1ef4	8f148fba6c15b885790384fd8a68690632c0e87e	2026-04-26T23:59:12-04:00	2026-04-26T23:59:12-04:00	false	TS cleanup
396ab2bd862e1a0adcead3a13c886c53f6a9844b	0c1e1a84eaaa10312b1c42bb3241075f91ce1ef4	2026-04-26T23:59:22-04:00	2026-04-26T23:59:22-04:00	false	Possible future things here
88b6a2dcfbb87f836834b616fd80b0e75d790de6	396ab2bd862e1a0adcead3a13c886c53f6a9844b	2026-04-26T23:59:27-04:00	2026-04-26T23:59:27-04:00	false	denodoc upgrade
4687cf36aed4d5dc14aa6df317f8924740790b74	88b6a2dcfbb87f836834b616fd80b0e75d790de6	2026-04-26T23:59:44-04:00	2026-04-26T23:59:44-04:00	false	fmt
35122d907d1145b2e293010a31d9556ff8ea911a	4687cf36aed4d5dc14aa6df317f8924740790b74	2026-04-27T15:17:52-04:00	2026-04-27T15:17:52-04:00	false	Commented out terminus upload for now
f7e74bae638faece4048d78d3585a8d403cf928c	35122d907d1145b2e293010a31d9556ff8ea911a	2026-04-27T15:18:21-04:00	2026-04-27T15:18:21-04:00	false	Added tmp deno_doc
55b84a97176e21e7f6dc93745bb99a3348265368	f7e74bae638faece4048d78d3585a8d403cf928c	2026-04-27T15:18:42-04:00	2026-04-27T15:18:42-04:00	false	fmt
29f016f2bbf14e703f00791801e475970ac677d7	55b84a97176e21e7f6dc93745bb99a3348265368	2026-04-27T15:25:09-04:00	2026-04-27T15:25:09-04:00	false	Forgotten deno files
87aeecd6be1c66998684538c69211c875c64373f	29f016f2bbf14e703f00791801e475970ac677d7	2026-04-28T14:37:41-04:00	2026-04-28T14:37:41-04:00	false	fmt
5bf3d58bbdb2d4b84b30041d90de2d2ea0ecd248	87aeecd6be1c66998684538c69211c875c64373f	2026-04-28T14:46:27-04:00	2026-04-28T14:49:28-04:00	false	Improvements to the record representation
9b8dd78a5dc5fac5de779079be0a2bc9721791fb	5bf3d58bbdb2d4b84b30041d90de2d2ea0ecd248	2026-04-28T14:55:18-04:00	2026-04-28T14:55:18-04:00	false	Further improvements to the structure of record
dddb231fc8f020c90d9f86a8ed366a7e2cf5be68	9b8dd78a5dc5fac5de779079be0a2bc9721791fb	2026-04-28T14:57:49-04:00	2026-04-28T14:57:49-04:00	false	Stronger typings fr fr
f97571bebaf6ac8d549f2f4bb2fcf90cfd031ca4	dddb231fc8f020c90d9f86a8ed366a7e2cf5be68	2026-04-28T15:06:17-04:00	2026-04-28T15:06:17-04:00	false	More closely following patterns
b56c09f8e5fb823f988ee4a7f8341b2d30c05da2	f97571bebaf6ac8d549f2f4bb2fcf90cfd031ca4	2026-04-28T15:17:36-04:00	2026-04-28T15:17:36-04:00	false	Fixed enum field representations
3fcb0ebfe6ee525764e90bffa2f76a2abe202a72	b56c09f8e5fb823f988ee4a7f8341b2d30c05da2	2026-04-28T15:17:43-04:00	2026-04-28T15:17:43-04:00	false	fiexed typo meaning Field wasn't used
746f0edef4b89bf396552d676c4b0272bde6d8ea	3fcb0ebfe6ee525764e90bffa2f76a2abe202a72	2026-04-28T15:17:50-04:00	2026-04-28T15:17:50-04:00	false	Stronger field attribute setup
276f72a47e176e83e5dcb83656936eff3384534a	746f0edef4b89bf396552d676c4b0272bde6d8ea	2026-04-28T15:21:46-04:00	2026-04-28T15:21:46-04:00	false	Much higher qualified records
7762d72456d6c1c0285e8fdf32800dd457a13cc8	276f72a47e176e83e5dcb83656936eff3384534a	2026-04-28T15:41:45-04:00	2026-04-28T15:41:45-04:00	false	fmt
1395e43871a4dd63cc082551a71475e0e0ebb9b4	7762d72456d6c1c0285e8fdf32800dd457a13cc8	2026-04-28T17:02:46-04:00	2026-04-28T17:02:46-04:00	false	Unit type is not a record
be25b01501c2291e7c7b65e2af5c7973e1427834	1395e43871a4dd63cc082551a71475e0e0ebb9b4	2026-04-28T17:34:43-04:00	2026-04-28T17:34:43-04:00	false	docs
fec42e36893e6709e22fb8465cd2e3a6bc7f2c92	be25b01501c2291e7c7b65e2af5c7973e1427834	2026-04-28T17:35:45-04:00	2026-04-28T17:35:45-04:00	false	Huge work on redefining primitives
3a4f7c828e54f6eeee9d2e8fda2fe9475c4b2d02	fec42e36893e6709e22fb8465cd2e3a6bc7f2c92	2026-04-28T17:35:52-04:00	2026-04-28T17:35:52-04:00	false	Large documentation efforts and restructuring
c0e701bc9ea2fac50e439e655d5500620b98bad7	3a4f7c828e54f6eeee9d2e8fda2fe9475c4b2d02	2026-04-28T17:36:09-04:00	2026-04-28T17:36:09-04:00	false	actual type record
18f28c1a1f4bc8113f0cf449b9dc783605feb792	c0e701bc9ea2fac50e439e655d5500620b98bad7	2026-04-28T17:41:36-04:00	2026-04-28T17:41:36-04:00	false	Introduced nudoxpath type
a2fe5763cfc1662d0d4e373f6dc1ca0e85e47587	18f28c1a1f4bc8113f0cf449b9dc783605feb792	2026-04-28T17:43:35-04:00	2026-04-28T17:43:35-04:00	false	Fixed primitives
81ffde03026ab7e555ce134b46cef0dd3457f907	a2fe5763cfc1662d0d4e373f6dc1ca0e85e47587	2026-04-28T17:43:55-04:00	2026-04-28T17:43:55-04:00	false	Expansions to parameter
24ac7f8758181169ad6bfa837f8ae4241184e5a1	81ffde03026ab7e555ce134b46cef0dd3457f907	2026-04-28T17:45:33-04:00	2026-04-28T17:45:33-04:00	false	using type fully
164a97c1f8140a7be19c2afa719e1fd91ed0f5c1	24ac7f8758181169ad6bfa837f8ae4241184e5a1	2026-04-28T17:47:06-04:00	2026-04-28T17:47:06-04:00	false	fixed
9143c97dc898233df80bee8579a18c9307f37b33	164a97c1f8140a7be19c2afa719e1fd91ed0f5c1	2026-04-28T19:03:08-04:00	2026-04-28T19:03:08-04:00	false	refactor for consolidated parameters under one enum
4e2cf04e2983345c78ef063c297ec0a509ee43cc	9143c97dc898233df80bee8579a18c9307f37b33	2026-04-28T19:07:11-04:00	2026-04-28T19:07:11-04:00	false	Simplified the generics type
b47fb9303de42dfd0ee5089f69a7b41964dc9fca	4e2cf04e2983345c78ef063c297ec0a509ee43cc	2026-04-28T19:17:04-04:00	2026-04-28T19:17:04-04:00	false	Dramatically expanded the capabilities of generics (again)
8dd94a1ac335b3e9b07a711748d553ce031b0ba1	b47fb9303de42dfd0ee5089f69a7b41964dc9fca	2026-04-28T19:20:43-04:00	2026-04-28T19:20:43-04:00	false	Compilation fixes
33910710a74f9835bbb46856335821b1846b1dd8	8dd94a1ac335b3e9b07a711748d553ce031b0ba1	2026-04-28T19:22:36-04:00	2026-04-28T19:22:36-04:00	false	fmt
3f50e65c8349ca043cdacf8c0d073d3dbc56770c	33910710a74f9835bbb46856335821b1846b1dd8	2026-04-28T19:38:55-04:00	2026-04-28T19:38:55-04:00	false	Moved certain fields down in the stack
2d813811ad5be31b8fae4d23b87aba5b1f5fbd85	3f50e65c8349ca043cdacf8c0d073d3dbc56770c	2026-04-28T19:51:23-04:00	2026-04-28T19:51:23-04:00	false	Switched to nudox paths for the Index
6a1c09ad4bdea37f21c97cb040a1e5abb941650a	2d813811ad5be31b8fae4d23b87aba5b1f5fbd85	2026-04-28T19:51:30-04:00	2026-04-28T19:51:30-04:00	false	Added visibility and implemented fields for Function
9a566f53e0da3a7b9c58e1e7daf7b83135e6670e	6a1c09ad4bdea37f21c97cb040a1e5abb941650a	2026-04-28T19:51:36-04:00	2026-04-28T19:51:36-04:00	false	Added display back for EntryKind
3e90f7b4c22ce20ec43a7d91633aaca7fe42ffa6	9a566f53e0da3a7b9c58e1e7daf7b83135e6670e	2026-04-28T19:51:53-04:00	2026-04-28T19:51:53-04:00	false	Got the terminusdb pushing on the new IR structure
d07444f71d80d264b1c41ffe5091fb7abd5b0768	3e90f7b4c22ce20ec43a7d91633aaca7fe42ffa6	2026-04-28T20:21:28-04:00	2026-04-28T20:21:28-04:00	false	Removed stupid mark statements
756c3786e422393f9b2633aa780367ec3de8116a	d07444f71d80d264b1c41ffe5091fb7abd5b0768	2026-04-28T20:21:42-04:00	2026-04-28T20:21:42-04:00	false	ignoring TS for now
07b4e5604041ff327782431492c1a93c66a32052	756c3786e422393f9b2633aa780367ec3de8116a	2026-04-28T20:21:58-04:00	2026-04-28T20:21:58-04:00	false	Ported to the NEW!!!!!!!!!!!!! IR
4eaec171464c8d35eb31ffdd66b45517cfca63da	07b4e5604041ff327782431492c1a93c66a32052	2026-04-28T20:22:10-04:00	2026-04-28T20:22:28-04:00	false	fmt
6922d9226feeca6a697543d0593afa686a311e4a	4eaec171464c8d35eb31ffdd66b45517cfca63da	2026-04-28T21:02:20-04:00	2026-04-28T21:02:20-04:00	false	Migrated TS parser
3ec63c5a4d5b124ee31ffbacdee2a7b5c7bb56c0	6922d9226feeca6a697543d0593afa686a311e4a	2026-04-28T21:52:50-04:00	2026-04-28T21:52:50-04:00	false	Fixed never type encountering
a3fdb3aeda6ab593b57abf60f03c1ef07f08cd42	3ec63c5a4d5b124ee31ffbacdee2a7b5c7bb56c0	2026-04-28T21:52:57-04:00	2026-04-28T21:52:57-04:00	false	Fixes to terminusdb output
f96f827101aa1bb69c0e9ff76255b713b5c163a3	a3fdb3aeda6ab593b57abf60f03c1ef07f08cd42	2026-04-29T02:14:05-04:00	2026-04-29T02:14:05-04:00	false	Killed entry and birthed it anew
181ca23f33b8ba5c2aa1f88a25db3405781de269	f96f827101aa1bb69c0e9ff76255b713b5c163a3	2026-04-29T02:14:28-04:00	2026-04-29T02:14:28-04:00	false	fmt
4ad38e461424b39fea73ae90c464043ac80bfc80	181ca23f33b8ba5c2aa1f88a25db3405781de269	2026-04-30T20:26:33-04:00	2026-04-30T20:26:33-04:00	false	A LOT of rethinking of the IR and even more simplifications
e4f7702f3f44c03c15cdabf4e55481224236a50b	4ad38e461424b39fea73ae90c464043ac80bfc80	2026-04-30T20:26:42-04:00	2026-04-30T20:26:42-04:00	false	Migrated the ts and rust parsers
ec7c3112ec80b2508c9eaf7997f6123ff40ac366	e4f7702f3f44c03c15cdabf4e55481224236a50b	2026-04-30T20:27:06-04:00	2026-04-30T20:27:06-04:00	false	Kind of handling the initial terminus port?
422f49d786a3f15e7ec61a74b6867a3c4f31f64a	ec7c3112ec80b2508c9eaf7997f6123ff40ac366	2026-04-30T20:58:58-04:00	2026-04-30T20:58:58-04:00	false	Fixes to the pipeline
dc4c769e683bf19c933ea772ee03cd1331536a49	7773424f876e759855291ff36d2068bab9d0a22d	2026-03-26T13:20:47-04:00	2026-03-26T13:20:47-04:00	false	Began modifying Database Upload module to support vector embeddings as well
91f2cc3ab00ffccd7e3f7795c01d47b82977f994	dc4c769e683bf19c933ea772ee03cd1331536a49	2026-03-26T13:45:29-04:00	2026-03-26T13:45:29-04:00	false	Added IMPL into for QdrantPaylod into Paylod. Also added some basic struct that should map to the Qdrant ingestible type PointStruct.. TODO = impl try_from for the Doc type into a vector embedding + handle vector embeddings errors
4e74280ace766aae8a3e58a009abfee9fa5dc4c5	91f2cc3ab00ffccd7e3f7795c01d47b82977f994	2026-03-27T13:15:36-04:00	2026-03-27T13:15:36-04:00	false	Added sorted referecnes + return clones instead of consumption pattern with DocStore
f24c20483ddcf9c0011b87c61818eee0c0168c6c	4e74280ace766aae8a3e58a009abfee9fa5dc4c5	2026-03-27T13:16:03-04:00	2026-03-27T13:16:03-04:00	false	rename embbedding to embedding_service.rs
1fe05e8859ed690d736bc7d0194b13bf5785681d	f24c20483ddcf9c0011b87c61818eee0c0168c6c	2026-03-27T13:16:36-04:00	2026-03-27T13:16:36-04:00	false	No longer consuming uploads -- DocStore still exists after
96e417c73c52f0ffc2feb7138c1d0729251ac51f	1fe05e8859ed690d736bc7d0194b13bf5785681d	2026-03-27T13:18:21-04:00	2026-03-27T13:18:21-04:00	false	changed docstore to reference
97abaa73b02b1e1818adf333bbd24932c51ee393	96e417c73c52f0ffc2feb7138c1d0729251ac51f	2026-03-27T13:22:15-04:00	2026-03-27T13:22:15-04:00	false	initial vector embeddign service layout. Responsible for Reading the Docstore JsonLD documents and maintianing a parallel db to terminusdb with qdrant
091fd922f324ab1b7d619fb19b74aad042cd0f99	97abaa73b02b1e1818adf333bbd24932c51ee393	2026-03-27T13:22:27-04:00	2026-03-27T13:22:27-04:00	false	rename file
f2a6060624c222e24606cda6ac6be18b070a4277	091fd922f324ab1b7d619fb19b74aad042cd0f99	2026-03-27T13:44:56-04:00	2026-03-27T13:44:56-04:00	false	wired in openai API for text embeddings
b3365e4082161203cf00f57b630a328a493cf338	f2a6060624c222e24606cda6ac6be18b070a4277	2026-03-27T13:45:19-04:00	2026-03-27T13:45:19-04:00	false	new dep
4756579de949c6cbb6563b3146bd01f0ef17ca63	b3365e4082161203cf00f57b630a328a493cf338	2026-03-28T10:46:53-04:00	2026-03-28T10:46:53-04:00	false	wired in embedding provider to main
c7cfcd9d31577ed7821d45b0a5990a14886fcb74	4756579de949c6cbb6563b3146bd01f0ef17ca63	2026-03-28T10:47:30-04:00	2026-03-28T10:47:30-04:00	false	wire in embedding provider (openai text-embeddings)
00c17da15570a7f0a22235cc55ffc37cc3e0fccf	c7cfcd9d31577ed7821d45b0a5990a14886fcb74	2026-03-28T10:48:04-04:00	2026-03-28T10:48:04-04:00	false	qdrant connection/upload config similar to terminusdb upload.rs file
0b58285ca9c9aa6bb7c6032b459127837a1cdde5	00c17da15570a7f0a22235cc55ffc37cc3e0fccf	2026-04-27T15:11:43-04:00	2026-04-27T15:11:43-04:00	false	commented out the qdrant upload as to not drain the token limit
7c578c0981957207b62c7be28ecd1008a32aba36	0b58285ca9c9aa6bb7c6032b459127837a1cdde5	2026-04-29T15:12:05-04:00	2026-04-29T15:12:05-04:00	false	URI naming convention slight changes no duplicate lib + lang in uri
133b4e46e2bbf06fc24c75ff66beb881a878f906	422f49d786a3f15e7ec61a74b6867a3c4f31f64a 7c578c0981957207b62c7be28ecd1008a32aba36	2026-04-30T23:57:14-04:00	2026-04-30T23:57:14-04:00	false	feat: merge qdrantdb — add vector embedding + Qdrant upload pipeline
8fa73c66f13f135a05cee44dc4924e1c72447c14	133b4e46e2bbf06fc24c75ff66beb881a878f906	2026-05-01T00:05:16-04:00	2026-05-01T00:05:16-04:00	false	merge with qdrant
2c6ccb3a3fe71856f03be84e6c2bad1802779487	8fa73c66f13f135a05cee44dc4924e1c72447c14	2026-05-01T00:05:23-04:00	2026-05-01T00:05:23-04:00	false	merge with qdrant
fb5e15b0961dbc1b0302a2d90c4db4f453009529	2c6ccb3a3fe71856f03be84e6c2bad1802779487	2026-05-01T11:57:02-04:00	2026-05-01T11:57:02-04:00	false	Uploading directly
9fbd87fbddf8cb177cfa5dd0545f18057bc2291d	fb5e15b0961dbc1b0302a2d90c4db4f453009529	2026-05-01T12:58:11-04:00	2026-05-01T12:58:11-04:00	false	Added tests
fae6e7dce9dc291a7caa80bdf62e4655d119d947	9fbd87fbddf8cb177cfa5dd0545f18057bc2291d	2026-05-01T12:58:33-04:00	2026-05-01T12:58:33-04:00	false	Erorr variants for the full application
7a28943ada1cab1653b145aabedecf315dd429ce	fae6e7dce9dc291a7caa80bdf62e4655d119d947	2026-05-01T12:59:08-04:00	2026-05-01T12:59:08-04:00	false	Full gitoxide setup (AT ALL COSTS)
20d441225fab536e01c1e3306a91073a5c0ebf25	7a28943ada1cab1653b145aabedecf315dd429ce	2026-05-01T12:59:18-04:00	2026-05-01T12:59:18-04:00	false	Local registry datastructure and logic
6e9ab9f1f97b9384f8b476296f4a20a41c84566f	20d441225fab536e01c1e3306a91073a5c0ebf25	2026-05-01T12:59:23-04:00	2026-05-01T12:59:23-04:00	false	VASTLY simplified main.rs
54635ad0009c8db059f9f85acaa0372866c88018	6e9ab9f1f97b9384f8b476296f4a20a41c84566f	2026-05-01T12:59:31-04:00	2026-05-01T12:59:31-04:00	false	Server + Storage setup
8680993f4c25f87d105f447c59af01d4009a471c	54635ad0009c8db059f9f85acaa0372866c88018	2026-05-01T12:59:36-04:00	2026-05-01T12:59:36-04:00	false	Attrs
a89e7ee7ec614b9430450ba87631a934f30a1848	8680993f4c25f87d105f447c59af01d4009a471c	2026-05-01T12:59:41-04:00	2026-05-01T12:59:41-04:00	false	Properly importing everything
a801c3c8d8f1c4797491396af4170b5a80f67323	a89e7ee7ec614b9430450ba87631a934f30a1848	2026-05-01T13:00:28-04:00	2026-05-01T13:00:28-04:00	false	Ingest pipeline
e1b6fb6f9d1e8540e7db87135d9e80733e911f80	a801c3c8d8f1c4797491396af4170b5a80f67323	2026-05-01T13:03:32-04:00	2026-05-01T13:03:32-04:00	false	Full configuration
19c81cbe36d5dc1fd46089354e416a78df0c71cc	e1b6fb6f9d1e8540e7db87135d9e80733e911f80	2026-05-01T13:03:48-04:00	2026-05-01T13:03:48-04:00	false	Full API surface
5914240803505d2856f1013d92659ff0e2cce10a	19c81cbe36d5dc1fd46089354e416a78df0c71cc	2026-05-01T13:11:11-04:00	2026-05-01T13:11:11-04:00	false	Brought testing to our main compiler
5b540f45ab5b735b40c2da219c7a293df281c2ec	5914240803505d2856f1013d92659ff0e2cce10a	2026-05-01T13:37:20-04:00	2026-05-01T13:37:20-04:00	false	Increased the function surface
30a7411a0aa41606c2ea7c245340440416f0c65a	5b540f45ab5b735b40c2da219c7a293df281c2ec	2026-05-01T13:37:32-04:00	2026-05-01T13:37:32-04:00	false	More info for potocols ig
09b1a806bb138ef115b39c544645d18236135992	30a7411a0aa41606c2ea7c245340440416f0c65a	2026-05-01T13:37:47-04:00	2026-05-01T13:37:47-04:00	false	Expanded record even further
a64113af5e560caee89b086c4fc6c65778fafcab	09b1a806bb138ef115b39c544645d18236135992	2026-05-01T13:38:14-04:00	2026-05-01T13:38:14-04:00	false	Expanded type to handle all of the TS mumbo jumbo
334cae316142691638f3b6d8e2614f9da578fdd1	a64113af5e560caee89b086c4fc6c65778fafcab	2026-05-01T13:38:31-04:00	2026-05-01T13:38:31-04:00	false	DRASTICALLY expanded the capabilities of the ts_parser
346a2c0d1acd1040f5e3f6a73bbc7d4cd8a96e02	334cae316142691638f3b6d8e2614f9da578fdd1	2026-05-01T13:38:42-04:00	2026-05-01T13:38:42-04:00	false	Expanded the capabilites of the TS registry/frontend
6e6dcb35f5a655b518d1003031d64ef25ec0fc98	346a2c0d1acd1040f5e3f6a73bbc7d4cd8a96e02	2026-05-01T13:38:50-04:00	2026-05-01T13:38:50-04:00	false	Fixed some longstanding issues with the rust_parser
74e249dbb6db7a82faa1558ec82fa8c8d72664c3	6e6dcb35f5a655b518d1003031d64ef25ec0fc98	2026-05-01T13:38:58-04:00	2026-05-01T13:38:58-04:00	false	fmt
d913ed14ef4abbab61b7ea5fe73f435504cf8e10	74e249dbb6db7a82faa1558ec82fa8c8d72664c3	2026-05-01T13:39:04-04:00	2026-05-01T13:39:04-04:00	false	Fixes to the bad syntax with axum
ff413cb0c87be0ecda6dc69e54ee8541447c6cbe	d913ed14ef4abbab61b7ea5fe73f435504cf8e10	2026-05-01T13:39:12-04:00	2026-05-01T13:39:12-04:00	false	Migrated terminusdb integration
cd2f58850a45294bfee269aa8dd93dbe36219a87	ff413cb0c87be0ecda6dc69e54ee8541447c6cbe	2026-05-01T13:39:37-04:00	2026-05-01T13:39:37-04:00	false	New package integration test
8c94d65e479b062100778bfab7fae5a9df156ee1	cd2f58850a45294bfee269aa8dd93dbe36219a87	2026-05-01T13:39:44-04:00	2026-05-01T13:39:44-04:00	false	More robust pipeline asserts
1a3d215675c6cb52d0e902d066bc5bf9e8b82929	8c94d65e479b062100778bfab7fae5a9df156ee1	2026-05-01T13:39:52-04:00	2026-05-01T13:39:52-04:00	false	Added trait tracking
96f01aa55f17c16489ad5d1d5d27d96ab1146cdb	1a3d215675c6cb52d0e902d066bc5bf9e8b82929	2026-05-01T13:53:30-04:00	2026-05-01T13:53:30-04:00	false	fmt
69b4c92dff872b7a8c1627b36a900b34eb917b10	96f01aa55f17c16489ad5d1d5d27d96ab1146cdb	2026-05-01T14:06:30-04:00	2026-05-01T14:06:30-04:00	false	Clippy lint fixes
9a06324e667f9948f5b32f742dc79367bdfa498b	69b4c92dff872b7a8c1627b36a900b34eb917b10	2026-05-01T14:11:37-04:00	2026-05-01T14:11:37-04:00	false	Fixed regression here
dd52cad0c40c2f220b1ac2694496d004f5ccdff9	9a06324e667f9948f5b32f742dc79367bdfa498b	2026-05-01T14:11:41-04:00	2026-05-01T14:11:41-04:00	false	Clippy fixes
8456ac7c6eb9be5c2c4e8bb7be2da00e435ad3bc	dd52cad0c40c2f220b1ac2694496d004f5ccdff9	2026-05-01T14:11:51-04:00	2026-05-01T14:11:52-04:00	false	Added new deps
c8eb3f963ba82c9ab50edec0ad30a722c62fb5f0	8456ac7c6eb9be5c2c4e8bb7be2da00e435ad3bc	2026-05-01T18:12:11-04:00	2026-05-01T18:20:48-04:00	false	Exposed all of the familiar endpoints
f09e1dfa097259d051993ba47b64fb78a6a5ebcf	c8eb3f963ba82c9ab50edec0ad30a722c62fb5f0	2026-05-01T21:50:00-04:00	2026-05-01T21:50:00-04:00	false	removed xilem
35da07f1e85d590c51249ebb045c4a65041fb55c	f09e1dfa097259d051993ba47b64fb78a6a5ebcf	2026-05-03T11:10:45-04:00	2026-05-03T11:10:45-04:00	false	man forget denvenv
cf7db63767ea3aa96526927da476f623f28dd0e9	35da07f1e85d590c51249ebb045c4a65041fb55c	2026-05-03T11:12:51-04:00	2026-05-03T11:12:51-04:00	false	removed rustfmt
87ae570a40ff2e9d838ec87b410edcf71712b0f6	cf7db63767ea3aa96526927da476f623f28dd0e9	2026-05-04T17:40:02-04:00	2026-05-04T17:40:02-04:00	false	Fix axum TerminusDB document uploads
d31d2c5d84e700b55258f3081be32485e8e98079	87ae570a40ff2e9d838ec87b410edcf71712b0f6	2026-05-04T17:55:17-04:00	2026-05-04T17:55:17-04:00	false	Emit fq_name for entry embeddings
501d01a7378dea605b453aa53b283d586edf21f6	d31d2c5d84e700b55258f3081be32485e8e98079	2026-05-04T22:11:03-04:00	2026-05-04T22:11:03-04:00	false	pipeline improvements
c18b4bcb0dcaea49a8242cfca0ba67d46c05a6fc	501d01a7378dea605b453aa53b283d586edf21f6	2026-05-04T22:11:09-04:00	2026-05-04T22:11:09-04:00	false	Fixes for papercuts
cec60855c55bd0c122b63df80a0b8980bf78646b	c18b4bcb0dcaea49a8242cfca0ba67d46c05a6fc	2026-05-04T22:11:14-04:00	2026-05-04T22:11:14-04:00	false	updates to cargo.lock
9cec66a60a33f59ea608e4cd9053581766644a99	cec60855c55bd0c122b63df80a0b8980bf78646b	2026-05-04T22:13:31-04:00	2026-05-04T22:13:31-04:00	false	into calls
31bde596fd7dbf9a2fef34df6abe2e4f84fda77e	9cec66a60a33f59ea608e4cd9053581766644a99	2026-05-04T22:16:16-04:00	2026-05-04T22:16:16-04:00	false	final fixes
e7430e904fcf22a52bc0abcf5ffed78b63d3db35	31bde596fd7dbf9a2fef34df6abe2e4f84fda77e	2026-05-05T11:22:19-04:00	2026-05-05T11:22:19-04:00	false	Improve Rust version resolution
8e131123e2cccebea711877f99616d875829c71c	e7430e904fcf22a52bc0abcf5ffed78b63d3db35	2026-05-05T11:47:10-04:00	2026-05-05T11:47:10-04:00	false	Persist package registry and harden repo caches
cc0ab47d6196756bde3beaf4475b0b95651bc8a0	8e131123e2cccebea711877f99616d875829c71c	2026-05-05T11:59:42-04:00	2026-05-05T11:59:42-04:00	false	Use stable repo cache paths for packages
64a0b03d5ee2fbdaf15afe3f9298d99e26a5425f	cc0ab47d6196756bde3beaf4475b0b95651bc8a0	2026-05-05T12:20:10-04:00	2026-05-05T12:20:10-04:00	false	Add registry persistence regressions
eb15aef144fa76371104ab9a66207cd7699dcfd7	64a0b03d5ee2fbdaf15afe3f9298d99e26a5425f	2026-05-05T12:27:02-04:00	2026-05-05T12:27:02-04:00	false	Fix TypeScript primitive generic constraints
255b2f1d4010c804b17dff51e5f9938e23a1b983	eb15aef144fa76371104ab9a66207cd7699dcfd7	2026-05-05T15:03:45-04:00	2026-05-05T15:03:45-04:00	false	Improve TypeScript declaration graph indexing
e5118d2d1c5eb3ede385a2dce067c9fe7d5292bf	255b2f1d4010c804b17dff51e5f9938e23a1b983	2026-05-05T15:15:41-04:00	2026-05-05T15:15:41-04:00	false	Chunk TerminusDB document uploads
4bffa25e6c840550bd8bc6fe298bd40a06bffc3b	e5118d2d1c5eb3ede385a2dce067c9fe7d5292bf	2026-05-05T15:51:20-04:00	2026-05-05T15:51:20-04:00	false	Make package ingestion asynchronous
bd867875e0a38d3c63e109e16dd35e3dda04a3bf	4bffa25e6c840550bd8bc6fe298bd40a06bffc3b	2026-05-05T16:02:10-04:00	2026-05-05T16:02:10-04:00	false	Fix async package sync progress updates
539d60ee19feb3ed2dc66abf567fd4f802ecba20	bd867875e0a38d3c63e109e16dd35e3dda04a3bf	2026-05-05T16:13:28-04:00	2026-05-05T16:13:28-04:00	false	Clear stale sync progress on restart
ece9d1dcf6dcbd307adb7c5e3786314b4d0d3fc8	539d60ee19feb3ed2dc66abf567fd4f802ecba20	2026-05-05T16:26:26-04:00	2026-05-05T16:26:26-04:00	false	Make package sync progress granular
63ae102731b89737394739a4253090e3c16d23c2	ece9d1dcf6dcbd307adb7c5e3786314b4d0d3fc8	2026-05-05T22:12:04-04:00	2026-05-05T22:12:04-04:00	false	Make add-package idempotent
0da4031712eb64dba3b17ee50c213ec5aeec5dce	63ae102731b89737394739a4253090e3c16d23c2	2026-05-05T22:28:18-04:00	2026-05-05T22:28:18-04:00	false	Harden TerminusDB document uploads
7e2ef7b82525993fe347bdb168eb003c83c58ef7	0da4031712eb64dba3b17ee50c213ec5aeec5dce	2026-05-05T23:00:47-04:00	2026-05-05T23:00:47-04:00	false	Surface exact IR generation errors
ba9bafac65f9b79d19387146e41d163f3f491b09	7e2ef7b82525993fe347bdb168eb003c83c58ef7	2026-05-06T09:55:44-04:00	2026-05-06T09:55:44-04:00	false	Harden concurrent package sync retries
ef017f37ba8362ab02fd5fc512662f2a16255ad2	ba9bafac65f9b79d19387146e41d163f3f491b09	2026-05-06T10:06:24-04:00	2026-05-06T10:06:24-04:00	false	Disambiguate cargo rustdoc package versions
c885d4b03f01c1f252a29d8282e1057000866931	ef017f37ba8362ab02fd5fc512662f2a16255ad2	2026-05-06T12:09:13-04:00	2026-05-06T12:09:13-04:00	false	Support direct Rust repository sources
139bcd519b2ddbd32f956685b54d9e8c53e75ec2	c885d4b03f01c1f252a29d8282e1057000866931	2026-05-06T13:44:00-04:00	2026-05-06T13:44:00-04:00	false	Handle nested monorepo crate versions
e6ebeb2b64c5459fe909d736e3c7fafed91077e2	139bcd519b2ddbd32f956685b54d9e8c53e75ec2	2026-05-06T13:56:30-04:00	2026-05-06T13:56:30-04:00	false	Fallback to git CLI for problematic fetches
7acf58ed21d12dcb36ca473f0f9d15c82a0aa261	e6ebeb2b64c5459fe909d736e3c7fafed91077e2	2026-05-06T14:17:21-04:00	2026-05-06T14:17:21-04:00	false	Share repository cache across monorepo packages
e9cfc032e95a528874857856a28e4ed89a1964ea	7acf58ed21d12dcb36ca473f0f9d15c82a0aa261	2026-05-06T14:47:44-04:00	2026-05-06T14:47:44-04:00	false	Document private Rust items
def21244f50e948e948d65ee7fd0a7042bff1332	e9cfc032e95a528874857856a28e4ed89a1964ea	2026-05-06T15:10:48-04:00	2026-05-06T15:10:48-04:00	false	Scope private Rust docs to direct repos
dfca5029d21d3faed04724e4e259e8678a3f52a1	def21244f50e948e948d65ee7fd0a7042bff1332	2026-05-06T16:00:32-04:00	2026-05-06T16:00:32-04:00	false	Accept canonical Rust symbol URIs
90dffdee79f799ff7344c8a16c53ca19f5b11af1	dfca5029d21d3faed04724e4e259e8678a3f52a1	2026-05-06T16:29:42-04:00	2026-05-06T16:29:42-04:00	false	Add structured symbol lookup
994d75a8331f9a3d3df470edf20a0c5ced856d35	90dffdee79f799ff7344c8a16c53ca19f5b11af1	2026-05-06T17:41:41-04:00	2026-05-06T17:41:41-04:00	false	Fix old TypeScript repo entry point fallback
712e27a99cda591939c401ecc05dadc59e780443	994d75a8331f9a3d3df470edf20a0c5ced856d35	2026-05-06T17:56:06-04:00	2026-05-06T17:56:06-04:00	false	Fix repo-backed TypeScript entry fallback
8216e6c24398d07a4bfc3af7a4e2c6a027459f81	712e27a99cda591939c401ecc05dadc59e780443	2026-05-06T17:56:39-04:00	2026-05-06T17:56:39-04:00	false	smarter
0c66f0620ee004aceaafc9c5c7af1d7a1dcbc21b	8216e6c24398d07a4bfc3af7a4e2c6a027459f81	2026-05-23T21:46:34-04:00	2026-05-23T21:46:39-04:00	false	ir treesitter integration
a01e85a03dc82ce187133c257bb4691474c524a1	0c66f0620ee004aceaafc9c5c7af1d7a1dcbc21b	2026-05-23T21:47:45-04:00	2026-05-23T21:47:45-04:00	false	shh unstable
2eb82ec045d7e95610fd11f774d4d222e069d0f0	a01e85a03dc82ce187133c257bb4691474c524a1	2026-06-10T00:08:30-04:00	2026-06-10T00:08:30-04:00	false	Add persistence tests, standalone Tantivy text search, and fix test fixtures
7e38adc812dc3a91fa1c9884b100fa0710bdceb6	2eb82ec045d7e95610fd11f774d4d222e069d0f0	2026-06-10T14:17:40-04:00	2026-06-10T14:17:40-04:00	false	update readme
436840d0b3c8e6e3ccc57cc40119ec8195ece774	7e38adc812dc3a91fa1c9884b100fa0710bdceb6	2026-06-10T14:21:21-04:00	2026-06-10T14:21:21-04:00	false	docs: rewrite README for compiler + occurrence crates system
65ddcc25ced03a421107e58283a3577a4f779b9a	436840d0b3c8e6e3ccc57cc40119ec8195ece774	2026-06-13T22:07:18-04:00	2026-06-13T22:07:18-04:00	false	feat(nudox-core): add SymbolQuery/SymbolMatch types and SymbolSearch/GlobalSymbolQuery traits
258da60ed461c54f7b12c56f70b19c55d336d63c	65ddcc25ced03a421107e58283a3577a4f779b9a	2026-06-13T22:18:41-04:00	2026-06-13T22:18:41-04:00	false	feat(nudox-search): implement SymbolSearcher with in-memory tests
37f5dd759447d93ade7d9854b1e0767546d0dc5e	258da60ed461c54f7b12c56f70b19c55d336d63c	2026-06-13T22:53:38-04:00	2026-06-13T22:53:38-04:00	false	test: add end-to-end symbol search integration tests + fix BlobInfo fixtures
645cfc322fe0b7324d374306726d0fae537d8b67	37f5dd759447d93ade7d9854b1e0767546d0dc5e	2026-06-14T15:57:01-04:00	2026-06-14T15:57:01-04:00	false	feat: wire POST /symbol-search into the compiler and add integration tests
5a2b64adad0bd27284c59b1f4c20dc180b647f81	645cfc322fe0b7324d374306726d0fae537d8b67	2026-06-14T16:24:34-04:00	2026-06-14T16:24:34-04:00	false	feat: switch blob store to ObjectStoreBlobStore for persistence
fdb57295976e3bf056e41a97a83797f23c429e93	5a2b64adad0bd27284c59b1f4c20dc180b647f81	2026-06-14T17:05:44-04:00	2026-06-14T17:05:44-04:00	false	docs: update README with /symbol-search endpoint and new on-disk layout
61d58f9b58b785416640e3379f37d7a73faa5a21	436840d0b3c8e6e3ccc57cc40119ec8195ece774 fdb57295976e3bf056e41a97a83797f23c429e93	2026-06-14T17:08:23-04:00	2026-06-14T17:08:23-04:00	false	feat: symbol search stack — /symbol-search endpoint + MCP search_by_implementation tool
dc5ca227d84483ce1d759f3f2465909932a4a399	61d58f9b58b785416640e3379f37d7a73faa5a21	2026-06-14T17:12:45-04:00	2026-06-14T17:12:45-04:00	false	style: apply rustfmt and hongdown formatting
2a57429695be81e00064311f3600ab13039a769d	dc5ca227d84483ce1d759f3f2465909932a4a399	2026-06-14T18:14:42-04:00	2026-06-14T18:14:42-04:00	false	feat(symbol-search): support kind-only and scope-only queries via list_all
ab235c8f945f9ad1a481027b87dd54c063c173bf	2a57429695be81e00064311f3600ab13039a769d	2026-06-14T18:37:13-04:00	2026-06-14T18:37:13-04:00	false	feat(ingest): populate treesitter_repr from raw Rust source via rustdoc JSON
c75c47f71d95f9ce030ad683265c95c382d135e9	ab235c8f945f9ad1a481027b87dd54c063c173bf	2026-06-14T18:39:47-04:00	2026-06-14T18:39:47-04:00	false	style: apply rustfmt formatting
042dbd39f6d43ee2301495415cb0d112be2435af	c75c47f71d95f9ce030ad683265c95c382d135e9	2026-06-23T21:21:47-04:00	2026-06-23T21:21:47-04:00	false	case insensitivity blah blah blah blahb lab
a94fdf03f541ab510aa71b4563604dacb925de55	042dbd39f6d43ee2301495415cb0d112be2435af	2026-06-25T22:34:29-04:00	2026-06-25T22:34:56-04:00	false	test fixes
0b4333f1d168778ea4638f47b23a0ba7750717ff	a94fdf03f541ab510aa71b4563604dacb925de55	2026-06-26T09:13:27-04:00	2026-06-26T09:13:27-04:00	false	cleanup
70df24c54e791b4b0d8e8d161cd827d1b4156c05	0b4333f1d168778ea4638f47b23a0ba7750717ff	2026-06-26T09:30:42-04:00	2026-06-26T09:30:42-04:00	false	more
593930df5326efeb330382a1b76bbbce10a86e53	70df24c54e791b4b0d8e8d161cd827d1b4156c05	2026-06-26T10:10:02-04:00	2026-06-26T10:10:02-04:00	false	better (kind of) errors
2e58fc9c5bec8b0943e223d517eb20b9f16dd471	593930df5326efeb330382a1b76bbbce10a86e53	2026-06-26T16:00:24-04:00	2026-06-26T16:00:24-04:00	false	parse once
2d9a11cda2af60d7fef055123ad0d5050d844452	2e58fc9c5bec8b0943e223d517eb20b9f16dd471	2026-06-26T16:16:24-04:00	2026-06-26T16:16:24-04:00	false	shared trait
abf5ce7d51ef5fe69a219f90b257220096e19fe9	2d9a11cda2af60d7fef055123ad0d5050d844452	2026-06-26T16:26:23-04:00	2026-06-26T16:26:23-04:00	false	simplifications
afbb29744cea22721032a41a3c21f3d63da82220	abf5ce7d51ef5fe69a219f90b257220096e19fe9	2026-06-26T16:53:39-04:00	2026-06-26T16:53:39-04:00	false	obvious dedup
1440989a4616b0bd0a655304d60ce71694a07bfd	afbb29744cea22721032a41a3c21f3d63da82220	2026-06-26T19:22:34-04:00	2026-06-26T19:23:17-04:00	false	large and expansive reorg of the error handling
989b36c37687b9f3551c1e53ce05ec983fc383b3	1440989a4616b0bd0a655304d60ce71694a07bfd	2026-06-26T19:23:28-04:00	2026-06-26T19:23:28-04:00	false	removed anyhow and eyre
1e00aed53291e746f942210295742aedafdba583	989b36c37687b9f3551c1e53ce05ec983fc383b3	2026-06-27T10:27:56-04:00	2026-06-27T10:27:56-04:00	false	perf
26ad0beafd1fb0b1b0438b2c1d2a989807b8f0f2	1e00aed53291e746f942210295742aedafdba583	2026-06-27T15:33:39-04:00	2026-06-27T15:33:39-04:00	false	deeper refactors
8d908da3b4e0ed4849a4463a9ec42779d75b8902	26ad0beafd1fb0b1b0438b2c1d2a989807b8f0f2	2026-06-27T16:02:18-04:00	2026-06-27T16:02:18-04:00	false	just simplifications due to trait under-util
a849f9934590190afeaeb39f2eff08c8a3d68cac	8d908da3b4e0ed4849a4463a9ec42779d75b8902	2026-06-27T16:06:53-04:00	2026-06-27T16:06:53-04:00	false	cleaner sync?
3e6e2412e5ee3fc410fc4154331b2bcdd79692f5	a849f9934590190afeaeb39f2eff08c8a3d68cac	2026-06-27T16:12:48-04:00	2026-06-27T16:12:48-04:00	false	deeper trait refactor
1be372439593f52c4d8297011e8d200783acfcec	3e6e2412e5ee3fc410fc4154331b2bcdd79692f5	2026-06-27T16:22:37-04:00	2026-06-27T16:22:37-04:00	false	simlified
08bec7670e687e0a3281c7f4f6be7d35b6a284cd	1be372439593f52c4d8297011e8d200783acfcec	2026-06-27T16:38:55-04:00	2026-06-27T16:38:55-04:00	false	transition
522d138594da077871ea972d2fd251ec68e32642	08bec7670e687e0a3281c7f4f6be7d35b6a284cd	2026-06-27T19:05:33-04:00	2026-06-27T19:05:33-04:00	false	migration
b1a44a775c0de72c75f59f501bacfb63f360d616	522d138594da077871ea972d2fd251ec68e32642	2026-06-27T19:58:53-04:00	2026-06-27T19:58:53-04:00	false	renames
954dc82c46d0eb0930cb91cdf961df3a917c7e08	b1a44a775c0de72c75f59f501bacfb63f360d616	2026-06-27T20:07:31-04:00	2026-06-27T20:07:31-04:00	false	moving ts around
fa2fd82002cfa859596bfe929d4d65589621015b	954dc82c46d0eb0930cb91cdf961df3a917c7e08	2026-06-27T21:17:29-04:00	2026-06-27T21:17:29-04:00	false	more huge refactors
bab94bdf5e38930801e55d8cc94521d31f1f3cdb	fa2fd82002cfa859596bfe929d4d65589621015b	2026-06-27T21:40:26-04:00	2026-06-27T21:48:47-04:00	false	further further refactors
2b8216f24a255812d228208ebebdd5505caefae9	bab94bdf5e38930801e55d8cc94521d31f1f3cdb	2026-06-27T21:50:56-04:00	2026-06-27T21:50:56-04:00	false	cargo clippy
bf8af332f43346a2515486d7d000b3fba8ff98f1	2b8216f24a255812d228208ebebdd5505caefae9	2026-06-27T22:24:36-04:00	2026-06-27T22:24:36-04:00	false	really fun and readability improvements in parser
5efc922574ba5629f516479c692ddc99071bf89f	bf8af332f43346a2515486d7d000b3fba8ff98f1	2026-06-27T22:35:37-04:00	2026-06-27T22:35:37-04:00	false	further dedup
188d10a7e72718f3c2557c52ac71099962eb7a91	5efc922574ba5629f516479c692ddc99071bf89f	2026-06-27T23:22:48-04:00	2026-06-27T23:22:48-04:00	false	serious work on cleanup
81d7e4a95adee511c0af0c20b854a41902a89f37	188d10a7e72718f3c2557c52ac71099962eb7a91	2026-06-28T10:11:45-04:00	2026-06-28T10:11:45-04:00	false	perf(phases 0-1): allocator, FxHash, shared clients, ArcSwap registry, dashmap sessions
123b6169c9559123529e3442068eb49bca365b7d	81d7e4a95adee511c0af0c20b854a41902a89f37	2026-06-28T10:20:18-04:00	2026-06-28T10:20:18-04:00	false	perf(phase 2): batched trait seams (*_many)
643e5d4ce47e24af3ca963b96b1ac55cbafc6676	123b6169c9559123529e3442068eb49bca365b7d	2026-06-28T10:23:01-04:00	2026-06-28T10:23:01-04:00	false	perf(phase 1): Arc<str> source-text spine + CQRS read/write state split
c616413c3b72dfb4efe0c4b4047096b38258a011	643e5d4ce47e24af3ca963b96b1ac55cbafc6676	2026-06-28T10:24:51-04:00	2026-06-28T10:24:51-04:00	false	fix(core): enable serde rc feature for Arc<str> SourceChunk.raw_code
a0371216769c1571d9d6f5620c81b18b8b39a862	c616413c3b72dfb4efe0c4b4047096b38258a011	2026-06-28T10:27:05-04:00	2026-06-28T10:27:05-04:00	false	perf(phase 3): symbol search score-then-fetch with early stop
e2c5bd3696169de1a4b582604fbb9deb24f825fe	a0371216769c1571d9d6f5620c81b18b8b39a862	2026-06-28T10:30:17-04:00	2026-06-28T10:30:17-04:00	false	perf(phase 3): Qdrant single collection for the legacy search stack
e487b7e09c2e423c55bc85e3a778f7f70ecb6234	e2c5bd3696169de1a4b582604fbb9deb24f825fe	2026-06-28T10:32:10-04:00	2026-06-28T10:32:10-04:00	false	chore: gitignore agent worktrees
793a62abe61e5865870690406906c01b137ecda5	e487b7e09c2e423c55bc85e3a778f7f70ecb6234	2026-06-28T10:44:25-04:00	2026-06-28T10:44:25-04:00	false	perf(phases 4-7): stage shared deps (rayon/futures/simd-json/memmap2/wide/im/triomphe/smol_str)
14aaa5df4bb294d24840b7e0331aa7fe8993da5c	793a62abe61e5865870690406906c01b137ecda5	2026-06-28T10:45:58-04:00	2026-06-28T10:45:58-04:00	false	perf(phase 3): content-addressed binary blobs + write-once resolution sidecar
9d7cdebacb11d29262fd501d124beea398a3fa21	14aaa5df4bb294d24840b7e0331aa7fe8993da5c	2026-06-28T11:25:48-04:00	2026-06-28T11:25:48-04:00	false	wip(schema-v3): migrate resolved_global_id -> ResolutionState across call sites
b8252dfe0138a9054f8a83fc0ef517b99a018747	14aaa5df4bb294d24840b7e0331aa7fe8993da5c	2026-06-28T11:06:57-04:00	2026-06-28T11:06:57-04:00	false	perf(phase 5): IR-gen parallelism — concurrent subprocess fan-out + simd-json/mmap
7abb673e9cb76188883216bcfe8c372ab612d525	b8252dfe0138a9054f8a83fc0ef517b99a018747	2026-06-28T11:07:56-04:00	2026-06-28T11:10:27-04:00	false	perf(phase 4/5): write pipeline — parallel projection, concurrent sinks, streaming embedding upserts, borrow-not-clone emit
a410f9a07fe4aa067b7f79ee9a6818d31b44dfb6	7abb673e9cb76188883216bcfe8c372ab612d525	2026-06-28T11:13:39-04:00	2026-06-28T11:13:39-04:00	false	perf(phase 4/5/7): search subsystem — tantivy writer actor, SIMD scoring, im session graph
9071fc0aba1aee96383416ed2e2ade4b20d37345	9d7cdebacb11d29262fd501d124beea398a3fa21 a410f9a07fe4aa067b7f79ee9a6818d31b44dfb6	2026-06-28T11:28:36-04:00	2026-06-28T11:28:36-04:00	false	Merge perf/phases-4-7-integration into perf/phases-0-3
f8acf02118822f22f2444224c99544b78b0ed5f8	9071fc0aba1aee96383416ed2e2ade4b20d37345	2026-06-28T13:44:04-04:00	2026-06-28T13:44:04-04:00	false	refactor(types): typed DocumentUri + EmitError, ByteSpan invariants, identity KindPrefix
51e8ef20e4fc29f238b058b2f8b402b002f915e7	9071fc0aba1aee96383416ed2e2ade4b20d37345	2026-06-28T11:50:02-04:00	2026-06-28T11:50:02-04:00	false	perf(phase 4 / §10.4): streaming Terminus emit — bounded materialization
3241dc07c79a23ccaaea3806a81eda139d488ae0	f8acf02118822f22f2444224c99544b78b0ed5f8 51e8ef20e4fc29f238b058b2f8b402b002f915e7	2026-06-28T13:52:36-04:00	2026-06-28T13:52:36-04:00	false	Merge perf/terminus-streaming: streaming Terminus emit + typed DocumentUri/EmitError
0ec8560374a4d3077b424dae56b1ce865e028c22	3241dc07c79a23ccaaea3806a81eda139d488ae0	2026-06-28T14:23:55-04:00	2026-06-28T14:23:55-04:00	false	compiler removal idk
b76eb6542d11f300be89e7fd4273308067d044e6	0ec8560374a4d3077b424dae56b1ce865e028c22	2026-06-28T15:15:54-04:00	2026-06-28T15:15:54-04:00	false	another another refactor
e516d9d53550f2eaa7bcad474cc16bf29d71529e	b76eb6542d11f300be89e7fd4273308067d044e6	2026-06-29T12:47:35-04:00	2026-06-29T12:47:35-04:00	false	live document of traits we're going to use
fb9ccd88d540b2c16926040202b6bcfa3ba20d27	e516d9d53550f2eaa7bcad474cc16bf29d71529e	2026-06-29T12:55:18-04:00	2026-06-29T12:55:18-04:00	false	stronger trait for sink
aff56acb564c2006cb696f2ee7a454497843882e	fb9ccd88d540b2c16926040202b6bcfa3ba20d27	2026-06-29T13:02:03-04:00	2026-06-29T13:02:03-04:00	false	docs
3fae6eab41363100ff77638eb990dd86861837f6	aff56acb564c2006cb696f2ee7a454497843882e	2026-06-29T13:13:08-04:00	2026-06-29T13:13:08-04:00	false	added a registry trait
f192d11aea6e250fccf3325c34bd16a828a7f203	3fae6eab41363100ff77638eb990dd86861837f6	2026-06-29T13:23:19-04:00	2026-06-29T13:23:19-04:00	false	fleshing out the hit type
7bb142bac19b5925c8b30dac827b14b6b1d7bc55	f192d11aea6e250fccf3325c34bd16a828a7f203	2026-06-29T13:23:25-04:00	2026-06-29T13:23:25-04:00	false	supertyping registry
39ca0d2b8a29329f8a2110c3a9838168c53de84b	7bb142bac19b5925c8b30dac827b14b6b1d7bc55	2026-06-29T13:39:45-04:00	2026-06-29T13:39:45-04:00	false	think I'm going to discard blob store as it's really just a lower-level variant of registry
1a244cd4f5ef778ca4f1e0f3c3107eab47c044a2	39ca0d2b8a29329f8a2110c3a9838168c53de84b	2026-06-29T14:19:02-04:00	2026-06-29T14:19:02-04:00	false	fleshed out write registry
31909ca8b41b6213425384cb53b979c88136c864	1a244cd4f5ef778ca4f1e0f3c3107eab47c044a2	2026-06-29T14:30:45-04:00	2026-06-29T14:30:45-04:00	false	added a blob structure
1d34d2286bfa6359bac51abae8945285c51c9f9a	31909ca8b41b6213425384cb53b979c88136c864	2026-06-29T14:33:17-04:00	2026-06-29T14:33:17-04:00	false	added a version generic type
aefaaf1d8a338dca562aad707eb7cbea8daf9c35	1d34d2286bfa6359bac51abae8945285c51c9f9a	2026-06-29T14:39:43-04:00	2026-06-29T14:39:43-04:00	false	added a historical trait
778e158b25077371a0d20691e23ee092872735df	aefaaf1d8a338dca562aad707eb7cbea8daf9c35	2026-06-29T15:11:06-04:00	2026-06-29T15:11:06-04:00	false	a good amount of cleanup on the types
e4adc7e28585375448889ebc5229f1d71124f83a	778e158b25077371a0d20691e23ee092872735df	2026-06-29T15:53:24-04:00	2026-06-29T15:53:24-04:00	false	Setup workspace kinda
3ecbc3bef90b072546d28feb1c744431e7cb210f	e4adc7e28585375448889ebc5229f1d71124f83a	2026-06-29T17:51:50-04:00	2026-06-29T17:51:50-04:00	false	added documentation
dd347aae7bdb876a6fac977fd83e5fae2713f6e5	3ecbc3bef90b072546d28feb1c744431e7cb210f	2026-06-29T18:36:33-04:00	2026-06-29T18:36:33-04:00	false	scaffolding
aefe7fb6c4692893c40be8c5d61863693ab06482	dd347aae7bdb876a6fac977fd83e5fae2713f6e5	2026-06-29T18:57:45-04:00	2026-06-29T18:57:45-04:00	false	full scaffolding and placing
7c9306b2738901483dce32ccb42bd7277d8ecd62	aefe7fb6c4692893c40be8c5d61863693ab06482	2026-06-29T19:39:56-04:00	2026-06-29T19:39:56-04:00	false	fully fleshed out the tests
3ee3a2bf3cced203eccbf72d5501d9f12627e3b8	7c9306b2738901483dce32ccb42bd7277d8ecd62	2026-06-29T20:50:57-04:00	2026-06-29T20:50:57-04:00	false	add new dependencies
397b511c47097a4eed3f4ac9b7b8edb5b0cb05ff	3ee3a2bf3cced203eccbf72d5501d9f12627e3b8	2026-06-29T20:53:27-04:00	2026-06-29T20:53:27-04:00	false	Made the general server construction much easier to reason about and construct
62471065b3c3630e001e2ddeed2862de723c2c22	397b511c47097a4eed3f4ac9b7b8edb5b0cb05ff	2026-06-29T20:53:44-04:00	2026-06-29T20:53:44-04:00	false	full scaffolding for the server
010d7cefdf20d940105cda53c8b2957f2047191b	62471065b3c3630e001e2ddeed2862de723c2c22	2026-06-29T20:53:49-04:00	2026-06-29T20:53:49-04:00	false	tests to pass for the server
4879e97e0bfec4256259498c38d01fe29b23764c	010d7cefdf20d940105cda53c8b2957f2047191b	2026-06-29T20:54:23-04:00	2026-06-29T20:54:23-04:00	false	full scaffolding for the compiler
0c7a204aa84bff230215839e03c5239f0ccd72d7	4879e97e0bfec4256259498c38d01fe29b23764c	2026-06-29T20:56:51-04:00	2026-06-29T20:56:51-04:00	false	made language must more robust
a825d5f7f75ef250d6936f47b50b4b423088838a	0c7a204aa84bff230215839e03c5239f0ccd72d7	2026-06-29T20:58:17-04:00	2026-06-29T20:58:17-04:00	false	some changes for solidity with blob
0a2fbaa475032ae6ee9bc12348891008140abde1	a825d5f7f75ef250d6936f47b50b4b423088838a	2026-06-29T21:01:49-04:00	2026-06-29T21:01:49-04:00	false	added capilities for graph for liveness and more
d9924201fbc2b6c6b8e2aa7521aa050f4861288e	0a2fbaa475032ae6ee9bc12348891008140abde1	2026-06-29T21:05:00-04:00	2026-06-29T21:05:00-04:00	false	pretty radically-advanced improvements to vector store typing
2fe7ad9e1c5462288956b77c6190e5a6ea0ad069	d9924201fbc2b6c6b8e2aa7521aa050f4861288e	2026-06-29T21:05:10-04:00	2026-06-29T21:05:10-04:00	false	scaffolding for the text store
19cbb93fa4c265efb0da33ac8dda9b9b8db2eea8	2fe7ad9e1c5462288956b77c6190e5a6ea0ad069	2026-06-29T21:05:25-04:00	2026-06-29T21:05:25-04:00	false	general scaffolding
8e3cd5daf68b49aa4c82461230cb6087340a4397	19cbb93fa4c265efb0da33ac8dda9b9b8db2eea8	2026-06-29T21:05:32-04:00	2026-06-29T21:05:32-04:00	false	registry tests
b687cc378590534f92e354b2cbc57d2d2e07ae05	8e3cd5daf68b49aa4c82461230cb6087340a4397	2026-06-29T21:07:07-04:00	2026-06-29T21:07:07-04:00	false	smart hash system
1f75780b298188f7682920a3dfa1e73cc74ed9b0	b687cc378590534f92e354b2cbc57d2d2e07ae05	2026-06-29T21:10:12-04:00	2026-06-29T21:10:12-04:00	false	really really absurd catalog structures
07c743327fde94fb8dd8cbaeb26933a0b691e383	1f75780b298188f7682920a3dfa1e73cc74ed9b0	2026-06-29T21:10:55-04:00	2026-06-29T21:10:55-04:00	false	full store typing
a12d46e0b7f217d6704efc226989de90a31b423d	07c743327fde94fb8dd8cbaeb26933a0b691e383	2026-06-29T21:11:04-04:00	2026-06-29T21:11:04-04:00	false	heart tests
eaad12ff4bab1582cf5a8ef2f134a3fb673675f5	a12d46e0b7f217d6704efc226989de90a31b423d	2026-06-29T21:11:18-04:00	2026-06-29T21:11:18-04:00	false	the rest of scaffolding
c710e36139e4b1d35f3efdec072c70290c290ea2	eaad12ff4bab1582cf5a8ef2f134a3fb673675f5	2026-06-29T21:40:52-04:00	2026-06-29T21:40:52-04:00	false	learnings
6bb8fa35a098347fcc6af6dae57979b9a4e02a92	c710e36139e4b1d35f3efdec072c70290c290ea2	2026-06-29T21:46:57-04:00	2026-06-29T21:46:57-04:00	false	got registry on the new typestate pattern
8f90d72e57b5bf97e66eb2c4a8663f63a410ba74	6bb8fa35a098347fcc6af6dae57979b9a4e02a92	2026-06-29T21:55:03-04:00	2026-06-29T21:55:03-04:00	false	expanded the progress trait
443b578dd4744c181bba8e2cb834e5c8ba552dd4	8f90d72e57b5bf97e66eb2c4a8663f63a410ba74	2026-06-29T21:55:09-04:00	2026-06-29T21:55:09-04:00	false	fancy edits
8ab264253c9f846e931bdf700d81f7b510cd681e	443b578dd4744c181bba8e2cb834e5c8ba552dd4	2026-06-29T23:13:29-04:00	2026-06-29T23:13:29-04:00	false	updated schema
8c7fbf088fc37280fbc3e4ba6dc47dbca9f4b950	8ab264253c9f846e931bdf700d81f7b510cd681e	2026-06-29T23:14:45-04:00	2026-06-29T23:14:45-04:00	false	schema crate
1a03bf44f534749ab29fbd8eba2b613cc6c454bd	8c7fbf088fc37280fbc3e4ba6dc47dbca9f4b950	2026-06-30T09:47:15-04:00	2026-06-30T09:47:15-04:00	false	removed schema
ee1aafa6720820ccb633301196ab20974893e284	1a03bf44f534749ab29fbd8eba2b613cc6c454bd	2026-06-30T10:17:10-04:00	2026-06-30T10:17:10-04:00	false	migrated off of linkml
4fc827835e5cf1001561e504a88deefa975f7d88	ee1aafa6720820ccb633301196ab20974893e284	2026-06-30T10:17:29-04:00	2026-06-30T10:17:29-04:00	false	vendored terminusdb-schema
07931a674e8ffd2cfa8721a9ac1575396386f282	4fc827835e5cf1001561e504a88deefa975f7d88	2026-06-30T13:48:44-04:00	2026-06-30T13:48:44-04:00	false	python scaffolding
485068d351cccc460912eaba32fa9f52ca7fa84c	07931a674e8ffd2cfa8721a9ac1575396386f282	2026-06-30T14:35:14-04:00	2026-06-30T14:35:14-04:00	false	preliminary python ir conversion
87e14784a29e818e383f598c40c1026f2ba1967c	485068d351cccc460912eaba32fa9f52ca7fa84c	2026-06-30T14:44:08-04:00	2026-06-30T14:44:08-04:00	false	moved some crates into server
4383fae720f3ef9559b7ba2d4b8595e0b04a3d85	87e14784a29e818e383f598c40c1026f2ba1967c	2026-06-30T15:29:19-04:00	2026-06-30T15:29:19-04:00	false	much expanded python ir work
27ae736ef79050ffcaac24c82268f0814a93bb2d	4383fae720f3ef9559b7ba2d4b8595e0b04a3d85	2026-06-30T16:00:37-04:00	2026-06-30T16:00:37-04:00	false	approaching complete python integration
b51709e07069c5ec718209506179f0f03cdb4a50	27ae736ef79050ffcaac24c82268f0814a93bb2d	2026-06-30T16:00:42-04:00	2026-06-30T16:00:42-04:00	false	python testsuite kind of
6368ed9a0daa8aaa398b7172f0012a039af4515a	b51709e07069c5ec718209506179f0f03cdb4a50	2026-06-30T16:56:34-04:00	2026-06-30T16:56:34-04:00	false	moved registry types to heart
ea9a0c70dcbc943353eaf4d7561e775bb18a4591	6368ed9a0daa8aaa398b7172f0012a039af4515a	2026-07-01T22:04:55-04:00	2026-07-01T22:04:55-04:00	false	update flake inputs
0254979ff08242f1d5571688034daa095dec67ea	ea9a0c70dcbc943353eaf4d7561e775bb18a4591	2026-07-01T22:05:07-04:00	2026-07-01T22:05:07-04:00	false	add tempfile dep to producers
c06a4ed75db1dfc013d38f70f6e91038ade5a26d	0254979ff08242f1d5571688034daa095dec67ea	2026-07-01T22:05:08-04:00	2026-07-01T22:05:08-04:00	false	refactor typescript npm package parsing
cef97f9468a5f5027be85a0efe3d2bb310c11b48	c06a4ed75db1dfc013d38f70f6e91038ade5a26d	2026-07-01T22:05:11-04:00	2026-07-01T22:05:11-04:00	false	expand workspace dependencies
ace2df2773c3496d50a25332539d33650fc1232f	cef97f9468a5f5027be85a0efe3d2bb310c11b48	2026-07-01T22:05:11-04:00	2026-07-01T22:05:11-04:00	false	add serde and foundational deps to heart
f697511b0ea71b9d786adeec7267bfe1e2faa46b	ace2df2773c3496d50a25332539d33650fc1232f	2026-07-01T22:05:14-04:00	2026-07-01T22:05:14-04:00	false	enhance Id<T> with complete api
f55b389e4b7cd4c92a7a96d27ce3757017a35214	f697511b0ea71b9d786adeec7267bfe1e2faa46b	2026-07-01T22:05:15-04:00	2026-07-01T22:05:15-04:00	false	implement access control types
19aeafe69aa49ab365085bf81d7ef96f800c2256	f55b389e4b7cd4c92a7a96d27ce3757017a35214	2026-07-01T22:05:19-04:00	2026-07-01T22:05:19-04:00	false	add federation module
6fb90ac4b9221d6d246fee975a9fb374b8e4b907	19aeafe69aa49ab365085bf81d7ef96f800c2256	2026-07-01T22:05:19-04:00	2026-07-01T22:05:19-04:00	false	add Connect trait to connection
166b37c24f8aafa1eecd4f64e0599e5ed88b96b4	6fb90ac4b9221d6d246fee975a9fb374b8e4b907	2026-07-01T22:05:22-04:00	2026-07-01T22:05:22-04:00	false	add error scaffolding to heart
911e68e132cb5bad1d9c57d20be227a08e5e2ae4	166b37c24f8aafa1eecd4f64e0599e5ed88b96b4	2026-07-01T22:05:23-04:00	2026-07-01T22:05:23-04:00	false	add content module
729bb8277c4a26e69cad32fa1f24f99a87d7cef3	911e68e132cb5bad1d9c57d20be227a08e5e2ae4	2026-07-01T22:05:26-04:00	2026-07-01T22:05:26-04:00	false	add cursor module
68848e7ce9fdeba9cf3f9fa9c0dbee50fb56750d	729bb8277c4a26e69cad32fa1f24f99a87d7cef3	2026-07-01T22:05:27-04:00	2026-07-01T22:05:27-04:00	false	add ecosystem module
1d107a1fb8eaed817554eaa877155af1d97bb161	68848e7ce9fdeba9cf3f9fa9c0dbee50fb56750d	2026-07-01T22:05:31-04:00	2026-07-01T22:05:31-04:00	false	add lifecycle module
19ddbe9b1a0657f0cca9ab90ba8c2c5a18361898	1d107a1fb8eaed817554eaa877155af1d97bb161	2026-07-01T22:05:32-04:00	2026-07-01T22:05:32-04:00	false	add package module
f1b804d8b67d5320796089af210f333285454ae6	19ddbe9b1a0657f0cca9ab90ba8c2c5a18361898	2026-07-01T22:05:35-04:00	2026-07-01T22:05:35-04:00	false	add scored module
cc64417deb8b8b3432622ae131f45c61970e2909	f1b804d8b67d5320796089af210f333285454ae6	2026-07-01T22:05:35-04:00	2026-07-01T22:05:35-04:00	false	add symbol module
d5f178f23e7411273e0a7850bd12477668dbab08	cc64417deb8b8b3432622ae131f45c61970e2909	2026-07-01T22:05:40-04:00	2026-07-01T22:05:40-04:00	false	rewrite progress with Percent and JobProgress
c01975f0a6d566d8e3f22818e06e806bbb44b79d	d5f178f23e7411273e0a7850bd12477668dbab08	2026-07-01T22:05:40-04:00	2026-07-01T22:05:40-04:00	false	rewrite sink with DerivedStore and Retryable
5edb0322a82eb05cc54a39205287f0a99dfcb683	c01975f0a6d566d8e3f22818e06e806bbb44b79d	2026-07-01T22:05:46-04:00	2026-07-01T22:05:46-04:00	false	add Serialize/Deserialize to ModelId and Score
0e9b0690784b9a40e3ae58f821d80b68d9477d89	5edb0322a82eb05cc54a39205287f0a99dfcb683	2026-07-01T22:05:46-04:00	2026-07-01T22:05:46-04:00	false	rewrite version with PackageVersion support
d509912c5e681ac62aa38d494d8ada8b823f2580	0e9b0690784b9a40e3ae58f821d80b68d9477d89	2026-07-01T22:05:51-04:00	2026-07-01T22:05:51-04:00	false	delete hit, language, and registry modules
53ebd91c82d9d59f600351ff0e4bc44013b16c99	d509912c5e681ac62aa38d494d8ada8b823f2580	2026-07-01T22:05:51-04:00	2026-07-01T22:05:51-04:00	false	update heart lib exports
7eb505ab95e1db7481856bd753500ab8f54fa3ac	53ebd91c82d9d59f600351ff0e4bc44013b16c99	2026-07-01T22:05:55-04:00	2026-07-01T22:05:55-04:00	false	update heart tests
ef7a11597b0065024870bcf14f73466f52284818	7eb505ab95e1db7481856bd753500ab8f54fa3ac	2026-07-01T22:05:55-04:00	2026-07-01T22:05:55-04:00	false	expand registry dependencies
dae6e8a1230e8fcd15c651be48dd223346036f98	ef7a11597b0065024870bcf14f73466f52284818	2026-07-01T22:06:00-04:00	2026-07-01T22:06:00-04:00	false	rewrite blob module
ad681ebbdd093164c828647529aa737ef6186eea	dae6e8a1230e8fcd15c651be48dd223346036f98	2026-07-01T22:06:01-04:00	2026-07-01T22:06:01-04:00	false	rename cordination to coordination
49ea869b921798912e49ff63738f0fa4db9c71bc	ad681ebbdd093164c828647529aa737ef6186eea	2026-07-01T22:06:05-04:00	2026-07-01T22:06:05-04:00	false	add registry ingest module
6103c53cdf8c73528de37ba9f389cb9be3ee605c	49ea869b921798912e49ff63738f0fa4db9c71bc	2026-07-01T22:06:05-04:00	2026-07-01T22:06:05-04:00	false	add registry queue module
1ba523df3e02f5fda05b5949e3f90558937b74d0	6103c53cdf8c73528de37ba9f389cb9be3ee605c	2026-07-01T22:06:07-04:00	2026-07-01T22:06:07-04:00	false	add registry schema module
588a7a89d9193c480c7fea4467f9f94706df37aa	1ba523df3e02f5fda05b5949e3f90558937b74d0	2026-07-01T22:06:08-04:00	2026-07-01T22:06:08-04:00	false	add registry error module
32d048c3d5b1355d3b47f981c5c13961d5852467	588a7a89d9193c480c7fea4467f9f94706df37aa	2026-07-01T22:06:11-04:00	2026-07-01T22:06:11-04:00	false	update catalog to use Ecosystem
15db24bbeae8780d77225932503f2a7ac1ee93ea	32d048c3d5b1355d3b47f981c5c13961d5852467	2026-07-01T22:06:12-04:00	2026-07-01T22:06:12-04:00	false	update registry identity and metadata
cd071ced2bd5287b02e17471506fe8161bbf74d5	15db24bbeae8780d77225932503f2a7ac1ee93ea	2026-07-01T22:06:17-04:00	2026-07-01T22:06:17-04:00	false	update registry store
e457738f3b2c35dbaf791a73ef289b8d5c03ea86	cd071ced2bd5287b02e17471506fe8161bbf74d5	2026-07-01T22:06:17-04:00	2026-07-01T22:06:17-04:00	false	update registry persist and resolve
44aa0714e5c700b3f26d1bf2a7d701347c9b32dc	e457738f3b2c35dbaf791a73ef289b8d5c03ea86	2026-07-01T22:06:21-04:00	2026-07-01T22:06:21-04:00	false	update registry global index
f08edddc7387d01e6b8e1a969857ade897029ae8	44aa0714e5c700b3f26d1bf2a7d701347c9b32dc	2026-07-01T22:06:22-04:00	2026-07-01T22:06:22-04:00	false	update registry search
8e83e54a2abbf641bc91b0aad74c7e4cd359a694	f08edddc7387d01e6b8e1a969857ade897029ae8	2026-07-01T22:06:26-04:00	2026-07-01T22:06:26-04:00	false	update registry health module
6dbf7f271b7dfcf2d640404f38ee71171f01c8de	8e83e54a2abbf641bc91b0aad74c7e4cd359a694	2026-07-01T22:06:26-04:00	2026-07-01T22:06:26-04:00	false	update registry lib
c4873f0633fc241bf477457fad3bfb6975ebc337	6dbf7f271b7dfcf2d640404f38ee71171f01c8de	2026-07-01T22:06:30-04:00	2026-07-01T22:06:30-04:00	false	expand runtime dependencies
b2ba1c5bfca4548683dc914516705b8ca667f4b9	c4873f0633fc241bf477457fad3bfb6975ebc337	2026-07-01T22:06:31-04:00	2026-07-01T22:06:31-04:00	false	add runtime error module
ef8942a057b4b59bc8e0ffdd53926f5279a3c46d	b2ba1c5bfca4548683dc914516705b8ca667f4b9	2026-07-01T22:06:34-04:00	2026-07-01T22:06:34-04:00	false	rewrite runtime graph module
42693a1ebb6e6351375a27b1576b3d4672d2eda4	ef8942a057b4b59bc8e0ffdd53926f5279a3c46d	2026-07-01T22:06:35-04:00	2026-07-01T22:06:35-04:00	false	update runtime text module
898412b552c25432bdd8ef374739005c3d8cb67b	42693a1ebb6e6351375a27b1576b3d4672d2eda4	2026-07-01T22:06:38-04:00	2026-07-01T22:06:38-04:00	false	update runtime vector module
953c7adc9ebf4c2001e320e3c272a97d3d8fdecf	898412b552c25432bdd8ef374739005c3d8cb67b	2026-07-01T22:06:39-04:00	2026-07-01T22:06:39-04:00	false	update runtime session
a505d675f046f84941086391ddc5c17b5a11709f	953c7adc9ebf4c2001e320e3c272a97d3d8fdecf	2026-07-01T22:06:44-04:00	2026-07-01T22:06:44-04:00	false	update runtime lib
7c59c6aefbd5b337ceb26f8cbc948b0803529991	a505d675f046f84941086391ddc5c17b5a11709f	2026-07-01T22:06:44-04:00	2026-07-01T22:06:44-04:00	false	update runtime tests
f9e94d2a0ad7a0f78becb762225affe0bd887326	7c59c6aefbd5b337ceb26f8cbc948b0803529991	2026-07-01T22:06:49-04:00	2026-07-01T22:06:49-04:00	false	expand compiler dependencies
de9b13a5b56c433332fd35d4cf45229026837b53	f9e94d2a0ad7a0f78becb762225affe0bd887326	2026-07-01T22:06:49-04:00	2026-07-01T22:06:49-04:00	false	add compiler error module
5d1d560c8451e210b7901eb172e55e8ae0b651b4	de9b13a5b56c433332fd35d4cf45229026837b53	2026-07-01T22:06:53-04:00	2026-07-01T22:06:53-04:00	false	rewrite compiler generate modules
f5c3c68ad44f286f2bb4f89cf771494788226f20	5d1d560c8451e210b7901eb172e55e8ae0b651b4	2026-07-01T22:06:54-04:00	2026-07-01T22:06:54-04:00	false	expand server dependencies
960f5f45b185c7bd6aac23025977558c965ab5d9	f5c3c68ad44f286f2bb4f89cf771494788226f20	2026-07-01T22:06:58-04:00	2026-07-01T22:06:58-04:00	false	add server config module
3e6b0ba6e52978edf254889cc0af22800b520674	960f5f45b185c7bd6aac23025977558c965ab5d9	2026-07-01T22:06:58-04:00	2026-07-01T22:06:58-04:00	false	add server error module
0ce07b12db4555605825e0152600a5c91f49d439	3e6b0ba6e52978edf254889cc0af22800b520674	2026-07-01T22:07:02-04:00	2026-07-01T22:07:02-04:00	false	rewrite server struct and federation assembly
a6cc535f7583e636e4d619cf376c688c829bbba9	0ce07b12db4555605825e0152600a5c91f49d439	2026-07-01T22:07:03-04:00	2026-07-01T22:07:03-04:00	false	update server main
2e0bebfab5b958982dfa8d8220af58acf0771c1a	a6cc535f7583e636e4d619cf376c688c829bbba9	2026-07-01T22:07:05-04:00	2026-07-01T22:07:05-04:00	false	rewrite server coordination
4ebc514d527abc89ef8351987908d3d41cadd1f2	2e0bebfab5b958982dfa8d8220af58acf0771c1a	2026-07-01T22:07:06-04:00	2026-07-01T22:07:06-04:00	false	update server http layer
e6d59b46b62cec049960c01338b4f8d966c95255	4ebc514d527abc89ef8351987908d3d41cadd1f2	2026-07-01T22:07:10-04:00	2026-07-01T22:07:10-04:00	false	update server search modules
d907d4223107ede2845c5fe63903ace66c02b2cc	e6d59b46b62cec049960c01338b4f8d966c95255	2026-07-01T22:07:10-04:00	2026-07-01T22:07:10-04:00	false	update server reproducibility
d4cf89b14eee3216d4fea7cdd5c0a56c74f95e37	d907d4223107ede2845c5fe63903ace66c02b2cc	2026-07-01T22:07:13-04:00	2026-07-01T22:07:13-04:00	false	delete server queue module
fc5af26384cefd7dec8f66f50851a4434603942f	d4cf89b14eee3216d4fea7cdd5c0a56c74f95e37	2026-07-01T22:07:13-04:00	2026-07-01T22:07:13-04:00	false	update workspace lockfile
c0040090883aa67c497350f7c8ecc1cfb4a62d2d	fc5af26384cefd7dec8f66f50851a4434603942f	2026-07-02T21:44:44-04:00	2026-07-02T21:44:44-04:00	false	further refactoring
3e5f01731356b611b558bfbbd88527fe3f74af4b	c0040090883aa67c497350f7c8ecc1cfb4a62d2d	2026-07-02T22:43:02-04:00	2026-07-02T22:43:02-04:00	false	moves
07e657e84e69d9882d4283f5121e46ffcc19c317	3e5f01731356b611b558bfbbd88527fe3f74af4b	2026-07-03T21:57:08-04:00	2026-07-04T09:50:19-04:00	false	removed due to new buck compilation
b44576cee8a6f906b0cdfd6b1d274c493f15acc3	07e657e84e69d9882d4283f5121e46ffcc19c317	2026-07-05T10:06:08-04:00	2026-07-05T10:06:08-04:00	false	hi
e41deb7291385de9e1382ff0ae1d2948449139e9	b44576cee8a6f906b0cdfd6b1d274c493f15acc3	2026-07-05T22:46:37-04:00	2026-07-05T22:46:37-04:00	false	new
47c0e866063095640119afe6aef064be2f6785b7	e41deb7291385de9e1382ff0ae1d2948449139e9	2026-07-06T21:07:53-04:00	2026-07-06T21:07:53-04:00	false	better render
5cb4e3e9d8c9e2779fba32415397980ff7efa33d	47c0e866063095640119afe6aef064be2f6785b7	2026-07-06T21:07:57-04:00	2026-07-06T21:07:57-04:00	false	fixes
6570f29ea3bc989a2aceac77333b06eab58929bd	5cb4e3e9d8c9e2779fba32415397980ff7efa33d	2026-07-07T09:39:29-04:00	2026-07-07T09:39:29-04:00	false	more
6565c9a8252de85827d3f70856d1d86c982cd08a	6570f29ea3bc989a2aceac77333b06eab58929bd	2026-07-07T10:22:52-04:00	2026-07-07T10:22:52-04:00	false	more fixes
a8eba2c4c5602f0242e44c20684e363fa993498b	6565c9a8252de85827d3f70856d1d86c982cd08a	2026-07-08T09:46:39-04:00	2026-07-08T09:46:39-04:00	false	great
c38ce19efb924bb2a46d201645016a9df1ef1f1e	a8eba2c4c5602f0242e44c20684e363fa993498b	2026-07-08T09:46:43-04:00	2026-07-08T09:46:43-04:00	false	more
cee5806fee935705547c85ac87507f0064edc8f1	c38ce19efb924bb2a46d201645016a9df1ef1f1e	2026-07-08T13:44:40-04:00	2026-07-08T13:44:40-04:00	false	more
ce15238ae9faaccf071739af01002b8420e02f0c	cee5806fee935705547c85ac87507f0064edc8f1	2026-07-08T22:07:20-04:00	2026-07-08T22:07:20-04:00	false	more work
b617df0edee2f57dfed51825dfac813b4cda11db	ce15238ae9faaccf071739af01002b8420e02f0c	2026-07-08T23:05:02-04:00	2026-07-08T23:05:02-04:00	false	wiring
4c937278e7c4cd2b11fcbde70b3cc1de743d696c	b617df0edee2f57dfed51825dfac813b4cda11db	2026-07-09T04:18:16-04:00	2026-07-09T04:18:16-04:00	false	build system
28d2a609379252e6158b577e36ec8b0f467470c3	4c937278e7c4cd2b11fcbde70b3cc1de743d696c	2026-07-09T04:18:20-04:00	2026-07-09T04:18:20-04:00	false	fixes to falke
614deb9897480ad880687cdd0fab17e76e1a8643	fc5af26384cefd7dec8f66f50851a4434603942f	2026-07-09T04:27:36-04:00	2026-07-09T04:27:36-04:00	false	remove root cargo files
5ccda8cd5836e70a35c2f3657845d06564e16658	614deb9897480ad880687cdd0fab17e76e1a8643	2026-07-09T04:29:13-04:00	2026-07-09T04:29:13-04:00	false	remove root config and doc files
47a8de60179e47624278c2fbbfc218ded57c8e2b	5ccda8cd5836e70a35c2f3657845d06564e16658	2026-07-09T04:29:52-04:00	2026-07-09T04:29:52-04:00	false	remove deno doc
3262c395961a2d92ecd6b018d2317fd3ec971adf	47a8de60179e47624278c2fbbfc218ded57c8e2b	2026-07-09T04:30:40-04:00	2026-07-09T04:30:40-04:00	false	remove source directory
ab328dd7ca17352f3587177cf455a2c65b160c45	3262c395961a2d92ecd6b018d2317fd3ec971adf	2026-07-09T04:31:25-04:00	2026-07-09T04:31:25-04:00	false	remove terminusdb and linkml
2f09bff8e46ea77dd893225653ec5825c5b6b741	ab328dd7ca17352f3587177cf455a2c65b160c45	2026-07-09T04:32:11-04:00	2026-07-09T04:32:11-04:00	false	remove vendor terminusdb schema
41ad783c57b8e54d3c2600bf2356999b16542dc3	2f09bff8e46ea77dd893225653ec5825c5b6b741	2026-07-09T04:32:59-04:00	2026-07-09T04:32:59-04:00	false	remove workspace cargo files
d762d003ee22bbd6ca4b1b890017b712b61f905f	41ad783c57b8e54d3c2600bf2356999b16542dc3	2026-07-09T04:34:01-04:00	2026-07-09T04:34:01-04:00	false	remove old compiler language backends
0738b5037f07d08fc4381ba0476ac7ba64ef5f4a	d762d003ee22bbd6ca4b1b890017b712b61f905f	2026-07-09T04:34:48-04:00	2026-07-09T04:34:48-04:00	false	remove crate cargo files
da4867aa950cdf1004879184fb579ef10741ff68	0738b5037f07d08fc4381ba0476ac7ba64ef5f4a	2026-07-09T04:35:52-04:00	2026-07-09T04:35:52-04:00	false	remove deleted heart files
edfedd6031ff293f7db652c9583aeb05cdd00470	da4867aa950cdf1004879184fb579ef10741ff68	2026-07-09T04:36:37-04:00	2026-07-09T04:36:37-04:00	false	remove deleted server files
0ccc3994281420f785be4c7b2c9b33f96af7bd75	edfedd6031ff293f7db652c9583aeb05cdd00470	2026-07-09T04:52:55-04:00	2026-07-09T04:52:55-04:00	false	add buckconfig
7510292b7046ccf1cb151e18e515a383252f1e5a	0ccc3994281420f785be4c7b2c9b33f96af7bd75	2026-07-09T04:52:58-04:00	2026-07-09T04:52:58-04:00	false	add buckroot
f7220353747e011eb840ff1ba8884e4f03e8a151	7510292b7046ccf1cb151e18e515a383252f1e5a	2026-07-09T04:53:01-04:00	2026-07-09T04:53:01-04:00	false	add buckversion
6b4ba69823da6753022876c3c0af61416e2634b1	f7220353747e011eb840ff1ba8884e4f03e8a151	2026-07-09T04:53:05-04:00	2026-07-09T04:53:05-04:00	false	add root buck file
2afcdbd9327137b59d6d50e2f8c23c0f97aad32c	6b4ba69823da6753022876c3c0af61416e2634b1	2026-07-09T04:53:09-04:00	2026-07-09T04:53:09-04:00	false	add vscode settings
fd991b714c13b5ac990dd883da7799c8ad90fb9a	2afcdbd9327137b59d6d50e2f8c23c0f97aad32c	2026-07-09T04:53:14-04:00	2026-07-09T04:53:14-04:00	false	add cargo buck plan
1af2e8b28839edf85cfbc0146b4ad3fa8c091c45	fd991b714c13b5ac990dd883da7799c8ad90fb9a	2026-07-09T04:53:18-04:00	2026-07-09T04:53:18-04:00	false	add graph architecture doc
6c49a1598b26d07bd96068176683f5f55d116706	1af2e8b28839edf85cfbc0146b4ad3fa8c091c45	2026-07-09T04:53:21-04:00	2026-07-09T04:53:21-04:00	false	add nix plan
5f0e99cd6bee51b5d5e8f4ae449cdb2bbafa8f0e	6c49a1598b26d07bd96068176683f5f55d116706	2026-07-09T04:53:24-04:00	2026-07-09T04:53:24-04:00	false	add render plan
9dc3a23be3fe49805b9f865e16831f0f4afdd43c	5f0e99cd6bee51b5d5e8f4ae449cdb2bbafa8f0e	2026-07-09T04:53:28-04:00	2026-07-09T04:53:28-04:00	false	add rustdoc inprocess plan
91ed171811be60c5fee7cdb99516df9e3ea583eb	9dc3a23be3fe49805b9f865e16831f0f4afdd43c	2026-07-09T04:53:32-04:00	2026-07-09T04:53:32-04:00	false	add improvements plan
84a03c1bd2300b7369853f25ccce35d01b3dae22	91ed171811be60c5fee7cdb99516df9e3ea583eb	2026-07-09T04:53:36-04:00	2026-07-09T04:53:36-04:00	false	add build buck
32e2b0026c4fbe05fd82f6a3cd50ca49aea89465	84a03c1bd2300b7369853f25ccce35d01b3dae22	2026-07-09T04:53:39-04:00	2026-07-09T04:53:39-04:00	false	add rust bzl
5de48797265f7d7171bb3aaedb5b3c69fcc751e9	32e2b0026c4fbe05fd82f6a3cd50ca49aea89465	2026-07-09T04:53:42-04:00	2026-07-09T04:53:42-04:00	false	add gen rust project py
6e6e2028194701fb26d03c14ee392ea6564d993e	5de48797265f7d7171bb3aaedb5b3c69fcc751e9	2026-07-09T04:53:46-04:00	2026-07-09T04:53:46-04:00	false	add gen rust project sh
aa827031e0cb723ec0a72f71aa8e9ebab304a2ec	6e6e2028194701fb26d03c14ee392ea6564d993e	2026-07-09T04:53:50-04:00	2026-07-09T04:53:50-04:00	false	add toolchains buck
e6dda4a484f96063de2fe71397124bad0b293ec0	aa827031e0cb723ec0a72f71aa8e9ebab304a2ec	2026-07-09T04:53:54-04:00	2026-07-09T04:53:54-04:00	false	add toolchains defs
b95407e3654d1df0c4705521e0e781415d46199e	e6dda4a484f96063de2fe71397124bad0b293ec0	2026-07-09T04:53:59-04:00	2026-07-09T04:53:59-04:00	false	add toolchain nix flake
9b04a481067685924b2e7857663edecd7eeb901a	b95407e3654d1df0c4705521e0e781415d46199e	2026-07-09T04:54:02-04:00	2026-07-09T04:54:02-04:00	false	add third party buck
5f1d1fd6d348b638f34924d1c7e40f0685fad799	9b04a481067685924b2e7857663edecd7eeb901a	2026-07-09T04:54:07-04:00	2026-07-09T04:54:07-04:00	false	add third party defs
d3629d12e4fc75f762e029034d3ba779ea7922cd	5f1d1fd6d348b638f34924d1c7e40f0685fad799	2026-07-09T04:54:10-04:00	2026-07-09T04:54:10-04:00	false	add third party git bzl
2d3079715d75ce97eebab9ba2b04f81c388163ba	d3629d12e4fc75f762e029034d3ba779ea7922cd	2026-07-09T04:54:13-04:00	2026-07-09T04:54:13-04:00	false	add third party registry bzl
12a89c758e11ef3ec0448905748b077bab9b3fa7	2d3079715d75ce97eebab9ba2b04f81c388163ba	2026-07-09T04:54:17-04:00	2026-07-09T04:54:17-04:00	false	add codemap diagnostic patch
ca8c0da728de4bd4c6c7cfa8ed7443639ec0cdcf	12a89c758e11ef3ec0448905748b077bab9b3fa7	2026-07-09T04:54:20-04:00	2026-07-09T04:54:20-04:00	false	add deno doc patch
7fc34eeb97c460a8fd2194049742579daeca153f	ca8c0da728de4bd4c6c7cfa8ed7443639ec0cdcf	2026-07-09T04:54:23-04:00	2026-07-09T04:54:23-04:00	false	add librustdoc patch
a96d23cf4f4ef31fd7356cbd0d61fca2bc070460	7fc34eeb97c460a8fd2194049742579daeca153f	2026-07-09T04:54:26-04:00	2026-07-09T04:54:26-04:00	false	add snix eval patch
de5f3832012039939ba7c077afc19571f27e1c93	a96d23cf4f4ef31fd7356cbd0d61fca2bc070460	2026-07-09T04:54:29-04:00	2026-07-09T04:54:29-04:00	false	add terminusdb schema patch
9a5d75f2e033c20bf766e6cefd1601224c0e758f	de5f3832012039939ba7c077afc19571f27e1c93	2026-07-09T04:54:32-04:00	2026-07-09T04:54:32-04:00	false	add tools buck
67cca10891c5bdf8aba808e3884e8e8bdbcf3157	9a5d75f2e033c20bf766e6cefd1601224c0e758f	2026-07-09T04:54:36-04:00	2026-07-09T04:54:36-04:00	false	add add crate py
77a77f0b2be70ee381fca31de566ff466a9612e9	67cca10891c5bdf8aba808e3884e8e8bdbcf3157	2026-07-09T04:54:39-04:00	2026-07-09T04:54:39-04:00	false	add check bxl
bfaee7d962616147b48ae82c654f6f21dedb327e	77a77f0b2be70ee381fca31de566ff466a9612e9	2026-07-09T04:54:43-04:00	2026-07-09T04:54:43-04:00	false	add crates py
54216a7177735d23c0bbca27bb3ffab60e02b584	bfaee7d962616147b48ae82c654f6f21dedb327e	2026-07-09T04:54:46-04:00	2026-07-09T04:54:46-04:00	false	add gen registry py
7b98f7f8e1e841ea76ccb5bc3747b145e9dc69da	54216a7177735d23c0bbca27bb3ffab60e02b584	2026-07-09T04:54:50-04:00	2026-07-09T04:54:50-04:00	false	add crates pyc cache
56350a66c0d24694b1008b4c40f854a4e3d80c5c	7b98f7f8e1e841ea76ccb5bc3747b145e9dc69da	2026-07-09T04:54:53-04:00	2026-07-09T04:54:53-04:00	false	add nudox init
88050ebb7f2debb4ba4537149a61780c57741d2a	56350a66c0d24694b1008b4c40f854a4e3d80c5c	2026-07-09T04:54:57-04:00	2026-07-09T04:54:57-04:00	false	add nudox buckedit
a5616ec10624393beb5f5ca904884142ea8589e5	88050ebb7f2debb4ba4537149a61780c57741d2a	2026-07-09T04:55:01-04:00	2026-07-09T04:55:01-04:00	false	add nudox buckfiles
1ee09eb29fad6918dc4f87ca864bf9bd6953a70f	a5616ec10624393beb5f5ca904884142ea8589e5	2026-07-09T04:55:05-04:00	2026-07-09T04:55:05-04:00	false	add nudox commands init
ce366ea99a81f117c9f5296a8c5ad393e7f38605	1ee09eb29fad6918dc4f87ca864bf9bd6953a70f	2026-07-09T04:55:08-04:00	2026-07-09T04:55:08-04:00	false	add nudox commands add
2fea354c7582e329f1bdb3bbfb77d80a79300eee	ce366ea99a81f117c9f5296a8c5ad393e7f38605	2026-07-09T04:55:12-04:00	2026-07-09T04:55:12-04:00	false	add nudox commands check
07f29554ba495156032db4d88d397feb80339ace	2fea354c7582e329f1bdb3bbfb77d80a79300eee	2026-07-09T04:55:16-04:00	2026-07-09T04:55:16-04:00	false	add nudox commands new
9324a81d4da9d5692adc1e0694b22b2f5f6880ff	07f29554ba495156032db4d88d397feb80339ace	2026-07-09T04:55:19-04:00	2026-07-09T04:55:19-04:00	false	add nudox commands update
d52659db1b20c7c4cc0a0ac803a60f2ea94ea168	9324a81d4da9d5692adc1e0694b22b2f5f6880ff	2026-07-09T04:55:23-04:00	2026-07-09T04:55:23-04:00	false	add nudox commands verbs
9f81f3d5d9a926e6399f8557817c70f497291017	d52659db1b20c7c4cc0a0ac803a60f2ea94ea168	2026-07-09T04:55:26-04:00	2026-07-09T04:55:26-04:00	false	add nudox cratesio
1df38e0fd6d290d7230d3ec2ae51d513f099770d	9f81f3d5d9a926e6399f8557817c70f497291017	2026-07-09T04:55:30-04:00	2026-07-09T04:55:30-04:00	false	add nudox features
c0bba05f90949bb4434a4e1994386c84f38f3ed4	1df38e0fd6d290d7230d3ec2ae51d513f099770d	2026-07-09T04:55:33-04:00	2026-07-09T04:55:33-04:00	false	add nudox paths
dcbc415273775d6777918e3e19f57f8744b9053f	c0bba05f90949bb4434a4e1994386c84f38f3ed4	2026-07-09T04:55:37-04:00	2026-07-09T04:55:37-04:00	false	add nudox registry
173e015c05d8a3f9b5411b215dc9ae29cd4a70dc	dcbc415273775d6777918e3e19f57f8744b9053f	2026-07-09T04:55:40-04:00	2026-07-09T04:55:40-04:00	false	add nudox resolve
f96bcdf6f7154becf607bc10ad34a0c5e6991576	173e015c05d8a3f9b5411b215dc9ae29cd4a70dc	2026-07-09T04:55:44-04:00	2026-07-09T04:55:44-04:00	false	add nudox semver
067ec2698ee08b17148d14c40347dccae117dcc3	f96bcdf6f7154becf607bc10ad34a0c5e6991576	2026-07-09T04:55:48-04:00	2026-07-09T04:55:48-04:00	false	add nudox starlark
90631e22fb71a168b89845d4988c19c0c2802b36	067ec2698ee08b17148d14c40347dccae117dcc3	2026-07-09T04:55:52-04:00	2026-07-09T04:55:52-04:00	false	add compiler buck
4b9c39837cb67326e6ab6952f19878e3da633a8b	90631e22fb71a168b89845d4988c19c0c2802b36	2026-07-09T04:55:55-04:00	2026-07-09T04:55:55-04:00	false	add compiler ir buck
5d5e826d521f54c3d350adf7af25f9526e7b3534	4b9c39837cb67326e6ab6952f19878e3da633a8b	2026-07-09T04:55:58-04:00	2026-07-09T04:55:58-04:00	false	add heart buck
ede71212ef30bc6f651da662ba5ac7e574e80b04	5d5e826d521f54c3d350adf7af25f9526e7b3534	2026-07-09T04:56:01-04:00	2026-07-09T04:56:01-04:00	false	add registry buck
ae26b3687078767f12fda35762776ea0587375c9	ede71212ef30bc6f651da662ba5ac7e574e80b04	2026-07-09T04:56:04-04:00	2026-07-09T04:56:04-04:00	false	add runtime buck
2dcf62522d2bc0b34a37a08428aed11419be6003	ae26b3687078767f12fda35762776ea0587375c9	2026-07-09T04:56:08-04:00	2026-07-09T04:56:08-04:00	false	add server buck
4fd14f037fdaeac246b481e381621e3a446702e3	2dcf62522d2bc0b34a37a08428aed11419be6003	2026-07-09T04:56:11-04:00	2026-07-09T04:56:11-04:00	false	add caching buck
e97939207f120f488adbcf14cf937ad1751db5ee	4fd14f037fdaeac246b481e381621e3a446702e3	2026-07-09T04:56:15-04:00	2026-07-09T04:56:15-04:00	false	add compile mod
1a6994af0b447a841f11eaf364a5a92e6ab20bbc	e97939207f120f488adbcf14cf937ad1751db5ee	2026-07-09T04:56:18-04:00	2026-07-09T04:56:18-04:00	false	add compile vcs
18fffdcaae6517ab24877943133840cff37499fc	1a6994af0b447a841f11eaf364a5a92e6ab20bbc	2026-07-09T04:56:21-04:00	2026-07-09T04:56:21-04:00	false	add go mod
79aa09327a72323d115340347dff35e47c6ad2fd	18fffdcaae6517ab24877943133840cff37499fc	2026-07-09T04:56:25-04:00	2026-07-09T04:56:25-04:00	false	add go context
4d54aa941674e9801a9ad0ce0bdcca93a21006a8	79aa09327a72323d115340347dff35e47c6ad2fd	2026-07-09T04:56:30-04:00	2026-07-09T04:56:30-04:00	false	add go docstring
37b73457d64bfe5f2ea6cc6018e0d631ee1d7ee6	4d54aa941674e9801a9ad0ce0bdcca93a21006a8	2026-07-09T04:56:33-04:00	2026-07-09T04:56:33-04:00	false	add go error
9df944a7b3730218f16b8aa8ca65cce7e8f537f7	37b73457d64bfe5f2ea6cc6018e0d631ee1d7ee6	2026-07-09T04:56:36-04:00	2026-07-09T04:56:36-04:00	false	add go function
39295a1bb0f63db90e6b33c1caf79f5d4df95c63	9df944a7b3730218f16b8aa8ca65cce7e8f537f7	2026-07-09T04:56:39-04:00	2026-07-09T04:56:39-04:00	false	add go item
e6ab671e34618ed8cd02752ea401e216ca3acf0d	39295a1bb0f63db90e6b33c1caf79f5d4df95c63	2026-07-09T04:56:42-04:00	2026-07-09T04:56:42-04:00	false	add go oracle
27a08283652f1f41c884dd8ea381b921c966b1c5	e6ab671e34618ed8cd02752ea401e216ca3acf0d	2026-07-09T04:56:46-04:00	2026-07-09T04:56:46-04:00	false	add go package
6f8cb6c7b79a429e7182ec3f5dcf0dccee7c59dd	27a08283652f1f41c884dd8ea381b921c966b1c5	2026-07-09T04:56:50-04:00	2026-07-09T04:56:50-04:00	false	add go traversal
07b8600b6c5262575ac27d80933daaa9d5a90f66	6f8cb6c7b79a429e7182ec3f5dcf0dccee7c59dd	2026-07-09T04:56:53-04:00	2026-07-09T04:56:53-04:00	false	add go types
a83d00c307aef259c68fcf9e97d1c850a50b53fb	07b8600b6c5262575ac27d80933daaa9d5a90f66	2026-07-09T04:56:56-04:00	2026-07-09T04:56:56-04:00	false	add java mod
f11e3aa7367c08222e1333eef57fb21e91bbd24a	a83d00c307aef259c68fcf9e97d1c850a50b53fb	2026-07-09T04:56:59-04:00	2026-07-09T04:56:59-04:00	false	add java context
dd4f03d0930c6145902720230b8f823991c399ae	f11e3aa7367c08222e1333eef57fb21e91bbd24a	2026-07-09T04:57:03-04:00	2026-07-09T04:57:03-04:00	false	add java error
1baf896cc9860adb7a4e9d1c77329c643b982d34	dd4f03d0930c6145902720230b8f823991c399ae	2026-07-09T04:57:07-04:00	2026-07-09T04:57:07-04:00	false	add java function
75918ade32bb919b99427fd053be161a992cb505	1baf896cc9860adb7a4e9d1c77329c643b982d34	2026-07-09T04:57:10-04:00	2026-07-09T04:57:10-04:00	false	add java item
e31b9e3f71b8942cea398c6dee87a3d2bd2259f1	75918ade32bb919b99427fd053be161a992cb505	2026-07-09T04:57:14-04:00	2026-07-09T04:57:14-04:00	false	add java javadoc
ea8ff3a887e231766c26d2d9c6bc3cd40609b8e3	e31b9e3f71b8942cea398c6dee87a3d2bd2259f1	2026-07-09T04:57:17-04:00	2026-07-09T04:57:17-04:00	false	add java oracle
18a722f3e3834912ac38a2c5054395d250ff5b6d	ea8ff3a887e231766c26d2d9c6bc3cd40609b8e3	2026-07-09T04:57:20-04:00	2026-07-09T04:57:20-04:00	false	add java package
9d7b6a73688bdfef05ce53ce479d88ca059734c5	18a722f3e3834912ac38a2c5054395d250ff5b6d	2026-07-09T04:57:23-04:00	2026-07-09T04:57:23-04:00	false	add java schema
27b8d4ab8f44bc3912c215fc90e7b8bc26972838	9d7b6a73688bdfef05ce53ce479d88ca059734c5	2026-07-09T04:57:27-04:00	2026-07-09T04:57:27-04:00	false	add java traversal
b1018658fca5a051e2e8612b3c2e371159126f75	27b8d4ab8f44bc3912c215fc90e7b8bc26972838	2026-07-09T04:57:30-04:00	2026-07-09T04:57:30-04:00	false	add java types
e6b21b38cf8d69791012fa60d24e538534d96af2	b1018658fca5a051e2e8612b3c2e371159126f75	2026-07-09T04:57:33-04:00	2026-07-09T04:57:33-04:00	false	add nix mod
41f9337e2ddf9e66c03ab9b01f0d01a5fffab05e	e6b21b38cf8d69791012fa60d24e538534d96af2	2026-07-09T04:57:36-04:00	2026-07-09T04:57:36-04:00	false	add nix builtins
cbd8e0981d70b8cbb5096a81fa5b7a92eec31f65	41f9337e2ddf9e66c03ab9b01f0d01a5fffab05e	2026-07-09T04:57:41-04:00	2026-07-09T04:57:41-04:00	false	add nix context
84ac2060dc070fdc3c92ba97572b37b7d7dc9355	cbd8e0981d70b8cbb5096a81fa5b7a92eec31f65	2026-07-09T04:57:44-04:00	2026-07-09T04:57:44-04:00	false	add nix docs
17abd58d2a1ab98b838b896359146d9e4652441f	84ac2060dc070fdc3c92ba97572b37b7d7dc9355	2026-07-09T04:57:48-04:00	2026-07-09T04:57:48-04:00	false	add nix error
8908f6f99653b21c670a5d49063e9a6b88c27b04	17abd58d2a1ab98b838b896359146d9e4652441f	2026-07-09T04:57:52-04:00	2026-07-09T04:57:52-04:00	false	add nix eval
5fc5448448b359998f1f274d1341d726dc5961f1	8908f6f99653b21c670a5d49063e9a6b88c27b04	2026-07-09T04:57:55-04:00	2026-07-09T04:57:55-04:00	false	add nix function
f696be1a0cf8059b46539e73974d191d5d41b50f	5fc5448448b359998f1f274d1341d726dc5961f1	2026-07-09T04:57:59-04:00	2026-07-09T04:57:59-04:00	false	add nix item
7c2f973bc8ba8f11cafe14a2f1f3dd11583c5cde	f696be1a0cf8059b46539e73974d191d5d41b50f	2026-07-09T04:58:02-04:00	2026-07-09T04:58:02-04:00	false	add nix options
6f73593d85bbb3a656506362f481eba72d53bc4b	7c2f973bc8ba8f11cafe14a2f1f3dd11583c5cde	2026-07-09T04:58:06-04:00	2026-07-09T04:58:06-04:00	false	add nix package
5cd8d92ca6294fbcc9a3973ec1c33ec47952ce14	6f73593d85bbb3a656506362f481eba72d53bc4b	2026-07-09T04:58:10-04:00	2026-07-09T04:58:10-04:00	false	add nix sig
7cc7399fc79078ef56092e45934f2c0ae57b3f6a	5cd8d92ca6294fbcc9a3973ec1c33ec47952ce14	2026-07-09T04:58:13-04:00	2026-07-09T04:58:13-04:00	false	add nix syntax
dde239d25a21933175f9071d131d933932d42803	7cc7399fc79078ef56092e45934f2c0ae57b3f6a	2026-07-09T04:58:17-04:00	2026-07-09T04:58:17-04:00	false	add nix traversal
72bcde94b0d123b7f21f58be11c5c9a0c6ba8110	dde239d25a21933175f9071d131d933932d42803	2026-07-09T04:58:21-04:00	2026-07-09T04:58:21-04:00	false	add nix types
669447e11b926b7118c81e680904b54b6ac83c01	72bcde94b0d123b7f21f58be11c5c9a0c6ba8110	2026-07-09T04:58:24-04:00	2026-07-09T04:58:24-04:00	false	add nix walker
e3c374f47ceb962885f0a3548a7b85639190d1b5	669447e11b926b7118c81e680904b54b6ac83c01	2026-07-09T04:58:27-04:00	2026-07-09T04:58:27-04:00	false	add python mod
978e671eca2cdb94394cf39ae3142b5f5f1db3e0	e3c374f47ceb962885f0a3548a7b85639190d1b5	2026-07-09T04:58:31-04:00	2026-07-09T04:58:31-04:00	false	add python context
7cf73183a91ac2144f1a9f3705c66fac76e7dbb3	978e671eca2cdb94394cf39ae3142b5f5f1db3e0	2026-07-09T04:58:36-04:00	2026-07-09T04:58:36-04:00	false	add python docstring
75467de087e50b12c367804f02052a2d8986d0ee	7cf73183a91ac2144f1a9f3705c66fac76e7dbb3	2026-07-09T04:58:39-04:00	2026-07-09T04:58:39-04:00	false	add python function
2bde141449d30bf52cb95896648e5a65a009bd2b	75467de087e50b12c367804f02052a2d8986d0ee	2026-07-09T04:58:43-04:00	2026-07-09T04:58:43-04:00	false	add python item
ebfd6a4b37442703a246e352de06bae8c9a46091	2bde141449d30bf52cb95896648e5a65a009bd2b	2026-07-09T04:58:46-04:00	2026-07-09T04:58:46-04:00	false	add python module
51d7dc19df5d91d059610c9b713b2e9bfc1d7cb7	ebfd6a4b37442703a246e352de06bae8c9a46091	2026-07-09T04:58:49-04:00	2026-07-09T04:58:49-04:00	false	add python package
8fd387957e278470140652d03f60e302bb327754	51d7dc19df5d91d059610c9b713b2e9bfc1d7cb7	2026-07-09T04:58:53-04:00	2026-07-09T04:58:53-04:00	false	add python traversal
fd8210a05daf2956111a63cfa840961c7264a5cb	8fd387957e278470140652d03f60e302bb327754	2026-07-09T04:58:56-04:00	2026-07-09T04:58:56-04:00	false	add python types
912cba3bfd1b2bd4a489810dfabcfa4993a5287c	fd8210a05daf2956111a63cfa840961c7264a5cb	2026-07-09T04:59:00-04:00	2026-07-09T04:59:00-04:00	false	add rust mod
256dc926f031c248d6e56097a618faa3f2090bdb	912cba3bfd1b2bd4a489810dfabcfa4993a5287c	2026-07-09T04:59:03-04:00	2026-07-09T04:59:03-04:00	false	add rust context
a7855e3fcc4248c8cf7554e5b9d65d1661c16c18	256dc926f031c248d6e56097a618faa3f2090bdb	2026-07-09T04:59:06-04:00	2026-07-09T04:59:06-04:00	false	add rust error
0fb8c3fe0739e53b7ea7842ddbff55973033575c	a7855e3fcc4248c8cf7554e5b9d65d1661c16c18	2026-07-09T04:59:12-04:00	2026-07-09T04:59:12-04:00	false	add rust function
3de4769199d740f7ea4837e5934df10023017dc7	0fb8c3fe0739e53b7ea7842ddbff55973033575c	2026-07-09T04:59:15-04:00	2026-07-09T04:59:15-04:00	false	add rust generics
70d1964649f7ceaedad769ed40e87838e2412ec7	3de4769199d740f7ea4837e5934df10023017dc7	2026-07-09T04:59:20-04:00	2026-07-09T04:59:20-04:00	false	add rust item
76f6240b5823fd891972694f8087ca375c48b80f	70d1964649f7ceaedad769ed40e87838e2412ec7	2026-07-09T04:59:26-04:00	2026-07-09T04:59:26-04:00	false	add rust package
46e7e5c0ff039d4604b090d3f082efdc34b6bb63	76f6240b5823fd891972694f8087ca375c48b80f	2026-07-09T04:59:30-04:00	2026-07-09T04:59:30-04:00	false	add rust traversal
2e9b0fd3b0f510bd81cf9569a9381d07b2a4428d	46e7e5c0ff039d4604b090d3f082efdc34b6bb63	2026-07-09T04:59:33-04:00	2026-07-09T04:59:33-04:00	false	add rust types
a9342da4c4bd70eeb1c05d9eb1ba88425ed6113f	2e9b0fd3b0f510bd81cf9569a9381d07b2a4428d	2026-07-09T04:59:36-04:00	2026-07-09T04:59:36-04:00	false	add typescript mod
e9826c36aba27ccd13c0e1b962c8a433dc4eeb0d	a9342da4c4bd70eeb1c05d9eb1ba88425ed6113f	2026-07-09T04:59:40-04:00	2026-07-09T04:59:40-04:00	false	add typescript entry point
64c0f7b15feb4e875e4d7e75800ba3e9d6ce403e	e9826c36aba27ccd13c0e1b962c8a433dc4eeb0d	2026-07-09T04:59:43-04:00	2026-07-09T04:59:43-04:00	false	add typescript error
6b6bc14ec136ce658ee131a4ae2e860caa89aa36	64c0f7b15feb4e875e4d7e75800ba3e9d6ce403e	2026-07-09T04:59:47-04:00	2026-07-09T04:59:47-04:00	false	add typescript function
1dd4a41db7a4834eb0fe3b27f76fa8d3ca47483e	6b6bc14ec136ce658ee131a4ae2e860caa89aa36	2026-07-09T04:59:50-04:00	2026-07-09T04:59:50-04:00	false	add typescript item
1d0e99dc9a0844696b283794a45e105480bee726	1dd4a41db7a4834eb0fe3b27f76fa8d3ca47483e	2026-07-09T04:59:56-04:00	2026-07-09T04:59:56-04:00	false	add typescript package
062f7d8778f8847ff51e55d381a331b184dbc16e	1d0e99dc9a0844696b283794a45e105480bee726	2026-07-09T05:00:00-04:00	2026-07-09T05:00:00-04:00	false	add typescript traversal
045d0d93b1461aefe5fd517585a44eacf2e4b407	062f7d8778f8847ff51e55d381a331b184dbc16e	2026-07-09T05:00:04-04:00	2026-07-09T05:00:04-04:00	false	add typescript types
f8e6981f3901b939c16f882777205807f8b88ada	045d0d93b1461aefe5fd517585a44eacf2e4b407	2026-07-09T05:00:08-04:00	2026-07-09T05:00:08-04:00	false	add render mod
e81948202b199575e380408823eaba7be88712d1	f8e6981f3901b939c16f882777205807f8b88ada	2026-07-09T05:00:11-04:00	2026-07-09T05:00:11-04:00	false	add render backend
16ebe69358361a04e912251b7faf03e95ff63610	e81948202b199575e380408823eaba7be88712d1	2026-07-09T05:00:14-04:00	2026-07-09T05:00:14-04:00	false	add render doc
0b9d0a609d0c666715139af9b6b34050875ce954	16ebe69358361a04e912251b7faf03e95ff63610	2026-07-09T05:00:18-04:00	2026-07-09T05:00:18-04:00	false	add render emit mod
580d8a1eeae7ef2e395a6f2e5225424ed2486a0f	0b9d0a609d0c666715139af9b6b34050875ce954	2026-07-09T05:00:24-04:00	2026-07-09T05:00:24-04:00	false	add render emit go
819497f030fba330e1e7f5228cc0ef8496b74533	580d8a1eeae7ef2e395a6f2e5225424ed2486a0f	2026-07-09T05:00:27-04:00	2026-07-09T05:00:27-04:00	false	add render emit java
cc1e10e84a39cd3ba4bafeca0f99e9dca19dc363	819497f030fba330e1e7f5228cc0ef8496b74533	2026-07-09T05:00:32-04:00	2026-07-09T05:00:32-04:00	false	add render emit nix
522d67d5cc06f63d41c9b696472098d3142ea789	cc1e10e84a39cd3ba4bafeca0f99e9dca19dc363	2026-07-09T05:00:35-04:00	2026-07-09T05:00:35-04:00	false	add render emit python
5cbc7acfce79740e41684ed6d68f418b2ec6edf9	522d67d5cc06f63d41c9b696472098d3142ea789	2026-07-09T05:00:41-04:00	2026-07-09T05:00:41-04:00	false	add render emit rust
399fe929c741bab2730cc84ffeac9bc3cd170b56	5cbc7acfce79740e41684ed6d68f418b2ec6edf9	2026-07-09T05:00:45-04:00	2026-07-09T05:00:45-04:00	false	add render emit typescript
178a9754d71d6ebbbc5252abdf23240a1f46aa84	399fe929c741bab2730cc84ffeac9bc3cd170b56	2026-07-09T05:00:49-04:00	2026-07-09T05:00:49-04:00	false	add graph link
618be9b94413a81455fb1602043b6d5ddd9b6b56	178a9754d71d6ebbbc5252abdf23240a1f46aa84	2026-07-09T05:00:53-04:00	2026-07-09T05:00:53-04:00	false	add test fixture binary workspace main
d545a9a26a3b1132af65f41c2ddb4fa09a867d46	618be9b94413a81455fb1602043b6d5ddd9b6b56	2026-07-09T05:01:02-04:00	2026-07-09T05:01:02-04:00	false	add test fixture binary workspace corelib
3009a72099dc60cd64d874df117b2bd98716c5e2	d545a9a26a3b1132af65f41c2ddb4fa09a867d46	2026-07-09T05:01:07-04:00	2026-07-09T05:01:07-04:00	false	add test fixture regular helper
2dbb5932eac98f14da5b5cd3071abb04b679c633	3009a72099dc60cd64d874df117b2bd98716c5e2	2026-07-09T05:01:12-04:00	2026-07-09T05:01:12-04:00	false	add test fixture regular lib
f06f120cd122d4f2083e5a57bab2471d56f605d2	2dbb5932eac98f14da5b5cd3071abb04b679c633	2026-07-09T05:01:16-04:00	2026-07-09T05:01:16-04:00	false	add test fixture workspace odd duck
9a099a1ac2d49e58ea083859dae5aefe3e15ae62	f06f120cd122d4f2083e5a57bab2471d56f605d2	2026-07-09T05:01:22-04:00	2026-07-09T05:01:22-04:00	false	add nix mini flake test
94b79aba7027ec08e8f9a88ebaa5aa708074a7c2	9a099a1ac2d49e58ea083859dae5aefe3e15ae62	2026-07-09T05:01:26-04:00	2026-07-09T05:01:26-04:00	false	add nix render test
2573944f07580741ff550ec25e5fb715cde5882b	94b79aba7027ec08e8f9a88ebaa5aa708074a7c2	2026-07-09T05:01:34-04:00	2026-07-09T05:01:34-04:00	false	add nix static lower test
82f2f96bd56f697eacd0a89e5c07d9673e6e4f69	2573944f07580741ff550ec25e5fb715cde5882b	2026-07-09T05:01:39-04:00	2026-07-09T05:01:39-04:00	false	add registry metadata heuristics
2ba232b83290eeb14025cb875eb461db47083283	82f2f96bd56f697eacd0a89e5c07d9673e6e4f69	2026-07-09T05:01:42-04:00	2026-07-09T05:01:42-04:00	false	add registry metadata rich
44fec5d73c79234315b11be9bea568b644c39552	2ba232b83290eeb14025cb875eb461db47083283	2026-07-09T05:01:48-04:00	2026-07-09T05:01:48-04:00	false	add registry package coordinates
64febfadbdbbe78b9d958134a6d62f563de2ff1e	44fec5d73c79234315b11be9bea568b644c39552	2026-07-09T05:01:54-04:00	2026-07-09T05:01:54-04:00	false	add registry package mod
e1bd8a96bd2400b8cb15cdad7aff325e55c938b7	64febfadbdbbe78b9d958134a6d62f563de2ff1e	2026-07-09T05:01:58-04:00	2026-07-09T05:01:58-04:00	false	add registry package resolution
9d58de127f1a306a72f12b6fa2be811bf3529d6b	e1bd8a96bd2400b8cb15cdad7aff325e55c938b7	2026-07-09T05:02:01-04:00	2026-07-09T05:02:01-04:00	false	add registry package version
4418e85e420430350d3d9e3c6e8b9161ae88b609	9d58de127f1a306a72f12b6fa2be811bf3529d6b	2026-07-09T05:02:06-04:00	2026-07-09T05:02:06-04:00	false	add registry search ranking
840f2b9b67112847cc65a41e0e00773bd8cb43fb	4418e85e420430350d3d9e3c6e8b9161ae88b609	2026-07-09T05:02:10-04:00	2026-07-09T05:02:10-04:00	false	add registry tests common
886530abf992910e24d6cf657f3899fb1773ed4d	840f2b9b67112847cc65a41e0e00773bd8cb43fb	2026-07-09T05:02:14-04:00	2026-07-09T05:02:14-04:00	false	add runtime text tokenizer
7899b198cca2142e1a0da4b8c916fd8a097376e6	886530abf992910e24d6cf657f3899fb1773ed4d	2026-07-09T05:02:17-04:00	2026-07-09T05:02:17-04:00	false	add runtime tests support
5557c3673996017a3d760303516799f34d806249	7899b198cca2142e1a0da4b8c916fd8a097376e6	2026-07-09T05:02:21-04:00	2026-07-09T05:02:21-04:00	false	add runtime tests tokenizer
db5e63236a54593f3a7e045071da8fb8428d83d4	5557c3673996017a3d760303516799f34d806249	2026-07-09T05:02:24-04:00	2026-07-09T05:02:24-04:00	false	add runtime vector model mod
4d6426bc1ab6b1c12d4ce2718a022056758040c3	db5e63236a54593f3a7e045071da8fb8428d83d4	2026-07-09T05:02:32-04:00	2026-07-09T05:02:32-04:00	false	add runtime vector model catalog
223f750ee3eb9b39ae83017f8f28b463f144b3ea	4d6426bc1ab6b1c12d4ce2718a022056758040c3	2026-07-09T05:02:36-04:00	2026-07-09T05:02:36-04:00	false	add runtime vector model id
49bdfbf515c0b01df18530b8b056b0b80ede120f	223f750ee3eb9b39ae83017f8f28b463f144b3ea	2026-07-09T05:02:41-04:00	2026-07-09T05:02:41-04:00	false	add server poll
dd7dd61360243f1ae186e5198d48c348c50576da	49bdfbf515c0b01df18530b8b056b0b80ede120f	2026-07-09T05:02:46-04:00	2026-07-09T05:02:46-04:00	false	add server save mod
6f226fc785d1845584cb08857e1d159b36a5fc9b	dd7dd61360243f1ae186e5198d48c348c50576da	2026-07-09T05:02:49-04:00	2026-07-09T05:02:49-04:00	false	add server save blobs
be4f682698a0cb9dddae3879d9b3b8b57de21213	6f226fc785d1845584cb08857e1d159b36a5fc9b	2026-07-09T05:02:53-04:00	2026-07-09T05:02:53-04:00	false	add server save qdrant
b2a7bec9e7a74da7c43e827632ca66016ea9247b	be4f682698a0cb9dddae3879d9b3b8b57de21213	2026-07-09T05:02:56-04:00	2026-07-09T05:02:56-04:00	false	add server save tantivy
a9ec50f692b574b703a869552ffd9b0996cb626b	b2a7bec9e7a74da7c43e827632ca66016ea9247b	2026-07-09T05:02:59-04:00	2026-07-09T05:02:59-04:00	false	add server save terminus
dc7d31f84a5cc3c78500a0e6985d60db48b959ec	a9ec50f692b574b703a869552ffd9b0996cb626b	2026-07-09T05:03:03-04:00	2026-07-09T05:03:03-04:00	false	add server search semantic embedder
771b4a26feda89596c710658a000da8118803ef7	dc7d31f84a5cc3c78500a0e6985d60db48b959ec	2026-07-09T05:03:07-04:00	2026-07-09T05:03:07-04:00	false	add server tests common
77196f6ec3de589d6fee0188c274db424302e004	771b4a26feda89596c710658a000da8118803ef7	2026-07-09T05:03:15-04:00	2026-07-09T05:03:15-04:00	false	add caching lib
4470085ec9ce2082cebeeff96e32344791eda688	77196f6ec3de589d6fee0188c274db424302e004	2026-07-09T05:03:19-04:00	2026-07-09T05:03:19-04:00	false	add caching jitter
00c01190ed4063d8b13928008141f2766680a116	4470085ec9ce2082cebeeff96e32344791eda688	2026-07-09T05:03:22-04:00	2026-07-09T05:03:22-04:00	false	add caching single flight
bcdc224cd48bb9baff85fa083e8a6a83a711f09a	00c01190ed4063d8b13928008141f2766680a116	2026-07-09T05:03:25-04:00	2026-07-09T05:03:25-04:00	false	add caching stampede
10827770f18ddeb34b3b788d3cf58903414a621d	bcdc224cd48bb9baff85fa083e8a6a83a711f09a	2026-07-09T05:03:29-04:00	2026-07-09T05:03:29-04:00	false	add caching tests stampede
b9bfc43ea2498b388133e6b9e937898d00c9ce01	10827770f18ddeb34b3b788d3cf58903414a621d	2026-07-09T05:03:32-04:00	2026-07-09T05:03:32-04:00	false	add heart identity mod
a15102273b6d49e20dccd3c577a63acb923f4d2a	b9bfc43ea2498b388133e6b9e937898d00c9ce01	2026-07-09T05:03:35-04:00	2026-07-09T05:03:35-04:00	false	add heart identity id
437fea1c87b2e308b2a6fc2276255e3d2cf55bb3	a15102273b6d49e20dccd3c577a63acb923f4d2a	2026-07-09T05:03:39-04:00	2026-07-09T05:03:39-04:00	false	add heart identity namespace
ebb1eb9220d470764e364377e38e8b14495f466d	437fea1c87b2e308b2a6fc2276255e3d2cf55bb3	2026-07-09T05:03:42-04:00	2026-07-09T05:03:42-04:00	false	add heart identity package
769195a781461aae9d3715fc3ebe70f57c60f4e7	ebb1eb9220d470764e364377e38e8b14495f466d	2026-07-09T05:03:46-04:00	2026-07-09T05:03:46-04:00	false	add heart identity symbol
40ea739f63e689f6cef71a155cea15d3865df172	769195a781461aae9d3715fc3ebe70f57c60f4e7	2026-07-09T05:03:49-04:00	2026-07-09T05:03:49-04:00	false	add heart error mod
6b2c8c8eedbc4325910f765531c0921398f95c64	40ea739f63e689f6cef71a155cea15d3865df172	2026-07-09T05:03:54-04:00	2026-07-09T05:03:54-04:00	false	add heart error connect
fe26e9714d95e4d1555c55541679f6382ce09ba6	6b2c8c8eedbc4325910f765531c0921398f95c64	2026-07-09T05:03:57-04:00	2026-07-09T05:03:57-04:00	false	add heart error failure
eb1053c04601d702da6179311c99c210d448ea60	fe26e9714d95e4d1555c55541679f6382ce09ba6	2026-07-09T05:04:01-04:00	2026-07-09T05:04:01-04:00	false	add heart search
821b9024b07b940c5858ce963b86fa3e4a14d7f0	eb1053c04601d702da6179311c99c210d448ea60	2026-07-09T05:04:06-04:00	2026-07-09T05:04:06-04:00	false	modify existing files
b41fd77171968772c06af9cc7eb35ee900c05501	821b9024b07b940c5858ce963b86fa3e4a14d7f0	2026-07-09T05:04:10-04:00	2026-07-09T05:04:10-04:00	false	remove identifier rs
39a26a51cb95f794b116fd40eefcf68b6e3b6844	b41fd77171968772c06af9cc7eb35ee900c05501	2026-07-09T05:04:21-04:00	2026-07-09T05:04:21-04:00	false	restore gitmodules
880ad7fd5b3b4c25be7db0ec50eb0e10850f6686	28d2a609379252e6158b577e36ec8b0f467470c3 39a26a51cb95f794b116fd40eefcf68b6e3b6844	2026-07-09T05:04:31-04:00	2026-07-09T05:04:31-04:00	false	Merge branch 'atomic-refactor'
87a76ae839630aef90d120349a6edf5396fd8d1c	880ad7fd5b3b4c25be7db0ec50eb0e10850f6686	2026-07-09T12:34:56-04:00	2026-07-09T12:34:56-04:00	false	sandboxing
cd04f773d60b5940d6524ea016ebba5856837d9d	87a76ae839630aef90d120349a6edf5396fd8d1c	2026-07-09T12:52:18-04:00	2026-07-09T12:52:18-04:00	false	more
f4e4bd733d17029a270da3eceaffd088a1d1d7e3	cd04f773d60b5940d6524ea016ebba5856837d9d	2026-07-09T14:11:11-04:00	2026-07-09T14:11:11-04:00	false	full integration tests
97860ecc984f5d2061966326486251a2830fd9eb	f4e4bd733d17029a270da3eceaffd088a1d1d7e3	2026-07-09T19:14:52-04:00	2026-07-09T19:14:52-04:00	false	feat(rust): in-process rust-analyzer producer (RA P1)
85b03bac89a2bb6bbc8e6f0b345a489e8f627a66	f4e4bd733d17029a270da3eceaffd088a1d1d7e3	2026-07-09T16:28:19-04:00	2026-07-09T16:28:19-04:00	false	Phase 0 hygiene: single prod-gate, Probeable×5, ProcessEnd, dead path cleanup
3df0e62a833ce255ff027f2efc4837d98ce7ff5f	85b03bac89a2bb6bbc8e6f0b345a489e8f627a66	2026-07-09T16:35:52-04:00	2026-07-09T16:35:52-04:00	false	fix: address review feedback for Phase 0 hygiene
0449400d9c747ce72240fd91a9a2281bcde3e473	3df0e62a833ce255ff027f2efc4837d98ce7ff5f	2026-07-09T17:13:37-04:00	2026-07-09T17:13:37-04:00	false	Phase 2: Cage trait + concurrent WorkerPool
cf5ec7d8f5fb0433095c100dbd705d4bb58bb20f	0449400d9c747ce72240fd91a9a2281bcde3e473	2026-07-09T18:03:17-04:00	2026-07-09T18:03:17-04:00	false	fix: address review feedback for Phase 2 One cage
052c7fbf937ed0372ecfbe52c2615a3225de3a9b	cf5ec7d8f5fb0433095c100dbd705d4bb58bb20f	2026-07-09T18:36:06-04:00	2026-07-09T18:38:00-04:00	false	Phase 3: Producer trait + six language ports
efd3070f6506bcc20fc83c30283cc1dd33150922	052c7fbf937ed0372ecfbe52c2615a3225de3a9b	2026-07-09T18:44:00-04:00	2026-07-09T18:44:00-04:00	false	fix: address review feedback for Phase 3 Producer trait
e45cfb4ac435467edda5bad7e0fb6f89067e254d	3df0e62a833ce255ff027f2efc4837d98ce7ff5f	2026-07-09T17:59:00-04:00	2026-07-09T17:59:00-04:00	false	Phase 1: unify content-addressed storage under one Cas trait
efe80b4aa8ea5b2a52197fbbb2b169dce7cba5ed	e45cfb4ac435467edda5bad7e0fb6f89067e254d	2026-07-09T18:31:15-04:00	2026-07-09T18:31:15-04:00	false	fix: address review feedback for Phase 1 One CAS
0303b13c0aa2c37ad99e10fd565f8f91b7920d67	efd3070f6506bcc20fc83c30283cc1dd33150922 efe80b4aa8ea5b2a52197fbbb2b169dce7cba5ed	2026-07-09T18:46:15-04:00	2026-07-09T18:46:15-04:00	false	merge: combine Phase 1 CAS with Phase 2–3 cage/producer
1d92e6d92ea0c41b6dd5eb616357172cbaca883a	97860ecc984f5d2061966326486251a2830fd9eb 0303b13c0aa2c37ad99e10fd565f8f91b7920d67	2026-07-09T19:17:07-04:00	2026-07-09T19:17:07-04:00	false	merge: land daemon phases 0-3 (CAS + Cage + Producer trait) onto RA main
785b9ad1048acf4fa81096a3f518c06a2e463be2	1d92e6d92ea0c41b6dd5eb616357172cbaca883a	2026-07-09T19:28:46-04:00	2026-07-09T19:28:46-04:00	false	refactor(rust): remove the cargo-rustdoc producer path (RA P3)
3e77cbb3b42400be18d80b3bfc168c39537990e9	785b9ad1048acf4fa81096a3f518c06a2e463be2	2026-07-09T20:01:06-04:00	2026-07-09T20:01:06-04:00	false	feat(daemon): ForgeRuntime — owned compile-plane runtime (Phase 4)
5ecd5f9653e69597416747a8d874b75ab6ee3615	3e77cbb3b42400be18d80b3bfc168c39537990e9	2026-07-09T20:15:14-04:00	2026-07-09T20:15:14-04:00	false	feat(daemon): materialize the outbox fan-out into all three sinks (Phase 5)
d7f667f38397137e06130848499f2afff612379e	5ecd5f9653e69597416747a8d874b75ab6ee3615	2026-07-09T20:16:34-04:00	2026-07-09T20:16:34-04:00	false	feat(rust): lower trait-impl generic args from AST (RA P4)
276fa22e257492b0db67a70fb91317f96f7ac8f3	d7f667f38397137e06130848499f2afff612379e	2026-07-09T20:31:12-04:00	2026-07-09T20:31:12-04:00	false	feat(daemon): hermeticity typestates + threat-tier budgets (Phase 6)
fd514af8f540ac9590fa3a51c18434beb7684467	276fa22e257492b0db67a70fb91317f96f7ac8f3	2026-07-09T20:34:08-04:00	2026-07-09T20:34:08-04:00	false	feat(daemon): NUDOX_ROLE node roles gating background loops (Phase 5)
c1f45e28b72ca117c2364cfa577aad23f4b2e44c	fd514af8f540ac9590fa3a51c18434beb7684467	2026-07-09T21:22:37-04:00	2026-07-09T21:22:37-04:00	false	feat(rust): RA P4 exceed — deprecation, doc-links, object-safety, cfg (additive IR)
eb4ac89888fbf20e3a914b20e05e041dd1ccdba6	c1f45e28b72ca117c2364cfa577aad23f4b2e44c	2026-07-09T21:43:58-04:00	2026-07-09T21:43:58-04:00	false	feat(daemon): Phase 5 ops — priority, lease heartbeat, drain, sink locks, pg sessions
1f51d070f42be9f1402b69451486cf1b9d72d13f	eb4ac89888fbf20e3a914b20e05e041dd1ccdba6	2026-07-09T22:10:11-04:00	2026-07-09T22:10:11-04:00	false	feat(daemon): CAS GC cron, PgSessionStore wired, Job typestate on live seal path
9c8b5a5b02e07d5b2de0ad77ebd58413aa843ee2	1f51d070f42be9f1402b69451486cf1b9d72d13f	2026-07-09T22:44:29-04:00	2026-07-09T22:44:29-04:00	false	feat(rust): recover deprecation since/note + detect sealed traits (RA P4)
84caa2eac52c28cde1299b5358e1a7c03c428255	9c8b5a5b02e07d5b2de0ad77ebd58413aa843ee2	2026-07-09T22:51:02-04:00	2026-07-09T22:51:02-04:00	false	test(fixtures): add typescript + nix producer fixtures (fix 3 skipped tests)
f706508826278f200b4c290b42492522c9a087d8	84caa2eac52c28cde1299b5358e1a7c03c428255	2026-07-10T20:50:57-04:00	2026-07-10T20:50:57-04:00	false	plans
bc3a1e540eb8b7691e7a872715427781c7d122c3	f706508826278f200b4c290b42492522c9a087d8	2026-07-10T20:57:42-04:00	2026-07-10T20:57:42-04:00	false	chore(build): Phase 0 guardrails — workspace dead-code lints + orphan script
20f9e3a649cc6cedf4a44fbb8793914490510397	bc3a1e540eb8b7691e7a872715427781c7d122c3	2026-07-10T21:15:17-04:00	2026-07-10T21:15:17-04:00	false	refactor: Phase 1 pure deletions — ~1,440 LOC of dead surface removed
b40848c4782e7409dd40ba40edab10eee3cd24e0	20f9e3a649cc6cedf4a44fbb8793914490510397	2026-07-10T21:37:53-04:00	2026-07-10T21:37:53-04:00	false	refactor: Phase 3a + 2a + 3d — enums unified, ranked search wired, sandbox collapsed
1d76ef06afd740215dc1526fffc62135d0c75b9c	b40848c4782e7409dd40ba40edab10eee3cd24e0	2026-07-10T21:56:49-04:00	2026-07-10T21:56:49-04:00	false	feat: Phase 3e + 4c + 4d — real CAS L3, config hygiene, producer honesty
4f4e0a6af9831d28ac2127882fbad94d9b65bff9	1d76ef06afd740215dc1526fffc62135d0c75b9c	2026-07-11T02:04:51-04:00	2026-07-11T02:04:51-04:00	false	feat: Phase 3b + 3c + 3f + 4b — version crate, cursor typestate, hash pins, parse
0f7f40d99fa89248336c03e2786d28f41ddadd3c	4f4e0a6af9831d28ac2127882fbad94d9b65bff9	2026-07-11T02:25:39-04:00	2026-07-11T02:25:39-04:00	false	feat: Phase 4a + 2b — authorization witnesses + admin verify/rebuild endpoints
66d849a7681ee132f2953d683a490ffbd1bdf696	0f7f40d99fa89248336c03e2786d28f41ddadd3c	2026-07-11T10:37:48-04:00	2026-07-11T10:37:48-04:00	false	feat: Phase 2c + 4f — wire metadata heuristics; Store::list_cas + blob-GC observability
a003125f392328f26f989b6db7a059f6cd363d8d	66d849a7681ee132f2953d683a490ffbd1bdf696	2026-07-11T10:47:47-04:00	2026-07-11T10:47:47-04:00	false	chore: Phase 5 — continuous enforcement + sweep the dead code the lints found
5ff4aeda2890426ebfde764979e04be3bd52b643	a003125f392328f26f989b6db7a059f6cd363d8d	2026-07-11T11:10:53-04:00	2026-07-11T11:10:53-04:00	false	feat: activate forge CAS L3 (DynCas erasure) + Phase 4e LeasedJob witness
022e0549e0f2cebec264e38ee6da373b88b90687	5ff4aeda2890426ebfde764979e04be3bd52b643	2026-07-11T11:20:51-04:00	2026-07-11T11:20:51-04:00	false	chore: pub→pub(crate) visibility sweep (unreachable_pub)
093569150595d3c24d63b0fc9fa38bb6d52c57b7	022e0549e0f2cebec264e38ee6da373b88b90687	2026-07-11T11:48:22-04:00	2026-07-11T11:48:22-04:00	false	refactor: hoist OwnerKind/Visibility into heart, derive their CHECK domains
a279833cedc9defd74c250f808e68988e599bef1	022e0549e0f2cebec264e38ee6da373b88b90687 093569150595d3c24d63b0fc9fa38bb6d52c57b7	2026-07-11T12:00:32-04:00	2026-07-11T12:00:32-04:00	false	merge fix/enums
98a0c0bc5301e1ccf4b30dd5caafe95cc5fb64b2	022e0549e0f2cebec264e38ee6da373b88b90687	2026-07-11T11:55:26-04:00	2026-07-11T11:55:26-04:00	false	feat(version): unify the request vocabulary via a Constraint predicate
a8e4770262ff3794d39ae6558aa7eadf68440bbd	a279833cedc9defd74c250f808e68988e599bef1 98a0c0bc5301e1ccf4b30dd5caafe95cc5fb64b2	2026-07-11T12:00:32-04:00	2026-07-11T12:00:32-04:00	false	merge fix/version
7361ac9b35bc3e62e85178161a831d14eeaf7d4a	022e0549e0f2cebec264e38ee6da373b88b90687	2026-07-11T11:52:26-04:00	2026-07-11T11:52:26-04:00	false	fix(registry-search): one stable ranking order across all keyset pages
3742b5bef9d86046921bc040c36a49982dee24ea	a8e4770262ff3794d39ae6558aa7eadf68440bbd 7361ac9b35bc3e62e85178161a831d14eeaf7d4a	2026-07-11T12:00:32-04:00	2026-07-11T12:00:32-04:00	false	merge fix/search
118853e669e2f74c645562e94cc02d040c918ded	022e0549e0f2cebec264e38ee6da373b88b90687	2026-07-11T11:59:04-04:00	2026-07-11T11:59:04-04:00	false	refactor(cas): one erasure strategy (static generics) + split EvictableCas
5da591e50d09a2f933cf311e4e7b6dab7d1f4862	3742b5bef9d86046921bc040c36a49982dee24ea 118853e669e2f74c645562e94cc02d040c918ded	2026-07-11T12:00:39-04:00	2026-07-11T12:00:39-04:00	false	merge fix/cas
a36ccc12ee9985d11a210fd828801f624334b2ce	022e0549e0f2cebec264e38ee6da373b88b90687	2026-07-11T11:51:13-04:00	2026-07-11T11:51:13-04:00	false	fix(witness): make Cursor policy survive the wire + scope LeasedJob honestly
074652c4b34258156778b46ad6e0a939aa119f03	5da591e50d09a2f933cf311e4e7b6dab7d1f4862 a36ccc12ee9985d11a210fd828801f624334b2ce	2026-07-11T12:00:39-04:00	2026-07-11T12:00:39-04:00	false	merge fix/witness
ab8973e0edfa845ffacd6c6c0aa677ee4ddadee2	074652c4b34258156778b46ad6e0a939aa119f03	2026-07-11T17:57:39-04:00	2026-07-11T17:57:39-04:00	false	compiler refactors
451f925a7a574da95172b2b1b4641a1093899cd5	ab8973e0edfa845ffacd6c6c0aa677ee4ddadee2	2026-07-11T17:58:03-04:00	2026-07-11T17:58:03-04:00	false	buck improvements
7bc8629e42a7df940ee3c48e4d8389ab53484176	451f925a7a574da95172b2b1b4641a1093899cd5	2026-07-11T18:58:21-04:00	2026-07-11T18:58:21-04:00	false	fix(nix): replace buckle with pkgs.buck2, auto-generate prelude-local, add buck2 scripts
a2167e4e8346526b26efe88d48a9046e53f92631	022e0549e0f2cebec264e38ee6da373b88b90687 7bc8629e42a7df940ee3c48e4d8389ab53484176	2026-07-11T18:59:20-04:00	2026-07-11T18:59:20-04:00	false	merge integrate/critique-fixes
0c5e2dfa179a2dfe2fbdad26b70d03e5f5a75010	a2167e4e8346526b26efe88d48a9046e53f92631	2026-07-11T19:01:34-04:00	2026-07-11T19:01:34-04:00	false	fix(buck): add nix = none to [cells] so external_cell resolves
d495051ed5168f17aeee7d34366b15d090c48773	0c5e2dfa179a2dfe2fbdad26b70d03e5f5a75010	2026-07-11T19:16:52-04:00	2026-07-11T19:16:52-04:00	false	fix(nix): pin buck2 2026-07-01 pre-built binary, drop nixpkgs version
76a68d9c25089849546882788141d40d02768d61	d495051ed5168f17aeee7d34366b15d090c48773	2026-07-11T19:47:56-04:00	2026-07-11T19:47:56-04:00	false	snowydeer stuff
f424b7e319cdf5d9c86d8dcd928e6c6f976314ea	76a68d9c25089849546882788141d40d02768d61	2026-07-11T19:48:11-04:00	2026-07-11T19:48:11-04:00	false	nix first buck stuff
c53708c9fd9093556f5bf10e7fff9a400531dcb9	f424b7e319cdf5d9c86d8dcd928e6c6f976314ea	2026-07-11T19:56:57-04:00	2026-07-11T19:56:57-04:00	false	special builds
73620c9444ad2dcb424dd5ed4901f0377ab227a5	c53708c9fd9093556f5bf10e7fff9a400531dcb9	2026-07-11T20:00:23-04:00	2026-07-11T20:00:23-04:00	false	fix(nix): add pkgs.go to devshell for system_go_toolchain
258e34ef390797576d7e682bd6c5978795169876	73620c9444ad2dcb424dd5ed4901f0377ab227a5	2026-07-11T20:21:34-04:00	2026-07-11T20:21:34-04:00	false	fix(buck): hermetic Go + Java toolchains via Nix, no PATH dependency
01f75eb5c916ee46e9d86cd3609d6344ca2489e4	258e34ef390797576d7e682bd6c5978795169876	2026-07-11T21:34:51-04:00	2026-07-11T21:34:51-04:00	false	chore(buck): worktree build hermeticity — .buckroot, track Go/Java oracle sources + cache.buckconfig
e80892bc00b57ad05b2fe170fb9b2ef35098713c	01f75eb5c916ee46e9d86cd3609d6344ca2489e4	2026-07-11T21:54:51-04:00	2026-07-11T21:54:51-04:00	false	feat(third-party): vendor OXC crate set for TypeScript producer (Phase 0)
b654f812589fb639d07b9c4533cb7e84cbc06e9f	e80892bc00b57ad05b2fe170fb9b2ef35098713c	2026-07-11T22:11:21-04:00	2026-07-11T22:11:21-04:00	false	feat(ts/oxc): pipeline skeleton (frozen contract, todo! bodies)
cc9a2001fae85077fa37fe88253fcb94e0d524ca	b654f812589fb639d07b9c4533cb7e84cbc06e9f	2026-07-11T22:23:40-04:00	2026-07-11T22:23:40-04:00	false	feat(ts/oxc): implement TSType → ir::ty::Type lowering (extract/types.rs)
0274e86c65132ccd2653ab4db0417511208ddd24	b654f812589fb639d07b9c4533cb7e84cbc06e9f	2026-07-11T22:22:10-04:00	2026-07-11T22:22:10-04:00	false	feat(oxc/infer): implement Expression → inferred Type (OXC-PLAN §1.2)
a80c2dfb591a3f0dd3ae0c1dcaa8eb5563298eb9	cc9a2001fae85077fa37fe88253fcb94e0d524ca 0274e86c65132ccd2653ab4db0417511208ddd24	2026-07-11T22:32:50-04:00	2026-07-11T22:32:50-04:00	false	Merge branch 'oxc/leaf-infer' into oxc/typescript-producer
a075e007b3045315de19d9164d682b492fed9e15	b654f812589fb639d07b9c4533cb7e84cbc06e9f	2026-07-11T22:19:45-04:00	2026-07-11T22:19:45-04:00	false	feat(oxc/ts): implement extract/func.rs — Function/method/param lowering
324f1b0ad9dafcd867469769ccb021dce46964ed	a80c2dfb591a3f0dd3ae0c1dcaa8eb5563298eb9 a075e007b3045315de19d9164d682b492fed9e15	2026-07-11T22:32:50-04:00	2026-07-11T22:32:50-04:00	false	Merge branch 'oxc/leaf-func' into oxc/typescript-producer
9490e761ebe531c46c4c1ebd2dc81ac41ffefa52	b654f812589fb639d07b9c4533cb7e84cbc06e9f	2026-07-11T22:18:36-04:00	2026-07-11T22:18:36-04:00	false	feat(ts/oxc): implement jsdoc.rs — jsdoc_for_node + module_doc extraction
d6ae04ec0da2d36afd83ed03bc7b0dbe663dc2ac	324f1b0ad9dafcd867469769ccb021dce46964ed 9490e761ebe531c46c4c1ebd2dc81ac41ffefa52	2026-07-11T22:32:50-04:00	2026-07-11T22:32:50-04:00	false	Merge branch 'oxc/leaf-jsdoc' into oxc/typescript-producer
437c4a586e50586ba93c45da64481f93e13b1f6e	b654f812589fb639d07b9c4533cb7e84cbc06e9f	2026-07-11T22:31:42-04:00	2026-07-11T22:31:42-04:00	false	feat(ts/oxc): implement declaration lowering + module driver (Phase 1)
bdd36f3ec68a39a854077419f03fc54a7b715bd0	d6ae04ec0da2d36afd83ed03bc7b0dbe663dc2ac 437c4a586e50586ba93c45da64481f93e13b1f6e	2026-07-11T22:32:50-04:00	2026-07-11T22:32:50-04:00	false	Merge branch 'oxc/leaf-decl' into oxc/typescript-producer
eeaa24d965f4f863e3e48a593ee255e8235ae09e	b654f812589fb639d07b9c4533cb7e84cbc06e9f	2026-07-11T22:19:46-04:00	2026-07-11T22:19:46-04:00	false	feat(ts/oxc): implement entry.rs — make_resolver + discover_entry_points (Phase 1)
1e0d4dbd18a9c4ee6f0aef3e029011019ea5da8d	bdd36f3ec68a39a854077419f03fc54a7b715bd0 eeaa24d965f4f863e3e48a593ee255e8235ae09e	2026-07-11T22:32:50-04:00	2026-07-11T22:32:50-04:00	false	Merge branch 'oxc/leaf-entry' into oxc/typescript-producer
f21a2797b8f1830e258c956f3589fc49cf4b6461	b654f812589fb639d07b9c4533cb7e84cbc06e9f	2026-07-11T22:20:11-04:00	2026-07-11T22:20:11-04:00	false	feat(oxc): implement graph.rs BFS worklist with per-module parse→semantic→extract
f824b0df9b8a0215095e454608df87bb266fe1a7	1e0d4dbd18a9c4ee6f0aef3e029011019ea5da8d f21a2797b8f1830e258c956f3589fc49cf4b6461	2026-07-11T22:32:50-04:00	2026-07-11T22:32:50-04:00	false	Merge branch 'oxc/leaf-graph' into oxc/typescript-producer
97d36970062335b22ecde259cf90a9d5146074bc	b654f812589fb639d07b9c4533cb7e84cbc06e9f	2026-07-11T22:21:28-04:00	2026-07-11T22:21:28-04:00	false	feat(oxc): implement link.rs — pass 2 cross-module linker (Tier A)
8ed23c291eab2e4802d3c99d8464089bb5b34132	f824b0df9b8a0215095e454608df87bb266fe1a7 97d36970062335b22ecde259cf90a9d5146074bc	2026-07-11T22:32:50-04:00	2026-07-11T22:32:50-04:00	false	Merge branch 'oxc/leaf-link' into oxc/typescript-producer
0e4a0588a832f0597f6e149c5a35c9c52e4a6940	8ed23c291eab2e4802d3c99d8464089bb5b34132	2026-07-11T22:35:36-04:00	2026-07-11T22:35:36-04:00	false	fix(ts/oxc): safe Statement::as_declaration + resolve_dts file path
d2db7fd018b2ed811615722ea76ab50fdf48650d	0e4a0588a832f0597f6e149c5a35c9c52e4a6940	2026-07-12T00:00:43-04:00	2026-07-12T00:00:43-04:00	false	fix(ts/oxc): integration batch 1 — oxc 0.139 AST shape + borrow/hasher fixes
c9d0be60eef9f7b8326d57b9e08430a8966fcbc5	d2db7fd018b2ed811615722ea76ab50fdf48650d	2026-07-12T00:07:32-04:00	2026-07-12T00:07:32-04:00	false	feat(ts): cutover generate_ir to OXC pipeline (5/6 fixtures green)
2c06a64c2fa02e9230d91bc50bacd310a8bebda2	c9d0be60eef9f7b8326d57b9e08430a8966fcbc5	2026-07-12T00:19:20-04:00	2026-07-12T00:19:20-04:00	false	feat(ts/oxc): Tier B — emit IR richer than deno_doc
fdcf1c8cc67d6a37ff917e63aaabf6bd69f7f89d	2c06a64c2fa02e9230d91bc50bacd310a8bebda2	2026-07-12T00:45:45-04:00	2026-07-12T00:45:45-04:00	false	feat(oxc-ts): exceed deno_doc — 5 extraction upgrades (no IR schema change)
2e7505442188cfdefb1e18a38ae352172786bb4a	fdcf1c8cc67d6a37ff917e63aaabf6bd69f7f89d	2026-07-12T00:55:34-04:00	2026-07-12T00:55:34-04:00	false	feat(ir): first-class Literal/TemplateLiteral/TypeQuery/NamedTuple types (exceed deno)
8bca793f86da86288b0a5c4325b6fae0d4400e55	2e7505442188cfdefb1e18a38ae352172786bb4a	2026-07-12T00:58:40-04:00	2026-07-12T00:58:40-04:00	false	fix(oxc-ts): ctor this.x field synthesis — build record after synth, FunctionBody.statements
4f410f76257b689563dff3bd063ad414a10e7862	8bca793f86da86288b0a5c4325b6fae0d4400e55	2026-07-12T01:02:42-04:00	2026-07-12T01:02:42-04:00	false	test(oxc): add 'exceed deno' regression suite for OXC TypeScript producer
9aed29cb9c7e48f839921f24193e6b9f7eb20bc4	4f410f76257b689563dff3bd063ad414a10e7862	2026-07-12T01:24:17-04:00	2026-07-12T01:24:17-04:00	false	feat(ts): Phase 4 — remove deno stack, producer is pure OXC
bea216b5d8080df740cdb51fe98cea8c603597bc	9aed29cb9c7e48f839921f24193e6b9f7eb20bc4	2026-07-12T01:34:43-04:00	2026-07-12T01:34:43-04:00	false	feat(ts): Tier C Mode 1 — tsgo checker oracle (env-gated, graceful fallback)
d9d402c307127637c417f046ea7cc420fd4ecac1	bea216b5d8080df740cdb51fe98cea8c603597bc	2026-07-12T01:49:50-04:00	2026-07-12T01:49:50-04:00	false	feat(ts): Tier C Mode 1 — vendor tsgo checker oracle hermetically via Nix
e6379c39485c235466c9a509d242270fde1c6d2e	d9d402c307127637c417f046ea7cc420fd4ecac1	2026-07-12T03:35:36-04:00	2026-07-12T03:35:36-04:00	false	feat(third-party): vendor tsz-core 0.1.9 crate set + smoke test
b474bb35374d71dca160968eba5ec49da4af71fe	e6379c39485c235466c9a509d242270fde1c6d2e	2026-07-12T03:45:45-04:00	2026-07-12T03:45:45-04:00	false	vendor(tsz): replace crates.io 0.1.9 with git-monorepo @ main (dff7690)
2dc9a6f8ba17196bb01f8057cb69569025a5292a	b474bb35374d71dca160968eba5ec49da4af71fe	2026-07-12T03:49:32-04:00	2026-07-12T03:49:32-04:00	false	fix(third-party): tsz bincode-2 — drop derive feature (serde-only, no proc-macro)
afc055fa3936b9da9581d9b0c065b29c721dfe52	2dc9a6f8ba17196bb01f8057cb69569025a5292a	2026-07-12T04:00:02-04:00	2026-07-12T04:00:02-04:00	false	feat(ts): in-process tsz checker oracle, replacing external tsgo
ebd9c14c0889695b57f0b5c688d3a80cd0f94559	afc055fa3936b9da9581d9b0c065b29c721dfe52	2026-07-12T04:08:03-04:00	2026-07-12T04:08:03-04:00	false	fix(ts/tsz): rewrite emitted-dir package.json entry ext to .d.ts + enrichment test
b3b457cba96f37a243028c3cf180fcf8fd1a5f2e	ebd9c14c0889695b57f0b5c688d3a80cd0f94559	2026-07-12T04:24:13-04:00	2026-07-12T04:24:13-04:00	false	refactor(tsz-oracle): enrich IR by querying the tsz checker directly
387c56878b3b2e23c10718122fb154e02f166bad	b3b457cba96f37a243028c3cf180fcf8fd1a5f2e	2026-07-12T04:36:50-04:00	2026-07-12T04:36:50-04:00	false	chore(third-party): prune unused deno_doc/deno/swc vendoring (Phase 4b)
b69f47c9e97e3a0926039df4aac9a62f4b1f05cf	81d7e4a95adee511c0af0c20b854a41902a89f37	2026-07-12T05:08:19-04:00	2026-07-12T06:57:59-04:00	false	Add perf architecture docs
18ce3ccdb7ec3a6106e1235d40915fa63df772cc	b69f47c9e97e3a0926039df4aac9a62f4b1f05cf	2026-07-12T05:08:19-04:00	2026-07-12T06:57:59-04:00	false	Add towards-a-real-time-agent-system.md
0e5805c6825ad554dd8c56edbf3d640fb8ad2890	18ce3ccdb7ec3a6106e1235d40915fa63df772cc	2026-07-12T05:08:20-04:00	2026-07-12T06:57:59-04:00	false	Add compiler src: lib and main
e4f51876c06aba0fbcb434cc0163117b868a212f	0e5805c6825ad554dd8c56edbf3d640fb8ad2890	2026-07-12T05:08:20-04:00	2026-07-12T06:57:59-04:00	false	Add source/core/src/newtype.rs
dd9017ed22ce2463416b9660395553d23a777dcf	e4f51876c06aba0fbcb434cc0163117b868a212f	2026-07-12T05:09:53-04:00	2026-07-12T06:58:00-04:00	false	Update .gitignore for perf worktrees
039af90e688d259a308356671319742b2ff81882	dd9017ed22ce2463416b9660395553d23a777dcf	2026-07-12T05:09:53-04:00	2026-07-12T06:58:00-04:00	false	Perf: blobstore memory optimizations
cb76814ab79df91cc8f8072de18bb5343dc13cda	039af90e688d259a308356671319742b2ff81882	2026-07-12T05:09:54-04:00	2026-07-12T06:58:00-04:00	false	Perf: core types - Id, primitives, search
68fe87f7fedb0dcee9d5e442681e300b1feff1ff	cb76814ab79df91cc8f8072de18bb5343dc13cda	2026-07-12T05:09:55-04:00	2026-07-12T06:58:00-04:00	false	Perf: document streaming emit
5839ae29a6d5807f153bf50d0d3d522a8586a511	68fe87f7fedb0dcee9d5e442681e300b1feff1ff	2026-07-12T05:11:35-04:00	2026-07-12T06:58:00-04:00	false	Perf: embed hash utils, in-process
e231300bac1c687f3073e6e8d3e52b92830c3c58	5839ae29a6d5807f153bf50d0d3d522a8586a511	2026-07-12T05:11:36-04:00	2026-07-12T06:58:00-04:00	false	Perf: identity - typed URIs, entry
414b6cf4870094995d06fee5a62dc8231a6e908a	e231300bac1c687f3073e6e8d3e52b92830c3c58	2026-07-12T05:11:36-04:00	2026-07-12T06:58:00-04:00	false	Perf: IR lib changes
47528be48fc3251af27bc0007d876b49cf1eda97	414b6cf4870094995d06fee5a62dc8231a6e908a	2026-07-12T05:11:37-04:00	2026-07-12T06:58:00-04:00	false	Perf: indexer main updates
d5720a11e92586b5680b1eda085756b4f32be6ad	47528be48fc3251af27bc0007d876b49cf1eda97	2026-07-12T05:13:12-04:00	2026-07-12T06:58:00-04:00	false	Perf: parsers - batched seam, Arc str
cc799939215db663d7d06b24fc2914ebc285d1de	d5720a11e92586b5680b1eda085756b4f32be6ad	2026-07-12T05:13:12-04:00	2026-07-12T06:58:00-04:00	false	Perf: pipeline - source text, traits
1ac94aa6a56696cf05d208a13bb6abe6e97b7059	cc799939215db663d7d06b24fc2914ebc285d1de	2026-07-12T05:14:53-04:00	2026-07-12T06:58:00-04:00	false	Perf: search - tantivy writer, SIMD
104cfc15fbab728b9057ee0e74af18fe4039d2e4	1ac94aa6a56696cf05d208a13bb6abe6e97b7059	2026-07-12T05:14:54-04:00	2026-07-12T06:58:00-04:00	false	Perf: server - concurrent sinks, Qdrant
7505d4978054ac92d339eab41e5292461a7070cc	104cfc15fbab728b9057ee0e74af18fe4039d2e4	2026-07-12T05:16:30-04:00	2026-07-12T06:58:00-04:00	false	Perf: server tests update
3badc6303d0dd638172aa288d1df58cdf362ef60	7505d4978054ac92d339eab41e5292461a7070cc	2026-07-12T05:16:30-04:00	2026-07-12T06:58:00-04:00	false	Perf: store lib changes
a529cb3cccc5a1db49bb6195ab93b85f74188869	3badc6303d0dd638172aa288d1df58cdf362ef60	2026-07-12T05:16:31-04:00	2026-07-12T06:58:00-04:00	false	Perf: dep updates (rayon, simd-json)
7210066c8218a9793d9e3d9491d7b2e69522709a	a529cb3cccc5a1db49bb6195ab93b85f74188869	2026-07-12T05:21:25-04:00	2026-07-12T06:58:00-04:00	false	Perf: add rayon/simd-json/memmap2 deps
6c21b1e0907ba1fa01c44bd816876ab8652cd7b6	7210066c8218a9793d9e3d9491d7b2e69522709a	2026-07-12T06:58:00-04:00	2026-07-12T06:58:00-04:00	false	Restructure: migrate source/ to workspace/ layout
ba74d73d8d907a2af8961e494b7bbb4a6e5aa56b	6c21b1e0907ba1fa01c44bd816876ab8652cd7b6	2026-07-12T04:46:56-04:00	2026-07-12T06:58:00-04:00	false	Add PLANS.md: master plan index
1e3aca5c1b0972079c9f8332b7a3210b4eb711b2	ba74d73d8d907a2af8961e494b7bbb4a6e5aa56b	2026-07-12T04:47:00-04:00	2026-07-12T06:58:00-04:00	false	Add DAEMON-PLAN.md: daemon phase plans
cc891573671bc809c694c530931771c3ead29c29	1e3aca5c1b0972079c9f8332b7a3210b4eb711b2	2026-07-12T04:47:00-04:00	2026-07-12T06:58:00-04:00	false	Add HANDOFF.md: handoff documentation
9b41c2b4db6346f0c9d7967bdcd4b170173c4d69	cc891573671bc809c694c530931771c3ead29c29	2026-07-12T04:47:01-04:00	2026-07-12T06:58:00-04:00	false	Add OBSERVABILITY-PLAN.md: observability plan
1fcc748a789d8de0692a983bf0f0ea5acad23e01	9b41c2b4db6346f0c9d7967bdcd4b170173c4d69	2026-07-12T04:47:01-04:00	2026-07-12T06:58:00-04:00	false	Add OXC-PLAN.md: OXC integration plan
f72635011b6ae8e33ed1b7c1c4f93cc4342433fe	1fcc748a789d8de0692a983bf0f0ea5acad23e01	2026-07-12T04:47:02-04:00	2026-07-12T06:58:00-04:00	false	Add REFERENCES-PLAN.md: references plan
72d4914bab2d42fab996a71bfe1e7dd394f4a84d	f72635011b6ae8e33ed1b7c1c4f93cc4342433fe	2026-07-12T04:47:02-04:00	2026-07-12T06:58:01-04:00	false	Add RUST-ANALYZER-PLAN.md: RA integration plan
2966c4a14aad825f9b196729a63f27f4dbf68d73	72d4914bab2d42fab996a71bfe1e7dd394f4a84d	2026-07-12T04:47:03-04:00	2026-07-12T06:58:01-04:00	false	Add STREAMLINE-PLAN.md: streamline plan
d5fb608e6c47b850694a67adb20a95f0789fe63e	2966c4a14aad825f9b196729a63f27f4dbf68d73	2026-07-12T04:47:03-04:00	2026-07-12T06:58:01-04:00	false	Add FORGE-PHASE4-PLAN.md: forge phase 4 plan
78071b0371b1b7c371c70be7871057d9679677e0	d5fb608e6c47b850694a67adb20a95f0789fe63e	2026-07-12T04:47:04-04:00	2026-07-12T06:58:01-04:00	false	Add doc.md: documentation overview
f3b59e069aff429cd4db15deb49cf258fbf0722a	78071b0371b1b7c371c70be7871057d9679677e0	2026-07-12T04:47:14-04:00	2026-07-12T06:58:01-04:00	false	Add build/setup-prelude.sh: prelude setup
277881e82dbd646f1ed644531dd5a8ac48b63501	f3b59e069aff429cd4db15deb49cf258fbf0722a	2026-07-12T04:47:15-04:00	2026-07-12T06:58:01-04:00	false	Add build/toolchains/nix/BUCK: nix build config
57c8007fc91a1b6a260e00584df49e62591e66e4	277881e82dbd646f1ed644531dd5a8ac48b63501	2026-07-12T04:47:16-04:00	2026-07-12T06:58:01-04:00	false	Add nix_build.bzl: nix build rules
61278fcc56fb36a2d3df09148439449313d282ae	57c8007fc91a1b6a260e00584df49e62591e66e4	2026-07-12T04:47:22-04:00	2026-07-12T06:58:01-04:00	false	Add buck-build.nu: Buck2 build script
ab54afaa82a24ff5ffe408346df5710a3f760fbf	61278fcc56fb36a2d3df09148439449313d282ae	2026-07-12T04:47:23-04:00	2026-07-12T06:58:01-04:00	false	Add buck-test.nu: Buck2 test script
ea6759b1a44ca3e8de5b8f8cf3988061a044c3b3	ab54afaa82a24ff5ffe408346df5710a3f760fbf	2026-07-12T04:47:41-04:00	2026-07-12T06:58:01-04:00	false	Update .gitignore: cache, fixtures, snapshots
969edcc74d9892476d6824f1cd856ac626d34e93	ea6759b1a44ca3e8de5b8f8cf3988061a044c3b3	2026-07-12T04:47:47-04:00	2026-07-12T06:58:01-04:00	false	Force-add buckconfig.d/cache.buckconfig
331ff8525cfec0231d6c9ba0c6022e3d10c1f310	969edcc74d9892476d6824f1cd856ac626d34e93	2026-07-12T04:47:52-04:00	2026-07-12T06:58:01-04:00	false	Update .buckconfig: nix, prelude, java, android
1a72ab5219970e706c8f73dd4ed3e9edf78ce3c9	331ff8525cfec0231d6c9ba0c6022e3d10c1f310	2026-07-12T04:48:02-04:00	2026-07-12T06:58:01-04:00	false	Add android SDK stub placeholders
4f265059e6995db0e0f50e10347d8ca7d23e9776	1a72ab5219970e706c8f73dd4ed3e9edf78ce3c9	2026-07-12T04:48:05-04:00	2026-07-12T06:58:01-04:00	false	Add constraints/link_style/BUCK: link constraints
df81f6d865e3cf77143e57aa79b2aee1a439c15d	4f265059e6995db0e0f50e10347d8ca7d23e9776	2026-07-12T04:48:27-04:00	2026-07-12T06:58:01-04:00	false	Add build/toolchains/nix/flake.nix: nix flake
8a43682d35338b15aea62c6153e848e583549fa8	df81f6d865e3cf77143e57aa79b2aee1a439c15d	2026-07-12T04:48:28-04:00	2026-07-12T06:58:01-04:00	false	Add build/toolchains/nix/flake.lock: nix pins
e156a51090a55725ed194b4ac135325f6c595f61	8a43682d35338b15aea62c6153e848e583549fa8	2026-07-12T04:48:35-04:00	2026-07-12T06:58:01-04:00	false	Add build/third-party/go/BUCK: Go deps
27edee3daf8c6e24de683083c05900003cb4b89e	e156a51090a55725ed194b4ac135325f6c595f61	2026-07-12T04:48:47-04:00	2026-07-12T06:58:01-04:00	false	Add Nix hermetic toolchains to BUCK
79b460daf14a36dcf6e02c11cd030db0c1a2a442	27edee3daf8c6e24de683083c05900003cb4b89e	2026-07-12T04:48:48-04:00	2026-07-12T06:58:01-04:00	false	Add nix_cxx_toolchain to defs.bzl
1e6bd47bc9b8714015e555556458f2b306a5e6be	79b460daf14a36dcf6e02c11cd030db0c1a2a442	2026-07-12T04:48:55-04:00	2026-07-12T06:58:01-04:00	false	Update flake.nix: add nixos, snowydeer, buck2
0adf48908d3e05a7e0daa1e8fe30539b700613b7	1e6bd47bc9b8714015e555556458f2b306a5e6be	2026-07-12T04:48:56-04:00	2026-07-12T06:58:01-04:00	false	Update flake.lock: new inputs
6f6d6a651db2f863f6b1bff43297700fd81ee4c5	0adf48908d3e05a7e0daa1e8fe30539b700613b7	2026-07-12T04:49:03-04:00	2026-07-12T06:58:01-04:00	false	Add build/rust.bzl: rust build rules
f2f3075beffd6691b88ea6cdc4d8c6e1e2d312b6	6f6d6a651db2f863f6b1bff43297700fd81ee4c5	2026-07-12T04:49:03-04:00	2026-07-12T06:58:01-04:00	false	Update registry.bzl: third-party deps
bf7e153c8321e6383c07ca12f696030ba8952089	f2f3075beffd6691b88ea6cdc4d8c6e1e2d312b6	2026-07-12T04:49:04-04:00	2026-07-12T06:58:01-04:00	false	Update build/third-party/defs.bzl: toolchain defs
b0dfc2a859724dff49538a3f91d54a9ca9849370	bf7e153c8321e6383c07ca12f696030ba8952089	2026-07-12T04:49:07-04:00	2026-07-12T06:58:01-04:00	false	Add root BUCK: workspace build config
4d889b384615c5e3d5ad3f1d11968cfcdcf0f23b	b0dfc2a859724dff49538a3f91d54a9ca9849370	2026-07-12T04:49:11-04:00	2026-07-12T06:58:01-04:00	false	Add workspace/README.md: workspace docs
652627e5989a75de8807b23430fe064a63286ac9	4d889b384615c5e3d5ad3f1d11968cfcdcf0f23b	2026-07-12T04:49:11-04:00	2026-07-12T06:58:01-04:00	false	Update README.md: expanded project docs
8c55f96ea9462d1ecb7817e5838a030d8719b690	652627e5989a75de8807b23430fe064a63286ac9	2026-07-12T04:49:21-04:00	2026-07-12T06:58:01-04:00	false	Add snowydeer/__init__.py: package init
49998a762495ef33c797f91e33ca2b722700f1d9	8c55f96ea9462d1ecb7817e5838a030d8719b690	2026-07-12T04:49:22-04:00	2026-07-12T06:58:01-04:00	false	Add snowydeer/BUCK: buck build config
6d115f0f534aef1c5e3ff17830962ea7af810157	49998a762495ef33c797f91e33ca2b722700f1d9	2026-07-12T04:49:22-04:00	2026-07-12T06:58:01-04:00	false	Add build_store_path.py: nix store path
10c06d947cd5c161963ea7e5351f04ab4cd6f7ec	6d115f0f534aef1c5e3ff17830962ea7af810157	2026-07-12T04:49:23-04:00	2026-07-12T06:58:01-04:00	false	Add snowydeer/package.bzl: package rules
d2e5e6d15390a80316e3bb88b2dd5f2d815c40d5	10c06d947cd5c161963ea7e5351f04ab4cd6f7ec	2026-07-12T04:49:23-04:00	2026-07-12T06:58:01-04:00	false	Add snowydeer.bxl: Buck2 eauge script
618931faceebb25c7cdf272885662b8a4e9654e1	d2e5e6d15390a80316e3bb88b2dd5f2d815c40d5	2026-07-12T04:49:26-04:00	2026-07-12T06:58:01-04:00	false	Add workspace/cas/BUCK: CAS build config
c9e3beddb3416c27ecb4d322333e31ab24d68961	618931faceebb25c7cdf272885662b8a4e9654e1	2026-07-12T04:49:30-04:00	2026-07-12T06:58:01-04:00	false	Add workspace/cas/lib.rs: CAS trait module
31bdb8be6ab2fbbd73fad7bcdb391452e9f88cb3	c9e3beddb3416c27ecb4d322333e31ab24d68961	2026-07-12T04:49:30-04:00	2026-07-12T06:58:01-04:00	false	Add workspace/cas/error.rs: CAS errors
b8a1656864c3625bc226e7be4f52b121b0b0ad28	31bdb8be6ab2fbbd73fad7bcdb391452e9f88cb3	2026-07-12T04:49:31-04:00	2026-07-12T06:58:01-04:00	false	Add workspace/cas/disk.rs: disk-backed CAS
613e192bd022f15af0384666acbaffb1614d1072	b8a1656864c3625bc226e7be4f52b121b0b0ad28	2026-07-12T04:49:31-04:00	2026-07-12T06:58:01-04:00	false	Add workspace/cas/memory.rs: in-memory CAS
58914fca41bd6b549a9622ec5d2c0fbd8103a961	613e192bd022f15af0384666acbaffb1614d1072	2026-07-12T04:49:31-04:00	2026-07-12T06:58:01-04:00	false	Add workspace/cas/tiered.rs: tiered CAS
5fe5e54fcd02feb31b433b5cb1f54a780a3f7b26	58914fca41bd6b549a9622ec5d2c0fbd8103a961	2026-07-12T04:49:32-04:00	2026-07-12T06:58:01-04:00	false	Add CAS roundtrip tests
5099658cd1ccf69370216ff9339b63d162ab4ba8	5fe5e54fcd02feb31b433b5cb1f54a780a3f7b26	2026-07-12T04:49:35-04:00	2026-07-12T06:58:01-04:00	false	Add workspace/util/sandbox/cage.rs: Cage trait
44095a88e875712fba592ac2ec022fd642bdc577	5099658cd1ccf69370216ff9339b63d162ab4ba8	2026-07-12T04:49:36-04:00	2026-07-12T06:58:01-04:00	false	Add workspace/util/sandbox/budget.rs: budget
c29bb0e7c2d14c3a388274f0dafe78b66def6288	44095a88e875712fba592ac2ec022fd642bdc577	2026-07-12T04:49:36-04:00	2026-07-12T06:58:01-04:00	false	Add workspace/util/sandbox/job.rs: job types
7f0215ca31bf000b4d5fd66cd34bb53824ad7a79	c29bb0e7c2d14c3a388274f0dafe78b66def6288	2026-07-12T04:49:36-04:00	2026-07-12T06:58:01-04:00	false	Add workspace/util/sandbox/probe.rs: probe
c54c75d340aaa37e4c135f17a5c2abe5f67826e3	7f0215ca31bf000b4d5fd66cd34bb53824ad7a79	2026-07-12T04:49:37-04:00	2026-07-12T06:58:01-04:00	false	Add workspace/util/sandbox/seal.rs: seal types
c6c50f4fc8e4e1a50685d499440adf141e7e25ca	c54c75d340aaa37e4c135f17a5c2abe5f67826e3	2026-07-12T04:49:37-04:00	2026-07-12T06:58:01-04:00	false	Add workspace/util/sandbox/cancel.rs: cancel
58a769b1f0a8a816fbb242e9a7702ff76329b22f	c6c50f4fc8e4e1a50685d499440adf141e7e25ca	2026-07-12T04:49:40-04:00	2026-07-12T06:58:01-04:00	false	Add workspace/util/sandbox/node.rs: node types
d36050d117417ba46c88a4a2826b2fc3654aadcc	58a769b1f0a8a816fbb242e9a7702ff76329b22f	2026-07-12T04:49:41-04:00	2026-07-12T06:58:01-04:00	false	Add workspace/util/sandbox/observer.rs: observer
1057111224e85050c7fa14137f1522ed61cc765a	d36050d117417ba46c88a4a2826b2fc3654aadcc	2026-07-12T04:49:41-04:00	2026-07-12T06:58:01-04:00	false	Add workspace/util/sandbox/overrides.rs: overrides
94f8838f178389dec96f07f56e83b8c94ca64171	1057111224e85050c7fa14137f1522ed61cc765a	2026-07-12T04:49:42-04:00	2026-07-12T06:58:01-04:00	false	Add workspace/util/sandbox/toolchains.rs
8c1f81d0d16d26e24211dd8f2de0178bc84919ac	94f8838f178389dec96f07f56e83b8c94ca64171	2026-07-12T04:49:45-04:00	2026-07-12T06:58:02-04:00	false	Add sandbox cage_pool tests
8df1a3fbcfa4dded2bc3eee577c9bcb4cf9e9643	8c1f81d0d16d26e24211dd8f2de0178bc84919ac	2026-07-12T04:49:45-04:00	2026-07-12T06:58:02-04:00	false	Add sandbox typestate tests
2c4b89eb144fdceed6eae83df3505afd1facca0f	8df1a3fbcfa4dded2bc3eee577c9bcb4cf9e9643	2026-07-12T04:49:54-04:00	2026-07-12T06:58:02-04:00	false	Add producer/mod.rs: Producer trait
decb1ff8a50647a31c751f8a3d58d75eb8195324	2c4b89eb144fdceed6eae83df3505afd1facca0f	2026-07-12T04:49:57-04:00	2026-07-12T06:58:02-04:00	false	Add producer/runtime.rs: ForgeRuntime
6d4f081dda44938f125f0bbe197bd02a33f632b8	decb1ff8a50647a31c751f8a3d58d75eb8195324	2026-07-12T04:49:57-04:00	2026-07-12T06:58:02-04:00	false	Add producer/wire.rs: wire protocol types
5801d0d9aabaa211a1224cc809387d6001effe00	6d4f081dda44938f125f0bbe197bd02a33f632b8	2026-07-12T04:49:58-04:00	2026-07-12T06:58:02-04:00	false	Add producer/resource.rs: resource tracking
efb01f964c3f67e490700fffc949dd318313229e	5801d0d9aabaa211a1224cc809387d6001effe00	2026-07-12T04:49:58-04:00	2026-07-12T06:58:02-04:00	false	Add producer/scratch.rs: scratch space
e0979df83138c061142b163a334a18578d9107ef	efb01f964c3f67e490700fffc949dd318313229e	2026-07-12T04:50:01-04:00	2026-07-12T06:58:02-04:00	false	Add compile/rust/producer.rs: Rust producer
7bf92ee50fbbc691f8d4d17bbe5732e182715f13	e0979df83138c061142b163a334a18578d9107ef	2026-07-12T04:50:02-04:00	2026-07-12T06:58:02-04:00	false	Add compile/go/producer.rs: Go producer
1b4acd1616ec323ebc9131be21106cd5dbaea9ea	7bf92ee50fbbc691f8d4d17bbe5732e182715f13	2026-07-12T04:50:02-04:00	2026-07-12T06:58:02-04:00	false	Add compile/java/producer.rs: Java producer
e0e3de6772867ca2b7676882a71e296e9eb82393	1b4acd1616ec323ebc9131be21106cd5dbaea9ea	2026-07-12T04:50:03-04:00	2026-07-12T06:58:02-04:00	false	Add compile/nix/producer.rs: Nix producer
f7be2cc5247949a99ae6c992ef856762943d66d3	e0e3de6772867ca2b7676882a71e296e9eb82393	2026-07-12T04:50:03-04:00	2026-07-12T06:58:02-04:00	false	Add compile/python/producer.rs: Python producer
bd3885bfc8d33bc324c7bd078a47b8025d930fd3	f7be2cc5247949a99ae6c992ef856762943d66d3	2026-07-12T04:50:04-04:00	2026-07-12T06:58:02-04:00	false	Add compile/typescript/producer.rs: TS producer
cbc020302633c2b60d653a6279b74c1bd35085db	bd3885bfc8d33bc324c7bd078a47b8025d930fd3	2026-07-12T04:50:10-04:00	2026-07-12T06:58:02-04:00	false	Add RA_IMPLEMENTER_BRIEF.md: impl guide
dbad4eda33e7c35c73a2d95cfdcb2e9d165c8975	cbc020302633c2b60d653a6279b74c1bd35085db	2026-07-12T04:50:10-04:00	2026-07-12T06:58:02-04:00	false	Add ra/mod.rs: RA module root
dca294a9aeec90684ad2ff0a7f0ae417103e6ad4	dbad4eda33e7c35c73a2d95cfdcb2e9d165c8975	2026-07-12T04:50:11-04:00	2026-07-12T06:58:02-04:00	false	Add ra/ctx.rs: analysis context
79f1290199bf6d7248f011838830b62161f2182d	dca294a9aeec90684ad2ff0a7f0ae417103e6ad4	2026-07-12T04:50:11-04:00	2026-07-12T06:58:02-04:00	false	Add ra/load.rs: crate loading
b7a168c66cd7e0cde9dd38105d22f28149bf024b	79f1290199bf6d7248f011838830b62161f2182d	2026-07-12T04:50:12-04:00	2026-07-12T06:58:02-04:00	false	Add ra/source.rs: source extraction
c94a705c33cab9d05e31dbaf8788f97b192db273	b7a168c66cd7e0cde9dd38105d22f28149bf024b	2026-07-12T04:50:12-04:00	2026-07-12T06:58:02-04:00	false	Add ra/walk.rs: syntax tree walk
fdd735645e66e8c50e5420752eb8c1fdba3b03f5	c94a705c33cab9d05e31dbaf8788f97b192db273	2026-07-12T04:50:15-04:00	2026-07-12T06:58:02-04:00	false	Add ra/item.rs: item resolution
58d62e9661d325d2050be6da2c7629635eb4e8bc	fdd735645e66e8c50e5420752eb8c1fdba3b03f5	2026-07-12T04:50:16-04:00	2026-07-12T06:58:02-04:00	false	Add ra/function.rs: function analysis
c0418acd2bbd3a77c1414af07b0fb0e18eaa85ca	58d62e9661d325d2050be6da2c7629635eb4e8bc	2026-07-12T04:50:16-04:00	2026-07-12T06:58:02-04:00	false	Add ra/generics.rs: generics lowering
13cb86a289b04f5fde966af7ac309a6fe781444f	c0418acd2bbd3a77c1414af07b0fb0e18eaa85ca	2026-07-12T04:50:17-04:00	2026-07-12T06:58:02-04:00	false	Add ra/docs.rs: doc link resolution
6d4afb7cb3b376a676eca1544fe0067abd292a13	13cb86a289b04f5fde966af7ac309a6fe781444f	2026-07-12T04:50:18-04:00	2026-07-12T06:58:02-04:00	false	Add ra/ty.rs: type resolution
b34e087539b13bfb13002b9263c6290cdba6cdf0	6d4afb7cb3b376a676eca1544fe0067abd292a13	2026-07-12T04:50:20-04:00	2026-07-12T06:58:02-04:00	false	Add treesitter/mod.rs: treesitter module
78d4b6f53f7e96842f71c110a95b938c0fd84c9a	b34e087539b13bfb13002b9263c6290cdba6cdf0	2026-07-12T04:50:21-04:00	2026-07-12T06:58:02-04:00	false	Add treesitter/spec.rs: parse spec
e141088b1337a9ccd276bbfe63d96e95fcbf2d63	78d4b6f53f7e96842f71c110a95b938c0fd84c9a	2026-07-12T04:50:22-04:00	2026-07-12T06:58:02-04:00	false	Add treesitter/go.rs: Go parser
a62f1ee9025beb04d252ebc6258f32d303bb3751	e141088b1337a9ccd276bbfe63d96e95fcbf2d63	2026-07-12T04:50:22-04:00	2026-07-12T06:58:02-04:00	false	Add treesitter/java.rs: Java parser
c1a3bc2a604e39bc32f9ea7a57bbf9c02c26c00e	a62f1ee9025beb04d252ebc6258f32d303bb3751	2026-07-12T04:50:22-04:00	2026-07-12T06:58:02-04:00	false	Add treesitter/nix.rs: Nix parser
5a29926cba4cd771aa01ee127cdbd853adb80f5f	c1a3bc2a604e39bc32f9ea7a57bbf9c02c26c00e	2026-07-12T04:50:23-04:00	2026-07-12T06:58:02-04:00	false	Add treesitter/python.rs: Python parser
71727912128ac99e5c52e8594ae53d610648d3ad	5a29926cba4cd771aa01ee127cdbd853adb80f5f	2026-07-12T04:50:26-04:00	2026-07-12T06:58:02-04:00	false	Add treesitter/rust.rs: Rust parser
c059748eb98d37339814c172d4810aec11e4f4d9	71727912128ac99e5c52e8594ae53d610648d3ad	2026-07-12T04:50:26-04:00	2026-07-12T06:58:02-04:00	false	Add treesitter/typescript.rs: TS parser
c3cfbc09bdbb44fb8c82a8a09e781d25cd9041b9	c059748eb98d37339814c172d4810aec11e4f4d9	2026-07-12T04:50:29-04:00	2026-07-12T06:58:02-04:00	false	Add graph/symtab.rs: symbol table
b34b855019a2f4fb384175a9808ab0538b213d36	c3cfbc09bdbb44fb8c82a8a09e781d25cd9041b9	2026-07-12T04:50:30-04:00	2026-07-12T06:58:02-04:00	false	Add generate/resolve.rs: name resolution
740fc104a16adefc79d25f415bfe774c9f569139	b34b855019a2f4fb384175a9808ab0538b213d36	2026-07-12T04:50:30-04:00	2026-07-12T06:58:02-04:00	false	Add generate/occurrences.rs: occurrences
26aff45fc9159a96c60ce2ad8cd01c0118405cf9	740fc104a16adefc79d25f415bfe774c9f569139	2026-07-12T04:50:31-04:00	2026-07-12T06:58:02-04:00	false	Add generate/parse_cache.rs: parse caching
2571c48ce37039cf04e050581a268c4f690e5550	26aff45fc9159a96c60ce2ad8cd01c0118405cf9	2026-07-12T04:50:31-04:00	2026-07-12T06:58:02-04:00	false	Add IR syntax/occurrence.rs: occurrence types
8d624a4de03905098d3e6695ab796c2a1bc6cc7e	2571c48ce37039cf04e050581a268c4f690e5550	2026-07-12T04:50:34-04:00	2026-07-12T06:58:02-04:00	false	Add workspace/server/forge.rs: forge runtime
2ddc931112c72a88664ec111eba81a2ae223ea83	8d624a4de03905098d3e6695ab796c2a1bc6cc7e	2026-07-12T04:50:35-04:00	2026-07-12T06:58:02-04:00	false	Add workspace/server/authz.rs: authz
dfc2839a135a356cc7476b576760a2258d26c370	2ddc931112c72a88664ec111eba81a2ae223ea83	2026-07-12T04:50:35-04:00	2026-07-12T06:58:02-04:00	false	Add workspace/server/BUCK: server build
e98bc35bba1e231d7f21403592a85b385ff9cbea	dfc2839a135a356cc7476b576760a2258d26c370	2026-07-12T04:50:36-04:00	2026-07-12T06:58:02-04:00	false	Add admin.rs: admin HTTP handlers
7bf680b77dce5a92c75d1b774e808abc8eaa1cfb	e98bc35bba1e231d7f21403592a85b385ff9cbea	2026-07-12T04:50:39-04:00	2026-07-12T06:58:02-04:00	false	Add authz_cap_routing test
49b0a5dc98b8b413f1ed3e78491d5361609ae9db	7bf680b77dce5a92c75d1b774e808abc8eaa1cfb	2026-07-12T04:50:39-04:00	2026-07-12T06:58:02-04:00	false	Add forge_coexistence test
bf0891a1b7facf36122df9653a24347ae85985cc	49b0a5dc98b8b413f1ed3e78491d5361609ae9db	2026-07-12T04:50:40-04:00	2026-07-12T06:58:02-04:00	false	Add metadata_heuristics test
8ad717781137ecdf1c5666e9bdc6d5e4fa4581f8	bf0891a1b7facf36122df9653a24347ae85985cc	2026-07-12T04:50:40-04:00	2026-07-12T06:58:02-04:00	false	Add api_add_package test
6ed84925ae2798c89bbcc870634f201e4c894185	8ad717781137ecdf1c5666e9bdc6d5e4fa4581f8	2026-07-12T04:50:43-04:00	2026-07-12T06:58:02-04:00	false	Add registry/cas.rs: registry CAS
244ac5f6a22cdae454c085d15efaa5c23cc5886d	6ed84925ae2798c89bbcc870634f201e4c894185	2026-07-12T04:50:44-04:00	2026-07-12T06:58:02-04:00	false	Add registry/blob/mod.rs: blob store
1a0217a1f0a3cfd5c5462b5599b80dac546b1df7	244ac5f6a22cdae454c085d15efaa5c23cc5886d	2026-07-12T04:50:44-04:00	2026-07-12T06:58:02-04:00	false	Add registry/schema/queries.rs: queries
7b060887da3d557617429df7e878389b3c2cb08e	1a0217a1f0a3cfd5c5462b5599b80dac546b1df7	2026-07-12T04:50:45-04:00	2026-07-12T06:58:02-04:00	false	Add store_cas_roundtrip test
a71311d9b5e0ad52f85551a2f2c009135c69f22e	7b060887da3d557617429df7e878389b3c2cb08e	2026-07-12T04:50:45-04:00	2026-07-12T06:58:02-04:00	false	Add blob_hash_pins test
a82c48d27f7f99fb00c5fc4acdb92ca11f1a4d98	a71311d9b5e0ad52f85551a2f2c009135c69f22e	2026-07-12T04:50:46-04:00	2026-07-12T06:58:02-04:00	false	Add queue_priority_order test
470b5349d27369e5a466bfa7ec1f09775a5d3f2d	a82c48d27f7f99fb00c5fc4acdb92ca11f1a4d98	2026-07-12T04:50:49-04:00	2026-07-12T06:58:02-04:00	false	Add heart/health.rs: health checks
f559266aff3bb91775a96206f1ad78f49e4dc6f7	470b5349d27369e5a466bfa7ec1f09775a5d3f2d	2026-07-12T04:50:49-04:00	2026-07-12T06:58:02-04:00	false	Add heart/tenant.rs: tenant module
0baf68f7459690eb272bf23ab8d67c85f1ac3270	f559266aff3bb91775a96206f1ad78f49e4dc6f7	2026-07-12T04:50:50-04:00	2026-07-12T06:58:03-04:00	false	Add heart job_key test
807b0550911a2261f96b6a9fb813920dc0ee400e	0baf68f7459690eb272bf23ab8d67c85f1ac3270	2026-07-12T04:50:52-04:00	2026-07-12T06:58:03-04:00	false	Add runtime/pagination.rs: cursor pagination
42d583032073828219e6c35e9a8cefcaac6cacc3	807b0550911a2261f96b6a9fb813920dc0ee400e	2026-07-12T04:50:53-04:00	2026-07-12T06:58:03-04:00	false	Add runtime/session.rs: session module
8a98aa21710f659c4cdf5d8e39830c0966e6bd34	42d583032073828219e6c35e9a8cefcaac6cacc3	2026-07-12T04:50:55-04:00	2026-07-12T06:58:03-04:00	false	Add workspace/version/lib.rs: version crate
c2bfaf98c21fa74f88ee481b68a472065b4ebaa1	8a98aa21710f659c4cdf5d8e39830c0966e6bd34	2026-07-12T04:50:56-04:00	2026-07-12T06:58:03-04:00	false	Add workspace/version/BUCK: version build
abbf0a04d9912fff949ae5719723a341128536f8	c2bfaf98c21fa74f88ee481b68a472065b4ebaa1	2026-07-12T04:51:00-04:00	2026-07-12T06:58:03-04:00	false	Add go/oracle/BUCK: Go oracle build
54e56bcee3391d51a153bb5f32afb57cf0f13ac2	abbf0a04d9912fff949ae5719723a341128536f8	2026-07-12T04:51:00-04:00	2026-07-12T06:58:03-04:00	false	Add java/oracle/BUCK: Java oracle build
5a2a51c56ea79c5795ed27dd182a686952350312	54e56bcee3391d51a153bb5f32afb57cf0f13ac2	2026-07-12T04:51:08-04:00	2026-07-12T06:58:03-04:00	false	Add Rust test fixtures
8fdeb5db33afd659133708418b75b461331e60c6	5a2a51c56ea79c5795ed27dd182a686952350312	2026-07-12T04:51:12-04:00	2026-07-12T06:58:03-04:00	false	Add TypeScript test fixtures
7848ed1dfd84328443404f3f773331d65b9a738e	8fdeb5db33afd659133708418b75b461331e60c6	2026-07-12T04:51:16-04:00	2026-07-12T06:58:03-04:00	false	Add Nix test fixtures
5588d8af6e8c5f1a89fa49780fa0b89a32fb96ca	7848ed1dfd84328443404f3f773331d65b9a738e	2026-07-12T04:51:19-04:00	2026-07-12T06:58:03-04:00	false	Add compiler integration tests
896dd721f7cf3010c8143457aae39415d472e018	5588d8af6e8c5f1a89fa49780fa0b89a32fb96ca	2026-07-12T04:51:30-04:00	2026-07-12T06:58:03-04:00	false	Add Go snapshot baselines
3877d4431be82edcb754b21237de0d2bd430b8f2	896dd721f7cf3010c8143457aae39415d472e018	2026-07-12T04:51:35-04:00	2026-07-12T06:58:03-04:00	false	Add Java snapshot baselines
bf44aa0d9e25e435b9170b5ac628f089bb6f5816	3877d4431be82edcb754b21237de0d2bd430b8f2	2026-07-12T04:51:39-04:00	2026-07-12T06:58:03-04:00	false	Add Nix snapshot baselines
18f043fa270036cc57275fea7100c25b27db9141	bf44aa0d9e25e435b9170b5ac628f089bb6f5816	2026-07-12T04:51:45-04:00	2026-07-12T06:58:03-04:00	false	Add Python snapshot baselines
ccafed3732a43dcd09a209d21dc0677e4515bf0c	18f043fa270036cc57275fea7100c25b27db9141	2026-07-12T04:51:49-04:00	2026-07-12T06:58:03-04:00	false	Add Rust snapshot baselines
13f1b2847f768cd22716343999be43737cc4f46f	ccafed3732a43dcd09a209d21dc0677e4515bf0c	2026-07-12T04:51:54-04:00	2026-07-12T06:58:03-04:00	false	Add TypeScript snapshot baselines
5f303d0cb3cd851317ca21e9e9d9325a80d32865	13f1b2847f768cd22716343999be43737cc4f46f	2026-07-12T04:52:15-04:00	2026-07-12T06:58:03-04:00	false	Add nix/buck2-artifact.json: buck2 pin
da65b848add152d3eec7c5542f4b1036c1fe3104	5f303d0cb3cd851317ca21e9e9d9325a80d32865	2026-07-12T04:52:28-04:00	2026-07-12T06:58:03-04:00	false	Remove old treesitter.rs (now treesitter/mod.rs)
99fb5f2e609ac0e4d502588192aa42b8bd2c57b9	da65b848add152d3eec7c5542f4b1036c1fe3104	2026-07-12T04:52:28-04:00	2026-07-12T06:58:03-04:00	false	Remove .buckroot (renamed to adb stub)
b454f001edb516b1aa6a31013bf105ad086ce327	99fb5f2e609ac0e4d502588192aa42b8bd2c57b9	2026-07-12T04:53:10-04:00	2026-07-12T06:58:03-04:00	false	Wire producer module into compile/mod.rs
77395cc3f630c428cfbd1bb7f1e37c59226dea99	b454f001edb516b1aa6a31013bf105ad086ce327	2026-07-12T04:53:26-04:00	2026-07-12T06:58:03-04:00	false	Update Go module: producer, oracle cleanup
ab7ed2b4d438c52521b43845435a84ccc000fc45	77395cc3f630c428cfbd1bb7f1e37c59226dea99	2026-07-12T04:53:29-04:00	2026-07-12T06:58:03-04:00	false	Update Java module: producer, oracle changes
4a1820112ab1099da16ce7a272ec49ee5b2f671b	ab7ed2b4d438c52521b43845435a84ccc000fc45	2026-07-12T04:53:33-04:00	2026-07-12T06:58:03-04:00	false	Update Nix module: producer, eval changes
5cac622a7a799b083d07c48a5e2324add56024e3	4a1820112ab1099da16ce7a272ec49ee5b2f671b	2026-07-12T04:53:36-04:00	2026-07-12T06:58:03-04:00	false	Update Python module: producer, traversal
7440b70446738164c4191aa05156311bf6f3dbab	5cac622a7a799b083d07c48a5e2324add56024e3	2026-07-12T04:53:39-04:00	2026-07-12T06:58:03-04:00	false	Update TypeScript module: producer
fa5c381a06e455819f9013fbb59be5a0dcfe0dd0	7440b70446738164c4191aa05156311bf6f3dbab	2026-07-12T04:53:43-04:00	2026-07-12T06:58:03-04:00	false	Rewrite Rust mod.rs for RA-based lowering
305de69788db425aa2185a7b844fb76f599ec7f1	fa5c381a06e455819f9013fbb59be5a0dcfe0dd0	2026-07-12T04:53:43-04:00	2026-07-12T06:58:03-04:00	false	Update Rust error.rs: RA error types
9ac9897cfea58018274e0ada3a51534b2e22bb71	305de69788db425aa2185a7b844fb76f599ec7f1	2026-07-12T04:53:47-04:00	2026-07-12T06:58:03-04:00	false	Update compiler infra: generate, graph, errors
45f7b521ec1b9e15a2561a295b8585236836b714	9ac9897cfea58018274e0ada3a51534b2e22bb71	2026-07-12T04:53:50-04:00	2026-07-12T06:58:03-04:00	false	Update IR: body removal, occurrence types
9f6caf016cce8a293e2fc8561a93d587cf4b1e6c	45f7b521ec1b9e15a2561a295b8585236836b714	2026-07-12T04:53:54-04:00	2026-07-12T06:58:03-04:00	false	Update render: backend, nix, rust emission
62c92301a561bf2566e73c7ca2c9e2f3a9f0482d	9f6caf016cce8a293e2fc8561a93d587cf4b1e6c	2026-07-12T04:53:57-04:00	2026-07-12T06:58:03-04:00	false	Update compiler BUCK: new modules
bb2730fc97cb6ad7d41abbbe4d2ddcfa50699101	62c92301a561bf2566e73c7ca2c9e2f3a9f0482d	2026-07-12T04:53:57-04:00	2026-07-12T06:58:03-04:00	false	Update producer_worker.rs: Forge integration
61e79dfe5885c61abe20a34cb070f11dc5505521	bb2730fc97cb6ad7d41abbbe4d2ddcfa50699101	2026-07-12T04:54:00-04:00	2026-07-12T06:58:03-04:00	false	Update isolate.rs: Cage worker integration
a8ec9b373a5b9efa739db1327fabb89ac0d5d59f	61e79dfe5885c61abe20a34cb070f11dc5505521	2026-07-12T04:54:04-04:00	2026-07-12T06:58:03-04:00	false	Update compiler tests: body removal, fixtures
6cf278043e01e954a36b43e8d5db5e05d61a95e5	a8ec9b373a5b9efa739db1327fabb89ac0d5d59f	2026-07-12T04:54:07-04:00	2026-07-12T06:58:04-04:00	false	Update heart: cursor, content, tenant, health
80900da333e121ef0b329a1b84df3d15feded020	6cf278043e01e954a36b43e8d5db5e05d61a95e5	2026-07-12T04:54:11-04:00	2026-07-12T06:58:04-04:00	false	Update registry: CAS, search, queue, schema
2d3fca98ff4d9fe5f1874059f0287b3ba68b9cba	80900da333e121ef0b329a1b84df3d15feded020	2026-07-12T04:54:14-04:00	2026-07-12T06:58:04-04:00	false	Update registry tests: CAS, search, metadata
71eb9af4b582bfd994f1078d78c699184a9138b8	2d3fca98ff4d9fe5f1874059f0287b3ba68b9cba	2026-07-12T04:54:18-04:00	2026-07-12T06:58:04-04:00	false	Update runtime: pagination, session, search
b7533fe70733800e54c5f99886064c2d6453075d	71eb9af4b582bfd994f1078d78c699184a9138b8	2026-07-12T04:54:21-04:00	2026-07-12T06:58:04-04:00	false	Update server: forge, authz, admin, config
1d626fedbcbe10e4b8cf072cf3405bb3073baab4	b7533fe70733800e54c5f99886064c2d6453075d	2026-07-12T04:54:25-04:00	2026-07-12T06:58:04-04:00	false	Update server: save, search, symbolic
43d4081dd0eabec287773cbfdf3811486faa8b49	1d626fedbcbe10e4b8cf072cf3405bb3073baab4	2026-07-12T04:54:28-04:00	2026-07-12T06:58:04-04:00	false	Update server tests: config, flow, surfaces
1e2f08aaf7d8ba96fc1642fecde3aee722cf92b1	43d4081dd0eabec287773cbfdf3811486faa8b49	2026-07-12T04:54:32-04:00	2026-07-12T06:58:04-04:00	false	Update sandbox: Cage, worker, limits, budget
15af47b93d399607a762d1fa0cf1bbfb599c8742	1e2f08aaf7d8ba96fc1642fecde3aee722cf92b1	2026-07-12T04:54:55-04:00	2026-07-12T06:58:04-04:00	false	Remove dead code: old rustc, qdrant, tantivy
602609f7e74f7546b68909ac6c7a1c2026ad4f32	15af47b93d399607a762d1fa0cf1bbfb599c8742	2026-07-12T04:55:22-04:00	2026-07-12T06:58:04-04:00	false	Fix android stub permissions, add adb file
f9ae38135654bd62e7634f6eee0a41c63a6a623a	602609f7e74f7546b68909ac6c7a1c2026ad4f32	2026-07-12T04:55:32-04:00	2026-07-12T06:58:04-04:00	false	Fix setup-prelude.sh executable permissions
9f5c8b06b6509a1af7bfffcb674aac21d9c9f701	f9ae38135654bd62e7634f6eee0a41c63a6a623a	2026-07-12T05:31:33-04:00	2026-07-12T06:58:04-04:00	false	Add plan documents
7082e25ba8fe97c1e47dc095e4a6d017cae82a1e	9f5c8b06b6509a1af7bfffcb674aac21d9c9f701	2026-07-12T05:31:52-04:00	2026-07-12T06:58:04-04:00	false	Add language producer impls
b21062f276f4df8a386f1f03a4d55e3a28b3aa70	7082e25ba8fe97c1e47dc095e4a6d017cae82a1e	2026-07-12T05:32:25-04:00	2026-07-12T06:58:04-04:00	false	Add android stubs, test fixtures, utils
9017169c4911cc65bd50d352e79464417cac8793	b21062f276f4df8a386f1f03a4d55e3a28b3aa70	2026-07-12T05:32:50-04:00	2026-07-12T06:58:04-04:00	false	Update root configs: buck, gitignore, flake, readme
6553d25aa2c99d5d56844d5ddbc9d0237af51ab8	9017169c4911cc65bd50d352e79464417cac8793	2026-07-12T05:32:54-04:00	2026-07-12T06:58:05-04:00	false	Update build system: toolchains, rust bzl
fee07be9c3746aeceb7cd38b398d229fff758523	6553d25aa2c99d5d56844d5ddbc9d0237af51ab8	2026-07-12T05:33:01-04:00	2026-07-12T06:58:05-04:00	false	Update compiler modules: producer wiring
b8eadf129b976ae58a396b0463489d814865f8d0	fee07be9c3746aeceb7cd38b398d229fff758523	2026-07-12T05:33:07-04:00	2026-07-12T06:58:05-04:00	false	Update compiler infra: generate, graph, IR, render
dbb737d1ee07d8685eadcf841f79c7058a14f864	b8eadf129b976ae58a396b0463489d814865f8d0	2026-07-12T05:34:23-04:00	2026-07-12T06:58:05-04:00	false	Fix android stub permissions
2633dd0ef9c8179f3a0d7158c676ec73a3faa271	dbb737d1ee07d8685eadcf841f79c7058a14f864	2026-07-12T07:00:40-04:00	2026-07-12T07:00:40-04:00	false	Finalize: apply remaining phase-fix content
7ebbc179013bf324762e968a42a8e1e80df4b05e	2633dd0ef9c8179f3a0d7158c676ec73a3faa271	2026-07-12T07:30:03-04:00	2026-07-12T07:30:03-04:00	false	feat(telemetry): OTLP traces/metrics/logs, Pyroscope, HTTP RED metrics
78140562966df05b382ba71b04afee0c1531ae08	387c56878b3b2e23c10718122fb154e02f166bad 7ebbc179013bf324762e968a42a8e1e80df4b05e	2026-07-12T12:34:43-04:00	2026-07-12T12:34:43-04:00	false	Merge branch 'main' into oxc/typescript-producer
c3ef310175d2fdb733fa7d97ce1809274e623edb	78140562966df05b382ba71b04afee0c1531ae08	2026-07-12T13:01:05-04:00	2026-07-12T13:01:05-04:00	false	fixup(merge): reconcile toolchain pair + drop Function.body + treesitter dedup
081b70e52c41d5cb38efd521d4d19638ecfead4d	7ebbc179013bf324762e968a42a8e1e80df4b05e	2026-07-12T12:37:24-04:00	2026-07-12T12:37:24-04:00	false	repro setup
f5206dc5279a0bf12bf99754b5777e68d8c66303	c3ef310175d2fdb733fa7d97ce1809274e623edb 081b70e52c41d5cb38efd521d4d19638ecfead4d	2026-07-12T13:53:58-04:00	2026-07-12T13:53:58-04:00	false	Merge branch 'main' into oxc/typescript-producer
d0b6dc4ee2ab8b96971504605cf10d62a431a8a0	f5206dc5279a0bf12bf99754b5777e68d8c66303	2026-07-12T13:57:00-04:00	2026-07-12T13:57:00-04:00	false	fixup(merge): keep self-contained flake.nix (drop main's uncommitted patch-prelude.py ref)
c2e0bce6c56330fc6242b824b2de005992c5f1a4	d0b6dc4ee2ab8b96971504605cf10d62a431a8a0	2026-07-12T13:58:18-04:00	2026-07-12T13:58:18-04:00	false	chore(ts): remove orphan deno error.rs/package.rs left by the merge (pure OXC)
9295fa0d13df027dcbfeaf8f1aaeb74c329945b6	c2e0bce6c56330fc6242b824b2de005992c5f1a4	2026-07-12T14:44:55-04:00	2026-07-12T14:44:55-04:00	false	cleanup
98784db288af9ddc379e9bcf8d1da48cd12d8d02	9295fa0d13df027dcbfeaf8f1aaeb74c329945b6	2026-07-12T15:06:21-04:00	2026-07-12T15:06:21-04:00	false	toolchain
219069b9c1dcea02f8554ab5873b467f41744def	98784db288af9ddc379e9bcf8d1da48cd12d8d02	2026-07-12T16:40:34-04:00	2026-07-12T16:40:34-04:00	false	refactor
35632a351d44f4376bb60c67ed2c7b9d568f132f	219069b9c1dcea02f8554ab5873b467f41744def	2026-07-13T22:26:56-04:00	2026-07-13T22:26:56-04:00	false	further migration
df9b85d52c20c47b6378daf6a13019e2d38a1dce	35632a351d44f4376bb60c67ed2c7b9d568f132f	2026-07-13T22:30:34-04:00	2026-07-13T22:30:34-04:00	false	committed cargo lock
53c1c669376862456b938453cff70e65fad3eefd	df9b85d52c20c47b6378daf6a13019e2d38a1dce	2026-07-13T22:58:32-04:00	2026-07-13T22:58:46-04:00	false	c# packaging
21c45a5557aaefe80626051e82f59cd4f853eb28	53c1c669376862456b938453cff70e65fad3eefd	2026-07-14T16:56:39-04:00	2026-07-14T16:56:48-04:00	false	streamlining
6eda79b6c97b58a4011cde87804cc7633ce73a09	21c45a5557aaefe80626051e82f59cd4f853eb28	2026-07-14T18:23:09-04:00	2026-07-14T18:23:09-04:00	false	more cleanup ig
53484867f4862c32c75036cb5a572d02cb3829ed	6eda79b6c97b58a4011cde87804cc7633ce73a09	2026-07-14T18:59:31-04:00	2026-07-14T18:59:31-04:00	false	further consolidation
25061c3650f4944cbc36ddfe3d3b3547183d53e9	53484867f4862c32c75036cb5a572d02cb3829ed	2026-07-15T11:40:49-04:00	2026-07-15T11:40:49-04:00	false	full fixes
0e3a3fde983f5b61e851097114cc108f26d2219c	25061c3650f4944cbc36ddfe3d3b3547183d53e9	2026-07-15T13:42:17-04:00	2026-07-15T13:42:17-04:00	false	fixed failures
75642f50617cbd1f9fbebcdcb6ce82926542f6d7	0e3a3fde983f5b61e851097114cc108f26d2219c	2026-07-15T14:00:28-04:00	2026-07-15T14:00:28-04:00	false	fixes for proper working
6152cb13acfe198f87d3b59442d52727e1c31852	75642f50617cbd1f9fbebcdcb6ce82926542f6d7	2026-07-15T15:23:14-04:00	2026-07-15T15:23:14-04:00	false	got tests working and running
e09b3c91d40e0032305fb9540030297a54925471	6152cb13acfe198f87d3b59442d52727e1c31852	2026-07-15T20:57:35-04:00	2026-07-15T20:57:35-04:00	false	refactors
50a3f19676dfb903da67a99fb7e5fd4f5a644b9a	e09b3c91d40e0032305fb9540030297a54925471	2026-07-15T21:25:46-04:00	2026-07-15T21:25:46-04:00	false	cleanup
031a69227d24fa87bde87ed21ea3501d817923dc	50a3f19676dfb903da67a99fb7e5fd4f5a644b9a	2026-07-16T22:45:53-04:00	2026-07-16T22:45:53-04:00	false	plans
5a848d65025d2bf2ab461d2776e1d06f36b90986	031a69227d24fa87bde87ed21ea3501d817923dc	2026-07-16T22:50:52-04:00	2026-07-16T22:50:52-04:00	false	library
c91c654aca86aec73736ba5de5e5bc0b6260c3fe	50a3f19676dfb903da67a99fb7e5fd4f5a644b9a	2026-07-17T11:02:52-04:00	2026-07-17T11:02:52-04:00	false	feat(ir-vcs): IR-native VCS with libpijul as the change engine
95f537034421a1258b0bdd445094a2724c2405ae	c91c654aca86aec73736ba5de5e5bc0b6260c3fe	2026-07-17T11:18:26-04:00	2026-07-17T11:18:26-04:00	false	perf(ir-vcs): borrow-based seal + O(delta) write/output, IO-speed serve
1ec859f8aef06507efb72f021de334df466adfd2	95f537034421a1258b0bdd445094a2724c2405ae	2026-07-17T12:35:17-04:00	2026-07-17T12:35:17-04:00	false	feat(ir-vcs): efficient historical replay via pijul channels — no eager snapshots
a1c18b21d0cf6b66dd8b54bf624a8da9233d0151	1ec859f8aef06507efb72f021de334df466adfd2	2026-07-17T14:46:14-04:00	2026-07-17T14:46:14-04:00	false	feat(ir-vcs): unified git-like reference model — branches, tags, versions, changes
7966f1cf992e99713842ed793dc2ffc4eb496936	a1c18b21d0cf6b66dd8b54bf624a8da9233d0151	2026-07-17T15:12:51-04:00	2026-07-17T15:12:51-04:00	false	feat(ir-vcs): demand-based checkpoint serving + repo/seal size tests
3c65018204ce281d1dc8e52b553889f8639b67bc	7966f1cf992e99713842ed793dc2ffc4eb496936	2026-07-17T18:23:22-04:00	2026-07-17T18:23:22-04:00	false	commit
85d3bc4e236676c9c8e7a03f9fc4e819ccd24b35	5a848d65025d2bf2ab461d2776e1d06f36b90986 3c65018204ce281d1dc8e52b553889f8639b67bc	2026-07-17T18:27:32-04:00	2026-07-17T18:27:32-04:00	false	Merge branch 'feat/ir-native-vcs-core'
42671bdaca955d7a585b09828c544e6e44f3c3f7	85d3bc4e236676c9c8e7a03f9fc4e819ccd24b35	2026-07-17T23:28:12-04:00	2026-07-17T23:28:12-04:00	false	commit
d1128c4d87f948cc95ab6abaf3f7b1442bcca491	42671bdaca955d7a585b09828c544e6e44f3c3f7	2026-07-18T11:08:20-04:00	2026-07-18T11:08:20-04:00	false	vendor: libpijul 1.0.0-beta.11 pristine
0f6c739b6045905966cc3504ec11f5f39b43d3bf	d1128c4d87f948cc95ab6abaf3f7b1442bcca491	2026-07-18T15:34:18-04:00	2026-07-18T15:34:18-04:00	false	docs: ir-vcs depth-1 research, structured record plan, wire v2 contract, librarification adversarial/docs
164ccfb2f8f72ad96881cca1f1278040fba24978	0f6c739b6045905966cc3504ec11f5f39b43d3bf	2026-07-18T15:34:25-04:00	2026-07-18T15:34:25-04:00	false	feat(nudox-ir): api_surface skeleton, wire v2 kind discriminants, builder/registry alignment
771583f538f875b08fabee7fd1e294d1805ded5e	164ccfb2f8f72ad96881cca1f1278040fba24978	2026-07-18T15:34:38-04:00	2026-07-18T15:34:38-04:00	false	feat(nudox-ir-vcs): continuity oracle, F1 encoding, substitution, ASCII surface, blob/checkout/checkpoint evolution
dcdb37bf75b414312eeadbae5abff57344c02121	771583f538f875b08fabee7fd1e294d1805ded5e	2026-07-18T15:34:46-04:00	2026-07-18T15:34:46-04:00	false	feat(nudox-ir-diff): IR-native diff/delta engine for structural surface classification
fb8cf1694529ea395709cdddbd4064ba5d62fd42	dcdb37bf75b414312eeadbae5abff57344c02121	2026-07-18T15:34:48-04:00	2026-07-18T15:34:48-04:00	false	fix: align ir-archive seal, ir-stream tests, and nudox-sync tests with updated SymbolWire/kind discriminants
99e852d3aea9ec1dd250705ec707bcf884396b6b	fb8cf1694529ea395709cdddbd4064ba5d62fd42	2026-07-18T21:42:15-04:00	2026-07-18T21:42:15-04:00	false	feat(ecosystem): new per-ecosystem spec crate (split from heart)
34495e3d4a1100261bd0edb618a22795eea16fc6	99e852d3aea9ec1dd250705ec707bcf884396b6b	2026-07-18T21:42:38-04:00	2026-07-18T21:42:38-04:00	false	refactor(heart): delegate name parsing to ecosystem crate, add GoProxy/MavenCentral origins
0dfc4964b359010c1105f21ec1464eb80e8dc521	34495e3d4a1100261bd0edb618a22795eea16fc6	2026-07-18T21:43:25-04:00	2026-07-18T21:43:25-04:00	false	feat(registry): upstream client with catalog followers + resolve delegation to ecosystem
8e95f8eea54a773548031303197ff745835e9a6e	0dfc4964b359010c1105f21ec1464eb80e8dc521	2026-07-18T21:45:19-04:00	2026-07-18T21:45:19-04:00	false	feat(registry): metadata/extraction improvements, zip support, minor fixes
5ef23738dfa770dd15f84dafabf9d7360385d612	8e95f8eea54a773548031303197ff745835e9a6e	2026-07-18T21:45:36-04:00	2026-07-18T21:45:36-04:00	false	feat(registry): search engine v3 — ranking overhaul, tantivy schema v3, structured queries
0a7bb1640c2fae4377105fac0f1e1f57de7a20f2	5ef23738dfa770dd15f84dafabf9d7360385d612	2026-07-18T21:45:51-04:00	2026-07-18T21:45:51-04:00	false	feat(registry): schema v3 — withdrawn/listing support, outbox op dispatch, dependents sweep
f9a6077d0c3278c739639b30a8d6fbfe1437cc67	0a7bb1640c2fae4377105fac0f1e1f57de7a20f2	2026-07-18T21:46:14-04:00	2026-07-18T21:46:14-04:00	false	feat(server): catalog follower, outbox dispatch, structured search, authz for system
bd65ee0c01c9252fa7f95363ea855ee03d87cb1e	f9a6077d0c3278c739639b30a8d6fbfe1437cc67	2026-07-18T21:46:40-04:00	2026-07-18T21:46:40-04:00	false	feat(vendor): libpijul F1 fork — field-aware pairing for NdIrF1 blobs
542b2c41119d8816b1e61de722ea14099630867e	bd65ee0c01c9252fa7f95363ea855ee03d87cb1e	2026-07-18T21:46:43-04:00	2026-07-18T21:46:43-04:00	false	docs: ir-vcs depth-1 research report, ecosystem plan outline
52d5544da9a827f97bae9e0650114d0aa11b9694	542b2c41119d8816b1e61de722ea14099630867e	2026-07-18T21:46:54-04:00	2026-07-18T21:46:54-04:00	false	test(registry): integration tests for search v3, catalog, ranking, withdrawn
792b88509efd5b9713ebc8098149f1b1ce345b76	52d5544da9a827f97bae9e0650114d0aa11b9694	2026-07-19T15:46:36-04:00	2026-07-19T15:46:36-04:00	false	build(workspace): add vector-core, vector-embed, vector-local, vector-remote workspace members
eeba30025e8266d82794ee4b199e66f4f4fa893f	792b88509efd5b9713ebc8098149f1b1ce345b76	2026-07-19T15:46:43-04:00	2026-07-19T15:46:43-04:00	false	feat(ecosystem): add download source endpoints and tests for all ecosystems
778cd4bd33af2a86e338b27ca6a9263c5933252e	eeba30025e8266d82794ee4b199e66f4f4fa893f	2026-07-19T15:47:04-04:00	2026-07-19T15:47:04-04:00	false	feat(vector): add EmbedRole (Query/Document) distinction to embedder trait
87e123a8e62ddb8f06986864f1a1929718951719	778cd4bd33af2a86e338b27ca6a9263c5933252e	2026-07-19T15:47:12-04:00	2026-07-19T15:47:12-04:00	false	feat(metadata): ecosystem-scoped synonyms v2
cb7bdbc1559d47aceb00e993169c9ad86494d483	87e123a8e62ddb8f06986864f1a1929718951719	2026-07-19T15:47:17-04:00	2026-07-19T15:47:17-04:00	false	feat(search): index-time enrichment, listing signals, spell DYM, upstream tweaks
be605420f867ab9b3351279f48c61e0dfe593ae2	cb7bdbc1559d47aceb00e993169c9ad86494d483	2026-07-19T15:47:24-04:00	2026-07-19T15:47:24-04:00	false	feat(search): spam/squat/malware gates, safety facets, popularity signals
bc97c3d907d0951d2c83aa39b7a614ad490177a6	be605420f867ab9b3351279f48c61e0dfe593ae2	2026-07-19T15:47:38-04:00	2026-07-19T15:47:38-04:00	false	feat(search): search engine v4 — structured pipeline with intent-aware ranking
7522e1e88ccd712fad93c26234b7b9bf87658888	bc97c3d907d0951d2c83aa39b7a614ad490177a6	2026-07-19T15:47:42-04:00	2026-07-19T15:47:42-04:00	false	feat(server): add bakery, rerank, depshards configuration
b5daad6f942675b6d640abf9954a7ec5caca7586	7522e1e88ccd712fad93c26234b7b9bf87658888	2026-07-19T15:47:50-04:00	2026-07-19T15:47:50-04:00	false	feat(server): implement bakery, rerank, routing handlers
55ef29bafbdffa2c1e0bde1c8609f2a23f6c56b4	b5daad6f942675b6d640abf9954a7ec5caca7586	2026-07-19T15:47:57-04:00	2026-07-19T15:47:57-04:00	false	feat(server): lifecycle, DTOs, indexing coordination for vector plane
c9fcfee5b482477ab988bb7bdeab1694b728e0af	55ef29bafbdffa2c1e0bde1c8609f2a23f6c56b4	2026-07-19T15:48:18-04:00	2026-07-19T15:48:18-04:00	false	test: add integration tests for search v4, cross-eco interleave, vector plane
c8bb262084364f83fbe4f007d50a068fe51d1b78	c9fcfee5b482477ab988bb7bdeab1694b728e0af	2026-07-19T15:48:56-04:00	2026-07-19T15:48:56-04:00	false	test: update existing tests for search v4 and ExtractionInput changes
16a42e8f585f78c2e65f0ffdb59a8af8ae85049a	c8bb262084364f83fbe4f007d50a068fe51d1b78	2026-07-19T15:49:10-04:00	2026-07-19T15:49:10-04:00	false	feat(vector): add vector-core, vector-embed, vector-local, vector-remote crates and qdrant-edge vendor
a1dfaf6ec4a0a47b88411214e9274b34669895d8	16a42e8f585f78c2e65f0ffdb59a8af8ae85049a	2026-07-19T15:49:14-04:00	2026-07-19T15:49:14-04:00	false	docs: add INDEX-PLAN.md — high-level registry index and search engine research plan
dcc0b72c09cc85ba25881bbd45008f0438768f71	a1dfaf6ec4a0a47b88411214e9274b34669895d8	2026-07-23T01:42:57-04:00	2026-07-23T01:42:57-04:00	false	everything
e8ae24c02b936dbc01985d0723025bd50326384c	a1dfaf6ec4a0a47b88411214e9274b34669895d8	2026-07-20T11:39:55-04:00	2026-07-20T11:39:55-04:00	false	wip: consolidation checkpoint — inventory, notes, plan, decisions
d80d6bb862e0071306380a5b12a22080dda5c872	e8ae24c02b936dbc01985d0723025bd50326384c	2026-07-20T11:51:15-04:00	2026-07-20T11:51:15-04:00	false	refactor(registry): regroup search/ into search/ranking/; drop dead code
325ece7bb7a0c9bfe45a0d8fa591b84cc077d93f	e8ae24c02b936dbc01985d0723025bd50326384c	2026-07-20T11:58:29-04:00	2026-07-20T11:58:29-04:00	false	refactor(ir): collapse 12 IR-plane crates into 4 (+legacy ir deferred)
680424a91fc6d3646108c3cc77147b13adc8af4e	d80d6bb862e0071306380a5b12a22080dda5c872 325ece7bb7a0c9bfe45a0d8fa591b84cc077d93f	2026-07-20T12:04:09-04:00	2026-07-20T12:04:09-04:00	false	Merge branch 'worktree-agent-a939beb4e33261c88' into refactor/consolidation-registry-purge
138e6392ed0d98b7897f7832811e0935c5906396	680424a91fc6d3646108c3cc77147b13adc8af4e	2026-07-20T12:19:04-04:00	2026-07-20T12:19:04-04:00	false	refactor(terminus): full-send drop of the Terminus graph plane
52e8cc208e759412c5b7740e82e5f71251f171de	138e6392ed0d98b7897f7832811e0935c5906396	2026-07-20T12:32:30-04:00	2026-07-20T12:32:30-04:00	false	test(server): update config tests for the Terminus-drop (instance token)
1d244e858077152d4fa12c4a50414a09341bcf6e	52e8cc208e759412c5b7740e82e5f71251f171de	2026-07-20T12:40:11-04:00	2026-07-20T12:40:11-04:00	false	wip(vector): cutover to new plane — registry green, server store-rewire pending
0481bd5c6607f6f57b7209ab8b26116bea33de7a	1d244e858077152d4fa12c4a50414a09341bcf6e	2026-07-20T19:03:25-04:00	2026-07-20T19:03:27-04:00	false	more
836776e7ff978bb3162a54a1177660165ec43e6d	0481bd5c6607f6f57b7209ab8b26116bea33de7a	2026-07-20T19:19:47-04:00	2026-07-20T19:19:47-04:00	false	refactor(consolidation): re-layer backend — heart/index/registry/driver, light ir, shared sync trait
85f7c458cd1afa60f625c1749e555681afa0a734	836776e7ff978bb3162a54a1177660165ec43e6d	2026-07-20T19:31:34-04:00	2026-07-20T19:31:34-04:00	false	feat(sync): unify all four persistence planes on heart::sync + one transport
72e4803eb21e9d5eb14dea0054f3459c64b702e4	85f7c458cd1afa60f625c1749e555681afa0a734	2026-07-20T19:48:49-04:00	2026-07-20T19:48:49-04:00	false	refactor(ecosystem): hoist Language to heart, fold ecosystem into index::ecosystem
9026ed2fa377b74fea45f80a155a945c2f51d0d5	72e4803eb21e9d5eb14dea0054f3459c64b702e4	2026-07-20T20:00:21-04:00	2026-07-20T20:00:21-04:00	false	feat(driver): federation-aware sync (§8e) + fix ecosystem-fold test imports
5a916fd1c17159e1aec60125ebf4a79d84881d49	9026ed2fa377b74fea45f80a155a945c2f51d0d5	2026-07-20T20:07:26-04:00	2026-07-20T20:07:26-04:00	false	feat(driver): wire execute_compile_phase onto the ephemeral SmolvmCage
405e149621f8a15c383bc18aa55eca05aa291a15	5a916fd1c17159e1aec60125ebf4a79d84881d49	2026-07-20T20:28:11-04:00	2026-07-20T20:28:11-04:00	false	chore(closeout): close remaining threads — dolt test, golden-RAM, driver TODOs
7399d4bb73017180307e45a9f7ec1955d60aad1b	405e149621f8a15c383bc18aa55eca05aa291a15	2026-07-20T21:07:13-04:00	2026-07-20T21:07:13-04:00	false	chore(driver): close producer-invocation + reference-derivation TODOs
770bb1f2529284e5dd231e34e9e675d5682937da	7399d4bb73017180307e45a9f7ec1955d60aad1b	2026-07-20T21:16:55-04:00	2026-07-20T21:16:55-04:00	false	feat(sync): deliver federation announcements over the wire — last TODO closed
7f1a124662a71b721386e2485b9432131f3b6f65	770bb1f2529284e5dd231e34e9e675d5682937da	2026-07-23T01:42:31-04:00	2026-07-23T01:42:31-04:00	false	refactor(driver): switch embedder to embedrs, drop symbols layer, update tests + planning docs
f02f6bbc2c0d67c0712b02a81653334af7622b9d	dcc0b72c09cc85ba25881bbd45008f0438768f71 7f1a124662a71b721386e2485b9432131f3b6f65	2026-07-23T01:45:15-04:00	2026-07-23T01:45:15-04:00	false	Merge branch 'refactor/consolidation-registry-purge' into main
4d586f866702637e26c7fef78d998c4ed5f9f7a1	f02f6bbc2c0d67c0712b02a81653334af7622b9d	2026-07-23T02:45:05-04:00	2026-07-23T02:45:05-04:00	false	fix(index): correct SearchFacets path in ranking_signals_from_facets
18b8edc65cfe2d22b962d81468e7dcb2eef71f2a	a94fdf03f541ab510aa71b4563604dacb925de55	2026-06-27T16:21:21-04:00	2026-06-27T16:21:21-04:00	false	initial IR refactor: arena scaffolding
453588d5795f8abc57f2a2e60e07103bac2b4277	18b8edc65cfe2d22b962d81468e7dcb2eef71f2a	2026-06-27T18:03:22-04:00	2026-06-27T18:03:22-04:00	false	add Default derive and EntryArena::new
82775793eb329120b9c2daaf94f6ed5ca17e7720	453588d5795f8abc57f2a2e60e07103bac2b4277	2026-06-27T18:05:58-04:00	2026-06-27T18:05:58-04:00	false	finish incomplete safety comment
e513e8fe94abc21c1452faa72b65a7ca2cb8e1bf	82775793eb329120b9c2daaf94f6ed5ca17e7720	2026-06-29T16:55:10-04:00	2026-06-29T16:55:10-04:00	false	split out Node from Entry to enable IR entry builder API
39894bff0fd21ada833fccf1ffdf73bdb9a7505a	e513e8fe94abc21c1452faa72b65a7ca2cb8e1bf	2026-06-29T16:56:49-04:00	2026-06-29T16:56:49-04:00	false	use fn() -> T for EntryIdx to model semantics accurately
1b85591abcfab931cb2b30194abc045868c4da47	39894bff0fd21ada833fccf1ffdf73bdb9a7505a	2026-07-03T11:37:57-05:00	2026-07-03T11:37:57-05:00	false	remove existing modules from comments
19c18a05f1b2cf5746ceb5290c2303640cea3fc9	1b85591abcfab931cb2b30194abc045868c4da47	2026-07-03T11:39:50-05:00	2026-07-03T11:39:50-05:00	false	remove nightly feature and possible UB in favor of panicking
52c72f1472b11eb7beb636f9872662d254c3ee82	19c18a05f1b2cf5746ceb5290c2303640cea3fc9	2026-07-03T11:48:15-05:00	2026-07-03T11:48:15-05:00	false	minor changes to TypedEntry & Kind APIs
4d24021842a819fd46397a21b139bf9dbe6c5ab5	52c72f1472b11eb7beb636f9872662d254c3ee82	2026-07-03T11:54:06-05:00	2026-07-03T11:54:06-05:00	false	add TypedEntry test to ensure `get` works as intended
577984b830134aa6db04a10f2f822dcbe564429d	4d24021842a819fd46397a21b139bf9dbe6c5ab5	2026-07-03T11:57:02-05:00	2026-07-03T11:57:02-05:00	false	remove unneeded unsafe qualifier on TypedEntry::new
cfe82cfa4adfc21d4d854cdd331a8bde7eaa00ab	577984b830134aa6db04a10f2f822dcbe564429d	2026-07-03T12:21:04-05:00	2026-07-03T12:21:04-05:00	false	starting EntryArena entry builder API with TDD
e03c6530b5f9f6ae267a52699c1173066a3bf644	cfe82cfa4adfc21d4d854cdd331a8bde7eaa00ab	2026-07-03T19:10:29-05:00	2026-07-03T19:10:29-05:00	false	drop ecow and pass first test for TDD
86289076fae870600ed4bdc1cb0f249667091bd5	e03c6530b5f9f6ae267a52699c1173066a3bf644	2026-07-03T22:31:51-05:00	2026-07-03T22:31:51-05:00	false	add more test stuff, cleanup & minor impl changes
b6af9dd55a457a1af7913a80c0350e1abb097512	86289076fae870600ed4bdc1cb0f249667091bd5	2026-07-07T12:06:55-04:00	2026-07-07T12:06:55-04:00	false	`EntryBuilder::create` public API, minor IR changes
91f10a69fdc48ccd8c63ea943c4897c976012b1c	b6af9dd55a457a1af7913a80c0350e1abb097512	2026-07-13T02:28:53-04:00	2026-07-13T02:28:53-04:00	false	add initial EntryLink graph impl to EntryArena
4ce35a7b469042426ac7e5cab0c791da66036af9	91f10a69fdc48ccd8c63ea943c4897c976012b1c	2026-07-13T15:11:06-04:00	2026-07-13T15:11:06-04:00	false	restructure modules, add package field to EntryIdx
1cf2888b7e98a6f32de21083ed1246b91729a197	4ce35a7b469042426ac7e5cab0c791da66036af9	2026-07-13T15:37:26-04:00	2026-07-13T15:37:26-04:00	false	initial registry trait scaffolding
a99071411a432eb9f979aae1fb6fba06193a5496	1cf2888b7e98a6f32de21083ed1246b91729a197	2026-07-13T16:12:59-04:00	2026-07-13T16:12:59-04:00	false	add EntryInner enum for owned/reference distinction
9cb26ccd96d8a728d40020fc443e7149b57ff3ec	a99071411a432eb9f979aae1fb6fba06193a5496	2026-07-14T17:24:23-04:00	2026-07-14T17:24:23-04:00	false	flesh out Registry trait to resolve external `EntryIdx`s
b669c1eb5e9347f6aa17bc804ad29076d06bb675	9cb26ccd96d8a728d40020fc443e7149b57ff3ec	2026-07-14T18:21:39-04:00	2026-07-14T18:21:39-04:00	false	fix doc issue: entity -> entry
cda86dbcdb0c05640676a45d6e34aabe9ed5c3ee	b669c1eb5e9347f6aa17bc804ad29076d06bb675	2026-07-14T18:22:52-04:00	2026-07-14T18:22:52-04:00	false	remove leftover empty arena/entry.rs
d830b224850aa8399efff9fcabb8944bf4380f59	cda86dbcdb0c05640676a45d6e34aabe9ed5c3ee	2026-07-14T18:30:19-04:00	2026-07-14T18:30:19-04:00	false	drop NudoxPath entirely
a1e7103d1cbee2f1a0cfed2a41c984db44e011d9	d830b224850aa8399efff9fcabb8944bf4380f59	2026-07-14T18:31:15-04:00	2026-07-14T18:31:15-04:00	false	initial IR notes
25137a3a650922402790e0bef3fe4ae62604c684	a1e7103d1cbee2f1a0cfed2a41c984db44e011d9	2026-07-15T16:02:07-04:00	2026-07-15T16:02:07-04:00	false	initial serde support for EntryIdx, restructuring
7e9bbc603a6d786a597587d6dbacce003e492c1a	25137a3a650922402790e0bef3fe4ae62604c684	2026-07-15T16:20:41-04:00	2026-07-15T16:20:41-04:00	false	simplify Kind::variant_as_dyn
7468b79825582087eb088db0ac73af410f4e136b	7e9bbc603a6d786a597587d6dbacce003e492c1a	2026-07-15T16:26:30-04:00	2026-07-15T16:26:30-04:00	false	add serde::Serialize and serde::Deserialize derives
6be6a28b6a884f423737bc4a2dfc0086d64c7e2a	7468b79825582087eb088db0ac73af410f4e136b	2026-07-15T16:27:32-04:00	2026-07-15T16:27:32-04:00	false	add Function to Kind variants
26f9b90ed2c7d80f1df6f299628b8d27db996a11	6be6a28b6a884f423737bc4a2dfc0086d64c7e2a	2026-07-15T17:15:29-04:00	2026-07-15T17:15:29-04:00	false	make EntryKind trait pub and seal to allow removing expect(private_bounds)
c56ca2d1d8c063b5e60e0fadc76c4eaf6f58eb7d	26f9b90ed2c7d80f1df6f299628b8d27db996a11	2026-07-15T17:16:24-04:00	2026-07-15T17:16:24-04:00	false	replace serde::Deserialize with serde::de::DeserializeOwned for correctness
fa7fce04ebe43cec7e2dd8d5c9fbf96340db3593	c56ca2d1d8c063b5e60e0fadc76c4eaf6f58eb7d	2026-07-15T17:28:53-04:00	2026-07-15T17:28:53-04:00	false	rename Registry trait to Registry resolver, rework slightly, refactor
4733bfa2fddcba2f2788aa2bf676e7ac8e491710	fa7fce04ebe43cec7e2dd8d5c9fbf96340db3593	2026-07-15T17:36:46-04:00	2026-07-15T17:36:46-04:00	false	add Node helper constructors
92487d0f33585d6662c72d366ff0c25a9ab31013	4733bfa2fddcba2f2788aa2bf676e7ac8e491710	2026-07-15T17:54:40-04:00	2026-07-15T18:10:49-04:00	false	unify things in test_helpers, clean up tests
d8e9c4dc97217453f5da91dbb4b52c3a618490b2	92487d0f33585d6662c72d366ff0c25a9ab31013	2026-07-15T19:22:28-04:00	2026-07-15T19:22:28-04:00	false	checkpoint: WIP -- cleanup & major registry-related API refactor & improvements
67fe3ddcd831280aec15fe7d2dfc536d9a48c961	d8e9c4dc97217453f5da91dbb4b52c3a618490b2	2026-07-15T23:21:42-04:00	2026-07-15T23:21:42-04:00	false	checkpoint: big refactor progress and solidifying public API
6c0dbefb9e4364c92d94b55c1854e3fb62756a5f	67fe3ddcd831280aec15fe7d2dfc536d9a48c961	2026-07-16T00:24:00-04:00	2026-07-16T00:24:00-04:00	false	somewhat efficient PackageId impl scaffold
ba127b1e5ea620358086236ad3432ed3c143eed2	6c0dbefb9e4364c92d94b55c1854e3fb62756a5f	2026-07-16T00:33:57-04:00	2026-07-16T00:33:57-04:00	false	simplify PackageId impl
6e85b413f9d8b163ff0e2df8651c0822756af8e6	ba127b1e5ea620358086236ad3432ed3c143eed2	2026-07-16T00:34:40-04:00	2026-07-16T00:34:40-04:00	false	cargo update
44cb4e45486760512c61504f865b0c2632249237	6e85b413f9d8b163ff0e2df8651c0822756af8e6	2026-07-16T02:11:51-04:00	2026-07-16T02:11:51-04:00	false	add minimal `Record` builder API as demonstration and POC
8d471ebd261d6f3c7e5e9b2f54749db6676029ec	44cb4e45486760512c61504f865b0c2632249237	2026-07-16T15:25:45-04:00	2026-07-16T15:25:45-04:00	false	migrate Vec<T> to Box<[T]> (List<T> alias) and use FromIterator::from_iter/impl IntoIterator
531ce50a0239b2a1dce73cdeb3a318a612dfab2e	8d471ebd261d6f3c7e5e9b2f54749db6676029ec	2026-07-16T16:43:38-04:00	2026-07-16T16:43:38-04:00	false	checkpoint: refactoring to support deferred EntryIdx, making things better (WIP)
dfec7649890f2c69badf6d36633be0e7c438055b	531ce50a0239b2a1dce73cdeb3a318a612dfab2e	2026-07-16T18:02:47-04:00	2026-07-16T18:02:47-04:00	false	checkpoint: refactoring to support deferred EntryIdx: rework EntryBuilder (WIP)
e41a458ee932f5751965b317b3e3d884ecb4a724	dfec7649890f2c69badf6d36633be0e7c438055b	2026-07-16T19:29:32-04:00	2026-07-16T19:29:32-04:00	false	checkpoint: refactoring to support deferred EntryIdx: lots of changes
a2d18dff1988e3b26e91a175618f6b95a9d5ca61	e41a458ee932f5751965b317b3e3d884ecb4a724	2026-07-16T19:39:40-04:00	2026-07-16T19:39:40-04:00	false	skip one test, fix regression in EntryBuilder to fix another
b40b6077329f5c5ccb004f40068c8980dfb27621	a2d18dff1988e3b26e91a175618f6b95a9d5ca61	2026-07-16T19:41:36-04:00	2026-07-16T19:41:36-04:00	false	drop most rustfmt.toml fields, `cargo fmt`
cc08182801e58cd94364aa19b94d5a5a83584619	b40b6077329f5c5ccb004f40068c8980dfb27621	2026-07-17T00:17:37-04:00	2026-07-17T00:17:37-04:00	false	make links per-package, drop EntryArena and rename ArenaIdx to ScopeIdx
34c2781cd04d0bb25b219ae7d0c55dab20e7c24b	cc08182801e58cd94364aa19b94d5a5a83584619	2026-07-17T00:48:53-04:00	2026-07-17T00:48:53-04:00	false	impl deferred indices up until actually resolving deferred, cleanup
8b79150db69d3f26ad3d30c43d2f7142bf39f6f2	34c2781cd04d0bb25b219ae7d0c55dab20e7c24b	2026-07-18T01:43:31-04:00	2026-07-18T01:43:31-04:00	false	finish up rework mostly
a205771e359f05f0da7e4042af59fb9fa8c158a8	8b79150db69d3f26ad3d30c43d2f7142bf39f6f2	2026-07-19T19:12:51-04:00	2026-07-19T19:12:51-04:00	false	add initial RegistryResolver test impl, minor improvements
0ea9e4911e3eb83fde35c3f07b34bb2ab1a5481e	a205771e359f05f0da7e4042af59fb9fa8c158a8	2026-07-19T19:57:11-04:00	2026-07-19T19:57:11-04:00	false	make RegistryState and EntryBuilder typed
9f2d1f1e7c362e5db89d6a3fe3694de8d7cec937	0ea9e4911e3eb83fde35c3f07b34bb2ab1a5481e	2026-07-19T20:44:58-04:00	2026-07-19T20:44:58-04:00	false	untype and un-pub RegistryState, introduce DeserContext
019bbc47425e7d8d6cf49bc3003cf53106cf41a9	9f2d1f1e7c362e5db89d6a3fe3694de8d7cec937	2026-07-20T02:34:04-04:00	2026-07-20T02:34:04-04:00	false	integration tests and related changes
db72db08cffbc219f115edce3ae2c1cfb27bd584	019bbc47425e7d8d6cf49bc3003cf53106cf41a9	2026-07-22T18:49:58-04:00	2026-07-22T18:49:58-04:00	false	WIP refactor (again) checkpoint: registry impl
a643b2c36fe317a6fb45b67223c4cd01389209af	db72db08cffbc219f115edce3ae2c1cfb27bd584	2026-07-23T01:17:06-04:00	2026-07-23T01:17:06-04:00	false	building IR (hopefully actually works)
e293781427fd4fbd1b6b8df4dc87795317b488dc	a643b2c36fe317a6fb45b67223c4cd01389209af	2026-07-23T01:20:42-04:00	2026-07-23T01:20:42-04:00	false	add Entry::kind to public API, minor code change
c6569dc31e048ba641d4123b14cf3be34aab2baa	e293781427fd4fbd1b6b8df4dc87795317b488dc	2026-07-23T02:21:15-04:00	2026-07-23T02:21:15-04:00	false	re-add bon builder API
f5efe3fbd1dc445c320e9857bc4f2a2192c53955	c6569dc31e048ba641d4123b14cf3be34aab2baa	2026-07-23T17:24:30-04:00	2026-07-23T17:24:30-04:00	false	promote Param to a Kind and flesh out Function
789098f176086b81da38c95ba86a7c563bfa9849	f5efe3fbd1dc445c320e9857bc4f2a2192c53955	2026-07-23T17:42:52-04:00	2026-07-23T17:42:52-04:00	false	flesh out Field and add Record super-types
f44db6fc620694ee97115a3885bf05221ee613d1	789098f176086b81da38c95ba86a7c563bfa9849	2026-07-23T17:48:30-04:00	2026-07-23T17:48:30-04:00	false	add sealed Indexable trait to catch invalid T for EntryIndex<T>
ecc3d5458e74a465d488c7e2aa770286916e61e3	f44db6fc620694ee97115a3885bf05221ee613d1	2026-07-23T18:03:25-04:00	2026-07-23T18:03:25-04:00	false	promote sum types to Enum and Variant Kinds
e0c009d893e05e1c51a6aa870ba6844594dddc74	ecc3d5458e74a465d488c7e2aa770286916e61e3	2026-07-23T22:22:39-04:00	2026-07-23T22:22:39-04:00	false	fix bugs in EntryIndex, add `default` to bon builders where necessary, and add our first test
4dcdecb138bebca748a7f54f05b3e37ef5cd8e36	e0c009d893e05e1c51a6aa870ba6844594dddc74	2026-07-24T16:58:23-04:00	2026-07-24T16:58:23-04:00	false	remove leftover debug printlns
dce5012ab4c0b5b3760e448636a563400586b4f8	4dcdecb138bebca748a7f54f05b3e37ef5cd8e36	2026-07-24T17:26:36-04:00	2026-07-24T17:26:36-04:00	false	also test the exact `Entry`s being built
1f9679c292f645d70122849c6114675e4a98c5ae	dce5012ab4c0b5b3760e448636a563400586b4f8	2026-07-24T17:55:53-04:00	2026-07-24T17:55:53-04:00	false	add more RegistryResolver impls for testing
0bc4026760ea985aa7bd17cd89a03be4a77a2c69	1f9679c292f645d70122849c6114675e4a98c5ae	2026-07-24T19:01:26-04:00	2026-07-24T19:01:26-04:00	false	fix infinite recursion in Visitor impls
17f4f61bc05a998a2d2d082f4b431661ea2dc212	0bc4026760ea985aa7bd17cd89a03be4a77a2c69	2026-07-24T19:01:56-04:00	2026-07-24T19:01:56-04:00	false	fix some bugs and add a test that actually loads an Entry into the Registry
511fca4d34e5d671a5dce98383d7bf451f1144ab	17f4f61bc05a998a2d2d082f4b431661ea2dc212	2026-07-24T19:05:47-04:00	2026-07-24T19:05:47-04:00	false	use tokio::sync::Mutex instead of parking_lot Mutex to avoid holding parking lot Mutex over await point
d8f765022ac41a0ef5ba0472db252ca35f19901d	511fca4d34e5d671a5dce98383d7bf451f1144ab	2026-07-24T19:08:35-04:00	2026-07-24T19:08:35-04:00	false	move resolver locking into RegistryState handling to allow short-lived locks
96a3f9d5bb0e26a4eb6846dd344bcce0c10e1ad2	d8f765022ac41a0ef5ba0472db252ca35f19901d	2026-07-24T19:09:15-04:00	2026-07-24T19:09:15-04:00	false	drop unused parking_lot dep
aa26dda72af91cd4f867d007a1cdb992ed1993ae	96a3f9d5bb0e26a4eb6846dd344bcce0c10e1ad2	2026-07-24T19:09:46-04:00	2026-07-24T19:09:46-04:00	false	drop unused bimap dep
e0e0d8ead98d7303fcdea093a91ad71c7460dfd8	4d586f866702637e26c7fef78d998c4ed5f9f7a1 aa26dda72af91cd4f867d007a1cdb992ed1993ae	2026-07-24T20:11:17-04:00	2026-07-24T20:11:17-04:00	false	Merge PR #2 (ir-refactor): add crates/nudox-ir
76dbdcc7cf9b583ce5187da9be396d235eb5e8a9	a01e85a03dc82ce187133c257bb4691474c524a1	2026-03-26T14:36:11-04:00	2026-06-08T13:41:56-05:00	false	checkpoint
a4fce104d831544f9f817a5076232685005db2c4	76dbdcc7cf9b583ce5187da9be396d235eb5e8a9	2026-03-27T23:25:35-04:00	2026-06-08T13:43:33-05:00	false	checkpoint
62bf782737defd90233798603e5903f816204b5a	a4fce104d831544f9f817a5076232685005db2c4	2026-05-16T16:10:48-04:00	2026-06-08T13:44:34-05:00	false	checkpoint
69cd1e7345f7da3323e413aa157c3c5e60faac89	62bf782737defd90233798603e5903f816204b5a	2026-05-16T19:45:35-04:00	2026-06-08T13:53:02-05:00	false	checkpoint
439a7445badda7ac7c4377043dd8df554dd566ae	69cd1e7345f7da3323e413aa157c3c5e60faac89	2026-05-16T22:26:44-04:00	2026-06-08T13:53:05-05:00	false	flesh out testing, fix some minor bugs
2708795f1beb3a96be1882987d1343819fb15a0f	439a7445badda7ac7c4377043dd8df554dd566ae	2026-05-27T18:50:33-05:00	2026-06-08T13:53:41-05:00	false	restore wild for linking on linux
d0a6d5bf18bb597f96c460178f1f3c7ebbdc1ace	2708795f1beb3a96be1882987d1343819fb15a0f	2026-06-08T14:32:03-05:00	2026-06-08T14:32:03-05:00	false	cleanup after rebase: still wip
9a38d3741284180ce66e8df66aef5e5e1f3d618a	d0a6d5bf18bb597f96c460178f1f3c7ebbdc1ace	2026-06-08T14:34:06-05:00	2026-06-08T14:34:06-05:00	false	remove unused function
11ab1cc9d30d97deeef09c152e6f5c7c195dfd6d	9a38d3741284180ce66e8df66aef5e5e1f3d618a	2026-06-08T14:35:35-05:00	2026-06-08T14:35:35-05:00	false	update snapshot tests
b3e33bb4f9d10f0b8bc8a7020e4c17fa2493d94c	e0e0d8ead98d7303fcdea093a91ad71c7460dfd8 11ab1cc9d30d97deeef09c152e6f5c7c195dfd6d	2026-07-24T20:14:09-04:00	2026-07-24T20:14:09-04:00	false	Merge PR #1 (clang): add C/C++ clang producer support
1ece5d79c4871230c7d747011339d0fcdb2f4bc8	b3e33bb4f9d10f0b8bc8a7020e4c17fa2493d94c	2026-07-24T20:45:54-04:00	2026-07-24T20:45:54-04:00	false	<fixed>(<optional scope>): <subject>
ce9ae347539c8ee94b788f58f491ec49f413abe6	1ece5d79c4871230c7d747011339d0fcdb2f4bc8	2026-07-24T23:31:21-04:00	2026-07-24T23:31:21-04:00	false	fix(nudox-ir): properly round-trip EntryIndex serialization, also add clearer Debug repr
ccd4c58ac9c7f672ef8d8b40b369e6a7e1f7e54e	ce9ae347539c8ee94b788f58f491ec49f413abe6	2026-07-24T23:35:05-04:00	2026-07-24T23:35:05-04:00	false	nudox-ir: expand Registry test
a01b6fa875d733522a472853fca9941da1c1f800	ccd4c58ac9c7f672ef8d8b40b369e6a7e1f7e54e	2026-07-25T00:32:49-04:00	2026-07-25T00:32:49-04:00	false	initial library-level docs
bc5f8abd0a83eb03e9be0cb5f1f082ffaea62d65	a01b6fa875d733522a472853fca9941da1c1f800	2026-07-25T00:33:12-04:00	2026-07-25T00:33:12-04:00	false	fix doc link
69d83bfb0d33b6dd08047997dfcb7011cce0a6d5	bc5f8abd0a83eb03e9be0cb5f1f082ffaea62d65	2026-07-25T00:39:53-04:00	2026-07-25T00:39:53-04:00	false	nudox-ir: EntryIndex initial docs
63ab98b278eb361aa879ae41070a4000aca74e55	69d83bfb0d33b6dd08047997dfcb7011cce0a6d5	2026-07-25T00:45:00-04:00	2026-07-25T00:45:00-04:00	false	nudox-ir: Entry and Symbol docs
c4298f8febd3a4c2ea24744fba78e3b0a1b3aad5	63ab98b278eb361aa879ae41070a4000aca74e55	2026-07-25T00:47:16-04:00	2026-07-25T00:47:16-04:00	false	nudox-ir: UniqueId docs
6adb884350371c432efe534287259a582db0e1ed	c4298f8febd3a4c2ea24744fba78e3b0a1b3aad5	2026-07-25T00:51:21-04:00	2026-07-25T00:51:21-04:00	false	nudox-ir: Registry docs
95de1ade7569e266bb7c6bfc6ad88b89620fb0c2	6adb884350371c432efe534287259a582db0e1ed	2026-07-25T00:57:50-04:00	2026-07-25T00:57:50-04:00	false	nudox-ir: RegistryResolver docs
48667df0df8e5d12dd40bb965f2fadbdd0393d14	95de1ade7569e266bb7c6bfc6ad88b89620fb0c2	2026-07-25T01:00:55-04:00	2026-07-25T01:00:55-04:00	false	nudox-ir: PackageId docs
81d9e8f0e72bb2ec08c30ff5457f2d7cbd995578	48667df0df8e5d12dd40bb965f2fadbdd0393d14	2026-07-25T01:02:16-04:00	2026-07-25T01:02:16-04:00	false	nudox-ir: initial TypedEntry docs
92f1dd98b55a21571a4e062c1464d950dc340d91	81d9e8f0e72bb2ec08c30ff5457f2d7cbd995578	2026-07-25T01:04:58-04:00	2026-07-25T01:04:58-04:00	false	nudox-ir: initial IrPackage docs
c0c4faff82c999c209e42acdf8f956752630d4df	92f1dd98b55a21571a4e062c1464d950dc340d91	2026-07-25T01:08:53-04:00	2026-07-25T01:08:53-04:00	false	nudox-ir: fix some doc links
a810bdeb8bbc1ab8d1fe604abd17bc953bd94374	c0c4faff82c999c209e42acdf8f956752630d4df	2026-07-25T01:13:54-04:00	2026-07-25T01:13:54-04:00	false	nudox-ir: EntryBuilder docs
5465613d58d6148205e4bfa7a456557299a66187	a810bdeb8bbc1ab8d1fe604abd17bc953bd94374	2026-07-25T01:14:59-04:00	2026-07-25T01:14:59-04:00	false	nudox-ir: fix doc link
49aeec67e4e2f2e7c0a9f719c7389aaba9fd8606	5465613d58d6148205e4bfa7a456557299a66187	2026-07-24T23:10:17-04:00	2026-07-25T23:31:40-04:00	false	docs(ir): add migration + north-star plans (adversarially hardened)
ec37d58434b8598b00757e984e2e0a91afa88b53	49aeec67e4e2f2e7c0a9f719c7389aaba9fd8606	2026-07-24T23:10:18-04:00	2026-07-25T23:32:15-04:00	false	feat(nudox-ir): declaration model to parity — typed handles, 12 kinds, rich bodies
0feb9fa9f676eefc31829a4e9db246dfc3f07ee5	ec37d58434b8598b00757e984e2e0a91afa88b53	2026-07-24T23:19:05-04:00	2026-07-25T23:32:15-04:00	false	feat(nudox-ir): content-addressed change identity primitives
9b7605838f7da51faf03a8995d1f138821c0c8bc	0feb9fa9f676eefc31829a4e9db246dfc3f07ee5	2026-07-25T12:27:32-04:00	2026-07-25T23:32:15-04:00	false	feat(nudox-ir): IntroId minting + skeletons — fixes the disambiguator collision
8381c16eb9ba9c9b5476aa7093d0eadd5e431ef4	9b7605838f7da51faf03a8995d1f138821c0c8bc	2026-07-25T12:31:03-04:00	2026-07-25T23:32:15-04:00	false	feat(nudox-ir): occurrence vocabulary + PristineIntroTable
4b655a3dbdd1b4c33d46644c9eff3f1cd0f4639d	8381c16eb9ba9c9b5476aa7093d0eadd5e431ef4	2026-07-25T12:39:35-04:00	2026-07-25T23:32:16-04:00	false	feat(nudox-ir): seal — arena two-pass minting IntroIds into a PristineIntroTable
f58ba74f5f651d83026bc7cbb2ab7853aaea0e2b	4b655a3dbdd1b4c33d46644c9eff3f1cd0f4639d	2026-07-25T12:42:07-04:00	2026-07-25T23:32:16-04:00	false	feat(nudox-ir): dual-fidelity body plane + reflect (export boundary + monikers)
59b4f16f0d0bf76ee1b59b14088665e77b4baa17	f58ba74f5f651d83026bc7cbb2ab7853aaea0e2b	2026-07-25T12:49:37-04:00	2026-07-25T23:32:16-04:00	false	feat(nudox-ir): IrView read model + GenerationStamp
5a15a94be0d67dfde9b68fcb9995a24ef4ac5016	59b4f16f0d0bf76ee1b59b14088665e77b4baa17	2026-07-25T12:52:00-04:00	2026-07-25T23:32:16-04:00	false	style(nudox-ir): rustfmt seal.rs
9ee4f7ce4017c9c3abf5b7a2001e6ce5dd3e4dcd	5a15a94be0d67dfde9b68fcb9995a24ef4ac5016	2026-07-25T16:50:51-04:00	2026-07-25T23:33:37-04:00	false	refactor(nudox-ir): unify entry references under Ref<T> + seal lowering (phase 1)
3dd7521fde34d9cd28015f0ea63e50f8f6e648a2	9ee4f7ce4017c9c3abf5b7a2001e6ce5dd3e4dcd	2026-07-25T17:05:02-04:00	2026-07-25T23:33:38-04:00	false	feat(nudox-ir): Type nominal refs + generic application (phase 2)
ed7fea1f7af9671ade224d0372e5a33a1c280ad9	3dd7521fde34d9cd28015f0ea63e50f8f6e648a2	2026-07-25T18:11:06-04:00	2026-07-25T23:33:38-04:00	false	feat(nudox-ir): path identity, Alias kind, richness parity, Lowering, golden gate
5223856eae89a2436f1624b8f27ac2cf19900f2e	ed7fea1f7af9671ade224d0372e5a33a1c280ad9	2026-07-25T18:14:15-04:00	2026-07-25T23:33:38-04:00	false	docs(ir-migration): record P-A/P-B/richness/gate landing + measured P-C inventory
b369d323a9f99b7658d75327aa9b3b901e0e3d1c	5223856eae89a2436f1624b8f27ac2cf19900f2e	2026-07-25T18:28:23-04:00	2026-07-25T23:33:38-04:00	false	feat(ir-vcs): wire the body plane into the continuity matcher (B2)
bb2381944df41c3cf3e8f5b54f8efec120093800	b369d323a9f99b7658d75327aa9b3b901e0e3d1c	2026-07-25T18:56:26-04:00	2026-07-25T23:33:38-04:00	false	feat(nudox-ir): content hash, relations, manifest and codec planes
b95e983a32f9a7c7f3e4aae0638922e41ecc227c	bb2381944df41c3cf3e8f5b54f8efec120093800	2026-07-25T19:08:52-04:00	2026-07-25T23:33:38-04:00	false	fix(ir-vcs): σ-aware finish() deletion + body materialization deferral
24b2c189d8217add882d9bb7d6e566be689e41b0	b95e983a32f9a7c7f3e4aae0638922e41ecc227c	2026-07-25T19:08:52-04:00	2026-07-25T23:33:38-04:00	false	feat(ir-vcs): richer body-similarity signal + tests
5783a8577e013ae07adb4ba5aabaf4c052a492c4	24b2c189d8217add882d9bb7d6e566be689e41b0	2026-07-25T19:08:52-04:00	2026-07-25T23:33:38-04:00	false	fix(ir-vcs): correct stale crate name in stream doctest
019f70bd9252c73aeb1092771cf28fc8c3b3e8ac	5783a8577e013ae07adb4ba5aabaf4c052a492c4	2026-07-25T19:14:05-04:00	2026-07-25T23:33:38-04:00	false	feat(nudox-producer): producer foundation
53941ea1ec3ded411123a3b79ce5bac5c45dc98e	019f70bd9252c73aeb1092771cf28fc8c3b3e8ac	2026-07-25T19:19:10-04:00	2026-07-25T23:33:38-04:00	false	docs(ir-migration): 0.8 — P-D producer port plan + measured dependency triage
321cf8fd78c7589fb127435a12af30617e59ae4b	53941ea1ec3ded411123a3b79ce5bac5c45dc98e	2026-07-25T19:21:46-04:00	2026-07-25T23:33:38-04:00	false	feat: registry+index cutover to nudox-ir
94ed19a5d67bf1d64ef9c49b378b49ee985d2f88	321cf8fd78c7589fb127435a12af30617e59ae4b	2026-07-25T19:26:25-04:00	2026-07-25T23:34:02-04:00	false	feat(nudox-producer-go): Go producer
9dca5d7412872591d31e51942d58ee0d9fc51fd8	94ed19a5d67bf1d64ef9c49b378b49ee985d2f88	2026-07-25T23:34:33-04:00	2026-07-25T23:34:33-04:00	false	feat(nudox-producer-csharp): C# producer
982682150455a0cd6a44f3a6c88b4b5f4fcd7c88	9dca5d7412872591d31e51942d58ee0d9fc51fd8	2026-07-25T19:29:46-04:00	2026-07-25T23:34:38-04:00	false	feat: Go and C# producers, greenfield onto the new IR
04a7270d47b64fe04c8b2146950c9adb23717f4e	982682150455a0cd6a44f3a6c88b4b5f4fcd7c88	2026-07-25T23:31:23-04:00	2026-07-25T23:34:38-04:00	false	changes
b4cd81cd9bc694436124f17e38809967320f2c19	04a7270d47b64fe04c8b2146950c9adb23717f4e	2026-07-25T23:51:30-04:00	2026-07-25T23:51:30-04:00	false	feat(nudox-ir): Type::TypeVar and Type::Wildcard; restore producer manifest
e13ca9d24ebc24573d78e51c32976c7477c334dc	b4cd81cd9bc694436124f17e38809967320f2c19	2026-07-26T00:13:09-04:00	2026-07-26T00:13:09-04:00	false	wip: Rust and TypeScript producers (Rust not yet compiling)
41294ca2497b7ae3e1a2b32666413e1ff37cf341	e13ca9d24ebc24573d78e51c32976c7477c334dc	2026-07-26T21:49:04-07:00	2026-07-26T21:49:04-07:00	false	feat(nudox-producer-rust): compiles green against ra_ap 0.0.341 (10 tests)
5ba80e072eae9dfd13a97cc4affc55fcdb19c6cb	41294ca2497b7ae3e1a2b32666413e1ff37cf341	2026-07-26T22:01:07-07:00	2026-07-26T22:01:07-07:00	false	feat(nudox-producer-clang): C/C++ producer + RecordForm::Union
f866d45815648c0974d9af600d05d9b9522bc1b5	5ba80e072eae9dfd13a97cc4affc55fcdb19c6cb	2026-07-26T22:02:50-07:00	2026-07-26T22:02:50-07:00	false	feat(nudox-producer-typescript): compiles green against OXC 0.139.0 (11 tests)
d9ddbf8abecb0a792d839c074a193343755d411f	f866d45815648c0974d9af600d05d9b9522bc1b5	2026-07-26T22:19:42-07:00	2026-07-26T22:19:42-07:00	false	feat(nudox-ir): type-construction methods on Lowering
879d154c73b986969fc49c09ca62489f0e9087fc	d9ddbf8abecb0a792d839c074a193343755d411f	2026-07-26T22:21:44-07:00	2026-07-26T22:21:44-07:00	false	feat: Java and Python producers; ParamAttribute::KeywordOnly
d04dd2a763b8d598918c420e132815c5ce893d06	879d154c73b986969fc49c09ca62489f0e9087fc	2026-07-26T22:24:36-07:00	2026-07-26T22:24:36-07:00	false	fix(nudox-producer-go): close seven richness regressions (38 tests, was 21)
e3e704ddf9dc141a6517d6b856867f3ffaff67c8	d04dd2a763b8d598918c420e132815c5ce893d06	2026-07-26T22:25:34-07:00	2026-07-26T22:25:34-07:00	false	fix(nudox-producer-csharp): close richness regressions (20 tests, was 15)
fa54c21a34755de9bfe2cfdc53dfae329e606f47	e3e704ddf9dc141a6517d6b856867f3ffaff67c8	2026-07-26T22:27:00-07:00	2026-07-26T22:27:00-07:00	false	fix(nudox-producer-typescript): close ten richness regressions (21 tests, was 11)
202a8c2f04c6f2baf92e4ee5a58de798c0d2936c	fa54c21a34755de9bfe2cfdc53dfae329e606f47	2026-07-26T22:29:03-07:00	2026-07-26T22:29:03-07:00	false	fix(nudox-producer-python): same-package nominals resolve (36 tests, was 31)
ddb3c4f2efe7f40c57aeae290a8ded90e8c57da5	202a8c2f04c6f2baf92e4ee5a58de798c0d2936c	2026-07-26T22:38:51-07:00	2026-07-26T22:38:51-07:00	false	fix(nudox-producer-rust): close six richness regressions (14 tests, was 10)
3a31bbfab545a2190c1c6f75e2e62afa560e14e0	ddb3c4f2efe7f40c57aeae290a8ded90e8c57da5	2026-07-26T23:06:11-07:00	2026-07-26T23:06:11-07:00	false	feat(nudox-ir): FunctionPointer, Annotated, throws, variance, labelled tuples
4a19390b78a1d95762ff7a2611c6ed01a0ccc0e9	3a31bbfab545a2190c1c6f75e2e62afa560e14e0	2026-07-26T23:07:55-07:00	2026-07-26T23:07:55-07:00	false	feat(nudox-producer-typescript): adopt new IR features + restore the tsz tier
e4c9c0475added7445209ed4eaba043f4aeefdac	4a19390b78a1d95762ff7a2611c6ed01a0ccc0e9	2026-07-26T23:08:28-07:00	2026-07-26T23:08:28-07:00	false	feat(nudox-ir): finish the five convergent features (163 tests)
7ccd5cfa4415c13d8c1e9751bd6aa3465b3bf42d	e4c9c0475added7445209ed4eaba043f4aeefdac	2026-07-26T23:12:53-07:00	2026-07-26T23:12:53-07:00	false	feat(producers): Go and C# adopt the new IR type features
ff062424ba60fbeee14c6656aa4ae3da9c529a9d	7ccd5cfa4415c13d8c1e9751bd6aa3465b3bf42d	2026-07-26T23:15:44-07:00	2026-07-26T23:15:44-07:00	false	feat(producers): Java, Python and C/C++ adopt the new IR type features
16fe95cbb85d974d40c880b2de944b7d925f1077	ff062424ba60fbeee14c6656aa4ae3da9c529a9d	2026-07-26T23:21:14-07:00	2026-07-26T23:21:14-07:00	false	fix(nudox-producer-go): restore method aliases + snapshot harness (46 tests)
74b8961e52cdaaf8286dedbab0d509557c81f738	16fe95cbb85d974d40c880b2de944b7d925f1077	2026-07-26T23:34:03-07:00	2026-07-26T23:34:03-07:00	false	fix(producers): C# throws, Go constraint type sets, TS type verification
451180e5cff214aa5b4c3b0071b196c95ae14dfa	74b8961e52cdaaf8286dedbab0d509557c81f738	2026-07-26T23:35:16-07:00	2026-07-26T23:35:16-07:00	false	refactor(ir-vcs): delete the dead NdIrSym V1 blob format (-2,022 LOC)
072e86c4bb402611dcee8ab030182c556afdbcdb	451180e5cff214aa5b4c3b0071b196c95ae14dfa	2026-07-27T08:45:46-07:00	2026-07-27T08:45:46-07:00	false	feat(nudox-ir): continuity plane + Clone across the entry tree
ae4318d67296687dd287e1a6c1e9b710484fc9ae	072e86c4bb402611dcee8ab030182c556afdbcdb	2026-07-27T09:28:19-07:00	2026-07-27T09:28:33-07:00	false	refactor(crates): eliminate dead code and stale fallbacks
96c10fe2dcca2ac9518bf9d1dc7d23b138adec9f	ae4318d67296687dd287e1a6c1e9b710484fc9ae	2026-07-27T10:00:46-07:00	2026-07-27T10:00:46-07:00	false	feat(nudox-ir): eight type variants closing the last real gaps (206 tests)
76bd9338297feef7d47438fdfa9b97bcb259349c	96c10fe2dcca2ac9518bf9d1dc7d23b138adec9f	2026-07-27T10:25:55-07:00	2026-07-27T10:25:55-07:00	false	feat(producers): adopt the eight new type variants (212 tests, was 200)
e8ce21b65c2d7f572ad423c92ddab65984d455a4	76bd9338297feef7d47438fdfa9b97bcb259349c	2026-07-27T14:08:22-07:00	2026-07-27T14:08:22-07:00	false	feat(lindsey): local-first GUI planes + GPUI shell (M0–M3, 200 tests)
59c06a1711b2f2d060a167bd6bd8680ba4dc11a3	e8ce21b65c2d7f572ad423c92ddab65984d455a4	2026-07-27T14:08:58-07:00	2026-07-27T14:08:58-07:00	false	refactor(ir-vcs,driver): cut the last two consumers onto nudox-ir
6eec3387dfad460073a067ddede62a8787ce8c40	59c06a1711b2f2d060a167bd6bd8680ba4dc11a3	2026-07-27T14:10:57-07:00	2026-07-27T14:10:57-07:00	false	refactor: delete workspace/ir — the migration is complete (-7,964 LOC)
08769b1400a9d429d8da3af2f7390c1322538183	6eec3387dfad460073a067ddede62a8787ce8c40	2026-07-27T14:15:27-07:00	2026-07-27T14:15:27-07:00	false	feat(lindsey): wire the engine, add the architecture lint
2844a4a57826fac8f5aac62f8473b37c9227306d	08769b1400a9d429d8da3af2f7390c1322538183	2026-07-27T14:24:22-07:00	2026-07-27T14:24:22-07:00	false	feat(backend): query plane, engine runtime and MCP server green
e54e0a023a6404fd9b05efb09e42618329fa467a	2844a4a57826fac8f5aac62f8473b37c9227306d	2026-07-27T14:31:21-07:00	2026-07-27T14:31:21-07:00	false	feat(lindsey): stores + omni-search compile and pass (155 tests)
5ec9d6b3a7cddb557b822923365b69873c2b1a64	e54e0a023a6404fd9b05efb09e42618329fa467a	2026-07-27T14:33:40-07:00	2026-07-27T14:33:40-07:00	false	refactor: collapse two leaky duplications across the engine seam
beddad469f4e0effacc7c17f83c2a7ba38c4f881	5ec9d6b3a7cddb557b822923365b69873c2b1a64	2026-07-27T14:41:40-07:00	2026-07-27T14:41:40-07:00	false	feat(lindsey): omni-search overlay compiles and passes (174 tests)
0063a40bc9e17419779378d406a2a5ba9b2ddc91	beddad469f4e0effacc7c17f83c2a7ba38c4f881	2026-07-27T14:44:15-07:00	2026-07-27T14:44:15-07:00	false	feat(nudox-mcp): loopback MCP server with six tools
22b3b6754b53472b3587e86d04c063752ef99103	0063a40bc9e17419779378d406a2a5ba9b2ddc91	2026-07-27T14:54:44-07:00	2026-07-27T14:54:44-07:00	false	feat(lindsey): symbol page + store/view bridge (234 tests)
75d739520fdbe164010cce8c835c5d52bd630fb0	22b3b6754b53472b3587e86d04c063752ef99103	2026-07-27T14:57:04-07:00	2026-07-27T14:57:04-07:00	false	feat(lindsey): boot the engine — corpus loads at startup
c85546bb4a3933508ac6d4293fbe12adc4edca2c	75d739520fdbe164010cce8c835c5d52bd630fb0	2026-07-27T15:13:56-07:00	2026-07-27T15:13:56-07:00	false	refactor: the wire types ARE the MCP schema (LR-2)
607a8f6df522047691cdb40be4263f308837fe28	c85546bb4a3933508ac6d4293fbe12adc4edca2c	2026-07-27T17:38:31-07:00	2026-07-27T17:38:31-07:00	false	feat(lindsey): the flow works — cmd-K → search → symbol page
58cb25d33152f8ba793d00fc6841747b3699b28f	607a8f6df522047691cdb40be4263f308837fe28	2026-07-27T18:51:49-07:00	2026-07-27T18:51:49-07:00	false	feat: real syntax highlighting, visible badges, and a producer that names its package
9c4f4f7888d636051d64260efc6b0e061b12cb54	58cb25d33152f8ba793d00fc6841747b3699b28f	2026-07-27T20:00:14-07:00	2026-07-27T20:00:14-07:00	false	feat: axum lowers and browses — stable ids, import refs, live corpus
5022290e0afb38df867948aa78f676b241aabf1a	9c4f4f7888d636051d64260efc6b0e061b12cb54	2026-07-28T13:37:57-07:00	2026-07-28T13:37:57-07:00	false	bad code
b388f36d25d11ff5bea372a01def77e7c05297a1	76bd9338297feef7d47438fdfa9b97bcb259349c 5022290e0afb38df867948aa78f676b241aabf1a	2026-07-28T13:40:18-07:00	2026-07-28T13:40:18-07:00	false	Merge branch 'feat/lindsey-local-first' into main
4ab03b4593f84688dc4a29e9d2bb25b4dbaa7321	03a84cd68d4bc576afa05d2022bbb3e2dcbf76c0 b388f36d25d11ff5bea372a01def77e7c05297a1	2026-08-18T13:44:36-07:00	2026-08-18T13:44:36-07:00	true	Merge branch 'main' into canonical (ours: canonical's tree is authoritative)
b96dbd582fd97b79c1cc657531313d48220ad99f	4ab03b4593f84688dc4a29e9d2bb25b4dbaa7321	2026-08-18T14:45:23-07:00	2026-08-18T14:45:23-07:00	true	fix(flake): qualify libkrun in the devShell's isLinuxSystem packages list
248c81006c927b465428b2ca01bdf736b3610099	b96dbd582fd97b79c1cc657531313d48220ad99f	2026-08-18T16:05:44-07:00	2026-08-18T16:05:44-07:00	true	fix(ci): drop --force-evaluate from the csharp oracle dotnet publish call
3bba51e010afee3ef77c6c9dcbab9425d2ab4f4c	248c81006c927b465428b2ca01bdf736b3610099	2026-08-18T16:34:32-07:00	2026-08-18T16:34:32-07:00	true	fix(ci): give the csharp oracle smoke test its own fixture
ccbf96c7b99b0d25b71eb7eaf66dac879d6a9e8a	3bba51e010afee3ef77c6c9dcbab9425d2ab4f4c	2026-08-18T18:41:19-07:00	2026-08-18T18:41:19-07:00	true	fix(ci): tag-only release trigger, nightly toolchain, vendor gitignore gap
ff54daa85777ea36c42caffbbb4b488dbc9115f2	ccbf96c7b99b0d25b71eb7eaf66dac879d6a9e8a	2026-08-18T19:10:19-07:00	2026-08-18T19:10:19-07:00	true	fix(ci): windows checkout, linux-arm64 go smoke fixture, macos-x64 static ORT plumbing
e435ef559b5f0d88b4a93b9357e745f84103c1e1	ff54daa85777ea36c42caffbbb4b488dbc9115f2	2026-08-18T20:31:19-07:00	2026-08-18T20:31:19-07:00	true	fix(nix): stop ORT_LIB_PATH from pre-empting ORT_LIB_LOCATION, wire Linux install wrap
17399e944271801ccd0683a0a71c9383fd27b20a	e435ef559b5f0d88b4a93b9357e745f84103c1e1	2026-08-18T20:31:36-07:00	2026-08-18T20:31:36-07:00	true	fix(nix): correct onnxruntime-osx-x86_64 fetchFromGitHub hash
41743fcb8c6d047f7cde47742ff05fa74d53044b	17399e944271801ccd0683a0a71c9383fd27b20a	2026-08-18T20:31:36-07:00	2026-08-18T20:31:36-07:00	true	ci(release): build macOS/Linux release artifacts via nix build, drop brew/apt/choco
bd461e7086ee59465332fcf29425bf3f458cae5f	41743fcb8c6d047f7cde47742ff05fa74d53044b	2026-08-18T20:52:30-07:00	2026-08-18T20:52:30-07:00	true	ci: drop ci.yml, fix go-oracle amd64 cross-build install path
e2587220ebd87321808ce4b23be350a7d91b45d1	bd461e7086ee59465332fcf29425bf3f458cae5f	2026-08-18T20:52:38-07:00	2026-08-18T20:52:38-07:00	true	fix(nix): go-oracle postInstall searches nested GOARCH-cross install dirs
052262189e775ce3941cc8b6c1fa1ca8dddea8c7	e2587220ebd87321808ce4b23be350a7d91b45d1	2026-08-18T20:54:40-07:00	2026-08-18T20:54:40-07:00	true	fix(ci): Windows sccache PATH-in-same-step bug, Linux GUI pkg-config libs
f4c922eb3b4d4381764cc91fe5f7176aeb5624da	052262189e775ce3941cc8b6c1fa1ca8dddea8c7	2026-08-18T21:07:44-07:00	2026-08-18T21:07:44-07:00	true	fix(ci): Linux ort-sys build script needs libssl.so.3 on LD_LIBRARY_PATH; log() polluted command substitution
6194bdaca30c5f8dc05114365377a0a1386d8ec0	f4c922eb3b4d4381764cc91fe5f7176aeb5624da	2026-08-19T06:52:52-07:00	2026-08-19T06:52:52-07:00	true	fix(nix): Linux native installPhase assumed a flat target/release/ layout
2cb11a7c732e384760de4a68740a9aa0b808811d	6194bdaca30c5f8dc05114365377a0a1386d8ec0	2026-08-19T06:52:53-07:00	2026-08-19T06:52:53-07:00	true	chore(lindsey): fix 24 mechanical compiler warnings
28b033940d7d7b7231c3c6164f18cd36be8a022e	2cb11a7c732e384760de4a68740a9aa0b808811d	2026-08-19T09:15:55-07:00	2026-08-19T09:15:55-07:00	true	fix(ci): packaged nix build output was read-only, breaking quarantine removal
d249a964c35ae7e9b8994832a8b2b639468d318a	28b033940d7d7b7231c3c6164f18cd36be8a022e	2026-08-19T10:30:26-07:00	2026-08-19T10:30:26-07:00	true	fix(macos): wrapper hardcoded build-machine-only /nix/store paths; add DMG artifacts
57a82b609e88bbdd56d325cd5e0e31fa5228878f	d249a964c35ae7e9b8994832a8b2b639468d318a	2026-08-19T12:36:23-07:00	2026-08-19T12:36:23-07:00	true	feat(macos/linux): bundle libclang/dotnet/jdk into lindsey.app for offline oracle support
26e2cea3329fa43fb0c59ff4d2be7376ca978b17	57a82b609e88bbdd56d325cd5e0e31fa5228878f	2026-08-19T13:56:57-07:00	2026-08-19T13:56:57-07:00	true	fix(gui): display-server preflight ran on macOS/Windows too, aborting every launch
ed134465a63b095411cce286ed5e26382e824e81	26e2cea3329fa43fb0c59ff4d2be7376ca978b17	2026-08-28T12:07:56-07:00	2026-08-28T12:07:56-07:00	true	chore(ci-cache): cache Cargo registry packages a
7a0ebff75188100c31016cfcc9b4b30087b15a65	ed134465a63b095411cce286ed5e26382e824e81	2026-08-28T12:07:57-07:00	2026-08-28T12:07:57-07:00	true	chore(ci-cache): cache Cargo registry packages b
7c0a539aa0bf3df2a8e3386c8e54c211da93d22d	7a0ebff75188100c31016cfcc9b4b30087b15a65	2026-08-28T12:07:58-07:00	2026-08-28T12:07:58-07:00	true	chore(ci-cache): cache Cargo registry packages c
158839d0637b5a79e19b7f82dac626414e173ff4	7c0a539aa0bf3df2a8e3386c8e54c211da93d22d	2026-08-28T12:07:59-07:00	2026-08-28T12:07:59-07:00	true	chore(ci-cache): cache Cargo registry packages d
0b1d77d919d16033b0160ff78c1ec023b2832eb4	158839d0637b5a79e19b7f82dac626414e173ff4	2026-08-28T12:07:59-07:00	2026-08-28T12:07:59-07:00	true	chore(ci-cache): cache Cargo registry packages e
48ef4d4256c916294888158a4a010220bd0dd685	0b1d77d919d16033b0160ff78c1ec023b2832eb4	2026-08-28T12:08:00-07:00	2026-08-28T12:08:00-07:00	true	chore(ci-cache): cache Cargo registry packages f
92d506ff4361eafe86b9a7e2d304237e083183fc	48ef4d4256c916294888158a4a010220bd0dd685	2026-08-28T12:08:01-07:00	2026-08-28T12:08:01-07:00	true	chore(ci-cache): cache Cargo registry packages g
3367487929c8b75e1bc8505355c4a135168cd080	92d506ff4361eafe86b9a7e2d304237e083183fc	2026-08-28T12:08:01-07:00	2026-08-28T12:08:01-07:00	true	chore(ci-cache): cache Cargo registry packages h
6dd5870673cb4037cdc1965f73cf9380cb43d048	3367487929c8b75e1bc8505355c4a135168cd080	2026-08-28T12:08:28-07:00	2026-08-28T12:08:28-07:00	true	chore(ci-cache): cache Cargo registry packages i
32200d6626fd4fdb1f04438600987f1654d9bba3	6dd5870673cb4037cdc1965f73cf9380cb43d048	2026-08-28T12:08:29-07:00	2026-08-28T12:08:29-07:00	true	chore(ci-cache): cache Cargo registry packages j
96b70957a00b694cbe6be868baea3cbde7c6a841	32200d6626fd4fdb1f04438600987f1654d9bba3	2026-08-28T12:08:29-07:00	2026-08-28T12:08:29-07:00	true	chore(ci-cache): cache Cargo registry packages k
39e47c676f28da6aabbdd91c3e594700a0a54cb8	96b70957a00b694cbe6be868baea3cbde7c6a841	2026-08-28T12:08:29-07:00	2026-08-28T12:08:29-07:00	true	chore(ci-cache): cache Cargo registry packages l
ffcf994d401d00aac7685e17c234f7b0b1571276	39e47c676f28da6aabbdd91c3e594700a0a54cb8	2026-08-28T12:08:29-07:00	2026-08-28T12:08:29-07:00	true	chore(ci-cache): cache Cargo registry packages m
6498b205b7306ad7904d81172d4e74270a5d57ab	ffcf994d401d00aac7685e17c234f7b0b1571276	2026-08-28T12:08:30-07:00	2026-08-28T12:08:30-07:00	true	chore(ci-cache): cache Cargo registry packages n
6a59d1735db5c4f5df8e6104e6bd9f52c50af8e3	6498b205b7306ad7904d81172d4e74270a5d57ab	2026-08-28T12:08:30-07:00	2026-08-28T12:08:30-07:00	true	chore(ci-cache): cache Cargo registry packages o
c737d18c26e4236475ab68876fc1e372e34133c4	6a59d1735db5c4f5df8e6104e6bd9f52c50af8e3	2026-08-28T12:08:31-07:00	2026-08-28T12:08:31-07:00	true	chore(ci-cache): cache Cargo registry packages p
ca0161fbcb166406bf0d13872eddf2f4a014551a	c737d18c26e4236475ab68876fc1e372e34133c4	2026-08-28T12:08:31-07:00	2026-08-28T12:08:31-07:00	true	chore(ci-cache): cache Cargo registry packages q
0e8e125cd0c19e319ecb985cce3cc98792b42a1c	ca0161fbcb166406bf0d13872eddf2f4a014551a	2026-08-28T12:08:32-07:00	2026-08-28T12:08:32-07:00	true	chore(ci-cache): cache Cargo registry packages r
757232671ea86cc969c3a7ce32983b49a25b4487	0e8e125cd0c19e319ecb985cce3cc98792b42a1c	2026-08-28T12:08:33-07:00	2026-08-28T12:08:33-07:00	true	chore(ci-cache): cache Cargo registry packages s
4ada1c379073f096941a438ba13c581648de9e6c	757232671ea86cc969c3a7ce32983b49a25b4487	2026-08-28T12:08:34-07:00	2026-08-28T12:08:34-07:00	true	chore(ci-cache): cache Cargo registry packages t
7280281ec5d8db623a5ed37ce7c286b46d1742df	4ada1c379073f096941a438ba13c581648de9e6c	2026-08-28T12:08:34-07:00	2026-08-28T12:08:34-07:00	true	chore(ci-cache): cache Cargo registry packages u
5370abe4895df1498cf14dfe84b859efab07518e	7280281ec5d8db623a5ed37ce7c286b46d1742df	2026-08-28T12:08:34-07:00	2026-08-28T12:08:34-07:00	true	chore(ci-cache): cache Cargo registry packages v
b2f97417df4d4041b209afe3e933b91646133fc0	5370abe4895df1498cf14dfe84b859efab07518e	2026-08-28T12:08:35-07:00	2026-08-28T12:08:35-07:00	true	chore(ci-cache): cache Cargo registry packages w
7c68fa9aa8cb115847d44d46318493c3e8e32917	b2f97417df4d4041b209afe3e933b91646133fc0	2026-08-28T12:08:35-07:00	2026-08-28T12:08:35-07:00	true	chore(ci-cache): cache Cargo registry packages x
124807c7c0c5a986b117f6bcfd03f0559a822141	7c68fa9aa8cb115847d44d46318493c3e8e32917	2026-08-28T12:08:35-07:00	2026-08-28T12:08:35-07:00	true	chore(ci-cache): cache Cargo registry packages y
9fe080a931117401479112c5a849b018cf1efd6d	124807c7c0c5a986b117f6bcfd03f0559a822141	2026-08-28T12:08:35-07:00	2026-08-28T12:08:35-07:00	true	chore(ci-cache): cache Cargo registry packages z
444156c7960b1572cb6a3239ecac8f99951f9228	9fe080a931117401479112c5a849b018cf1efd6d	2026-08-28T12:08:36-07:00	2026-08-28T12:08:36-07:00	true	chore(ci-cache): cache Cargo git sources
606143743be2c78a708384cea69441a89161c163	444156c7960b1572cb6a3239ecac8f99951f9228	2026-08-28T12:08:36-07:00	2026-08-28T12:08:36-07:00	true	chore(ci-cache): cache ONNX Runtime build inputs
3b9b5e753a43d7a864644cf133050c1b86162648	606143743be2c78a708384cea69441a89161c163	2026-08-28T12:08:37-07:00	2026-08-28T12:08:37-07:00	true	chore(ci-cache): cache Rust toolchain documentation
ce391367d90604f6df23f122024b0d3303f993fd	3b9b5e753a43d7a864644cf133050c1b86162648	2026-08-28T12:08:37-07:00	2026-08-28T12:08:37-07:00	true	chore(worktree): record agent worktree checkpoint
004128d1becdb36e2d873783bc0b29cf06d4fcf5	ce391367d90604f6df23f122024b0d3303f993fd	2026-08-28T12:08:37-07:00	2026-08-28T12:08:37-07:00	true	chore(gitignore): allow reproducible CI cache inputs
2390e1281129f8b7db8e81b3f460ce6805b307c1	004128d1becdb36e2d873783bc0b29cf06d4fcf5	2026-08-28T12:08:37-07:00	2026-08-28T12:08:37-07:00	true	build(nix): refresh corpus inputs
d710c47ec2dd45af8e7ec999c4b55893fa1acb3a	2390e1281129f8b7db8e81b3f460ce6805b307c1	2026-08-28T12:08:37-07:00	2026-08-28T12:08:37-07:00	true	chore(deps): refresh workspace lockfile
be8c53e7077d0c7600b3d08d2872813abb07eb7f	d710c47ec2dd45af8e7ec999c4b55893fa1acb3a	2026-08-28T12:09:09-07:00	2026-08-28T12:09:09-07:00	true	feat(languages/clang): preserve semantic references
23201d6956ceeafaaeaaa11402150b90f2d9d0c6	be8c53e7077d0c7600b3d08d2872813abb07eb7f	2026-08-28T12:09:09-07:00	2026-08-28T12:09:09-07:00	true	feat(languages/csharp): retain referenced type structure
618622fe5768ad279af989b122e1412c007a5054	23201d6956ceeafaaeaaa11402150b90f2d9d0c6	2026-08-28T12:09:09-07:00	2026-08-28T12:09:09-07:00	true	feat(languages/go): harden cross-package references
7903803baa270d5e1b3aa12e3861ce44a7b62ba3	618622fe5768ad279af989b122e1412c007a5054	2026-08-28T12:09:09-07:00	2026-08-28T12:09:09-07:00	true	feat(languages/java): emit referenced declarations
a0228fbb6b39700576e614df1a3d6b45fafe59b1	7903803baa270d5e1b3aa12e3861ce44a7b62ba3	2026-08-28T12:09:10-07:00	2026-08-28T12:09:10-07:00	true	feat(languages/python): resolve semantic references
43dfb82179dcd1c35e3e4a5ffc3f648718eed23c	a0228fbb6b39700576e614df1a3d6b45fafe59b1	2026-08-28T12:09:10-07:00	2026-08-28T12:09:10-07:00	true	feat(languages/rust): retain resolved item references
e1d2368357d98b46d568b76cddba011f665faded	43dfb82179dcd1c35e3e4a5ffc3f648718eed23c	2026-08-28T12:09:10-07:00	2026-08-28T12:09:10-07:00	true	feat(languages/typescript): emit resolved type references
a67b450b830ce711e0de2b0aff9d9773e96eab89	e1d2368357d98b46d568b76cddba011f665faded	2026-08-28T12:09:10-07:00	2026-08-28T12:09:10-07:00	true	test(languages): register reference-resolution suites
7359957a5c6174b109c20da9f93443e4d068a53d	a67b450b830ce711e0de2b0aff9d9773e96eab89	2026-08-28T12:09:10-07:00	2026-08-28T12:09:10-07:00	true	feat(ir-model): represent foreign references
c3e2b29137e3157705547a87e8a4a9165d8ce92e	7359957a5c6174b109c20da9f93443e4d068a53d	2026-08-28T12:09:11-07:00	2026-08-28T12:09:11-07:00	true	feat(ir-vcs): round-trip foreign reference metadata
423efb1950e667901ba120d3cb36007da3afa799	c3e2b29137e3157705547a87e8a4a9165d8ce92e	2026-08-28T12:09:11-07:00	2026-08-28T12:09:11-07:00	true	feat(heart): expose surface capabilities
918ddf8425125555610c55fadfd15c0a0dd5558d	423efb1950e667901ba120d3cb36007da3afa799	2026-08-28T12:09:11-07:00	2026-08-28T12:09:11-07:00	true	feat(heart): route source-file surface requests
fd07c7221812153e11e2a7a4a31b6cfc653f4f8d	918ddf8425125555610c55fadfd15c0a0dd5558d	2026-08-28T12:09:11-07:00	2026-08-28T12:09:11-07:00	true	feat(heart): carry capabilities through remote clients
966f3d7e2e34888589e756ecf80287b6d5af9d89	fd07c7221812153e11e2a7a4a31b6cfc653f4f8d	2026-08-28T12:09:35-07:00	2026-08-28T12:09:35-07:00	true	feat(index): enable in-process semantic producers
5644cb00a065254e24e8e6d3b4c32e22582f75fe	966f3d7e2e34888589e756ecf80287b6d5af9d89	2026-08-28T12:09:35-07:00	2026-08-28T12:09:35-07:00	true	feat(index): stream capabilities during indexing
4e24e684132db99627c82684a8bc19db249b9e8b	5644cb00a065254e24e8e6d3b4c32e22582f75fe	2026-08-28T12:09:35-07:00	2026-08-28T12:09:35-07:00	true	feat(index): publish compiled-package capability API
a8a4b731120d5bf26efac01599d32833148b0c45	4e24e684132db99627c82684a8bc19db249b9e8b	2026-08-28T12:09:35-07:00	2026-08-28T12:09:35-07:00	true	feat(index): retain server capability state
effd75ac70e11fa61b3197febfc517799f3689a5	a8a4b731120d5bf26efac01599d32833148b0c45	2026-08-28T12:09:36-07:00	2026-08-28T12:09:36-07:00	true	feat(nudox-engine): cache archive package headers
c5148b0f49370b4dbe1e155e8c32d9c7128b744c	effd75ac70e11fa61b3197febfc517799f3689a5	2026-08-28T12:09:36-07:00	2026-08-28T12:09:36-07:00	true	feat(nudox-engine): link corpus packages through the resolver
3c90ffe5f9261a9f5fc9dc98337b4aace19f4696	c5148b0f49370b4dbe1e155e8c32d9c7128b744c	2026-08-28T12:09:36-07:00	2026-08-28T12:09:36-07:00	true	feat(nudox-engine): load package sources from remote stores
f2c2e155ddef079fe1980ea7471b97095e56a8c8	3c90ffe5f9261a9f5fc9dc98337b4aace19f4696	2026-08-28T12:09:36-07:00	2026-08-28T12:09:36-07:00	true	feat(nudox-engine): incrementally embed changed symbols
a01aa70aedbaf26ca04eb6dd175f789df52218a8	f2c2e155ddef079fe1980ea7471b97095e56a8c8	2026-08-28T12:09:36-07:00	2026-08-28T12:09:36-07:00	true	feat(nudox-engine): enable semantic producer defaults
be841df76d9f969c9f8657ca4724958aab6e0680	a01aa70aedbaf26ca04eb6dd175f789df52218a8	2026-08-28T12:10:07-07:00	2026-08-28T12:10:07-07:00	true	fix(ci-cache): preserve float-ord source line endings
32094f1bf8fe9c32736fec54207b41c23734e27f	be841df76d9f969c9f8657ca4724958aab6e0680	2026-08-28T12:11:25-07:00	2026-08-28T12:20:30-07:00	true	build(devshell): enable scoped Koji commit prompts
649f1a63d90b8c64e234fa9724b38e4a2098e502	32094f1bf8fe9c32736fec54207b41c23734e27f	2026-08-28T12:20:31-07:00	2026-08-28T12:20:31-07:00	true	fix(gui): import support types in view tests
0402dac8d5661c4e412b4851925aa25cc642fba4	649f1a63d90b8c64e234fa9724b38e4a2098e502	2026-08-28T12:20:32-07:00	2026-08-28T12:20:32-07:00	true	fix(gui): lock semantic producer dependencies
b80862d071b068e6a08c26dc83e378ae1e27d177	0402dac8d5661c4e412b4851925aa25cc642fba4	2026-08-28T13:56:31-07:00	2026-08-28T13:56:31-07:00	true	byby old uneeded stuff
de98b7a9264e1547d841d2f510abc92c00ee55b3	b80862d071b068e6a08c26dc83e378ae1e27d177	2026-08-28T15:47:44-07:00	2026-08-28T15:47:44-07:00	true	moving
699b7cca71c78de8afebc1cee9e2a26a3ca46fdc	de98b7a9264e1547d841d2f510abc92c00ee55b3	2026-08-29T10:53:31-07:00	2026-08-29T10:53:31-07:00	true	feat(workspace2): establish typed foundation checkpoint
7c851c377620ccb9c095f80846f83c870349288e	699b7cca71c78de8afebc1cee9e2a26a3ca46fdc	2026-08-29T11:08:57-07:00	2026-08-29T11:08:57-07:00	true	test(workspace2): keep scenario trace allocation-free
5c4413424df6387cbd667d4dad749e5c55273c2b	7c851c377620ccb9c095f80846f83c870349288e	2026-08-29T10:55:12-07:00	2026-08-29T11:09:52-07:00	true	docs(observability): freeze root review contract
d111dee20c84bd837b5d7a43368767d78adb99a2	5c4413424df6387cbd667d4dad749e5c55273c2b	2026-08-29T11:01:05-07:00	2026-08-29T11:09:52-07:00	true	test(observability): harden public adapter evidence
0e05e94722e1c0239d0d2be1b50c743020f71850	d111dee20c84bd837b5d7a43368767d78adb99a2	2026-08-29T11:03:27-07:00	2026-08-29T11:09:52-07:00	true	docs(observability): record root review evidence
9cb5be48fde0e2539803b86f499a8138a225ba6a	0e05e94722e1c0239d0d2be1b50c743020f71850	2026-08-29T11:10:24-07:00	2026-08-29T11:10:24-07:00	true	docs(workspace2): advance managed capability roadmap
24be8e7a5d6ad4a649707dafe6d4b28b650cdf55	9cb5be48fde0e2539803b86f499a8138a225ba6a	2026-08-29T11:15:12-07:00	2026-08-29T11:15:12-07:00	true	refactor(hydration): delete effect-free ready phase
d2ee091e18597727043db0427a8c2a405e1565b4	24be8e7a5d6ad4a649707dafe6d4b28b650cdf55	2026-08-30T07:53:14-07:00	2026-08-30T07:53:14-07:00	true	docs(skills): require executable progress checkpoints
98efb32ba3abf281a369ff3ca0aded615264b3aa	d2ee091e18597727043db0427a8c2a405e1565b4	2026-08-30T07:55:28-07:00	2026-08-30T07:55:28-07:00	true	refactor(ir): relocate legacy IR source under compiler
6084da4696bf1c8c0392d2c8e3569ba52417874e	98efb32ba3abf281a369ff3ca0aded615264b3aa	2026-08-30T07:57:22-07:00	2026-08-30T07:57:22-07:00	true	wip(root): add borrowed canonical root validation
569c9f7c0e929d2637f41b584a232850ae788d69	6084da4696bf1c8c0392d2c8e3569ba52417874e	2026-08-30T07:59:20-07:00	2026-08-30T07:59:20-07:00	true	docs(perf): retain root and runtime benchmark evidence
194e383136626ae697657fa784af33ff4dfc0000	569c9f7c0e929d2637f41b584a232850ae788d69	2026-08-30T07:59:29-07:00	2026-08-30T07:59:29-07:00	true	docs(operation): record local leased terminal checkpoint
08dba5000cd46df743c109ee77c7016791ba7365	194e383136626ae697657fa784af33ff4dfc0000	2026-08-30T07:59:33-07:00	2026-08-30T07:59:33-07:00	true	docs(gui): add native interface revamp plan
dd5b2f6ba665d67becb7f564fc0c0644056fd199	24be8e7a5d6ad4a649707dafe6d4b28b650cdf55	2026-08-29T12:11:30-07:00	2026-08-29T12:11:30-07:00	false	docs(swarm): harden model and continuity proofs
cb9d624f4f2818f3b153bdaf278fcd0c23470272	dd5b2f6ba665d67becb7f564fc0c0644056fd199	2026-08-29T12:28:06-07:00	2026-08-29T12:28:06-07:00	false	docs(architecture): define greenfield index and compiler planes
ea61f84faa1966157e9c32a274f52b95219d602b	cb9d624f4f2818f3b153bdaf278fcd0c23470272	2026-08-29T12:46:47-07:00	2026-08-29T12:46:47-07:00	false	docs(swarm): require adversarial contract calibration
4e40738cfcf77913b881f440d04f6df2aaa4adcf	dd5b2f6ba665d67becb7f564fc0c0644056fd199	2026-08-29T11:09:11-07:00	2026-08-29T12:11:46-07:00	false	docs(object-pack): freeze capability ledger
8d4252756f2737f2871007f48cdb2ed41ff3b482	4e40738cfcf77913b881f440d04f6df2aaa4adcf	2026-08-29T11:12:26-07:00	2026-08-29T12:11:46-07:00	false	docs(object-pack): record lookup checkpoint
951f85b0566ed33fb978a4e84a237619f356210b	8d4252756f2737f2871007f48cdb2ed41ff3b482	2026-08-29T12:16:13-07:00	2026-08-29T12:18:21-07:00	false	feat(object-pack): add complete borrowed lookup view
0ebe9b065208672945d11062f10203bdaa65b918	951f85b0566ed33fb978a4e84a237619f356210b	2026-08-29T12:25:02-07:00	2026-08-29T12:25:02-07:00	false	fix(object-pack): preserve complete-view validation witness
965cc8e6fb983b50ccf14a44c9fd47f2c154c0ba	0ebe9b065208672945d11062f10203bdaa65b918	2026-08-29T12:25:35-07:00	2026-08-29T12:25:35-07:00	false	docs(object-pack): close complete view evidence
e0f3d4cc2db26ed72c8717e31d52adbecffd8e41	965cc8e6fb983b50ccf14a44c9fd47f2c154c0ba	2026-08-29T12:26:19-07:00	2026-08-29T12:26:19-07:00	false	docs(object-pack): correct repair churn ledger
c8d2b8d2459628b7f5387e01e35aa2ae7b3ac83a	e0f3d4cc2db26ed72c8717e31d52adbecffd8e41	2026-08-29T12:43:46-07:00	2026-08-29T12:43:46-07:00	false	refactor(object-pack): make validated projection infallible
d3435d98435e06fa706c98de44ee3752475bbd3a	c8d2b8d2459628b7f5387e01e35aa2ae7b3ac83a	2026-08-29T12:48:04-07:00	2026-08-29T12:48:04-07:00	false	test(object-pack): forbid mixed validation witnesses
95358c01bdddbd329602f3c1c1523c1487698350	d3435d98435e06fa706c98de44ee3752475bbd3a	2026-08-29T12:54:37-07:00	2026-08-29T12:54:37-07:00	false	refactor(object-pack): halve complete view footprint
4bda3213c3ad5f028aa26f3e39296377315b5d76	ea61f84faa1966157e9c32a274f52b95219d602b 95358c01bdddbd329602f3c1c1523c1487698350	2026-08-29T12:55:21-07:00	2026-08-29T12:55:21-07:00	false	merge: accept root-reviewed object pack lookup
f7bc7a39df34fa2bb9ea5c61d746078f824e52a2	4bda3213c3ad5f028aa26f3e39296377315b5d76	2026-08-29T12:25:45-07:00	2026-08-29T13:23:26-07:00	false	Add exact workflow record byte conversion
079bff6eb6b7732465e703c9078e2938cf95d2e6	f7bc7a39df34fa2bb9ea5c61d746078f824e52a2	2026-08-29T13:00:34-07:00	2026-08-29T13:23:26-07:00	false	docs(skills): require distinct C0 registry proofs
f9419673f451ec8796d3f9462f3bace667c13435	079bff6eb6b7732465e703c9078e2938cf95d2e6	2026-08-29T13:30:04-07:00	2026-08-29T13:30:04-07:00	false	docs(swarm): make managers autonomous
68d3859c75aaf2de69a537aee3beef693ec13f58	f9419673f451ec8796d3f9462f3bace667c13435	2026-08-29T13:37:25-07:00	2026-08-29T13:37:25-07:00	false	docs(swarm): separate Terra and Luna duties
906c860e00628badcf84af244e174a5daad301a1	68d3859c75aaf2de69a537aee3beef693ec13f58	2026-08-29T13:38:46-07:00	2026-08-29T13:39:10-07:00	false	refactor(observe): keep scenarios test-only
d6c52b914dff8dbada5a6ef0f6de3b72b617a93a	906c860e00628badcf84af244e174a5daad301a1	2026-08-29T13:39:58-07:00	2026-08-29T13:39:58-07:00	false	docs(roadmap): record accepted boundaries
ea43679ac88d47ec47837db4e6a411326cd6b335	d6c52b914dff8dbada5a6ef0f6de3b72b617a93a	2026-08-29T13:41:50-07:00	2026-08-29T13:41:50-07:00	false	docs(swarm): make Terra continuously adversarial
92615f007ff45c274c38e846a4a41896bd2f8132	ea43679ac88d47ec47837db4e6a411326cd6b335	2026-08-29T13:46:06-07:00	2026-08-29T13:46:06-07:00	false	docs(skills): forbid test-only crates
6a5635d6597c54c32c048b84b766fc223d1b443c	92615f007ff45c274c38e846a4a41896bd2f8132	2026-08-29T13:46:29-07:00	2026-08-29T13:46:32-07:00	false	refactor(test): remove dedicated scenario crate
d301a80f5da8bab631fba8853b54d6f2d7926a85	6a5635d6597c54c32c048b84b766fc223d1b443c	2026-08-29T13:48:55-07:00	2026-08-29T13:48:55-07:00	false	docs(research): retain compile-time identity registry
93db8035b9876afc416ee6fb33abe40a37bc13ab	d301a80f5da8bab631fba8853b54d6f2d7926a85	2026-08-29T13:49:44-07:00	2026-08-29T13:49:44-07:00	false	docs(roadmap): expose next-batch readiness
b12171d49451a06710453973e9ed6d78ee93c9f3	93db8035b9876afc416ee6fb33abe40a37bc13ab	2026-08-29T13:53:06-07:00	2026-08-29T13:53:10-07:00	false	test(observe): replace shadow system scenario
1ce59aff6a492554b93ed115c0b6dac5b0e6b61c	b12171d49451a06710453973e9ed6d78ee93c9f3	2026-08-29T13:55:16-07:00	2026-08-29T13:55:16-07:00	false	docs(skills): define leased range proof
434102d575c009a0535afb4976c14df48a58fcbe	1ce59aff6a492554b93ed115c0b6dac5b0e6b61c	2026-08-29T13:55:46-07:00	2026-08-29T13:55:46-07:00	false	docs(runtime): keep test drivers in owning crates
cf9cc215ba8425a45623562a0ffc455b55c082aa	434102d575c009a0535afb4976c14df48a58fcbe	2026-08-29T13:57:50-07:00	2026-08-29T13:57:50-07:00	false	docs(swarm): prevent worker-slot starvation
d6e292abef0605db478d44e1b8440426507cc6c1	cf9cc215ba8425a45623562a0ffc455b55c082aa	2026-08-29T14:02:05-07:00	2026-08-29T14:02:10-07:00	false	refactor(observe): remove scenario identity from adapter
574e6ce67fee581e7b32d01d52c7c77f424d9717	d6e292abef0605db478d44e1b8440426507cc6c1	2026-08-29T14:17:31-07:00	2026-08-29T14:17:34-07:00	false	docs(swarm): separate proof review and implementation roles
f7fe67672a992761b01925b4288ded6f7f0fc3ab	574e6ce67fee581e7b32d01d52c7c77f424d9717	2026-08-29T14:18:12-07:00	2026-08-29T14:18:24-07:00	false	docs(review): require mechanical abstraction tripwires
e22299cec177bf155e38bd7f204219df876c76c7	f7fe67672a992761b01925b4288ded6f7f0fc3ab	2026-08-29T13:49:44-07:00	2026-08-29T14:19:06-07:00	false	docs(compiler): close C0 manager contract
03029c2cbc1296cb616f653115ba1ee7f0cc5fe8	e22299cec177bf155e38bd7f204219df876c76c7	2026-08-29T13:52:50-07:00	2026-08-29T14:19:06-07:00	false	Add C0.1 compiler IR vocabulary and dispatch proof
a87ec47cab352ce2133b4c387cecc4eed85ea4da	03029c2cbc1296cb616f653115ba1ee7f0cc5fe8	2026-08-29T13:58:11-07:00	2026-08-29T14:19:06-07:00	false	docs(compiler): record C0.1 review evidence
fb6a8fdb8093348814f79af004827aa818a699a3	a87ec47cab352ce2133b4c387cecc4eed85ea4da	2026-08-29T13:58:44-07:00	2026-08-29T14:19:06-07:00	false	docs(compiler): close C0.1 clean gates
892e17159119a11b1166e96c7345555eff245af6	fb6a8fdb8093348814f79af004827aa818a699a3	2026-08-29T14:11:15-07:00	2026-08-29T14:19:06-07:00	false	refactor(compiler): lend dispatch input through typed rows
a4fe9c6faf292e167196ecbfc13f08d7bf506c4b	892e17159119a11b1166e96c7345555eff245af6	2026-08-29T14:19:43-07:00	2026-08-29T14:19:49-07:00	false	docs(roadmap): separate proof review and build roles
c782c0ab032ac3cef72463b9d5f56c8bd77a292e	a4fe9c6faf292e167196ecbfc13f08d7bf506c4b	2026-08-29T14:21:44-07:00	2026-08-29T14:21:47-07:00	false	docs(compiler): name stage in generic driver contract
a1868cdcc60ba2e52818c4567596ce46d206b67c	c782c0ab032ac3cef72463b9d5f56c8bd77a292e	2026-08-29T14:26:02-07:00	2026-08-29T14:26:19-07:00	false	docs(compiler): record root closure gates
82febc40ca1a618a9e320f47c48f9d5cf88e26b5	a1868cdcc60ba2e52818c4567596ce46d206b67c	2026-08-29T14:41:48-07:00	2026-08-29T14:41:53-07:00	false	docs(review): require root closure receipts
3dcb4e97f2cd9cdfde81ca1787da41719dc609ef	82febc40ca1a618a9e320f47c48f9d5cf88e26b5	2026-08-29T14:48:54-07:00	2026-08-29T14:48:58-07:00	false	docs(index): choose borrowed manifest baseline
fe2390769fa8bce1a40de7635e5c288ee486fd01	3dcb4e97f2cd9cdfde81ca1787da41719dc609ef	2026-08-29T14:00:12-07:00	2026-08-29T15:00:17-07:00	false	docs: close I0 vocabulary contract calibration
914b86c8ae26c82487e2ce374673fa1fc381de94	fe2390769fa8bce1a40de7635e5c288ee486fd01	2026-08-29T14:06:45-07:00	2026-08-29T15:00:17-07:00	false	docs: clarify I0 lockfile closure
3f89c96a02a2bee5296157b42ac49db33a2c52d7	914b86c8ae26c82487e2ce374673fa1fc381de94	2026-08-29T14:06:52-07:00	2026-08-29T15:00:17-07:00	false	feat: add typed index vocabulary
ee5e87e6d24d21b6657df5ec9834c0921459a623	3f89c96a02a2bee5296157b42ac49db33a2c52d7	2026-08-29T14:16:06-07:00	2026-08-29T15:00:17-07:00	false	test: keep vocabulary consumer crate-only
6026b10b6b06fec9136862ce86464117be21ea5c	ee5e87e6d24d21b6657df5ec9834c0921459a623	2026-08-29T14:26:22-07:00	2026-08-29T15:00:17-07:00	false	test: strengthen index vocabulary identity checks
a6f8fea44e1b71278e7df2663fc58ca393de678c	6026b10b6b06fec9136862ce86464117be21ea5c	2026-08-29T14:27:26-07:00	2026-08-29T15:00:17-07:00	false	docs: record I0 vocabulary review evidence
df31b78a570bd07c4297b1806b826979f1f741b7	a6f8fea44e1b71278e7df2663fc58ca393de678c	2026-08-29T14:54:28-07:00	2026-08-29T15:00:17-07:00	false	refactor(index): close typed vocabulary proof
b753870be5fd4b399f755404e264edd8c5448d1f	df31b78a570bd07c4297b1806b826979f1f741b7	2026-08-29T14:55:11-07:00	2026-08-29T15:00:17-07:00	false	test(index): simplify allocation witness
526ad7a7e5bae982ff528132b6c6775d4f5ddbc9	b753870be5fd4b399f755404e264edd8c5448d1f	2026-08-29T14:56:50-07:00	2026-08-29T15:00:17-07:00	false	test(index): record input-erasure falsifier
14db6b0014852f5dbca90c156e28c1d94ec931fb	526ad7a7e5bae982ff528132b6c6775d4f5ddbc9	2026-08-29T14:59:40-07:00	2026-08-29T15:00:18-07:00	false	docs(index): add root closure receipt
7fa853bdf2a10bfa46ef9010093990c67cefc244	14db6b0014852f5dbca90c156e28c1d94ec931fb	2026-08-29T15:01:00-07:00	2026-08-29T15:01:05-07:00	false	docs(roadmap): accept index vocabulary proof
22d4f41c3f4123049ff1a328799bc490923f6dca	7fa853bdf2a10bfa46ef9010093990c67cefc244	2026-08-29T15:07:59-07:00	2026-08-29T15:08:04-07:00	false	docs(skills): close contract custody gaps
a9e6e370eb41d5d3f123f7c5b47ef91887c0a675	22d4f41c3f4123049ff1a328799bc490923f6dca	2026-08-29T15:11:39-07:00	2026-08-29T15:11:45-07:00	false	docs(review): separate source and receipt custody
e00f7961bd05e3ddc8176f7d4fbcb3e77e95da75	a9e6e370eb41d5d3f123f7c5b47ef91887c0a675	2026-08-29T15:17:53-07:00	2026-08-29T15:17:58-07:00	false	docs(review): invalidate stale calibration decks
6da58ccbb7a764638945a10e3e13e92141009090	e00f7961bd05e3ddc8176f7d4fbcb3e77e95da75	2026-08-29T15:18:43-07:00	2026-08-29T15:18:48-07:00	false	docs(review): retain steward cold calibration
71890a1a754ab4284cb735b67921e7916cb26557	6da58ccbb7a764638945a10e3e13e92141009090	2026-08-29T15:21:02-07:00	2026-08-29T15:21:07-07:00	false	feat(review): bind clean gates to source identity
b58c9d7826281b703a57c945031e870b071c1186	71890a1a754ab4284cb735b67921e7916cb26557	2026-08-29T15:22:32-07:00	2026-08-29T15:22:38-07:00	false	docs(review): forbid abbreviated evidence paths
36846f77bf7a579aad48385c1e76d14e4bb30b46	b58c9d7826281b703a57c945031e870b071c1186	2026-08-29T15:29:02-07:00	2026-08-29T15:29:06-07:00	false	docs(index): reopen closure with exact evidence
83400a9c9e2ad4a53aea5d4d9a973f892cce4d2d	36846f77bf7a579aad48385c1e76d14e4bb30b46	2026-08-29T15:29:42-07:00	2026-08-29T15:29:51-07:00	false	docs(roadmap): name remaining index custody
412fd32d6f0ee0d8f49a57ea224af5bfc715ef67	83400a9c9e2ad4a53aea5d4d9a973f892cce4d2d	2026-08-29T15:33:02-07:00	2026-08-29T15:33:12-07:00	false	docs(range): require truthful borrowed validation
b381ffc2503c744efccb96fc37e7b567587bd662	412fd32d6f0ee0d8f49a57ea224af5bfc715ef67	2026-08-29T15:34:31-07:00	2026-08-29T15:34:39-07:00	false	docs(swarm): make rejected checkpoints nonterminal
27755b11f7d0cc981b0b1b115c0ca33d1428bcc2	b381ffc2503c744efccb96fc37e7b567587bd662	2026-08-29T15:42:50-07:00	2026-08-29T15:42:53-07:00	false	docs(steward): make root proof fail closed
c9f5879633c11f9bb3b9ba2ffe193fc5e61c3f45	27755b11f7d0cc981b0b1b115c0ca33d1428bcc2	2026-08-29T15:58:33-07:00	2026-08-29T16:03:25-07:00	false	test(ir): preserve const dense-id construction
30ddf22e162bf6af591fe48bff68601c71d962af	c9f5879633c11f9bb3b9ba2ffe193fc5e61c3f45	2026-08-29T16:26:03-07:00	2026-08-29T16:26:03-07:00	false	docs(skills): reject malformed and forgeable contracts
0929e84d6dc8e92ae00ea292445b3666cda98ad8	30ddf22e162bf6af591fe48bff68601c71d962af	2026-08-29T16:27:33-07:00	2026-08-29T16:27:33-07:00	false	docs(roadmap): expose typed identity blocker
595c04c306bcc96984cff4fe75650ed23413defd	0929e84d6dc8e92ae00ea292445b3666cda98ad8	2026-08-29T16:30:27-07:00	2026-08-29T16:30:32-07:00	false	docs(review): freeze typed identity hostile deck
cf990c84fd00ba3f095d7442f48ef5b8749d88d9	595c04c306bcc96984cff4fe75650ed23413defd	2026-08-29T16:32:32-07:00	2026-08-29T16:32:32-07:00	false	docs(idioms): forbid lossy From conversions
486d9c4dedeabf9a00130f776ee8f2cd5e7d8695	cf990c84fd00ba3f095d7442f48ef5b8749d88d9	2026-08-29T16:58:25-07:00	2026-08-29T16:58:25-07:00	false	docs(skills): define non-merge Sol prototype mode
44c22154fd5238e4769562590420371979306050	486d9c4dedeabf9a00130f776ee8f2cd5e7d8695	2026-08-29T16:58:34-07:00	2026-08-29T16:58:34-07:00	false	docs(roadmap): add Sol prototype handoff portfolio
345194a8e9b95b09a85ca81eba09e226762210c9	44c22154fd5238e4769562590420371979306050	2026-08-29T12:46:08-07:00	2026-08-29T17:10:30-07:00	false	Complete durable journal adapter
484bb80b03d8afb6583a724e529672a7f23c69eb	345194a8e9b95b09a85ca81eba09e226762210c9	2026-08-29T12:51:07-07:00	2026-08-29T17:10:30-07:00	false	Complete durable journal adapter proof
c6fc5af900d71cd4c75d189a2574e611435280d8	484bb80b03d8afb6583a724e529672a7f23c69eb	2026-08-29T13:23:00-07:00	2026-08-29T17:10:30-07:00	false	refactor(journal): prove exact durable recovery
802d01d6e24340f8c174ef9f4e263cacde9e31ac	c6fc5af900d71cd4c75d189a2574e611435280d8	2026-08-29T17:26:47-07:00	2026-08-29T17:26:47-07:00	false	docs(skills): require prototype salvage ledgers
a3608708e55d4ff85c9843c1fec01435a714d137	802d01d6e24340f8c174ef9f4e263cacde9e31ac	2026-08-29T17:56:57-07:00	2026-08-29T17:56:57-07:00	false	docs(skills): close witness and registry escape hatches
6473d42f072669446707b0085ba02471ea7aeb4b	a3608708e55d4ff85c9843c1fec01435a714d137	2026-08-29T17:28:37-07:00	2026-08-29T17:59:49-07:00	false	refactor(journal): compact durable control
16737115d749e590538e4ce208ed1620383e3f16	6473d42f072669446707b0085ba02471ea7aeb4b	2026-08-29T17:45:00-07:00	2026-08-29T17:59:49-07:00	false	fix(journal): close physical durability boundaries
68048f0edc556d040c0bf5c357bc5e48a4cff0b7	16737115d749e590538e4ce208ed1620383e3f16	2026-08-29T17:53:50-07:00	2026-08-29T17:59:49-07:00	false	fix(journal): close portable directory sync boundary
f0c30ed32f44e59026fcc385868eaf11f940b5aa	68048f0edc556d040c0bf5c357bc5e48a4cff0b7	2026-08-29T17:58:42-07:00	2026-08-29T17:59:49-07:00	false	test(journal): restore checksum enforcement proof
d4d18486ef9ce9af27a6102e0120ad9f86c59aed	f0c30ed32f44e59026fcc385868eaf11f940b5aa	2026-08-29T18:00:49-07:00	2026-08-29T18:00:49-07:00	false	docs(roadmap): close durable journal substrate
62269f02ef131e1f82f6ddf8e1949c0208a12c48	d4d18486ef9ce9af27a6102e0120ad9f86c59aed	2026-08-29T18:16:46-07:00	2026-08-29T18:16:46-07:00	false	docs(skills): gate every consuming workspace
bb521cb8961a1404416ece545f5892dc6528dd90	62269f02ef131e1f82f6ddf8e1949c0208a12c48	2026-08-29T18:49:53-07:00	2026-08-29T18:49:53-07:00	false	docs(skills): forbid fabricated witness fallbacks
71ffde3d9fa99b1cbf8695e3d4a2ad5c584a662e	bb521cb8961a1404416ece545f5892dc6528dd90	2026-08-29T19:11:08-07:00	2026-08-29T19:11:08-07:00	false	docs(skills): hoist shared wire authority
36d41f161bfb72a331e79009c5939b08a035ba69	71ffde3d9fa99b1cbf8695e3d4a2ad5c584a662e	2026-08-29T17:35:59-07:00	2026-08-29T19:13:21-07:00	false	refactor(id): enforce serialized authority
dda9c48e908844a5fc7286159c414fe4ee549fc5	36d41f161bfb72a331e79009c5939b08a035ba69	2026-08-29T17:57:05-07:00	2026-08-29T19:13:21-07:00	false	docs: freeze typed identity repair contract
294524a12121d4a750b04f64f356e71275e97a0a	dda9c48e908844a5fc7286159c414fe4ee549fc5	2026-08-29T17:59:53-07:00	2026-08-29T19:13:21-07:00	false	repair closed identity registry and workflow diagnostics
084ad514590b9f17a53bda030767f5d0e249b700	294524a12121d4a750b04f64f356e71275e97a0a	2026-08-29T18:04:53-07:00	2026-08-29T19:13:21-07:00	false	generate closed identity codes from one registry
ff3a8231f94f855e6d62b49a06d2c7ed16c7e7c4	084ad514590b9f17a53bda030767f5d0e249b700	2026-08-29T18:08:57-07:00	2026-08-29T19:13:21-07:00	false	tie registry compile-fail proofs to production macro
64d2312ac2c9e8c87a2b4e348e9b003aa38cff22	ff3a8231f94f855e6d62b49a06d2c7ed16c7e7c4	2026-08-29T18:12:28-07:00	2026-08-29T19:13:21-07:00	false	format registry declaration and compile-fail fixtures
1bf62b6e7f0ef1c0d72a778d4d374477fe235462	64d2312ac2c9e8c87a2b4e348e9b003aa38cff22	2026-08-29T18:13:51-07:00	2026-08-29T19:13:21-07:00	false	add lossless nonzero provider set conversion
fcaba6247329bb236db2de74c2ca6d7e7672f809	1bf62b6e7f0ef1c0d72a778d4d374477fe235462	2026-08-29T19:11:40-07:00	2026-08-29T19:13:21-07:00	false	refactor(locality): make typed witness authoritative
736fed957874d44ac09ce3a18bb7ce4dc55d2242	fcaba6247329bb236db2de74c2ca6d7e7672f809	2026-08-29T19:11:51-07:00	2026-08-29T19:13:21-07:00	false	test(locality): refresh every consumer proof
bc49636b2aa18aeaf76829f61e3393f1d8d2f218	736fed957874d44ac09ce3a18bb7ce4dc55d2242	2026-08-29T18:05:42-07:00	2026-08-29T19:15:04-07:00	false	test(id): add public identity contract falsifiers
b1a59b16f2eea68a2c1acaaff0285c318c185d75	bc49636b2aa18aeaf76829f61e3393f1d8d2f218	2026-08-29T18:08:38-07:00	2026-08-29T19:16:56-07:00	false	refactor(index): reduce identity vocabulary
6d0094950b652aed8d493abb2148a7821c44cf69	b1a59b16f2eea68a2c1acaaff0285c318c185d75	2026-08-29T19:18:26-07:00	2026-08-29T19:18:26-07:00	false	docs(skills): require surgical prototype salvage
789974d47387ca42eae45f56377db5aef55cd0d2	6d0094950b652aed8d493abb2148a7821c44cf69	2026-08-29T19:20:00-07:00	2026-08-29T19:20:00-07:00	false	docs(roadmap): integrate typed identity and index vocabulary
6d23b21c1c32c41a252a4110977760de969abfa6	789974d47387ca42eae45f56377db5aef55cd0d2	2026-08-29T19:37:22-07:00	2026-08-29T19:37:22-07:00	false	fix(id): require checked compact authority
8905222beae103ac324e69da70398a5e7ac3a933	6d23b21c1c32c41a252a4110977760de969abfa6	2026-08-29T19:38:41-07:00	2026-08-29T19:38:41-07:00	false	docs(id): close cold authority evidence
93e394ffc3e27434fb74a9131fa677223ec121fc	8905222beae103ac324e69da70398a5e7ac3a933	2026-08-29T19:48:12-07:00	2026-08-29T19:48:12-07:00	false	test(id): reject cross-domain authority binding
44afea1c64bd38bf7c24cc2ca841d86d47c99460	93e394ffc3e27434fb74a9131fa677223ec121fc	2026-08-29T19:51:17-07:00	2026-08-29T19:51:17-07:00	false	docs(skills): seal compact authority lesson
bbedde5137ecf63f7cff362597e6e881d051fa8e	44afea1c64bd38bf7c24cc2ca841d86d47c99460	2026-08-29T19:59:34-07:00	2026-08-29T19:59:34-07:00	false	test(lints): specify semantic policy fixtures
5bf75b109bc2e5716e2473aee948aaae4bca5499	bbedde5137ecf63f7cff362597e6e881d051fa8e	2026-08-29T20:30:53-07:00	2026-08-29T20:30:53-07:00	false	docs(orchestration): bind Sol Terra Luna custody
c0e930c08582520244742485d4eda909ff7a30c9	5bf75b109bc2e5716e2473aee948aaae4bca5499	2026-08-29T20:46:23-07:00	2026-08-29T20:46:23-07:00	false	feat(quality): enforce semantic Rust policies with Dylint
b317a7e99fd1816b656b564955909796e2e7ba42	c0e930c08582520244742485d4eda909ff7a30c9	2026-08-29T22:39:57-07:00	2026-08-29T22:39:57-07:00	false	fix(quality): harden semantic closure gates
f2565a9fb33af06053bd19721d4dc2753ec09ed5	b317a7e99fd1816b656b564955909796e2e7ba42	2026-08-29T22:39:58-07:00	2026-08-29T22:39:58-07:00	false	docs(roadmap): freeze overnight completion program
b34735817b7313dcb1e3224ea89d39a8246434ca	f2565a9fb33af06053bd19721d4dc2753ec09ed5	2026-08-29T23:02:28-07:00	2026-08-29T23:02:28-07:00	false	fix(skills): bind source isolated reviewer custody
5c31c3f5e9348977faedefd1a0d48231dea4c799	b34735817b7313dcb1e3224ea89d39a8246434ca	2026-08-29T22:51:07-07:00	2026-08-29T23:14:46-07:00	false	docs(app): freeze wave c7 public terminal
e4a17349034983cd995398b7e966ac40bdd510c0	5c31c3f5e9348977faedefd1a0d48231dea4c799	2026-08-29T22:52:14-07:00	2026-08-29T23:14:46-07:00	false	evidence: freeze wave c7 application service phase 0
894a1be71c081a42c6657ac2710266917b1648f8	e4a17349034983cd995398b7e966ac40bdd510c0	2026-08-29T22:53:32-07:00	2026-08-29T23:14:46-07:00	false	docs(app): bind wave c7 chief proof matrix
f9e2f1cfceffd17f2489eb5a780f2abd5fb67a1b	894a1be71c081a42c6657ac2710266917b1648f8	2026-08-29T22:54:52-07:00	2026-08-29T23:14:46-07:00	false	evidence: bind c7 vocabulary and terra runtime role
4f3fe5f11569d1e040c16c275d6e402db418ba69	f9e2f1cfceffd17f2489eb5a780f2abd5fb67a1b	2026-08-29T23:01:56-07:00	2026-08-29T23:14:46-07:00	false	evidence: record c7 pre-edit review blocked
97c19d0a3a684bde77d59d451700fca0de117bef	4f3fe5f11569d1e040c16c275d6e402db418ba69	2026-08-29T23:03:00-07:00	2026-08-29T23:14:46-07:00	false	docs(app): correct blocked reviewer custody
ba7faa21b6e54489d0b5d8f9dc543d1ee53bdde6	97c19d0a3a684bde77d59d451700fca0de117bef	2026-08-29T23:05:01-07:00	2026-08-29T23:14:46-07:00	false	docs(app): close wave c7 as evidence blocked
e58a7f0aa301eb15eb7ac905f4cbae973a40184b	ba7faa21b6e54489d0b5d8f9dc543d1ee53bdde6	2026-08-29T23:15:17-07:00	2026-08-29T23:15:17-07:00	false	docs(roadmap): retain blocked c7 contract
443b5676424c867ad665b81a819a9255d1cad6ba	e58a7f0aa301eb15eb7ac905f4cbae973a40184b	2026-08-29T23:01:05-07:00	2026-08-29T23:45:12-07:00	false	docs(evidence): freeze immutable index phase zero brief
5ecc6ac11e8b99ff0e4033a04b8ace7d361455a0	443b5676424c867ad665b81a819a9255d1cad6ba	2026-08-29T23:04:32-07:00	2026-08-29T23:45:13-07:00	false	docs(evidence): bind immutable index phase zero packet
43109ca2ca8f3d137013bb270e7e926e398bca88	5ecc6ac11e8b99ff0e4033a04b8ace7d361455a0	2026-08-29T23:05:08-07:00	2026-08-29T23:45:13-07:00	false	docs(evidence): sharpen immutable index phase card
26c518b476ec6013fe643615ca82f1889e201218	43109ca2ca8f3d137013bb270e7e926e398bca88	2026-08-29T23:10:55-07:00	2026-08-29T23:45:13-07:00	false	docs(evidence): calibrate immutable index toolchain custody
92eb03fb20a2eccd9e28da39846d941d465e5b77	26c518b476ec6013fe643615ca82f1889e201218	2026-08-29T23:13:14-07:00	2026-08-29T23:45:13-07:00	false	docs(evidence): harden immutable index calibration card
6bbb1daa5efbda2bd097722eb515e6c2de1bbc0e	92eb03fb20a2eccd9e28da39846d941d465e5b77	2026-08-29T23:26:04-07:00	2026-08-29T23:45:13-07:00	false	docs(evidence): block immutable index phase zero review
30c3f0c3a4604b31a733de80ab27123eafe56a69	6bbb1daa5efbda2bd097722eb515e6c2de1bbc0e	2026-08-29T23:45:29-07:00	2026-08-29T23:45:29-07:00	false	docs(roadmap): retain blocked index contract
c4fb6a1d51840917f815692a9b4646f35904449e	30c3f0c3a4604b31a733de80ab27123eafe56a69	2026-08-29T22:55:27-07:00	2026-08-29T23:45:45-07:00	false	docs: freeze wave d8 seam readiness phase zero
3b56d6fc3003ae309dfc928f1ed99dba60bd565c	c4fb6a1d51840917f815692a9b4646f35904449e	2026-08-29T23:02:10-07:00	2026-08-29T23:45:45-07:00	false	docs: record wave d8 pre-edit custody block
ab9a8150134af8ac8ba495bbda12ad3ef601ac94	3b56d6fc3003ae309dfc928f1ed99dba60bd565c	2026-08-29T23:07:40-07:00	2026-08-29T23:45:45-07:00	false	docs: close wave d8 as evidence blocked
be8fd7b199b291a0552a35e4a935fff45b946f1a	ab9a8150134af8ac8ba495bbda12ad3ef601ac94	2026-08-29T23:46:05-07:00	2026-08-29T23:46:05-07:00	false	docs(roadmap): retain blocked system harness
4dc27775bd13ee850a2424d3ac66c7a27d578cb4	be8fd7b199b291a0552a35e4a935fff45b946f1a	2026-08-30T00:15:23-07:00	2026-08-30T00:15:23-07:00	false	docs(foundation): retain blocked wave a1 evidence
211d3890f16940eabe4febf5c26e8de717c99c12	4dc27775bd13ee850a2424d3ac66c7a27d578cb4	2026-08-30T00:48:10-07:00	2026-08-30T00:48:10-07:00	false	test(journal): retain wave a2 evidence and control
98fbda6a25c89ae69f40484316dffe1dee0b76b6	211d3890f16940eabe4febf5c26e8de717c99c12	2026-08-30T00:49:00-07:00	2026-08-30T00:49:00-07:00	false	docs(client): retain blocked adaptive policy evidence
5e9ac49673e865097f9daf885fc339de7545821a	98fbda6a25c89ae69f40484316dffe1dee0b76b6	2026-08-30T00:44:19-07:00	2026-08-30T03:44:43-07:00	false	feat(root): validate borrowed canonical roots
272999b4583d5d0c6f71eb34c1ad56fb43595f48	5e9ac49673e865097f9daf885fc339de7545821a	2026-08-30T02:39:24-07:00	2026-08-30T03:44:43-07:00	false	fix(root): retain missing-parent lookup coordinate
273e346a9f3d2d45f07f8a005e542d1161757b68	272999b4583d5d0c6f71eb34c1ad56fb43595f48	2026-08-30T01:08:11-07:00	2026-08-30T03:44:43-07:00	false	feat(hydration): plan borrowed canonical closures
f176af5427735a76b735b5c15de1346041664779	273e346a9f3d2d45f07f8a005e542d1161757b68	2026-08-30T01:11:59-07:00	2026-08-30T03:44:43-07:00	false	fix(hydration): preserve borrowed demand cause
a66046e1b90e36e23e241982b5de3b3491a48a5d	f176af5427735a76b735b5c15de1346041664779	2026-08-30T01:35:55-07:00	2026-08-30T03:44:43-07:00	false	fix(object-pack): preserve verified body lifetime
032d6c7e72023511650a9270e8e6015e2bc21375	a66046e1b90e36e23e241982b5de3b3491a48a5d	2026-08-30T02:12:03-07:00	2026-08-30T03:44:43-07:00	false	fix(observability): name demand mismatch rejection
5402df28221c50104b1e608d000a8ec56cb21922	032d6c7e72023511650a9270e8e6015e2bc21375	2026-08-30T04:02:08-07:00	2026-08-30T04:02:08-07:00	false	fix(hydration): bind verification to exact evidence
a83840775d9879b3be8e67a05cf030ad6adac0d9	5402df28221c50104b1e608d000a8ec56cb21922	2026-08-30T04:02:13-07:00	2026-08-30T04:02:13-07:00	false	docs(skill): harden evidence-bound proof records
d2fcec202bd0dffee0b7cddeb073448f3ffc3a2f	a83840775d9879b3be8e67a05cf030ad6adac0d9	2026-08-30T04:02:37-07:00	2026-08-30T04:02:37-07:00	false	docs(integration): retain canonical closure evidence
895dba30bea6666bfd54f2997958c6492d7922d0	d2fcec202bd0dffee0b7cddeb073448f3ffc3a2f	2026-08-30T04:06:16-07:00	2026-08-30T04:06:16-07:00	false	fix(root): order proofs and expose search work
f66bb6d27f53d97681c43a8dd86a9f1d4d698219	895dba30bea6666bfd54f2997958c6492d7922d0	2026-08-30T04:09:31-07:00	2026-08-30T04:09:31-07:00	false	docs(compiler): preserve blocked P5 evidence
0aa8f1479a433abb5569931915349511aa8fc585	f66bb6d27f53d97681c43a8dd86a9f1d4d698219	2026-08-30T04:10:45-07:00	2026-08-30T04:10:45-07:00	false	docs(compiler): reject unbound toy IR schemas
9c017e58998707a82942dda7784a0d2d4da81282	0aa8f1479a433abb5569931915349511aa8fc585	2026-08-30T04:52:10-07:00	2026-08-30T04:52:10-07:00	false	feat(operation): retain exact store through verified run
2aa3e09f0c8b5d71b8e45a3f465c2b62fff47383	9c017e58998707a82942dda7784a0d2d4da81282	2026-08-30T04:52:10-07:00	2026-08-30T04:52:10-07:00	false	docs(hydration): encode store-bound authority law
2356681b72cf25bc26f3716c81c81346d788c115	2aa3e09f0c8b5d71b8e45a3f465c2b62fff47383	2026-08-30T04:59:36-07:00	2026-08-30T04:59:36-07:00	false	docs(graph): harden Trustfall and Qdrant boundary
3b15ad219023de1d1f683104a114ab38cbef7d9e	2356681b72cf25bc26f3716c81c81346d788c115	2026-08-30T05:26:49-07:00	2026-08-30T05:26:49-07:00	false	docs(orchestration): prevent circular swarm evidence
b64965952ebc975b5a4f06da6f8f09aeddefd21c	3b15ad219023de1d1f683104a114ab38cbef7d9e	2026-08-30T05:27:13-07:00	2026-08-30T05:27:13-07:00	false	docs(orchestration): reuse bounded worker roster
5d702e683122dbabf10845570c0b9b7efa1c45ec	b64965952ebc975b5a4f06da6f8f09aeddefd21c	2026-08-30T06:26:07-07:00	2026-08-30T06:26:07-07:00	false	docs(publication): codify durable authority skill
5513cf0951db122452b854055592e1a5be6dad8f	5d702e683122dbabf10845570c0b9b7efa1c45ec	2026-08-30T07:55:45-07:00	2026-08-30T07:55:45-07:00	false	fix(quality): close fresh-cache Cargo inputs
5959e2dddf3ff0c3a2366761ee2fa2c1cb4ccc3f	08dba5000cd46df743c109ee77c7016791ba7365 5513cf0951db122452b854055592e1a5be6dad8f	2026-08-30T08:04:23-07:00	2026-08-30T08:04:23-07:00	true	merge(orchestra): integrate shared substrate and evidence
2519b316107dbef20a8182f374ac8fed6f3e98e8	5513cf0951db122452b854055592e1a5be6dad8f	2026-08-30T08:01:01-07:00	2026-08-30T08:01:01-07:00	false	docs(orchestration): make product progress authoritative
538e379dd80c895ee9ade5506e8ebf3e6a5e1058	2519b316107dbef20a8182f374ac8fed6f3e98e8	2026-08-30T08:04:09-07:00	2026-08-30T08:04:09-07:00	false	docs(orchestration): quantify evidence-only churn
9926e897cdd4bbf7c6b4d5b83f22616abb2842ab	5959e2dddf3ff0c3a2366761ee2fa2c1cb4ccc3f 538e379dd80c895ee9ade5506e8ebf3e6a5e1058	2026-08-30T08:04:46-07:00	2026-08-30T08:04:46-07:00	true	merge(orchestra): adopt action-first recovery policy
70f1cbb6b3db8d79ecd06d317bf92ad392cccb77	9926e897cdd4bbf7c6b4d5b83f22616abb2842ab	2026-08-30T08:16:44-07:00	2026-08-30T08:16:44-07:00	true	fix(root): restore borrowed witness invariants after merge
c89ba8b8dce0cb946d03eea45206fab579e71868	70f1cbb6b3db8d79ecd06d317bf92ad392cccb77	2026-08-30T09:15:01-07:00	2026-08-30T09:15:01-07:00	true	docs(skills): guard derived invariant authority
092a89133ae52b1811aaa5740064595e369e5ed5	c89ba8b8dce0cb946d03eea45206fab579e71868	2026-08-30T08:35:10-07:00	2026-08-30T09:20:49-07:00	true	feat(ir): salvage scalable prepared fragment view
3d7ea1629a19e812d464b13806c08273c360fcc1	092a89133ae52b1811aaa5740064595e369e5ed5	2026-08-30T08:50:49-07:00	2026-08-30T09:20:49-07:00	true	fix(ir): bind entities and preserve prepared retries
8542940d33e027170a8b0560f694ffdc3b3ed8fb	3d7ea1629a19e812d464b13806c08273c360fcc1	2026-08-30T09:00:13-07:00	2026-08-30T09:20:49-07:00	true	refactor(ir): compact wire types and fragment validation
29938f4b6b7b2119f33e7e6d2ba8d166faef2af8	8542940d33e027170a8b0560f694ffdc3b3ed8fb	2026-08-30T09:12:17-07:00	2026-08-30T09:20:50-07:00	true	refactor(ir): type fragment wire layout transitions
5f99ad4d7c109bdb01452cfab61a2cf6275d21ee	29938f4b6b7b2119f33e7e6d2ba8d166faef2af8	2026-08-30T09:17:43-07:00	2026-08-30T09:20:50-07:00	true	fix(ir): keep prepared layout authority private
a43946413edda070a7a2aa7b0108a55cfb5f3eba	5f99ad4d7c109bdb01452cfab61a2cf6275d21ee	2026-08-30T09:22:36-07:00	2026-08-30T09:22:36-07:00	true	docs(roadmap): record actionable recovery baseline
5a585a88df69b377b23280452c8bd7fd9f8f70f1	a43946413edda070a7a2aa7b0108a55cfb5f3eba	2026-08-29T23:02:26-07:00	2026-08-30T09:29:23-07:00	true	fix(index): isolate portable dependency gate
bbecb0742cbe853275614a42640841c3477825fa	5a585a88df69b377b23280452c8bd7fd9f8f70f1	2026-08-30T09:29:44-07:00	2026-08-30T09:29:44-07:00	true	docs(roadmap): retain graph candidate falsifiers
e9601d9eb1a09019544397b68c9a358808417d58	bbecb0742cbe853275614a42640841c3477825fa	2026-08-30T09:30:51-07:00	2026-08-30T09:30:51-07:00	true	docs(skills): enforce wake and remote capability truth
3ea2e467ee073a859cd7022678fd857dc5e64020	e9601d9eb1a09019544397b68c9a358808417d58	2026-08-30T09:49:03-07:00	2026-08-30T09:49:23-07:00	true	fix(dylint): isolate UI test temporary workspace
6d628e92750a55d7fd336a8f14990ab04872382f	3ea2e467ee073a859cd7022678fd857dc5e64020	2026-08-30T09:59:05-07:00	2026-08-30T09:59:05-07:00	true	fix(root): preserve construction invariant failures
9cf48c4829624c832167e0b3ac82955fa256f2bf	6d628e92750a55d7fd336a8f14990ab04872382f	2026-08-30T09:59:05-07:00	2026-08-30T09:59:05-07:00	true	fix(quality): pin writable Dylint build environment
5555107bb0f0aaa910c95a7820e73eb6c5017027	9cf48c4829624c832167e0b3ac82955fa256f2bf	2026-08-30T10:07:57-07:00	2026-08-30T10:07:57-07:00	true	fix(quality): make Dylint rebuilds repeatable
cb3a896103403442c7e7aaf93d08e068e8ea5a7c	5555107bb0f0aaa910c95a7820e73eb6c5017027	2026-08-30T10:11:58-07:00	2026-08-30T10:11:58-07:00	true	docs(roadmap): close repeatable quality tooling
18b252e3f827b206e179cead3ce33a78efa0812a	cb3a896103403442c7e7aaf93d08e068e8ea5a7c	2026-08-30T11:19:05-07:00	2026-08-30T11:19:05-07:00	true	fix(quality): repair native build output modes
e6030ebd41b1c6217e97b5ddf4322a1369ba6299	18b252e3f827b206e179cead3ce33a78efa0812a	2026-08-30T10:26:20-07:00	2026-08-30T12:48:14-07:00	true	feat(index): replace rejected graph lease boundary
1b77ab8923612cb1aefbf807fdc22c8a2bde37c5	e6030ebd41b1c6217e97b5ddf4322a1369ba6299	2026-08-30T10:26:54-07:00	2026-08-30T12:48:14-07:00	true	feat(index): add borrowed exact segment lookup
89066679d061b86578523e99ce63654cc0a4ad25	1b77ab8923612cb1aefbf807fdc22c8a2bde37c5	2026-08-30T10:34:26-07:00	2026-08-30T12:48:14-07:00	true	feat(index): add bounded borrowed lexical segment
506b2552b2a9c4cb2cac8ec234dbce05f594ad6a	89066679d061b86578523e99ce63654cc0a4ad25	2026-08-30T10:38:49-07:00	2026-08-30T12:48:14-07:00	true	feat(index): add pinned graph and vector queries
e5896f04109910bb45d65d9914d17ad54851bb04	506b2552b2a9c4cb2cac8ec234dbce05f594ad6a	2026-08-30T10:40:47-07:00	2026-08-30T12:48:14-07:00	true	test(index): model graph wake and credit races
04e654122221a3b79828c27fbfda7f95b21f67c4	e5896f04109910bb45d65d9914d17ad54851bb04	2026-08-30T10:45:37-07:00	2026-08-30T12:48:15-07:00	true	feat(index): add pinned immutable query manifests
3b7054566d7b097aa16413035cd01b201c5f8b1e	04e654122221a3b79828c27fbfda7f95b21f67c4	2026-08-30T10:46:47-07:00	2026-08-30T12:48:15-07:00	true	test(index): prove allocation-free borrowed retrieval
7d75db9a46a9701eb8ed738fa30287b09877554c	3b7054566d7b097aa16413035cd01b201c5f8b1e	2026-08-30T10:47:19-07:00	2026-08-30T12:48:15-07:00	true	chore(index): remove unused core test dependency
2456420a7c3a1871b960793a3f18765fc2bc934c	7d75db9a46a9701eb8ed738fa30287b09877554c	2026-08-30T10:47:53-07:00	2026-08-30T12:48:15-07:00	true	feat(index): add real Tantivy projection adapter
c13a3419868fd06155c9470cd0df6679b04ae45f	2456420a7c3a1871b960793a3f18765fc2bc934c	2026-08-30T11:02:34-07:00	2026-08-30T12:48:15-07:00	true	fix(index): bind snapshots to immutable segment truth
eb920414953754d412ea69a492a67de079c4e6c3	c13a3419868fd06155c9470cd0df6679b04ae45f	2026-08-30T11:04:57-07:00	2026-08-30T12:48:15-07:00	true	fix(index): bound Tantivy membership projection
64c74ea2199181173ea0e0e676c7fe57be6e72a7	eb920414953754d412ea69a492a67de079c4e6c3	2026-08-30T11:12:27-07:00	2026-08-30T12:48:15-07:00	true	fix(index): split leased edge producer ownership
f630dc6f203c5897a897e03f3f10c6e5a581ba82	64c74ea2199181173ea0e0e676c7fe57be6e72a7	2026-08-30T11:13:31-07:00	2026-08-30T12:48:15-07:00	true	test(index): prove leased producer credit wake
75f17e6422a9bd37e980ec811f7f61ef94ae50ab	f630dc6f203c5897a897e03f3f10c6e5a581ba82	2026-08-30T11:24:15-07:00	2026-08-30T12:48:15-07:00	true	fix(index): bind update and partition terminal order
88acc2250379a62587a108374c341799699ed7db	75f17e6422a9bd37e980ec811f7f61ef94ae50ab	2026-08-30T11:34:12-07:00	2026-08-30T12:48:15-07:00	true	feat(index): add verified Qdrant projection
c5f9abd18c5533d61be295af1f904564b23a25bb	88acc2250379a62587a108374c341799699ed7db	2026-08-30T11:37:01-07:00	2026-08-30T12:48:15-07:00	true	fix(index): preflight lexical caller storage
fe7e76a4a754b5df7a5b7137d2366c358bb34265	c5f9abd18c5533d61be295af1f904564b23a25bb	2026-08-30T11:37:22-07:00	2026-08-30T12:48:15-07:00	true	fix(index): bind Tantivy to canonical manifests
6ba25068ea81caac36e849be4d77c77430019fea	fe7e76a4a754b5df7a5b7137d2366c358bb34265	2026-08-30T11:41:20-07:00	2026-08-30T12:48:15-07:00	true	fix(index): wake leased edges after unlock
20ed2ab6235c2e0acdf81c475330a4abf290a3f8	6ba25068ea81caac36e849be4d77c77430019fea	2026-08-30T11:55:01-07:00	2026-08-30T12:48:15-07:00	true	fix(index): make Qdrant projection exact
2c42aca10e3b99460d08e4510d9ba41662097bb1	20ed2ab6235c2e0acdf81c475330a4abf290a3f8	2026-08-30T12:01:34-07:00	2026-08-30T12:48:15-07:00	true	fix(index): reject Qdrant identity aliases
26b4f8ac448d105e1df31db8760c9e177e7d3050	2c42aca10e3b99460d08e4510d9ba41662097bb1	2026-08-30T12:05:32-07:00	2026-08-30T12:48:15-07:00	true	fix(index): derive Qdrant terminal atomically
39c417999d5b330e713a2f6f0200a2eb69d3e793	26b4f8ac448d105e1df31db8760c9e177e7d3050	2026-08-30T12:14:56-07:00	2026-08-30T12:48:15-07:00	true	fix(index): enforce Qdrant replica consistency
ff55b02a1d9a48505a9479771c5591d86b3ab413	39c417999d5b330e713a2f6f0200a2eb69d3e793	2026-08-30T12:37:43-07:00	2026-08-30T12:48:15-07:00	true	fix(index): preserve lexical term deletions
0abdc8019dc71aedf16a79b88ca84fd9ab782c50	ff55b02a1d9a48505a9479771c5591d86b3ab413	2026-08-30T12:56:49-07:00	2026-08-30T12:56:49-07:00	true	docs(roadmap): integrate immutable retrieval plane
012e96e5f8166024d82021cef76d8539301cc6d9	0abdc8019dc71aedf16a79b88ca84fd9ab782c50	2026-08-30T10:28:13-07:00	2026-08-30T13:47:53-07:00	true	test(system): add bounded multilingual corpus oracle
7de1fb50ef5867a2060b265bae290581d6da9d4b	012e96e5f8166024d82021cef76d8539301cc6d9	2026-08-30T10:41:21-07:00	2026-08-30T13:47:53-07:00	true	fix(system): preserve corpus length overflow operands
90d13f0ee676622793c31f328b69d53b7f453030	7de1fb50ef5867a2060b265bae290581d6da9d4b	2026-08-30T10:44:23-07:00	2026-08-30T13:47:53-07:00	true	feat(adaptive): add deterministic local-first policy
a21f522241ee894faedbd0a77f353eff838cb368	90d13f0ee676622793c31f328b69d53b7f453030	2026-08-30T10:49:25-07:00	2026-08-30T13:47:54-07:00	true	fix(adaptive): preserve ownership during contraction
10337e39d137a9cacfa0316225534c84190b0cd9	a21f522241ee894faedbd0a77f353eff838cb368	2026-08-30T10:51:50-07:00	2026-08-30T13:47:54-07:00	true	fix(adaptive): release safe ram duplicates
ad98384a26318136f4c825a09d4c45a2daef7866	10337e39d137a9cacfa0316225534c84190b0cd9	2026-08-30T11:10:40-07:00	2026-08-30T13:47:54-07:00	true	feat(application): add unified typed interface service
dbac09d4212d70ed5edd9a369dd6535f4e2db750	ad98384a26318136f4c825a09d4c45a2daef7866	2026-08-30T11:26:22-07:00	2026-08-30T13:47:54-07:00	true	fix(mcp): preserve ids and suppress cancellation notifications
ab871d17df78e71b4becf452f1fc6021fb6af6d1	dbac09d4212d70ed5edd9a369dd6535f4e2db750	2026-08-30T11:37:09-07:00	2026-08-30T13:47:54-07:00	true	feat(application): execute adaptive capability lifecycle
a75b3c91bd1486adf6cf507dd2a9d8299ad1d957	ab871d17df78e71b4becf452f1fc6021fb6af6d1	2026-08-30T11:47:01-07:00	2026-08-30T13:47:54-07:00	true	fix(application): bound inline transport text
1d60a52470c15047aaeacbfb6ba706b352a00235	a75b3c91bd1486adf6cf507dd2a9d8299ad1d957	2026-08-30T11:49:43-07:00	2026-08-30T13:47:54-07:00	true	fix(application): project adaptive execution over mcp
f54e8f622e2629f6cad1637ea0f11399ead9f6dc	1d60a52470c15047aaeacbfb6ba706b352a00235	2026-08-30T11:50:28-07:00	2026-08-30T13:47:54-07:00	true	feat(application): share adaptive CLI session
c28c007cfa13393fdbaccbde091ae33344f88b71	f54e8f622e2629f6cad1637ea0f11399ead9f6dc	2026-08-30T11:51:27-07:00	2026-08-30T13:47:54-07:00	true	feat(gpui): drive shell from owned application service
e0bea2b816c3d745d1a3b9e1d9a579936617dc49	c28c007cfa13393fdbaccbde091ae33344f88b71	2026-08-30T12:03:51-07:00	2026-08-30T13:47:54-07:00	true	fix(application): retain concrete protocol causes
a62c27ea7c7ee391df0f9e7c7c74fc29f00cf768	e0bea2b816c3d745d1a3b9e1d9a579936617dc49	2026-08-30T12:03:56-07:00	2026-08-30T13:47:54-07:00	true	fix(quality): gate adaptive application workspaces
6e979cacdb02e6fb7c7bce1b85c9206c5298a8d1	a62c27ea7c7ee391df0f9e7c7c74fc29f00cf768	2026-08-30T12:19:27-07:00	2026-08-30T13:47:54-07:00	true	fix(application): pin client budget toolchain
49e114c171643b84932591989c16ed3c28e5248d	6e979cacdb02e6fb7c7bce1b85c9206c5298a8d1	2026-08-30T12:38:15-07:00	2026-08-30T13:47:54-07:00	true	feat(application): admit remote pin inconsistency
413e699094cc021ab25924d3d2394a3b0c3c639b	49e114c171643b84932591989c16ed3c28e5248d	2026-08-30T12:56:29-07:00	2026-08-30T13:47:54-07:00	true	fix(application): resolve typed MCP cancellation targets
691960dd3a142e275832a81829842ef43a6a675d	413e699094cc021ab25924d3d2394a3b0c3c639b	2026-08-30T13:09:38-07:00	2026-08-30T13:47:55-07:00	true	fix(application): close typed policy boundaries
00810bcee62d40c35b8292a95d27b94b8601e9ae	691960dd3a142e275832a81829842ef43a6a675d	2026-08-30T15:18:08-07:00	2026-08-30T15:18:08-07:00	true	docs(roadmap): record adaptive application integration
c5f516bd779bab5d21f2369e1a72cce0f8bf2e2b	00810bcee62d40c35b8292a95d27b94b8601e9ae	2026-08-30T15:43:38-07:00	2026-08-30T15:43:38-07:00	true	refactor(types): enforce declarative adapter boundaries
ca25120e2f5a32db21a0a850f8d4c7cf00a47bfd	c5f516bd779bab5d21f2369e1a72cce0f8bf2e2b	2026-08-30T15:45:46-07:00	2026-08-30T15:45:46-07:00	true	refactor qdrant wire contract
964bb66679f447cbfc96a21653278b2b9f62c974	ca25120e2f5a32db21a0a850f8d4c7cf00a47bfd	2026-08-30T15:50:24-07:00	2026-08-30T15:50:24-07:00	true	refactor(qdrant): remove dead protocol states and query copies
51e0581fda8cefb320f1c7d41814e2bf60d488c8	964bb66679f447cbfc96a21653278b2b9f62c974	2026-08-30T15:51:27-07:00	2026-08-30T15:51:27-07:00	true	refactor(index): centralize bounded snapshot uniqueness
9f4ba679e5da26ab047bce442eb42bc7c0d1bf9a	51e0581fda8cefb320f1c7d41814e2bf60d488c8	2026-08-30T16:18:34-07:00	2026-08-30T16:18:34-07:00	true	strengthen semantic protocol lints
9f7f98a8552db1d2e55f25713778407ff562b86a	9f4ba679e5da26ab047bce442eb42bc7c0d1bf9a	2026-08-30T16:57:48-07:00	2026-08-30T16:57:48-07:00	true	refactor(orchestration): make agent learning action driven
b18668948b88869e2ec3c62c1342139d0f7c3f35	9f7f98a8552db1d2e55f25713778407ff562b86a	2026-08-30T16:57:57-07:00	2026-08-30T16:57:57-07:00	true	build(quality): enforce semantic and crate boundaries
8485cb83148a276cc1ebe5247bc66ffe4829c96c	b18668948b88869e2ec3c62c1342139d0f7c3f35	2026-08-30T16:58:03-07:00	2026-08-30T17:01:59-07:00	true	refactor(application): type the json wire vocabulary
1e32596dd2d77b92b03d44c679e05e4618ef1cbb	8485cb83148a276cc1ebe5247bc66ffe4829c96c	2026-08-30T17:07:56-07:00	2026-08-30T17:07:56-07:00	true	style(index): restore workspace formatting gate
18197b90b4f27e06b1fb3af8dc87ad9a5228673f	1e32596dd2d77b92b03d44c679e05e4618ef1cbb	2026-08-30T19:13:45-07:00	2026-08-30T19:13:45-07:00	true	feat(index): harden immutable vector projection identity
5309982502fb4ad8482ba5b18cdef570bbd07b1c	18197b90b4f27e06b1fb3af8dc87ad9a5228673f	2026-08-30T19:17:36-07:00	2026-08-30T19:17:36-07:00	true	docs(index): record honest graph projection closure
31a86695029ad37b5e35d588977ea59bd3d05357	5309982502fb4ad8482ba5b18cdef570bbd07b1c	2026-08-30T18:55:44-07:00	2026-08-30T19:38:55-07:00	true	build(workspace): repair shared crate manifest graph
817b385e910bf55eb422deea727a2bcab9539ca4	31a86695029ad37b5e35d588977ea59bd3d05357	2026-08-30T19:02:45-07:00	2026-08-30T19:38:57-07:00	true	docs: update shared crate paths
c85ac819723142b3f0ee10b5e7834c583a1964c5	817b385e910bf55eb422deea727a2bcab9539ca4	2026-08-30T19:14:48-07:00	2026-08-30T19:39:33-07:00	true	refactor(workspace): consolidate shipping crates
b3acfcc3ca2b37e670777bd630a9e51bf752db21	c85ac819723142b3f0ee10b5e7834c583a1964c5	2026-08-30T19:22:22-07:00	2026-08-30T19:39:35-07:00	true	fix(workspace): preserve crate lint ownership
31a48ba1304aba23bd286faf964740f9aea7dd48	b3acfcc3ca2b37e670777bd630a9e51bf752db21	2026-08-30T19:28:08-07:00	2026-08-30T19:39:36-07:00	true	fix(workspace): retain former plane lint policy
054e1386e7cdb038ac30d0a0f50879e567de55a2	31a48ba1304aba23bd286faf964740f9aea7dd48	2026-08-30T19:36:08-07:00	2026-08-30T19:39:46-07:00	true	docs(workspace): close migration evidence gaps
2299cb4ad520ba4065ba0bc6a7a1e9e1a464fd83	054e1386e7cdb038ac30d0a0f50879e567de55a2	2026-08-30T19:42:15-07:00	2026-08-30T19:42:15-07:00	true	build(workspace): regenerate unified dependency lock
35289b834f60eeccd776a29d063e15ad4e4dd088	2299cb4ad520ba4065ba0bc6a7a1e9e1a464fd83	2026-08-30T19:38:53-07:00	2026-08-30T19:42:15-07:00	true	docs(workspace): make migration proofs executable
24df7374201b611080ec69ed683ea7c2afa7df52	35289b834f60eeccd776a29d063e15ad4e4dd088	2026-08-30T19:40:15-07:00	2026-08-30T19:42:17-07:00	true	docs(workspace): record migration closure status
a7790b78278de51f54c7519e1f60550a0802ee6a	24df7374201b611080ec69ed683ea7c2afa7df52	2026-08-30T19:47:05-07:00	2026-08-30T19:47:05-07:00	true	docs(workspace): record unified crate integration
e4b3685a95e6dfd7e01d9839d63ab2de9a5ce8d7	a7790b78278de51f54c7519e1f60550a0802ee6a	2026-08-30T20:08:26-07:00	2026-08-30T20:08:26-07:00	true	refactor(index): seal compact graph vector facts
b9b41698a41205ecb0dfa1be675a0f6d3136a041	e4b3685a95e6dfd7e01d9839d63ab2de9a5ce8d7	2026-08-30T20:08:40-07:00	2026-08-30T20:08:40-07:00	true	refactor(qdrant): type and partition adapter boundaries
e8ec0c5ab3770cba198fbff570e072b2d60b757d	b9b41698a41205ecb0dfa1be675a0f6d3136a041	2026-08-30T20:17:23-07:00	2026-08-30T20:17:23-07:00	true	fix(qdrant): preserve bounded response evidence
ff742c0a26207ac847145668096e4d5c0a3882a9	e8ec0c5ab3770cba198fbff570e072b2d60b757d	2026-08-30T20:19:09-07:00	2026-08-30T20:19:09-07:00	true	docs(index): record compact projection integration
ebacfb8a4b745fc0b5a089f6446768cf0a9c0948	ff742c0a26207ac847145668096e4d5c0a3882a9	2026-08-30T20:29:55-07:00	2026-08-30T20:29:55-07:00	true	fix(qdrant): bound decoded response bodies
1bdec8194dec4f4e60218bdc25f4d9d465661e28	ebacfb8a4b745fc0b5a089f6446768cf0a9c0948	2026-08-30T20:32:08-07:00	2026-08-30T20:32:08-07:00	true	fix(qdrant): retain complete identity rejection evidence
911a47b4fd872e3f7d7e8b1aa16e22b250a2a1f3	1bdec8194dec4f4e60218bdc25f4d9d465661e28	2026-08-30T21:13:38-07:00	2026-08-30T21:13:38-07:00	true	test(graph-vector): add lease lifecycle falsifiers
7040572f14a488764ff5d092e87283d6acadeb33	911a47b4fd872e3f7d7e8b1aa16e22b250a2a1f3	2026-08-30T21:21:26-07:00	2026-08-30T21:21:26-07:00	true	test(graph-vector): exercise stack lease lifecycle
fed5b462a2f18cc774e675d0d90bb490dbd9adf0	7040572f14a488764ff5d092e87283d6acadeb33	2026-08-30T21:24:18-07:00	2026-08-30T21:24:18-07:00	true	test(graph-vector): respect lease batch borrow boundary
9594ae4b1cc535a828ad132441b4e7ccee5ef45f	fed5b462a2f18cc774e675d0d90bb490dbd9adf0	2026-08-30T21:26:01-07:00	2026-08-30T21:26:01-07:00	true	test(runtime): tighten lock-free slot proofs
a5ec57798607dc9e11b44dcad616f960c5708e16	9594ae4b1cc535a828ad132441b4e7ccee5ef45f	2026-08-30T21:27:43-07:00	2026-08-30T21:27:43-07:00	true	fix(runtime): report ready coordinate precisely
6f7bb75e74240e163811a616bcffe655cae40da7	a5ec57798607dc9e11b44dcad616f960c5708e16	2026-08-30T21:29:07-07:00	2026-08-30T21:29:07-07:00	true	test(runtime): falsify stale slot reuse and payload drops
2038ce8e53a7b8914163cdb7e21546fc81de48f3	6f7bb75e74240e163811a616bcffe655cae40da7	2026-08-30T21:30:18-07:00	2026-08-30T21:30:18-07:00	true	test(observability): remove poisoning gate synchronization
d68cb69bb2acf0e53af035c6ed39065ddf6496a9	2038ce8e53a7b8914163cdb7e21546fc81de48f3	2026-08-30T21:32:35-07:00	2026-08-30T21:32:35-07:00	true	test(runtime): falsify stale slot reuse and payload drops
181d62000dcbfdc02416281efab4cf5a023082b1	d68cb69bb2acf0e53af035c6ed39065ddf6496a9	2026-08-30T21:32:39-07:00	2026-08-30T21:32:39-07:00	true	refactor(runtime): isolate waiter transition proofs
08ef0140832b397f1da299c39b7f609fcff7ccef	181d62000dcbfdc02416281efab4cf5a023082b1	2026-08-30T21:34:57-07:00	2026-08-30T21:34:57-07:00	true	test(runtime): retain exact metric mismatch snapshots
26ef12e1d2f1cf6530ffab94a4aefd0c667300db	08ef0140832b397f1da299c39b7f609fcff7ccef	2026-08-30T21:36:43-07:00	2026-08-30T21:36:43-07:00	true	test(runtime): earn cold metric diagnostics
7c1281e485a9e2716f8a5d91ce83e2d9e144c6c2	26ef12e1d2f1cf6530ffab94a4aefd0c667300db	2026-08-30T21:40:34-07:00	2026-08-30T21:40:34-07:00	true	refactor(index): make graph lease scoped and lock-free
8c31cb2118d3e4a6ca6577e97c7085c08ea8ada9	7c1281e485a9e2716f8a5d91ce83e2d9e144c6c2	2026-08-30T21:50:36-07:00	2026-08-30T21:50:36-07:00	true	refactor(index): seal segment identity and bound qdrant projection
2630b960d661fef9dbaf45aef348989ade15929f	8c31cb2118d3e4a6ca6577e97c7085c08ea8ada9	2026-08-30T21:52:45-07:00	2026-08-30T21:52:45-07:00	true	test(application): preserve protocol fixture errors
2f94089cbe9fae742fd857d7a43405781e5e96f9	2630b960d661fef9dbaf45aef348989ade15929f	2026-08-30T21:54:26-07:00	2026-08-30T21:54:26-07:00	true	lint(rust): forbid poisoning sync and trivial accessors
0d92f661cde8557c154b5c0629eefc924d6c08aa	2f94089cbe9fae742fd857d7a43405781e5e96f9	2026-08-30T22:01:16-07:00	2026-08-30T22:01:16-07:00	true	refactor(adaptive): replace scalar accessors with typed views
b70b182298a8b7ed55ac9bb2e6bef9629b081243	0d92f661cde8557c154b5c0629eefc924d6c08aa	2026-08-30T22:09:41-07:00	2026-08-30T22:09:41-07:00	true	refactor(application): borrow bounded input as bytes
98f4b7c4eea8d05c4dcfdc4a1237a040f2d9f2a2	b70b182298a8b7ed55ac9bb2e6bef9629b081243	2026-08-30T22:09:42-07:00	2026-08-30T22:09:42-07:00	true	refactor(root): expose sealed invariant views
30de14ca3a216fb7ed39ea2233090bc980f6943b	98f4b7c4eea8d05c4dcfdc4a1237a040f2d9f2a2	2026-08-30T22:15:01-07:00	2026-08-30T22:15:01-07:00	true	test(graph): model early lock-free publication under miri
fbc43d743e97da4c64293c210179d97380ec96a3	30de14ca3a216fb7ed39ea2233090bc980f6943b	2026-08-30T22:22:10-07:00	2026-08-30T22:22:10-07:00	true	test(lockfree): enforce graph loom and unsafe custody
b7027fc9d845c51e584b90d3da4d81f885cf18f9	fbc43d743e97da4c64293c210179d97380ec96a3	2026-08-30T22:23:28-07:00	2026-08-30T22:23:28-07:00	true	docs(skills): require instrumented lock-free proof
9895292b3c0a1202ab38b5b491cb506508aaab59	b7027fc9d845c51e584b90d3da4d81f885cf18f9	2026-08-30T22:37:44-07:00	2026-08-30T22:37:44-07:00	true	refactor(index): expose validated views and typed scalars
029a6c1a7970ed941ffc81acd93991033eafee9b	9895292b3c0a1202ab38b5b491cb506508aaab59	2026-08-30T22:44:19-07:00	2026-08-30T22:44:19-07:00	true	refactor(index): narrow scalar conversion surface
71031e169b29a8d891f79283c850bebada19c043	029a6c1a7970ed941ffc81acd93991033eafee9b	2026-08-30T22:44:55-07:00	2026-08-30T22:44:55-07:00	true	lint(architecture): forbid semantic law waivers
3fa3d3db37d051b2d2b69c058046bc71becf0cf0	71031e169b29a8d891f79283c850bebada19c043	2026-08-30T22:52:54-07:00	2026-08-30T22:52:54-07:00	true	lint(api): reject crate-visible field accessors
32dfa463409f7877093b2a5f209699cc8f0b9c4a	3fa3d3db37d051b2d2b69c058046bc71becf0cf0	2026-08-30T22:53:52-07:00	2026-08-30T22:53:52-07:00	true	test(index): model lock-free lease payload accesses
985af513b58e9a6d19504e744963aae7290c32dc	32dfa463409f7877093b2a5f209699cc8f0b9c4a	2026-08-30T22:55:16-07:00	2026-08-30T22:55:16-07:00	true	refactor(runtime): expose crate facts directly
8bd4aaae60982a8523ce4987034a62660bae4237	985af513b58e9a6d19504e744963aae7290c32dc	2026-08-30T22:59:51-07:00	2026-08-30T22:59:51-07:00	true	refactor(root): expose internal facts without accessors
1c1e497219a0beb531612fd3683e0662d1bd74fe	8bd4aaae60982a8523ce4987034a62660bae4237	2026-08-30T23:01:27-07:00	2026-08-30T23:01:27-07:00	true	refactor(protocol): convert canonical identities by trait
b532b5a87506e0dd476f7fa9c4a58b045ab7ee4d	1c1e497219a0beb531612fd3683e0662d1bd74fe	2026-08-30T23:03:26-07:00	2026-08-30T23:03:26-07:00	true	refactor(journal): expose decoded record directly
cee69e6fc0b0baa69109a65dde3363ee9426cb7b	b532b5a87506e0dd476f7fa9c4a58b045ab7ee4d	2026-08-30T23:05:36-07:00	2026-08-30T23:05:36-07:00	true	refactor(store): name compact index coordinates
09e6bb7a0c8755e24358520b23390143b07f74f2	cee69e6fc0b0baa69109a65dde3363ee9426cb7b	2026-08-30T23:10:13-07:00	2026-08-30T23:10:13-07:00	true	refactor(presentation): expose immutable projection facts
469a5c6c0aae1d177f1f5d97d13883207362fb4d	09e6bb7a0c8755e24358520b23390143b07f74f2	2026-08-30T23:16:51-07:00	2026-08-30T23:16:51-07:00	true	docs(skills): enforce closed fixture schemas
adb63b371c8e44e3ec174265ba811b986da7c247	469a5c6c0aae1d177f1f5d97d13883207362fb4d	2026-08-30T23:23:34-07:00	2026-08-30T23:23:34-07:00	true	test(protocol): use typed MCP JSON fixtures
a2c26405b80b307b2c677c2d70896ed4e0dbea56	adb63b371c8e44e3ec174265ba811b986da7c247	2026-08-30T23:58:22-07:00	2026-08-30T23:58:22-07:00	true	test(mcp): declare typed fixture serialization
44f396ecc83c71817513e55237831f9ee9d4ab5e	a2c26405b80b307b2c677c2d70896ed4e0dbea56	2026-08-31T00:03:25-07:00	2026-08-31T00:03:25-07:00	true	lint(json): prescribe typed extension boundaries
42ceabaa10473f88b74d4b8436030835af5c3628	44f396ecc83c71817513e55237831f9ee9d4ab5e	2026-08-31T00:07:21-07:00	2026-08-31T00:07:21-07:00	true	quality: tier proof and ignore external erasure
c460b8946f96e16a116ebfec31863e6424dbbd36	42ceabaa10473f88b74d4b8436030835af5c3628	2026-08-31T06:24:50-07:00	2026-08-31T06:24:50-07:00	true	docs(orchestration): bound research and tier proof
cb24ad399a7fd6c404ef6a1a9b2b6373058b189f	c460b8946f96e16a116ebfec31863e6424dbbd36	2026-08-30T22:42:09-07:00	2026-08-31T06:27:20-07:00	true	feat(durable-journal): add bounded durable publisher owner
700220e3c6db97fbdb4f322d87364109029f2dc9	cb24ad399a7fd6c404ef6a1a9b2b6373058b189f	2026-08-31T06:22:00-07:00	2026-08-31T06:27:20-07:00	true	refactor(journal): split durable publication by invariant
4e93ac47e5a51e21e37faddbe234c1794f1e8ed0	700220e3c6db97fbdb4f322d87364109029f2dc9	2026-08-31T06:37:29-07:00	2026-08-31T06:37:29-07:00	true	fix(journal): align publisher with validated locality
28cdd5381be213f619ae14043adfaa0a9f6bb9ba	4e93ac47e5a51e21e37faddbe234c1794f1e8ed0	2026-08-31T06:46:39-07:00	2026-08-31T06:46:39-07:00	true	refactor(journal): publish through write-once state
73637660e61e8c4b7e1b05fd5dbc50b58a4e9df3	28cdd5381be213f619ae14043adfaa0a9f6bb9ba	2026-08-31T06:49:02-07:00	2026-08-31T06:49:02-07:00	true	docs(roadmap): record durable publisher replacement
73d44201fdc89a1bc3e4764d8ab673b23678c758	73637660e61e8c4b7e1b05fd5dbc50b58a4e9df3	2026-08-31T06:35:21-07:00	2026-08-31T08:59:46-07:00	true	test(application): require real generated output
756023506f44b0a5f1d76f72b38571079714ab3a	73d44201fdc89a1bc3e4764d8ab673b23678c758	2026-08-31T06:41:46-07:00	2026-08-31T08:59:47-07:00	true	test(application): reject fabricated generation truth
d8892fd113b35f5a90acf7b63b27c9cbc8e008fb	756023506f44b0a5f1d76f72b38571079714ab3a	2026-08-31T06:45:15-07:00	2026-08-31T08:59:49-07:00	true	fix(application): reject untyped compiler echoes
580235e7a7e54dc74179b616ca70a51117b1f04c	d8892fd113b35f5a90acf7b63b27c9cbc8e008fb	2026-08-31T06:51:05-07:00	2026-08-31T08:59:50-07:00	true	feat(application): add product GPUI shell
421074018372936a91dad352786f7e3720cbd179	580235e7a7e54dc74179b616ca70a51117b1f04c	2026-08-31T07:07:31-07:00	2026-08-31T08:59:51-07:00	true	test(application): type terminal process projections
1ed57a9ac3a0a9944fe7672ade4a304633e3ed38	421074018372936a91dad352786f7e3720cbd179	2026-08-31T07:16:48-07:00	2026-08-31T08:59:53-07:00	true	feat(application): expose wake-driven execution
b46fb793e3eb47dfc567d3434c8ab2c09211647a	1ed57a9ac3a0a9944fe7672ade4a304633e3ed38	2026-08-31T07:17:16-07:00	2026-08-31T08:59:54-07:00	true	test(application): keep terminal falsifier concrete
d6e79e3e3dbf4cbba293854321670684a590bc15	b46fb793e3eb47dfc567d3434c8ab2c09211647a	2026-08-31T07:24:13-07:00	2026-08-31T08:59:55-07:00	true	fix(application): close MCP action DTO grammar
14ba8156b958c4859d249f0246079403482b7b54	d6e79e3e3dbf4cbba293854321670684a590bc15	2026-08-31T07:37:36-07:00	2026-08-31T08:59:56-07:00	true	feat(application): add typed GPUI action forms
5d22620863a8352128d6378bae3bf5498248ea72	14ba8156b958c4859d249f0246079403482b7b54	2026-08-31T07:39:30-07:00	2026-08-31T08:59:57-07:00	true	refactor(application): share raw command conversion
f662fe900141b19d254298e7b626bd085e772d8b	5d22620863a8352128d6378bae3bf5498248ea72	2026-08-31T07:40:03-07:00	2026-08-31T08:59:58-07:00	true	feat(application): expose motion preference controls
95b45e83e1fdcf12adea9c6fc2918ba8ebc7708c	f662fe900141b19d254298e7b626bd085e772d8b	2026-08-31T07:41:45-07:00	2026-08-31T08:59:59-07:00	true	feat(application): push GPUI execution updates
8fca2f220c099e7d6115fbb9d511072a5190f9a1	95b45e83e1fdcf12adea9c6fc2918ba8ebc7708c	2026-08-31T07:55:34-07:00	2026-08-31T09:00:00-07:00	true	fix(application): close native GPUI input transitions
1021de94b2dcba40d3b6b32ab7b814e686495e1a	8fca2f220c099e7d6115fbb9d511072a5190f9a1	2026-08-31T08:10:49-07:00	2026-08-31T09:00:01-07:00	true	refactor(application): close shared command groups
c1114072ce40f22ce039ca6fa8c1484db212c71c	1021de94b2dcba40d3b6b32ab7b814e686495e1a	2026-08-31T08:29:49-07:00	2026-08-31T09:00:02-07:00	true	fix(application): close native GPUI lifecycle facts
cb7c374a4526f9bfe3fee6ac5f00d2e48074abfe	c1114072ce40f22ce039ca6fa8c1484db212c71c	2026-08-31T08:35:37-07:00	2026-08-31T09:00:03-07:00	true	feat(application): ship native GPUI host
8b7c1469df6487b75be78caee997dbae45ba24a1	cb7c374a4526f9bfe3fee6ac5f00d2e48074abfe	2026-08-31T08:58:49-07:00	2026-08-31T09:00:04-07:00	true	fix(application): retain native UI failures
131450dee4cda21c0abc14b51c80635ebfa47233	8b7c1469df6487b75be78caee997dbae45ba24a1	2026-08-31T09:04:54-07:00	2026-08-31T09:04:54-07:00	true	docs(migration): record native application integration
7da57fcefdd4cce4ee499cb26c98cf2d90a9ab01	131450dee4cda21c0abc14b51c80635ebfa47233	2026-08-31T06:48:13-07:00	2026-08-31T09:15:54-07:00	true	feat(compiler): parse native source into borrowed IR
462c14df2337cdd44b580a7cbaeb6072695fba2a	7da57fcefdd4cce4ee499cb26c98cf2d90a9ab01	2026-08-31T06:49:20-07:00	2026-08-31T09:15:55-07:00	true	test(operation): reject input-ignoring semantic IR
03e7dd0122813bdaf81fc60951cc745864bf6f12	462c14df2337cdd44b580a7cbaeb6072695fba2a	2026-08-31T06:53:47-07:00	2026-08-31T09:15:56-07:00	true	feat(id): register compiler and IR authorities
7cc5d4ee4cb9e264f6ae639847ebfa02b39cf174	03e7dd0122813bdaf81fc60951cc745864bf6f12	2026-08-31T07:06:34-07:00	2026-08-31T09:15:57-07:00	true	feat(id): type IR fragment range commitments
215fc9d4c837648c35ce903c64079770382113b0	7cc5d4ee4cb9e264f6ae639847ebfa02b39cf174	2026-08-31T07:08:18-07:00	2026-08-31T09:15:57-07:00	true	test(operation): assert semantic compiler facts
4f38f032924b18dfbe3886cfd62c9ec234d86526	215fc9d4c837648c35ce903c64079770382113b0	2026-08-31T07:08:40-07:00	2026-08-31T09:15:58-07:00	true	feat(compiler): retain semantic declaration facts in IR
7e4f87eddd0fe185cf5e23745a41ec3de2f10c26	4f38f032924b18dfbe3886cfd62c9ec234d86526	2026-08-31T07:21:19-07:00	2026-08-31T09:15:59-07:00	true	Expose verified generation in publication facts
2762d4709b88fb2148e2fab220e541f647701d3f	7e4f87eddd0fe185cf5e23745a41ec3de2f10c26	2026-08-31T07:27:08-07:00	2026-08-31T09:16:00-07:00	true	Add compiler publication schema identifiers
5fd1c9830f24ba2ab36e8b3ff42ec92ad8d4e5b2	2762d4709b88fb2148e2fab220e541f647701d3f	2026-08-31T07:31:38-07:00	2026-08-31T09:17:09-07:00	true	feat(ir): commit recipe-bearing fragment ranges
961be72dadebb1d01247e30d1ecf8511a8378428	5fd1c9830f24ba2ab36e8b3ff42ec92ad8d4e5b2	2026-08-31T07:41:51-07:00	2026-08-31T09:17:09-07:00	true	feat(compiler-publication): add immutable fragment storage
8c80a83d564bac6e8db2c82b77d7173a0b2c6342	961be72dadebb1d01247e30d1ecf8511a8378428	2026-08-31T07:44:23-07:00	2026-08-31T09:17:10-07:00	true	Harden immutable fragment storage boundary
29b043488ac7a903e496eaaf7e4d6fb4b56565c4	8c80a83d564bac6e8db2c82b77d7173a0b2c6342	2026-08-31T07:45:15-07:00	2026-08-31T09:17:11-07:00	true	Close immutable storage error vocabulary
d495cf6cb56174f3d00d33ced8a349a77bc24312	29b043488ac7a903e496eaaf7e4d6fb4b56565c4	2026-08-31T07:55:37-07:00	2026-08-31T09:17:12-07:00	true	Add canonical compiler package manifests
f45180f9f75358bde80d1a599993d51f2bb36f48	d495cf6cb56174f3d00d33ced8a349a77bc24312	2026-08-31T08:00:22-07:00	2026-08-31T09:17:13-07:00	true	Add compiler generation binding wire
84ac81cb00a7ffa5f32076d1d95ecd1ae19e2c34	f45180f9f75358bde80d1a599993d51f2bb36f48	2026-08-31T08:01:32-07:00	2026-08-31T09:17:14-07:00	true	feat(compiler): bound native lowering authority
71994dfa485e83155b28ed48e5c98c6092b63614	84ac81cb00a7ffa5f32076d1d95ecd1ae19e2c34	2026-08-31T08:05:41-07:00	2026-08-31T09:17:15-07:00	true	feat(ir): validate mapped fragments before borrowing
6ac7f42d8ae5185d2f03cc3ef4d261c2ec39cf65	71994dfa485e83155b28ed48e5c98c6092b63614	2026-08-31T08:20:07-07:00	2026-08-31T09:17:16-07:00	true	test(operation): exercise bounded compiler seam
3c41227c87bd400745d6ca4356a4d20f76c578ce	6ac7f42d8ae5185d2f03cc3ef4d261c2ec39cf65	2026-08-31T08:29:06-07:00	2026-08-31T09:17:17-07:00	true	test(operation): execute multilingual compiler corpus
569e35e4f12b1eee929c09ce15d5bc1552580cab	3c41227c87bd400745d6ca4356a4d20f76c578ce	2026-08-31T08:40:50-07:00	2026-08-31T09:17:17-07:00	true	feat(compile): durably publish canonical compiler packages
b488355cccd974688a3b553996746e57cbea8230	569e35e4f12b1eee929c09ce15d5bc1552580cab	2026-08-31T08:41:39-07:00	2026-08-31T09:17:18-07:00	true	test(operation): prove durable compiler journey
ff4223d17a94aafb089e02f315f3298737c8813b	b488355cccd974688a3b553996746e57cbea8230	2026-08-31T09:04:28-07:00	2026-08-31T09:17:19-07:00	true	refactor(compiler): compact durable publication boundaries
e62aecd37fb46f103bb82bebe4a7bb92d52cc004	ff4223d17a94aafb089e02f315f3298737c8813b	2026-08-31T06:34:33-07:00	2026-08-31T09:17:55-07:00	true	test(compiler): require complete corpus language vocabulary
8bed35f84b1ab3d5eef6ac0cdf1b4097dc1f5977	e62aecd37fb46f103bb82bebe4a7bb92d52cc004	2026-08-31T06:36:06-07:00	2026-08-31T09:17:56-07:00	true	test(operation): span offline corpus across compiler languages
0b20bd55849e15846713fc31ae22d651e2bceef8	8bed35f84b1ab3d5eef6ac0cdf1b4097dc1f5977	2026-08-31T06:38:51-07:00	2026-08-31T09:22:28-07:00	true	feat(index): bind snapshots to canonical generations
ffe0a0f5a7f324d82f43aada40e841af6b48d4d2	0b20bd55849e15846713fc31ae22d651e2bceef8	2026-08-31T06:49:52-07:00	2026-08-31T09:22:38-07:00	true	feat(index): add borrowed Trustfall graph projection
24c70fe85d037aa1b60a6ff25bdeaeb19e335312	ffe0a0f5a7f324d82f43aada40e841af6b48d4d2	2026-08-31T06:57:36-07:00	2026-08-31T09:22:51-07:00	true	feat(index): seal durable publications to retrieval snapshots
0b538f0ffa2fb456c8b8636b94e19791b9b84f09	24c70fe85d037aa1b60a6ff25bdeaeb19e335312	2026-08-31T06:59:57-07:00	2026-08-31T09:22:51-07:00	true	test(index): exercise Qdrant lifecycle authority
bab7d8f0aeee3fd53a691b9dcc5ee3c000ed13b2	0b538f0ffa2fb456c8b8636b94e19791b9b84f09	2026-08-31T07:10:38-07:00	2026-08-31T09:23:01-07:00	true	test(index): compose published retrieval adapters
59b8263d0a57a6027d90df721f597e49848c6855	bab7d8f0aeee3fd53a691b9dcc5ee3c000ed13b2	2026-08-31T07:15:26-07:00	2026-08-31T09:23:01-07:00	true	fix(index): harden adapter process boundaries
936b671944030abe0267966c67188faee50c80a1	59b8263d0a57a6027d90df721f597e49848c6855	2026-08-31T07:20:48-07:00	2026-08-31T09:23:02-07:00	true	fix(index): retain typed Qdrant rejection evidence
6dc583c0c233051459459888bf91e000446c47e6	936b671944030abe0267966c67188faee50c80a1	2026-08-31T07:32:26-07:00	2026-08-31T09:23:03-07:00	true	feat(index): classify sealed retrieval terminals
9f8e85f36bdd3755a08968edd0deb104eda0a639	6dc583c0c233051459459888bf91e000446c47e6	2026-08-31T07:52:35-07:00	2026-08-31T09:23:04-07:00	true	feat(index): pin sealed retrieval projection authorities
44ec5f4d57dce220010eb5d0bc1777a5a35a5a69	9f8e85f36bdd3755a08968edd0deb104eda0a639	2026-08-31T07:53:07-07:00	2026-08-31T09:23:05-07:00	true	docs(learning): record sealed retrieval facade proof
616f692262bdd00d7684b65cceb3da0c04baa74f	44ec5f4d57dce220010eb5d0bc1777a5a35a5a69	2026-08-31T09:05:52-07:00	2026-08-31T09:23:06-07:00	true	refactor(index): compact retrieval adapter proofs
0e6659d0b871c9b5369047d484b682d36ba091c0	616f692262bdd00d7684b65cceb3da0c04baa74f	2026-08-31T09:12:48-07:00	2026-08-31T09:23:07-07:00	true	fix(index): retain retrieval boundary rejection causes
913ea04f3ccd2d08c3f3980990b533bc27ea2ebf	0e6659d0b871c9b5369047d484b682d36ba091c0	2026-08-31T09:23:46-07:00	2026-08-31T09:23:46-07:00	true	fix(application): project all compiler languages on the wire
df24f52e0d098ce53c3bfc7f05b46d55ad4b8a6d	913ea04f3ccd2d08c3f3980990b533bc27ea2ebf	2026-08-31T10:06:29-07:00	2026-08-31T10:06:29-07:00	true	feat(compiler): lend reopened immutable fragments
a4286e5c5aa2ed17f6e6b35988af061517e9d09f	df24f52e0d098ce53c3bfc7f05b46d55ad4b8a6d	2026-08-31T10:25:15-07:00	2026-08-31T10:25:15-07:00	true	feat(application): add local compiler capability
424dd0529d258b462069366f365d966d4222508d	a4286e5c5aa2ed17f6e6b35988af061517e9d09f	2026-08-31T10:30:06-07:00	2026-08-31T10:30:06-07:00	true	fix(compiler): close publication terminal vocabulary
75ed774289126ed3b1c9ee07a19fe152c233d3fe	424dd0529d258b462069366f365d966d4222508d	2026-08-31T10:30:51-07:00	2026-08-31T10:30:51-07:00	true	fix(application): close publication terminal mapping
41640712aec49ddf726c2307fe98891741482ffa	75ed774289126ed3b1c9ee07a19fe152c233d3fe	2026-08-31T10:48:48-07:00	2026-08-31T10:48:48-07:00	true	lint: harden semantic architectural laws
9c8d64362b6814807d9bb7a0a90f45b4799373b7	41640712aec49ddf726c2307fe98891741482ffa	2026-08-31T10:57:47-07:00	2026-08-31T10:57:47-07:00	true	fix(application): bind local compiler requests
bd191e265b34dcf3a741eece2237aeea9a9c9a2a	9c8d64362b6814807d9bb7a0a90f45b4799373b7	2026-08-31T11:22:05-07:00	2026-08-31T11:22:05-07:00	true	refactor(index): type qdrant payload schema
1433ff5496893ed9dfaf20e7778b6c03a18807d3	bd191e265b34dcf3a741eece2237aeea9a9c9a2a	2026-08-31T11:23:32-07:00	2026-08-31T11:23:32-07:00	true	lint: close semantic lint escapes
8705725def74a84e6a64d624dd78bcc0dd3bbe50	1433ff5496893ed9dfaf20e7778b6c03a18807d3	2026-08-31T11:30:00-07:00	2026-08-31T11:30:00-07:00	true	feat(index): build core segments from reopened compiler IR
7a6ea8ee9119ea05313156597ed894946e66e686	8705725def74a84e6a64d624dd78bcc0dd3bbe50	2026-08-31T11:31:16-07:00	2026-08-31T11:32:02-07:00	true	refactor(index): simplify bounded qdrant retry
8288ad491af689b6b6d5dadcb681e3f88cf8234f	7a6ea8ee9119ea05313156597ed894946e66e686	2026-08-31T11:37:37-07:00	2026-08-31T11:37:37-07:00	true	refactor(application): retain cold compiler diagnostics
b8ccc21e627f445f3347d833874df07c230acf5f	8288ad491af689b6b6d5dadcb681e3f88cf8234f	2026-08-31T11:54:30-07:00	2026-08-31T11:54:30-07:00	true	feat(compile): admit all native language frontends
71c60b2521f2dfc80a65b429e3dbed0bf7d1aea3	b8ccc21e627f445f3347d833874df07c230acf5f	2026-08-31T12:05:12-07:00	2026-08-31T12:05:12-07:00	true	fix(index): bind documents to fragment authority
8553d4186bb0046c6291a8b7cd3ce1989c4ed826	71c60b2521f2dfc80a65b429e3dbed0bf7d1aea3	2026-08-31T12:17:53-07:00	2026-08-31T12:17:53-07:00	true	Project generated replies through application adapters
bfe3a58a3587b3062b2020b83669e2e7adca5856	8553d4186bb0046c6291a8b7cd3ce1989c4ed826	2026-08-31T12:25:37-07:00	2026-08-31T12:25:37-07:00	true	refactor(application): make reply outcomes mutually exclusive
541f705e7a26e6b960a0f8198e2692872bbb2eb7	bfe3a58a3587b3062b2020b83669e2e7adca5856	2026-08-31T12:30:00-07:00	2026-08-31T12:30:00-07:00	true	feat(index): seal compiler publications to real segments
b5c6bc443780a0d0700634020380d4497a799062	541f705e7a26e6b960a0f8198e2692872bbb2eb7	2026-08-31T12:31:01-07:00	2026-08-31T12:31:01-07:00	true	lint: reject redundant public record constructors
bb3de90f3dd59bcfb0ea63ee3b3de34b2348e226	b5c6bc443780a0d0700634020380d4497a799062	2026-08-31T12:34:16-07:00	2026-08-31T12:34:16-07:00	true	docs(orchestration): enforce custody and result layouts
c3070c7e9cf7cb99c9879f7fcd35e47d2f86854b	bb3de90f3dd59bcfb0ea63ee3b3de34b2348e226	2026-08-31T12:51:11-07:00	2026-08-31T12:51:11-07:00	true	docs(rust): bound ingress and physical identity
f44507fc43dc4d03644c7f569fc7ea60c429689f	c3070c7e9cf7cb99c9879f7fcd35e47d2f86854b	2026-08-31T12:53:36-07:00	2026-08-31T12:53:36-07:00	true	bench(capacity): measure compiler and index envelopes
f7e6d26cb2f5bd4798998703e6ee2ee8ceb25cca	f44507fc43dc4d03644c7f569fc7ea60c429689f	2026-08-31T12:57:28-07:00	2026-08-31T12:57:28-07:00	true	lint: judge structure instead of line count
a2324d9c1b2e7b1770c9f1da2d51c64b5cb686c2	f7e6d26cb2f5bd4798998703e6ee2ee8ceb25cca	2026-08-31T14:23:03-07:00	2026-08-31T14:23:03-07:00	true	bench(capacity): calibrate qdrant service envelope
1db1d688331972509e872da792552d48a0c3a8df	a2324d9c1b2e7b1770c9f1da2d51c64b5cb686c2	2026-08-31T14:24:38-07:00	2026-08-31T14:24:38-07:00	true	feat(index): persist immutable snapshot packs
628a6698ca3cdda8c952120cc75f6b1f325daa0b	1db1d688331972509e872da792552d48a0c3a8df	2026-08-31T15:52:00-07:00	2026-08-31T15:52:00-07:00	true	refactor: complete four-boundary workspace migration
ff4e1fb8c4b3a96c1cda3c32a6f48432767e0465	628a6698ca3cdda8c952120cc75f6b1f325daa0b	2026-08-31T16:59:30-07:00	2026-08-31T16:59:30-07:00	true	feat(tooling): establish nix nushell control plane
31caa7a3773dcb1433edb2ab4d54ec5dcb70b992	ff4e1fb8c4b3a96c1cda3c32a6f48432767e0465	2026-08-31T17:07:50-07:00	2026-08-31T17:07:50-07:00	true	fix(tooling): pin semantic lint runner
95c860e4f734badf12e3e15675f9aa7d52cab480	31caa7a3773dcb1433edb2ab4d54ec5dcb70b992	2026-08-31T21:30:27-07:00	2026-08-31T21:30:27-07:00	true	checkpoint
9b4800cfd1a7bcacb5ea07bdc97650fd44f55c6a	95c860e4f734badf12e3e15675f9aa7d52cab480	2026-09-01T09:36:50-07:00	2026-09-01T09:36:50-07:00	true	feat(tooling-agent): declare closed model registry and role bindings
7ef39225d37e2a86603ff76c972b1066563f7886	9b4800cfd1a7bcacb5ea07bdc97650fd44f55c6a	2026-09-01T09:36:51-07:00	2026-09-01T09:36:51-07:00	true	feat(tooling-nix): bind worktree-aware commit and direct format dispatch
a8d1841d5888cf0ceeb1ab412c5e22473aa04cc2	7ef39225d37e2a86603ff76c972b1066563f7886	2026-09-01T13:47:35-07:00	2026-09-01T13:47:35-07:00	true	feat(server-index): derive caller-embedded immutable vector segments at ingest
a869e27c6a18638e471db0d2486ed08c4a1359dc	a8d1841d5888cf0ceeb1ab412c5e22473aa04cc2	2026-09-01T13:53:51-07:00	2026-09-01T13:53:51-07:00	true	fix(server-index): drop infallible result wrapper on graph owner reset
384011e7c5347c4f149c00aeff7fee634b7461f4	a869e27c6a18638e471db0d2486ed08c4a1359dc	2026-09-01T13:57:13-07:00	2026-09-01T13:57:13-07:00	true	feat(server-index): complete vector ingest falsifiers and seal journey
cbeae0bd0751d315a7bb74644d9cf51661211418	384011e7c5347c4f149c00aeff7fee634b7461f4	2026-09-01T13:58:12-07:00	2026-09-01T13:58:12-07:00	true	feat(server-index): add exact-plane facet join over lexical hits
76c6c2e5a2127bdc17a590705209251a5fb45e3f	cbeae0bd0751d315a7bb74644d9cf51661211418	2026-09-01T14:02:13-07:00	2026-09-01T14:02:13-07:00	true	test(server-index): prove vector family capacity, identity, and admission laws
d4906b70c4206660ee1ab2919b91a95c8689d1d1	76c6c2e5a2127bdc17a590705209251a5fb45e3f	2026-09-01T14:31:49-07:00	2026-09-01T14:31:49-07:00	true	test(server-index): prove facet degradation surfacing and single-pass decode
636d28d88141a2d971be1745b7f19428072f86f6	d4906b70c4206660ee1ab2919b91a95c8689d1d1	2026-09-01T15:35:43-07:00	2026-09-01T15:35:43-07:00	true	test(server-index): measure sealed-snapshot ingest and query stages
436dea5edcbd4efe81d7b68e2195f86c9a81b407	636d28d88141a2d971be1745b7f19428072f86f6	2026-09-01T15:51:54-07:00	2026-09-01T15:51:54-07:00	true	fix(server-index): label benchmark rows by what was actually measured
54c9155b43ba2a75e19cc9852b963d340229db9c	436dea5edcbd4efe81d7b68e2195f86c9a81b407	2026-09-01T16:01:20-07:00	2026-09-01T16:01:20-07:00	true	feat(server-index): consolidate projection vocabulary
f7cf6c29f704eb2cbef8f1e44bcb2ff06986a7e8	54c9155b43ba2a75e19cc9852b963d340229db9c	2026-09-01T17:25:14-07:00	2026-09-01T17:25:14-07:00	true	checkpoint
7a3824fe46503bfffc94b25865c18b4f1a9552de	f7cf6c29f704eb2cbef8f1e44bcb2ff06986a7e8	2026-09-01T18:13:17-07:00	2026-09-01T18:13:17-07:00	true	fix(tooling-nix): repair conventional commit scope validation
a7d32f8ed5c6be6b57c1675c4d74bc0ef5bab0dd	7a3824fe46503bfffc94b25865c18b4f1a9552de	2026-09-01T19:15:34-07:00	2026-09-01T19:15:34-07:00	true	fix(compiler-ir): keep occurrence and type-fact directory entries distinct on the wire
a90437ef043ea3a2964cfb61744d7df63ae59826	a7d32f8ed5c6be6b57c1675c4d74bc0ef5bab0dd	2026-09-01T19:23:25-07:00	2026-09-01T19:23:25-07:00	true	feat(compiler-frontend): lower C sources from the direct libclang authority's typed fact planes
8a1cf02b4c96827e5a32485353fea297876dbfc5	a90437ef043ea3a2964cfb61744d7df63ae59826	2026-09-01T21:15:23-07:00	2026-09-01T21:15:23-07:00	true	fix(compiler-ir): keep occurrence and type-fact directory entries distinct on the wire
cd76c09a6be7ca8038b6a18151379de2ac902bc0	8a1cf02b4c96827e5a32485353fea297876dbfc5	2026-09-01T21:20:17-07:00	2026-09-01T21:20:17-07:00	true	checkpoint
51312dcf1bdf1550dc6fc1e95e5de07c2f533cdb	cd76c09a6be7ca8038b6a18151379de2ac902bc0	2026-09-01T21:31:26-07:00	2026-09-01T21:31:26-07:00	true	feat(compiler-frontends): recover typed language authorities
51f0541ab0764a17c7f0cd68754838e4527a3074	51312dcf1bdf1550dc6fc1e95e5de07c2f533cdb	2026-09-01T21:41:31-07:00	2026-09-01T21:44:33-07:00	true	feat(compiler): type source language profiles
f3dc01e76d97b1c3c44bdd67c1e84191cf0802ab	51f0541ab0764a17c7f0cd68754838e4527a3074	2026-09-01T21:50:03-07:00	2026-09-01T21:54:24-07:00	true	refactor(typescript): retain OXC syntax authority
9dccb065029d7caef6c5e2dfb6f97011c333b810	f3dc01e76d97b1c3c44bdd67c1e84191cf0802ab	2026-09-01T21:54:04-07:00	2026-09-01T21:54:24-07:00	true	perf(typescript): stream source coordinate conversion
3d76ec7131bec87dd74eff59786c2c04ea1a2912	9dccb065029d7caef6c5e2dfb6f97011c333b810	2026-09-01T21:57:39-07:00	2026-09-01T21:57:39-07:00	true	fix(tooling): resolve repository-local shell paths
a11737b8d39643968840c4d88b10df98766df8ea	3d76ec7131bec87dd74eff59786c2c04ea1a2912	2026-09-01T22:33:24-07:00	2026-09-01T22:33:24-07:00	true	test(compiler-ir): verify every compatible consumer artifact
c91d4135b024db9ce13cb024a7fe24bdc4777b49	a11737b8d39643968840c4d88b10df98766df8ea	2026-09-01T22:33:30-07:00	2026-09-01T22:33:30-07:00	true	feat(compiler): bind compilation to exact language profiles
9425434e8e505684f204a6a6e563e845aa8bb2dc	c91d4135b024db9ce13cb024a7fe24bdc4777b49	2026-09-01T22:00:52-07:00	2026-09-01T22:33:43-07:00	true	feat(ir): generalize typed language extensions
e775c279ac10b73d25080389f92c654672042e94	9425434e8e505684f204a6a6e563e845aa8bb2dc	2026-09-01T22:17:04-07:00	2026-09-01T22:34:09-07:00	true	feat(ir): harden typed language extension wire
e3bdd3e51295944fe8fb9cf4beef7eefc5f47848	e775c279ac10b73d25080389f92c654672042e94	2026-09-01T22:07:37-07:00	2026-09-01T22:34:32-07:00	true	feat(compiler): collect direct libclang authority facts
615ba9307beecfbcaa0d45f950c33b82444e1acf	e3bdd3e51295944fe8fb9cf4beef7eefc5f47848	2026-09-01T21:56:20-07:00	2026-09-01T22:34:45-07:00	true	fix(compiler-python): bind Ruff facts to canonical profiles
05bce6487572539119cbed18fb9672705d4c2e93	615ba9307beecfbcaa0d45f950c33b82444e1acf	2026-09-01T22:30:16-07:00	2026-09-01T22:34:48-07:00	true	feat(compiler): expose borrowed Rust semantic authority
773e12781318427f08d5d66b138582d9943de64b	05bce6487572539119cbed18fb9672705d4c2e93	2026-09-01T22:29:47-07:00	2026-09-01T22:35:19-07:00	true	feat(java): validate borrowed authority images
2e2f3cd915bbee06aed45e60f1a65da8f45d0fdb	773e12781318427f08d5d66b138582d9943de64b	2026-09-01T22:37:46-07:00	2026-09-01T22:37:46-07:00	true	test(java): retain attributed authority fixtures
7f043e3ebacac28077a7306293f063ba3e523c3f	2e2f3cd915bbee06aed45e60f1a65da8f45d0fdb	2026-09-01T22:41:28-07:00	2026-09-01T22:41:28-07:00	true	fix(compiler): bind semantic images to source profiles
9a9138ebd56d25cbb9e162c4d8693886da7f4eef	7f043e3ebacac28077a7306293f063ba3e523c3f	2026-09-01T22:42:13-07:00	2026-09-01T22:42:13-07:00	true	style(compiler): format profile identity proof
0572db4b29da58535ddb3bef92be1ee3dd0804cf	9a9138ebd56d25cbb9e162c4d8693886da7f4eef	2026-08-31T23:00:15-07:00	2026-09-01T22:48:33-07:00	true	feat(ir): retain canonical semantic data and fragment binding
bb70d4786e09ada2e4ed089afdeba73fb86bb032	0572db4b29da58535ddb3bef92be1ee3dd0804cf	2026-08-31T23:02:27-07:00	2026-09-01T22:48:37-07:00	true	feat(ir): extend entity kinds to the parity declaration set
4db99a9e8b47473d65ef5901dc14a387b932cd0a	bb70d4786e09ada2e4ed089afdeba73fb86bb032	2026-08-31T23:49:29-07:00	2026-09-01T22:50:48-07:00	true	feat(driver): admit ordered semantic facts into canonical fragments
bd201e8ab004c5323895867962cffccfb56b7575	4db99a9e8b47473d65ef5901dc14a387b932cd0a	2026-09-01T08:52:33-07:00	2026-09-01T22:54:25-07:00	true	feat(compiler): port occurrence, type-fact, and declaration-identity vocabulary
d3b080cb6bf891c4951e868f5d90db4b528333e4	bd201e8ab004c5323895867962cffccfb56b7575	2026-09-01T09:25:27-07:00	2026-09-01T22:55:37-07:00	true	feat(compiler-ir): admit occurrence fact plane into canonical fragments
0a0e9fa598b65ef4594d629d2ea34111f9d222ac	d3b080cb6bf891c4951e868f5d90db4b528333e4	2026-09-01T13:27:37-07:00	2026-09-01T22:55:41-07:00	true	feat(compiler-ir): add type-fact wire plane
5e7328e36b08ff40163d71e757f6670062a21173	0a0e9fa598b65ef4594d629d2ea34111f9d222ac	2026-09-01T13:45:04-07:00	2026-09-01T22:55:47-07:00	true	feat(compiler-ir): prove type-fact plane mutations
a1c56a13c86efca04a1aa3e3caed29501aa417d2	5e7328e36b08ff40163d71e757f6670062a21173	2026-09-01T13:47:09-07:00	2026-09-01T22:55:47-07:00	true	feat(compiler-ir): expose type-fact payload for falsifiers
daedea5f63cef859a09842a30a4051690ed44e43	a1c56a13c86efca04a1aa3e3caed29501aa417d2	2026-09-01T14:05:02-07:00	2026-09-01T23:00:05-07:00	true	feat(compiler-ir): adopt driver fact-plane emission
fb5db108183f4db6991f634d684ab6c57e4a2d36	daedea5f63cef859a09842a30a4051690ed44e43	2026-09-01T16:05:49-07:00	2026-09-01T23:00:05-07:00	true	fix(compiler-ir): close the type-fact and emission review findings
a44a7c3da9eda54a946ac67c037217b1929a5817	fb5db108183f4db6991f634d684ab6c57e4a2d36	2026-09-01T16:10:27-07:00	2026-09-01T23:00:05-07:00	true	fix(compiler-ir): complete the type-fact falsifier battery
e1a55840c12f1ad9323adb001581c2e5df274873	a44a7c3da9eda54a946ac67c037217b1929a5817	2026-09-01T16:32:57-07:00	2026-09-01T23:00:05-07:00	true	fix(compiler-ir): pin both child-target checks and linearize reopen validation
a3d70c5fc2b38dfea69de11d18e4691b35750097	e1a55840c12f1ad9323adb001581c2e5df274873	2026-09-01T23:04:47-07:00	2026-09-01T23:04:47-07:00	true	refactor(compiler-ir): compose semantic fragment planes
dc438416644e841035f8c6562ec88b11a64dd836	a3d70c5fc2b38dfea69de11d18e4691b35750097	2026-09-01T23:32:58-07:00	2026-09-01T23:32:58-07:00	true	feat(typescript): lend OXC declaration authority
7a7ea8bb961db5aa8fc0cff283621d8b64e6f5f0	dc438416644e841035f8c6562ec88b11a64dd836	2026-09-01T23:40:42-07:00	2026-09-02T02:01:34-07:00	true	feat(compiler): retain typed authority terminals
91b100d65a78b0794ab69faeb11683062128a67e	7a7ea8bb961db5aa8fc0cff283621d8b64e6f5f0	2026-09-01T23:54:59-07:00	2026-09-02T02:01:34-07:00	true	fix(compiler-ir): remove unproven raw column thread claims
984481363954fdbd5c082dfa087c2ed2414dd2a0	91b100d65a78b0794ab69faeb11683062128a67e	2026-09-01T23:54:59-07:00	2026-09-02T02:01:34-07:00	true	fix(compiler): seal authority terminal projection
f788c43079029ae48288ed42198084d587881ac9	984481363954fdbd5c082dfa087c2ed2414dd2a0	2026-09-02T00:08:44-07:00	2026-09-02T02:01:34-07:00	true	feat(typescript): admit OXC declarations into compact fragments
16813c9898a2015c111424aaa17b0f5f55f02289	f788c43079029ae48288ed42198084d587881ac9	2026-09-02T00:11:24-07:00	2026-09-02T02:01:34-07:00	true	fix(typescript): preserve OXC interface trait identity
74d0ff627ac222debdc425aabc1be8cf1607ad3f	16813c9898a2015c111424aaa17b0f5f55f02289	2026-09-02T00:21:06-07:00	2026-09-02T02:01:34-07:00	true	refactor(compiler): share semantic admission with durable fragments
017eb7eec18dc9d496e997a72cc52a604e619480	74d0ff627ac222debdc425aabc1be8cf1607ad3f	2026-09-02T00:25:46-07:00	2026-09-02T02:01:34-07:00	true	feat(clang): admit direct libclang declarations
953ae56240605f42310ba44c3a1d8fb4e47c153f	017eb7eec18dc9d496e997a72cc52a604e619480	2026-09-02T00:28:57-07:00	2026-09-02T02:01:34-07:00	true	feat(python): admit borrowed Ruff declarations
cd4588de6f0cb9f787302f9ac073e4840a6c8e0a	953ae56240605f42310ba44c3a1d8fb4e47c153f	2026-09-02T00:53:00-07:00	2026-09-02T02:01:34-07:00	true	feat(rust): admit rust-analyzer declarations directly
e036a5840e0a5565ed0a5788db27f290694727d2	cd4588de6f0cb9f787302f9ac073e4840a6c8e0a	2026-09-02T01:01:42-07:00	2026-09-02T02:01:34-07:00	true	refactor(compiler): retire shipping scanner collectors
b9a67c7c76d346ea292c29db2a77dfc66a7a3f01	e036a5840e0a5565ed0a5788db27f290694727d2	2026-09-02T01:12:58-07:00	2026-09-02T02:01:34-07:00	true	feat(go): admit validated authority images
91e28bb5ca0b4a6bab0c690e49aa1b527a30ad20	b9a67c7c76d346ea292c29db2a77dfc66a7a3f01	2026-09-02T01:19:32-07:00	2026-09-02T02:01:34-07:00	true	feat(csharp): admit source-bound Roslyn images
e4c36ac3a41392066caa887fcd132d22448f611a	91e28bb5ca0b4a6bab0c690e49aa1b527a30ad20	2026-09-02T01:25:19-07:00	2026-09-02T02:01:34-07:00	true	feat(java): admit source-bound javac images
27e5348884cd3e1c30616482228181c558351b1c	e4c36ac3a41392066caa887fcd132d22448f611a	2026-09-02T01:59:55-07:00	2026-09-02T02:01:34-07:00	true	test(compiler): close direct authority matrix
bf0e5e73c9227ebf139e23ff50615f24c7f187b7	27e5348884cd3e1c30616482228181c558351b1c	2026-09-02T06:37:15-07:00	2026-09-02T06:37:15-07:00	true	feat(compiler-ir): admit local occurrence targets and recursive self-nominals
9039ccaa62717aec1250da9d4be31c31815cc72b	bf0e5e73c9227ebf139e23ff50615f24c7f187b7	2026-09-02T06:49:55-07:00	2026-09-02T06:49:55-07:00	true	feat(compiler-ir): commit documentation, language-extension, and pooled-lane fragment sections
6d0f23197a994ca3dbc05dfc1d22fd061d17239c	9039ccaa62717aec1250da9d4be31c31815cc72b	2026-09-02T07:03:53-07:00	2026-09-02T07:03:53-07:00	true	checkpoint
3c1550502f129bb311a986237def0f451b20b5eb	6d0f23197a994ca3dbc05dfc1d22fd061d17239c	2026-09-02T09:20:50-07:00	2026-09-02T09:20:50-07:00	true	feat(compiler-driver): admit anonymous type rows, pooled refs, and full semantic planes
2f82d74b49cfebdf1b56ac538af580987c8695a7	3c1550502f129bb311a986237def0f451b20b5eb	2026-09-02T19:29:53Z	2026-09-02T19:29:53Z	true	checkpoint
2c0b26f864c9def0acd97a10add4f765d762ce8d	2f82d74b49cfebdf1b56ac538af580987c8695a7	2026-09-02T23:11:35Z	2026-09-02T23:11:35Z	true	feat(python): land pyrefly type-authority lane, compound lowering, and capability evidence
815b957793926065cf95e1217338e3bf54c4f333	2c0b26f864c9def0acd97a10add4f765d762ce8d	2026-09-02T23:16:36Z	2026-09-02T23:16:36Z	true	feat(go): admit v4 authority images through the shared semantic lane
40608fc1c95dd8d41fd1a78a51d7ed92307df60a	815b957793926065cf95e1217338e3bf54c4f333	2026-09-02T23:19:08Z	2026-09-02T23:19:08Z	true	docs(capability): freeze python PURL/render/packages cards after two calibration rounds
035555a8812fcc98c5bea2b8bd4671bf6856ba2b	40608fc1c95dd8d41fd1a78a51d7ed92307df60a	2026-09-02T23:20:49Z	2026-09-02T23:20:49Z	true	chore(evidence): freeze clang-c-lifecycle capability brief, matrix, and baseline
f4ee13548b936e64dfdc2d08cf2981bb576c9b2c	035555a8812fcc98c5bea2b8bd4671bf6856ba2b	2026-09-02T23:21:04Z	2026-09-02T23:21:04Z	true	feat(rust): freeze semantic-lane baseline with deepened HIR authority and lane evidence
17ac371f9dcc4215348d03dec138891b3951b7c9	f4ee13548b936e64dfdc2d08cf2981bb576c9b2c	2026-09-02T23:22:05Z	2026-09-02T23:22:05Z	true	chore(evidence): pre-edit packet pre-edit-1 (skeleton, repair card, overrides card)
7f6eee0048b01fcb8080ae294ab937a505217e03	17ac371f9dcc4215348d03dec138891b3951b7c9	2026-09-02T23:24:19Z	2026-09-02T23:24:19Z	true	test(rust): walk pooled type-fact child payloads
9fd1ab950787b6b77de62d6f0524c4c0705d918a	7f6eee0048b01fcb8080ae294ab937a505217e03	2026-09-02T23:24:34Z	2026-09-02T23:24:34Z	true	docs(capability): freeze java authority lifecycle brief, proof matrix, and cards
51d0a30d19ea4f9814947d551a53ede87150b601	9fd1ab950787b6b77de62d6f0524c4c0705d918a	2026-09-02T23:31:56Z	2026-09-02T23:31:56Z	true	test(rust): repair the pooled-children walker question-mark slip
5417930ce96d4b9e1ebe5cafa73cecbdca0da476	51d0a30d19ea4f9814947d551a53ede87150b601	2026-09-02T23:43:49Z	2026-09-02T23:43:49Z	true	fix(rust): emit only written ADT arguments
7c9c019210816081928afa963764023409bad44f	5417930ce96d4b9e1ebe5cafa73cecbdca0da476	2026-09-02T23:54:01Z	2026-09-02T23:54:01Z	true	docs(capability): record java image convention, rendering vocabulary, and quarantine findings
38bac11017302fa8d9204ee733f54cde9d4b6e58	7c9c019210816081928afa963764023409bad44f	2026-09-02T23:56:06Z	2026-09-02T23:56:06Z	true	docs(capability): repair clang-c-lifecycle contract after pre-edit review (F1-F8)
83045bd46eee34fade9b4510ab277f67eb65f8c9	38bac11017302fa8d9204ee733f54cde9d4b6e58	2026-09-03T00:10:29Z	2026-09-03T00:10:29Z	true	docs(capability): record A2 edge-case discoveries on the clang public terminal
d5c7123f5723ca69bca16ebb70d1b9f787e3a3b0	83045bd46eee34fade9b4510ab277f67eb65f8c9	2026-09-03T00:27:11Z	2026-09-03T00:27:11Z	true	feat(rust): resolve macro method calls and anchor type rows
62ccbb62e3aca7692e6acdca120c3fbe7b593a1f	d5c7123f5723ca69bca16ebb70d1b9f787e3a3b0	2026-09-03T00:29:58Z	2026-09-03T00:29:58Z	true	test(python): golden struct rendering and PyPI PURL lifecycle; record trunk blockers for structural fragments and lane capacity
20248948e28e0b18ab524160254782573f9fa686	62ccbb62e3aca7692e6acdca120c3fbe7b593a1f	2026-09-03T00:39:55Z	2026-09-03T00:39:55Z	true	docs(capability): record emission-order law and A2 decomposition
f1cd7e81ab879f359780eca9a2638d0bdb9af694	20248948e28e0b18ab524160254782573f9fa686	2026-09-03T00:40:09Z	2026-09-03T00:40:09Z	true	docs(capability): re-freeze R1 to the decoupled content-addressed gate
a358683ce81c2cb796ade69678a3c1f9947e55ad	f1cd7e81ab879f359780eca9a2638d0bdb9af694	2026-09-03T00:07:59Z	2026-09-03T00:49:10Z	true	feat(go): land the v5 authority image wire and reader
4201c2744857dcdf810fa7ee0a4429f062d56e73	a358683ce81c2cb796ade69678a3c1f9947e55ad	2026-09-03T00:24:02Z	2026-09-03T00:49:10Z	true	fix(go): correct the v5 wire to the frozen geometry
98711b363ef966350b5c3409555d9d531ffedd52	4201c2744857dcdf810fa7ee0a4429f062d56e73	2026-09-03T00:29:04Z	2026-09-03T00:49:10Z	true	fix(go): allow optional module rows in v5 image
3178de64cf42a1e0e9550eeacd2a003ecfef8f00	98711b363ef966350b5c3409555d9d531ffedd52	2026-09-03T00:41:53Z	2026-09-03T00:49:10Z	true	fix(go): emit and validate the frozen v5 body plane order
d0f2a49359e588c6caf52c94a9b1b3631c7abd1f	3178de64cf42a1e0e9550eeacd2a003ecfef8f00	2026-09-03T01:01:54Z	2026-09-03T01:01:54Z	true	feat(rust): preserve foreign trait bound rows
82d2e06343b9c584067ca691db778fed2da1c4be	d0f2a49359e588c6caf52c94a9b1b3631c7abd1f	2026-09-03T01:04:04Z	2026-09-03T01:04:04Z	true	docs(capability): record java dispatch custody through J3F
20f2ba90cdebfeaba9dd13b2f5142590a94e1d23	82d2e06343b9c584067ca691db778fed2da1c4be	2026-09-03T01:10:08Z	2026-09-03T01:10:08Z	true	test(rust): freeze semantic render goldens
67cdc911981905431642bfe0cfb7ce5d33cb757c	20f2ba90cdebfeaba9dd13b2f5142590a94e1d23	2026-09-03T01:13:45Z	2026-09-03T01:13:45Z	true	feat(rust): resolve Cargo package URLs
caf91d2211d09d29c3cd0692bf348993bb2c5e4d	67cdc911981905431642bfe0cfb7ce5d33cb757c	2026-09-03T03:52:24Z	2026-09-03T03:52:24Z	true	docs(capability): re-freeze rust lane baseline for wave-2 fidelity mandate
03890026c88b3c0306bb6b9dd5ea8cbe0070de5f	caf91d2211d09d29c3cd0692bf348993bb2c5e4d	2026-09-03T03:54:23Z	2026-09-03T03:54:23Z	true	docs(capability): re-freeze go matrix to the 20-module corpus mandate
d9411952f8235d09aafd7e0589173de1c03ee8c0	03890026c88b3c0306bb6b9dd5ea8cbe0070de5f	2026-09-03T03:55:26Z	2026-09-03T03:55:26Z	true	docs(capability): open typescript-checker-authority phase0 custody
fa7f6966d03657d3d421af255a27b51137d4e34b	d9411952f8235d09aafd7e0589173de1c03ee8c0	2026-09-03T03:58:47Z	2026-09-03T03:58:47Z	true	fix(typescript): repair stale inline-test APIs to the current lanes
d8f289b2b345f3d474feb4e895b67e96613b9769	fa7f6966d03657d3d421af255a27b51137d4e34b	2026-09-03T03:58:59Z	2026-09-03T03:58:59Z	true	docs(capability): freeze W0 and W3 worker cards
7bf08a76088863483400917a4cf038ddd32540d5	d8f289b2b345f3d474feb4e895b67e96613b9769	2026-09-03T04:01:05Z	2026-09-03T04:01:05Z	true	fix(compiler-driver): serialize each anonymous row's own children
0519eb8f84de66b64094799bf6dc0bd63c002941	7bf08a76088863483400917a4cf038ddd32540d5	2026-09-03T04:09:58Z	2026-09-03T04:09:58Z	true	feat(rust): render the complete semantic plane through the live Ir
aff5024a2069e746b112670e1f8abd64142d37d2	0519eb8f84de66b64094799bf6dc0bd63c002941	2026-09-03T04:15:51Z	2026-09-03T04:15:51Z	true	fix(compiler-driver): resolve function-pointer parameter labels from their rows
87ed7fc4dec78131ef7938b38ee5ec202416ff9d	aff5024a2069e746b112670e1f8abd64142d37d2	2026-09-03T04:24:09Z	2026-09-03T04:24:09Z	true	docs(capability): repair W0/W3 per pre-edit review; add M11/M12
c49845a3a62f06422d4b7dfb750931c11d36b7a4	87ed7fc4dec78131ef7938b38ee5ec202416ff9d	2026-09-03T04:25:46Z	2026-09-03T04:25:46Z	true	fix(rust): keep the live-Ir leak law and anonymous parameter labels honest
d6909a85bad314ca54f9bf22b1e8e16949c024e8	c49845a3a62f06422d4b7dfb750931c11d36b7a4	2026-09-03T04:25:53Z	2026-09-03T04:25:53Z	true	feat(python): host first structural classes and freeze repaired renders
38be78d9a8ff968b6c974b7e16d656ec44ff131b	d6909a85bad314ca54f9bf22b1e8e16949c024e8	2026-09-03T04:29:45Z	2026-09-03T04:29:45Z	true	docs(capability): repair typescript packet per pre-edit review (B1,B2,M1-M7)
88bd8e4b44f7bacb000bafdb5ca18605a0c70566	38be78d9a8ff968b6c974b7e16d656ec44ff131b	2026-09-03T04:41:32Z	2026-09-03T04:41:32Z	true	feat(typescript): make the checker authority first-class at the public boundary
1e7ad8812dc069ec5053c5e7d000b20c1fb0fc1b	88bd8e4b44f7bacb000bafdb5ca18605a0c70566	2026-09-03T04:54:01Z	2026-09-03T04:54:01Z	true	test(typescript): prove checker-required terminals and report-to-IR flow
63686373ef75f0d596f4d3ece8b3579a15bba6db	1e7ad8812dc069ec5053c5e7d000b20c1fb0fc1b	2026-09-03T04:57:20Z	2026-09-03T04:57:20Z	true	docs(capability): record W0 checkpoint custody and hand W3 R0
4187ec9b5a0831a5d180bffa0a8eb01820c9743f	63686373ef75f0d596f4d3ece8b3579a15bba6db	2026-09-03T05:00:13Z	2026-09-03T05:00:13Z	true	fix(python): honest tiers and goldens, compiling purl tree, real-package matrix
66f2c46193b3eeb3d59a229476e2e0c9c9de58b3	4187ec9b5a0831a5d180bffa0a8eb01820c9743f	2026-09-03T05:10:54Z	2026-09-03T05:10:54Z	true	test(python): twenty-package real-source fidelity matrix
31ebecd8fc6e8d9bb47ffed606b088081516424e	66f2c46193b3eeb3d59a229476e2e0c9c9de58b3	2026-09-03T05:13:42Z	2026-09-03T05:13:42Z	true	docs(capability): close d4 corpus custody and reproduce R8-R12 evidence
e973b05a5e28c672c202204bde4c409ce56ea3fd	31ebecd8fc6e8d9bb47ffed606b088081516424e	2026-09-03T05:35:52Z	2026-09-03T05:35:52Z	true	fix(typescript): resolve live extension type parameters and the golden public journey
5631ef6fddced6e15f8c0b85cac2a5ba4aaf28ca	e973b05a5e28c672c202204bde4c409ce56ea3fd	2026-09-03T05:37:53Z	2026-09-03T05:37:53Z	true	docs(capability): record L1a custody through r3 with root-cause receipt
75fbc4ec9739ec8d268a7dbf0f10b143954b08fc	5631ef6fddced6e15f8c0b85cac2a5ba4aaf28ca	2026-09-03T05:43:19Z	2026-09-03T05:43:19Z	true	test(typescript): golden rendering per lattice feature class
acf7e60f4796c2a6384a0bb932fae810fa8a6923	75fbc4ec9739ec8d268a7dbf0f10b143954b08fc	2026-09-03T05:47:05Z	2026-09-03T05:47:05Z	true	test(typescript): host the lowering falsifiers in the public test tree
868fa009a7ad151f6a63bbb4f00d8adc5932c86d	acf7e60f4796c2a6384a0bb932fae810fa8a6923	2026-09-03T05:56:39Z	2026-09-03T05:56:39Z	true	test(typescript): execute the rendering goldens against the real checker
e251f03db6fa69b94da4460119cbd8961f8fa2f8	868fa009a7ad151f6a63bbb4f00d8adc5932c86d	2026-09-03T05:56:46Z	2026-09-03T05:56:46Z	true	test(typescript): bind the frozen golden table to the decoded IR
24f0c8856c15464d619066aec8b3db840c362413	e251f03db6fa69b94da4460119cbd8961f8fa2f8	2026-09-03T05:59:03Z	2026-09-03T05:59:03Z	true	docs(capability): record D1-D4 lane defects from falsifier discoveries
2d7365825e699439cf3e83601d00cda10ac5d58c	24f0c8856c15464d619066aec8b3db840c362413	2026-09-03T06:07:45Z	2026-09-03T06:07:45Z	true	fix(typescript): backward computed rows, live entity completeness
3ff8313c8a2b571713f577fd3f94413562bb021e	2d7365825e699439cf3e83601d00cda10ac5d58c	2026-09-03T06:16:30Z	2026-09-03T06:18:47Z	true	fix(typescript): keep computed facts out of the declared plane
58634ef11186e7997ba64a230a45910edd64d550	3ff8313c8a2b571713f577fd3f94413562bb021e	2026-09-03T06:21:02Z	2026-09-03T06:21:02Z	true	docs(capability): record L1b/L2/L3a custody and two compiler-ir escalations
6c8e368095a66b24d6f828750daff741f4655318	58634ef11186e7997ba64a230a45910edd64d550	2026-09-03T07:14:45Z	2026-09-03T07:14:45Z	true	docs(capability): wave-3 freeze for rust-analyzer-semantic-lane: trunk adjudication, computed fork, shortcut inventory
db88433419c551c9de96a2e22338c924e9c33d46	6c8e368095a66b24d6f828750daff741f4655318	2026-09-03T07:20:00Z	2026-09-03T07:20:00Z	true	test(typescript): consume the trunk computed-coordinate landing (narrowings)
53637f547c4d8cc1869644b9de1fc344bbd4a837	db88433419c551c9de96a2e22338c924e9c33d46	2026-09-03T07:20:00Z	2026-09-03T07:20:00Z	true	docs(capability): freeze L4 baseline, update matrix receipts, and freeze L4a/L4b/L4c cards
14f4adb3506e0a87bd89a4a325547f4039252e39	53637f547c4d8cc1869644b9de1fc344bbd4a837	2026-09-03T07:23:24Z	2026-09-03T07:23:24Z	true	test(rust): bind trait-impl edges and occurrence residuals to the decoded IR
26f4541c0e20ab7489c956953a7c45c0dbc131e4	14f4adb3506e0a87bd89a4a325547f4039252e39	2026-09-03T07:23:47Z	2026-09-03T07:23:47Z	true	feat(rust): carry feature-unification controls through the compile request
c06c6b674423a5bbc514ffae95eb75e21c980938	26f4541c0e20ab7489c956953a7c45c0dbc131e4	2026-09-03T07:24:02Z	2026-09-03T07:24:02Z	true	fix(rust): locate packages under their own declared edition
870afdf390916c3777de5f498b700d4da285c47c	c06c6b674423a5bbc514ffae95eb75e21c980938	2026-09-03T07:27:11Z	2026-09-03T07:27:11Z	true	feat(typescript): add package-root checker staging
4f66e3fbe57d0f09df91da4b36d87073c92996d7	870afdf390916c3777de5f498b700d4da285c47c	2026-09-03T07:30:30Z	2026-09-03T07:30:30Z	true	chore(trunk): land in-flight blocked-lane work ahead of trunk shared-surface decisions
1ccaf93dae4e9ee57b5bcbd71513b577fa1c8f3f	4f66e3fbe57d0f09df91da4b36d87073c92996d7	2026-09-03T07:32:12Z	2026-09-03T07:32:12Z	true	docs(capability): freeze trunk-shared-surface brief, matrix, and baseline custody
4cbe8dbcb473a0e7c1d19069a6ffaefece57527c	1ccaf93dae4e9ee57b5bcbd71513b577fa1c8f3f	2026-09-03T07:32:15Z	2026-09-03T07:32:15Z	true	docs(capability): record L4b custody, L4a blocker, and freeze L4a-r2
827e7f67fbb45fd677faf9ec478d3cdd5d1d7161	4cbe8dbcb473a0e7c1d19069a6ffaefece57527c	2026-09-03T07:35:40Z	2026-09-03T07:35:40Z	true	test(ir): freeze schema-1 type-fact fixture
dab8c366e8a6931cd58c888fca90bfea7205195f	827e7f67fbb45fd677faf9ec478d3cdd5d1d7161	2026-09-03T07:39:34Z	2026-09-03T07:39:34Z	true	feat(ir): computed type-fact segment behind schema-2 (additive decode)
78a1a3e9a955fec575b340da5e891ac5ef74bc10	dab8c366e8a6931cd58c888fca90bfea7205195f	2026-09-03T07:40:16Z	2026-09-03T07:40:16Z	true	test(ir): update envelope goldens for schema 2
1f4e0525e51b2dfa1ffe1ad7125186183d857c31	78a1a3e9a955fec575b340da5e891ac5ef74bc10	2026-09-03T07:42:11Z	2026-09-03T07:42:11Z	true	fix(rust): derive the authority edition from the loaded crate graph
1cb1f7a1f2a0d822a4d105424abdd229e77e4637	1f4e0525e51b2dfa1ffe1ad7125186183d857c31	2026-09-03T07:43:22Z	2026-09-03T07:43:22Z	true	feat(rust): forward the complete feature-unification control through the request
f9efccc58d4aa396ac050543cb675244f1912f2b	1cb1f7a1f2a0d822a4d105424abdd229e77e4637	2026-09-03T07:46:20Z	2026-09-03T07:46:20Z	true	feat(publication): chain journal generations with parent linkage
a17140fe71533f6e24d325b831d34012300ac666	f9efccc58d4aa396ac050543cb675244f1912f2b	2026-09-03T08:09:31Z	2026-09-03T08:09:31Z	true	fix(rust): integrate the feature-control API across every rust test site
f99c1ccf2dea205dcbc3b3ee94f0fc0e08e47ab6	a17140fe71533f6e24d325b831d34012300ac666	2026-09-03T08:13:28Z	2026-09-03T08:13:28Z	true	fix(trunk): retain exact emission-fault operands on shared compile terminals
d235b63c600075fe9e17a71dfb0088318c682b2c	f99c1ccf2dea205dcbc3b3ee94f0fc0e08e47ab6	2026-09-03T08:19:24Z	2026-09-03T08:19:24Z	true	feat(rust): map the full declared-type lattice and visibility through the live Ir
a5a0a1beba27875fc6e2df2a04cd58adbb0a6550	d235b63c600075fe9e17a71dfb0088318c682b2c	2026-09-03T08:21:17Z	2026-09-03T08:21:17Z	true	test(rust): chain the full PURL lifecycle across two journal generations
c8a24c74360f2e4b86aa69c18f843c2c0f40b199	a5a0a1beba27875fc6e2df2a04cd58adbb0a6550	2026-09-03T08:27:58Z	2026-09-03T08:27:58Z	true	feat(trunk): raise emission geometry and re-derive canonicalization reservations
9035ba52dc1d4826be0f7ff5a9a64633217d64b3	c8a24c74360f2e4b86aa69c18f843c2c0f40b199	2026-09-03T08:31:22Z	2026-09-03T08:31:22Z	true	test(publication): prove chained generations at the publication boundary
b21413e0ace325f224f279abb1cd26be3eebd417	9035ba52dc1d4826be0f7ff5a9a64633217d64b3	2026-09-03T08:35:30Z	2026-09-03T08:35:30Z	true	test(python): re-freeze six.py ignore on the exact branch-descent gap
5f72f22bbd4a426b08a3a0189b07c26c66ffb38a	b21413e0ace325f224f279abb1cd26be3eebd417	2026-09-03T08:41:09Z	2026-09-03T08:41:09Z	true	test(rust): migrate lane falsifiers to schema-2 wire and the 1024-fact geometry
1297a7ebdfb31be4def50e9bfff2e0cb8c2c30cc	5f72f22bbd4a426b08a3a0189b07c26c66ffb38a	2026-09-03T08:45:45Z	2026-09-03T08:45:45Z	true	fix(trunk): box the remaining scaled lane arrays in build_ir and admit
be2fb1c45be683c97c3774faf7da82071101235b	1297a7ebdfb31be4def50e9bfff2e0cb8c2c30cc	2026-09-03T09:00:57Z	2026-09-03T09:00:57Z	true	feat(trunk): emit computed type rows through the schema-2 computed segment
7be590f4f173c299cb87005f8dd7f14cc74cb9af	be2fb1c45be683c97c3774faf7da82071101235b	2026-09-03T09:02:29Z	2026-09-03T09:02:29Z	true	fix(rust): reserve type-row anchors at use, not before carrier pushes
01032b5a83141a0708f337772bff462ab9a7ef79	7be590f4f173c299cb87005f8dd7f14cc74cb9af	2026-09-03T09:04:56Z	2026-09-03T09:04:56Z	true	fix(rust): locate packages at their declared crate root and complete the corpus
fcaeaa894c2974a4468dd3804b2e531e538e789d	01032b5a83141a0708f337772bff462ab9a7ef79	2026-09-03T09:13:38Z	2026-09-03T09:13:38Z	true	fix(trunk): keep checker computed references on the computed segment path
0dc2fce43d7fe4d4c9352ff688faa48f8c044dd2	fcaeaa894c2974a4468dd3804b2e531e538e789d	2026-09-03T09:20:49Z	2026-09-03T09:20:49Z	true	fix(trunk): complete computed-cell reconstruction for every computed record
4d1cceba971c6a458c5984e1af5b2d41bdbf300d	0dc2fce43d7fe4d4c9352ff688faa48f8c044dd2	2026-09-03T09:28:06Z	2026-09-03T09:28:06Z	true	feat(trunk): render int/None, zero-arity signature tails, and prefix-free unknown visibility
2518d132802ca2f6a0d007978233f75a2fe07cd6	4d1cceba971c6a458c5984e1af5b2d41bdbf300d	2026-09-03T09:34:44Z	2026-09-03T09:34:44Z	true	test(application): chain the journey's second generation instead of conflicting it
40911f193fe33ebfad88762e80043af231ccedef	2518d132802ca2f6a0d007978233f75a2fe07cd6	2026-09-03T09:39:38Z	2026-09-03T09:39:38Z	true	test(python): assert six.py declarations now that the D2 raise admits it
17c94b6505716f9979082ba43b43f7789d96f20d	40911f193fe33ebfad88762e80043af231ccedef	2026-09-03T10:04:19Z	2026-09-03T10:04:19Z	true	test(rust): record lane-bound outcomes in the corpus table and pin the located-edition law
99eb1a80d93a696557fe38a65b8e496826f9d7d6	17c94b6505716f9979082ba43b43f7789d96f20d	2026-09-03T10:04:28Z	2026-09-03T10:04:28Z	true	test(rust): bind the crate-graph edition law and the locate-analyze journey
9be35faf8fbd89bb63727eeba97105b855066ee5	99eb1a80d93a696557fe38a65b8e496826f9d7d6	2026-09-03T15:34:07Z	2026-09-03T15:34:07Z	true	feat(driver): supplied Python checker authority on the fragment path
19e2196d4a6cb035ed6cf5c1e267efc9c8f3d24f	9be35faf8fbd89bb63727eeba97105b855066ee5	2026-09-03T15:41:54Z	2026-09-03T15:41:54Z	true	fix(python): carry return-annotation children on result slots and raise the per-fact child geometry to 16
f50613ff730ea1d65db99176c1f73d6dbee88588	19e2196d4a6cb035ed6cf5c1e267efc9c8f3d24f	2026-09-03T16:01:30Z	2026-09-03T16:01:30Z	true	fix(rust): heap-direct construction for emission scratch lanes
6fecf7cbfde38225719a0036003206696d68c166	f50613ff730ea1d65db99176c1f73d6dbee88588	2026-09-03T16:15:42Z	2026-09-03T16:15:42Z	true	feat(ir): lift python builtin compound roots into the display lattice
309acc8f1da8fba1f33858ee7cbb7cf03d7b28f3	6fecf7cbfde38225719a0036003206696d68c166	2026-09-03T16:59:09Z	2026-09-03T16:59:09Z	true	test(python): full-fidelity corpus matrix and un-ignored package-class journeys
102b7cdb14fc6f5692ff651e6a396b5d57d11092	309acc8f1da8fba1f33858ee7cbb7cf03d7b28f3	2026-09-04T01:12:39Z	2026-09-04T01:12:39Z	true	perf(rust): collapse redundant walk scans under the identity oracle
7dae60aa3083b8840b667399ca4594cabf5b5e3f	102b7cdb14fc6f5692ff651e6a396b5d57d11092	2026-09-03T19:49:47Z	2026-09-04T03:41:29Z	true	fix(workflow): replay chained journal generations with the publication chain rule
6a263093815a8eaaf33acceb90ccfd4e6f823e58	309acc8f1da8fba1f33858ee7cbb7cf03d7b28f3	2026-09-03T19:35:26Z	2026-09-03T19:35:26Z	false	docs(capability): consume canonical, freeze L5 baseline, record L5 findings, and freeze L6a/L6b/L7/L4c-r1 cards
a7845f839cd63fde09c59c16e3a7662880939c18	6a263093815a8eaaf33acceb90ccfd4e6f823e58	2026-09-03T19:44:41Z	2026-09-03T19:44:41Z	false	fix(typescript): freeze source-truth computed journey
09a86108a6de43538ae85d1f0ac82665ef3e6bde	a7845f839cd63fde09c59c16e3a7662880939c18	2026-09-03T20:34:25Z	2026-09-03T20:34:25Z	false	docs(capability): record L5 ingest of L6a/L4c-r1, shared-target defect, and freeze L6a-r2 with reproduced falsifiers
25c3cdce1ce15cbb9f28a9e76447a40d3fe3dc5a	09a86108a6de43538ae85d1f0ac82665ef3e6bde	2026-09-03T20:58:10Z	2026-09-03T20:58:10Z	false	fix(typescript): bound recursive type lowering
067751a15d05a27882c0e69c99881ae75fa17c43	25c3cdce1ce15cbb9f28a9e76447a40d3fe3dc5a	2026-09-03T20:59:03Z	2026-09-03T20:59:03Z	false	fix(typescript): preserve foreign type facts
abe1eae1f75df079dc2170d744a0ae80365a1e89	067751a15d05a27882c0e69c99881ae75fa17c43	2026-09-03T21:33:32Z	2026-09-03T21:33:32Z	false	docs(capability): freeze L6a-r3 with reproduced real-file fold evidence
e1b1131a9d0da57864b9834d6b3ef43f33127225	abe1eae1f75df079dc2170d744a0ae80365a1e89	2026-09-03T21:45:04Z	2026-09-03T21:45:04Z	false	fix(typescript): retain computed spelling fallback
f1d49bf57d424cbe8db162af9ceef9c500657fcb	e1b1131a9d0da57864b9834d6b3ef43f33127225	2026-09-03T21:48:51Z	2026-09-03T21:48:51Z	false	docs(capability): record L6a-r3 ingest and freeze L4c-r2 with the frame-law falsifier
d7a4181a223bec2d047a157c37d05b0b219f90a5	f1d49bf57d424cbe8db162af9ceef9c500657fcb	2026-09-03T21:55:22Z	2026-09-03T21:55:22Z	false	test(typescript): prove full PURL lifecycle
3ee39183565277747394804912876807ad4db85f	d7a4181a223bec2d047a157c37d05b0b219f90a5	2026-09-03T21:59:02Z	2026-09-03T21:59:02Z	false	docs(capability): reproduce R1/R5/R7 from L6a/L4c checkpoints and route R12 legs 3-4 to L6b
dc92ea8fc8b0440f692198bcbea18e3ce7fbbc60	3ee39183565277747394804912876807ad4db85f	2026-09-03T21:59:32Z	2026-09-03T21:59:32Z	false	docs(capability): re-freeze L6b onto the L5 checkpoint chain with the R12 addendum and lane-local target law
0d60c32b99fdcc74571e3715830c29190af4b95f	dc92ea8fc8b0440f692198bcbea18e3ce7fbbc60	2026-09-03T22:13:34Z	2026-09-03T22:13:34Z	false	docs(capability): freeze L6b-r2 narrowing the fork boundary and pinning honest operands
d75e29364591841484435e37f89ec663a5a3dab9	0d60c32b99fdcc74571e3715830c29190af4b95f	2026-09-03T22:21:00Z	2026-09-03T22:21:00Z	false	feat(typescript): preserve computed type structure
0c51efbd7bdb6f84c0bad30333a8aaa8783aeb35	d75e29364591841484435e37f89ec663a5a3dab9	2026-09-03T22:22:20Z	2026-09-03T22:22:20Z	false	docs(capability): freeze L6b-r3 to finish the skipped R12 reopen/render legs
2f5685d8d01f8756c0254b5f2ca900ff9316d987	0c51efbd7bdb6f84c0bad30333a8aaa8783aeb35	2026-09-03T22:26:56Z	2026-09-03T22:26:56Z	false	test(typescript): cover forward nominal publication and render
810d41580812e28bfb76173acaae3b6110f55bb8	2f5685d8d01f8756c0254b5f2ca900ff9316d987	2026-09-03T22:29:43Z	2026-09-03T22:29:43Z	false	test(typescript): exercise real npm corpus
846a7bd878a8a4c8fd711720b36960bfa51eb42e	810d41580812e28bfb76173acaae3b6110f55bb8	2026-09-03T22:30:02Z	2026-09-03T22:30:02Z	false	test(typescript): freeze corpus regression watch
5175f94734f8d4da595d8832fa9ebdffd54cf28b	846a7bd878a8a4c8fd711720b36960bfa51eb42e	2026-09-03T22:31:48Z	2026-09-03T22:31:48Z	false	docs(capability): reproduce R12 end-to-end from L6b-r3
201d01678d975beca603e3f8d04145d36b2eface	5175f94734f8d4da595d8832fa9ebdffd54cf28b	2026-09-03T22:33:14Z	2026-09-03T22:33:14Z	false	docs(capability): ingest L7 corpus evidence and freeze per-class repair cards L7-r2/L7-r3
12e08b06183270bbc3876ffddd137b3b3eb04ffd	201d01678d975beca603e3f8d04145d36b2eface	2026-09-03T22:37:47Z	2026-09-03T22:37:47Z	false	fix(typescript): make checker type tree total
1f43f4583dbbd37c9f04e6a24f3e7afff9d8c19c	12e08b06183270bbc3876ffddd137b3b3eb04ffd	2026-09-03T23:00:38Z	2026-09-03T23:00:38Z	false	test(typescript): resolve declaration package support
eb9640eaee28d7578f3f3a03bc48c255a9d26ae5	1f43f4583dbbd37c9f04e6a24f3e7afff9d8c19c	2026-09-03T23:03:07Z	2026-09-03T23:03:07Z	false	docs(capability): freeze L7-r4 emission-geometry capacity repair
d40260a45139edae87ad2271c46f2011c1fd0316	eb9640eaee28d7578f3f3a03bc48c255a9d26ae5	2026-09-04T00:32:31Z	2026-09-04T00:32:31Z	false	fix(typescript): raise emission geometry capacity
13e149026f9b62c02d44f9d5599dcf9887dc1fee	d40260a45139edae87ad2271c46f2011c1fd0316	2026-09-04T00:34:20Z	2026-09-04T00:34:20Z	false	docs(capability): freeze L7-r5 residual-fault grounding and package reclassification
6f756a1f34b218e68c8b60239e1f44abe92c9cac	13e149026f9b62c02d44f9d5599dcf9887dc1fee	2026-09-04T00:59:52Z	2026-09-04T00:59:52Z	false	fix(typescript): retain computed member rejection causes
0ebdde6c001527780030f40aeb4dacf4638b3b81	6f756a1f34b218e68c8b60239e1f44abe92c9cac	2026-09-04T01:11:46Z	2026-09-04T01:11:46Z	false	docs(capability): freeze L7-r6 final lane-owned corpus round
8fd46dc8acbc959ee2034b8e28047549f74f20ef	7dae60aa3083b8840b667399ca4594cabf5b5e3f 0ebdde6c001527780030f40aeb4dacf4638b3b81	2026-09-04T03:42:40Z	2026-09-04T03:42:40Z	true	merge(typescript): salvage computed grammar and indexed checker authority
202b42aa297cab02dba65f62c0457de826c3bb0b	309acc8f1da8fba1f33858ee7cbb7cf03d7b28f3	2026-09-03T19:29:13Z	2026-09-03T19:29:13Z	false	fix(driver): mirror FactRejected in native-compile test support and record round-2 baseline
4e0cef8ef7f030297993427b1b85246ec77a0540	202b42aa297cab02dba65f62c0457de826c3bb0b	2026-09-03T19:32:15Z	2026-09-03T19:32:15Z	false	test(python): freeze round-2 worker cards d5/d7
21eaea2206071410204aee3b2882ef212db4c4e8	4e0cef8ef7f030297993427b1b85246ec77a0540	2026-09-03T19:36:56Z	2026-09-03T19:36:56Z	false	feat(driver): admit the full corpus at measured emission geometry
18241d2e3d402af8df711dd32c8edd3517250e7b	21eaea2206071410204aee3b2882ef212db4c4e8	2026-09-03T19:42:42Z	2026-09-03T19:42:42Z	false	test(python): typed package-class journey matrix
f85c8c11157dc719d3598c33c7d0f63e021f3643	18241d2e3d402af8df711dd32c8edd3517250e7b	2026-09-03T20:08:55Z	2026-09-03T20:08:55Z	false	fix(python): pin click decorator spellings to real positions, not docstring artifacts
345718c8d47b1c1d063bd482cc17886246dbfab8	f85c8c11157dc719d3598c33c7d0f63e021f3643	2026-09-03T20:12:50Z	2026-09-03T20:12:50Z	false	test(python): re-pin the child-capacity boundary falsifier at the raised geometry
55dd04f4b92d98543a462c3f274392b82d2ac5aa	345718c8d47b1c1d063bd482cc17886246dbfab8	2026-09-03T21:45:40Z	2026-09-03T21:45:40Z	false	test(rust): re-pin the shared fact-lane capacity falsifier at 2048
12a6466ba1e2fcbcf3cea861c3db56bd1203b0c5	55dd04f4b92d98543a462c3f274392b82d2ac5aa	2026-09-03T21:46:32Z	2026-09-03T21:46:32Z	false	test(python): freeze card d6 corpus-unfallback
9e47e6716d45319192de6a7ef667c61fcbc64870	12a6466ba1e2fcbcf3cea861c3db56bd1203b0c5	2026-09-03T21:52:22Z	2026-09-03T21:52:22Z	false	test(python): corpus matrix without fallback arms and with per-package spot checks
66d5074088a602136590480dbd75547c5dfa5d93	9e47e6716d45319192de6a7ef667c61fcbc64870	2026-09-03T22:01:52Z	2026-09-03T22:01:52Z	false	test(python): pin decoded parameter, decorator, and docstring evidence per corpus package
f2ed48e0e726f8b2724163283c6918d23a5f849b	66d5074088a602136590480dbd75547c5dfa5d93	2026-09-03T22:13:46Z	2026-09-03T22:13:46Z	false	test(python): corpus pins carry substantive decoded evidence
c65bddd98a952d6c21d520e21526d5c286f9ebf6	f2ed48e0e726f8b2724163283c6918d23a5f849b	2026-09-03T22:16:27Z	2026-09-03T22:16:27Z	false	test(python): print the pyrefly typed skip instead of passing silently
3a50e48e285290c3e484ebdde5e7c80282c99152	c65bddd98a952d6c21d520e21526d5c286f9ebf6	2026-09-03T22:17:36Z	2026-09-03T22:17:36Z	false	test(python): record round-2 matrix rows and the contamination-incident journal
b71b6b79a57f157d4d1339f686685148a621bb12	3a50e48e285290c3e484ebdde5e7c80282c99152	2026-09-03T22:17:52Z	2026-09-03T22:17:52Z	false	test(python): record round-2 dispatch receipts
43cad194327b6aea93cd64cd4541bf0ca139532a	b71b6b79a57f157d4d1339f686685148a621bb12	2026-09-04T00:21:54Z	2026-09-04T00:21:54Z	false	test(python): close the hostile review packet
5124bc7287bbcebcdacdfcc0793e684ca0b15779	8fd46dc8acbc959ee2034b8e28047549f74f20ef 43cad194327b6aea93cd64cd4541bf0ca139532a	2026-09-04T03:42:55Z	2026-09-04T03:42:55Z	true	merge(python): salvage corpus geometry and authority journeys
43a079741c31994383f50a26c97568de13e4e0d8	309acc8f1da8fba1f33858ee7cbb7cf03d7b28f3	2026-09-03T04:55:57Z	2026-09-03T18:58:06Z	false	test(driver): remap stale lower cfg(test) modules and migrate the go fixture to v5
d989683a4a31308a1fea19eb0f478dd7526741f1	43a079741c31994383f50a26c97568de13e4e0d8	2026-09-03T08:24:54Z	2026-09-03T18:58:12Z	false	fix(go): v5 plane projection, package-keyed resolution, calibrated test decoders (W3c interim)
9098f0e2054d1066fcf4b786b276c1790edd3d63	d989683a4a31308a1fea19eb0f478dd7526741f1	2026-09-03T08:27:40Z	2026-09-03T18:58:17Z	false	test(go): decode type children from wire records (W3b R1)
85d6a457f436657355f6f88c3a7f94c1e50b53a0	9098f0e2054d1066fcf4b786b276c1790edd3d63	2026-09-03T08:29:04Z	2026-09-03T18:58:17Z	false	test(go): calibrate anonymous row ordinal in nested projection (W3b R2)
4c1227cc6098f38c2aa1caf3f03513de80a8ca36	85d6a457f436657355f6f88c3a7f94c1e50b53a0	2026-09-03T08:29:49Z	2026-09-03T18:58:17Z	false	fix(go): retain zero-fact anonymous projection anchor (W3b R3)
c5a1f22207a62e5e2dd7d4a9f350152ed9c0d1f2	4c1227cc6098f38c2aa1caf3f03513de80a8ca36	2026-09-03T08:31:33Z	2026-09-03T18:58:17Z	false	test(go): calibrate signature rows against anonymous prefix (W3b R4)
3624838147fafe7fa294e9e01b40a18b0ee680ff	c5a1f22207a62e5e2dd7d4a9f350152ed9c0d1f2	2026-09-03T07:53:18Z	2026-09-03T18:58:23Z	false	feat(ir): host go constant facts in the extension row (W7)
daff31f62fa328e6f4afbd998cb4c0b5b156de74	3624838147fafe7fa294e9e01b40a18b0ee680ff	2026-09-03T19:42:16Z	2026-09-03T19:42:16Z	false	fix(driver): complete GoFacts constant-cell constructors and the rust feature-control call site (W7 integration)
ac4ddd2b349d45ee5cc684f7a8798829baa3d31d	daff31f62fa328e6f4afbd998cb4c0b5b156de74	2026-09-03T19:56:36Z	2026-09-03T19:56:36Z	false	docs(capability): consume canonical tip; classify trunk-caused reds; resolve M6 fork state; freeze M13/M14 and cards W8-W13
41d1820ac36c1525b0d99c2d45785d206effac97	ac4ddd2b349d45ee5cc684f7a8798829baa3d31d	2026-09-03T20:06:18Z	2026-09-03T20:06:18Z	false	feat(go): project exact constant facts through the extension row (W8)
1684cf4cbaf471fc8676253a656ab7b7b762e30c	41d1820ac36c1525b0d99c2d45785d206effac97	2026-09-03T20:07:34Z	2026-09-03T20:07:34Z	false	fix(go): carry the const-group id verbatim when a constant row carries no value atom (W8 review)
e8f48c94e88466dc75bb5d623688cf34310ff7f2	1684cf4cbaf471fc8676253a656ab7b7b762e30c	2026-09-03T20:09:57Z	2026-09-03T20:09:57Z	false	style(driver): canonical formatting for python/rust test modules
82b5e9396cb8db6eb48793b1547a3d22b5a4385f	e8f48c94e88466dc75bb5d623688cf34310ff7f2	2026-09-03T20:24:15Z	2026-09-03T20:24:15Z	false	test(driver): recalibrate stale decoders and bound expectations to the landed trunk wire (W9)
aff04f47da5b951769a5f7e740bebbcaf407feaa	82b5e9396cb8db6eb48793b1547a3d22b5a4385f	2026-09-03T20:27:24Z	2026-09-03T20:27:24Z	false	fix(go): merge explicit interface members into the method-set cell (W9b)
2533417ad8476d51010c36b4748de44378fe7561	aff04f47da5b951769a5f7e740bebbcaf407feaa	2026-09-03T20:39:43Z	2026-09-03T20:39:43Z	false	test(go): golden rendering through the ir render displays (W10)
84d5b916ea86a0739f7fd3368212f671c71fe193	2533417ad8476d51010c36b4748de44378fe7561	2026-09-03T20:44:49Z	2026-09-03T20:44:49Z	false	style(driver): canonical import order in go_render (W10 review); freeze cards W8-W11
7ec4890c9521dda952ed1a1598c17d680ff1baf0	84d5b916ea86a0739f7fd3368212f671c71fe193	2026-09-03T20:48:17Z	2026-09-03T20:48:17Z	false	fix(go): resolve method reference owners through their receiver declaration (W11c)
4e0b3e4bf93840b4f66afb3e46c2169774fbe007	7ec4890c9521dda952ed1a1598c17d680ff1baf0	2026-09-03T21:03:06Z	2026-09-03T21:03:06Z	false	docs(capability): record shared-target artifact poisoning hazard and the private-target gate law (R7)
e6799ed24c6b97f4ab26e80287fcf3fc938cab7f	4e0b3e4bf93840b4f66afb3e46c2169774fbe007	2026-09-03T21:24:43Z	2026-09-03T21:24:43Z	false	fix(go): accept ascending cross-file reference order in the reader (W11d)
dd1eb38a7f902bbe8d49c225dc57b24745a43b9b	e6799ed24c6b97f4ab26e80287fcf3fc938cab7f	2026-09-03T21:30:46Z	2026-09-03T21:30:46Z	false	fix(go): register alias declarations for later-pass addressing (W11e)
262f7cf735b069dcd2d1f230f81ea50449244489	dd1eb38a7f902bbe8d49c225dc57b24745a43b9b	2026-09-03T21:33:34Z	2026-09-03T21:33:34Z	false	fix(driver): evaluate the function-pointer result cell lazily so zero-arity rows build (W11 journey falsifier)
ad0b90edbcb5f4fce550e45b306ff2044342e049	262f7cf735b069dcd2d1f230f81ea50449244489	2026-09-03T22:04:55Z	2026-09-03T22:04:55Z	false	test(go): purl lifecycle from proxy fetch to chained generations (W11)
00f9b1fa4339906be425ef030dfa26d35c248661	ad0b90edbcb5f4fce550e45b306ff2044342e049	2026-09-03T22:10:09Z	2026-09-03T22:10:09Z	false	test(go): purl lifecycle across three-module journeys (W11)
92833ddf48e5af3619ebae513206aabb097be351	00f9b1fa4339906be425ef030dfa26d35c248661	2026-09-03T22:11:42Z	2026-09-03T22:11:42Z	false	docs(capability): record W8-W11 worker custody receipts
674ca42e4c681a7bed8302bd382f30779765701c	92833ddf48e5af3619ebae513206aabb097be351	2026-09-03T22:49:04Z	2026-09-03T22:49:04Z	false	fix(go): skip reference emission from init bodies (W12f)
0ae5cf32972803bc881c47f8d80ab768fd20ae64	674ca42e4c681a7bed8302bd382f30779765701c	2026-09-03T22:55:38Z	2026-09-03T22:55:38Z	false	fix(driver): raise the bounded reference-list width to measured corpus demand (W12g)
7d6460e7ab4f626502859e96fc4de0ecbdc7fd14	0ae5cf32972803bc881c47f8d80ab768fd20ae64	2026-09-03T23:04:31Z	2026-09-03T23:04:31Z	false	fix(driver): size the reference-list width to measured corpus demand (W12h)
096297cbb02155f55e0476884513c6064e8b7aa0	7d6460e7ab4f626502859e96fc4de0ecbdc7fd14	2026-09-03T23:27:25Z	2026-09-03T23:27:25Z	false	fix(driver): size the emission fact geometry to measured corpus demand (W12i)
9ff08b791e6acdf3703b85a5bf06a79d76d1104f	096297cbb02155f55e0476884513c6064e8b7aa0	2026-09-03T23:37:26Z	2026-09-03T23:37:26Z	false	fix(driver): size the remaining emission bounds to measured corpus demand (W12j)
db26fc4950af671e87e116f68fc8e2e8ecc0d778	9ff08b791e6acdf3703b85a5bf06a79d76d1104f	2026-09-03T23:47:11Z	2026-09-03T23:47:11Z	false	test(driver): recalibrate bound tests to the landed corpus geometry (W12k)
0be6cf4eb04fb092ce256d58d892ed9bdacdfa57	db26fc4950af671e87e116f68fc8e2e8ecc0d778	2026-09-03T23:59:45Z	2026-09-03T23:59:45Z	false	fix(go): resolve satisfaction targets in their declaring package (W12l)
e8102519b79e93c5100d7a7f783c3c0ec47cac2c	0be6cf4eb04fb092ce256d58d892ed9bdacdfa57	2026-09-04T00:22:37Z	2026-09-04T00:22:37Z	false	test(go): pin the designed fact-envelope terminal and land the twenty-one-module corpus (W12n+W12)
92d554e21456dee70ed15ecfae2cf4ce2c7f9a70	e8102519b79e93c5100d7a7f783c3c0ec47cac2c	2026-09-04T00:30:52Z	2026-09-04T00:30:52Z	false	fix(go): refuse authority images over load errors and fail e2e tests typed (W13)
3284610632c9b452b747a7fd913f855980594903	92d554e21456dee70ed15ecfae2cf4ce2c7f9a70	2026-09-04T00:37:48Z	2026-09-04T00:37:48Z	false	fix(go): pre-download pinned module dependencies in corpus assembly (W12 final)
e520856f8e854fa51c42da35f6618e5f26537c23	3284610632c9b452b747a7fd913f855980594903	2026-09-04T00:40:52Z	2026-09-04T00:40:52Z	false	docs(capability): matrix final states after W8-W13; M14 fork assessment recorded
4db40e6b65d084f00b46af8edf900d30100dc91a	e520856f8e854fa51c42da35f6618e5f26537c23	2026-09-04T00:53:05Z	2026-09-04T00:53:05Z	false	test(driver): keep fixtures type-correct and bounds exact under the corpus geometry (W13 fallout)
0637a108b3d3ece2aed01a0a3ef19359a28064ab	4db40e6b65d084f00b46af8edf900d30100dc91a	2026-09-04T01:19:13Z	2026-09-04T01:19:13Z	false	test(driver): scale the rust lane capacity falsifier to the landed geometry
5bb1e399b8f11d58011e424afb2687e6657bc676	0637a108b3d3ece2aed01a0a3ef19359a28064ab	2026-09-04T01:21:36Z	2026-09-04T01:21:36Z	false	test(driver): mark the rust lane capacity falsifier stale at the landed geometry with the rust-lane decision recorded
7368c2ea1539aa747e14a405e4982f2a71f3ef30	5124bc7287bbcebcdacdfcc0793e684ca0b15779 5bb1e399b8f11d58011e424afb2687e6657bc676	2026-09-04T03:43:33Z	2026-09-04T03:43:33Z	true	merge(go): salvage package authority and constant facts
f6251c4221fb4dd18976aa1d10a28917f2387896	9fd1ab950787b6b77de62d6f0524c4c0705d918a	2026-09-02T23:34:40Z	2026-09-02T23:34:40Z	false	feat(java): parse maven purls and locate local repository artifacts
673e8c2a32ac74818e591bc46d37f528c60157d5	f6251c4221fb4dd18976aa1d10a28917f2387896	2026-09-02T23:35:03Z	2026-09-02T23:35:03Z	false	feat(java): lower compound types through anonymous type rows
1cd51e4aa3a88e34307839dbd85ae5f3d768ffe6	673e8c2a32ac74818e591bc46d37f528c60157d5	2026-09-02T23:38:58Z	2026-09-02T23:38:58Z	false	test(java): golden render proofs through the IR renderer
a425ea68fd06924291ed4a23147718c6514530f6	1cd51e4aa3a88e34307839dbd85ae5f3d768ffe6	2026-09-03T00:01:20Z	2026-09-03T00:01:20Z	false	fix(java): project java argument conventions and honest foreign leaves through anonymous rows
f8bd26e8104cb91d215b598353f1f6b0c5dadde2	a425ea68fd06924291ed4a23147718c6514530f6	2026-09-03T00:01:25Z	2026-09-03T00:01:25Z	false	feat(java): carry throws, annotations, and record components in authority image v2
7dc42f263d9e1e6b1983a9f999fccd60ce175d97	f8bd26e8104cb91d215b598353f1f6b0c5dadde2	2026-09-03T00:04:52Z	2026-09-03T00:04:52Z	false	feat(java): read artifact jars and fetch maven central releases
a92d1809c8e7b3dd3b028e954311dda855b5c42d	7dc42f263d9e1e6b1983a9f999fccd60ce175d97	2026-09-03T00:27:34Z	2026-09-03T00:27:34Z	false	fix(java): repair anonymous row lane pairing, honest foreign leaves, and proof fixtures
38dc43694135bdefa1cd23c3f6cb8139e20fe11b	a92d1809c8e7b3dd3b028e954311dda855b5c42d	2026-09-03T00:34:02Z	2026-09-03T00:34:02Z	false	feat(java): productionize the javac doclet authority harness
8576e409aeaa1e4490292d5d6d0beb8284c5a95c	38dc43694135bdefa1cd23c3f6cb8139e20fe11b	2026-09-03T00:37:41Z	2026-09-03T00:37:41Z	false	fix(java): make the wildcard bound and intersection fixture prove structural children
8bcc67a2014575bc2f34497fd2d4070d45098434	8576e409aeaa1e4490292d5d6d0beb8284c5a95c	2026-09-03T00:38:53Z	2026-09-03T00:38:53Z	false	test(java): hostile v2 plane validation and live javac decode proofs
e45b63383ebe1cc2b185dbe4c94821c7159b08a9	8bcc67a2014575bc2f34497fd2d4070d45098434	2026-09-03T00:50:27Z	2026-09-03T00:50:27Z	false	feat(java): feed throws, annotations, and record components into the JavaFacts planes
1993755490cbaa32969a74e94d192b035df8960e	e45b63383ebe1cc2b185dbe4c94821c7159b08a9	2026-09-03T01:02:35Z	2026-09-03T01:02:35Z	false	test(java): prove the JavaFacts planes and close the package annotation gap
889bf75ee4b7a843ae928906b87560665f857555	1993755490cbaa32969a74e94d192b035df8960e	2026-09-03T01:12:52Z	2026-09-03T01:12:52Z	false	perf(java): one shared UTF-16 span basis with ASCII identity and sparse astral table
054535d927ad075ece65f08e5acd09d0a0ac30be	889bf75ee4b7a843ae928906b87560665f857555	2026-09-03T03:52:20Z	2026-09-03T03:52:20Z	false	docs(capability): reproduce chain tip gates, record J4 custody and corpus constraints
0c3443d3fb18f1fb838e8de7387719dc2007d599	054535d927ad075ece65f08e5acd09d0a0ac30be	2026-09-03T03:56:58Z	2026-09-03T03:56:58Z	false	docs(capability): freeze J9 lifecycle card
0cc4d16781fa55df5fe78b6c22cb2bf3440c7d8c	0c3443d3fb18f1fb838e8de7387719dc2007d599	2026-09-03T03:58:24Z	2026-09-03T03:58:24Z	false	docs(capability): close J9 T2 slice-to-javac loophole from cold trial
441f4ae3e260c5cf62f93fb65e1807d698655025	0cc4d16781fa55df5fe78b6c22cb2bf3440c7d8c	2026-09-03T04:00:55Z	2026-09-03T04:00:55Z	false	docs(capability): repoint J9 card baseline to amended tip
a68e8fc4b82e1d92cf28a94107084cb51e32f0f2	441f4ae3e260c5cf62f93fb65e1807d698655025	2026-09-03T04:26:35Z	2026-09-03T04:26:35Z	false	docs(capability): record corpus falsifications, freeze J7R repair, amend J9
adf39372561d946968e69a5ac11ab43b8be4775b	a68e8fc4b82e1d92cf28a94107084cb51e32f0f2	2026-09-03T04:32:34Z	2026-09-03T04:32:34Z	false	fix(java): decode raw zip deflate and skip the unnamed package row
02a640bb68db18d310343ff93dceffb81f6916d7	adf39372561d946968e69a5ac11ab43b8be4775b	2026-09-03T05:55:43Z	2026-09-03T05:55:43Z	false	fix(java): anonymous classes carry no declaration rows
cd46147250871378dc08a38a312c19d389cee2be	02a640bb68db18d310343ff93dceffb81f6916d7	2026-09-03T05:56:05Z	2026-09-03T05:56:05Z	false	docs(capability): record J7R/J2R custody, J9 resumes, and Sol escalations
f0aff7ba7454a2369a0fa33699d64c3bb036f7e9	cd46147250871378dc08a38a312c19d389cee2be	2026-09-03T05:57:18Z	2026-09-03T05:57:18Z	false	docs(capability): finalize matrix states after J7R/J2R integration
e29d1b7365d61f3013ee3e4c06e98063932f5520	f0aff7ba7454a2369a0fa33699d64c3bb036f7e9 99eb1a80d93a696557fe38a65b8e496826f9d7d6	2026-09-03T14:41:31Z	2026-09-03T14:41:31Z	false	merge: consume trunk escalations (fault-operand retention, 1024-fact geometry, journal generations)
e3ddea991daea6136c1793636ada946ed44511d1	e29d1b7365d61f3013ee3e4c06e98063932f5520	2026-09-03T15:09:59Z	2026-09-03T15:09:59Z	false	fix(java): attribute nested call arguments to the enclosing declared executable
568c7f401b6d02c0d0764e2f60b433e81b1cfa70	e3ddea991daea6136c1793636ada946ed44511d1	2026-09-03T15:37:39Z	2026-09-03T15:37:39Z	false	test(java): complete the J9 lifecycle with chained generations and zero orphans
242e109c747b53db00edd22b9f7b6b6ba928784e	568c7f401b6d02c0d0764e2f60b433e81b1cfa70	2026-09-03T16:00:20Z	2026-09-03T16:00:20Z	false	test(java): typed capacity rejections and trunk-vocabulary render goldens
7d4249eb9a1d97e578494f541d44448b74d444c2	242e109c747b53db00edd22b9f7b6b6ba928784e	2026-09-03T16:02:51Z	2026-09-03T16:02:51Z	false	docs(capability): record J9 closure custody, trunk consumption, and doclet owner law
e5cdff6e761d88fa7acb6597592fc5af16e7196a	7d4249eb9a1d97e578494f541d44448b74d444c2	2026-09-03T16:04:12Z	2026-09-03T16:04:12Z	false	docs(capability): move P6/P11/P15/P17/P18 to reproduced with J9 evidence
6a78a1e75cfbdfa26a3b1d98aaf35e573738c1c8	e5cdff6e761d88fa7acb6597592fc5af16e7196a	2026-09-03T17:06:12Z	2026-09-03T17:06:12Z	false	test(java): twenty-artifact maven corpus journey with profiles
c8337d235afb6beaf6bdad109c34cc2006dc4770	6a78a1e75cfbdfa26a3b1d98aaf35e573738c1c8 309acc8f1da8fba1f33858ee7cbb7cf03d7b28f3	2026-09-03T19:01:27Z	2026-09-03T19:01:27Z	false	merge: consume trunk per-fact child geometry, checker authority, and display lattice
ea09507734b5da9cedda475ad8b9721c08a9f5a2	c8337d235afb6beaf6bdad109c34cc2006dc4770	2026-09-03T19:34:46Z	2026-09-03T19:34:46Z	false	fix(trunk): repair foreign cfg(test) drift and the FactRejected terminal arm
1623d17b1980ff1029200acae4921c157541fa0a	ea09507734b5da9cedda475ad8b9721c08a9f5a2	2026-09-03T20:33:12Z	2026-09-03T20:43:56Z	false	fix(java): emit named package declarations for package-info units
e8db1ee94dda0754d45fc65502158ea7814dcc4f	1623d17b1980ff1029200acae4921c157541fa0a	2026-09-03T20:37:49Z	2026-09-03T20:43:56Z	false	fix(java): retain exact projection-fault class and owner atoms on the closed terminal
d97b8359f218b2cecb2b1da1de259b56dddcca09	e8db1ee94dda0754d45fc65502158ea7814dcc4f	2026-09-03T20:45:09Z	2026-09-03T20:45:09Z	false	fix(vocabulary): mark truncated java projection atom text and cut on character bounds
9dfeefa35a3f80c0c3063912bab5f7f9eac1e214	d97b8359f218b2cecb2b1da1de259b56dddcca09	2026-09-03T21:06:17Z	2026-09-03T21:12:34Z	false	fix(trunk): raise the pooled reference-list width to the measured overload maximum
a6b1e8110ac045a4c6e39470116a21089173fcc7	9dfeefa35a3f80c0c3063912bab5f7f9eac1e214	2026-09-03T21:12:43Z	2026-09-03T21:12:43Z	false	docs(capability): freeze J10 worker cards A/B/C with scout evidence
79d231c3aa96dcb97dd228b7266af0e1191d733d	a6b1e8110ac045a4c6e39470116a21089173fcc7	2026-09-03T22:11:53Z	2026-09-03T22:11:53Z	false	docs(capability): freeze J10 worker cards D/E with measured doc-lane evidence
6f6797681a5686d6d2c1f31b0c83da954181a71e	79d231c3aa96dcb97dd228b7266af0e1191d733d	2026-09-03T23:27:51Z	2026-09-03T23:32:11Z	false	fix(java): size the documentation lane to the measured corpus maximum and retain doc-fault context
46fbae16e6cd73b33ecf07116cdb3139d7c5951a	6f6797681a5686d6d2c1f31b0c83da954181a71e	2026-09-03T23:30:42Z	2026-09-03T23:32:11Z	false	test(java): correct the generated documentation fragment count to text-plus-inner-breaks
2f6999615d302f5765662835498e91e82865b233	46fbae16e6cd73b33ecf07116cdb3139d7c5951a	2026-09-03T22:51:14Z	2026-09-03T23:32:11Z	false	test(java): whole-artifact corpus journey with per-row publication and image-truth review
1e1ec5ee56ad24786e03a7887096f2a9b21534f6	2f6999615d302f5765662835498e91e82865b233	2026-09-04T02:56:01Z	2026-09-04T02:56:01Z	false	docs(capability): freeze card J10-F with the measured fact-lane evidence
5f82a028bd338a247053281f21e24b242a7f9f6d	1e1ec5ee56ad24786e03a7887096f2a9b21534f6	2026-09-04T02:56:52Z	2026-09-04T02:56:52Z	false	test(java): review corrections to the corpus journey - qualified primary items, package-info entity law, annotation-type generation-2 members, per-entry profile counts
cdd7f1d2239b13981c3b1b525678a8ce9534d49f	7368c2ea1539aa747e14a405e4982f2a71f3ef30 5f82a028bd338a247053281f21e24b242a7f9f6d	2026-09-04T03:43:58Z	2026-09-04T03:43:58Z	true	merge(java): salvage source-bound image and J10 semantic lanes
c4b6ed32e6fc6d137cdb60cf46b2d19418a5b9f0	309acc8f1da8fba1f33858ee7cbb7cf03d7b28f3	2026-09-03T20:17:07Z	2026-09-03T20:17:07Z	false	baseline(csharp): unblock trunk drift in driver gates and freeze the fidelity packet
0be66fb51766a87fdce567928fa69054e3db3b7c	c4b6ed32e6fc6d137cdb60cf46b2d19418a5b9f0	2026-09-03T20:24:16Z	2026-09-03T20:24:16Z	false	docs(evidence): freeze worker cards, proof matrix, and the wire-saturation escalation packet
3babc5a3581ef8feb8f4bd17af6b4fb93821c14e	0be66fb51766a87fdce567928fa69054e3db3b7c	2026-09-03T20:37:35Z	2026-09-03T20:37:35Z	false	feat(csharp-producer): emit version three authority images
50369c350ee1857984011bc5e7a674a17007eedc	3babc5a3581ef8feb8f4bd17af6b4fb93821c14e	2026-09-03T20:54:46Z	2026-09-03T20:54:46Z	false	fix(driver-tests): unblock lower lane fixtures
39595a729477c0648529bd26bfb5587585bc7891	50369c350ee1857984011bc5e7a674a17007eedc	2026-09-03T21:03:58Z	2026-09-03T21:03:58Z	false	test(csharp): expect the exact typed capacity rejection at the lane bound
4adffff31f9a79715fff316b25c80c3f73ee2890	39595a729477c0648529bd26bfb5587585bc7891	2026-09-03T21:05:28Z	2026-09-03T21:05:28Z	false	docs(evidence): file producer and falsifier repair cards from the hostile diff review
76d4ddda126188983a5dddaacd2581a9ad8fa376	4adffff31f9a79715fff316b25c80c3f73ee2890	2026-09-03T21:10:42Z	2026-09-03T21:10:42Z	false	fix(driver-tests): repair C# wire saturation falsifier
741242f26870acbb015f070c5eba439d12bd295d	76d4ddda126188983a5dddaacd2581a9ad8fa376	2026-09-03T21:19:36Z	2026-09-03T21:19:36Z	false	feat(csharp-producer): repair fidelity authority facts
4f8ca5c828e4d712b3440d8bc28b3003e1407528	741242f26870acbb015f070c5eba439d12bd295d	2026-09-03T21:23:07Z	2026-09-03T21:23:07Z	false	test(csharp): pin the reopened parameter row by full shape equality
6cd03f6add926996184ee576872724a3d8226d9e	4f8ca5c828e4d712b3440d8bc28b3003e1407528	2026-09-04T00:52:23Z	2026-09-04T00:52:23Z	false	test(csharp-corpus): real nuget corpus lifecycle over twenty pinned rows
ff1cfcbb9743274f78ed6f707358a70f34f2018e	6cd03f6add926996184ee576872724a3d8226d9e	2026-09-04T00:58:14Z	2026-09-04T00:58:14Z	false	test(csharp-corpus): prove committed fidelity fixture
a96bb050580b4153ec01e28387f3db909b9a7c79	ff1cfcbb9743274f78ed6f707358a70f34f2018e	2026-09-04T01:04:56Z	2026-09-04T01:04:56Z	false	docs(evidence): file the driver lowering repair card from live corpus evidence
8216598b4aaf3115ef096d9a428e5be232195f2d	a96bb050580b4153ec01e28387f3db909b9a7c79	2026-09-04T01:08:34Z	2026-09-04T01:08:34Z	false	fix(driver): harden function pointer lowering bounds
280f3df2fb5dc5d3c58fa4903eb17f2e33cc0a28	8216598b4aaf3115ef096d9a428e5be232195f2d	2026-09-04T01:10:23Z	2026-09-04T01:10:23Z	false	fix(driver): reject dangling function pointer results
dd23e4f74fa429ab46d350724c530436cea319f8	280f3df2fb5dc5d3c58fa4903eb17f2e33cc0a28	2026-09-04T01:34:09Z	2026-09-04T01:34:09Z	false	fix(driver): retain typed C# projection faults and encode the corpus index-bound terminals
ccd9359164b20c34898049e3f5bcb83c09b3ea24	dd23e4f74fa429ab46d350724c530436cea319f8	2026-09-04T01:43:16Z	2026-09-04T01:43:16Z	false	test(driver): name the csharp-projection terminal in every lane's closed failure label
78fe5545b0a2cdc3ce73c9d4846c65ecba2464c0	ccd9359164b20c34898049e3f5bcb83c09b3ea24	2026-09-04T01:44:04Z	2026-09-04T01:44:04Z	false	docs(evidence): file the render golden and packaging integration card
1a4f7231e9cc909f9a4483cee134e60eaea263dc	78fe5545b0a2cdc3ce73c9d4846c65ecba2464c0	2026-09-04T01:53:01Z	2026-09-04T01:53:01Z	false	test(csharp-render): freeze Roslyn fixture rendering
a49faa4ff909e765ca9343e4aeff35eb8168c5b2	1a4f7231e9cc909f9a4483cee134e60eaea263dc	2026-09-04T02:00:40Z	2026-09-04T02:00:40Z	false	test(csharp-packaging): pin clean relative oracle binding
5849fd56bd54e1414b601ca9f9c90c8c56100715	a49faa4ff909e765ca9343e4aeff35eb8168c5b2	2026-09-04T02:02:22Z	2026-09-04T02:02:22Z	false	docs(evidence): file the reader trusted-projection repair card
c563d1b7311a7c8fd9c0b05afbad06a4db4fe882	5849fd56bd54e1414b601ca9f9c90c8c56100715	2026-09-04T02:07:18Z	2026-09-04T02:07:18Z	false	fix(csharp-reader): share validated decode projections
82db830c5247b7e707ab9a3441b13f00ad3b41ff	c563d1b7311a7c8fd9c0b05afbad06a4db4fe882	2026-09-04T02:10:21Z	2026-09-04T02:10:21Z	false	docs(csharp): cite the wire-saturation decision packet and make regeneration skips observable
d2fed1732b8417def3a4dd3cfe28ec9e02adb2cb	82db830c5247b7e707ab9a3441b13f00ad3b41ff	2026-09-04T02:14:20Z	2026-09-04T02:14:20Z	false	fix(csharp-packaging): untrack helper build outputs and ignore them
c4297768f541abe799c76cfaa2f7abf46c93cd77	d2fed1732b8417def3a4dd3cfe28ec9e02adb2cb	2026-09-04T02:53:44Z	2026-09-04T02:53:44Z	false	test(driver): pin all C# wire saturation gaps
19ba27ef083689c29a9c619df6c41b4eb41a0da7	c4297768f541abe799c76cfaa2f7abf46c93cd77	2026-09-04T02:54:45Z	2026-09-04T02:54:45Z	false	docs(evidence): extend the wire-saturation fork to five classes per review M-1 and refresh corpus row prose
0b428632066fb6bee31e1857f8a0379fb7766360	19ba27ef083689c29a9c619df6c41b4eb41a0da7	2026-09-04T02:59:39Z	2026-09-04T02:59:39Z	false	docs(evidence): close the csharp-roslyn-fidelity candidate with reviewer disposition
75867e07b51743c11cfeb565aedaa415942a77f6	cdd7f1d2239b13981c3b1b525678a8ce9534d49f 0b428632066fb6bee31e1857f8a0379fb7766360	2026-09-04T03:44:28Z	2026-09-04T03:44:28Z	true	merge(csharp): salvage Roslyn v3 producer and exact projections
8b156c692d839a363cd979010db2c78c50a61934	5417930ce96d4b9e1ebe5cafa73cecbdca0da476	2026-09-02T23:58:17Z	2026-09-02T23:58:17Z	false	test(compiler-driver): repair clang lane test module and lift stale fixtures
8b9094b697c28282cf009122201d4ff075fe9120	8b156c692d839a363cd979010db2c78c50a61934	2026-09-03T00:50:50Z	2026-09-03T00:50:50Z	false	test(compiler-driver): ground the clang lane harness on the emission-order law
e7cec1f2e417a3fe9775a787d175044835d41f3c	8b9094b697c28282cf009122201d4ff075fe9120	2026-09-03T01:07:40Z	2026-09-03T01:07:40Z	false	feat(compiler-ir-vocabulary): admit Overrides reference kind
2a3a219caec51da3e9ac8d8ba21c5c3568eec829	e7cec1f2e417a3fe9775a787d175044835d41f3c	2026-09-03T01:12:04Z	2026-09-03T01:12:04Z	false	feat(clang): collect C++ virtual override authority facts
e8c0af7c91d2cc660eab40d089460cb95938e178	2a3a219caec51da3e9ac8d8ba21c5c3568eec829	2026-09-03T03:55:21Z	2026-09-03T03:55:21Z	false	fix(clang): thread the override scratch lane and virtuality field through the driver seam
8943ccbdd13b360ade3c79b3dc0b26efafc6b458	e8c0af7c91d2cc660eab40d089460cb95938e178	2026-09-03T03:55:21Z	2026-09-03T03:55:21Z	false	test(clang): freeze the emission-order lane harness as the red contract
f1beb8b75cb9fd2d37463a19aea36773153f3c2d	8943ccbdd13b360ade3c79b3dc0b26efafc6b458	2026-09-03T04:14:49Z	2026-09-03T04:14:49Z	false	docs(capability): record the A2 stop decomposition and authority honesty probes
d7e770e47b5b41a8934c260e9ad0f1ce2116f956	f1beb8b75cb9fd2d37463a19aea36773153f3c2d	2026-09-03T04:18:55Z	2026-09-03T04:18:55Z	false	fix(clang): keep the authority honest for anonymous and template cursors
6bd38220eef4b86423a59786446dc603739d7594	d7e770e47b5b41a8934c260e9ad0f1ce2116f956	2026-09-03T04:21:42Z	2026-09-03T04:21:42Z	false	docs(capability): record the A-auth ingest and the definition-preference counterexample
80291db98b5f38da1926d3dbe0359606ec3118e7	6bd38220eef4b86423a59786446dc603739d7594	2026-09-03T04:24:03Z	2026-09-03T04:24:03Z	false	fix(clang): collapse canonical declarations preferring the definition
092e21bbcefcb1d020bbdf7335b029f834f5a7fb	80291db98b5f38da1926d3dbe0359606ec3118e7	2026-09-03T04:34:45Z	2026-09-03T04:34:45Z	false	test(clang): correct the harness to owner-relative spans and the Cxx template profile
51331fb31a35dea5f3397dc9f3149bacb4f47279	092e21bbcefcb1d020bbdf7335b029f834f5a7fb	2026-09-03T04:46:17Z	2026-09-03T04:46:17Z	false	fix(clang): meet the frozen emission-order contract
bc0fb31108a7eebb48b8f96f7bde3f66d69cbfe2	51331fb31a35dea5f3397dc9f3149bacb4f47279	2026-09-03T04:46:17Z	2026-09-03T04:46:17Z	false	docs(capability): record the A2 v4 ingest
fe47d3806a0fe689d9e9e97be5380db43729d7ae	bc0fb31108a7eebb48b8f96f7bde3f66d69cbfe2	2026-09-03T04:59:08Z	2026-09-03T04:59:08Z	false	feat(clang): project virtual override edges to occurrence code 7
61f237f8882d69ab76de4c31a20668efe8062e68	fe47d3806a0fe689d9e9e97be5380db43729d7ae	2026-09-03T05:00:45Z	2026-09-03T05:00:45Z	false	docs(capability): transition R1-R4 to reproduced states and record the A3 ingest
11dd331071585fd007dfebfaae665c49d928dd76	61f237f8882d69ab76de4c31a20668efe8062e68	2026-09-03T05:01:21Z	2026-09-03T05:01:21Z	false	docs(capability): bind R1-R4 evidence to reproduced command outputs
30cd41df30a8a848f2331da7cc340c28e62463e8	11dd331071585fd007dfebfaae665c49d928dd76	2026-09-03T05:09:18Z	2026-09-03T05:09:18Z	false	test(clang): make the lane extension helper schema-aware ahead of schema 2
6c5ec427ca529212d0c994e3bbc382e6bee83df1	30cd41df30a8a848f2331da7cc340c28e62463e8	2026-09-03T05:09:49Z	2026-09-03T05:09:49Z	false	fix(clang): read the extension schema cell at its u16 width
f53c0958ada61d730b9b0a55785fb39b4bef7180	6c5ec427ca529212d0c994e3bbc382e6bee83df1	2026-09-03T05:16:13Z	2026-09-03T05:16:13Z	false	feat(compiler-ir): admit extension schema 2 with clang owner and identity cells
0304784e534c81f4d3c4ea6d6b46664b306b7889	f53c0958ada61d730b9b0a55785fb39b4bef7180	2026-09-03T05:17:16Z	2026-09-03T05:17:16Z	false	wip(rust): custodial commit of the rust lane's in-flight reserved-anchor work on lower.rs
ed7088593d34840c2c002af687b8ca59912930a6	0304784e534c81f4d3c4ea6d6b46664b306b7889	2026-09-03T05:26:27Z	2026-09-03T05:26:27Z	false	feat(compiler-ir): pool override identities in the schema-2 clang row
8c89765b6ef5d732fdcfe1f357a9f98ad3d22be0	ed7088593d34840c2c002af687b8ca59912930a6	2026-09-03T05:27:11Z	2026-09-03T05:27:11Z	false	test(clang): track the 32-byte schema-2 clang row stride
31dfeab8e45b40d8a33646090af39bf2edf7b656	8c89765b6ef5d732fdcfe1f357a9f98ad3d22be0	2026-09-03T05:32:05Z	2026-09-03T05:32:05Z	false	test(clang): tolerate vanished native work dirs during cleanup
fc365788d1d72e4c8f616788eb3a7758c70cd5fb	31dfeab8e45b40d8a33646090af39bf2edf7b656	2026-09-03T05:35:55Z	2026-09-03T05:35:55Z	false	test(clang): retry native work cleanup across the libclang handle race
09f6c96f724beb310d70175d4ded62899525b294	fc365788d1d72e4c8f616788eb3a7758c70cd5fb	2026-09-03T05:42:12Z	2026-09-03T05:42:12Z	false	feat(compiler-ir): admit identity pools in the section input
be31d5eff7d2c20014d2c4cd780c99d88be3fd78	09f6c96f724beb310d70175d4ded62899525b294	2026-09-03T05:50:45Z	2026-09-03T05:50:45Z	false	feat(compiler): wire override identity pools and member structure through the shared emission lane
895deb147f5c2417902d0647ea0401c1cdef3a53	be31d5eff7d2c20014d2c4cd780c99d88be3fd78	2026-09-03T05:53:19Z	2026-09-03T05:53:19Z	false	docs(capability): record R5/R6 reproduced states and freeze the B-packet cards
deebd334247caa0e6eba53b802388c0f5462353d	895deb147f5c2417902d0647ea0401c1cdef3a53	2026-09-03T05:59:25Z	2026-09-03T05:59:25Z	false	feat(compiler-ir): render C record bodies from member structure
308b0c264eef8ac9cbecf057631baba42786c67c	deebd334247caa0e6eba53b802388c0f5462353d	2026-09-03T06:10:29Z	2026-09-03T06:10:29Z	false	feat(clang): compile whole codebases from a compilation database and prove the generation lifecycle
2fd221a07117e9e1c58b049827a25555e36d3524	308b0c264eef8ac9cbecf057631baba42786c67c	2026-09-03T06:25:00Z	2026-09-03T06:25:00Z	false	feat(clang): drive whole-TU compilation from the compilation database through one public entry
4921f60f74165f6cb76d034bbeb08fca190ea322	2fd221a07117e9e1c58b049827a25555e36d3524	2026-09-03T06:36:06Z	2026-09-03T06:36:06Z	false	fix(clang): lower real compilation-database translation units and prove the generation journey
849eb5f3cecee916aa2af328727489b8f6438846	4921f60f74165f6cb76d034bbeb08fca190ea322	2026-09-03T06:54:19Z	2026-09-03T06:54:19Z	false	docs(capability): record the C1 lifecycle packet states and the journal trunk blocker
9159ed7a5f4bffbd61c75f43d450d6ada94bbdb7	849eb5f3cecee916aa2af328727489b8f6438846	2026-09-03T06:56:01Z	2026-09-03T06:56:01Z	false	test(clang): widen the native work cleanup retry across the libclang handle race
8237a4f2df341b17fba6c96ec870c5ca6045b8b2	9159ed7a5f4bffbd61c75f43d450d6ada94bbdb7	2026-09-03T06:56:40Z	2026-09-03T06:56:40Z	false	docs(capability): record worker custody and lane state at session close
621b7d67cc7f3f278243cf585f1897e5a7c72ede	8237a4f2df341b17fba6c96ec870c5ca6045b8b2 99eb1a80d93a696557fe38a65b8e496826f9d7d6	2026-09-03T15:09:03Z	2026-09-03T15:09:03Z	false	merge(trunk): consume journal generation chaining, schema-2 geometry raise, and doc/visibility landing
10edbdb7584a3696c2f8904bc084d5a560ae93da	621b7d67cc7f3f278243cf585f1897e5a7c72ede	2026-09-03T15:14:54Z	2026-09-03T15:14:54Z	false	docs(capability): freeze W1/W2/W3 cards and record the trunk-consumption research
d93e53cad3da30098ac2bec6c605ff2d114b57a2	10edbdb7584a3696c2f8904bc084d5a560ae93da	2026-09-03T15:20:31Z	2026-09-03T15:20:31Z	false	test(clang): migrate the lane wire falsifiers to the schema-2 type-fact layout
ace71dbd61a807f444e3ed494b01b0e21d5f3197	d93e53cad3da30098ac2bec6c605ff2d114b57a2	2026-09-03T15:26:08Z	2026-09-03T15:26:08Z	false	feat(clang): drive codebase build systems to whole-TU compile commands
a1d30131e347e6765611d1c236129376097f8470	ace71dbd61a807f444e3ed494b01b0e21d5f3197	2026-09-03T15:43:13Z	2026-09-03T15:43:13Z	false	docs(capability): freeze W2r/W3r repair cards from the first-ingest findings
ad5fe6c9985b4a1e44624d998c8d510a3d253b64	a1d30131e347e6765611d1c236129376097f8470	2026-09-03T15:49:15Z	2026-09-03T15:49:43Z	false	fix(clang): make build drives honest, complete, and real
c9e00215734ed857bff53be81d1d620f816c60d2	ad5fe6c9985b4a1e44624d998c8d510a3d253b64	2026-09-03T15:51:03Z	2026-09-03T15:51:03Z	false	test(clang): chain generations through one publisher and pin reopen semantics
39d8da5df4bc935caba88aafe84e3765863867e5	c9e00215734ed857bff53be81d1d620f816c60d2	2026-09-03T16:01:03Z	2026-09-03T16:01:03Z	false	docs(capability): freeze W3r2/W2r2 with the replay reopen defect diagnosis
a7f6379d1e6c86217421da4c9c6322c2e453f90d	39d8da5df4bc935caba88aafe84e3765863867e5	2026-09-03T16:05:43Z	2026-09-03T16:05:43Z	false	test(clang): prove chained-generation publication and pin the replay reopen defect
03d52291d306524635f54b33cbc04ab8eb7ce805	a7f6379d1e6c86217421da4c9c6322c2e453f90d	2026-09-03T16:30:10Z	2026-09-03T16:30:10Z	false	docs(capability): freeze W2r3 with the compdb identity root cause and real-tool drive plan
430f9a30c769ea9133daad43cddba2692ea03748	03d52291d306524635f54b33cbc04ab8eb7ce805	2026-09-03T16:35:36Z	2026-09-03T16:35:36Z	false	fix(clang): make build-system command identity honest and drive cmake, meson, and buck for real
6f50a561ba75cacf0e96ab0205cdf00f1dc3d10a	430f9a30c769ea9133daad43cddba2692ea03748	2026-09-03T16:38:20Z	2026-09-03T16:38:20Z	false	docs(capability): freeze the R11 corpus card and the C-pure render card
7e88991340c1d92820e74e3ad0356784becf4e5e	6f50a561ba75cacf0e96ab0205cdf00f1dc3d10a	2026-09-03T16:40:52Z	2026-09-03T16:40:52Z	false	fix(clang): render C headers C-pure with honest goldens
ec8179541928dd6739491a9a2ab5ea14c1ccb9ce	7e88991340c1d92820e74e3ad0356784becf4e5e	2026-09-03T16:43:45Z	2026-09-03T16:43:45Z	false	test(clang): codify the twenty-project corpus review with decoded facts and perf profiles
954213c91642dc51a21e3c5a98cfd8d3b1f20302	ec8179541928dd6739491a9a2ab5ea14c1ccb9ce	2026-09-03T17:10:51Z	2026-09-03T17:10:51Z	false	test(clang): run the twenty-project corpus and record decoded facts, perf, and defects
83593cf36e567e42f5757870782f64e3458ba012	954213c91642dc51a21e3c5a98cfd8d3b1f20302	2026-09-03T17:13:29Z	2026-09-03T17:13:29Z	false	docs(capability): freeze W6 lane-scaling and W7 adapter-recognition repair cards from the corpus run
c7798345c078807ef8e217fb36a6e246280601a0	83593cf36e567e42f5757870782f64e3458ba012	2026-09-03T17:18:49Z	2026-09-03T17:18:49Z	false	feat(clang): raise the authority lanes to trunk geometry with exact bounds
6db7f220cee58e5fee70dbced602d97f5f3f6dce	c7798345c078807ef8e217fb36a6e246280601a0	2026-09-03T17:20:55Z	2026-09-03T17:20:55Z	false	fix(clang): recognize real compiler names, find the buck cell root, and fix corpus fixtures
a66ee01855bc64f6e39546facc25aa95f93104ea	6db7f220cee58e5fee70dbced602d97f5f3f6dce	2026-09-03T17:25:11Z	2026-09-03T17:25:11Z	false	fix(clang): keep the type and reference lanes at their four-times ratio over declarations
8b465ed0c278eec628dc7f3ec1a27903d22f5974	a66ee01855bc64f6e39546facc25aa95f93104ea 309acc8f1da8fba1f33858ee7cbb7cf03d7b28f3	2026-09-03T18:56:58Z	2026-09-03T18:57:22Z	false	Merge branch 'canonical' into codex/fidelity-clang
74c3a41fbe58105a76142f21f22acd9953b36491	8b465ed0c278eec628dc7f3ec1a27903d22f5974	2026-09-03T19:38:39Z	2026-09-03T19:38:39Z	false	test(clang): serialize native work directories to stop parallel nonce collisions
2464a9fd1a1165b3af5edec5d0e2d3ba75f8a10f	74c3a41fbe58105a76142f21f22acd9953b36491	2026-09-03T19:42:37Z	2026-09-03T19:42:37Z	false	docs(capability): freeze the finish-round cards L8-L11 and record trunk-consumption findings
db845d5c96c1555c9a5539de3d07b5772a8b463e	2464a9fd1a1165b3af5edec5d0e2d3ba75f8a10f	2026-09-03T19:49:47Z	2026-09-03T19:49:47Z	false	fix(workflow): replay chained journal generations with the publication chain rule
c3b77c384b99c1ec976d38ad851f014989dfd6cc	db845d5c96c1555c9a5539de3d07b5772a8b463e	2026-09-03T19:53:02Z	2026-09-03T19:53:02Z	false	docs(capability): record the L8 replay-heal ingest
dd2166cbb7db83efb5e12b74466765cc14d78744	c3b77c384b99c1ec976d38ad851f014989dfd6cc	2026-09-03T20:11:29Z	2026-09-03T20:11:29Z	false	test(clang): close the chained whole-TU lifecycle with changed content and per-phase typed terminals
179dbf6e0689d271c477f668dade9dd923c613f3	dd2166cbb7db83efb5e12b74466765cc14d78744	2026-09-03T20:13:38Z	2026-09-03T20:13:38Z	false	docs(capability): record the L9 lifecycle ingest
28b385f92078e56d127aa1ba639d73a30c538c39	179dbf6e0689d271c477f668dade9dd923c613f3	2026-09-03T20:20:14Z	2026-09-03T20:20:14Z	false	feat(clang): drive make compound lines and buck compdb targets with per-system packaging journeys
8178874d8b49662b9788beeb0b4eabcbb34be8f6	28b385f92078e56d127aa1ba639d73a30c538c39	2026-09-03T20:22:03Z	2026-09-03T20:22:03Z	false	docs(capability): record the L10 partial ingest and freeze the L10b packaging repair card
b142fb136352e941c076396e7a448946b6e5e4c0	8178874d8b49662b9788beeb0b4eabcbb34be8f6	2026-09-03T20:22:22Z	2026-09-03T20:22:22Z	false	docs(capability): record the L10 ingest and L10b dispatch
7dc7de48c83611a25d64e7d8a51590dc9b6fb032	b142fb136352e941c076396e7a448946b6e5e4c0	2026-09-03T20:41:48Z	2026-09-03T20:41:48Z	false	docs(capability): record the L10b stop, Terra's compdb root cause, and freeze L10c
180ec274e764987ca71b9c81b6811613855da189	7dc7de48c83611a25d64e7d8a51590dc9b6fb032	2026-09-03T20:44:55Z	2026-09-03T20:44:55Z	false	fix(clang): admit only compile commands from generated compilation databases
6f78997ea2e119aacec61cdc4cdad31897f562fa	180ec274e764987ca71b9c81b6811613855da189	2026-09-03T20:57:28Z	2026-09-03T20:57:28Z	false	test(clang): codify packaging per build system with reopened chained generations
ee78ffab3ac230eeca423dbe4e1519432858e7ac	6f78997ea2e119aacec61cdc4cdad31897f562fa	2026-09-03T20:58:31Z	2026-09-03T20:58:31Z	false	docs(capability): record the L10c ingest and the Terra-authored packaging surface
98ca4f242c366c76ac83a7998847bbba47e9536d	ee78ffab3ac230eeca423dbe4e1519432858e7ac	2026-09-03T21:05:47Z	2026-09-03T21:05:47Z	false	test(clang): run the twenty-project corpus end-to-end with chained generations and decoded-IR review
899b6c22499f36aeab5e5fa59e7571218f636f96	98ca4f242c366c76ac83a7998847bbba47e9536d	2026-09-03T21:46:48Z	2026-09-03T21:46:48Z	false	fix(clang): retain the exact pooled-lane rejection cause at the projection fold
3298db49609553644575b398fbe91972a246cecb	899b6c22499f36aeab5e5fa59e7571218f636f96	2026-09-03T21:52:39Z	2026-09-03T21:52:39Z	false	fix(clang): transport recursive-make directories and name the empty cmake selection
0534cc96865acbd70a99592315b96162f88cec90	3298db49609553644575b398fbe91972a246cecb	2026-09-03T22:06:33Z	2026-09-03T22:06:33Z	false	test(clang): run the twenty-project corpus end-to-end with chained generations and decoded-IR review
db0bc0707493ff688a7266ed6ff83bbdff5e930b	0534cc96865acbd70a99592315b96162f88cec90	2026-09-03T22:08:59Z	2026-09-03T22:08:59Z	false	docs(capability): close the proof matrix to reproduction evidence
3377763e768f815ef40cfb475d0122a7b84943d6	db0bc0707493ff688a7266ed6ff83bbdff5e930b	2026-09-03T22:09:13Z	2026-09-03T22:09:13Z	false	docs(capability): record R11 reproduction
5696f8cd90acb9cec25381d533f0e46b48c796d8	3377763e768f815ef40cfb475d0122a7b84943d6	2026-09-03T22:10:14Z	2026-09-03T22:10:14Z	false	docs(capability): record the L11 ingest and freeze the closure receipt
9ea1915441f8a21912637b61db3b5eed159e8d37	5696f8cd90acb9cec25381d533f0e46b48c796d8	2026-09-03T22:35:28Z	2026-09-03T22:35:28Z	false	docs(capability): record the closure review findings and freeze the R1 repair card
06347bf4aaa1a640c1a4487cc8ff55e3baeadb02	9ea1915441f8a21912637b61db3b5eed159e8d37	2026-09-03T22:40:56Z	2026-09-03T22:40:56Z	false	fix(clang): preserve exact drive and admission causes end to end
6eb5bfb6c09beee227620f6d5e62c4cfd641a22d	06347bf4aaa1a640c1a4487cc8ff55e3baeadb02	2026-09-04T01:28:53Z	2026-09-04T01:28:53Z	false	test(clang): pin the review-repair falsifiers and generate the corpus evidence sections
8275fe96f4991a70df4ae08ccf06ccbd4bd9cda1	6eb5bfb6c09beee227620f6d5e62c4cfd641a22d	2026-09-04T02:55:23Z	2026-09-04T02:55:23Z	false	docs(capability): record the R1 round and finalize the closure receipt
28357b953951b132cfa6be3c3e9f2fbc4cbbb1b8	75867e07b51743c11cfeb565aedaa415942a77f6 8275fe96f4991a70df4ae08ccf06ccbd4bd9cda1	2026-09-04T03:45:53Z	2026-09-04T03:45:53Z	true	merge(clang): salvage direct authority while rejecting ambient build drive
2bb3c682933f854d1bf2e1bbcaaebd302fec7c53	309acc8f1da8fba1f33858ee7cbb7cf03d7b28f3	2026-09-03T21:56:09Z	2026-09-03T21:56:09Z	false	docs(evidence): wave-4 re-freeze — trunk adjudication, computed-segment fork resolution, bounded-walk and corpus-mandate rows
515281f5678d31e64d5c3b8bb4c54cdd5b39d979	2bb3c682933f854d1bf2e1bbcaaebd302fec7c53	2026-09-03T23:50:00Z	2026-09-03T23:50:00Z	false	fix(rust): enforce the compile deadline inside the authority walk
a0dff8dc3d8301ae055cfcd6a2f476e373a1564e	515281f5678d31e64d5c3b8bb4c54cdd5b39d979	2026-09-04T00:35:22Z	2026-09-04T00:35:22Z	false	feat(rust): land inferred expression types and re-exports in the fragment planes
2eb5ad834d9c996a66e457236362cd034962e2a8	a0dff8dc3d8301ae055cfcd6a2f476e373a1564e	2026-09-04T00:53:33Z	2026-09-04T00:53:33Z	false	fix(rust): bind computed rows and re-exports to their exact source facts
63be0ce996d22b12904fb501929d748a498ed905	2eb5ad834d9c996a66e457236362cd034962e2a8	2026-09-04T01:36:59Z	2026-09-04T01:36:59Z	false	perf(rust): collapse redundant walk scans under the identity oracle
8d66ca46bdafd8b641bfdab1021cc1cfc9f184ca	63be0ce996d22b12904fb501929d748a498ed905	2026-09-04T01:49:44Z	2026-09-04T01:49:59Z	false	test(rust): pin the work-law timing falsifier to the registry log fixture
3f74db2f48653e8f535968a62e9fcacd3f7e08cf	8d66ca46bdafd8b641bfdab1021cc1cfc9f184ca	2026-09-04T02:40:47Z	2026-09-04T02:40:47Z	false	test(rust): chain the twenty-crate corpus through the full publication lifecycle
9f174718ae9e79a693af37f700c6b4cccfeced27	3f74db2f48653e8f535968a62e9fcacd3f7e08cf	2026-09-04T03:20:07Z	2026-09-04T03:20:07Z	false	test(rust): realign the lane's in-file unit oracles with the typed decoded views
a77a3efd75e622eface3d0746f031554815127e7	28357b953951b132cfa6be3c3e9f2fbc4cbbb1b8 9f174718ae9e79a693af37f700c6b4cccfeced27	2026-09-04T03:46:27Z	2026-09-04T03:46:27Z	true	merge(rust): retain canonical indexed walks; hold lossy carriers out
a19e626288ac039498c924e18428d10fdfdab94e	a77a3efd75e622eface3d0746f031554815127e7	2026-09-04T03:54:25Z	2026-09-04T03:54:25Z	true	refactor(driver): retain checker causes and type coordinates
df520c779eef1eab5181a99444da31a60cbc9403	a19e626288ac039498c924e18428d10fdfdab94e	2026-09-04T04:05:59Z	2026-09-04T04:05:59Z	true	refactor(semantic): project every language plane from staged truth
0f8f0120fdbf340c0b5781dfe647e38d9b8c6873	df520c779eef1eab5181a99444da31a60cbc9403	2026-09-04T04:33:14Z	2026-09-04T04:33:14Z	true	refactor(semantic): stage one typed rich projection transaction
ee3b440c0bbc8c6649ea295dae22079a9c383bf3	0f8f0120fdbf340c0b5781dfe647e38d9b8c6873	2026-09-04T04:49:31Z	2026-09-04T04:49:31Z	true	refactor(driver): seal entered authority and typed semantic provenance
56c1ecfb961b6e2d76040eb4a2508817fda07328	ee3b440c0bbc8c6649ea295dae22079a9c383bf3	2026-09-04T05:04:56Z	2026-09-04T05:04:56Z	true	refactor(ir): make durable semantic projection self-describing
f7af7b808fd9498f5a681554e6b714c5154fe35a	56c1ecfb961b6e2d76040eb4a2508817fda07328	2026-09-04T05:25:27Z	2026-09-04T05:25:27Z	true	refactor(ir): preserve staged semantic type truth
c0b427e5209e89b845f0cccd97ddfc9f853107b4	f7af7b808fd9498f5a681554e6b714c5154fe35a	2026-09-04T05:26:22Z	2026-09-04T05:26:22Z	true	fix(ir): admit explicit TypeScript this spelling
e6d9911cb873889b2c7a2197a6500a70f9fc2bf1	c0b427e5209e89b845f0cccd97ddfc9f853107b4	2026-09-04T05:27:40Z	2026-09-04T05:27:40Z	true	fix(ir): report full schema type bounds on reopen
8f582c973802ecce86abc0998a2875fa53d86b2b	e6d9911cb873889b2c7a2197a6500a70f9fc2bf1	2026-09-04T05:29:06Z	2026-09-04T05:29:06Z	true	fix(csharp): bind authority topology and identifier provenance
76dd95c2de631ddf69d562f0fcef4dfa45766f54	8f582c973802ecce86abc0998a2875fa53d86b2b	2026-09-04T05:34:14Z	2026-09-04T05:34:14Z	true	fix(driver): retain exact C family projection faults
20ff41993229887ddefd5cd06302a0df3597b62b	76dd95c2de631ddf69d562f0fcef4dfa45766f54	2026-09-04T05:40:16Z	2026-09-04T05:40:16Z	true	fix(typescript): preserve checker mapped modifiers and remaps
e74b5506fd3249f03eb5e7e0c42cdf7ca477d902	20ff41993229887ddefd5cd06302a0df3597b62b	2026-09-04T05:41:08Z	2026-09-04T05:41:08Z	true	fix(ir): enforce foreign occurrence paths on reopen
88f4ec6631574a22e4fc51c9c9d8e08c769fa59a	e74b5506fd3249f03eb5e7e0c42cdf7ca477d902	2026-09-04T05:43:55Z	2026-09-04T05:43:55Z	true	fix(typescript): source mapped modifiers from OXC tokens
1a79640100fe4f5bfcc38509de1d245c36c4053c	88f4ec6631574a22e4fc51c9c9d8e08c769fa59a	2026-09-04T05:48:56Z	2026-09-04T05:48:56Z	true	fix(python): preserve nested type variable source spans
dc6d00963da40a981bb34999e856d2228398b346	1a79640100fe4f5bfcc38509de1d245c36c4053c	2026-09-04T05:56:33Z	2026-09-04T05:56:33Z	true	refactor(ir): separate canonical links from occurrence sites
55ddab161ba8d15c7a59f077e1015b54ab7ca851	dc6d00963da40a981bb34999e856d2228398b346	2026-09-04T06:30:14Z	2026-09-04T06:30:14Z	true	refactor(ir): close callable result and variadic grammar
ba97930fcbbf15b20b7302a0a55f97f93b8e1d44	55ddab161ba8d15c7a59f077e1015b54ab7ca851	2026-09-04T06:56:53Z	2026-09-04T06:56:53Z	true	refactor(ir): close structural type forms and array shapes
69f6e47007c212d0c279e4818d82d4ff08fe2699	ba97930fcbbf15b20b7302a0a55f97f93b8e1d44	2026-09-04T07:19:34Z	2026-09-04T07:19:34Z	true	refactor(ir): separate native references and integer roles
f4af8d583ea183df759a83971ea232c729cb8996	69f6e47007c212d0c279e4818d82d4ff08fe2699	2026-09-04T07:35:24Z	2026-09-04T07:35:24Z	true	fix(lower): retain nested structural projections
9f3509331553f1f63dfccc9b0cd14d0d63966826	f4af8d583ea183df759a83971ea232c729cb8996	2026-09-04T07:51:09Z	2026-09-04T07:51:09Z	true	refactor(types): retain native C-family truth
cf1356577bce712318e0facf57579c96d95c9577	9f3509331553f1f63dfccc9b0cd14d0d63966826	2026-09-04T08:13:20Z	2026-09-04T08:13:20Z	true	refactor(ir): make extension parameter lists exact
e5910a5abe786c2758000966216ef7d1a6d1ab13	cf1356577bce712318e0facf57579c96d95c9577	2026-09-04T09:12:25Z	2026-09-04T09:12:25Z	true	refactor(ir): generalize type parameter pools
2ea2d623300fc17490ce08290754380e129d394e	e5910a5abe786c2758000966216ef7d1a6d1ab13	2026-09-04T09:26:19Z	2026-09-04T09:26:19Z	true	fix(ir): preserve staged type ownership
2bb2ae323314c60ca83aa14aff48e86ef4879ad8	2ea2d623300fc17490ce08290754380e129d394e	2026-09-04T09:42:25Z	2026-09-04T09:42:25Z	true	fix(driver): preserve lowering transaction truth
b1bcc89239c9358a1ae51e5215c26c8b8fc907a9	2bb2ae323314c60ca83aa14aff48e86ef4879ad8	2026-09-04T09:52:21Z	2026-09-04T09:52:21Z	true	fix(driver): abort failed pending type rows
49fd2011ab93d020da5070413880739b28be99fb	b1bcc89239c9358a1ae51e5215c26c8b8fc907a9	2026-09-04T10:05:10Z	2026-09-04T10:05:10Z	true	fix(driver): transact declaration provenance
8ded4315ee4b48d6d7289207d03bd079878302a7	49fd2011ab93d020da5070413880739b28be99fb	2026-09-04T10:15:27Z	2026-09-04T10:15:27Z	true	feat(driver): fuse semantic compile result
1fdc26be00aa8ecce69aab8e84b231e2c074f915	8ded4315ee4b48d6d7289207d03bd079878302a7	2026-09-04T10:37:05Z	2026-09-04T10:37:05Z	true	fix(driver): separate declaration identity payload
059d946fcfb6f714ec94f30310c73d78d8dc1d0b	1fdc26be00aa8ecce69aab8e84b231e2c074f915	2026-09-04T10:44:44Z	2026-09-04T10:44:44Z	true	fix(driver): gate fragment admission on work permit
c8d6523326d0152b3c4bc446201a5c833acbd56c	059d946fcfb6f714ec94f30310c73d78d8dc1d0b	2026-09-04T15:38:29Z	2026-09-04T15:38:29Z	true	fix(ir): split declaration family from variant identity
135bc439769113221ef49d235e296ecc9ab97058	c8d6523326d0152b3c4bc446201a5c833acbd56c	2026-09-04T16:16:40Z	2026-09-04T16:16:40Z	true	feat(ir): own semantic authority facts
c97f54ea690d4a885c0e50a91f2ff50a23fa089e	135bc439769113221ef49d235e296ecc9ab97058	2026-09-04T16:52:03Z	2026-09-04T16:52:03Z	true	test(operation): add typed multilingual output audit harness
2c41385aad032279c6a91803d3381d3d1e88c989	c97f54ea690d4a885c0e50a91f2ff50a23fa089e	2026-09-04T16:56:22Z	2026-09-04T16:56:22Z	true	fix(compiler): unify declaration identity and kinds
92d49249854a6f8b176602492b1e71c3272c84e5	2c41385aad032279c6a91803d3381d3d1e88c989	2026-09-04T17:26:50Z	2026-09-04T17:26:50Z	true	feat(compiler-ir): add static semantic reader seam
b47a70045b2d78bc181a56608a8a638914190f13	92d49249854a6f8b176602492b1e71c3272c84e5	2026-09-04T18:05:44Z	2026-09-04T18:05:44Z	true	feat(compiler-ir): add portable core semantic image
6ff6b06e41fed4d3403d24db2b13f29200943e50	b47a70045b2d78bc181a56608a8a638914190f13	2026-09-04T18:11:03Z	2026-09-04T18:11:03Z	true	refactor(compiler-ir): share semantic image canonical plan
42ffe6cdc4dda884d0fa9d1372a9725d9ec32dde	6ff6b06e41fed4d3403d24db2b13f29200943e50	2026-09-04T18:44:14Z	2026-09-04T18:44:14Z	true	feat(compiler-ir): plan canonical typed pools
4062a8aafc6ae8a2ddb2e3369faf29855a8beb11	42ffe6cdc4dda884d0fa9d1372a9725d9ec32dde	2026-09-04T18:56:50Z	2026-09-04T18:56:50Z	true	refactor(journal): publish latest facts without a mutex
d10cfe1c349af4b7c819c8bb120fa2dbc31140ed	4062a8aafc6ae8a2ddb2e3369faf29855a8beb11	2026-09-04T18:59:28Z	2026-09-04T18:59:28Z	true	feat(compiler-ir): plan canonical common image planes
bfc1d64165b5efd937210b6da21b07359f13fe97	d10cfe1c349af4b7c819c8bb120fa2dbc31140ed	2026-09-04T19:07:22Z	2026-09-04T19:07:22Z	true	feat(compiler-ir): plan canonical extension planes
103dd4e955818a35f27e2af270df0eb671965d9d	bfc1d64165b5efd937210b6da21b07359f13fe97	2026-09-04T19:15:03Z	2026-09-04T19:15:03Z	true	refactor(compiler): allocate only selected extension facts
5bb31716c6417cd570ae8252ea936572e0595a0c	103dd4e955818a35f27e2af270df0eb671965d9d	2026-09-04T19:17:41Z	2026-09-04T19:17:41Z	true	refactor(compiler): collapse absent extension row lanes
7b0727432f0e2a3b8421ddd6a86367df4832a27f	5bb31716c6417cd570ae8252ea936572e0595a0c	2026-09-04T19:18:17Z	2026-09-04T19:18:17Z	true	feat(compiler-ir): define full typed semantic image grammar
00919045015b1f067b365dc6e2bde1eb1e7bc321	7b0727432f0e2a3b8421ddd6a86367df4832a27f	2026-09-04T19:21:02Z	2026-09-04T19:21:02Z	true	refactor(compiler): plan flat semantic child arenas
eb695465da6740b9a5b705739778e74dea1c0c5e	00919045015b1f067b365dc6e2bde1eb1e7bc321	2026-09-04T19:27:09Z	2026-09-04T19:27:09Z	true	fix(compiler): retain authority worker panic causes
21da1e477eb9ba8f76f210ca5b5dc4e5c49f88ba	eb695465da6740b9a5b705739778e74dea1c0c5e	2026-09-04T19:28:28Z	2026-09-04T19:28:28Z	true	feat(compiler-ir): prepare full semantic image wire
0c8af167aa695a48fd5fd33869a4f468e3c89795	21da1e477eb9ba8f76f210ca5b5dc4e5c49f88ba	2026-09-04T19:29:27Z	2026-09-04T19:29:27Z	true	fix(journal): retain publication owner panic causes
57161f89d1bc38bbe51ae22acb501f168b3b966b	0c8af167aa695a48fd5fd33869a4f468e3c89795	2026-09-04T19:43:17Z	2026-09-04T19:43:17Z	true	feat(compiler-ir): add canonical semantic type renderer
65e281d554bfbf4cfaa547d46c72969cebe7286d	57161f89d1bc38bbe51ae22acb501f168b3b966b	2026-09-04T19:49:24Z	2026-09-04T19:49:24Z	true	fix(compiler-ir): make canonical type output coordinate-free
4475cf94ccd1c5f2c2ba64e964946b646f220a0e	65e281d554bfbf4cfaa547d46c72969cebe7286d	2026-09-04T19:52:34Z	2026-09-04T19:52:34Z	true	feat(compiler-ir): expose complete semantic reader scans
a9f959fb0bb9d7f0c9f6e2443379421fbb86c581	4475cf94ccd1c5f2c2ba64e964946b646f220a0e	2026-09-04T19:53:03Z	2026-09-04T19:53:03Z	true	feat(compiler-ir): discover complete semantic image truth
116f3ab9eb33646c1ca907918e0d3839909e4813	a9f959fb0bb9d7f0c9f6e2443379421fbb86c581	2026-09-04T19:54:24Z	2026-09-04T19:54:24Z	true	test(operation): add deterministic real package audit inventory
60b8263c1a4e0a0e2edd59a168936e04fcbb9a7b	116f3ab9eb33646c1ca907918e0d3839909e4813	2026-09-04T19:55:28Z	2026-09-04T19:55:28Z	true	perf(compiler): index declared type children in constant time
45e66ce462a2724dd9380cbba8127d0434a8daaf	60b8263c1a4e0a0e2edd59a168936e04fcbb9a7b	2026-09-04T19:58:21Z	2026-09-04T19:58:21Z	true	feat(identity): type full semantic image artifacts
e94a003299f12cc8a8dab11559e8683bd49e1383	45e66ce462a2724dd9380cbba8127d0434a8daaf	2026-09-04T20:00:15Z	2026-09-04T20:00:15Z	true	fix(go): resolve local types within each package
6ec0abecccc4bf26f35f143a9bfe293f2f62863f	e94a003299f12cc8a8dab11559e8683bd49e1383	2026-09-04T20:00:50Z	2026-09-04T20:00:50Z	true	test(operation): bound real corpus source traversal
24eddc9ac333ea7f161035ce68ba30482d6ad258	6ec0abecccc4bf26f35f143a9bfe293f2f62863f	2026-09-04T20:03:47Z	2026-09-04T20:03:47Z	true	fix(clang): reject guessed semantic identities
0eabbc3c2c67c57144aff4da9e0cabaa371cab7f	24eddc9ac333ea7f161035ce68ba30482d6ad258	2026-09-04T20:06:47Z	2026-09-04T20:06:47Z	true	fix(csharp): retain every declaration identity
ffb13070d0a79d7314055e161cabd9694e211b46	0eabbc3c2c67c57144aff4da9e0cabaa371cab7f	2026-09-04T20:09:27Z	2026-09-04T20:09:27Z	true	perf(typescript): index syntax and checker references
e8775386cbb0bc81579583f2fe20c8356d8fb95d	ffb13070d0a79d7314055e161cabd9694e211b46	2026-09-04T20:13:01Z	2026-09-04T20:13:01Z	true	fix(compiler-ir): bind canonical renderer modules
a42d182e7b2820b638d399d7c0c54a135eecc259	e8775386cbb0bc81579583f2fe20c8356d8fb95d	2026-09-04T20:29:03Z	2026-09-04T20:29:03Z	true	fix(compiler-ir): close semantic reader build faults
77aca0dd22b89c384e59255f9ccbdb09af87e520	a42d182e7b2820b638d399d7c0c54a135eecc259	2026-09-04T20:35:04Z	2026-09-04T20:35:04Z	true	feat(compiler-ir): add portable semantic image reader
dbe58fada4b7493234db979686c1e3507bde23c9	77aca0dd22b89c384e59255f9ccbdb09af87e520	2026-09-04T21:02:05Z	2026-09-04T21:02:05Z	true	fix(compiler-driver): align lowering with rich semantic ir
e3a321d34c1f26e3ef3844fe59d71ec5f32bac4c	dbe58fada4b7493234db979686c1e3507bde23c9	2026-09-04T21:11:30Z	2026-09-04T21:11:30Z	true	feat(semantic): publish reopen and index complete images
f0e95666a6b5e94db348fcb4be6f7e62740afac2	e3a321d34c1f26e3ef3844fe59d71ec5f32bac4c	2026-09-04T21:23:56Z	2026-09-04T21:23:56Z	true	feat(index): facet complete semantic image facts
1aff88db08dd03dc125c891605005aea8a5d0260	f0e95666a6b5e94db348fcb4be6f7e62740afac2	2026-09-04T21:27:31Z	2026-09-04T21:27:31Z	true	refactor(compiler-publication): split generation and publication facts
ed2fec793c283117bc3f814a950e0e21d768c50b	1aff88db08dd03dc125c891605005aea8a5d0260	2026-09-04T21:29:13Z	2026-09-04T21:29:13Z	true	feat(index-core): add deterministic prefix discovery
6aeec7b79c3905365900c93695ffb51f310350af	ed2fec793c283117bc3f814a950e0e21d768c50b	2026-09-04T21:33:50Z	2026-09-04T21:33:50Z	true	fix(operation-tests): keep corpus oracle total
139c6581ffde3fc53fcebb18bab149d0a148f279	6aeec7b79c3905365900c93695ffb51f310350af	2026-09-04T21:47:30Z	2026-09-04T21:47:30Z	true	fix(compiler-ir): enforce canonical extension planes
37e1728f49c0d62c7f5e09d27bbd74a3ba080dc0	139c6581ffde3fc53fcebb18bab149d0a148f279	2026-09-04T21:58:09Z	2026-09-04T21:58:09Z	true	test(operation): audit real corpus semantic publication
c80e6a0944f34efdcaaa0a1cbb50ce3a8b55f68c	37e1728f49c0d62c7f5e09d27bbd74a3ba080dc0	2026-09-04T22:08:08Z	2026-09-04T22:08:08Z	true	interface: add typed retrieval and MCP registry seam
374e08d4acb60122d5d3be2d289230db42d38f68	c80e6a0944f34efdcaaa0a1cbb50ce3a8b55f68c	2026-09-04T22:11:16Z	2026-09-04T22:11:16Z	true	interface-gui: project typed retrieval replies
f90ae4e0b8560b65f1b1e41ccad98d9dd0f8f0d2	374e08d4acb60122d5d3be2d289230db42d38f68	2026-09-04T22:11:42Z	2026-09-04T22:11:42Z	true	chore(interface): lock retrieval test dependencies
d719033ed1bc43b0d921c1e1189dfe30003554e9	f90ae4e0b8560b65f1b1e41ccad98d9dd0f8f0d2	2026-09-04T22:14:29Z	2026-09-04T22:14:29Z	true	test(compiler-ir): align clang extension reopen assertions
4683cd6e5611ddcac20e396c7866e5a18f329af2	d719033ed1bc43b0d921c1e1189dfe30003554e9	2026-09-04T22:18:19Z	2026-09-04T22:18:19Z	true	test(journal): align source-bearing publication ledgers
62fa7956cb76b86abd6a0d3e2d9b50675574e4fc	4683cd6e5611ddcac20e396c7866e5a18f329af2	2026-09-04T22:19:32Z	2026-09-04T22:19:32Z	true	test(operation): align semantic journey contracts
31ff4ddefa4f82110a3fe6517c8ca4cf1491133f	62fa7956cb76b86abd6a0d3e2d9b50675574e4fc	2026-09-04T22:29:04Z	2026-09-04T22:29:04Z	true	fix(driver): restore typed authority fixture boundaries
443bea2a01aa27d27588da0dc140499c5a806c68	31ff4ddefa4f82110a3fe6517c8ca4cf1491133f	2026-09-04T23:21:37Z	2026-09-04T23:21:37Z	true	fix(compiler): align native facts with semantic authority
eda7d973019bf8e02ccfcda51f33479b5db68415	443bea2a01aa27d27588da0dc140499c5a806c68	2026-09-04T23:31:44Z	2026-09-04T23:31:44Z	true	test(operation): bind publication journey to Rust authority
1e871652af304f4b63531fb2683f8a5e809c1e84	eda7d973019bf8e02ccfcda51f33479b5db68415	2026-09-04T23:34:25Z	2026-09-04T23:34:25Z	true	fix(vocabulary): close strict lint terminals
eec0a1422ecb86ae2490e01cc45ecb8b0500b513	1e871652af304f4b63531fb2683f8a5e809c1e84	2026-09-05T00:06:28Z	2026-09-05T00:06:28Z	true	feat(application): publish and reopen semantic compiler output
ef837a8615bb2f23a3cf7844958811804a3e5368	eec0a1422ecb86ae2490e01cc45ecb8b0500b513	2026-09-05T00:14:19Z	2026-09-05T00:14:19Z	true	feat(interface): admit typed pinned package URLs
1402d3308b19f5e64e4c197484db743e738575a6	ef837a8615bb2f23a3cf7844958811804a3e5368	2026-09-05T00:19:20Z	2026-09-05T00:19:20Z	true	perf(interface): isolate cold semantic reply payloads
2085e360247ccc3ca45a9adb12e579675b6d2374	1402d3308b19f5e64e4c197484db743e738575a6	2026-09-05T00:26:09Z	2026-09-05T00:26:09Z	true	feat(gui): admit pinned package compilation
2291f4022cd4943b53cb92ea63992ceee03883e4	2085e360247ccc3ca45a9adb12e579675b6d2374	2026-09-05T00:35:36Z	2026-09-05T00:35:36Z	true	feat(interface): type package compilation phases
63304cde5967d3fcb95a6cb15a7feecf2122cf10	2291f4022cd4943b53cb92ea63992ceee03883e4	2026-09-05T00:38:02Z	2026-09-05T00:38:02Z	true	Add semantic documentation projection
e344fa1c72f1ec2c0bbc8ebc931878b4c60046b9	63304cde5967d3fcb95a6cb15a7feecf2122cf10	2026-09-05T00:51:27Z	2026-09-05T00:51:27Z	true	feat(application): enter exact package sources
538626d175a697bef2dd48b88827d74cee07e43f	e344fa1c72f1ec2c0bbc8ebc931878b4c60046b9	2026-09-05T00:56:47Z	2026-09-05T00:56:47Z	true	refactor(gui): parameterize compiler owner
e08fa8cc1b55f3b2a7367590f22a41276e532687	538626d175a697bef2dd48b88827d74cee07e43f	2026-09-05T01:00:01Z	2026-09-05T01:00:01Z	true	Add retained package authority owner
96d5eb646e60c08ef5ab7cc02b5b037972f908ef	e08fa8cc1b55f3b2a7367590f22a41276e532687	2026-09-05T01:06:25Z	2026-09-05T01:06:25Z	true	feat(application): retain package semantic authority
b4efee2818360046af742fa4d240fa44217eeabf	96d5eb646e60c08ef5ab7cc02b5b037972f908ef	2026-09-05T01:13:17Z	2026-09-05T01:13:17Z	true	test(operation): group source-to-IR corpus audit
e0a1bc4d3cddcb9515a25551b9ba93762a3276b5	b4efee2818360046af742fa4d240fa44217eeabf	2026-09-05T01:23:26Z	2026-09-05T01:23:26Z	true	feat(application): own bounded compiler runtime
0ac7e081569f0abacd02384408b54312e47dc314	e0a1bc4d3cddcb9515a25551b9ba93762a3276b5	2026-09-05T01:32:46Z	2026-09-05T01:32:46Z	true	feat(csharp): add bounded Roslyn authority producer
ff966e7c7ce0449a385bce6cfbdc2f12dd4483d9	0ac7e081569f0abacd02384408b54312e47dc314	2026-09-05T01:33:32Z	2026-09-05T01:33:32Z	true	fix(csharp): separate producer control lifetime
7aaa090eae43eac712c2742000dfa9485dc42730	ff966e7c7ce0449a385bce6cfbdc2f12dd4483d9	2026-09-05T01:39:03Z	2026-09-05T01:39:03Z	true	fix(driver): retain scoped source path in semantic spans
2b8c3adf71f1b874584af914cc624729c403351b	7aaa090eae43eac712c2742000dfa9485dc42730	2026-09-05T01:45:29Z	2026-09-05T01:45:29Z	true	feat(application): admit C# through typed runtime authority
3919fc21a5ef1bb936db537d4cf121099c600a5c	2b8c3adf71f1b874584af914cc624729c403351b	2026-09-05T01:46:48Z	2026-09-05T01:46:48Z	true	feat(gui): stream typed package compilation progress
7186636258069a194f02848889dfc95be6d2cd72	3919fc21a5ef1bb936db537d4cf121099c600a5c	2026-09-05T01:51:50Z	2026-09-05T01:51:50Z	true	fix(csharp): preserve stream worker panic causes
51a2534cea35577b67baae43adb0c3d59c40a21d	7186636258069a194f02848889dfc95be6d2cd72	2026-09-05T01:58:30Z	2026-09-05T01:58:30Z	true	feat(application): expose verified semantic image snapshots
f82ddcf4d3618e59bf323b89318f53b6a4768daa	51a2534cea35577b67baae43adb0c3d59c40a21d	2026-09-05T02:00:28Z	2026-09-05T02:00:28Z	true	feat(ir): add authority-backed semantic documents
b62e7fb002d22b41fd08f7c110a3c9d11adc00b5	f82ddcf4d3618e59bf323b89318f53b6a4768daa	2026-09-05T02:11:23Z	2026-09-05T02:11:23Z	true	feat(languages): bind explicit authority executables
46f8abed75d7297a311935924d34616adb7db64f	b62e7fb002d22b41fd08f7c110a3c9d11adc00b5	2026-09-05T02:15:14Z	2026-09-05T02:15:14Z	true	feat(gui): render verified package semantic documents
800c228bd520b1fa2280d093b7743eb4686b456a	46f8abed75d7297a311935924d34616adb7db64f	2026-09-05T02:21:13Z	2026-09-05T02:21:13Z	true	fix(application): retain explicit package authorities
af19ef669298c047982ccbbaae1981d143aebc96	800c228bd520b1fa2280d093b7743eb4686b456a	2026-09-05T02:34:00Z	2026-09-05T02:34:00Z	true	refactor(ir): retire partial semantic image
bbf69d15e4c1d4c8a7a257cc25180cb2b5d043be	af19ef669298c047982ccbbaae1981d143aebc96	2026-09-05T02:36:07Z	2026-09-05T02:36:07Z	true	feat(application): probe explicit toolchain identities
ff9a603f40476cb53ad097debd840d98d1b260f9	bbf69d15e4c1d4c8a7a257cc25180cb2b5d043be	2026-09-05T02:46:18Z	2026-09-05T02:46:18Z	true	feat(ir): render named semantic extension facts
55bc5a248a1ab0b7e229de9c1904cc2b6ee1a401	ff9a603f40476cb53ad097debd840d98d1b260f9	2026-09-05T02:55:00Z	2026-09-05T02:55:00Z	true	feat(gui): start the explicit native compiler host
b12db8f290e3e7c33a17ef8c82981e0305c0921f	55bc5a248a1ab0b7e229de9c1904cc2b6ee1a401	2026-09-05T03:05:48Z	2026-09-05T03:05:48Z	true	fix(application): reject fast probe output overruns
bf14dedf39e929f36196a747b082407b0079b968	b12db8f290e3e7c33a17ef8c82981e0305c0921f	2026-09-05T03:27:01Z	2026-09-05T03:45:02Z	true	preserve Java projection terminal causes
fcd300d039e114eb427acb1669fc719d405689db	bf14dedf39e929f36196a747b082407b0079b968	2026-09-05T03:55:30Z	2026-09-05T03:55:30Z	true	preserve compiler causes and durable receipt facts
185c7d8cbabb70ed48bb88d6421540d2201b0e8d	fcd300d039e114eb427acb1669fc719d405689db	2026-09-05T03:58:00Z	2026-09-05T03:58:00Z	true	test(operation): admit versioned host compiler tools
da162b095411c37e23f83c7db4bf575729e02f93	185c7d8cbabb70ed48bb88d6421540d2201b0e8d	2026-09-05T04:24:05Z	2026-09-05T04:24:05Z	true	feat(typescript): bind checker module authority explicitly
f4375d4251a53140d477e9edd4fffce6a10414e5	da162b095411c37e23f83c7db4bf575729e02f93	2026-09-05T04:36:23Z	2026-09-05T04:36:23Z	true	preserve Go and C# projection causes
e241ca2aa053806ac94d2d400472db2a8e6419b3	f4375d4251a53140d477e9edd4fffce6a10414e5	2026-09-05T05:08:38Z	2026-09-05T05:08:38Z	true	retain exact Go and C# admission faults
7029deb208a2c2d219113eee1ead1da5de702d10	e241ca2aa053806ac94d2d400472db2a8e6419b3	2026-09-05T05:21:06Z	2026-09-05T05:21:06Z	true	close C# result and preserve Go owner causes
07af766adecd972e3862b2bd66b94266f88b1f08	7029deb208a2c2d219113eee1ead1da5de702d10	2026-09-05T05:44:03Z	2026-09-05T05:44:03Z	true	retain exact lowering admission causes
9ec01724adad2d51d2008ed3dffce13e0d8ede3d	07af766adecd972e3862b2bd66b94266f88b1f08	2026-09-05T05:47:21Z	2026-09-05T05:47:49Z	true	repair corpus terminal taxonomy
aae414b56459de71a14d1128c13279d72125357b	9ec01724adad2d51d2008ed3dffce13e0d8ede3d	2026-09-05T05:49:18Z	2026-09-05T05:49:31Z	true	refactor(index): remove retired compact IR vector lane
bdeef3d07a339fb48d2bc755a914e80e9688a94b	aae414b56459de71a14d1128c13279d72125357b	2026-09-05T05:49:22Z	2026-09-05T05:49:31Z	true	feat(index): add semantic catalog locator vocabulary
a6a918c55ddb1e32b315a2d1132da4caa70cf905	bdeef3d07a339fb48d2bc755a914e80e9688a94b	2026-09-05T05:49:27Z	2026-09-05T05:49:31Z	true	feat(index): query semantic images through async Trustfall
40a11f25ad9bccea13b75891d548dff5872335c1	a6a918c55ddb1e32b315a2d1132da4caa70cf905	2026-09-05T05:58:30Z	2026-09-05T05:58:30Z	true	refactor(index): harden semantic locator contracts
0275250f42553a7675e69f47829df410c50ac61c	40a11f25ad9bccea13b75891d548dff5872335c1	2026-09-05T05:58:33Z	2026-09-05T05:58:33Z	true	test(index): refresh vector segment identity golden
51e48e39516ef95d5f6505a544044df9a22c997a	0275250f42553a7675e69f47829df410c50ac61c	2026-09-05T06:19:51Z	2026-09-05T06:19:51Z	true	feat(index): reconcile versioned registry ingestion
30d87fb20cda20d86ce396e3e6ddf1b77d8e1999	51e48e39516ef95d5f6505a544044df9a22c997a	2026-09-05T06:56:56Z	2026-09-05T06:56:56Z	true	feat(index): add durable transactional catalog
556d224036d5d1d0e754176e55a6a64220434acc	30d87fb20cda20d86ce396e3e6ddf1b77d8e1999	2026-09-05T06:59:05Z	2026-09-05T06:59:05Z	true	refactor(index): retain typed authority decode failures
348d2db132b9640b26224647e682b2b73bb6b77a	556d224036d5d1d0e754176e55a6a64220434acc	2026-09-05T07:52:26Z	2026-09-05T07:52:26Z	true	feat(index): ingest verified registry snapshots
313de5e96ac94d4bc2c6e952b90ab9d0d8893255	348d2db132b9640b26224647e682b2b73bb6b77a	2026-09-05T08:21:40Z	2026-09-05T08:21:40Z	true	perf(index): bound lexical deduplication work
559687793c4c57e42141f8d90dea4ea8d50e5501	313de5e96ac94d4bc2c6e952b90ab9d0d8893255	2026-09-05T09:41:19Z	2026-09-05T09:41:19Z	true	feat(index): add durable distributed lexical projection
4c8359c108287c4ed8bf277dde2ae10f39e17334	559687793c4c57e42141f8d90dea4ea8d50e5501	2026-09-05T10:24:26Z	2026-09-05T10:24:26Z	true	feat(index): verify borrowed source evidence
c6fff26b3f002a26172866f90af6f92613f214c6	4c8359c108287c4ed8bf277dde2ae10f39e17334	2026-09-05T11:38:35Z	2026-09-05T11:38:35Z	true	feat(index): synchronize portable client snapshots
36fb98eea3d93be9237e509ff23495562a5447bc	c6fff26b3f002a26172866f90af6f92613f214c6	2026-09-10T03:57:05Z	2026-09-10T03:57:05Z	true	checkpoinch
4834e82972173baec6ea41195610117b85158ef8	36fb98eea3d93be9237e509ff23495562a5447bc	2026-09-12T14:54:30Z	2026-09-12T14:54:30Z	true	work
6e36556ccf011df90f98a295cafda49b6234b217	4834e82972173baec6ea41195610117b85158ef8	2026-09-12T19:15:57Z	2026-09-12T19:15:57Z	true	checkpoint
e812201fd777e3e5fd7699b0bffe8a64dca73ce9	6e36556ccf011df90f98a295cafda49b6234b217	2026-09-13T15:41:15Z	2026-09-13T15:41:15Z	true	yum
e5d5d3e0e6fab6560b2655f5789f7bd3b2526268	e812201fd777e3e5fd7699b0bffe8a64dca73ce9	2026-09-13T19:16:45Z	2026-09-13T19:16:45Z	true	work
6e8e03559ba23f819cec3819fca32162e7cd8dd4	e5d5d3e0e6fab6560b2655f5789f7bd3b2526268	2026-09-13T21:16:56Z	2026-09-13T21:16:56Z	true	work
f63a336e6430fe0dfb6a8a01c1282c3043eb8696	6e8e03559ba23f819cec3819fca32162e7cd8dd4	2026-09-13T21:43:55Z	2026-09-13T21:43:55Z	false	cutover(w1): fold compiler-ir-vocabulary into backend-semantic
3d37662ec2dced92a9b11c799b0d6a000135a683	6e8e03559ba23f819cec3819fca32162e7cd8dd4 f63a336e6430fe0dfb6a8a01c1282c3043eb8696	2026-09-13T21:44:30Z	2026-09-13T21:44:30Z	true	cutover(w1): merge parallel batch
4e9fb8b4d841d5f45e732153fa28489c983680d6	6e8e03559ba23f819cec3819fca32162e7cd8dd4	2026-09-13T21:35:15Z	2026-09-13T21:35:15Z	false	cutover(w2): fold heart-telemetry into backend-engine
6b03d5504533651e07dc16bb9656561ad3d7475d	3d37662ec2dced92a9b11c799b0d6a000135a683 4e9fb8b4d841d5f45e732153fa28489c983680d6	2026-09-13T21:44:30Z	2026-09-13T21:44:30Z	true	cutover(w2): merge parallel batch
fc8bf5b0e38b51ce0d1791d91cf6708ab68b0598	6e8e03559ba23f819cec3819fca32162e7cd8dd4	2026-09-13T21:34:46Z	2026-09-13T21:34:46Z	false	cutover(w3): fold server-index-routing into backend-execution
5c6e944974db867576489bac3d3e1ebaff900230	6b03d5504533651e07dc16bb9656561ad3d7475d fc8bf5b0e38b51ce0d1791d91cf6708ab68b0598	2026-09-13T21:44:30Z	2026-09-13T21:44:30Z	true	cutover(w3): merge parallel batch
5b0ada0d6be843b00eeae11060ec78c1f6d2bc17	6e8e03559ba23f819cec3819fca32162e7cd8dd4	2026-09-13T21:42:38Z	2026-09-13T21:42:38Z	false	cutover(w4): fold server-operation into backend-flow
1e76894cc58aad3ac6798deaacc2705ee6efdd78	5c6e944974db867576489bac3d3e1ebaff900230 5b0ada0d6be843b00eeae11060ec78c1f6d2bc17	2026-09-13T21:44:31Z	2026-09-13T21:44:31Z	true	cutover(w4): merge parallel batch
6a327b6793ef3aa567b4b16c3ddb1065c694b1ff	1e76894cc58aad3ac6798deaacc2705ee6efdd78	2026-09-13T21:49:52Z	2026-09-13T21:49:52Z	true	refactor(cutover): parallel wave W1-W4 + DAG edges
66ccbe623de2ed3798bf5ecc7c4819f5ffa5007b	6a327b6793ef3aa567b4b16c3ddb1065c694b1ff	2026-09-13T22:13:17Z	2026-09-13T22:13:17Z	false	cutover(w5): fold compiler-vocabulary into backend-semantic
e1b8905beb3fbbe1991f737f49071a6ff1c6255d	6a327b6793ef3aa567b4b16c3ddb1065c694b1ff 66ccbe623de2ed3798bf5ecc7c4819f5ffa5007b	2026-09-13T22:13:45Z	2026-09-13T22:13:45Z	true	cutover(w5): merge compiler-vocabulary into backend-semantic
923db147a9c04bc529ef9d7fa9fc139bc0515015	e1b8905beb3fbbe1991f737f49071a6ff1c6255d	2026-09-13T22:17:44Z	2026-09-13T22:17:44Z	true	refactor(cutover): merge compiler-vocabulary into backend-semantic; DAG ignores dev/build edges
f674843328581395459f4368edbdc46d63d162ef	923db147a9c04bc529ef9d7fa9fc139bc0515015	2026-09-13T22:32:10Z	2026-09-13T22:32:10Z	false	cutover(w6): fold compiler-ir into backend-semantic
59ef35ef69a0999270186d20c9a5a037ddba49ea	923db147a9c04bc529ef9d7fa9fc139bc0515015 f674843328581395459f4368edbdc46d63d162ef	2026-09-13T22:32:42Z	2026-09-13T22:32:42Z	true	cutover(w6): merge compiler-ir into backend-semantic
5d02f864298ec2f9b7b3a1d50c643d4328e63eef	59ef35ef69a0999270186d20c9a5a037ddba49ea	2026-09-13T22:37:51Z	2026-09-13T22:37:51Z	true	cutover(w6): fold compiler-ir into backend-semantic; repair DAG self-tests
4298579e045e1ccb26fa62d2564341e476501981	5d02f864298ec2f9b7b3a1d50c643d4328e63eef	2026-09-14T00:38:43Z	2026-09-14T00:38:43Z	false	cutover(w7): fold compiler-language-* into frontends/* as legacy modules
bf1670f6f3244615f7ce0dc01e90dd85c9f4b9f1	5d02f864298ec2f9b7b3a1d50c643d4328e63eef 4298579e045e1ccb26fa62d2564341e476501981	2026-09-14T00:39:15Z	2026-09-14T00:39:15Z	true	cutover(w7): merge parallel batch
df576fb332b0a94e428487a4ca3474b15f3e95d6	5d02f864298ec2f9b7b3a1d50c643d4328e63eef	2026-09-14T00:09:51Z	2026-09-14T00:09:51Z	false	cutover(w8): fold server-index-{tantivy,qdrant,trustfall} into extensions/*
bd17c53ccc350b05c2a785ecb5bc697e1b44ef88	bf1670f6f3244615f7ce0dc01e90dd85c9f4b9f1 df576fb332b0a94e428487a4ca3474b15f3e95d6	2026-09-14T00:39:15Z	2026-09-14T00:39:15Z	true	cutover(w8): merge parallel batch
1bc16214ff7b83ec7e9dec44a57c07ac390b51c6	5d02f864298ec2f9b7b3a1d50c643d4328e63eef	2026-09-13T23:16:36Z	2026-09-13T23:16:36Z	false	cutover(w9): fold server-workflow into backend-store
d7cd3b36d08902a5c9e4067b5892a3430877f2a2	bd17c53ccc350b05c2a785ecb5bc697e1b44ef88 1bc16214ff7b83ec7e9dec44a57c07ac390b51c6	2026-09-14T00:39:16Z	2026-09-14T00:39:16Z	true	cutover(w9): merge parallel batch
3b77c63a0a613a03a29b2b63c8ce1c2b9a56187a	d7cd3b36d08902a5c9e4067b5892a3430877f2a2	2026-09-14T00:42:15Z	2026-09-14T00:42:15Z	true	refactor(cutover): parallel wave W7-W9 + remove dead server-index-registry
d599f5c53f82b278950f03343a32f6d614339d51	3b77c63a0a613a03a29b2b63c8ce1c2b9a56187a	2026-09-14T01:26:56Z	2026-09-14T01:26:56Z	true	test: repair pre-existing failures (reply layout, type lattice, csharp parity, corpus PURLs)
c355f7b770fe1a29d1857f22cd7b5a4235507e9f	d599f5c53f82b278950f03343a32f6d614339d51	2026-09-14T01:28:43Z	2026-09-14T01:28:43Z	true	tooling(lints): require workspace unsafe_code=deny, not forbid
e8414c28fd52e410917039f9e7670c68d8f4a271	c355f7b770fe1a29d1857f22cd7b5a4235507e9f	2026-09-14T01:57:34Z	2026-09-14T01:57:34Z	true	cutover(final-a): fold server-index foundation into backend-semantic/compile
fab11c1393e7318b1bdeeca79b1ee17e80728a16	e8414c28fd52e410917039f9e7670c68d8f4a271	2026-09-14T02:03:11Z	2026-09-14T02:03:11Z	true	docs(dag): record execution->semantic edge and reorder execution above semantic (final-a)
9c5edabcae978a196fcf788a0eb87142e97c10d9	fab11c1393e7318b1bdeeca79b1ee17e80728a16	2026-09-14T03:28:57Z	2026-09-14T03:28:57Z	true	yum
695918b87e44cb3bf50f53babfbe67673a98ff64	9c5edabcae978a196fcf788a0eb87142e97c10d9	2026-09-14T05:20:46Z	2026-09-14T05:20:46Z	false	cutover(b1): fold registry/root/hydration/journal/interface-core/protocol into core targets
70e6752b01806ed21cf7f73be8387b88fb646ef7	9c5edabcae978a196fcf788a0eb87142e97c10d9 695918b87e44cb3bf50f53babfbe67673a98ff64	2026-09-14T05:21:14Z	2026-09-14T05:21:14Z	true	cutover(b1): merge core folds (registry/root/hydration/journal/interface-*)
3a5d128e51ac5346bd84c28fc6efd279d1f3b9c6	70e6752b01806ed21cf7f73be8387b88fb646ef7	2026-09-14T05:23:10Z	2026-09-14T05:23:10Z	true	docs(dag): record b1 edges library->execution, local-service->{library,store}
c37daab79c0bb55803c9031b677e7972bc0126a3	3a5d128e51ac5346bd84c28fc6efd279d1f3b9c6	2026-09-14T06:05:41Z	2026-09-14T06:05:41Z	false	cutover(b2a): fold compiler publication/driver/application into backend-engine
56b9433f0605f4c0b06ee9c65a0ab746c4de259e	3a5d128e51ac5346bd84c28fc6efd279d1f3b9c6 c37daab79c0bb55803c9031b677e7972bc0126a3	2026-09-14T06:06:04Z	2026-09-14T06:06:04Z	true	cutover(b2a): merge compiler publication/driver/application into engine
b34e643754c6a3eb577b31dc833d656295bb6eb1	56b9433f0605f4c0b06ee9c65a0ab746c4de259e	2026-09-14T06:38:42Z	2026-09-14T06:38:42Z	false	cutover(b2b): fold server-index build/publish/retrieval into backend-engine (zero legacy)
3d2bc9f5b0db600c4748ed99fab578d1d638ea53	56b9433f0605f4c0b06ee9c65a0ab746c4de259e b34e643754c6a3eb577b31dc833d656295bb6eb1	2026-09-14T06:39:16Z	2026-09-14T06:39:16Z	true	cutover(b2b): merge index build/publish/retrieval into engine (zero legacy)
038ba2a582dd1d246ebb701695231e42b2da661c	3d2bc9f5b0db600c4748ed99fab578d1d638ea53	2026-09-14T06:42:53Z	2026-09-14T06:42:53Z	true	cutover(b2b): zero legacy packages; engine reclassified to application layer
b91d83a8f501af63efe03dd4cbd7c798a0482469	038ba2a582dd1d246ebb701695231e42b2da661c	2026-09-14T07:33:48Z	2026-09-14T07:33:48Z	false	fleet(ws1): versioned seeded 200-package corpus manifest
7fb5147639e9020cabc84de31358ec714ff659c5	038ba2a582dd1d246ebb701695231e42b2da661c b91d83a8f501af63efe03dd4cbd7c798a0482469	2026-09-14T08:52:00Z	2026-09-14T08:52:00Z	true	fleet: merge f1
60ac1cdea56699eb1859f2b77a759548ccf26aac	038ba2a582dd1d246ebb701695231e42b2da661c	2026-09-14T08:51:34Z	2026-09-14T08:51:34Z	false	fleet(ws3): measured capacity budgets + multi-segment index rollover
a67a058ae34b312de74904a578d9bca21355c912	7fb5147639e9020cabc84de31358ec714ff659c5 60ac1cdea56699eb1859f2b77a759548ccf26aac	2026-09-14T08:52:00Z	2026-09-14T08:52:00Z	true	fleet: merge f2
da5231f4e8e48c3c301b95879bac7b05ebc8b76a	038ba2a582dd1d246ebb701695231e42b2da661c	2026-09-14T08:21:37Z	2026-09-14T08:21:37Z	false	fleet(ws4): typed authority terminals, no silent toolchain self-skips
dac61613080a52264b141de3d34f25ba8e948cc4	a67a058ae34b312de74904a578d9bca21355c912 da5231f4e8e48c3c301b95879bac7b05ebc8b76a	2026-09-14T08:52:00Z	2026-09-14T08:52:00Z	true	fleet: merge f3
9ccfc1fc5e8ac0a6dae373f3814a2187e4a11668	038ba2a582dd1d246ebb701695231e42b2da661c	2026-09-14T07:49:57Z	2026-09-14T07:49:57Z	false	fleet(ws2): single acquisition contract, typed offline, scalable caps
cd1553287b31c0ca0401b0ba2368227cb92803f7	dac61613080a52264b141de3d34f25ba8e948cc4 9ccfc1fc5e8ac0a6dae373f3814a2187e4a11668	2026-09-14T08:52:00Z	2026-09-14T08:52:00Z	true	fleet: merge f4
1e159cdd85fa580d8bd54f61d66eb100823a2ba2	cd1553287b31c0ca0401b0ba2368227cb92803f7	2026-09-14T19:32:31Z	2026-09-14T19:32:31Z	false	fleet(a4): add reproducible Nix toolchain and backend-fleet lane contract
ccb31bd54292ad008a64affdcea6539149003f78	cd1553287b31c0ca0401b0ba2368227cb92803f7 1e159cdd85fa580d8bd54f61d66eb100823a2ba2	2026-09-14T19:32:40Z	2026-09-14T19:32:40Z	true	fleet: merge reproducible toolchain and backend-fleet lane contract
28a22cb519e9ebe79f5189b347a3d080e7bf1022	cd1553287b31c0ca0401b0ba2368227cb92803f7	2026-09-14T19:32:35Z	2026-09-14T19:32:35Z	false	fleet(a1): separate unavailable terminals from parity mismatches; harden boundary laws
54e9ba339eb2eaf5d8b0b44c16eb540846702a51	ccb31bd54292ad008a64affdcea6539149003f78 28a22cb519e9ebe79f5189b347a3d080e7bf1022	2026-09-14T19:32:40Z	2026-09-14T19:32:40Z	true	fleet: merge unavailable-terminal accounting and boundary-law hardening
6aaff700357825d1a41c7e0de8d41523c6ccebdc	54e9ba339eb2eaf5d8b0b44c16eb540846702a51	2026-09-14T20:34:28Z	2026-09-14T20:34:28Z	false	fleet(acquire): restore sparse/yank tests, typed overruns, cache incompatibility
d59379e9d10d460f8aeac428c6c8de4cd3594444	54e9ba339eb2eaf5d8b0b44c16eb540846702a51 6aaff700357825d1a41c7e0de8d41523c6ccebdc	2026-09-14T20:34:53Z	2026-09-14T20:34:53Z	true	fleet: merge sparse acquisition coverage and typed cache incompatibility
776ee7d96334829e4291b87ba8f9cd151f57aac8	54e9ba339eb2eaf5d8b0b44c16eb540846702a51	2026-09-14T20:34:46Z	2026-09-14T20:34:46Z	false	fleet(ws5): add deterministic 200-fragment index lifecycle test
88198ba030a8fa68b86f2e61a7bd5b7ba899ada0	d59379e9d10d460f8aeac428c6c8de4cd3594444 776ee7d96334829e4291b87ba8f9cd151f57aac8	2026-09-14T20:34:53Z	2026-09-14T20:34:53Z	true	fleet: merge deterministic 200-fragment index lifecycle test
7d65ca778e1b72cc08578e3a476faeaacfc6c996	88198ba030a8fa68b86f2e61a7bd5b7ba899ada0	2026-09-14T23:39:17Z	2026-09-14T23:39:17Z	true	fleet(ws5): prove overlapping durable submissions return typed Full
b0f7c59feb31b711e85c7ac730ca2e06b7005533	7d65ca778e1b72cc08578e3a476faeaacfc6c996	2026-09-14T23:45:43Z	2026-09-14T23:45:43Z	true	fleet(toolchain): include full workspace source roots in control-plane source filter
ce74f843e9de7a34c4ae89da87f56ead85b168ed	b0f7c59feb31b711e85c7ac730ca2e06b7005533	2026-09-19T18:47:52Z	2026-09-19T18:47:52Z	true	enjoy
c5fc27e02d092b34ec6ac992633673fae912f678	ce74f843e9de7a34c4ae89da87f56ead85b168ed	2026-09-21T06:59:54Z	2026-09-21T07:13:21Z	true	Harden restart persistence and recovery
bb588ddc9fdbcd22b5ccf992c9b563902dee2c7d	c5fc27e02d092b34ec6ac992633673fae912f678	2026-09-21T07:28:17Z	2026-09-21T07:35:02Z	true	feat(desktop): build live package surface
698318993dd6906eab94ed6112712ab7c75b23a8	bb588ddc9fdbcd22b5ccf992c9b563902dee2c7d	2026-09-21T07:01:22Z	2026-09-21T07:50:59Z	true	feat(tooling-nix): add hermetic GUI harness orchestration
ff70b675c180e46f77102642d0c57b03578a9d63	698318993dd6906eab94ed6112712ab7c75b23a8	2026-09-21T07:22:48Z	2026-09-21T07:51:09Z	true	feat(desktop): establish Nudox gpui-ce design system
493d1ddadef43e7c761a78721d59c078c6ac1a9f	ff70b675c180e46f77102642d0c57b03578a9d63	2026-09-21T07:55:35Z	2026-09-21T07:55:35Z	true	fix(nix): follow crates.io GPUI source cutover
ce06534be6896c5f5b6a99c98ea4528c8d1b8e82	493d1ddadef43e7c761a78721d59c078c6ac1a9f	2026-09-21T08:08:10Z	2026-09-21T08:08:10Z	true	fix(nix): decouple live GUI runtime from tooling shells
d55eb9cc62651e35d9aa35d13ac3c17b92222a55	ce06534be6896c5f5b6a99c98ea4528c8d1b8e82	2026-09-21T08:07:41Z	2026-09-21T08:19:34Z	true	fix(desktop): make motion and transient focus deterministic
c99ca475ad4c7cc43bb466253b473f13c68bfc40	d55eb9cc62651e35d9aa35d13ac3c17b92222a55	2026-09-21T08:20:40Z	2026-09-21T08:20:40Z	true	perf(nix): keep control binary out of edit loop
933df1c03484d50117ed16672962c58f0070eb3c	c99ca475ad4c7cc43bb466253b473f13c68bfc40	2026-09-21T08:26:45Z	2026-09-21T08:26:45Z	true	fix(desktop): normalize interaction test dependency lock
c380a337a1abf21c380fea4a8b52ce6abfe4e585	933df1c03484d50117ed16672962c58f0070eb3c	2026-09-21T07:54:58Z	2026-09-21T08:28:43Z	true	registry: implement official live protocol phases
9ca6cf79fa59f9a47de800bac71894f796163f36	c380a337a1abf21c380fea4a8b52ce6abfe4e585	2026-09-21T08:44:20Z	2026-09-21T08:44:20Z	true	feat(desktop): unify CE components with deterministic interaction
d10dd4d83ab37a0920b31599f951f29e622114e4	9ca6cf79fa59f9a47de800bac71894f796163f36	2026-09-21T08:34:14Z	2026-09-21T08:46:28Z	true	Bound CLI and MCP typed projections
01cc407b2b2879209812ca8728f9c67d0c3c57a8	d10dd4d83ab37a0920b31599f951f29e622114e4	2026-09-21T08:42:25Z	2026-09-21T08:46:28Z	true	test(mcp): harden continuation authority boundaries
7c6a8667100644b0de07333191833a9eb427f785	01cc407b2b2879209812ca8728f9c67d0c3c57a8	2026-09-21T07:29:49Z	2026-09-21T08:50:39Z	true	feat(desktop): add live rich IR graph explorer
e2ba16b556e96fec4d53bc46aa44b20b6727ad4d	7c6a8667100644b0de07333191833a9eb427f785	2026-09-21T08:50:15Z	2026-09-21T08:52:16Z	true	fix(desktop): complete CE semantic state contract
66faf3bfd39d00e2a6c2b4ddf6fd97f3018b4992	e2ba16b556e96fec4d53bc46aa44b20b6727ad4d	2026-09-21T08:56:59Z	2026-09-21T08:56:59Z	true	fix(desktop): preserve CE graph accessibility labels
5bba38cbfbeea74afde535f4ebac55f4b60c2fea	66faf3bfd39d00e2a6c2b4ddf6fd97f3018b4992	2026-09-21T06:56:33Z	2026-09-21T08:58:57Z	true	feat(gui): add deterministic gpui screenshot harness
03345c229bef9f81676a3fc1b4cde02f4a8c5a63	5bba38cbfbeea74afde535f4ebac55f4b60c2fea	2026-09-21T08:55:35Z	2026-09-21T08:59:55Z	true	feat(gui-harness): verify live production journeys
5b4d066cbd4a6753cea821bf6293cea880fb7166	03345c229bef9f81676a3fc1b4cde02f4a8c5a63	2026-09-21T09:04:41Z	2026-09-21T09:04:41Z	true	fix(gui-harness): initialize CE production input path
2d15d02da501c51f37617716c16cf5f071c5deda	5b4d066cbd4a6753cea821bf6293cea880fb7166	2026-09-21T09:06:56Z	2026-09-21T09:06:56Z	true	fix(gui-harness): normalize CE dependency lock
e6f57a8028012f83e1a3c4f596e211cb7cf25f50	2d15d02da501c51f37617716c16cf5f071c5deda	2026-09-21T07:25:45Z	2026-09-21T09:08:47Z	true	feat(desktop): deepen reader source and context surfaces
010d6bd01c7762370c075bc8e201247675c290d2	e6f57a8028012f83e1a3c4f596e211cb7cf25f50	2026-09-21T08:37:45Z	2026-09-21T09:10:25Z	true	feat(desktop): unify reader routes and preserve source anchors
af6f5dbfca96c6cd6bdef4055c4adf8c94db31c9	010d6bd01c7762370c075bc8e201247675c290d2	2026-09-21T09:07:06Z	2026-09-21T09:10:30Z	true	fix(desktop): tighten graph delta and hit-test contracts
75a52efacf619e4c85cb9833d02e09c1f29326da	af6f5dbfca96c6cd6bdef4055c4adf8c94db31c9	2026-09-21T09:12:05Z	2026-09-21T09:12:05Z	true	fix(desktop): compose reader graph and harness state
06bd4c383c319765d71386bca4fd930e3510e6da	75a52efacf619e4c85cb9833d02e09c1f29326da	2026-09-21T09:46:22Z	2026-09-21T09:46:22Z	true	fix(gui-harness): render CE controls headlessly
65af488ea9e49c5017c0376de33a1140ba7a429b	06bd4c383c319765d71386bca4fd930e3510e6da	2026-09-21T09:29:20Z	2026-09-21T09:46:46Z	true	test(gui): make reduced motion journey truthful
ffedba8c7e7328b4567aa5ac04f9324a67bfcf1a	65af488ea9e49c5017c0376de33a1140ba7a429b	2026-09-21T09:36:45Z	2026-09-21T09:46:46Z	true	test(gui): keep state catalog route-valid
519365615fa37c9a9fd49415776c484105100437	ffedba8c7e7328b4567aa5ac04f9324a67bfcf1a	2026-09-21T09:46:27Z	2026-09-21T09:48:40Z	true	test(gui): pin live revisions in capture manifests
a5ed9bb51a116f2d1948b9d9c4cbb893115d97ff	519365615fa37c9a9fd49415776c484105100437	2026-09-21T09:54:14Z	2026-09-21T09:54:14Z	true	test(gui): capture arbitrary reference viewports
d97bde27a05f7aac86c7736fae761a274953fe56	a5ed9bb51a116f2d1948b9d9c4cbb893115d97ff	2026-09-21T09:32:26Z	2026-09-21T10:01:59Z	true	test: add live registry product journeys
ce62bab924276efdd6111ae8b2e590c04bd99c42	d97bde27a05f7aac86c7736fae761a274953fe56	2026-09-21T10:02:55Z	2026-09-21T10:06:54Z	true	feat(engine): add typed advisory policy frontier
f802e465495d41250e316ae884aba9512ec15a99	ce62bab924276efdd6111ae8b2e590c04bd99c42	2026-09-21T10:22:11Z	2026-09-21T10:23:24Z	true	test(mcp): verify typed payload token budgets
0ff1f3be757ff7d78447b52759bfaee572bc3f15	f802e465495d41250e316ae884aba9512ec15a99	2026-09-21T10:25:04Z	2026-09-21T10:26:05Z	true	fix(gui-harness): normalize capture geometry and filters
320156ed4320f2cbb49adddd15fce0a96114f372	0ff1f3be757ff7d78447b52759bfaee572bc3f15	2026-09-21T10:32:50Z	2026-09-21T10:52:10Z	true	feat(gui): finish package information view
3233c273a6be311e0b8d500ebde2876e7273200e	320156ed4320f2cbb49adddd15fce0a96114f372	2026-09-21T09:26:26Z	2026-09-21T11:03:45Z	true	feat(acquisition): add versioned source coordination core
9180b97416d7bb8bcca20227fab988ffd1dd92dc	3233c273a6be311e0b8d500ebde2876e7273200e	2026-09-21T11:03:29Z	2026-09-21T11:03:45Z	true	feat(acquisition): unify registry effects with versioned deltas
6524d8e6b172c32c0796cb62eaa9f85058283cb2	9180b97416d7bb8bcca20227fab988ffd1dd92dc	2026-09-21T11:05:42Z	2026-09-21T11:06:03Z	true	feat(registry): complete native live acquisition paths
82c212d9695a123283c5a737f391766b85c427c4	6524d8e6b172c32c0796cb62eaa9f85058283cb2	2026-09-21T11:00:14Z	2026-09-21T11:06:26Z	true	feat: wire typed advisory surface
ad4c7eef77c2ed8ccbacf44ccd7b7a4df4768c7b	82c212d9695a123283c5a737f391766b85c427c4	2026-09-21T11:04:34Z	2026-09-21T11:09:23Z	true	test(performance): add integrated production benchmark runner
5e11ab0e2c0307bbb1439301f322e586246f542b	ad4c7eef77c2ed8ccbacf44ccd7b7a4df4768c7b	2026-09-21T11:07:03Z	2026-09-21T11:09:23Z	true	test(performance): clarify resource and catalog phases
ba0f53c9f226278c518941511d9d765c1a7acd08	5e11ab0e2c0307bbb1439301f322e586246f542b	2026-09-21T11:10:35Z	2026-09-21T11:10:35Z	true	fix(acquisition): classify advisory policy denials
e7aeabfb1bd9f465a16bd920657e50742fe20bfc	ba0f53c9f226278c518941511d9d765c1a7acd08	2026-09-21T11:18:43Z	2026-09-21T11:18:43Z	true	fix(advisory): keep unknown coverage nonblocking
886c114bf25f4598d00de40144a670e26c5b65a9	e7aeabfb1bd9f465a16bd920657e50742fe20bfc	2026-09-21T11:32:02Z	2026-09-21T11:32:02Z	true	test(performance): measure acquisition singleflight
1cd8d9a871a4b8980870ca01118a733e7522b688	886c114bf25f4598d00de40144a670e26c5b65a9	2026-09-21T11:34:11Z	2026-09-21T11:34:11Z	true	docs(performance): document singleflight evidence
729fed999158daa42d98e6d36f4f94b4453e1d70	1cd8d9a871a4b8980870ca01118a733e7522b688	2026-09-21T12:06:43Z	2026-09-21T12:07:09Z	true	perf(acquisition): cache catalog roots and merge sparse deltas
e38bb2e8a5e70a1e7312ed2b19aa0ce031da3d4a	729fed999158daa42d98e6d36f4f94b4453e1d70	2026-09-21T12:11:33Z	2026-09-21T12:16:27Z	true	feat(acquisition): refresh mutable registry facts
43b3a5c394d5a9d5d8e1a88ef7aaabac5a1c268d	e38bb2e8a5e70a1e7312ed2b19aa0ce031da3d4a	2026-09-21T12:15:34Z	2026-09-21T12:23:38Z	true	test(performance): enforce truthful promotion gate
f428d2a57e8f912a16017e1360fc94b87b67b2e4	43b3a5c394d5a9d5d8e1a88ef7aaabac5a1c268d	2026-09-21T12:30:05Z	2026-09-21T12:30:05Z	true	fix(acquisition): preserve refresh invariants after catalog merge
5155185437b044b0018607311fcfe769cad49e8a	f428d2a57e8f912a16017e1360fc94b87b67b2e4	2026-09-21T12:21:39Z	2026-09-21T12:30:17Z	true	Add versioned package dependency graph surfaces
fb2a98945b77b97ce85110249d470906dcc8cb33	5155185437b044b0018607311fcfe769cad49e8a	2026-09-21T12:19:32Z	2026-09-21T12:33:55Z	true	feat(advisory): compose durable live authority frontiers
7382b0f0a62eafe6951bd68e2a5fcd789226f5ef	fb2a98945b77b97ce85110249d470906dcc8cb33	2026-09-21T12:14:18Z	2026-09-21T12:34:45Z	true	feat(gui): make package routes typed and accessible
37005925ca85e6466c8ac8ad7208abd6a1f27c7a	7382b0f0a62eafe6951bd68e2a5fcd789226f5ef	2026-09-21T12:16:51Z	2026-09-21T12:34:59Z	true	fix(gui-harness): gate captures on rendered evidence
e8faab5937f1b80069572a7e5c414a9196374b97	37005925ca85e6466c8ac8ad7208abd6a1f27c7a	2026-09-21T12:38:34Z	2026-09-21T12:38:34Z	true	fix(registry): carry dependency facts through cached refreshes
0e625657c3c73ba19f970fc900fa072506935f9c	e8faab5937f1b80069572a7e5c414a9196374b97	2026-09-21T12:44:34Z	2026-09-21T12:44:34Z	true	fix(nix): attest vendored GPUI component source
a1d1ca28a1777645320db70d5c96eef65ee95368	0e625657c3c73ba19f970fc900fa072506935f9c	2026-09-21T13:03:13Z	2026-09-21T13:03:13Z	true	fix(acquisition): bound epoch-sensitive fact observations
0823b12b9fe99516de4170e5caba71d02f85ae14	a1d1ca28a1777645320db70d5c96eef65ee95368	2026-09-21T14:02:29Z	2026-09-21T14:02:29Z	true	docs: reconcile live workspace capabilities
71779baa72d5d8f8693080fb025c9b89a1b8b33f	0823b12b9fe99516de4170e5caba71d02f85ae14	2026-09-21T16:33:38Z	2026-09-21T16:35:22Z	true	feat(gui): certify typed routes and physical captures
c21c8ce59412b67732b5a6b4202296415f1c3dfe	71779baa72d5d8f8693080fb025c9b89a1b8b33f	2026-09-21T16:35:15Z	2026-09-21T16:35:23Z	true	fix(surfaces): bound replies and harden restart recovery
f9918a47fad6f551f2998fcd4a7de83c2408fcc9	c21c8ce59412b67732b5a6b4202296415f1c3dfe	2026-09-21T17:18:02Z	2026-09-21T17:21:18Z	true	fix(nix): isolate lightweight Luna tool closure
b1ece0b80b01623d169433c55404a533ccd55f7a	f9918a47fad6f551f2998fcd4a7de83c2408fcc9	2026-09-21T17:35:28Z	2026-09-21T17:35:28Z	true	fix(client): reconnect after stale macOS socket leases
dc45771cfd25c41a08942ffe67d814a400fc7b00	b1ece0b80b01623d169433c55404a533ccd55f7a	2026-09-21T17:40:00Z	2026-09-21T17:40:00Z	true	docs(nix): keep shell input scoped to tracked workspace
a8d332f1fc8c6452bb644c994ebea55d295cc984	dc45771cfd25c41a08942ffe67d814a400fc7b00	2026-09-21T18:12:10Z	2026-09-21T18:12:17Z	true	fix(mcp): return useful document projections by default
c1a150f1666146a5ec04ea5e4577b61e69cb9ba4	a8d332f1fc8c6452bb644c994ebea55d295cc984	2026-09-21T18:06:18Z	2026-09-21T18:12:39Z	true	fix(discovery): unify ignore-aware source selection
d4dd47bb34598ec719ffc0c2411437e829e89519	c1a150f1666146a5ec04ea5e4577b61e69cb9ba4	2026-09-21T18:12:35Z	2026-09-21T18:14:27Z	true	fix MCP reconnect and portable local sockets
ee889784a0ed0d8befa757282b810d1f983b2e9d	d4dd47bb34598ec719ffc0c2411437e829e89519	2026-09-21T18:13:15Z	2026-09-21T18:14:35Z	true	fix(identity): persist canonical row preimages across reload
db7a9496e583ef57252d9a0b89908a62a5f972e7	ee889784a0ed0d8befa757282b810d1f983b2e9d	2026-09-21T18:22:18Z	2026-09-21T18:22:18Z	true	fix(client): ignore row identity claims for cursors
8d4a64bf5cf7f974df24cdb58f1df3750bfe9825	db7a9496e583ef57252d9a0b89908a62a5f972e7	2026-09-21T18:16:24Z	2026-09-21T18:22:18Z	true	test(discovery): cover generated defaults and missing roots
0068ab3f1d6742b54d8d54f3c00106cc40e7aaf3	8d4a64bf5cf7f974df24cdb58f1df3750bfe9825	2026-09-21T18:20:24Z	2026-09-21T18:22:18Z	true	fix(discovery): reopen literal generated directories
e7df8a1fe0e075c8469dfe4b94f2a1b1d53c91ec	0068ab3f1d6742b54d8d54f3c00106cc40e7aaf3	2026-09-21T18:20:59Z	2026-09-21T18:27:06Z	true	fix windows platform compile seams
93c6a1a52a568bb912910d11a4c256b3c96556ac	e7df8a1fe0e075c8469dfe4b94f2a1b1d53c91ec	2026-09-21T18:23:57Z	2026-09-21T18:27:06Z	true	test: gate unix-only fixtures on windows
96ca5d9be8a2812be2ca5e4379351112a7947858	93c6a1a52a568bb912910d11a4c256b3c96556ac	2026-09-21T18:25:52Z	2026-09-21T18:27:06Z	true	Make GUI harness wait for live route readiness
166043f053f78bf62b0a8826c14bdf01f119b2b6	96ca5d9be8a2812be2ca5e4379351112a7947858	2026-09-21T18:31:57Z	2026-09-21T18:32:40Z	true	test(identity): cover bounded reload witnesses
dd744d3f16664772f13707eb2ddbeb78e151dd45	166043f053f78bf62b0a8826c14bdf01f119b2b6	2026-09-21T18:31:29Z	2026-09-21T18:32:40Z	true	test(journeys): add polyglot surface matrix
16112cb18906a44d0a7cf7b9b281d6865583b02c	dd744d3f16664772f13707eb2ddbeb78e151dd45	2026-09-21T18:32:49Z	2026-09-21T18:32:49Z	true	test(journeys): avoid busy waits in surface matrix
6621d6726681566aa6a1ca813f3534fa430e387f	16112cb18906a44d0a7cf7b9b281d6865583b02c	2026-09-21T18:36:09Z	2026-09-21T18:37:12Z	true	feat(gui): add durable shelf and guided local onboarding
077438001b2b01695aaaac612b9d11b4081e3701	6621d6726681566aa6a1ca813f3534fa430e387f	2026-09-21T18:37:33Z	2026-09-21T18:37:33Z	true	fix(gui): compose onboarding and live readiness harnesses
468654f858e227974406bb17cc6ada28af0b01d3	077438001b2b01695aaaac612b9d11b4081e3701	2026-09-21T18:36:16Z	2026-09-21T18:37:39Z	true	fix(registry): scope credentials and reuse cached releases
c4cb80da8ea0d4bb3885d1e59a6c346574a5a481	468654f858e227974406bb17cc6ada28af0b01d3	2026-09-21T18:45:28Z	2026-09-21T18:50:03Z	true	Stress native registry cache and failure paths
5f9f767b7ed3ed13b7a9d5d360aa58c16b4404d4	c4cb80da8ea0d4bb3885d1e59a6c346574a5a481	2026-09-21T18:50:18Z	2026-09-21T18:52:31Z	true	feat(advisory): harden multi-authority frontier ingestion
34d2eae0a33addb8441c1dbde9e9804f0ddf4c96	5f9f767b7ed3ed13b7a9d5d360aa58c16b4404d4	2026-09-21T18:52:38Z	2026-09-21T18:53:15Z	true	feat(registry): harden Go proxy and Conan manifests
ae7db35d32e91761a604d88e97381cac1493f228	34d2eae0a33addb8441c1dbde9e9804f0ddf4c96	2026-09-21T18:55:28Z	2026-09-21T18:55:49Z	true	fix(semantic): retain exact local publication generations
af861656b0a46221db7bb90b7f8caec88f31f70a	ae7db35d32e91761a604d88e97381cac1493f228	2026-09-21T18:56:51Z	2026-09-21T18:57:29Z	true	feat(acquisition): add resumable content addressed object core
85215911490c83d3ca5f0cdcda6c78bb761fcf77	af861656b0a46221db7bb90b7f8caec88f31f70a	2026-09-21T18:57:13Z	2026-09-21T18:59:42Z	true	feat(registry): retain native release metadata
c5c4a13dbb73fb3da82b21eae45f2e87c6658345	85215911490c83d3ca5f0cdcda6c78bb761fcf77	2026-09-21T19:00:27Z	2026-09-21T19:00:27Z	true	feat(registry): expose native package facts
2da1c43e8fea85a6f4d8cc99cb66451be9477c6b	c5c4a13dbb73fb3da82b21eae45f2e87c6658345	2026-09-21T19:01:33Z	2026-09-21T19:04:02Z	true	feat(engine): add native Maven and NuGet acquisition
a0fc8af9ee5f66806d488eb4d81bb5a8f6bb8da8	2da1c43e8fea85a6f4d8cc99cb66451be9477c6b	2026-09-21T19:02:48Z	2026-09-21T19:04:09Z	true	Fix concurrent immutable object cleanup
22ca19ceabf8730106dd30a424b674a5dccafb63	a0fc8af9ee5f66806d488eb4d81bb5a8f6bb8da8	2026-09-21T19:41:31Z	2026-09-21T19:46:50Z	true	feat(acquisition): converge registry publication on shared CAS
0f58321f56b876640cbe27880ed19fdaeef8e608	22ca19ceabf8730106dd30a424b674a5dccafb63	2026-09-21T20:02:55Z	2026-09-21T20:02:55Z	true	fix(nix): make luna shell self-contained
100a86f740abb38d1f53d3e0d82b3941643f7dfd	0f58321f56b876640cbe27880ed19fdaeef8e608	2026-09-21T20:05:45Z	2026-09-21T20:06:43Z	true	fix(gui): make onboarding add flow remount-safe
f4294fa54b55c75d22332e2aaf6e196c580bf447	100a86f740abb38d1f53d3e0d82b3941643f7dfd	2026-09-21T20:36:46Z	2026-09-21T20:36:46Z	true	fix(nix): make luna closure gate authoritative
fed8470ad81de74c6bd87fb4979cfee76e2c1692	f4294fa54b55c75d22332e2aaf6e196c580bf447	2026-09-21T21:12:11Z	2026-09-21T21:16:32Z	true	build(nix): share parallel cargo artifacts without lock stalls
b6a0f021cbdb024d4d0c4ab3f4b5f13d060bf57f	fed8470ad81de74c6bd87fb4979cfee76e2c1692	2026-09-21T20:48:57Z	2026-09-21T21:17:48Z	true	feat(registry): add zero-config multi-source routing
83693ed59ac9c0f47682bb07dc0881ee0b2d0e09	b6a0f021cbdb024d4d0c4ab3f4b5f13d060bf57f	2026-09-21T21:00:02Z	2026-09-21T21:17:54Z	true	feat(acquisition): resume authenticated HTTP archive transfers
f34a815a6f46af41338e020df5a267fa5875f7c7	83693ed59ac9c0f47682bb07dc0881ee0b2d0e09	2026-09-21T21:07:18Z	2026-09-21T21:24:24Z	true	feat(desktop): replace shell state with versioned runtime architecture
4c8fd9edaa3ac9b5751a1b5b80ba20078e1e896c	f34a815a6f46af41338e020df5a267fa5875f7c7	2026-09-21T20:53:19Z	2026-09-21T21:24:35Z	true	fix: bound complete CLI and MCP responses
445c0e7b27d555b858acd6ffa8fd2a9331c68867	4c8fd9edaa3ac9b5751a1b5b80ba20078e1e896c	2026-09-21T18:12:35Z	2026-09-21T21:25:27Z	true	fix MCP reconnect and portable local sockets
637667189d3e32b9e7908bdc9a77095ddd208f12	445c0e7b27d555b858acd6ffa8fd2a9331c68867	2026-09-21T20:46:53Z	2026-09-21T21:26:13Z	true	test(performance): add index pipeline benchmark lanes
7290843f8ec40713e2d0153ab126f22cb3f327f4	637667189d3e32b9e7908bdc9a77095ddd208f12	2026-09-21T21:08:51Z	2026-09-21T21:26:47Z	true	feat(gui): align facet design system and capture harness
666fa8080f6e64991defd183dbd80009db8d7575	7290843f8ec40713e2d0153ab126f22cb3f327f4	2026-09-21T20:48:01Z	2026-09-21T21:27:38Z	true	feat(registry): carry typed download coverage
d2995ad5ae0ef0bee0f92fdae2b2187a1c135528	666fa8080f6e64991defd183dbd80009db8d7575	2026-09-21T20:49:30Z	2026-09-21T21:29:07Z	true	refactor(desktop): project registry facts without samples
99c4d0ede34f69f3f4d3406c1c31b58574dbdba2	d2995ad5ae0ef0bee0f92fdae2b2187a1c135528	2026-09-21T21:28:08Z	2026-09-21T21:32:55Z	true	Add first-class forge source acquisition
c2b13c38f7619ce3de4d762bc6aeb2509ddfb3ab	99c4d0ede34f69f3f4d3406c1c31b58574dbdba2	2026-09-21T21:37:35Z	2026-09-21T21:37:35Z	true	build: use all CPUs across shared cargo lanes
5622191b5a40f561709ecc13e8633753520c9782	c2b13c38f7619ce3de4d762bc6aeb2509ddfb3ab	2026-09-21T21:54:58Z	2026-09-21T21:54:58Z	true	fix(client): remove duplicated reconnect classifiers
a6c92aed874b349cd121d3fbb20ed88d7f21fdd0	5622191b5a40f561709ecc13e8633753520c9782	2026-09-21T21:57:13Z	2026-09-21T21:57:13Z	true	docs(build): avoid dirty path snapshots in agent shells
0fe1c84152ecd6ce46d34a490b6d4c6e40706b4a	a6c92aed874b349cd121d3fbb20ed88d7f21fdd0	2026-09-21T22:02:40Z	2026-09-21T22:02:40Z	true	build: bound overflow cargo storage
5eb5c77e27d7709d240ea1e295e757b4357994c3	0fe1c84152ecd6ce46d34a490b6d4c6e40706b4a	2026-09-21T21:53:33Z	2026-09-21T22:05:42Z	true	test(gui): add design contract and rendered evidence gate
b30ff37414713fd301cd952ea33029ada6a92dd2	5eb5c77e27d7709d240ea1e295e757b4357994c3	2026-09-21T22:10:11Z	2026-09-21T22:11:02Z	true	fix(turso): serialize versioned projection writers
c5d9f50152ec2575df4996dda9ee45f7558dbe23	b30ff37414713fd301cd952ea33029ada6a92dd2	2026-09-21T22:05:30Z	2026-09-21T22:16:41Z	true	Carry native registry metadata through publication surfaces
7650c1a70eeed0db099e5b6591b3487f5f5ec0c9	c5d9f50152ec2575df4996dda9ee45f7558dbe23	2026-09-21T22:19:46Z	2026-09-21T22:21:24Z	true	feat(graph): add versioned rich IR graph contract
39e5b0a2563ec55d98d1a617070b831921d86476	7650c1a70eeed0db099e5b6591b3487f5f5ec0c9	2026-09-21T22:24:26Z	2026-09-21T22:25:00Z	true	refactor(engine): split forge acquisition boundaries
551ec662bf5aab40831b54e74e4613fdad9955d6	39e5b0a2563ec55d98d1a617070b831921d86476	2026-09-21T22:29:12Z	2026-09-21T22:29:32Z	true	fix(engine): expose forge seams to sibling modules
000121329712d242654ae39d0c55e235bd856967	551ec662bf5aab40831b54e74e4613fdad9955d6	2026-09-21T22:26:35Z	2026-09-21T22:29:40Z	true	refactor(turso): split projection boundary into cohesive modules
adeb969d7a2ef808dc98739dfd883ffacb531e6c	000121329712d242654ae39d0c55e235bd856967	2026-09-21T22:33:10Z	2026-09-21T22:33:25Z	true	refactor(graph): split rich IR contract into modules
0d0cdc6a43d577e6cf7cfaab0962151d8e0e3fb1	adeb969d7a2ef808dc98739dfd883ffacb531e6c	2026-09-21T22:25:17Z	2026-09-21T22:36:31Z	true	docs(benchmark): record backend_1 comparison limits
f49de7e4f1a763efc57970a2094ac38e2612d3c8	0d0cdc6a43d577e6cf7cfaab0962151d8e0e3fb1	2026-09-21T22:35:47Z	2026-09-21T22:36:31Z	true	docs(benchmark): record isolated old replay
d36d0e40c1d338d0f380311060cc1e326f3d6f74	f49de7e4f1a763efc57970a2094ac38e2612d3c8	2026-09-21T22:45:42Z	2026-09-21T22:45:42Z	true	fix(graph): preserve split module dependencies
394a7a342b8bd2f94f220a9deb0abcaf2bc7ba11	d36d0e40c1d338d0f380311060cc1e326f3d6f74	2026-09-21T22:14:20Z	2026-09-21T22:45:49Z	true	test(journeys): add cold restart persistence harness
ba40264f3e7041ce589a63940b8a5ee28ecc3e99	394a7a342b8bd2f94f220a9deb0abcaf2bc7ba11	2026-09-21T22:50:28Z	2026-09-21T22:50:28Z	true	feat(desktop): cut over to one versioned GPUI owner
6aee35e01853bc4ac49dfb2ef6564359b82575ef	ba40264f3e7041ce589a63940b8a5ee28ecc3e99	2026-09-21T22:51:39Z	2026-09-21T22:51:39Z	true	fix(gui-harness): align conformance theme names
f970190a9b4a98f5f5f7ce528c5915b2e15598b8	6aee35e01853bc4ac49dfb2ef6564359b82575ef	2026-09-21T22:51:07Z	2026-09-21T22:51:39Z	true	refactor(library): split native registry contract modules
fe31809095cea1d1dfc5640d1c4ab336f4fabad6	f970190a9b4a98f5f5f7ce528c5915b2e15598b8	2026-09-21T22:14:20Z	2026-09-21T22:59:16Z	true	test(journeys): add cold restart persistence harness
b15d0d10e8887d93034cf4394ddec70c05f2822e	fe31809095cea1d1dfc5640d1c4ab336f4fabad6	2026-09-21T22:54:38Z	2026-09-21T23:00:38Z	true	build: coalesce Cargo lanes by worktree affinity
a171280a73c4eba710c776ea3258475a011ff373	b15d0d10e8887d93034cf4394ddec70c05f2822e	2026-09-21T23:01:20Z	2026-09-21T23:01:20Z	true	fix(build): close cargo lease signal windows
e8dc3411f02b7ca8c4e1702aba3ff7e320a8265d	a171280a73c4eba710c776ea3258475a011ff373	2026-09-21T23:02:55Z	2026-09-21T23:02:55Z	true	fix(build): mark trap-only shell functions
174b5db8ac782d4fc3bdbbcf404d655a889c5928	e8dc3411f02b7ca8c4e1702aba3ff7e320a8265d	2026-09-22T00:16:42Z	2026-09-22T00:16:42Z	true	fix(registry): surface native metadata admission errors
1055f469488162edca9b10c03d2145fe1167a0c7	174b5db8ac782d4fc3bdbbcf404d655a889c5928	2026-09-22T00:57:22Z	2026-09-22T00:57:22Z	true	build: enforce a hard compiler lane ceiling
b858566c18563164968ad5e155d3c592afc77a06	1055f469488162edca9b10c03d2145fe1167a0c7	2026-09-22T02:14:24Z	2026-09-22T02:18:30Z	true	Unify admitted graph query inputs and MCP budgets
dec7cc3c33bd11ad1003d2b2113fb4cf1dcdac70	b858566c18563164968ad5e155d3c592afc77a06	2026-09-22T01:52:40Z	2026-09-22T02:30:34Z	true	fix: close structural graph parent identities
71f4751d75f40f497509b2c520f68e3056e61cd3	dec7cc3c33bd11ad1003d2b2113fb4cf1dcdac70	2026-09-22T02:11:45Z	2026-09-22T02:30:34Z	true	fix: reuse lane-aware structural graph plan
58de4e4e6ee9f2d523986c5187b8a7e576fe2279	71f4751d75f40f497509b2c520f68e3056e61cd3	2026-09-22T01:32:57Z	2026-09-22T02:34:43Z	true	audit: record per-frame viewport evidence
89d606b0933d12a3a63af0aeebab712932adea1b	58de4e4e6ee9f2d523986c5187b8a7e576fe2279	2026-09-22T02:32:45Z	2026-09-22T02:34:43Z	true	docs: record v8 GUI integration audit
774c3678a7b27da14e588c4d14ed39973f6c1e24	89d606b0933d12a3a63af0aeebab712932adea1b	2026-09-22T02:48:41Z	2026-09-22T02:48:41Z	true	test(gui): serialize native headless contexts
df631e7a6643e5a68ab8e104fbeab883dd1bca7a	774c3678a7b27da14e588c4d14ed39973f6c1e24	2026-09-22T02:56:30Z	2026-09-22T02:59:15Z	true	fix MCP reconnect and admission seams
0bfcb69e357450a906c6cb38def58ae4b4109898	df631e7a6643e5a68ab8e104fbeab883dd1bca7a	2026-09-22T03:05:44Z	2026-09-22T03:06:14Z	true	docs: add reference component spec v8
14bf85043d284e72791bb348b5adba7f8ac845ed	0bfcb69e357450a906c6cb38def58ae4b4109898	2026-09-22T03:08:36Z	2026-09-22T03:08:36Z	true	fix(mcp): expose reconnect endpoint within transport
75a60aa7a5c37835963826aae111ac1cfa4d4e98	14bf85043d284e72791bb348b5adba7f8ac845ed	2026-09-22T03:12:00Z	2026-09-22T03:12:00Z	true	fix(mcp): keep the canonical tool table within budget
f0b08c7de7ccb43d0e371bf2dfcf7f30c04643f9	75a60aa7a5c37835963826aae111ac1cfa4d4e98	2026-09-22T02:45:29Z	2026-09-22T03:12:30Z	true	Wire measured GPUI accessibility evidence
bf4abc6dc684756ffdb45c4fa3184447a742249e	f0b08c7de7ccb43d0e371bf2dfcf7f30c04643f9	2026-09-22T03:18:38Z	2026-09-22T03:21:53Z	true	test(gui): isolate modal focus escape invariant
127604a6728d5efc6230078cfba841c45f627d81	bf4abc6dc684756ffdb45c4fa3184447a742249e	2026-09-22T03:13:16Z	2026-09-22T03:24:54Z	true	perf: persist registry facts and forge lineage deltas
0f392d665efd751694b6d2eb9ef7d2d84d351181	127604a6728d5efc6230078cfba841c45f627d81	2026-09-22T03:37:08Z	2026-09-22T03:50:56Z	true	feat: expose gpui text selection protocol
14db86036ab0d397c56c7c8c84cf359f5a626d73	0f392d665efd751694b6d2eb9ef7d2d84d351181	2026-09-22T03:47:45Z	2026-09-22T03:50:56Z	true	docs: audit gpui component reuse v9
bb3904cecb0a69c84c7a509b2ed59904bdb2a566	14db86036ab0d397c56c7c8c84cf359f5a626d73	2026-09-22T03:01:02Z	2026-09-22T03:51:28Z	true	feat(gui): add deterministic motion focus and capture harness
b6257a24a281dcf6e68dd8c4df503a4d40bf3bac	bb3904cecb0a69c84c7a509b2ed59904bdb2a566	2026-09-22T03:56:32Z	2026-09-22T03:56:32Z	true	fix(index): preserve bounded registry admission contracts
553eaf5dd77480e2a19ad6cdaa34d6a6f341b2dc	b6257a24a281dcf6e68dd8c4df503a4d40bf3bac	2026-09-22T03:56:32Z	2026-09-22T03:56:32Z	true	perf(gui): reuse focus interner storage
1f572f4f474dd667e42fb91ebd78ac2646fb0238	553eaf5dd77480e2a19ad6cdaa34d6a6f341b2dc	2026-09-22T03:57:57Z	2026-09-22T04:00:21Z	true	docs: add testing and cutover research audit v10
d221a3d86bb8d1a09427663fa81077012fad3288	1f572f4f474dd667e42fb91ebd78ac2646fb0238	2026-09-22T04:01:29Z	2026-09-22T04:01:29Z	true	docs(build): align bounded cargo lane policy
46860dafb67946408e891da1b56fdbb12ccf0ccb	d221a3d86bb8d1a09427663fa81077012fad3288	2026-09-22T04:11:21Z	2026-09-22T04:11:21Z	true	test(gui): expose focus reconciliation within components
e66ba1f587fc0c9f77f1046f66c5c7ccd8f7d01d	46860dafb67946408e891da1b56fdbb12ccf0ccb	2026-09-22T04:13:05Z	2026-09-22T04:13:17Z	true	fix(gui): preserve modal focus and retarget timing
ae44660884927f40e8582a238bdb171afe09b1e5	e66ba1f587fc0c9f77f1046f66c5c7ccd8f7d01d	2026-09-22T04:17:02Z	2026-09-22T04:17:02Z	true	test(gui): use linear baseline for retarget regression
f701e4d67f8fe79e00527dea6aa32d0579077625	ae44660884927f40e8582a238bdb171afe09b1e5	2026-09-22T04:26:54Z	2026-09-22T04:26:54Z	true	fix(gui): recover persisted state across cold starts
86b456521f07d58589a4d0411dc9230bed68f811	f701e4d67f8fe79e00527dea6aa32d0579077625	2026-09-22T04:06:32Z	2026-09-22T04:27:11Z	true	feat(gui): add canonical responsive shell resolver
f4fc7e8baadf53f4e83453aca8019f168fd7c0df	86b456521f07d58589a4d0411dc9230bed68f811	2026-09-22T04:35:00Z	2026-09-22T04:35:00Z	true	fix(gui): keep responsive sheets component-owned
ade6d7d13f52099a7145887a6ea5385a3bee974e	f4fc7e8baadf53f4e83453aca8019f168fd7c0df	2026-09-22T04:24:29Z	2026-09-22T04:35:15Z	true	fix(gui): drive CE IME composition with evidence
66043b7d796c1faef6cdd2bd7bed60401fc9d518	ade6d7d13f52099a7145887a6ea5385a3bee974e	2026-09-22T04:42:21Z	2026-09-22T04:42:21Z	true	fix(gui): verify headless ime cancellation
c825eeb43e7712a9dc62e2e81bd57d82f08f0d03	66043b7d796c1faef6cdd2bd7bed60401fc9d518	2026-09-22T05:00:38Z	2026-09-22T05:00:38Z	true	fix(state): unify durable atomic publication
c041b3f77a2e12c6191db29d2d4b45fff8cd4b3b	c825eeb43e7712a9dc62e2e81bd57d82f08f0d03	2026-09-22T04:34:50Z	2026-09-22T05:00:49Z	true	docs(review): record historical backend parity v10
24b0a240ca9fc528ffbaa340b205eea11e609a3b	c041b3f77a2e12c6191db29d2d4b45fff8cd4b3b	2026-09-22T08:17:29Z	2026-09-22T08:17:29Z	true	fix(flow): make demand lease generations checked
2bfbf66fed0937baf9bf5def02c8ea80f0be4e67	24b0a240ca9fc528ffbaa340b205eea11e609a3b	2026-09-22T11:16:38Z	2026-09-22T11:16:38Z	true	refactor(client): own proof-bearing local subscriptions
09978e24138cdbaefc296ad40eb20d56f47d07df	2bfbf66fed0937baf9bf5def02c8ea80f0be4e67	2026-09-22T11:17:32Z	2026-09-22T11:17:32Z	true	test(gui): exercise versioned product journeys
518abcfae1e72e8b4c30568468d6f223e10ac159	09978e24138cdbaefc296ad40eb20d56f47d07df	2026-09-22T03:52:38Z	2026-09-22T11:18:38Z	true	feat(desktop): add local-first onboarding and project shelf
fcabf4c56203f4323b4b9a08f65a3250adb7ae7f	518abcfae1e72e8b4c30568468d6f223e10ac159	2026-09-22T08:55:19Z	2026-09-22T11:26:42Z	true	fix(desktop): preserve native workspace identity at onboarding boundary
1fcf1617054897ccbf00383ea94e9b81f6ea513a	fcabf4c56203f4323b4b9a08f65a3250adb7ae7f	2026-09-22T11:24:29Z	2026-09-22T11:27:22Z	true	desktop: add live onboarding journey harness
e7619eaaff850ac5abb4314d94e585972127bcf4	1fcf1617054897ccbf00383ea94e9b81f6ea513a	2026-09-22T11:47:48Z	2026-09-22T11:47:48Z	true	fix(desktop): admit native workspaces through typed runtime
45926061abeaa918d1bdf4b4cc89c84f36a77608	e7619eaaff850ac5abb4314d94e585972127bcf4	2026-09-22T21:57:18Z	2026-09-22T21:57:18Z	true	feat(desktop): project admission view and shell/navigation refinements
12e8534d4ea0e88f3a06d8140fe0029ee121b406	88198ba030a8fa68b86f2e61a7bd5b7ba899ada0	2026-09-15T01:27:03-04:00	2026-09-15T01:27:03-04:00	false	Fixed local communication to use Windows sockets.
de14f0b8e2f67d77fb13121c233355d02ad7a5a9	88198ba030a8fa68b86f2e61a7bd5b7ba899ada0 12e8534d4ea0e88f3a06d8140fe0029ee121b406	2026-09-15T12:32:01-04:00	2026-09-15T12:32:01-04:00	false	Merge pull request 'Fixed local communication to use Windows sockets.' (#5) from fix/windows-build into canonical
4c8459009e1e732a505f3b11f9694aa6e7b7e3b6	de14f0b8e2f67d77fb13121c233355d02ad7a5a9	2026-09-15T23:18:08-04:00	2026-09-15T23:18:08-04:00	false	Fixed directory fsync to use Windows backup semantics.
af3053077458390d4795758e1b613e7ddf5d0e89	de14f0b8e2f67d77fb13121c233355d02ad7a5a9 4c8459009e1e732a505f3b11f9694aa6e7b7e3b6	2026-09-15T23:26:55-04:00	2026-09-15T23:26:55-04:00	false	Merge pull request 'Fixed directory fsync to use Windows backup semantics.' (#6) from fix/windows-build into canonical
06e6ff08e5f2c6be066734c6ec2fe9050da2341f	af3053077458390d4795758e1b613e7ddf5d0e89	2026-09-16T00:21:03-04:00	2026-09-16T00:21:03-04:00	false	Fixed project selection on windows
a2a0ecbedb4ecedf71d730b0b9a7e1c155103071	06e6ff08e5f2c6be066734c6ec2fe9050da2341f	2026-09-16T00:46:12-04:00	2026-09-16T00:46:12-04:00	false	One more fix
688319abcdeba96cf72628afbd3ad588db94a82f	c6fff26b3f002a26172866f90af6f92613f214c6	2026-09-08T11:58:10Z	2026-09-08T12:01:40Z	false	feat(extensions): modularize typed provider leaves
2d3c2368cb1177888517e9f2803b3c0a44c6d38f	688319abcdeba96cf72628afbd3ad588db94a82f af3053077458390d4795758e1b613e7ddf5d0e89	2026-09-19T18:55:12Z	2026-09-19T18:55:12Z	false	Merge branch 'canonical' of ssh://dev.nudox.org:2222/Nudox/Backend into codex/versioned-engine-v2
930aa72f97b78f067971617adb935280a9107a77	2d3c2368cb1177888517e9f2803b3c0a44c6d38f	2026-09-19T19:27:58Z	2026-09-19T19:27:58Z	false	feat: complete versioned engine v2 cutover
53b5a2e11c5602e0e8f5c4215fb05aa62caca5c9	a2a0ecbedb4ecedf71d730b0b9a7e1c155103071 930aa72f97b78f067971617adb935280a9107a77	2026-09-20T12:28:19-04:00	2026-09-20T12:28:19-04:00	false	Merge branch 'canonical' into fix/windows-build
9541b5ec5572be8be9eb1625df2485108abb017e	53b5a2e11c5602e0e8f5c4215fb05aa62caca5c9	2026-09-20T13:06:24-04:00	2026-09-20T13:06:24-04:00	false	Trying to fix new errors
56e35d818834f27a2f2cab3b8d25ff80ca25ba9f	9541b5ec5572be8be9eb1625df2485108abb017e	2026-09-20T17:20:05Z	2026-09-20T17:20:05Z	false	fix(cutover): restore complete v2 source graph
9d3f1fdabd7545e9cbedc6e1dece5a395b0faf8b	45926061abeaa918d1bdf4b4cc89c84f36a77608 56e35d818834f27a2f2cab3b8d25ff80ca25ba9f	2026-09-23T01:35:06Z	2026-09-23T01:35:06Z	true	Merge origin/canonical (versioned-engine cutover) into the GUI rollout
dbbc4889e5e456f44004f8768bc33e299f3f2c96	9d3f1fdabd7545e9cbedc6e1dece5a395b0faf8b	2026-09-23T01:51:16Z	2026-09-23T01:51:16Z	true	fix(nix,tests): unbreak the control-plane build and Linux-only transport tests
3ddf70d22f875096f23c6da703cc4a96b13201e9	dbbc4889e5e456f44004f8768bc33e299f3f2c96	2026-09-23T02:22:32Z	2026-09-23T02:22:32Z	true	test(engine): re-pin python lower-facts falsifiers to the current lowering
86b527645fed8955ed26594bb871d0f69cdeb17f	3ddf70d22f875096f23c6da703cc4a96b13201e9	2026-09-23T02:22:32Z	2026-09-23T02:22:32Z	true	test(engine): reopen python decorator atom lists through the pool API
dfc51c999ab87243a26d251b66f7be84ec8adeee	86b527645fed8955ed26594bb871d0f69cdeb17f	2026-09-23T02:22:32Z	2026-09-23T02:22:32Z	true	test(frontend-python): expect the full-definition function extent in the UTF-8 span test
2c898cbd7005c0874901f7745a5867fec3f4466f	dbbc4889e5e456f44004f8768bc33e299f3f2c96	2026-09-23T03:23:26Z	2026-09-23T03:23:26Z	false	fix(store): persist unwritten relation members of a complete closure
80b8e1aa2925b3af45d29bbb395468bcb3b23020	2c898cbd7005c0874901f7745a5867fec3f4466f	2026-09-23T03:23:26Z	2026-09-23T03:23:26Z	false	fix(present): spell fault tool calls in a fixed field order
248ed35ce7968fe5ebfb28b4aa1a6414bbe3ed29	80b8e1aa2925b3af45d29bbb395468bcb3b23020	2026-09-23T03:23:33Z	2026-09-23T03:23:33Z	false	test(library): unknown advisory coverage warns, not denies
f9a6f077231d98efea4cb390c0ba5a6f803a8780	248ed35ce7968fe5ebfb28b4aa1a6414bbe3ed29	2026-09-23T03:23:33Z	2026-09-23T03:23:33Z	false	test(journeys): cover advisory, forge, and dependency surface rows
6a49d37c0046b21c2f09c7e324f0eaaba734433a	dfc51c999ab87243a26d251b66f7be84ec8adeee f9a6f077231d98efea4cb390c0ba5a6f803a8780	2026-09-23T03:25:54Z	2026-09-23T03:25:54Z	true	Merge branches 'fix/python' and 'fix/surfaces' into canonical
8b431fd840bcc882c6c3dd131f851e451b1f5b1d	dbbc4889e5e456f44004f8768bc33e299f3f2c96	2026-09-23T03:25:12Z	2026-09-23T03:25:12Z	false	fix(csharp): update stale corpus goldens for namespace kind and image v4
2398a2f681c588b8a23380c06649875474b0983b	8b431fd840bcc882c6c3dd131f851e451b1f5b1d	2026-09-23T03:47:38Z	2026-09-23T03:47:38Z	false	docs(csharp): correct and evidence the occurrence-count golden citations
82886120c1ee74124fcc45432d52f7fdf114ec6c	6a49d37c0046b21c2f09c7e324f0eaaba734433a 2398a2f681c588b8a23380c06649875474b0983b	2026-09-23T03:48:27Z	2026-09-23T03:48:27Z	true	Merge branch 'fix/csharp' into canonical
48fe0dc797f56f703c589ef6647a7d13444d2634	dbbc4889e5e456f44004f8768bc33e299f3f2c96	2026-09-23T04:02:52Z	2026-09-23T04:02:52Z	false	test(engine): drive bounded native child proofs through the private sidecar
4ba5f5c4118c1629a422c2a369a5490ea6888b1b	48fe0dc797f56f703c589ef6647a7d13444d2634	2026-09-23T04:02:52Z	2026-09-23T04:02:52Z	false	test(engine): supply the checker report to the direct OXC proofs
93702a8df8174ffa256f18505e2f7b043c03302a	4ba5f5c4118c1629a422c2a369a5490ea6888b1b	2026-09-23T04:02:52Z	2026-09-23T04:02:52Z	false	test(engine): stage runtime package sources on disk for clang authority
a12db8096e5edeb5b59a6b669c22e5ed65c5ec44	93702a8df8174ffa256f18505e2f7b043c03302a	2026-09-23T04:03:02Z	2026-09-23T04:03:02Z	false	test(engine): read TypeScript observed cells as the staged computed rows
298eeee328d36378cb03d3df0f004a6a2d016874	a12db8096e5edeb5b59a6b669c22e5ed65c5ec44	2026-09-23T04:03:15Z	2026-09-23T04:03:15Z	false	test(engine): restore the clang lane expectations lost in e812201fd
a67159acf51974d3b1db16c91696d4aa62239d27	298eeee328d36378cb03d3df0f004a6a2d016874	2026-09-23T04:03:15Z	2026-09-23T04:03:15Z	false	fix(semantic): validate type-fact children with one forward cursor
bac31323544403add45820c9faf9bc7d95c03387	a67159acf51974d3b1db16c91696d4aa62239d27	2026-09-23T04:03:15Z	2026-09-23T04:03:15Z	false	fix(engine): keep TypeScript type-cell children off the stack
e359b9e1b6344bbf716e342b7696e7ba35c3bbce	82886120c1ee74124fcc45432d52f7fdf114ec6c bac31323544403add45820c9faf9bc7d95c03387	2026-09-23T04:14:14Z	2026-09-23T04:14:14Z	true	Merge branch 'fix/native' into canonical
1213787689ad424a0aa5f84d8cab897d28c6d6e5	dbbc4889e5e456f44004f8768bc33e299f3f2c96	2026-09-23T04:35:45Z	2026-09-23T04:35:45Z	false	fix(test,java): repair the corpus journey's stale entity/count assumptions
7b1fd59f5ee6ce3ea40a7e346ce7ff0fbca21b22	1213787689ad424a0aa5f84d8cab897d28c6d6e5	2026-09-23T04:36:00Z	2026-09-23T04:36:00Z	false	fix(test,go): scope authority images to the owning package, not the module
b365e5f9cb5e6d332910e98fd3168226dd3d5dfe	7b1fd59f5ee6ce3ea40a7e346ce7ff0fbca21b22	2026-09-23T04:36:07Z	2026-09-23T04:36:07Z	false	docs(engine): flag the Go package-authority whole-module exposure in place
4fbcf31f4d538213656a102c8d4301807125752b	b365e5f9cb5e6d332910e98fd3168226dd3d5dfe	2026-09-23T04:36:16Z	2026-09-23T04:36:16Z	false	fix(nix): give the real-package corpus journeys their own nextest budget
b8f30f21250039b4bffc629da5654c02507f0632	e359b9e1b6344bbf716e342b7696e7ba35c3bbce 4fbcf31f4d538213656a102c8d4301807125752b	2026-09-23T04:46:07Z	2026-09-23T04:46:07Z	true	Merge branch 'fix/jvm-go-other' into canonical
39a820ef0be91d68a8e4edafb87ce7906b144440	b8f30f21250039b4bffc629da5654c02507f0632	2026-09-23T04:49:49Z	2026-09-23T04:49:49Z	true	style(nix): format the control source-filter ancestor clause
ac4b44fd71f9efa74dff94d16fc433748cd12fd5	dbbc4889e5e456f44004f8768bc33e299f3f2c96	2026-09-23T04:09:02Z	2026-09-23T04:09:02Z	false	fix(rust): admit the flat Nix corpus layout alongside the real Cargo cache
ffbe597b0c6ca50165962f2bcf74370da85b6fbf	ac4b44fd71f9efa74dff94d16fc433748cd12fd5	2026-09-23T04:09:18Z	2026-09-23T04:09:18Z	false	fix(rust): restore dropped re-export and computed-type emission
3fe80cd8718f19a69cb9da8d3cf575a6f0167314	ffbe597b0c6ca50165962f2bcf74370da85b6fbf	2026-09-23T04:09:23Z	2026-09-23T04:09:23Z	false	fix(rust): gate the ad hoc bisect driver on GA_PREFIX_DIR
f72d65768bb8225b6554ee928cb96e025c04b101	3fe80cd8718f19a69cb9da8d3cf575a6f0167314	2026-09-23T04:09:32Z	2026-09-23T04:09:32Z	false	test(rust): re-peg two capacity goldens to the live emission ceilings
436895e14df4a354013e3dd39a6e5e0e8591e097	f72d65768bb8225b6554ee928cb96e025c04b101	2026-09-23T04:09:37Z	2026-09-23T04:09:37Z	false	test(rust): update the identity-count golden for macro-as-entity
ac51db4ff817a366e37104932727ea8ab8bbdf53	39a820ef0be91d68a8e4edafb87ce7906b144440 436895e14df4a354013e3dd39a6e5e0e8591e097	2026-09-23T04:51:25Z	2026-09-23T04:51:25Z	true	Merge branch 'fix/rust' into canonical
8d2b9b976a4ab8ad29e057fd711d1767a7f48873	dbbc4889e5e456f44004f8768bc33e299f3f2c96	2026-09-23T02:41:06Z	2026-09-23T02:41:06Z	false	fix(engine): stop callable results inheriting their target row's name
734d25d8ce4350daa6f7cde989a92c6c9044c1d2	8d2b9b976a4ab8ad29e057fd711d1767a7f48873	2026-09-23T02:41:18Z	2026-09-23T02:41:18Z	false	fix(engine): decode staged mapped modifiers with the lattice discriminants
c947cb0167d83d2a909c7a052d32b467e7bacf2b	734d25d8ce4350daa6f7cde989a92c6c9044c1d2	2026-09-23T02:41:18Z	2026-09-23T02:41:18Z	false	fix(engine): take pyrefly's scalar inference without a pooled anchor
9f6f5b0b6171dae19bc23e41bc9b91466c92326b	c947cb0167d83d2a909c7a052d32b467e7bacf2b	2026-09-23T02:41:18Z	2026-09-23T02:41:18Z	false	fix(engine): never lower Go universe builtins as unresolved externals
904e8c7d7c0f19af7f8dd275fecafa450732cbd3	9f6f5b0b6171dae19bc23e41bc9b91466c92326b	2026-09-23T02:41:18Z	2026-09-23T02:41:18Z	false	fix(engine): resolve Rust foreign ADTs to external nominals
90ab8857a48983c11965c050592652c7add660f9	904e8c7d7c0f19af7f8dd275fecafa450732cbd3	2026-09-23T03:18:08Z	2026-09-23T03:18:08Z	false	fix(engine): give C# explicit and partial-implementation members distinct identities
17b32bfbe9f3de3ce780671d46a63e34af376f5e	90ab8857a48983c11965c050592652c7add660f9	2026-09-23T03:18:08Z	2026-09-23T03:18:08Z	false	fix(engine): stop double-annotating C# nullable value types
429bc14e55ee72fca40b935e35dc3e73fbbe803b	17b32bfbe9f3de3ce780671d46a63e34af376f5e	2026-09-23T03:18:08Z	2026-09-23T03:18:08Z	false	fix(engine): keep unnamed same-typed Java parameter carriers distinct
a62b809bdcb6482d22d71a1398200f970a9ded50	429bc14e55ee72fca40b935e35dc3e73fbbe803b	2026-09-23T03:18:16Z	2026-09-23T03:18:16Z	false	test(engine): refresh render goldens for intended IR changes
f1594e042681edaa785bcefc37775c16088e4f23	a62b809bdcb6482d22d71a1398200f970a9ded50	2026-09-23T03:42:18Z	2026-09-23T03:42:18Z	false	test(semantic): re-pin the real-corpus render snapshots
b13d3cd8ba09550b1022fb7dcbfe5da84c587d18	f1594e042681edaa785bcefc37775c16088e4f23	2026-09-23T03:47:26Z	2026-09-23T03:47:26Z	false	fix(engine): reuse a Python parameter as result slot only when it is named like the function
a56c136d319c6c7f214d065b2af3e4ef4a718d72	b13d3cd8ba09550b1022fb7dcbfe5da84c587d18	2026-09-23T04:14:18Z	2026-09-23T04:14:18Z	false	test(engine): re-pin Rust and Go reference-coverage samples
6ae29e276df31bb3e6f201becee26a206cae50b0	a56c136d319c6c7f214d065b2af3e4ef4a718d72	2026-09-23T05:04:02Z	2026-09-23T05:04:02Z	false	test(engine): align lowering tests with explicit result labels and Rust external nominals
6735c7ba1f5376829592762b0d43a9244ab0baf1	ac51db4ff817a366e37104932727ea8ab8bbdf53 6ae29e276df31bb3e6f201becee26a206cae50b0	2026-09-23T05:23:48Z	2026-09-23T05:23:48Z	true	Merge branch 'fix/render' into canonical
3e2eadda2c37c3ede2be7875abd28bf34aa6593c	a56c136d319c6c7f214d065b2af3e4ef4a718d72	2026-09-23T05:43:48Z	2026-09-23T05:43:48Z	false	fix(engine): stop anonymous callable parameters inheriting type-spelling labels
c2accde08e1b4789f226149fea51327b0b376124	6735c7ba1f5376829592762b0d43a9244ab0baf1 3e2eadda2c37c3ede2be7875abd28bf34aa6593c	2026-09-23T05:44:11Z	2026-09-23T05:44:11Z	true	Merge branch 'fix/anon-callable' into canonical
52798248574859b229ceec2f53665fc87bee260b	ac51db4ff817a366e37104932727ea8ab8bbdf53	2026-09-23T06:19:23Z	2026-09-23T06:19:23Z	false	fix(test,java): match publication_leg's old-generation fragments by identity
c74ceb457bc9fc0124613358510913c2b0f7d8a4	52798248574859b229ceec2f53665fc87bee260b	2026-09-23T06:19:32Z	2026-09-23T06:19:32Z	false	fix(go): never serialize an external _test package's declarations
9dc3d3a94248799b9db61cc54ef13a837ec7ccf5	c74ceb457bc9fc0124613358510913c2b0f7d8a4	2026-09-23T06:19:41Z	2026-09-23T06:19:41Z	false	fix(engine,go): scope production's Go authority image to the owning package
796f91954746a224c0fdd4dd50737ae4b7e19d55	c2accde08e1b4789f226149fea51327b0b376124 9dc3d3a94248799b9db61cc54ef13a837ec7ccf5	2026-09-23T06:27:05Z	2026-09-23T06:27:05Z	true	Merge branch 'fix/java-go-downstream' into canonical
1e490033ec7039f0a0ec27a7b32bd40067c6b170	796f91954746a224c0fdd4dd50737ae4b7e19d55	2026-09-23T07:35:54Z	2026-09-23T07:35:54Z	true	fix(engine): route registry HTTP transport through the owner's salted source id
da911e6bd60d3f306265ab43b37e245fe8389412	1e490033ec7039f0a0ec27a7b32bd40067c6b170	2026-09-23T07:36:04Z	2026-09-23T07:36:04Z	true	fix(desktop): wire the shell keymap so cmd-n and friends actually dispatch
e6f6ae5269b8525a820b661eceb2ac28354524c2	796f91954746a224c0fdd4dd50737ae4b7e19d55	2026-09-23T07:13:50Z	2026-09-23T07:13:50Z	false	fix(test): make fixture temp-dir names unique across concurrent nextest processes
3202d6dba1c5389efcaaa2e664b625ef7d5bd3c6	e6f6ae5269b8525a820b661eceb2ac28354524c2	2026-09-23T07:22:20Z	2026-09-23T07:22:20Z	false	fix(test,csharp): isolate concurrent dotnet builds of the shared oracle helper
a8f14c955140f65aa286308d6d8d0e362a4e6375	3202d6dba1c5389efcaaa2e664b625ef7d5bd3c6	2026-09-23T07:22:31Z	2026-09-23T07:22:31Z	false	test(semantic): pin the clang render snapshot to .#complete's header resolution
e4a7d521db06ebe68aaf5369307a3a0dbec2d34f	a8f14c955140f65aa286308d6d8d0e362a4e6375	2026-09-23T07:46:26Z	2026-09-23T07:46:26Z	false	fix(test,csharp): close every remaining unisolated dotnet build of the shared oracle
aa49320934c75cc0e5ea8d0a0541d30bfbb53cee	da911e6bd60d3f306265ab43b37e245fe8389412 e4a7d521db06ebe68aaf5369307a3a0dbec2d34f	2026-09-23T07:47:37Z	2026-09-23T07:47:37Z	true	Merge branch 'fix/integration' into canonical
e9493d14e904a81bfaa062d7592882d7a00c888f	aa49320934c75cc0e5ea8d0a0541d30bfbb53cee	2026-09-23T08:47:02Z	2026-09-23T08:47:02Z	true	fix(nix): provision the closure test gate with .#complete's toolchains
9f19591a2ee3cc91825eef68d863e22ab8cd37cb	e9493d14e904a81bfaa062d7592882d7a00c888f	2026-09-23T09:59:42Z	2026-09-23T09:59:42Z	true	fix(desktop): focus the add-project dialog input for real, not just the harness
2928b1e5f4faf8658de9d020370a6f9728385d83	9f19591a2ee3cc91825eef68d863e22ab8cd37cb	2026-09-23T09:59:49Z	2026-09-23T09:59:49Z	true	fix(engine): stop a function's synthetic result-slot from duplicating it in search
2547c269f01d1efc8b34e2e5e2fbebeb6d36bf52	2928b1e5f4faf8658de9d020370a6f9728385d83	2026-09-23T09:59:54Z	2026-09-23T09:59:54Z	true	fix(present): carry a semantic-shaped row's captured source into its identity
a3991d10673c9647ea42271e5028b450d93127ec	2547c269f01d1efc8b34e2e5e2fbebeb6d36bf52	2026-09-23T10:00:02Z	2026-09-23T10:00:02Z	true	fix(local-service,cli): keep the connection open after a typed command failure
411c7eede66d61a46d9eb85c1fc216143e3e8bec	a3991d10673c9647ea42271e5028b450d93127ec	2026-09-23T10:27:30Z	2026-09-23T10:27:30Z	true	fix(engine): narrow the result-slot search exclusion to exactly that fact
935fdd86b2da6116bf4f6d1d5314df9b546ad649	e9493d14e904a81bfaa062d7592882d7a00c888f	2026-09-23T10:51:55Z	2026-09-23T10:51:55Z	false	fix(nix): give the gate wrapper the setup-hook compiler env .#complete has
4e05722d26eeceaa44a43e839cfe6c0622dc69a3	935fdd86b2da6116bf4f6d1d5314df9b546ad649	2026-09-23T10:52:02Z	2026-09-23T10:52:02Z	false	fix(test,csharp): isolate the shared oracle build from MSBuild's compiler server
411d08bca8e613446242421ab348ede06caef9ec	4e05722d26eeceaa44a43e839cfe6c0622dc69a3	2026-09-23T10:52:10Z	2026-09-23T10:52:10Z	false	fix(engine,nix): stop rescanning Java sources per occurrence; budget the slow corpus tests
ba391119472c0e5322729034af94145c9528c335	411c7eede66d61a46d9eb85c1fc216143e3e8bec 411d08bca8e613446242421ab348ede06caef9ec	2026-09-23T10:53:00Z	2026-09-23T10:53:00Z	true	Merge branch 'fix/gate-residue' into canonical
fe80843218f176d3d9be020cadf3d6a2655eeff6	ba391119472c0e5322729034af94145c9528c335	2026-09-23T10:53:05Z	2026-09-23T10:53:05Z	true	fix(nix): let the fully provisioned closure gate finish every test
c7fe9f70498bd44be4a98df23f679566545daac0	fe80843218f176d3d9be020cadf3d6a2655eeff6	2026-09-23T11:50:25Z	2026-09-23T11:50:25Z	true	fix(nu,laws): resolve the wrapper's Cargo target dir against the repository
96448fb20154387ef59393da54cd3b2d131ce8dd	c7fe9f70498bd44be4a98df23f679566545daac0	2026-09-23T12:13:56Z	2026-09-23T12:51:46Z	true	fix(csharp,test): compare Roslyn authority-image goldens path-normalized
4ec48c1075d702b3bfb6217ce5280068d578b9ad	96448fb20154387ef59393da54cd3b2d131ce8dd	2026-09-23T12:50:34Z	2026-09-23T12:51:46Z	true	fix(nix): scope rust_references_snapshot's closure-profile budget
8db4196fd54693874ee7e6761471be9c40007a80	4ec48c1075d702b3bfb6217ce5280068d578b9ad	2026-09-23T12:50:34Z	2026-09-23T13:29:53Z	true	test(engine): withdraw the hono param field pin, dead since 3e2eadda2
c9a9258161eadeef5a2c928337bd4d45dfa74045	8db4196fd54693874ee7e6761471be9c40007a80	2026-09-23T13:28:56Z	2026-09-23T13:29:53Z	true	test(engine): cite verified evidence for the withdrawn hono param pin
5d61d6d41a11a4b0c39852aadaa5e0734bb362af	c9a9258161eadeef5a2c928337bd4d45dfa74045	2026-09-23T13:29:12Z	2026-09-23T13:29:53Z	true	fix(csharp): embed root-relative paths in the Roslyn authority image
8d68cd265de1d70bb0a421487c6585e9113e704e	c7fe9f70498bd44be4a98df23f679566545daac0	2026-09-23T13:19:01Z	2026-09-23T13:19:01Z	false	fix(engine,rust): stop the written-syntax same-name gate from dropping legal impl siblings
c65e127305b7582102d0095d36471023bc4e1c52	8d68cd265de1d70bb0a421487c6585e9113e704e	2026-09-23T13:56:30Z	2026-09-23T13:56:30Z	false	fix(engine,rust): key the impl same-name gate on its full signature, not its self type
63412e55993944128712d6642dd784179096413f	5d61d6d41a11a4b0c39852aadaa5e0734bb362af c65e127305b7582102d0095d36471023bc4e1c52	2026-09-23T13:56:53Z	2026-09-23T13:56:53Z	true	Merge branch 'fix/rust-impl-identity' into canonical
1773c4d2e7b964b5dfc6c0aea2dcb80ce7009499	63412e55993944128712d6642dd784179096413f	2026-09-23T14:10:40Z	2026-09-23T14:10:40Z	true	fix(test): give same-process fixture directories a sequence number
187798f1d166ffe56fadcf69a61f62c52a0e36b8	57a82b609e88bbdd56d325cd5e0e31fa5228878f	2026-09-25T02:31:48Z	2026-09-25T02:31:48Z	false	Seal TypeScript packages whose re-exports named symbols that were never declared.
4ff883b3efeadbd074860d35cd10ac3e8fedfdff	187798f1d166ffe56fadcf69a61f62c52a0e36b8	2026-09-25T02:34:13Z	2026-09-25T02:34:13Z	false	Point an unexpanded TypeScript star re-export at the module root.
90c0b04e8351ccbd0fdee7e8a71e460b18fcc25a	4ff883b3efeadbd074860d35cd10ac3e8fedfdff	2026-09-25T02:40:06Z	2026-09-25T02:40:06Z	false	Keep a TypeScript re-export local when its target is declared later in the same package.
d029d3a8ca36909602fe828758f517dff44f7ab6	90c0b04e8351ccbd0fdee7e8a71e460b18fcc25a	2026-09-25T02:46:50Z	2026-09-25T02:46:50Z	false	Lower a TypeScript nominal to a local ref when this package declares the name.
0022c4312ff2d93f127b6a4d642adca173db3dff	d029d3a8ca36909602fe828758f517dff44f7ab6	2026-09-25T02:53:09Z	2026-09-25T02:53:09Z	false	Treat a bare TypeScript name as a type variable only when it is a type parameter.
846e469d4e9040e3da2f268ccd866622c35eeefc	0022c4312ff2d93f127b6a4d642adca173db3dff	2026-09-25T03:02:57Z	2026-09-25T03:02:57Z	false	Seal TypeScript from one declare-set so finish fails only for a real duplicate.
e322da457b38e609ad85888b8aa1431ce577c813	0022c4312ff2d93f127b6a4d642adca173db3dff	2026-09-25T03:05:58Z	2026-09-25T03:05:58Z	false	Bind unambiguous Python names to local nominals.
fa95255e9ad2dbafa1117b3830ab943e6bef30e1	846e469d4e9040e3da2f268ccd866622c35eeefc e322da457b38e609ad85888b8aa1431ce577c813	2026-09-25T03:06:27Z	2026-09-25T03:06:27Z	false	Merge branch 'jimmy/python-local-nominal-081f' into jimmy/ts-declare-set-8770
3f99b86abab52f55b173d9ee4b5a991b08784bf5	0022c4312ff2d93f127b6a4d642adca173db3dff	2026-09-25T03:06:12Z	2026-09-25T03:06:12Z	false	Open C/C++ package headers as their own translation units.
2fd11c85ff9c6cd27d539dc331476f60c5601929	fa95255e9ad2dbafa1117b3830ab943e6bef30e1 3f99b86abab52f55b173d9ee4b5a991b08784bf5	2026-09-25T03:07:39Z	2026-09-25T03:07:39Z	false	Merge branch 'jimmy/clang-header-tus-822d' into jimmy/ts-declare-set-8770
30d5c0eabfcfdd488f14f726c5cc965a5c185bd9	2fd11c85ff9c6cd27d539dc331476f60c5601929	2026-09-25T03:27:20Z	2026-09-25T03:27:20Z	false	Prove MCP surfaces stay consistent across one conversation.
e0da716eeac9a1ba71bedc16e45a914bc1579a74	0022c4312ff2d93f127b6a4d642adca173db3dff	2026-09-25T03:11:13Z	2026-09-25T03:11:13Z	false	Note why a graph edge is empty for the symbol that was queried.
fc4f7c97a99f521620aba908b0bd47d13a82fec6	30d5c0eabfcfdd488f14f726c5cc965a5c185bd9 e0da716eeac9a1ba71bedc16e45a914bc1579a74	2026-09-25T03:28:11Z	2026-09-25T03:28:11Z	false	Merge branch 'jimmy/edge-empty-reason-a74c' into jimmy/ts-declare-set-8770
6f9cc188d226b8a75b13f91e343d6788799e811a	fc4f7c97a99f521620aba908b0bd47d13a82fec6	2026-09-25T03:39:27Z	2026-09-25T03:39:27Z	false	Give same-file TypeScript overloads distinct ids.
685be94698c2b68b796f77acfb80032223c6ee17	6f9cc188d226b8a75b13f91e343d6788799e811a	2026-09-25T03:46:45Z	2026-09-25T03:46:45Z	false	Seal axios 1.6.7 with its dependencies, and serde with serde_core.
90684f4c8e14be5be5b0f1b455faf6456407726f	685be94698c2b68b796f77acfb80032223c6ee17	2026-09-25T03:59:17Z	2026-09-25T03:59:17Z	false	Keep different same-file signatures instead of dropping them.
6e1c37917685b35d59720f985a74b8911d8fc124	90684f4c8e14be5be5b0f1b455faf6456407726f	2026-09-25T04:03:01Z	2026-09-25T04:03:01Z	false	Treat index and construct signatures as part of an interface body.
89e4e898a5abc62983ca36db96346384b1e59c8d	6e1c37917685b35d59720f985a74b8911d8fc124	2026-09-25T04:05:34Z	2026-09-25T04:05:34Z	false	Include type-parameter bounds in same-file body identity.
36ff37e16d3db849cddb01b23ece27015ec5edac	89e4e898a5abc62983ca36db96346384b1e59c8d	2026-09-25T04:24:40Z	2026-09-25T04:24:40Z	false	Keep distinct same-file TypeScript shapes instead of collapsing them.
613f92d1e975054b81a3c3c6b03a013f0212308f	36ff37e16d3db849cddb01b23ece27015ec5edac	2026-09-25T04:24:40Z	2026-09-25T04:24:40Z	false	Chain MCP search, read, refs, and graph results across turns.
3093382b6b664019249d2467fb8602940ce1b84a	613f92d1e975054b81a3c3c6b03a013f0212308f	2026-09-25T04:34:14Z	2026-09-25T04:34:14Z	false	Distinguish getters, index signatures, and constructor types in one file.
07cde1bf93b1c6496119d956085d91f60997f019	3093382b6b664019249d2467fb8602940ce1b84a	2026-09-25T04:40:06Z	2026-09-25T04:40:06Z	false	Keep class accessors, field initializers, and tuple modifiers distinct.
cc5f2559d5204ccc8f3f4c8c97ae14d78cdc2c8f	07cde1bf93b1c6496119d956085d91f60997f019	2026-09-25T04:42:37Z	2026-09-25T04:42:37Z	false	Keep accessor flags and static-block bodies in same-file identity.
47e9731e23732e595d13df9ef86e07cdba262d94	cc5f2559d5204ccc8f3f4c8c97ae14d78cdc2c8f	2026-09-25T04:45:46Z	2026-09-25T04:45:46Z	false	Keep function bodies and binding patterns in same-file identity.
bd3d69d405e81740e29d90aeeb98863b149b05fc	47e9731e23732e595d13df9ef86e07cdba262d94	2026-09-25T04:49:01Z	2026-09-25T04:49:01Z	false	Keep parameter defaults, decorators, and constructor override distinct.
13b93d53508198358f9996fe50767200bf45528b	bd3d69d405e81740e29d90aeeb98863b149b05fc	2026-09-25T04:52:00Z	2026-09-25T04:52:00Z	false	Keep rest-parameter decorators and signature comments distinct.
2d773bf9ad60e892ca53b5c9fd3de0cba9f1e45f	13b93d53508198358f9996fe50767200bf45528b	2026-09-25T04:54:23Z	2026-09-25T04:54:23Z	false	Keep deprecation and ignore tags on signatures distinct.
d230b1efa9a1f112a29a46ea4326cf4bf09495cd	2d773bf9ad60e892ca53b5c9fd3de0cba9f1e45f	2026-09-25T04:56:35Z	2026-09-25T04:56:35Z	false	Keep comments on object-type index signatures distinct.
2c79f06285933885c754c1a56a38a1a8ff98cf5f	d230b1efa9a1f112a29a46ea4326cf4bf09495cd	2026-09-25T04:58:29Z	2026-09-25T04:58:29Z	false	Keep comments on object-type properties distinct.
60cbe2107426af2c523eb00384683aaebfd114a4	2c79f06285933885c754c1a56a38a1a8ff98cf5f	2026-09-25T05:18:05Z	2026-09-25T05:18:05Z	false	List incomplete cgo types as unresolved instead of panicking.
1e35933294d96b53a73a5a8188001f95c9323839	60cbe2107426af2c523eb00384683aaebfd114a4	2026-09-25T05:52:22Z	2026-09-25T05:52:22Z	false	Expand the Nix corpus to 1273 package versions.
7230c79d9c80a998fbb16109156400e366b84918	1e35933294d96b53a73a5a8188001f95c9323839	2026-09-25T05:52:22Z	2026-09-25T05:52:22Z	false	Accept messy MCP keys and shorten the tool contract.
e61de45a9b5d7e0e774721d8a5c2f65084bc2ad0	7230c79d9c80a998fbb16109156400e366b84918	2026-09-25T05:52:22Z	2026-09-25T05:52:22Z	false	Compare TypeScript declarations in place instead of building skeleton strings.
c6f22e44270ba02ea7f9ab20076f8d423717925f	e61de45a9b5d7e0e774721d8a5c2f65084bc2ad0	2026-09-25T05:55:28Z	2026-09-25T05:55:28Z	false	Report missing Java packages as unresolved dependencies.
e422c048238cd6b1a4f044e6daf4598f2d119d31	c6f22e44270ba02ea7f9ab20076f8d423717925f	2026-09-25T06:04:51Z	2026-09-25T06:04:51Z	false	Keep Rust bound marks and const array lengths in the identity skeleton.
9c09211f7c565881bcc8a036a26d5461bfa338d4	e422c048238cd6b1a4f044e6daf4598f2d119d31	2026-09-25T06:09:32Z	2026-09-25T06:09:32Z	false	Keep parenthesized trait arguments on Rust bounds.
9d37e64b62cbcc4eac7e84cee35140db2f189cf1	9c09211f7c565881bcc8a036a26d5461bfa338d4	2026-09-25T06:16:20Z	2026-09-25T06:16:20Z	false	Load axios and its dependencies in one MCP conversation.
8b7618cf6623bc04347596177a5451275df9c783	9d37e64b62cbcc4eac7e84cee35140db2f189cf1	2026-09-25T06:30:52Z	2026-09-25T06:30:52Z	false	Show a re-export's foreign path, and load serde with serde_core.
c3ac1b5da24167b52a6403cc16ddc9da7faf6c61	8b7618cf6623bc04347596177a5451275df9c783	2026-09-25T06:36:38Z	2026-09-25T06:36:38Z	false	Keep Rust associated bindings and const arguments distinct.
8741bbbf99de93610b948c8acba9cff9b6f9d64d	c3ac1b5da24167b52a6403cc16ddc9da7faf6c61	2026-09-25T06:41:46Z	2026-09-25T06:41:46Z	false	Parse header-only C++ .h libraries as C++.
b6286e9a3025abf9b12ce892d6baa1809fcc722a	8741bbbf99de93610b948c8acba9cff9b6f9d64d	2026-09-25T06:48:29Z	2026-09-25T06:48:29Z	false	Diff two TypeScript generations and select between them.
e065316b1ee19e601df26d279252fc0a5a5a92cb	b6286e9a3025abf9b12ce892d6baa1809fcc722a	2026-09-25T06:50:36Z	2026-09-25T06:50:36Z	false	Require the unchanged class to stay out of the diff.
da0e730799252e8c6f534f3e13bbea0666803511	e065316b1ee19e601df26d279252fc0a5a5a92cb	2026-09-25T06:54:14Z	2026-09-25T06:54:14Z	false	Index a local TypeScript package and use it on the next turn.
e7aecbfc0b28fc40dc3912266855159648fc3988	da0e730799252e8c6f534f3e13bbea0666803511	2026-09-25T07:17:09Z	2026-09-25T07:17:09Z	false	Keep late TypeScript overload parameters from sharing one id.
3e1956fad61733b29251d49991a58068de063cd0	e7aecbfc0b28fc40dc3912266855159648fc3988	2026-09-25T07:26:51Z	2026-09-25T07:26:51Z	false	Keep the 1000th parameter off the next overload's id.
fb015b1dcf4d54a147ffa469196b592e7d29323a	3e1956fad61733b29251d49991a58068de063cd0	2026-09-25T07:33:17Z	2026-09-25T07:33:17Z	false	Keep two same-named C# events from sharing one id.
a1b6c40b1c3559de926353d4cfc1fc998b147cc6	fb015b1dcf4d54a147ffa469196b592e7d29323a	2026-09-25T07:36:51Z	2026-09-25T07:36:51Z	false	Keep blank Go struct fields from sharing one id.
0abdb405d97792af75c8332d9714f265816f62e0	a1b6c40b1c3559de926353d4cfc1fc998b147cc6	2026-09-25T07:44:01Z	2026-09-25T07:44:01Z	false	Keep repeated blank Go vars from sharing one id.
5656506a54be00630f347b710ef610c29164cecc	0abdb405d97792af75c8332d9714f265816f62e0	2026-09-25T08:02:47Z	2026-09-25T08:02:47Z	false	Keep a wildcard parameter off a parameter named _0.
d3b16c610fd99c43b7fde007a65f4d4538ca8720	5656506a54be00630f347b710ef610c29164cecc	2026-09-25T08:16:00Z	2026-09-25T08:16:00Z	false	Keep an enum variant and a namespace function of the same name.
381bdb9f8070b0b72442d39cdabed71b8231e422	d3b16c610fd99c43b7fde007a65f4d4538ca8720	2026-09-25T08:23:36Z	2026-09-25T08:23:36Z	false	Keep a type method and a merged namespace function of the same name.
1dc6437d11069c681c8db53ca1f00ac3d1729999	381bdb9f8070b0b72442d39cdabed71b8231e422	2026-09-25T08:26:56Z	2026-09-25T08:26:56Z	false	Keep a class field and a merged namespace value of the same name.
3f90e2e6f444175cbbc5b4b2b4895f6ee5ff0ac8	1dc6437d11069c681c8db53ca1f00ac3d1729999	2026-09-25T08:32:15Z	2026-09-25T08:32:15Z	false	Keep an index signature off a method named __index.
838e36a23965e5bae870b9f0e300fc6a9efe0231	3f90e2e6f444175cbbc5b4b2b4895f6ee5ff0ac8	2026-09-25T08:36:24Z	2026-09-25T08:36:24Z	false	Declare interface call signatures.
1af1f130f9e389e59e7e104aa8aafdd229c5f41d	838e36a23965e5bae870b9f0e300fc6a9efe0231	2026-09-25T08:42:12Z	2026-09-25T08:42:12Z	false	Declare a TypeScript this parameter.
13f174ee82c3debce3a197d6a9c4633317ccbe7d	1af1f130f9e389e59e7e104aa8aafdd229c5f41d	2026-09-25T08:53:50Z	2026-09-25T08:53:50Z	false	Keep a late class field off a method discriminant.
d8b370831597f7de1f28e441f8566cf8973fbb54	13f174ee82c3debce3a197d6a9c4633317ccbe7d	2026-09-25T09:04:06Z	2026-09-25T09:04:06Z	false	Keep an interface property off a method discriminant.
9b28aeb593438a5ed56f0b94b1a7938a1039fa8e	d8b370831597f7de1f28e441f8566cf8973fbb54	2026-09-25T09:09:05Z	2026-09-25T09:09:05Z	false	Remember a stepped interface property discriminant.
4ec6db7be96afe029d06a4d59b80b8364e7880fc	9b28aeb593438a5ed56f0b94b1a7938a1039fa8e	2026-09-25T09:13:30Z	2026-09-25T09:13:30Z	false	Leave a free interface property disc on that property.
f7c8058f2720bc3270e14f2523d6c3e408ab87d0	4ec6db7be96afe029d06a4d59b80b8364e7880fc	2026-09-25T09:18:46Z	2026-09-25T09:18:46Z	false	Keep a static block off a method discriminant.
818dcbaf97a37254358306ad0ace05cdda1b99b3	f7c8058f2720bc3270e14f2523d6c3e408ab87d0	2026-09-25T09:28:17Z	2026-09-25T09:28:17Z	false	Keep a class index signature off a method discriminant.
348912b2c2712d4a6f35786fe54e42d6139f25c0	818dcbaf97a37254358306ad0ace05cdda1b99b3	2026-09-25T09:35:00Z	2026-09-25T09:35:00Z	false	Keep a class index signature on its disc when a field steps off.
13c6e18be72d0b207f6749832d41724df892eb2e	348912b2c2712d4a6f35786fe54e42d6139f25c0	2026-09-25T09:39:37Z	2026-09-25T09:39:37Z	false	Keep a construct signature off a method discriminant.
9ef4cf088c95b21e6784335e6489910b6fb7cc1d	13c6e18be72d0b207f6749832d41724df892eb2e	2026-09-25T09:45:11Z	2026-09-25T09:45:11Z	false	Keep a call signature off a merged namespace function.
e9a07b1d662a3121a9d46035a54c4aaeb50c0834	9ef4cf088c95b21e6784335e6489910b6fb7cc1d	2026-09-25T09:50:52Z	2026-09-25T09:50:52Z	false	Keep an index signature off a merged namespace function.
8155138c57d1a72a31c178005933c7b46399cd8a	e9a07b1d662a3121a9d46035a54c4aaeb50c0834	2026-09-25T09:55:59Z	2026-09-25T09:55:59Z	false	Keep a construct signature off a namespace overload.
b8e1c82a88b207d60bfedf2e45ab700e1676fb5d	8155138c57d1a72a31c178005933c7b46399cd8a	2026-09-25T10:01:53Z	2026-09-25T10:01:53Z	false	Keep a reexport when a local function has its name.
6438aa2860a295c6aa6b17cf04d3e39492a6b5ba	b8e1c82a88b207d60bfedf2e45ab700e1676fb5d	2026-09-25T10:08:28Z	2026-09-25T10:08:28Z	false	Keep a second CommonJS reexport of the same name.
ec721c473cdd3a9f8cbbdf0b39ac10978a3a2cb6	6438aa2860a295c6aa6b17cf04d3e39492a6b5ba	2026-09-25T10:12:49Z	2026-09-25T10:12:49Z	false	Keep one export when the same CommonJS package is assigned twice.
65d32938e8ff85efbbf17cb7147582ed9cd91f8c	ec721c473cdd3a9f8cbbdf0b39ac10978a3a2cb6	2026-09-25T10:18:36Z	2026-09-25T10:18:36Z	false	Declare an import-equals require.
6783a519e0132263729620471f2245f5c95e1515	65d32938e8ff85efbbf17cb7147582ed9cd91f8c	2026-09-25T10:34:20Z	2026-09-25T10:34:20Z	false	Declare a local import-equals alias.
d4a842fcc06d67d1510820a5477b9dacd3b7ea99	6783a519e0132263729620471f2245f5c95e1515	2026-09-25T10:39:19Z	2026-09-25T10:39:19Z	false	Name the public MCP tools in agent-facing errors.
8c657ddd102d2cb2caa82e362972131c60e8ab87	d4a842fcc06d67d1510820a5477b9dacd3b7ea99	2026-09-25T10:43:33Z	2026-09-25T10:43:33Z	false	Declare a reexport of a package specifier.
173f14d5398850cc7203999c7ad70bdee256f9a0	8c657ddd102d2cb2caa82e362972131c60e8ab87	2026-09-25T10:48:34Z	2026-09-25T10:48:34Z	false	Declare a reexport when the target file is missing.
cab777fe6140b3b1146375f21ca6767fc607d35b	173f14d5398850cc7203999c7ad70bdee256f9a0	2026-09-25T10:51:59Z	2026-09-25T10:51:59Z	false	Declare an import-equals require of a missing file.
4dd712129c3c839b5265c9c3a633a5eb9a66bf2c	cab777fe6140b3b1146375f21ca6767fc607d35b	2026-09-25T10:55:10Z	2026-09-25T10:55:10Z	false	Declare a literal export default.
8f5d45573cabfb6af433c63f8dc06e8e9646c944	4dd712129c3c839b5265c9c3a633a5eb9a66bf2c	2026-09-25T11:00:46Z	2026-09-25T11:00:46Z	false	Declare an exported namespace import.
d6c2336e9ac3923e828dd14d79c196b4139a3942	8f5d45573cabfb6af433c63f8dc06e8e9646c944	2026-09-25T11:10:21Z	2026-09-25T11:10:21Z	false	Declare an export-as-namespace name.
ca4098a0f4063c5839afa67a972cfdefbb3dc3cf	d6c2336e9ac3923e828dd14d79c196b4139a3942	2026-09-25T11:18:04Z	2026-09-25T11:18:04Z	false	Test an export-equals function expression.
8e7f1d2be855a5899ddaaaacef0bd0b28f523c55	ca4098a0f4063c5839afa67a972cfdefbb3dc3cf	2026-09-25T11:27:09Z	2026-09-25T11:27:09Z	false	Declare members of a global augmentation.
99317db8a37a80cafe701dfe2bc30db4f328af4f	8e7f1d2be855a5899ddaaaacef0bd0b28f523c55	2026-09-25T11:36:11Z	2026-09-25T11:36:11Z	false	Declare each binding in a destructured export.
155767be25a0c36ce925f061c5fc2e9d33ba4083	99317db8a37a80cafe701dfe2bc30db4f328af4f	2026-09-25T11:43:17Z	2026-09-25T11:43:17Z	false	Declare properties of a CommonJS object export.
4dbc1cb86db5da068525ed2f2bb10b16272b06fa	155767be25a0c36ce925f061c5fc2e9d33ba4083	2026-09-25T11:50:35Z	2026-09-25T11:50:35Z	false	Declare a CommonJS class export.
57e8cf21d7392157cde48de010b77f6ea772dd46	4dbc1cb86db5da068525ed2f2bb10b16272b06fa	2026-09-25T11:56:10Z	2026-09-25T11:56:10Z	false	Declare a CommonJS function export.
4328b942d6d2121636f6fc4fc626ac65d86dbf0e	57e8cf21d7392157cde48de010b77f6ea772dd46	2026-09-25T12:00:53Z	2026-09-25T12:00:53Z	false	Declare arrow and class properties of a CommonJS object.
6cdc6b24542f14390db6c28db92d43b9605bbd71	4328b942d6d2121636f6fc4fc626ac65d86dbf0e	2026-09-25T12:05:48Z	2026-09-25T12:05:48Z	false	Declare a CommonJS prototype method.
9b562adfe0a92c37046c9f1f427e0aaa8262b956	6cdc6b24542f14390db6c28db92d43b9605bbd71	2026-09-25T12:09:19Z	2026-09-25T12:09:19Z	false	Declare methods assigned as a prototype object.
b6e289e57dc20fbcea2fd3b06458beab79eaded2	9b562adfe0a92c37046c9f1f427e0aaa8262b956	2026-09-25T12:14:54Z	2026-09-25T12:14:54Z	false	Declare each binding in a destructured parameter.
e5338597699dd2698e0d774117d4ef7c8a92d9f8	b6e289e57dc20fbcea2fd3b06458beab79eaded2	2026-09-25T12:20:46Z	2026-09-25T12:20:46Z	false	Declare parameters of a function type.
2062863bc03db34f2448076a813f9869e54526fd	e5338597699dd2698e0d774117d4ef7c8a92d9f8	2026-09-25T12:28:07Z	2026-09-25T12:28:07Z	false	Declare parameters of an object-type method.
8c7817178c5e5ac99bfda6ecaa9235b67ed40e4d	2062863bc03db34f2448076a813f9869e54526fd	2026-09-25T12:35:50Z	2026-09-25T12:35:50Z	false	Declare bindings of a callback parameter.
f533f2ae1765b3090a0c2649a93aeb2c980df52d	8c7817178c5e5ac99bfda6ecaa9235b67ed40e4d	2026-09-25T12:40:11Z	2026-09-25T12:40:11Z	false	Declare methods of an object parameter.
e8fc4ff82dd8a03254700ce0b91af80ad28c1fb6	f533f2ae1765b3090a0c2649a93aeb2c980df52d	2026-09-25T12:44:38Z	2026-09-25T12:44:38Z	false	Declare parameters of a returned function.
0cdbe2e696d3e32d7718780447814b4cc70cd3bb	e8fc4ff82dd8a03254700ce0b91af80ad28c1fb6	2026-09-25T12:50:02Z	2026-09-25T12:50:02Z	false	Declare bindings inside a union of function types.
a06964e4ebc925caa92281711bfc7a465c95c968	0cdbe2e696d3e32d7718780447814b4cc70cd3bb	2026-09-25T12:58:31Z	2026-09-25T12:58:31Z	false	Declare bindings inside a type application.
f905a94838f317169e43941111ac1ba50094e5da	a06964e4ebc925caa92281711bfc7a465c95c968	2026-09-25T13:00:53Z	2026-09-25T13:00:53Z	false	Declare bindings inside tuples and conditional types.
2b250876bdf4570cd066a77e66797c59bfcf7dad	f905a94838f317169e43941111ac1ba50094e5da	2026-09-25T13:04:34Z	2026-09-25T13:04:34Z	false	Declare bindings inside a mapped type.
6b2eaa825d1c88933176c9c6a1363fe645df66dd	2b250876bdf4570cd066a77e66797c59bfcf7dad	2026-09-25T13:07:47Z	2026-09-25T13:07:47Z	false	Declare bindings inside a template literal type.
188dd83362ce157a4be5c55ac48f79b1b618a9f8	6b2eaa825d1c88933176c9c6a1363fe645df66dd	2026-09-25T13:15:22Z	2026-09-25T13:15:22Z	false	Declare bindings inside a generic constraint.
308e5493b84c7cbe21897325a5152ba6b3b2beaa	188dd83362ce157a4be5c55ac48f79b1b618a9f8	2026-09-25T13:19:33Z	2026-09-25T13:19:33Z	false	Declare bindings in field and const types.
782421ca4105993125a74ed5b5e6a2173094eac1	308e5493b84c7cbe21897325a5152ba6b3b2beaa	2026-09-25T13:24:31Z	2026-09-25T13:24:31Z	false	Declare bindings nested in a function declaration.
26fa12bfbf8e7ab0d1892956aa7f49ab9dd3eacc	782421ca4105993125a74ed5b5e6a2173094eac1	2026-09-25T13:28:07Z	2026-09-25T13:28:07Z	false	Declare bindings inside a this type.
60b037ebd0c5bb06d632cfa0df92e86b2b958c16	26fa12bfbf8e7ab0d1892956aa7f49ab9dd3eacc	2026-09-25T13:31:37Z	2026-09-25T13:31:37Z	false	Declare bindings inside a type predicate.
16c12d4892a4aa1445a3006c8774028ab227b2fd	60b037ebd0c5bb06d632cfa0df92e86b2b958c16	2026-09-25T13:35:16Z	2026-09-25T13:35:16Z	false	Declare bindings inside every object field.
28981a5e7a11ba080a0159c8ee60cbfbd357e3b4	16c12d4892a4aa1445a3006c8774028ab227b2fd	2026-09-25T13:39:17Z	2026-09-25T13:39:17Z	false	Declare bindings on an object method's constraint.
385a1c53dab091364e012ea4efaec814ec501d58	28981a5e7a11ba080a0159c8ee60cbfbd357e3b4	2026-09-25T13:44:41Z	2026-09-25T13:44:41Z	false	Declare bindings inside an object index key.
9c72b2fa8628c40a573331afe0087fe44fec693a	385a1c53dab091364e012ea4efaec814ec501d58	2026-09-25T13:50:01Z	2026-09-25T13:50:01Z	false	Declare bindings inside a mapped name type.
60f9c8a066516c5b9298c5e465980e0f3c316d9e	9c72b2fa8628c40a573331afe0087fe44fec693a	2026-09-25T13:55:47Z	2026-09-25T13:55:47Z	false	Keep a mapped type's as clause on the sealed type.
ae4b5726a22a54be886e8a16d6263ec7f23ecede	60f9c8a066516c5b9298c5e465980e0f3c316d9e	2026-09-25T13:59:34Z	2026-09-25T13:59:34Z	false	Declare bindings inside an infer constraint.
4f6c079576149005cead6bbbb377a193efdc6594	ae4b5726a22a54be886e8a16d6263ec7f23ecede	2026-09-25T14:08:41Z	2026-09-25T14:08:41Z	false	Declare bindings inside a satisfies clause.
3711ef4a8c93de88779990d85c7224c0dc3b17db	4f6c079576149005cead6bbbb377a193efdc6594	2026-09-25T14:12:32Z	2026-09-25T14:12:32Z	false	Declare bindings inside a let or var annotation.
b48a1acc35bdd201498db7fdec527457a2349464	3711ef4a8c93de88779990d85c7224c0dc3b17db	2026-09-25T14:16:40Z	2026-09-25T14:16:40Z	false	Declare bindings inside an as cast.
51a5d3faec3412bb87fd48076cd7598ff076af50	b48a1acc35bdd201498db7fdec527457a2349464	2026-09-25T14:21:15Z	2026-09-25T14:21:15Z	false	Declare bindings on a default export's cast.
60622c81a58280b78a479a248eb094846b45807b	51a5d3faec3412bb87fd48076cd7598ff076af50	2026-09-25T14:26:02Z	2026-09-25T14:26:02Z	false	Declare bindings on a let or var initializer.
59b9fce957ee29c62501240f7ccf466d0e646bc5	60622c81a58280b78a479a248eb094846b45807b	2026-09-25T14:31:25Z	2026-09-25T14:31:25Z	false	Declare bindings on a class field initializer.
98946fbf94542c24b976c94ed9caaaf9ea22e14b	59b9fce957ee29c62501240f7ccf466d0e646bc5	2026-09-25T14:36:41Z	2026-09-25T14:36:41Z	false	Declare bindings on a constructor field assignment.
46602735182da82ccdc1a8509071f2dccf215cce	98946fbf94542c24b976c94ed9caaaf9ea22e14b	2026-09-25T14:39:40Z	2026-09-25T14:39:40Z	false	Declare bindings under a non-null assertion.
130db8192f083f1de266c986c8a8dbaeb84caa58	46602735182da82ccdc1a8509071f2dccf215cce	2026-09-25T14:44:17Z	2026-09-25T14:44:17Z	false	Declare bindings in a parameter default.
1327b8626af2057c5e86d77b369325c004ffa764	1773c4d2e7b964b5dfc6c0aea2dcb80ce7009499 130db8192f083f1de266c986c8a8dbaeb84caa58	2026-09-25T15:07:18Z	2026-09-25T15:07:18Z	true	Merge branch 'jimmy/ts-declare-set-8770' into canonical
7af8666b667e5cff4c75cfbf913c1a4076eb0a1c	1773c4d2e7b964b5dfc6c0aea2dcb80ce7009499	2026-09-23T19:22:28Z	2026-09-23T19:22:28Z	false	fix(engine,worker): order semantic-publication wire keys like the relation
6ff39eaba714c7b2857bef9bd254df58dfecd7bf	7af8666b667e5cff4c75cfbf913c1a4076eb0a1c	2026-09-23T19:22:46Z	2026-09-23T19:22:46Z	false	fix(local-service,engine,rust): answer compiler-backed rows with a source site and edition
da576356afa99b8672f6531e372211dcec6773f6	6ff39eaba714c7b2857bef9bd254df58dfecd7bf	2026-09-23T19:22:58Z	2026-09-23T19:22:58Z	false	fix(present,library,local-service): resolve a semantic declaration's own row for pages and graphs
a70d23ad7ee543ec181835dc584a79dd63192d59	da576356afa99b8672f6531e372211dcec6773f6	2026-09-23T19:23:06Z	2026-09-23T19:23:06Z	false	fix(local-service): keep published semantic history readable beside an unavailable language
88f0b28745a7206461f2dfbac633e4a2f5a1712e	a70d23ad7ee543ec181835dc584a79dd63192d59	2026-09-23T19:23:06Z	2026-09-23T19:23:06Z	false	fix(local-service): index a registry package from its package root, not its archive root
29d5c21982800d8ce62f5ed372153a7720cd2271	88f0b28745a7206461f2dfbac633e4a2f5a1712e	2026-09-23T19:23:15Z	2026-09-23T19:23:15Z	false	fix(compile): excerpt whole declarations and read C# XML documentation as prose
2519cd29786ebae60a969c46edeb336604b941e4	29d5c21982800d8ce62f5ed372153a7720cd2271	2026-09-23T19:23:15Z	2026-09-23T19:23:15Z	false	fix(client): admit a single-page reset through the authenticated local peer
47669370a16d4c1cfe5a4dcdf98d8419498df99c	2519cd29786ebae60a969c46edeb336604b941e4	2026-09-23T19:25:10Z	2026-09-23T19:25:10Z	false	"Revert ""fix(client): admit a single-page reset through the authenticated local peer"""
2b25f57868783c9db7ca4c4579f61d0c8c9ee3f5	47669370a16d4c1cfe5a4dcdf98d8419498df99c	2026-09-23T19:25:23Z	2026-09-23T19:25:23Z	false	test(journeys): hermetic end-to-end package journeys for every language lane
8af4eb5613c2b9b2862370259047894be2beeb63	2b25f57868783c9db7ca4c4579f61d0c8c9ee3f5	2026-09-23T19:25:50Z	2026-09-23T19:25:50Z	false	test(journeys): make the cutover and restart journeys hermetic and correct
9026ee22145c83ec66c531a400e1151a288f10c6	8af4eb5613c2b9b2862370259047894be2beeb63	2026-09-23T19:54:35Z	2026-09-23T19:54:35Z	false	fix(compile): treat an already-exited process group as torn down
650bc9fc3e8343bdf8cb034593896586c963b0e6	9026ee22145c83ec66c531a400e1151a288f10c6	2026-09-23T19:54:35Z	2026-09-23T19:54:35Z	false	test(engine): classify reference samples by their parent's id, then re-pin
c5fb80383ee24f7962436a8d0d37749d7ba43bbf	650bc9fc3e8343bdf8cb034593896586c963b0e6	2026-09-23T21:02:20Z	2026-09-23T21:02:20Z	false	fix(engine,java): project javac annotations and record components again
cfb066c4ac94e649b56a53c0b6d8964ab75784f4	c5fb80383ee24f7962436a8d0d37749d7ba43bbf	2026-09-23T21:02:20Z	2026-09-23T21:02:20Z	false	fix(engine,java): lower java.lang.String and Object to the shared builtins
bac219345b7c307ab73cccda89e8c02bd9367119	cfb066c4ac94e649b56a53c0b6d8964ab75784f4	2026-09-23T21:02:36Z	2026-09-23T21:02:36Z	false	test(flow): make the 210-case corpus audit read the planes its facts live in
a2ee7fc323480d1117eef98a727f056c5fb1ad58	bac219345b7c307ab73cccda89e8c02bd9367119	2026-09-23T21:02:50Z	2026-09-23T21:02:50Z	false	test(engine): replace the annotations row's false absence law with per-file facts
a6debf0fcb44ae8e2722e0054bc168113a5a4f8e	a2ee7fc323480d1117eef98a727f056c5fb1ad58	2026-09-23T21:11:41Z	2026-09-23T21:11:41Z	false	test(engine): drop the serde `derive` pass the offline corpus cannot satisfy
4b6a42cba6cff5ed4ded420029cfc79620d5f862	a6debf0fcb44ae8e2722e0054bc168113a5a4f8e	2026-09-23T21:11:41Z	2026-09-23T21:11:41Z	false	chore(nix): give the Rust real-corpus probes budgets from measured wall-clock
4b86cbfb586efef1554826f4bf518ad80601b82e	4b6a42cba6cff5ed4ded420029cfc79620d5f862	2026-09-23T21:15:38Z	2026-09-23T21:15:38Z	false	test(flow): a row worker the harness cannot start fails the fleet audit
23ecb75cd959e28ed7e7013a71427152991a7918	1327b8626af2057c5e86d77b369325c004ffa764 4b86cbfb586efef1554826f4bf518ad80601b82e	2026-09-25T15:07:44Z	2026-09-25T15:07:44Z	true	Merge remote-tracking branch 'origin/canonical' into canonical
e18852d757b5277040a84fc4ce6b1807e1d3ebab	23ecb75cd959e28ed7e7013a71427152991a7918	2026-09-25T16:10:06Z	2026-09-25T16:10:06Z	true	Resolve unambiguous Python imports to local nominals.
c36de31e631880d2d17f18a2718c90265a8199cd	e18852d757b5277040a84fc4ce6b1807e1d3ebab	2026-09-25T16:10:06Z	2026-09-25T16:10:06Z	true	Give repeated Go blank fields and vars distinct identities.
20d22776e5fac03d2ffb977bb7784398b8fc571c	c36de31e631880d2d17f18a2718c90265a8199cd	2026-09-25T16:10:06Z	2026-09-25T16:10:06Z	true	Declare nested bindings on constructor and method assignments.
19577e2d747552d004e93d49bbd503e4a0a73b83	20d22776e5fac03d2ffb977bb7784398b8fc571c	2026-09-25T16:10:06Z	2026-09-25T16:10:06Z	true	Keep Rust associated bindings, const args, and lifetimes distinct.
3307d24dba91bb993c47c92cf38e11311e8ee7d4	19577e2d747552d004e93d49bbd503e4a0a73b83	2026-09-25T16:43:23Z	2026-09-25T16:43:23Z	true	Add cross-language use-case flows with compile and token meters.
473c043ee602a4f50aad5376220f7246a3adc4e9	3307d24dba91bb993c47c92cf38e11311e8ee7d4	2026-09-25T16:52:06Z	2026-09-25T16:52:06Z	true	Name an empty graph instead of a missed declaration.
ed9b735c0e5152782d9392666f3a6f954fcad651	473c043ee602a4f50aad5376220f7246a3adc4e9	2026-09-25T17:08:04Z	2026-09-25T17:08:04Z	true	Project unresolved cgo names through the Go authority image.
b8b7c565699659940ff6ed239ecc113cdda7c452	ed9b735c0e5152782d9392666f3a6f954fcad651	2026-09-25T17:26:19Z	2026-09-25T17:26:19Z	true	Join stable semantic edges and expose who references a declaration.
757b2dc7e9d3454276677433c5e1bc69a232f7c9	b8b7c565699659940ff6ed239ecc113cdda7c452	2026-09-25T17:40:04Z	2026-09-25T17:40:04Z	true	Keep referencedBy inside one package.
d797601cd4509dc19e29b60bcd3956810329a5ee	757b2dc7e9d3454276677433c5e1bc69a232f7c9	2026-09-25T17:42:00Z	2026-09-25T17:42:00Z	true	Project Go interface method sets by type row, including foreign methods.
8f74b6276e78ad4fe85e12cc8e88a2fb5eeb2119	d797601cd4509dc19e29b60bcd3956810329a5ee	2026-09-25T17:47:33Z	2026-09-25T17:47:33Z	true	Admit reference lists wider than the old 255-element row.
a9b1a29a4e58de8f2c907c82fb17dcf134a52618	8f74b6276e78ad4fe85e12cc8e88a2fb5eeb2119	2026-09-25T17:55:41Z	2026-09-25T17:55:41Z	true	Let C references pass the declaration-fact ceiling.
72f3eac8328ce498aea30b049722c0eb24c63650	a9b1a29a4e58de8f2c907c82fb17dcf134a52618	2026-09-25T18:14:25Z	2026-09-25T18:14:25Z	true	Admit compound type rows wider than 64 children.
eca65e38d928b04ca973ca1afa2b1683c9cee922	72f3eac8328ce498aea30b049722c0eb24c63650	2026-09-25T18:20:21Z	2026-09-25T18:20:21Z	true	Keep Rust compound types inside the type-child lane.
3bdd9940b9e47f16e08aa27929e9a3da16adc2f7	eca65e38d928b04ca973ca1afa2b1683c9cee922	2026-09-25T18:32:20Z	2026-09-25T18:32:20Z	true	Retarget TypeScript wide-row tests to the 255-child lane.
824906ea174f1793b6ef068e74885a0ba6316d7b	3bdd9940b9e47f16e08aa27929e9a3da16adc2f7	2026-09-25T18:39:53Z	2026-09-25T18:39:53Z	true	Admit product rows wider than 64 children.
1b48354e4a4660a4a3cc04ee1ea43d33abe7b4d8	824906ea174f1793b6ef068e74885a0ba6316d7b	2026-09-25T18:45:54Z	2026-09-25T18:45:54Z	true	Keep tuple-struct fields past the sixteenth position.
b383a2bbffba0308bcfd9d5307a363f4aed25155	1b48354e4a4660a4a3cc04ee1ea43d33abe7b4d8	2026-09-25T18:52:09Z	2026-09-25T18:52:09Z	true	Keep every segment of a long JSDoc line.
74379f6c178204f90bbace38ece660918f501c63	b383a2bbffba0308bcfd9d5307a363f4aed25155	2026-09-25T18:57:15Z	2026-09-25T18:57:15Z	true	Let one TypeScript declaration stage every generic parameter.
2f8ae4a1bdb0526a2d20999312bbda7e8e064817	74379f6c178204f90bbace38ece660918f501c63	2026-09-25T19:03:35Z	2026-09-25T19:03:35Z	true	Give every wide Go blank signature a distinct name.
33f407b4d3e6b68198a45411f7ba2ce1aa061a5f	2f8ae4a1bdb0526a2d20999312bbda7e8e064817	2026-09-25T19:07:39Z	2026-09-25T19:07:39Z	true	Expect Python functions of 65 parameters to lower.
999f193c2b310595cdb8ff9318a85a870470df2c	33f407b4d3e6b68198a45411f7ba2ce1aa061a5f	2026-09-25T19:32:26Z	2026-09-25T19:32:26Z	true	Keep every member of a wide Python tuple or union.
cc00d391b00dede34c131206a957ea06810da213	999f193c2b310595cdb8ff9318a85a870470df2c	2026-09-25T19:32:54Z	2026-09-25T19:32:54Z	true	Prove a callee change impacts its local caller.
e6baecb08600145216ce66d59dd39ab160061839	cc00d391b00dede34c131206a957ea06810da213	2026-09-25T20:08:06Z	2026-09-25T20:08:06Z	true	Show same-file calls and a structural upgrade diff.
690f6809462181cebeaa0d1e7d3b78f5e1a98203	e6baecb08600145216ce66d59dd39ab160061839	2026-09-25T20:27:31Z	2026-09-25T20:27:31Z	true	Keep a block-local C use instead of dropping it.
25113d8d19e01ab908730130b6cdadde3562858c	690f6809462181cebeaa0d1e7d3b78f5e1a98203	2026-09-25T20:34:38Z	2026-09-25T20:34:38Z	true	Read the function body and fail a broken local manifest.
167d8adab4a104956c9ec1b5f17a9b9084adf0da	25113d8d19e01ab908730130b6cdadde3562858c	2026-09-25T20:57:27Z	2026-09-25T20:57:27Z	true	Resolve, explore, and open the tree from the index.
058ebdfbf76c22dbfa8d192a1de40453d312f8cc	167d8adab4a104956c9ec1b5f17a9b9084adf0da	2026-09-25T21:09:59Z	2026-09-25T21:09:59Z	true	Keep each distinct TypeScript block binding.
4b5e656193504e97e7adba78c7e641f69de0b335	058ebdfbf76c22dbfa8d192a1de40453d312f8cc	2026-09-25T15:10:29Z	2026-09-25T21:32:04Z	false	feat(registry): collapse dependency scope and stop counting dev edges
7b29938d31e73c6163623694d277ba7a0ce8a741	4b5e656193504e97e7adba78c7e641f69de0b335	2026-09-25T15:18:18Z	2026-09-25T21:32:04Z	false	refactor(semantic): admit catalog entities through one locator check
a31dbe870394bf430f97d891d93d39a9460b7056	7b29938d31e73c6163623694d277ba7a0ce8a741	2026-09-25T15:23:25Z	2026-09-25T21:32:04Z	false	refactor(semantic): admit exact and lexical selections through one check
9f2d3f37ddccf39bc5651558cb82b11a9434d08c	a31dbe870394bf430f97d891d93d39a9460b7056	2026-09-25T15:28:37Z	2026-09-25T21:32:04Z	false	refactor(qdrant): skip a PUT when the stored vector already matches
4c2072e76e24eac5b4fc5ba28ffdbf47e74c537e	9f2d3f37ddccf39bc5651558cb82b11a9434d08c	2026-09-25T15:34:45Z	2026-09-25T21:32:04Z	false	refactor(semantic): make exact and lexical manifest errors one type
8cefcd5569c2241ee333c6295a7f4844fb7e084a	4c2072e76e24eac5b4fc5ba28ffdbf47e74c537e	2026-09-25T15:44:18Z	2026-09-25T21:32:05Z	false	refactor(semantic): admit segment selections in linearithmic time
a8848f314aa609f2836e284ba95da95d32f41820	8cefcd5569c2241ee333c6295a7f4844fb7e084a	2026-09-25T15:53:27Z	2026-09-25T21:32:05Z	false	refactor(engine): share registry catalog growth checks
e9a6d6846d7e72f9b9f4ab57a0541fca2c8c4b34	a8848f314aa609f2836e284ba95da95d32f41820	2026-09-25T16:03:51Z	2026-09-25T21:32:05Z	false	refactor(engine): keep indirect Go requires out of runtime dependents
32926f04875ed93f5a2a01e66e15772391124368	058ebdfbf76c22dbfa8d192a1de40453d312f8cc e9a6d6846d7e72f9b9f4ab57a0541fca2c8c4b34	2026-09-25T22:08:25Z	2026-09-25T22:08:25Z	true	Merge pull request #13 from jimmy/port-edges-canonical-7a89
19a3f17f1314d9e548babc1b41d5d32a7505a867	058ebdfbf76c22dbfa8d192a1de40453d312f8cc	2026-09-25T21:49:30Z	2026-09-25T21:49:30Z	false	fix(qdrant): skip HTTP upserts when the coordinate key matches
8e2c59072c23cd43a68bd22fc337bc5fd46f317c	32926f04875ed93f5a2a01e66e15772391124368 19a3f17f1314d9e548babc1b41d5d32a7505a867	2026-09-25T22:08:30Z	2026-09-25T22:08:30Z	true	Merge pull request #16 from jimmy/qdrant-http-delta-7a89
6e98c66dff3e98f5980d6f4c869c4300659d68c8	058ebdfbf76c22dbfa8d192a1de40453d312f8cc	2026-09-25T22:03:34Z	2026-09-25T22:03:34Z	false	fix(turso): keep unchanged package edges across view roots
5b13c867947533b0efdafdc2cb0e93b8eaa2bcb9	8e2c59072c23cd43a68bd22fc337bc5fd46f317c 6e98c66dff3e98f5980d6f4c869c4300659d68c8	2026-09-25T22:08:30Z	2026-09-25T22:08:30Z	true	Merge pull request #18 from jimmy/turso-graph-delta-7a89
52a10f0bba48db0285ca62c92cec0ecf949abcf7	058ebdfbf76c22dbfa8d192a1de40453d312f8cc	2026-09-25T21:39:35Z	2026-09-25T21:39:35Z	false	Keep a field access that only exists inside a macro.
2e1912eb8129b6abd8475e109a199032438427c7	5b13c867947533b0efdafdc2cb0e93b8eaa2bcb9 52a10f0bba48db0285ca62c92cec0ecf949abcf7	2026-09-25T22:08:30Z	2026-09-25T22:08:30Z	true	Merge pull request #15 from jimmy/rust-macro-field-access
1f0c4d5f8f1513d02c773cd70cdc16e3ff6e20d5	058ebdfbf76c22dbfa8d192a1de40453d312f8cc	2026-09-25T21:54:48Z	2026-09-25T21:54:48Z	false	Resolve a Go call when the target package is in the same image.
b48e1cc0f3a699f926b4bf8e2e6475d836f6666c	2e1912eb8129b6abd8475e109a199032438427c7 1f0c4d5f8f1513d02c773cd70cdc16e3ff6e20d5	2026-09-25T22:08:30Z	2026-09-25T22:08:30Z	true	Merge pull request #17 from jimmy/go-in-image-call
6161c89f0b3d6766b9857b1821556ff744dbb7e8	058ebdfbf76c22dbfa8d192a1de40453d312f8cc	2026-09-25T21:34:32Z	2026-09-25T21:34:32Z	false	List indexed packages, owners, and versions from the manifest.
31195fb421603868360b75a7fea285e711c63f62	b48e1cc0f3a699f926b4bf8e2e6475d836f6666c 6161c89f0b3d6766b9857b1821556ff744dbb7e8	2026-09-25T22:08:30Z	2026-09-25T22:08:30Z	true	Merge pull request #14 from jimmy/catalog-indexed-owner
6c6705d7920180a99f616d1bc84da3bbd16a41e0	31195fb421603868360b75a7fea285e711c63f62	2026-09-25T22:21:47Z	2026-09-25T22:21:47Z	true	Add a Homebrew formula for the loopback MCP service.
d7eb1b54fec4d48a8d34be589dc7c9a0c0940d4e	6c6705d7920180a99f616d1bc84da3bbd16a41e0	2026-09-25T22:23:31Z	2026-09-25T22:23:31Z	true	Use Homebrew post-install steps for the MCP service directories.
4d7744ec3545c4f46a326325f843d8a5d7702d44	d7eb1b54fec4d48a8d34be589dc7c9a0c0940d4e	2026-09-25T22:28:54Z	2026-09-25T22:28:54Z	true	Place the MCP formula where a Homebrew tap can load it.
702f0e0ec079982d402b149cf3612f89b98d3744	4d7744ec3545c4f46a326325f843d8a5d7702d44	2026-09-25T22:56:17Z	2026-09-25T23:04:42Z	true	refactor(semantic): split the semantic IR god module
5412c55c0e5abe4175bb919f0f2a107c0267b684	702f0e0ec079982d402b149cf3612f89b98d3744	2026-09-25T22:32:30Z	2026-09-25T23:04:42Z	true	refactor(semantic): split the vocabulary god module
2e4fe4fd1590f6e07b63ebeb090bbc9479a890e8	5412c55c0e5abe4175bb919f0f2a107c0267b684	2026-09-25T22:42:38Z	2026-09-25T23:04:42Z	true	refactor(engine): split the acquisition god module
1fcb154c346d18b7a43de8323512e23432784b77	058ebdfbf76c22dbfa8d192a1de40453d312f8cc	2026-09-25T22:42:36Z	2026-09-25T22:42:36Z	false	Keep a macro use inside the function that contains it.
2af41223220d715bd9954670cd87a423efebe8bf	2e4fe4fd1590f6e07b63ebeb090bbc9479a890e8 1fcb154c346d18b7a43de8323512e23432784b77	2026-09-25T23:04:45Z	2026-09-25T23:04:45Z	true	Merge pull request #28 from jimmy/clang-macro-use-owner
e77bd92c2c1a3fc5509e8cae681324f82066f103	2af41223220d715bd9954670cd87a423efebe8bf	2026-09-25T22:23:38Z	2026-09-25T23:04:45Z	true	fix(registry): admit PyPI requires_dist from the JSON API
8f5044d4d5e49c8db6a7624a240add47d26de2f2	058ebdfbf76c22dbfa8d192a1de40453d312f8cc	2026-09-25T22:14:27Z	2026-09-25T22:14:27Z	false	refactor(semantic): share exact and lexical manifest admission
f0e9eff237c454fa385e5b1d5e7e19524c225034	e77bd92c2c1a3fc5509e8cae681324f82066f103 8f5044d4d5e49c8db6a7624a240add47d26de2f2	2026-09-25T23:07:25Z	2026-09-25T23:07:25Z	true	Merge index manifest admission (PR #20)
4c436f895beaf276f7809943f35a60196b301416	058ebdfbf76c22dbfa8d192a1de40453d312f8cc	2026-09-25T22:05:40Z	2026-09-25T22:05:40Z	false	Report indexed versions, profiles, and releases.
ddcf6e60dbbd70f0490e4188e4026341a8561863	4c436f895beaf276f7809943f35a60196b301416	2026-09-25T23:01:02Z	2026-09-25T23:01:02Z	false	Name advisory gaps and project members from the manifest.
ce9415a9d4a0461d4fe96417a71c0bd41f574ea8	f0e9eff237c454fa385e5b1d5e7e19524c225034 ddcf6e60dbbd70f0490e4188e4026341a8561863	2026-09-25T23:09:03Z	2026-09-25T23:09:03Z	true	Merge advisory gaps and indexed versions (PRs #32 and #30)
d52033b1b00f4be36d3bf82c0ab09d9317241f13	4b86cbfb586efef1554826f4bf518ad80601b82e	2026-09-25T23:07:53Z	2026-09-25T23:07:53Z	false	refactor(local-service): split typed view projection
bbc3be7036dff36dd772ae10f029241766aa145a	ce9415a9d4a0461d4fe96417a71c0bd41f574ea8 d52033b1b00f4be36d3bf82c0ab09d9317241f13	2026-09-25T23:10:55Z	2026-09-25T23:10:55Z	true	Merge typed view projection split (PR #39)
b196e1c2e28eae5428725537ae777ca884d4e3b2	bbc3be7036dff36dd772ae10f029241766aa145a	2026-09-25T23:12:22Z	2026-09-25T23:12:22Z	true	Keep the structural call-excerpt helper test-only at the module root.
ec4732bbb4a1c935a0bc83e33e53f58042203717	b196e1c2e28eae5428725537ae777ca884d4e3b2	2026-09-25T23:24:06Z	2026-09-25T23:24:06Z	true	Fix the merged index and view modules so the library tests typecheck.
7325b26d908d7447879febf24504db5b14f8b645	ec4732bbb4a1c935a0bc83e33e53f58042203717	2026-09-25T23:27:28Z	2026-09-25T23:27:28Z	true	Document the Mac Homebrew tap branch for the MCP formula.
d0c8478dfe9d2d28cbd59354426ce934429a4b72	4b86cbfb586efef1554826f4bf518ad80601b82e	2026-09-25T23:22:54Z	2026-09-25T23:22:54Z	false	fix(turso): rebuild a projection without rewriting unchanged rows
1e34eb4f05568e35aca2ebe4f75d3a7aaf53e3d5	7325b26d908d7447879febf24504db5b14f8b645 d0c8478dfe9d2d28cbd59354426ce934429a4b72	2026-09-25T23:29:19Z	2026-09-25T23:29:19Z	true	Merge Turso unchanged-row projection (PR #41)
057ce60991eedd982f29fcbe1c76a53f1640183f	4b86cbfb586efef1554826f4bf518ad80601b82e	2026-09-25T23:27:21Z	2026-09-25T23:27:21Z	false	fix(turso): keep package edges when only the view root changes
57afefc8056c55ffd8d282b6a0a820203a7062c0	1e34eb4f05568e35aca2ebe4f75d3a7aaf53e3d5 057ce60991eedd982f29fcbe1c76a53f1640183f	2026-09-25T23:32:39Z	2026-09-25T23:32:39Z	true	Merge Turso package-graph fact retention (PR #42)
d042ae578074c92605d3693c6286067dd6c97e49	4b86cbfb586efef1554826f4bf518ad80601b82e	2026-09-25T23:15:17Z	2026-09-25T23:15:17Z	false	refactor(local-service): split the product command pipeline
64c36433b2a6dd68100f38c582d584673c802944	57afefc8056c55ffd8d282b6a0a820203a7062c0 d042ae578074c92605d3693c6286067dd6c97e49	2026-09-25T23:36:15Z	2026-09-25T23:36:15Z	true	Merge the product command pipeline split (PR #40)
a71fffd2905d37a9cfd86353fc55385b880fe3bb	4b86cbfb586efef1554826f4bf518ad80601b82e	2026-09-25T22:56:17Z	2026-09-25T22:56:17Z	false	refactor(semantic): split the semantic IR god module
97cc31d583a283df505c5531f880b256dc688095	64c36433b2a6dd68100f38c582d584673c802944 a71fffd2905d37a9cfd86353fc55385b880fe3bb	2026-09-25T23:36:28Z	2026-09-25T23:36:28Z	true	Merge the semantic IR module split (PR #31)
4a4611c3c8130f06645871972f821b475419edc8	97cc31d583a283df505c5531f880b256dc688095	2026-09-25T23:39:51Z	2026-09-25T23:39:51Z	true	Keep the package-graph edge owned across the rowid assertion
aa17a7c84b3b85f0ce94c116b63befa5c995742f	ec4732bbb4a1c935a0bc83e33e53f58042203717	2026-09-25T23:34:38Z	2026-09-25T23:34:38Z	false	fix(turso): keep unchanged projection rows across view roots
0a13e3ec5c110255c040996e28d89c00d5395354	4a4611c3c8130f06645871972f821b475419edc8 aa17a7c84b3b85f0ce94c116b63befa5c995742f	2026-09-25T23:42:08Z	2026-09-25T23:42:08Z	true	Merge PR #44: Skip unchanged rows when rebuilding a Turso projection
39148b33cf746e836bb5a0a450b93a8122a8a88a	ec4732bbb4a1c935a0bc83e33e53f58042203717	2026-09-25T23:38:24Z	2026-09-25T23:38:24Z	false	fix(turso): keep matching package states across view roots
3f2e63936ac76f7489c44d245d69b2edaa3fa4bd	0a13e3ec5c110255c040996e28d89c00d5395354 39148b33cf746e836bb5a0a450b93a8122a8a88a	2026-09-25T23:42:37Z	2026-09-25T23:42:37Z	true	Merge PR #45: Keep matching package-graph states across view roots
c7090790933669482a3a61c8dd533dd7a759c96c	3f2e63936ac76f7489c44d245d69b2edaa3fa4bd	2026-09-25T23:05:06Z	2026-09-25T23:45:42Z	true	vendor(gpui-ce): import the gpui-ce core framework
09ea4d6fe99dfb05d22c859551f0c7341d78922f	c7090790933669482a3a61c8dd533dd7a759c96c	2026-09-25T23:05:08Z	2026-09-25T23:45:42Z	true	vendor(gpui-ce): import the macOS Metal platform backend
1b9eea4668c25b8ab58652a78384265e7fe292ee	09ea4d6fe99dfb05d22c859551f0c7341d78922f	2026-09-25T23:05:11Z	2026-09-25T23:45:42Z	true	vendor(gpui-ce): import the gpui components base library
3e4dc59dd07f1c44e69e4774fad0c6e3ccf5185d	1b9eea4668c25b8ab58652a78384265e7fe292ee	2026-09-25T23:05:14Z	2026-09-25T23:45:42Z	true	vendor(gpui-ce): split tree-sitter-json and add c++ highlight queries
b24713f4105ec0a42a3ebd479ba6a64587328270	3e4dc59dd07f1c44e69e4774fad0c6e3ccf5185d	2026-09-25T23:05:17Z	2026-09-25T23:45:42Z	true	feat(facet): add the backend-facet design system crate
4d9bc35c2528bd5800e71c9ca6fbc4352e88928a	b24713f4105ec0a42a3ebd479ba6a64587328270	2026-09-25T23:05:20Z	2026-09-25T23:45:42Z	true	docs(design): add the nudox design system boards, fonts, and v4 prototypes
2741664708f6df7bc6d842e3c0e171e0e76ddbc2	4d9bc35c2528bd5800e71c9ca6fbc4352e88928a	2026-09-25T23:05:22Z	2026-09-25T23:45:42Z	true	docs(gui): add the desktop gui architecture plan
61a74c8a2e3a97b5275abb534e2819151774a97e	2741664708f6df7bc6d842e3c0e171e0e76ddbc2	2026-09-25T23:05:25Z	2026-09-25T23:45:42Z	true	test(gui-harness): add scripted session and storm drivers
8009e30e47eb2024eb05005bf19725271c3d35da	61a74c8a2e3a97b5275abb534e2819151774a97e	2026-09-25T23:05:28Z	2026-09-25T23:45:43Z	true	feat(desktop): cutover the window shell to backend-facet
bd4ea78e4581f293f3f571751200c7a157b0bff9	8009e30e47eb2024eb05005bf19725271c3d35da	2026-09-25T23:05:37Z	2026-09-25T23:45:43Z	true	build(workspace): patch crates-io with the vendored gpui-ce crates and register backend-facet
5a36a6a506443caebef697c3fd348833915ad2f8	bd4ea78e4581f293f3f571751200c7a157b0bff9	2026-09-25T23:56:36Z	2026-09-25T23:56:36Z	true	formulae fix
47d1de5aea53ef73e22224a0832c34077a6c790c	5a36a6a506443caebef697c3fd348833915ad2f8	2026-09-26T01:07:31Z	2026-09-26T01:07:59Z	true	Start the Homebrew MCP service without a project path
e0da2e09080cfcc7dc7acee5fd6a762b2920d1a7	47d1de5aea53ef73e22224a0832c34077a6c790c	2026-09-26T01:19:37Z	2026-09-26T01:19:37Z	true	feat: add facet graph/anatomy/semantics surfaces and manifest rework
64d501dbfa9d2ea548ce8498d9853cdbb098ab9a	e0da2e09080cfcc7dc7acee5fd6a762b2920d1a7	2026-09-26T01:36:22Z	2026-09-26T01:36:22Z	true	brew: pour the v0.2.0 release binaries for backend-mcp
481af00ad22ac115b6eb63ae452c9a1cba7ffcbc	64d501dbfa9d2ea548ce8498d9853cdbb098ab9a	2026-09-26T01:41:00Z	2026-09-26T01:41:06Z	true	Advertise the MCP session tools and require an index path
c27cf94a851cc4e41439cd474851bbb24129d3bd	481af00ad22ac115b6eb63ae452c9a1cba7ffcbc	2026-09-26T01:41:49Z	2026-09-26T01:41:49Z	true	Let the bottled service start without a project file
7faf91d200ca40fca9645394a3dd48452ed8530e	c27cf94a851cc4e41439cd474851bbb24129d3bd	2026-09-26T01:44:26Z	2026-09-26T15:29:19Z	true	fix(runtime): spawn locald with the owning project as its working directory
7fb70cd6551bd5a87d7dfab830e0ca58d32612f8	5a36a6a506443caebef697c3fd348833915ad2f8	2026-09-26T14:15:35Z	2026-09-26T14:15:35Z	false	Split output lookup admission into its own module.
bc8af50e9fa4f4583bfd6e4298e6db05b30d48db	7faf91d200ca40fca9645394a3dd48452ed8530e 7fb70cd6551bd5a87d7dfab830e0ca58d32612f8	2026-09-26T15:29:23Z	2026-09-26T15:29:23Z	true	Merge remote-tracking branch 'origin/jimmy/output-lookup-run-7a89' into jimmy/merge-open-prs-088a
1c766d1d147fb3a7ceedbc7aad23ba096245efb9	5a36a6a506443caebef697c3fd348833915ad2f8	2026-09-26T14:15:35Z	2026-09-26T14:15:35Z	false	Split store garbage collection into the sweep module.
c956f1029c96ffc0aff18da434faaa08b0a750af	1c766d1d147fb3a7ceedbc7aad23ba096245efb9	2026-09-26T14:22:28Z	2026-09-26T14:22:28Z	false	Restore test-only GC imports the sweep move dropped.
d6fe99461f81e210143d3b4c6ea0506523daa089	bc8af50e9fa4f4583bfd6e4298e6db05b30d48db c956f1029c96ffc0aff18da434faaa08b0a750af	2026-09-26T15:29:23Z	2026-09-26T15:29:23Z	true	Merge remote-tracking branch 'origin/jimmy/store-gc-sweep-7a89' into jimmy/merge-open-prs-088a
157e6cf4c10aaad2171301ab03bb8212ed47709f	5a36a6a506443caebef697c3fd348833915ad2f8	2026-09-26T14:15:35Z	2026-09-26T14:15:35Z	false	Split demand-graph updates into their own module.
e52f56dd9c493046adbf5cf8f340d43b4470a0c1	d6fe99461f81e210143d3b4c6ea0506523daa089 157e6cf4c10aaad2171301ab03bb8212ed47709f	2026-09-26T15:29:23Z	2026-09-26T15:29:23Z	true	Merge remote-tracking branch 'origin/jimmy/demand-graph-apply-7a89' into jimmy/merge-open-prs-088a
0e14bbb22210463b6e84ca95096cf4be3ed9accd	5a36a6a506443caebef697c3fd348833915ad2f8	2026-09-26T14:15:35Z	2026-09-26T14:15:35Z	false	Split durable manifest reads into their own module.
95ec4129d7dc33060fe66c31d0a990ceb9a1f347	e52f56dd9c493046adbf5cf8f340d43b4470a0c1 0e14bbb22210463b6e84ca95096cf4be3ed9accd	2026-09-26T15:29:23Z	2026-09-26T15:29:23Z	true	Merge remote-tracking branch 'origin/jimmy/durable-manifest-page-7a89' into jimmy/merge-open-prs-088a
dbd8a7d1bc1d2a4892b11135294fc1aedde7254e	5a36a6a506443caebef697c3fd348833915ad2f8	2026-09-26T15:01:15Z	2026-09-26T15:01:15Z	false	test(qdrant): prove delta-aware HTTP upserts and measure them
d73a5f2025147f35a50333a69878cd1b92544a6a	dbd8a7d1bc1d2a4892b11135294fc1aedde7254e	2026-09-26T15:27:46Z	2026-09-26T15:27:46Z	false	bench(qdrant): honor with_vector on the delta loopback
94907467613eb83fb38244cbb8d754f2065d8d65	95ec4129d7dc33060fe66c31d0a990ceb9a1f347 d73a5f2025147f35a50333a69878cd1b92544a6a	2026-09-26T15:29:23Z	2026-09-26T15:29:23Z	true	Merge remote-tracking branch 'origin/jimmy/qdrant-projection-proof-7a89' into jimmy/merge-open-prs-088a
4e309678b78b34b75ff00d92da4277993f1ad9df	5a36a6a506443caebef697c3fd348833915ad2f8	2026-09-26T15:04:50Z	2026-09-26T15:04:50Z	false	refactor(engine): move GenerationBindingStore methods into their own module
1a632f90beb136b0ccf1085f7151d4c9654bd1c3	94907467613eb83fb38244cbb8d754f2065d8d65 4e309678b78b34b75ff00d92da4277993f1ad9df	2026-09-26T15:29:23Z	2026-09-26T15:29:23Z	true	Merge remote-tracking branch 'origin/jimmy/generation-binding-store-7a89' into jimmy/merge-open-prs-088a
c043b875e50c91db323b074f6959695fdf6e2816	5a36a6a506443caebef697c3fd348833915ad2f8	2026-09-26T15:04:50Z	2026-09-26T15:04:50Z	false	refactor(compile): move PersistentProcess methods into their own module
ae0f32736f0ad28f38b7c9da94383503028a7e58	1a632f90beb136b0ccf1085f7151d4c9654bd1c3 c043b875e50c91db323b074f6959695fdf6e2816	2026-09-26T15:29:23Z	2026-09-26T15:29:23Z	true	Merge remote-tracking branch 'origin/jimmy/native-process-run-7a89' into jimmy/merge-open-prs-088a
3bdd0e51446175de2f3aac6cd81f44439cfa315d	5a36a6a506443caebef697c3fd348833915ad2f8	2026-09-26T15:05:18Z	2026-09-26T15:05:18Z	false	refactor(store): move ClosureManifest methods into their own module
23c9d72f6607677e5622b8ad11dc049a626eaa94	ae0f32736f0ad28f38b7c9da94383503028a7e58 3bdd0e51446175de2f3aac6cd81f44439cfa315d	2026-09-26T15:29:23Z	2026-09-26T15:29:23Z	true	Merge remote-tracking branch 'origin/jimmy/closure-manifest-read-7a89' into jimmy/merge-open-prs-088a
3680f99afb30485e08c8b3dcfb31190bdf75bdd6	5a36a6a506443caebef697c3fd348833915ad2f8	2026-09-26T15:06:17Z	2026-09-26T15:06:17Z	false	refactor(semantic): move EdgeBatchProducer methods into their own module
c7d560db387079d39e6cbb64d529bd69e7990e57	23c9d72f6607677e5622b8ad11dc049a626eaa94 3680f99afb30485e08c8b3dcfb31190bdf75bdd6	2026-09-26T15:29:23Z	2026-09-26T15:29:23Z	true	Merge remote-tracking branch 'origin/jimmy/edge-batch-produce-7a89' into jimmy/merge-open-prs-088a
e7c0905a4dd749d75485582e04c6acbbaeacc4c6	5a36a6a506443caebef697c3fd348833915ad2f8	2026-09-26T15:24:12Z	2026-09-26T15:24:12Z	false	perf(ingest): keep compiler text only for files that changed
e60f9628cead35874b8322b5da3400c8bc2205a0	c7d560db387079d39e6cbb64d529bd69e7990e57 e7c0905a4dd749d75485582e04c6acbbaeacc4c6	2026-09-26T15:29:23Z	2026-09-26T15:29:23Z	true	Merge remote-tracking branch 'origin/jimmy/ingest-delta-sources-7a89' into jimmy/merge-open-prs-088a
06088d0d011760a4566c65fefaa3dd6b784e163a	5a36a6a506443caebef697c3fd348833915ad2f8	2026-09-26T04:47:01Z	2026-09-26T04:47:01Z	false	Follow an imported call into the other file.
869bde6fe4f4a75753cfb20ebfad4582b0cef138	06088d0d011760a4566c65fefaa3dd6b784e163a	2026-09-26T05:22:24Z	2026-09-26T05:22:24Z	false	Answer graph and related from the whole project.
d5b5445bca6003bc655b2814f380a4b1fa1d3b38	869bde6fe4f4a75753cfb20ebfad4582b0cef138	2026-09-26T07:55:08Z	2026-09-26T07:55:08Z	false	Answer references from the whole project.
316d8f126fbd88d0a064f0deac58c3207967fabb	d5b5445bca6003bc655b2814f380a4b1fa1d3b38	2026-09-26T09:31:03Z	2026-09-26T09:31:03Z	false	Join a typed method call to the method it names.
65d9ab290f352964a766f8d241fa427b784e6a7f	316d8f126fbd88d0a064f0deac58c3207967fabb	2026-09-26T09:48:00Z	2026-09-26T09:48:00Z	false	Follow a dotted Python module to its file.
c6e9322c4805ea055e4a7cd7bac038e03953458a	65d9ab290f352964a766f8d241fa427b784e6a7f	2026-09-26T09:58:48Z	2026-09-26T09:58:48Z	false	Follow a Go import path to its package directory.
e30101584a6b7294ca4e322168ae213a9f55dd65	c6e9322c4805ea055e4a7cd7bac038e03953458a	2026-09-26T10:47:53Z	2026-09-26T10:47:53Z	false	Follow a resolved Rust method to its file.
bf2c926557cf0c6dffb896673fb01e0f9bd0d6e0	e30101584a6b7294ca4e322168ae213a9f55dd65	2026-09-26T11:06:39Z	2026-09-26T11:06:39Z	false	Follow a resolved Rust path call to its file.
d381fa3d2882e85ea11a1e04ef58eb5fa8d56521	bf2c926557cf0c6dffb896673fb01e0f9bd0d6e0	2026-09-26T11:30:51Z	2026-09-26T11:30:51Z	false	Follow a C call to the file that declares it.
5c52e47daf75aadb798d3e9c92c5c14913420e1b	d381fa3d2882e85ea11a1e04ef58eb5fa8d56521	2026-09-26T11:57:44Z	2026-09-26T11:57:44Z	false	Join in-project calls in the query graph.
456289fbd46ac1104cc24d66060d2cc8fdde87ec	5c52e47daf75aadb798d3e9c92c5c14913420e1b	2026-09-26T12:25:20Z	2026-09-26T12:25:20Z	false	Follow a Rust type mention to the file that declares it.
aa55af3d544f8cce4543007fda578dae6d8176ba	456289fbd46ac1104cc24d66060d2cc8fdde87ec	2026-09-26T12:50:04Z	2026-09-26T12:50:04Z	false	Give a crate-root use an owner so the import is kept.
d716adea212b7c74b7808d4425e8eb739746cf3d	aa55af3d544f8cce4543007fda578dae6d8176ba	2026-09-26T13:17:36Z	2026-09-26T13:17:36Z	false	Follow a Rust field read to the field it names.
cf0b384dd0b164bcd299f88f2963b53e4c26126b	d716adea212b7c74b7808d4425e8eb739746cf3d	2026-09-26T13:54:23Z	2026-09-26T13:54:23Z	false	Follow a Java field read to the field on its type.
74c9fe785fa05bd3fd90b1114cb036662d168dcc	cf0b384dd0b164bcd299f88f2963b53e4c26126b	2026-09-26T14:30:58Z	2026-09-26T14:30:58Z	false	Follow a C# field read to the field on its type.
b2b9f7143df616830da7f91a99320f94a21e6217	74c9fe785fa05bd3fd90b1114cb036662d168dcc	2026-09-26T14:52:16Z	2026-09-26T14:52:16Z	false	Follow a qualified type mention to the type it names.
8ad3595921757136f73563564443b05e7520cf10	b2b9f7143df616830da7f91a99320f94a21e6217	2026-09-26T15:06:03Z	2026-09-26T15:06:03Z	false	Follow an import to the declaration it names.
463a8449f1ca90eb8e469dbdcc305ca8bc5e5544	e60f9628cead35874b8322b5da3400c8bc2205a0 8ad3595921757136f73563564443b05e7520cf10	2026-09-26T15:29:43Z	2026-09-26T15:29:43Z	true	Merge remote-tracking branch 'origin/jimmy/import-mention' into jimmy/merge-open-prs-088a
15856241178c92fb27c2fbcc873db8e7f3c74232	cf0b384dd0b164bcd299f88f2963b53e4c26126b	2026-09-26T14:26:49Z	2026-09-26T14:26:49Z	false	Follow a C++ method call to the header that declares it.
d3de3c2573ab686bffbc8ae4f32326a208360ce9	15856241178c92fb27c2fbcc873db8e7f3c74232	2026-09-26T14:52:16Z	2026-09-26T14:52:16Z	false	Follow a C type use to the header that declares it.
1652699840b97f807fce55922de629d2f9b0e635	d3de3c2573ab686bffbc8ae4f32326a208360ce9	2026-09-26T15:10:21Z	2026-09-26T15:10:21Z	false	Follow a C field read to the header that declares it.
0987c000f9024642cbb5ce06067581b332abd0a4	463a8449f1ca90eb8e469dbdcc305ca8bc5e5544 1652699840b97f807fce55922de629d2f9b0e635	2026-09-26T15:29:43Z	2026-09-26T15:29:43Z	true	Merge remote-tracking branch 'origin/jimmy/clang-field-read' into jimmy/merge-open-prs-088a
88afdebe741119070d7a4bca2239e8b716b5b242	cf0b384dd0b164bcd299f88f2963b53e4c26126b	2026-09-26T14:26:49Z	2026-09-26T14:26:49Z	false	Follow a Python attribute read to the field it names.
b2d285ff1043ece8ee0936e3b9cfaeeac5ecff70	0987c000f9024642cbb5ce06067581b332abd0a4 88afdebe741119070d7a4bca2239e8b716b5b242	2026-09-26T15:29:46Z	2026-09-26T15:29:46Z	true	Merge remote-tracking branch 'origin/jimmy/py-field-join' into jimmy/merge-open-prs-088a
faa4da4ad5d94dbf6f39960d4abc442d8bddeb0c	d716adea212b7c74b7808d4425e8eb739746cf3d	2026-09-26T13:48:27Z	2026-09-26T13:48:27Z	false	Follow a Go field read to the field in the other file.
d56501dcd64a4f88fa038c748327a535d93cd7d0	faa4da4ad5d94dbf6f39960d4abc442d8bddeb0c	2026-09-26T14:52:16Z	2026-09-26T14:52:16Z	false	Follow a Go type mention to the file that declares it.
99c3a96f406deec78fbead8a2e448419a2e64179	b2d285ff1043ece8ee0936e3b9cfaeeac5ecff70 d56501dcd64a4f88fa038c748327a535d93cd7d0	2026-09-26T15:29:49Z	2026-09-26T15:29:49Z	true	Merge remote-tracking branch 'origin/jimmy/go-type-mention' into jimmy/merge-open-prs-088a
35e8a9b6a74b038626b48dd8f64e84356fac2708	d56501dcd64a4f88fa038c748327a535d93cd7d0	2026-09-26T15:29:09Z	2026-09-26T15:29:09Z	false	Follow a Go const to the file that declares it.
67c82a2578e3f9a01901c4125cd5dfee7ed77144	99c3a96f406deec78fbead8a2e448419a2e64179 35e8a9b6a74b038626b48dd8f64e84356fac2708	2026-09-26T15:35:47Z	2026-09-26T15:35:47Z	true	Merge remote-tracking branch 'origin/jimmy/go-const-mention' into jimmy/merge-open-prs-088a
f72d7d96a910d7157ed02cd7438345ba3e393869	8ad3595921757136f73563564443b05e7520cf10	2026-09-26T15:29:09Z	2026-09-26T15:29:09Z	false	Follow a Rust const or variant to the file that declares it.
a6da38890cf10dc7d9d60702c02357db80af92ba	67c82a2578e3f9a01901c4125cd5dfee7ed77144 f72d7d96a910d7157ed02cd7438345ba3e393869	2026-09-26T15:35:48Z	2026-09-26T15:35:48Z	true	Merge remote-tracking branch 'origin/jimmy/rust-value-read' into jimmy/merge-open-prs-088a
ed9a8554c5c85cf9d021010d10b02929f08f82d5	e7c0905a4dd749d75485582e04c6acbbaeacc4c6	2026-09-26T15:37:00Z	2026-09-26T15:37:00Z	false	perf(ingest): compile only the language profiles that changed
b71f3ccaf022aa434b341f3fde5820f946868c07	ed9a8554c5c85cf9d021010d10b02929f08f82d5	2026-09-26T15:44:12Z	2026-09-26T15:44:12Z	false	fix(ingest): retire a selected publication when its profile leaves the scan
1df43f99e2d0b2567c15ffb6107c8c911427fc26	a6da38890cf10dc7d9d60702c02357db80af92ba b71f3ccaf022aa434b341f3fde5820f946868c07	2026-09-26T15:45:48Z	2026-09-26T15:45:48Z	true	Merge remote-tracking branch 'origin/jimmy/ingest-delta-sources-7a89' into jimmy/merge-open-prs-088a
020fd5e200285aacacdb48757ca156df725ef1e6	1df43f99e2d0b2567c15ffb6107c8c911427fc26	2026-09-26T00:15:18Z	2026-09-26T15:57:49Z	true	feat(registry): admit literal Conan recipe requirements
8d467353d899623a4bcdf213895a441a2be3a882	020fd5e200285aacacdb48757ca156df725ef1e6	2026-09-26T00:23:02Z	2026-09-26T15:57:54Z	true	fix(registry): keep one NuGet edge across target frameworks
d63980f5c1f3298c00dbb95eb02c1cb10c4151d0	8d467353d899623a4bcdf213895a441a2be3a882	2026-09-26T00:48:57Z	2026-09-26T15:59:08Z	true	feat(local-service): identify staged npm, Python, Go, Maven, and NuGet manifests
7ca86cc029e38db640933aef0df8e4da8487eefb	d63980f5c1f3298c00dbb95eb02c1cb10c4151d0	2026-09-26T00:57:49Z	2026-09-26T15:59:08Z	true	feat(local-service): admit local dependency edges beyond Cargo
e807dc7b3fbc7d0aaf928db08646420d12e0a6b5	7ca86cc029e38db640933aef0df8e4da8487eefb	2026-09-26T02:05:30Z	2026-09-26T15:59:12Z	true	Record a TypeScript property access on the property token.
6c619c764fe4e300bc0ff4864732181a16478fee	e807dc7b3fbc7d0aaf928db08646420d12e0a6b5	2026-09-26T02:58:27Z	2026-09-26T15:59:12Z	true	Publish a TypeScript catch binding as a local static.
9cc0dcd31ac48e01eaced90438b7afaf9b8bd190	6c619c764fe4e300bc0ff4864732181a16478fee	2026-09-26T03:29:38Z	2026-09-26T15:59:52Z	true	Resolve a TypeScript enum member use to that enum's variant.
c6cc8915183185af77d4386f2422ed4d4793801f	9cc0dcd31ac48e01eaced90438b7afaf9b8bd190	2026-09-26T07:06:00Z	2026-09-26T16:00:14Z	true	Record a TypeScript function value as a call.
a559eb18783d5a785e3fbec160116eb49f741850	c6cc8915183185af77d4386f2422ed4d4793801f	2026-09-26T07:40:44Z	2026-09-26T16:00:15Z	true	Record a TypeScript const arrow as a call.
84a43fb380e2375bbabb3bba063e3f63c78904e3	a559eb18783d5a785e3fbec160116eb49f741850	2026-09-26T08:28:02Z	2026-09-26T16:00:42Z	true	Record a cross-file method call from the checker.
cb2ca51019f29362911f398e6a75b891c7cd744f	84a43fb380e2375bbabb3bba063e3f63c78904e3	2026-09-26T13:42:12Z	2026-09-26T16:01:29Z	true	Follow a TypeScript property read to the field it names.
839b33c1065a8208702524e0c9f5e3dc6167396f	cb2ca51019f29362911f398e6a75b891c7cd744f	2026-09-26T05:33:16Z	2026-09-26T16:01:29Z	true	Record a bare C# property read as a field read.
e3ea7acebc9f716743209600da4fcaafd54f3779	839b33c1065a8208702524e0c9f5e3dc6167396f	2026-09-26T06:48:07Z	2026-09-26T16:01:48Z	true	Record a C# method group as a call.
affa5c362448bf7c4f4926b29e5334e42a21ffef	e3ea7acebc9f716743209600da4fcaafd54f3779	2026-09-26T06:18:43Z	2026-09-26T16:01:48Z	true	Record Java method and constructor references.
d287a7d4d553663adcb89f846f028afa6a69341e	affa5c362448bf7c4f4926b29e5334e42a21ffef	2026-09-26T08:52:04Z	2026-09-26T16:02:50Z	true	Resolve a Python call through its annotated class.
ffe60e8c10956a9d3a1589698f25d42b2023df5b	d287a7d4d553663adcb89f846f028afa6a69341e	2026-09-26T08:08:46Z	2026-09-26T16:02:50Z	true	Find a method by its owner name.
41e366823724e3251f9586d6d9562cc17902279c	ffe60e8c10956a9d3a1589698f25d42b2023df5b	2026-09-26T02:16:25Z	2026-09-26T16:02:50Z	true	Fail forge commands when acquisition is not configured.
dec7b20cb1d9b997ee18cbab4b3d3206cf01dd4a	41e366823724e3251f9586d6d9562cc17902279c	2026-09-26T13:42:13Z	2026-09-26T16:02:50Z	true	Follow a Rust macro field read to the field it names.
d531774072eb9b86b0f3fc795c58833a6777ae6f	dec7b20cb1d9b997ee18cbab4b3d3206cf01dd4a	2026-09-25T23:56:33Z	2026-09-26T16:02:51Z	true	Follow, sync, and close the surfaces a new user still had open.
3c7104d544638b48b994e3cdf00f46d38bedd0a6	d531774072eb9b86b0f3fc795c58833a6777ae6f	2026-09-26T16:12:51Z	2026-09-26T16:12:51Z	true	Fix cherry-picked call sites against current foreign-key and checker shapes.
d8a8a23377274dd6064f80923533ce618121f87f	3c7104d544638b48b994e3cdf00f46d38bedd0a6	2026-09-26T16:27:24Z	2026-09-26T16:27:24Z	true	Resolve enum members before syntactic TypeScript property reads.
28a8fe8db5545b0ec46dd4e458bf1f343c51770c	d8a8a23377274dd6064f80923533ce618121f87f	2026-09-26T15:51:31Z	2026-09-26T16:28:03Z	true	Follow a Go variable to the file that declares it.
fd7366ec20f607f3ce527719b7e583277de0c7f3	28a8fe8db5545b0ec46dd4e458bf1f343c51770c	2026-09-26T15:51:31Z	2026-09-26T16:28:03Z	true	Follow a C value use to the header that declares it.
ef4dacb05ff045fdfbca36fe8f1614bec76383a8	fd7366ec20f607f3ce527719b7e583277de0c7f3	2026-09-26T16:22:41Z	2026-09-26T16:28:03Z	true	Follow a namespace const or variant to the declaration it names.
e35dd407c8015494eecf41e0f1de200a7367e932	ef4dacb05ff045fdfbca36fe8f1614bec76383a8	2026-09-26T16:24:42Z	2026-09-26T16:28:03Z	true	Pin a Rust associated const to the file that declares it.
1f907dab0b936615c52ecf3b299c9d6d25bf295e	e35dd407c8015494eecf41e0f1de200a7367e932	2026-09-26T16:30:15Z	2026-09-26T16:31:52Z	true	perf(search): keep Tantivy postings across a view change
c56c7fd2030d1edc8b038db78ecdccd3c3da12de	1f907dab0b936615c52ecf3b299c9d6d25bf295e	2026-09-26T16:39:46Z	2026-09-26T17:18:31Z	true	Follow a C function used as a value to the header that declares it.
cb2b4ee80ee347ffe414ebff719c13670d93f461	c56c7fd2030d1edc8b038db78ecdccd3c3da12de	2026-09-26T17:07:24Z	2026-09-26T17:18:31Z	true	Follow a Rust function value to the file that declares it.
23d69ed9b9a56a7fafc3ab704a561099c91f8ad8	cb2b4ee80ee347ffe414ebff719c13670d93f461	2026-09-26T17:08:24Z	2026-09-26T17:18:31Z	true	Follow a TypeScript enum member to the file that declares it.
2ed5d147012ee7bb549797e27bbd097ccc3f6aad	23d69ed9b9a56a7fafc3ab704a561099c91f8ad8	2026-09-26T17:16:06Z	2026-09-26T17:18:31Z	true	perf(qdrant): keep vectors resident when the view fence moves
023ba50e518b873208160fe80762d3c3a0c4668d	2ed5d147012ee7bb549797e27bbd097ccc3f6aad	2026-09-26T17:22:03Z	2026-09-26T17:25:13Z	true	Follow a C# const to the field on its type.
532d46c9680150ddbc0d7fd172588eb1131042da	023ba50e518b873208160fe80762d3c3a0c4668d	2026-09-26T01:49:06Z	2026-09-26T17:45:18Z	true	brew: pour the v0.2.1 release binaries
d02a51122eb5f760fba9f90fc95c4bf7fda3f967	532d46c9680150ddbc0d7fd172588eb1131042da	2026-09-26T17:44:06Z	2026-09-26T17:45:18Z	true	fix(gpui-vendor): give the input blink cursor a focus-phase clock
e347f22b965f42c8864ba62ddccd1ba5dda72e19	d02a51122eb5f760fba9f90fc95c4bf7fda3f967	2026-09-26T17:44:07Z	2026-09-26T17:45:18Z	true	test(frontends/rust): add the toml_pin fixture
0a2d0558c455bbb7fe21aa6dbba2c55b69215d40	e347f22b965f42c8864ba62ddccd1ba5dda72e19	2026-09-26T17:44:07Z	2026-09-26T17:45:18Z	true	feat(facet): project semantic bounds, relations, and pages
4ff1c26b894f89a78ea869d8ab0c5f85c44f705c	0a2d0558c455bbb7fe21aa6dbba2c55b69215d40	2026-09-26T17:44:07Z	2026-09-26T17:45:18Z	true	feat(facet): add semantic recipes, fails, and the guided tour
feeb0e375b77a456152366b773dbf19f9af4e187	4ff1c26b894f89a78ea869d8ab0c5f85c44f705c	2026-09-26T17:44:07Z	2026-09-26T17:45:18Z	true	test(facet): pin semantic recipes, relations, and engine goldens
dd0709b8326dd59ea1430a8dc31f5dc2c386cafd	feeb0e375b77a456152366b773dbf19f9af4e187	2026-09-26T17:44:08Z	2026-09-26T17:45:18Z	true	test(facet): add semantic registry fixtures for serde cores
75acb3780d47f2de9ac2dd7c7673015cf03625ef	dd0709b8326dd59ea1430a8dc31f5dc2c386cafd	2026-09-26T17:44:08Z	2026-09-26T17:45:18Z	true	test(facet): add semantic repo fixtures across present, qdrant, clang
d6ea8e4b2ce8332e5edfd8a118fab811a59b0cfa	75acb3780d47f2de9ac2dd7c7673015cf03625ef	2026-09-26T17:44:15Z	2026-09-26T17:45:18Z	true	feat(facet): graduate anatomy out of the wip gate
8cbcba5c458fac23baebbdc14237e54c9ef3a60b	d6ea8e4b2ce8332e5edfd8a118fab811a59b0cfa	2026-09-26T17:44:16Z	2026-09-26T17:45:18Z	true	test(facet): exercise anatomy states and gallery rows
c05ad89ccb547b1332bff837e93fef6f965ed5a0	8cbcba5c458fac23baebbdc14237e54c9ef3a60b	2026-09-26T17:44:16Z	2026-09-26T17:45:18Z	true	feat(facet): draw graph scenes and views
cfdf518aa16cd3620aec66869e94cd0779755e23	c05ad89ccb547b1332bff837e93fef6f965ed5a0	2026-09-26T17:44:16Z	2026-09-26T17:45:18Z	true	feat(facet): add the graph camera and interaction layer
8212fbedd9ed1a5c1c25e1281c51b62e419e16e5	cfdf518aa16cd3620aec66869e94cd0779755e23	2026-09-26T17:44:17Z	2026-09-26T17:45:18Z	true	feat(facet): add graph prisms and syntax highlighting
91a0e7ab7a9ded5761c74235e237d00c212556c8	8212fbedd9ed1a5c1c25e1281c51b62e419e16e5	2026-09-26T17:44:18Z	2026-09-26T17:45:18Z	true	feat(facet): add graph navigation and discovery proofs
b573d232974d367d185ea0ab360f8e77feb91f3c	91a0e7ab7a9ded5761c74235e237d00c212556c8	2026-09-26T17:44:18Z	2026-09-26T17:45:18Z	true	feat(facet): refine the graph layout solver
05e3a9fd78061943be5e9d001eeaeb628277b482	b573d232974d367d185ea0ab360f8e77feb91f3c	2026-09-26T17:44:18Z	2026-09-26T17:45:18Z	true	test(facet): check graph gallery scenes against fixtures
27e9ad1dbffea14fe5feaf2cbce2b6c9ee637a33	05e3a9fd78061943be5e9d001eeaeb628277b482	2026-09-26T17:44:26Z	2026-09-26T17:45:18Z	true	feat(facet): project release rows and upgrade lanes
71c2d03a07b24f71b461427e3630fe028ba52593	27e9ad1dbffea14fe5feaf2cbce2b6c9ee637a33	2026-09-26T17:44:26Z	2026-09-26T17:45:18Z	true	feat(facet): refresh live caps, spells, and data tests
07880f7a360587d48585b1fda06cebc3bb2f564c	71c2d03a07b24f71b461427e3630fe028ba52593	2026-09-26T17:44:27Z	2026-09-26T17:45:18Z	true	feat(facet): refine control state, buttons, and segments
68ece1966f587d2c80ebecc13a2da62b70d01fe3	07880f7a360587d48585b1fda06cebc3bb2f564c	2026-09-26T17:44:27Z	2026-09-26T17:45:18Z	true	feat(facet): refine combs, fields, and the control gallery
224e7dc49e2a77ce3d9c70ded8046ff8032e60ed	68ece1966f587d2c80ebecc13a2da62b70d01fe3	2026-09-26T17:44:27Z	2026-09-26T17:45:18Z	true	feat(facet): extend motion flights with camera properties
38bd3fa91f6f354bbd0e92653c54178427607286	224e7dc49e2a77ce3d9c70ded8046ff8032e60ed	2026-09-26T17:44:28Z	2026-09-26T17:45:18Z	true	feat(facet): drive motion flow, presence, and the store
3a53c40155af2998d752436caa55996654103a86	38bd3fa91f6f354bbd0e92653c54178427607286	2026-09-26T17:44:29Z	2026-09-26T17:45:18Z	true	test(facet): cover motion lab, pulse, and shared springs
f41cb8f6ca41779c7ecadc6ff97ac8456da379de	3a53c40155af2998d752436caa55996654103a86	2026-09-26T17:44:29Z	2026-09-26T17:45:18Z	true	feat(facet): float windows with a placement model
c904598ca686fa4eee4fd980ecef066801f7bc82	f41cb8f6ca41779c7ecadc6ff97ac8456da379de	2026-09-26T17:44:29Z	2026-09-26T17:45:18Z	true	feat(facet): refresh the overlay gallery
b8239cbabfa4507547996ca66ed2a1430ac0b87a	c904598ca686fa4eee4fd980ecef066801f7bc82	2026-09-26T17:44:30Z	2026-09-26T17:45:18Z	true	feat(facet): refine chrome shelves and titlebars
bf047487f3d4a2dc691aea112f4812b04b990eeb	b8239cbabfa4507547996ca66ed2a1430ac0b87a	2026-09-26T17:44:30Z	2026-09-26T17:45:18Z	true	feat(facet): widen the probe surface
bea2be74559b34d91a1f916f4cc7def07cf9f287	bf047487f3d4a2dc691aea112f4812b04b990eeb	2026-09-26T17:44:31Z	2026-09-26T17:45:18Z	true	feat(facet): add gallery native traces and soak scenes
c8f2458b2620929c78899b41287b7dd2e6e99782	bea2be74559b34d91a1f916f4cc7def07cf9f287	2026-09-26T17:44:32Z	2026-09-26T17:45:18Z	true	feat(facet): extend gallery cli, verify, and lint lanes
ed3548163a83dad63df227793e6c824a0144276b	c8f2458b2620929c78899b41287b7dd2e6e99782	2026-09-26T17:44:32Z	2026-09-26T17:45:18Z	true	feat(facet): tune gallery align, bench, matrix, perf, storm
1c0ec917b8f514b1dac9557f967d0df22cf63313	ed3548163a83dad63df227793e6c824a0144276b	2026-09-26T17:44:41Z	2026-09-26T17:45:18Z	true	feat(desktop): page graph rows through the runtime store
2ffc7cd6c1b30af33b0155ec998b2a2b4cc831ec	1c0ec917b8f514b1dac9557f967d0df22cf63313	2026-09-26T17:44:41Z	2026-09-26T17:45:18Z	true	feat(desktop): script harness journeys with looks
04420c07d650c08040d65dae65f61ddf731857ef	2ffc7cd6c1b30af33b0155ec998b2a2b4cc831ec	2026-09-26T17:44:41Z	2026-09-26T17:45:18Z	true	feat(desktop): render the graph body from facet scenes
003de1141de6d67b8a927f5ca0d68fb485b23a25	04420c07d650c08040d65dae65f61ddf731857ef	2026-09-26T17:44:41Z	2026-09-26T17:45:19Z	true	feat(desktop): retire the shell float for facet overlays
eb6e2af06cc49a6f1d052574dc864406fbad5ca2	003de1141de6d67b8a927f5ca0d68fb485b23a25	2026-09-26T17:44:42Z	2026-09-26T17:45:19Z	true	feat(desktop): refine reader, keys, root, and titlebar
b6eca9eeebc34754c3baf25641e6eeaf9433ab0d	eb6e2af06cc49a6f1d052574dc864406fbad5ca2	2026-09-26T17:44:42Z	2026-09-26T17:45:19Z	true	feat(desktop): admit graph routes in persistence and navigation
fd857746c5f77ef128304a94ceb4332821065d05	b6eca9eeebc34754c3baf25641e6eeaf9433ab0d	2026-09-26T17:44:43Z	2026-09-26T17:45:19Z	true	test(desktop): extend shell behavior and capture coverage
aef30a7ab986456ead4c59f8a06139fc4b27a196	fd857746c5f77ef128304a94ceb4332821065d05	2026-09-26T17:44:43Z	2026-09-26T17:45:19Z	true	feat(desktop): admit journey scripts in the harness
0e80dd557d1cd664ebc7b1e7ffdbd6ff0fcd079b	aef30a7ab986456ead4c59f8a06139fc4b27a196	2026-09-26T17:44:44Z	2026-09-26T17:45:19Z	true	test(gui-harness): add graph film, soak, and verify scripts
f2fd0eb1abfbad42d0e5375d4f489ec1f416ce7c	0e80dd557d1cd664ebc7b1e7ffdbd6ff0fcd079b	2026-09-26T17:44:44Z	2026-09-26T17:45:19Z	true	test(gui-harness): extend scripted sessions
cfa7905caa7411852f262de3109e47bb2f52ca1f	f2fd0eb1abfbad42d0e5375d4f489ec1f416ce7c	2026-09-26T17:44:44Z	2026-09-26T17:45:19Z	true	feat(design): add graph tours, recipes, and release lanes
38461701ecb6e9d219c67480e2ad1ea29cd259c3	cfa7905caa7411852f262de3109e47bb2f52ca1f	2026-09-26T17:44:44Z	2026-09-26T17:45:19Z	true	feat(design): refresh package page targets
a00ca00eb824f26189291bce2ca0d8594925bf03	38461701ecb6e9d219c67480e2ad1ea29cd259c3	2026-09-26T17:44:44Z	2026-09-26T17:45:19Z	true	chore(design): capture graph tour and proof shots
f0f06a10ec98974ec1c297bd2979553858162e25	a00ca00eb824f26189291bce2ca0d8594925bf03	2026-09-26T17:44:44Z	2026-09-26T17:45:19Z	true	docs(gui): update the architecture plan
2ebcdad8aa0ee3a3fe7e8bf76ba0f2a0bfa3dec6	f0f06a10ec98974ec1c297bd2979553858162e25	2026-09-26T17:45:09Z	2026-09-26T17:45:19Z	true	docs(gpui-vendor): record the blink clock patch notes
dfc3d3dc83cd1221736f1a8a60c1c3520eea382c	2ebcdad8aa0ee3a3fe7e8bf76ba0f2a0bfa3dec6	2026-09-26T17:45:09Z	2026-09-26T17:45:19Z	true	docs(gui-harness): record the native graph audit workflow
90b84f1e3a0badf89c78e0a591a23ecf9bfee5b3	dfc3d3dc83cd1221736f1a8a60c1c3520eea382c	2026-09-26T18:16:40Z	2026-09-26T18:16:40Z	true	fix(gpui-vendor): report test windows as active and handle-less
689fafd295a382bd89f004fc86225ed01326a4bd	90b84f1e3a0badf89c78e0a591a23ecf9bfee5b3	2026-09-26T18:16:40Z	2026-09-26T18:16:40Z	true	fix(facet): stop caching rejected discovery shapes
dd2bb337458a3f3fdd23f5e46b6afc5a8591f501	689fafd295a382bd89f004fc86225ed01326a4bd	2026-09-26T18:16:40Z	2026-09-26T18:16:40Z	true	feat(facet): align graph camera, roads, and scenes with the merged world
31f05231799af2ce1b5e9ca2d86d4e7d6beb92f1	dd2bb337458a3f3fdd23f5e46b6afc5a8591f501	2026-09-26T18:16:40Z	2026-09-26T18:16:40Z	true	feat(facet): refine discovery capability and proof selection
566bd06fcbc861b5e274ac261387615be9cee8e2	31f05231799af2ce1b5e9ca2d86d4e7d6beb92f1	2026-09-26T18:16:41Z	2026-09-26T18:16:41Z	true	feat(facet): check graph gallery scenes against merged fixtures
2880766ab9dcafc25c9218d22cf75ff42424c9b5	566bd06fcbc861b5e274ac261387615be9cee8e2	2026-09-26T18:16:41Z	2026-09-26T18:16:41Z	true	feat(facet): extend motion flights and shared bounds handoff
709ff6e5e91d6b81c0f870007bf388337b19a57e	2880766ab9dcafc25c9218d22cf75ff42424c9b5	2026-09-26T18:17:09Z	2026-09-26T18:17:09Z	true	feat(desktop): focus and page the graph body through the runtime
891ee615a95ef233ee54a1bd9436aff29988c788	709ff6e5e91d6b81c0f870007bf388337b19a57e	2026-09-26T18:17:16Z	2026-09-26T18:17:16Z	true	feat(desktop): settle reader, root, shelf, and thread chrome
fe0c4e9791158d7da978a3338dc3e4c027f65370	891ee615a95ef233ee54a1bd9436aff29988c788	2026-09-26T18:17:16Z	2026-09-26T18:17:16Z	true	test(gui-harness): extend the graph audit evidence rules
8f9b9ee992cbb0abd55260ef25dd3181161cbeab	fe0c4e9791158d7da978a3338dc3e4c027f65370	2026-09-27T02:51:39Z	2026-09-27T02:51:39Z	true	fix(nix): set semantic-lint SDKROOT only on Darwin
86b2166c329c100ba2e1b42f7e7b3c86311e2920	fe0c4e9791158d7da978a3338dc3e4c027f65370	2026-09-27T02:10:38Z	2026-09-27T02:10:38Z	false	feat(fuzz): expose one continuous-fuzz contract
33b1deebd90f28d15f034135732e64083c0bb163	86b2166c329c100ba2e1b42f7e7b3c86311e2920	2026-09-27T02:24:31Z	2026-09-27T02:24:31Z	false	feat(fuzz): export fuzz-store-raw-property and fuzz-flow-evaluator
7fc9a8433dda77e8b736bcd85e88750377d14e4c	33b1deebd90f28d15f034135732e64083c0bb163	2026-09-27T03:00:27Z	2026-09-27T03:00:27Z	false	feat(fuzz): add pack, journal, and native harnesses
049a9f97078fa1f88779d53bcb7d3fe717303e2d	8f9b9ee992cbb0abd55260ef25dd3181161cbeab 7fc9a8433dda77e8b736bcd85e88750377d14e4c	2026-09-27T03:10:35Z	2026-09-27T03:10:35Z	true	feat(fuzz): export fuzz-* packages for ilo
1daaaacf29e21925a7d5549a915c3440e614f234	fe0c4e9791158d7da978a3338dc3e4c027f65370	2026-09-26T21:08:08Z	2026-09-26T21:08:08Z	false	Resolve a Rust macro invocation to the macro it names.
35c4539215c7c1b1ff9b074b20d37e2858abed33	049a9f97078fa1f88779d53bcb7d3fe717303e2d 1daaaacf29e21925a7d5549a915c3440e614f234	2026-09-27T03:10:35Z	2026-09-27T03:10:35Z	true	Resolve a Rust macro invocation to the macro it names
02f05267d70b1b2f9330b63388f409fc74b54f1c	fe0c4e9791158d7da978a3338dc3e4c027f65370	2026-09-26T22:36:24Z	2026-09-26T22:36:24Z	false	Follow a TypeScript this member to the base class that declares it.
190439d748c5eb7f7c8222ff215a3708d7587429	02f05267d70b1b2f9330b63388f409fc74b54f1c	2026-09-26T22:47:36Z	2026-09-26T22:47:36Z	false	Bind a TypeScript this method value to the method it names.
9e9bedbff5bb0b61d842bcec60f519e092bfcec5	190439d748c5eb7f7c8222ff215a3708d7587429	2026-09-26T22:58:31Z	2026-09-26T22:58:31Z	false	Follow a TypeScript super member to the base that declares it.
be18b8134d284f754dfc8df934aefa51982414fd	9e9bedbff5bb0b61d842bcec60f519e092bfcec5	2026-09-26T23:56:07Z	2026-09-26T23:56:07Z	false	Bind a TypeScript string-literal computed member to the property it names.
a6dd806688476ac0ea629cd09287d9f8efd36bfa	be18b8134d284f754dfc8df934aefa51982414fd	2026-09-27T00:20:33Z	2026-09-27T00:20:33Z	false	Bind a TypeScript private member to the class that declares it.
929f30cac6685e0c4786d3e6e955ac17f13655af	a6dd806688476ac0ea629cd09287d9f8efd36bfa	2026-09-27T00:41:06Z	2026-09-27T00:41:06Z	false	Bind a TypeScript constructor parameter property to the field it declares.
88ad06af999c9dc6f33f4115ca922949ed889e9d	929f30cac6685e0c4786d3e6e955ac17f13655af	2026-09-27T00:54:20Z	2026-09-27T00:54:20Z	false	Bind a TypeScript accessor property to the field it declares.
d6b888c6615e04705804c9770d2c5d416856052e	88ad06af999c9dc6f33f4115ca922949ed889e9d	2026-09-27T01:04:41Z	2026-09-27T01:04:41Z	false	Bind a TypeScript getter and setter pair to the getter.
6d149bd80fed584a68b9d7f949da58090a1a4f99	d6b888c6615e04705804c9770d2c5d416856052e	2026-09-27T01:21:54Z	2026-09-27T01:21:54Z	false	Bind a TypeScript namespace member to the declaration it names.
db45c07a56c988c28f8a746fcc0e35a6d7905593	6d149bd80fed584a68b9d7f949da58090a1a4f99	2026-09-27T01:42:21Z	2026-09-27T01:42:21Z	false	Bind a TypeScript this member to the interface the class implements.
d326a6ddfba135c78b3f04252d0c2988cae31eb1	db45c07a56c988c28f8a746fcc0e35a6d7905593	2026-09-27T01:54:12Z	2026-09-27T01:54:12Z	false	Bind a TypeScript this member through a base class implements clause.
f3140be6eeda69e573611aa53c4fcae4721e31ed	d326a6ddfba135c78b3f04252d0c2988cae31eb1	2026-09-27T02:04:16Z	2026-09-27T02:04:16Z	false	Bind a TypeScript namespace class and enum to the value it names.
d4611b0d68586eb8b8e76ca32fa7d61726bcb72d	f3140be6eeda69e573611aa53c4fcae4721e31ed	2026-09-27T02:17:25Z	2026-09-27T02:17:25Z	false	Bind a TypeScript class-qualified member to the class that declares it.
d07117d3bd4b545aa250b9ccb55a3ae1c019d186	d4611b0d68586eb8b8e76ca32fa7d61726bcb72d	2026-09-27T02:33:20Z	2026-09-27T02:33:20Z	false	Bind a TypeScript member reached through a namespace qualifier.
a5581b1c7f52d7be7fe48cfc60143d45863c8bb1	d07117d3bd4b545aa250b9ccb55a3ae1c019d186	2026-09-27T02:46:01Z	2026-09-27T02:46:01Z	false	Bind a TypeScript member of a constructed class instance.
45d1132590321a1125c8f5fada263fa99fe2f987	a5581b1c7f52d7be7fe48cfc60143d45863c8bb1	2026-09-27T03:05:22Z	2026-09-27T03:05:22Z	false	Bind a TypeScript member through a type assertion.
616f17cba08ffdd946e9c21a76a8bda2b3ef07a8	35c4539215c7c1b1ff9b074b20d37e2858abed33 45d1132590321a1125c8f5fada263fa99fe2f987	2026-09-27T03:10:39Z	2026-09-27T03:10:39Z	true	Bind TypeScript members through assertions, instances, and qualifiers
e4ed5c3612a33f808bc099bb5e8928f90abe88fd	fe0c4e9791158d7da978a3338dc3e4c027f65370	2026-09-26T20:18:45Z	2026-09-26T20:18:45Z	false	Follow a Go promoted field to the embedded struct that declares it.
07e0f2512cc6da4776427a5e58ecd36b6140778a	616f17cba08ffdd946e9c21a76a8bda2b3ef07a8 e4ed5c3612a33f808bc099bb5e8928f90abe88fd	2026-09-27T03:10:39Z	2026-09-27T03:10:39Z	true	Follow a Go promoted field to the embedded struct that declares it
d41c6fc4a4ae879b503a4b45dbd227e1a13ade20	fe0c4e9791158d7da978a3338dc3e4c027f65370	2026-09-26T18:50:09Z	2026-09-26T18:50:09Z	false	Follow a Go method call to the type that declares it.
e619ba67c9127b6233e4b07482820a0ec1b55e1a	07e0f2512cc6da4776427a5e58ecd36b6140778a d41c6fc4a4ae879b503a4b45dbd227e1a13ade20	2026-09-27T03:15:33Z	2026-09-27T03:15:33Z	true	Follow a Go method call to the type that declares it
c596b1369b9c7ee44ecb5eaf7d342169c8de8508	fe0c4e9791158d7da978a3338dc3e4c027f65370	2026-09-26T18:15:02Z	2026-09-26T18:55:24Z	false	Follow a Go function value to the file that declares it.
39c0135453ebe305b0c223a4b5b81ac4c91f20b4	e619ba67c9127b6233e4b07482820a0ec1b55e1a c596b1369b9c7ee44ecb5eaf7d342169c8de8508	2026-09-27T03:16:33Z	2026-09-27T03:16:33Z	true	Follow a Go function value to the file that declares it
dbcc09a61d20ff6c9b08b9f18ad80ce0331ac537	fe0c4e9791158d7da978a3338dc3e4c027f65370	2026-09-27T03:08:23Z	2026-09-27T03:08:23Z	false	Collect durable segment membership from the ordinal fast field.
5af8fc6e169f41f51a75a5ac0ff402c70e13709b	39c0135453ebe305b0c223a4b5b81ac4c91f20b4 dbcc09a61d20ff6c9b08b9f18ad80ce0331ac537	2026-09-27T03:16:33Z	2026-09-27T03:16:33Z	true	Collect durable segment membership from the ordinal fast field
4d4e3528955d3118fb3b58c6a27009d1c525d87f	fe0c4e9791158d7da978a3338dc3e4c027f65370	2026-09-27T02:43:35Z	2026-09-27T02:43:35Z	false	Rank lexical pages from fast fields once.
3cd7fefe3374ed94df6374b99fb7c80192f3ff33	4d4e3528955d3118fb3b58c6a27009d1c525d87f	2026-09-27T02:46:44Z	2026-09-27T02:46:44Z	false	Time a cold lexical drain with the rank included.
b1ec00a54dcc47a19ef67ea9a27986cf0241c582	5af8fc6e169f41f51a75a5ac0ff402c70e13709b 3cd7fefe3374ed94df6374b99fb7c80192f3ff33	2026-09-27T03:16:41Z	2026-09-27T03:16:41Z	true	Rank lexical pages from fast fields once
8d606cfbbc14e07ab1385b01692fc5baea12b76f	fe0c4e9791158d7da978a3338dc3e4c027f65370	2026-09-26T17:58:53Z	2026-09-26T18:21:16Z	false	Publish one package's rows without hydrating the workspace.
90649db37334fa2a1a8e42030ac104b2ef8304df	8d606cfbbc14e07ab1385b01692fc5baea12b76f	2026-09-26T18:04:37Z	2026-09-26T18:21:16Z	false	Build publication bench rows without the test-only view helper.
b07d0e15e0976fd8d5063bb7a522f3624233bc95	90649db37334fa2a1a8e42030ac104b2ef8304df	2026-09-26T18:33:44Z	2026-09-26T18:33:44Z	false	Splice one changed file's structural rows and keep cross-file parents.
3856aa9841598e672ce2196f7cbbf84a76e9809b	b07d0e15e0976fd8d5063bb7a522f3624233bc95	2026-09-26T19:12:14Z	2026-09-26T19:12:14Z	false	Answer dependents from a resident reverse index.
49d1ff380d69f3e6c4ec3c99122770ba765c22fe	3856aa9841598e672ce2196f7cbbf84a76e9809b	2026-09-26T19:28:34Z	2026-09-26T19:28:34Z	false	Reuse local manifest facts while their bytes are unchanged.
0597e92d88bb25d450616f86119bc1557d84a17c	49d1ff380d69f3e6c4ec3c99122770ba765c22fe	2026-09-26T19:45:38Z	2026-09-26T19:45:38Z	false	Reuse the typed search corpus for an unchanged workspace.
e840388fe17345e76417d03299e3a292e6849b7e	0597e92d88bb25d450616f86119bc1557d84a17c	2026-09-26T20:14:10Z	2026-09-26T20:14:10Z	false	Skip the workspace source page when the search corpus is resident.
c618520843b27f31aea23e0ccd107425849abc64	e840388fe17345e76417d03299e3a292e6849b7e	2026-09-26T20:29:44Z	2026-09-26T20:29:44Z	false	Page a source relation the checked head can still inline.
a786650f222ae0bbf4bb18265ab7af1f31fd0dc4	c618520843b27f31aea23e0ccd107425849abc64	2026-09-26T20:55:11Z	2026-09-26T20:55:11Z	false	Validate each semantic image once while projecting its rows.
07b43c2e18de93fdf4ff31088e1552c8f2021d06	a786650f222ae0bbf4bb18265ab7af1f31fd0dc4	2026-09-26T21:28:54Z	2026-09-26T21:28:54Z	false	Reuse projected rows for an unchanged semantic image.
ec40412a5b561fcf93c9beb9f51467340fd6dae6	07b43c2e18de93fdf4ff31088e1552c8f2021d06	2026-09-26T21:32:32Z	2026-09-26T21:32:32Z	false	Assert the proof image misses once before timing resident rows.
ace38b1fa3382b81794cef4056ff15f638d1d415	ec40412a5b561fcf93c9beb9f51467340fd6dae6	2026-09-26T22:06:36Z	2026-09-26T22:06:36Z	false	Skip semantic image validation after the publication key is admitted.
b07135122e31eb065f9589d7b92911c403b5aca6	ace38b1fa3382b81794cef4056ff15f638d1d415	2026-09-26T22:26:34Z	2026-09-26T22:26:34Z	false	Open each semantic query image once while building its corpus.
6ae78ad6d8cf080c39678d462ea6efe1cce68ebe	b07135122e31eb065f9589d7b92911c403b5aca6	2026-09-26T23:02:04Z	2026-09-26T23:02:04Z	false	Reuse an immutable semantic generation without reopening it from disk.
63e605437b148a6c317f0df170c2785020ef7fb2	6ae78ad6d8cf080c39678d462ea6efe1cce68ebe	2026-09-26T23:19:21Z	2026-09-26T23:19:21Z	false	Reuse a semantic image admission for query, graph, and diff.
94fa7ad42c7116ff7735a02a058d7c6e564c4e87	63e605437b148a6c317f0df170c2785020ef7fb2	2026-09-27T00:10:52Z	2026-09-27T00:10:52Z	false	Reuse a semantic image's structural proof on the next read.
7e15c457916fe135ae11214f1c1fd6c2847f8602	94fa7ad42c7116ff7735a02a058d7c6e564c4e87	2026-09-27T00:29:01Z	2026-09-27T00:29:01Z	false	Reuse a snapshot digest and proof when admission and overlay miss.
fbebc8dff76c6f32f5342c733d143095682b5030	7e15c457916fe135ae11214f1c1fd6c2847f8602	2026-09-27T00:43:27Z	2026-09-27T00:43:27Z	false	Read a shared ancestor manifest once per residence refresh.
17cac85eaa71342853d9338e46efbdc87f0e7b23	fbebc8dff76c6f32f5342c733d143095682b5030	2026-09-27T00:46:58Z	2026-09-27T00:46:58Z	false	Expect a cached manifest failure to rehash only the member.
80a790ae4c936e9c3ce80019f092274f514dbe16	17cac85eaa71342853d9338e46efbdc87f0e7b23	2026-09-27T01:05:45Z	2026-09-27T01:05:45Z	false	Splice one file of an activated package and mark its semantic rows stale.
ba2c05ac01f7acbc0d7a2559582f68c7b652dd21	80a790ae4c936e9c3ce80019f092274f514dbe16	2026-09-27T01:12:31Z	2026-09-27T01:12:31Z	false	Keep structural rows off a file the semantic lane already owns.
8bee3eadb8d776be4884805f0b87276f8d0ffe83	ba2c05ac01f7acbc0d7a2559582f68c7b652dd21	2026-09-27T01:40:10Z	2026-09-27T01:40:10Z	false	Project one changed file into a view row patch.
c6b018fa13644662973aa541a7b2e1f53ea0af57	8bee3eadb8d776be4884805f0b87276f8d0ffe83	2026-09-27T02:01:51Z	2026-09-27T02:01:51Z	false	Keep a stale semantic row's file path.
f8cb86a2a7fa9ae22183fac4a5e7c5fde1564048	b1ec00a54dcc47a19ef67ea9a27986cf0241c582 c6b018fa13644662973aa541a7b2e1f53ea0af57	2026-09-27T03:16:41Z	2026-09-27T03:16:41Z	true	Reuse a semantic image proof and splice one changed file
6d1697b1ded4d3e90e17a9e85969d415b2834359	fe0c4e9791158d7da978a3338dc3e4c027f65370	2026-09-26T20:41:32Z	2026-09-26T20:41:32Z	false	Follow a Python self attribute to the base class that declares it.
0eade91e90f23a0ecebaac8d2bdc84ce85cb87c9	6d1697b1ded4d3e90e17a9e85969d415b2834359	2026-09-26T21:33:10Z	2026-09-26T21:33:10Z	false	Follow a Python self attribute to a method when no field exists.
016bd198eab184d3d04fa7cc5c5f65a9d21147ab	0eade91e90f23a0ecebaac8d2bdc84ce85cb87c9	2026-09-26T23:16:43Z	2026-09-26T23:16:43Z	false	Follow a Python super() attribute to the base that declares it.
cafc3ffbb767d13904c3fd4a2b30a35d72a433bb	016bd198eab184d3d04fa7cc5c5f65a9d21147ab	2026-09-26T23:32:43Z	2026-09-26T23:32:43Z	false	Bind a Python class attribute to the member that class declares.
7fe442386b453e344698d03fe94b6e7188bab5fb	f8cb86a2a7fa9ae22183fac4a5e7c5fde1564048 cafc3ffbb767d13904c3fd4a2b30a35d72a433bb	2026-09-27T03:16:45Z	2026-09-27T03:16:45Z	true	Bind a Python class attribute to the member that class declares
be60202c05c571bc9651cb07219979b98c691858	6d1697b1ded4d3e90e17a9e85969d415b2834359	2026-09-26T21:20:21Z	2026-09-26T21:20:21Z	false	Follow an annotated Python call to the base class that declares it.
0fbaeda2dedd36837aca7feeae39845f6a1317b8	7fe442386b453e344698d03fe94b6e7188bab5fb be60202c05c571bc9651cb07219979b98c691858	2026-09-27T03:16:48Z	2026-09-27T03:16:48Z	true	Follow an annotated Python call to the base class that declares it
911df5f2bb3f28150792bf1d5c48c3d87c0c963a	fe0c4e9791158d7da978a3338dc3e4c027f65370	2026-09-26T19:21:51Z	2026-09-26T19:21:51Z	false	Follow a Python attribute read to a module static.
0c0959fec1085773d6d0b8134e197f96cb5b6d3c	911df5f2bb3f28150792bf1d5c48c3d87c0c963a	2026-09-26T19:36:07Z	2026-09-26T19:36:07Z	false	Follow a Python attribute read to a module function.
030add7d05e251b7f0254a19db17fc263984ad26	0c0959fec1085773d6d0b8134e197f96cb5b6d3c	2026-09-26T19:52:55Z	2026-09-26T19:52:55Z	false	Follow a Python attribute read through its annotated class.
9b2c1cc0f76127e61fa3784ffd880beecf590657	030add7d05e251b7f0254a19db17fc263984ad26	2026-09-26T22:14:25Z	2026-09-26T22:14:25Z	false	Follow an annotated Python attribute to the base that declares it.
eeb256f2dcdb407bdb1f593cab7737777e3f02e3	0fbaeda2dedd36837aca7feeae39845f6a1317b8 9b2c1cc0f76127e61fa3784ffd880beecf590657	2026-09-27T03:17:49Z	2026-09-27T03:17:49Z	true	Follow an annotated Python attribute to the base that declares it
43d6c52fac91d54b84ae1fa0b093fdca97f0a7c7	fe0c4e9791158d7da978a3338dc3e4c027f65370	2026-09-26T19:21:51Z	2026-09-26T19:21:51Z	false	Follow a TypeScript method value to the module that declares it.
017f3432cc78d6c9c424c37ace8bc3d7a2dfe5f2	43d6c52fac91d54b84ae1fa0b093fdca97f0a7c7	2026-09-26T21:57:08Z	2026-09-26T21:57:08Z	false	Follow a TypeScript const or let value to the binding that declares it.
16a649141a6ed31d54591db94d2f7fd02a2bc09e	eeb256f2dcdb407bdb1f593cab7737777e3f02e3 017f3432cc78d6c9c424c37ace8bc3d7a2dfe5f2	2026-09-27T03:18:48Z	2026-09-27T03:18:48Z	true	Follow a TypeScript const or let value to the binding that declares it
b17e89d75d6d617708bf2d226072ad4753398059	16a649141a6ed31d54591db94d2f7fd02a2bc09e	2026-09-27T03:19:38Z	2026-09-27T03:19:38Z	true	Drop duplicated Python class lookup and Go lowerer tests
a471022815e4b9bf970bfd513e05912644e79fde	b17e89d75d6d617708bf2d226072ad4753398059	2026-09-27T03:48:24Z	2026-09-27T03:48:24Z	true	Keep a method-shaped promoted field on the package key.
a107c8a533111da501038762203690bdbc86aaae	a471022815e4b9bf970bfd513e05912644e79fde	2026-09-27T03:48:24Z	2026-09-27T03:48:24Z	true	Leave function-type parameter annotations to the type-literal walk.
6b0aadd980c46bb0546c6fef8f8d9f1059e3af79	45d1132590321a1125c8f5fada263fa99fe2f987	2026-09-27T03:17:59Z	2026-09-27T03:17:59Z	false	Bind a TypeScript member through a non-null assertion.
6ba3c4b2d112d9d23a53f166d6a635e4402d2040	6b0aadd980c46bb0546c6fef8f8d9f1059e3af79	2026-09-27T03:35:01Z	2026-09-27T03:35:01Z	false	Bind a TypeScript this member through parentheses and a non-null assertion.
c7874fc563f67ddfd709a6c4df746c5d8085e5f4	a107c8a533111da501038762203690bdbc86aaae 6ba3c4b2d112d9d23a53f166d6a635e4402d2040	2026-09-27T04:16:00Z	2026-09-27T04:16:00Z	true	Bind a TypeScript member through parentheses and a non-null assertion.
2cdf56630c805ceebe3a3f8a0cc628ebbc240806	fe0c4e9791158d7da978a3338dc3e4c027f65370	2026-09-27T03:42:32Z	2026-09-27T03:42:32Z	false	Fold repeated Qdrant coordinate hashing on a warm upsert.
7e266dea1eea3061dbb8896cb88d7df990843aa4	c7874fc563f67ddfd709a6c4df746c5d8085e5f4 2cdf56630c805ceebe3a3f8a0cc628ebbc240806	2026-09-27T04:16:00Z	2026-09-27T04:16:00Z	true	Fold repeated Qdrant coordinate hashing on a warm upsert.
7fd5a2fad821d7383ed9e6045fb19cf68e74a774	fe0c4e9791158d7da978a3338dc3e4c027f65370	2026-09-27T04:00:17Z	2026-09-27T04:00:17Z	false	perf(turso): write only new and removed package edges
4f76588ced927edee4decb29bc167428bc703aff	7e266dea1eea3061dbb8896cb88d7df990843aa4 7fd5a2fad821d7383ed9e6045fb19cf68e74a774	2026-09-27T04:16:00Z	2026-09-27T04:16:00Z	true	Write only new and removed package-graph edges.
594f64066fac10ea74d1e19734a6c384fd9cf27f	fe0c4e9791158d7da978a3338dc3e4c027f65370	2026-09-27T03:26:57Z	2026-09-27T03:26:57Z	false	Read nested lexical identities from the ordinal fast field.
072836b27531b68744fdb8ecb3174ea09a5c721f	4f76588ced927edee4decb29bc167428bc703aff 594f64066fac10ea74d1e19734a6c384fd9cf27f	2026-09-27T04:16:08Z	2026-09-27T04:16:08Z	true	Read nested lexical identities from the ordinal fast field.
14c65eb07274f7ae1876c410cb3bf0a007e75649	fe0c4e9791158d7da978a3338dc3e4c027f65370	2026-09-27T03:58:14Z	2026-09-27T03:58:14Z	false	Bind a Python member inherited from a same-file base class.
60d0d62cde3596a21c390abadb1e45b626282e2c	14c65eb07274f7ae1876c410cb3bf0a007e75649	2026-09-27T04:12:01Z	2026-09-27T04:12:01Z	false	Bind a Python method used as a value to the method it names.
361f96581e03c23faf0df5e755e547b531351f01	072836b27531b68744fdb8ecb3174ea09a5c721f 60d0d62cde3596a21c390abadb1e45b626282e2c	2026-09-27T04:17:12Z	2026-09-27T04:17:12Z	true	Bind a Python method used as a value to the method it names.
bae05a4f34e4db2726454afcabf6590386187d6a	361f96581e03c23faf0df5e755e547b531351f01	2026-09-27T04:20:00Z	2026-09-27T04:20:00Z	true	Keep each TypeScript type arm on its own stack frame.
b8ff7fd61e38a4a3b6f2063d2ea71536a0609b3f	7fc9a8433dda77e8b736bcd85e88750377d14e4c	2026-09-27T04:14:31Z	2026-09-27T04:14:31Z	false	feat(fuzz): make continuous-fuzz a language-agnostic kind lattice
828b74cbee319eca83812d68ec2f0c35f40e0f00	bae05a4f34e4db2726454afcabf6590386187d6a b8ff7fd61e38a4a3b6f2063d2ea71536a0609b3f	2026-09-27T04:20:18Z	2026-09-27T04:20:18Z	true	Make continuous-fuzz a language-agnostic kind lattice.
03ddb0cc9d5c69ebd53058c84eb525509d824735	828b74cbee319eca83812d68ec2f0c35f40e0f00	2026-09-27T04:22:34Z	2026-09-27T04:22:34Z	true	Rename the inherited Python universe-field assertion.
5012109b10cae1605e2ec1bb6c59a889f1a87ebd	03ddb0cc9d5c69ebd53058c84eb525509d824735	2026-09-27T04:24:00Z	2026-09-27T04:24:00Z	true	Keep a quoted Python base off the same-file class walk.
d9d3573695fe1acb2480addaa8c37b3cbb439e74	60d0d62cde3596a21c390abadb1e45b626282e2c	2026-09-27T04:30:24Z	2026-09-27T04:30:24Z	false	Bind a Python attribute read through a parameter annotation.
5480d1b4fdc497ffa2754c7fc31eae17095b088b	5012109b10cae1605e2ec1bb6c59a889f1a87ebd d9d3573695fe1acb2480addaa8c37b3cbb439e74	2026-09-27T04:33:44Z	2026-09-27T04:33:44Z	true	Bind a Python attribute read through a parameter annotation.
e604685e4655c4140e5eda64e199a8f6a532f22d	5480d1b4fdc497ffa2754c7fc31eae17095b088b	2026-09-27T04:35:56Z	2026-09-27T04:35:56Z	true	Resolve annotated Python attribute reads with the existing member walk.
03b4927541e6cfc4907b37b19af95f12b9fa58b9	e604685e4655c4140e5eda64e199a8f6a532f22d	2026-09-27T04:37:54Z	2026-09-27T04:37:54Z	true	Point annotated Python reads at the decoded universe-field helper.
9ae80f13a617990d0f7db992af49f9599be226e4	03b4927541e6cfc4907b37b19af95f12b9fa58b9	2026-09-27T04:40:31Z	2026-09-27T04:40:31Z	true	Let a unique Python field win over a same-named method.
7063df535ac24b86cc57a1ca138b7d59f80328a0	9ae80f13a617990d0f7db992af49f9599be226e4	2026-09-27T04:42:20Z	2026-09-27T04:42:20Z	true	Pass class field identities straight into the field-access assertion.
667a024aea643de6b7e065213f2664806d0337e4	b8ff7fd61e38a4a3b6f2063d2ea71536a0609b3f	2026-09-27T04:42:55Z	2026-09-27T04:42:55Z	false	fix(fuzz): evaluate and build continuous-fuzz under Nix
eb0400601014b58985216ebe32711bc78c05e93e	7063df535ac24b86cc57a1ca138b7d59f80328a0 667a024aea643de6b7e065213f2664806d0337e4	2026-09-27T04:43:55Z	2026-09-27T04:43:55Z	true	Evaluate and build continuous-fuzz under Nix.
8485c3edbe2b2b15d122522599252925c27bc2c6	fe0c4e9791158d7da978a3338dc3e4c027f65370	2026-09-27T04:38:56Z	2026-09-27T04:38:56Z	false	perf(turso): skip row scans when the row-set digest matches
d426c63bbadb49a6f4e3de9bb5d6e66d3cbf328e	eb0400601014b58985216ebe32711bc78c05e93e 8485c3edbe2b2b15d122522599252925c27bc2c6	2026-09-27T04:44:06Z	2026-09-27T04:44:06Z	true	Skip row scans when a view frontier keeps the same rows.
bcc4252fd43d70e87c705ea0647645eb6c416aae	667a024aea643de6b7e065213f2664806d0337e4	2026-09-27T04:44:07Z	2026-09-27T04:44:07Z	false	feat(fuzz): bind metadata.latticeKind to continuous-fuzz
b567e674abd06bc7e628c4e5f2f084532edddcae	d426c63bbadb49a6f4e3de9bb5d6e66d3cbf328e bcc4252fd43d70e87c705ea0647645eb6c416aae	2026-09-27T04:45:58Z	2026-09-27T04:45:58Z	true	Bind metadata.latticeKind to continuous-fuzz.
13d7633fe2124294a77803688f3cbd11156441d7	fe0c4e9791158d7da978a3338dc3e4c027f65370	2026-09-27T11:37:50Z	2026-09-27T13:38:22Z	false	Seek symbol commitments without cloning the view.
b4168e2ee98143ed21a2ae6c3ae26d5466dbcaaa	13d7633fe2124294a77803688f3cbd11156441d7	2026-09-27T13:39:03Z	2026-09-27T13:39:03Z	false	test(library): time the symbol seek against the private row iterator
fae8ad3bd95a8a7b65c1d73febe36b70dc9209d5	b4168e2ee98143ed21a2ae6c3ae26d5466dbcaaa	2026-09-27T13:45:32Z	2026-09-27T13:45:32Z	false	test(library): require a 32× symbol-commitment speedup
76463eff88efb2a7fc52bc8e95afb616dcc3fa64	b567e674abd06bc7e628c4e5f2f084532edddcae fae8ad3bd95a8a7b65c1d73febe36b70dc9209d5	2026-09-27T14:53:57Z	2026-09-27T14:53:57Z	true	Seek symbol commitments without cloning the view.
5ff855a34785c580c6ed53ac8d6201f3d36f346b	fe0c4e9791158d7da978a3338dc3e4c027f65370	2026-09-27T06:13:22Z	2026-09-27T13:04:34Z	false	perf(version): seek lazy relation pages from the cursor
1689984a57131613b9c316c840dcea9a9ae983f2	5ff855a34785c580c6ed53ac8d6201f3d36f346b	2026-09-27T13:22:24Z	2026-09-27T13:22:24Z	false	perf(engine): page one package's semantic publications
820d459124043adac45c076b53f524efead78ddb	1689984a57131613b9c316c840dcea9a9ae983f2	2026-09-27T13:30:39Z	2026-09-27T13:30:39Z	false	test(engine): require an 8× publication-range speedup
5a982141aed3ff796d825a11bf8933803c36c5c8	76463eff88efb2a7fc52bc8e95afb616dcc3fa64 820d459124043adac45c076b53f524efead78ddb	2026-09-27T14:54:40Z	2026-09-27T14:54:40Z	true	Page one package's semantic publications.
8ad65c1a6cc9f2d268c329b864aa5f9fa24d1f1d	fe0c4e9791158d7da978a3338dc3e4c027f65370	2026-09-27T13:58:35Z	2026-09-27T13:58:35Z	false	perf(local): look up catalog rows by name and coordinate
e880602312fe5b8e6066bd5ab76de8f11b590a74	8ad65c1a6cc9f2d268c329b864aa5f9fa24d1f1d	2026-09-27T14:05:34Z	2026-09-27T14:05:34Z	false	test(local): require a 4× catalog lookup speedup
3beb83db9b897fe5014db25d8345a74bfebe9547	5a982141aed3ff796d825a11bf8933803c36c5c8 e880602312fe5b8e6066bd5ab76de8f11b590a74	2026-09-27T14:55:49Z	2026-09-27T14:55:49Z	true	Look up catalog packages by name and coordinate.
2bc6dccad319183bf48a041ab949127502490396	fe0c4e9791158d7da978a3338dc3e4c027f65370	2026-09-27T14:21:26Z	2026-09-27T14:21:26Z	false	perf(local): answer dependents from a resident reverse index
922901cc36e9af351df5f7274ebc0d3a966e2a94	2bc6dccad319183bf48a041ab949127502490396	2026-09-27T14:31:07Z	2026-09-27T14:31:07Z	false	test(library): require a 32× reverse-lookup speedup
e5cc0aacbd219f89f17a078f519edc2efba19a5d	3beb83db9b897fe5014db25d8345a74bfebe9547 922901cc36e9af351df5f7274ebc0d3a966e2a94	2026-09-27T14:57:01Z	2026-09-27T14:57:01Z	true	Answer dependents from a resident reverse index.
9a1917cbeeb8920eded43faa4ce673a228b8b463	d9d3573695fe1acb2480addaa8c37b3cbb439e74	2026-09-27T04:57:01Z	2026-09-27T04:57:01Z	false	Bind a Python zero-argument super member to the next same-file class.
f7c476cbd0fbb17119ee575224cec5b699bb40e0	9a1917cbeeb8920eded43faa4ce673a228b8b463	2026-09-27T05:05:29Z	2026-09-27T05:05:29Z	false	Bind a Python member through a generic parameter annotation.
cb87f5e5ba340eeb904d0bb89c156fe4b38febde	f7c476cbd0fbb17119ee575224cec5b699bb40e0	2026-09-27T05:25:39Z	2026-09-27T05:25:39Z	false	Bind a Python member through a union parameter annotation.
aa28cbc5b1b7ccfe87a86f3fb814d07fc4f3da80	cb87f5e5ba340eeb904d0bb89c156fe4b38febde	2026-09-27T05:43:33Z	2026-09-27T05:43:33Z	false	Bind a Python super call that names the class to start after.
d0dc0553b15090259f1e070d8917f115523c4113	aa28cbc5b1b7ccfe87a86f3fb814d07fc4f3da80	2026-09-27T06:01:12Z	2026-09-27T06:01:12Z	false	Bind a Python member qualified by its class name.
ffd97d22bcb35bd64175aafe90dcce7d447bfeb8	d0dc0553b15090259f1e070d8917f115523c4113	2026-09-27T06:12:45Z	2026-09-27T06:12:45Z	false	Bind a Python member called on a constructed class instance.
9f7dbc8c70f4a2c287f0152ba1c3634df670cd45	ffd97d22bcb35bd64175aafe90dcce7d447bfeb8	2026-09-27T06:39:07Z	2026-09-27T06:39:07Z	false	Bind a Python member reached through a subscripted class name.
8f21950036dc627df098d071012940f8b77668f2	9f7dbc8c70f4a2c287f0152ba1c3634df670cd45	2026-09-27T07:11:28Z	2026-09-27T07:11:28Z	false	Bind a Python member through a function-local annotation.
bfae21f31b579a898efc6bd66f1a4dab05aa2ece	8f21950036dc627df098d071012940f8b77668f2	2026-09-27T08:01:53Z	2026-09-27T08:01:53Z	false	Bind a Python member through a module-level annotation.
6d5109bd9208a5b71c6dcbadf6e8588f006ddf86	bfae21f31b579a898efc6bd66f1a4dab05aa2ece	2026-09-27T08:18:51Z	2026-09-27T08:18:51Z	false	Bind a Python member closed over from an annotated local.
db088727bf43f825d7b2ef7870c6c25b69ef5d9f	6d5109bd9208a5b71c6dcbadf6e8588f006ddf86	2026-09-27T08:37:29Z	2026-09-27T08:37:29Z	false	Bind a Python member closed over from a parameter annotation.
8a4dcd443282e8f146071955a411b411e2c2073c	db088727bf43f825d7b2ef7870c6c25b69ef5d9f	2026-09-27T09:12:12Z	2026-09-27T09:12:12Z	false	Bind a Python member through an annotated instance attribute.
5faa60870c2e33333c44e660e73cb9a33e7c79a4	8a4dcd443282e8f146071955a411b411e2c2073c	2026-09-27T09:30:58Z	2026-09-27T09:30:58Z	false	Bind a Python member through an annotated name's field.
530f7e1091af1148ebf41f54fb49fd8c1f37e01e	5faa60870c2e33333c44e660e73cb9a33e7c79a4	2026-09-27T09:52:47Z	2026-09-27T09:52:47Z	false	Bind a Python member through a chain of annotated fields.
c657b65799de690b468cbdf0d3487503de0957a3	530f7e1091af1148ebf41f54fb49fd8c1f37e01e	2026-09-27T10:16:00Z	2026-09-27T10:16:00Z	false	Bind a Python member through a method-body instance annotation.
b06a2710c9631473f52633c564175befa5d180ba	c657b65799de690b468cbdf0d3487503de0957a3	2026-09-27T10:51:58Z	2026-09-27T10:51:58Z	false	Bind a Python member through a call's return annotation.
3059b69c7ccae3570db2f5d150851097a51069a9	b06a2710c9631473f52633c564175befa5d180ba	2026-09-27T11:18:58Z	2026-09-27T11:18:58Z	false	Bind a Python member through an attribute or constructed call's return.
9e1bdac60cd672f0effdc5dde4cbc8a3708ee9db	3059b69c7ccae3570db2f5d150851097a51069a9	2026-09-27T11:42:29Z	2026-09-27T11:42:29Z	false	Bind a Python member through successive call returns.
5f9b08a6ffae40adc1a4f4565786f401ce647fce	9e1bdac60cd672f0effdc5dde4cbc8a3708ee9db	2026-09-27T12:41:47Z	2026-09-27T12:41:47Z	false	Bind a Python member through a subscript's element type.
afbf85ad7427abc60312c85e8e8fb56e9920179c	5f9b08a6ffae40adc1a4f4565786f401ce647fce	2026-09-27T13:15:59Z	2026-09-27T13:15:59Z	false	Bind a Python member through a subscript of a call's return.
f1125c71def32ecc4ca878de9ae97a66c3c030c7	afbf85ad7427abc60312c85e8e8fb56e9920179c	2026-09-27T13:32:25Z	2026-09-27T13:32:25Z	false	Bind a Python member through successive subscripts of call returns.
c771269f331d0325aed3ecfb58e4fcfb75573c46	f1125c71def32ecc4ca878de9ae97a66c3c030c7	2026-09-27T14:34:58Z	2026-09-27T14:34:58Z	false	Bind a Python member through a module-level type alias.
85230c9a1886b8237869e2caa0a1b16c7574e487	e5cc0aacbd219f89f17a078f519edc2efba19a5d c771269f331d0325aed3ecfb58e4fcfb75573c46	2026-09-27T15:01:19Z	2026-09-27T15:01:19Z	true	Bind Python members through annotations, calls, subscripts, and type aliases.
61ad52edd9e888fd158663406c8e566fba8db690	85230c9a1886b8237869e2caa0a1b16c7574e487	2026-09-27T15:10:59Z	2026-09-27T15:10:59Z	true	Keep the final Python constant binding and drop a duplicate catalog generation.
41a82295a2dc17c4bc1361a5a7d842be348d2d85	b567e674abd06bc7e628c4e5f2f084532edddcae	2026-09-27T05:23:47Z	2026-09-27T05:23:47Z	false	perf(qdrant): admit binding text once per search page
a5dfda315bd925adcfe0e6569971a5499270feef	61ad52edd9e888fd158663406c8e566fba8db690 41a82295a2dc17c4bc1361a5a7d842be348d2d85	2026-09-27T15:11:07Z	2026-09-27T15:11:07Z	true	Merge pull request #403
dbb579967480865c43ce6afde19d98a737f6911b	b567e674abd06bc7e628c4e5f2f084532edddcae	2026-09-27T11:55:59Z	2026-09-27T11:55:59Z	false	Borrow rich graph nodes from view rows.
d1ab3fe128f7695a2d104399285e3e3d60659e10	dbb579967480865c43ce6afde19d98a737f6911b	2026-09-27T11:59:18Z	2026-09-27T11:59:18Z	false	Record rich-graph medians without a ratio assert.
cccb661268cf4176281ddb875ea18aacf9a8a7bc	a5dfda315bd925adcfe0e6569971a5499270feef d1ab3fe128f7695a2d104399285e3e3d60659e10	2026-09-27T15:11:07Z	2026-09-27T15:11:07Z	true	Merge pull request #435
81539b04da4cd01fc636c4fed86c9878633e17fc	b567e674abd06bc7e628c4e5f2f084532edddcae	2026-09-27T12:08:43Z	2026-09-27T12:08:43Z	false	Borrow reference labels instead of cloning view rows.
66af00c68d63af7811c3b7f3748510186136df22	cccb661268cf4176281ddb875ea18aacf9a8a7bc 81539b04da4cd01fc636c4fed86c9878633e17fc	2026-09-27T15:11:07Z	2026-09-27T15:11:07Z	true	Merge pull request #436
10bbc123016c694f610414e1f2a1ac673e579014	b567e674abd06bc7e628c4e5f2f084532edddcae	2026-09-27T08:58:43Z	2026-09-27T08:58:43Z	false	Build view certificates from borrowed rows and append claims once.
66931f2a88f173d5df7216553997f2bce655eec8	66af00c68d63af7811c3b7f3748510186136df22 10bbc123016c694f610414e1f2a1ac673e579014	2026-09-27T15:11:08Z	2026-09-27T15:11:08Z	true	Merge pull request #421
580d21048406dddd19c214b3c476a7ac05903463	b567e674abd06bc7e628c4e5f2f084532edddcae	2026-09-27T05:38:12Z	2026-09-27T05:38:12Z	false	perf(local): diff published rows without filling the owned cache
2d6ad9bfc7d4ea4ad0faa270c3b7ea5b7a0ce586	580d21048406dddd19c214b3c476a7ac05903463	2026-09-27T05:43:30Z	2026-09-27T05:43:30Z	false	fix(local): size borrowed row splices from a collected slice
3184efbb1f7eac904d78c808259fab11ecffe608	66931f2a88f173d5df7216553997f2bce655eec8 2d6ad9bfc7d4ea4ad0faa270c3b7ea5b7a0ce586	2026-09-27T15:11:08Z	2026-09-27T15:11:08Z	true	Merge pull request #405
f9d13686753dc979e7ef03b65bf9fc49858b5fc7	b567e674abd06bc7e628c4e5f2f084532edddcae	2026-09-27T05:51:01Z	2026-09-27T05:51:01Z	false	perf(local): patch one package without cloning sibling rows
bfc813046ad74197425c35bfd7836b6f51df28b2	f9d13686753dc979e7ef03b65bf9fc49858b5fc7	2026-09-27T05:52:41Z	2026-09-27T05:52:41Z	false	fix(local): check package patch collisions before committing the view
af32a6a4aca43e34ec35b2071f2705c067c78484	bfc813046ad74197425c35bfd7836b6f51df28b2	2026-09-27T05:54:58Z	2026-09-27T05:54:58Z	false	test(local): time package patches against the full replacement path
fc66e02beab4e42f1ab6d058f0a986740d6c5234	3184efbb1f7eac904d78c808259fab11ecffe608 af32a6a4aca43e34ec35b2071f2705c067c78484	2026-09-27T15:11:46Z	2026-09-27T15:11:46Z	true	Merge pull request #407
0d09862a96beb4e3cf31a8bef93e07b5b45ff17d	b567e674abd06bc7e628c4e5f2f084532edddcae	2026-09-27T09:35:55Z	2026-09-27T09:35:55Z	false	Publish a package splice as row changes instead of a cloned view.
2e80121e7b5c7c1211d2d8059c5f037f23d1d638	fc66e02beab4e42f1ab6d058f0a986740d6c5234 0d09862a96beb4e3cf31a8bef93e07b5b45ff17d	2026-09-27T15:12:43Z	2026-09-27T15:12:43Z	true	Merge pull request #424
65437a55da4b848c9c5480884a8c187b025256cd	b567e674abd06bc7e628c4e5f2f084532edddcae	2026-09-27T09:57:30Z	2026-09-27T09:57:30Z	false	Splice one changed file without cloning every sibling row.
3dcbe8bad72ae2f6956332fdd95606b352491f40	2e80121e7b5c7c1211d2d8059c5f037f23d1d638 65437a55da4b848c9c5480884a8c187b025256cd	2026-09-27T15:13:01Z	2026-09-27T15:13:01Z	true	Merge pull request #426
a2f4c693f1d7d7b527e7f08dda3fb4515c3d7896	b567e674abd06bc7e628c4e5f2f084532edddcae	2026-09-27T10:19:44Z	2026-09-27T10:19:44Z	false	Resolve structural call graphs without cloning every view row.
5eb8069992c13dd62fb6de61ced1ea6171c05767	3dcbe8bad72ae2f6956332fdd95606b352491f40 a2f4c693f1d7d7b527e7f08dda3fb4515c3d7896	2026-09-27T15:13:01Z	2026-09-27T15:13:01Z	true	Merge pull request #427
685cea9308f1d060003976fb66ee818c8a9240fd	b567e674abd06bc7e628c4e5f2f084532edddcae	2026-09-27T10:50:01Z	2026-09-27T10:50:01Z	false	Index package labels so call graphs skip sibling rows.
796f3336de2aacb10970477eda43778985973cf6	5eb8069992c13dd62fb6de61ced1ea6171c05767 685cea9308f1d060003976fb66ee818c8a9240fd	2026-09-27T15:14:15Z	2026-09-27T15:14:15Z	true	Merge pull request #429
21184ead26bf84f9893170dedb9200c6841e85ac	b567e674abd06bc7e628c4e5f2f084532edddcae	2026-09-27T08:13:03Z	2026-09-27T08:13:03Z	false	Look up view rows by label without cloning every row body.
2c6190292c8ba4de1dda27dd9664503b4fd0d408	796f3336de2aacb10970477eda43778985973cf6 21184ead26bf84f9893170dedb9200c6841e85ac	2026-09-27T15:14:58Z	2026-09-27T15:14:58Z	true	Merge pull request #418
f596b6129e94a29e8b0bc391a98a20eecab3888c	b567e674abd06bc7e628c4e5f2f084532edddcae	2026-09-27T11:15:08Z	2026-09-27T11:15:08Z	false	Borrow reference targets instead of cloning view rows.
ce1387f16d217c2ec6aa3c81ab820ef745b5e211	f596b6129e94a29e8b0bc391a98a20eecab3888c	2026-09-27T11:16:58Z	2026-09-27T11:16:58Z	false	Record presence medians without a debug ratio assert.
d60263372b3f4c35e0de1d8a0cbf7a58c3d1eaf8	ce1387f16d217c2ec6aa3c81ab820ef745b5e211	2026-09-27T11:25:05Z	2026-09-27T11:25:05Z	false	Compare the borrowed label hit with rows().
ccb12a4cf16663ae6955eaa4b928a2e215ed3788	2c6190292c8ba4de1dda27dd9664503b4fd0d408 d60263372b3f4c35e0de1d8a0cbf7a58c3d1eaf8	2026-09-27T15:14:58Z	2026-09-27T15:14:58Z	true	Merge pull request #431
0794c51eec5e925aec33ebccdde6312efc5dcb86	b567e674abd06bc7e628c4e5f2f084532edddcae	2026-09-27T06:42:17Z	2026-09-27T06:42:17Z	false	Load one package's source files for graph and reference queries.
4b2de73b35a6d7545b67e576327253daeabb6e1a	0794c51eec5e925aec33ebccdde6312efc5dcb86	2026-09-27T06:46:50Z	2026-09-27T06:46:50Z	false	Time package source lookup against the admitted readers.
ad133a02eefd8a19e300bfe89f32b409125e2487	ccb12a4cf16663ae6955eaa4b928a2e215ed3788 4b2de73b35a6d7545b67e576327253daeabb6e1a	2026-09-27T15:15:19Z	2026-09-27T15:15:19Z	true	Merge pull request #413
1b83c97aeec3a552a7a7b9c7de3fdd11499ad8e8	fe0c4e9791158d7da978a3338dc3e4c027f65370	2026-09-27T12:30:34Z	2026-09-27T12:30:34Z	false	Refuse a non-directory add instead of recording an empty project.
8bb38ac5a1d5838c543d6b95a5dce515d5796cda	1b83c97aeec3a552a7a7b9c7de3fdd11499ad8e8	2026-09-27T12:32:39Z	2026-09-27T12:32:39Z	false	Derive Debug on the add-target classifier so refusal tests can report it.
b2acb95157696042ea6caf3580176d2318dbf9d5	ad133a02eefd8a19e300bfe89f32b409125e2487 8bb38ac5a1d5838c543d6b95a5dce515d5796cda	2026-09-27T15:15:44Z	2026-09-27T15:15:44Z	true	Merge pull request #437
b78fd35130114bbaf83574145451d13b27cea4ab	b2acb95157696042ea6caf3580176d2318dbf9d5	2026-09-27T15:20:17Z	2026-09-27T15:20:17Z	true	Load one package's sources for graph and reference queries.
fe534dfd85605d2cee6f2f129917467c085046ff	b78fd35130114bbaf83574145451d13b27cea4ab	2026-09-27T15:20:17Z	2026-09-27T15:20:17Z	true	Give each source-page fixture its own store directory.
ff48fc6f688b6b1786bdfd87ecfe76bde940e546	c771269f331d0325aed3ecfb58e4fcfb75573c46	2026-09-27T15:09:58Z	2026-09-27T15:09:58Z	false	Bind a Python member through an assignment alias.
73d7cf807790f9fcea298933b5326d6ce768b35a	fe534dfd85605d2cee6f2f129917467c085046ff ff48fc6f688b6b1786bdfd87ecfe76bde940e546	2026-09-27T15:20:20Z	2026-09-27T15:20:20Z	true	Merge pull request #453
d205d2da30a5840c76246e9c304041a32d5e6f29	73d7cf807790f9fcea298933b5326d6ce768b35a	2026-09-27T15:23:01Z	2026-09-27T15:23:01Z	true	Keep the first Python constant span when a later binding is dropped.
dfdec64ef1f812281c30dd785f0e3e1c0edb8e94	bcc4252fd43d70e87c705ea0647645eb6c416aae	2026-09-27T15:21:08Z	2026-09-27T15:21:08Z	false	fix(fuzz): link libstdc++ and drop harness paths from entrypoints
5c65870cf5f8f48879a122f13a0b7bdaff32d476	d205d2da30a5840c76246e9c304041a32d5e6f29 dfdec64ef1f812281c30dd785f0e3e1c0edb8e94	2026-09-27T15:25:37Z	2026-09-27T15:25:37Z	true	Merge pull request #455
da0b3fa3d7a2e6979f152afb71c5cfb36a0f5434	5c65870cf5f8f48879a122f13a0b7bdaff32d476	2026-09-27T15:56:34Z	2026-09-27T15:56:34Z	false	perf(local): seek one package's publications during a scoped rebuild
7b2a245056b07a8eb9cd92f18209d174d9c47e38	da0b3fa3d7a2e6979f152afb71c5cfb36a0f5434	2026-09-27T15:59:49Z	2026-09-27T15:59:49Z	false	test(local): time the package publication seek without a private handle
4d4d0921ea4fe68b4f4df341d14ddc0b018526b6	5c65870cf5f8f48879a122f13a0b7bdaff32d476 7b2a245056b07a8eb9cd92f18209d174d9c47e38	2026-09-27T18:08:46Z	2026-09-27T18:08:46Z	true	Merge pull request #458
f93f8490d37dda738efb7f20f4d3ce9d803d54f0	5c65870cf5f8f48879a122f13a0b7bdaff32d476	2026-09-27T16:05:36Z	2026-09-27T16:05:36Z	false	fix(fuzz): state the package harness contract without clearance claims
8f66a4ecdd193a870eae073d6ce7789ec95a4dfa	f93f8490d37dda738efb7f20f4d3ce9d803d54f0	2026-09-27T16:16:03Z	2026-09-27T16:16:03Z	false	fix(fuzz): refuse bins that are not given the durable mount
ebe54cd00297d557f60e20e02ce8bb421c19634e	8f66a4ecdd193a870eae073d6ce7789ec95a4dfa	2026-09-27T16:20:37Z	2026-09-27T16:20:37Z	false	fix(fuzz): move the WarmVault record off durable_corpus
4539ded44cb5687692f5bd70cbe6eac34cc35832	4d4d0921ea4fe68b4f4df341d14ddc0b018526b6 ebe54cd00297d557f60e20e02ce8bb421c19634e	2026-09-27T18:08:46Z	2026-09-27T18:08:46Z	true	Merge pull request #459
670ebf8bb3b8175c7ed050381b70d8a233911963	5c65870cf5f8f48879a122f13a0b7bdaff32d476	2026-09-27T16:32:03Z	2026-09-27T16:32:03Z	false	perf(forge): fetch generic git sources as shallow partial clones
29ed3e03508f8775abb4acbe32c0612255bf0f99	670ebf8bb3b8175c7ed050381b70d8a233911963	2026-09-27T16:33:59Z	2026-09-27T16:33:59Z	false	test(forge): allow reachable tip blobs on the partial-clone fixture
faedbb98cea3700e2bc078d86c33b63c824066bc	4539ded44cb5687692f5bd70cbe6eac34cc35832 29ed3e03508f8775abb4acbe32c0612255bf0f99	2026-09-27T18:08:46Z	2026-09-27T18:08:46Z	true	Merge pull request #461
79839b3284ab101079440f69d2674a100ee08fd5	5c65870cf5f8f48879a122f13a0b7bdaff32d476	2026-09-27T16:12:13Z	2026-09-27T16:12:13Z	false	perf(local): page catalog coordinates from a resident trigram index
7aefa777b7ffdae063a7fb4c1e713931473e4ff7	faedbb98cea3700e2bc078d86c33b63c824066bc 79839b3284ab101079440f69d2674a100ee08fd5	2026-09-27T18:08:46Z	2026-09-27T18:08:46Z	true	Merge pull request #460
4369a8773aaa5ea10e81551ca3b67bee522adf72	5c65870cf5f8f48879a122f13a0b7bdaff32d476	2026-09-27T16:48:41Z	2026-09-27T16:48:41Z	false	Read local package facts from the canonical graph.
e231a2501c31a36c4844f8aed4776b45b188ccdd	4369a8773aaa5ea10e81551ca3b67bee522adf72	2026-09-27T16:50:58Z	2026-09-27T16:50:58Z	false	Borrow the local project path when projecting a README.
e4088b62380232451ce4a3bd93cc4f367b70cdac	7aefa777b7ffdae063a7fb4c1e713931473e4ff7 e231a2501c31a36c4844f8aed4776b45b188ccdd	2026-09-27T18:08:49Z	2026-09-27T18:08:49Z	true	Merge pull request #462
4b0e480779afa76a9937419e15245871929c035e	ff48fc6f688b6b1786bdfd87ecfe76bde940e546	2026-09-27T15:40:03Z	2026-09-27T15:40:03Z	false	Bind a Python member through a Self return.
20bcd72c87dfe58e73438d4edb78b9ca48d43456	4b0e480779afa76a9937419e15245871929c035e	2026-09-27T17:15:58Z	2026-09-27T17:15:58Z	false	Bind a Python member through a Self annotation.
4df425a4ec1af8e3811557cee54911f1fc0f78fb	e4088b62380232451ce4a3bd93cc4f367b70cdac 20bcd72c87dfe58e73438d4edb78b9ca48d43456	2026-09-27T18:09:31Z	2026-09-27T18:09:31Z	true	Merge pull request #463
3ce8d608505991cab83cccb803606dad17a4aa6f	4df425a4ec1af8e3811557cee54911f1fc0f78fb	2026-09-27T18:09:45Z	2026-09-27T18:09:45Z	true	Admit every relation node into the workspace genesis closure.
f93ed70e38e0bccd6ae858e2aa0a75f4355738be	3ce8d608505991cab83cccb803606dad17a4aa6f	2026-09-27T18:13:26Z	2026-09-27T18:13:26Z	true	Page an eight-by-ten source relation once every node is in the closure.
aae1069ee153668277a7d7219c86cf25bd1461ed	fe0c4e9791158d7da978a3338dc3e4c027f65370	2026-09-27T18:32:53Z	2026-09-27T18:32:53Z	false	feat(gpui-vendor): expose test-only atlas readback and deterministic sprite order
ea0422d0c2dfe4666d36d6d19bad2dbe7639ab50	aae1069ee153668277a7d7219c86cf25bd1461ed	2026-09-27T18:32:53Z	2026-09-27T18:32:53Z	false	feat(gpui-vendor): read metal atlas tiles for rendering diagnostics
09fdb06382e17dd6cbf283fb7600b194d3792c33	ea0422d0c2dfe4666d36d6d19bad2dbe7639ab50	2026-09-27T18:32:53Z	2026-09-27T18:32:53Z	false	feat(frontends): wire structural fact emission through every language
195745ed1d4dcdb1f73b6d16c16e351789c9c5ab	09fdb06382e17dd6cbf283fb7600b194d3792c33	2026-09-27T18:32:53Z	2026-09-27T18:32:53Z	false	feat(compile): add structural syntax facts
8820672c941087106b743d38bcfd2aa066071870	195745ed1d4dcdb1f73b6d16c16e351789c9c5ab	2026-09-27T18:32:53Z	2026-09-27T18:32:53Z	false	feat(engine): lower rust declaration facts into relation rows
60ac1053537b9785ce70cf53050522a49f6f38ee	8820672c941087106b743d38bcfd2aa066071870	2026-09-27T18:32:59Z	2026-09-27T18:32:59Z	false	feat(advisory): refresh the authority model and parsers
776ed89e971b28cd284765ad3bc0e8d2a6ea74d1	60ac1053537b9785ce70cf53050522a49f6f38ee	2026-09-27T18:32:59Z	2026-09-27T18:32:59Z	false	feat(advisory): extend the wire reply shapes
e0334a0c1ff7adffbd991353d5664c18922f4ae3	776ed89e971b28cd284765ad3bc0e8d2a6ea74d1	2026-09-27T18:32:59Z	2026-09-27T18:32:59Z	false	test(advisory): add real-corpus fixtures and tests
04f9f39d7b18fb24b94e969ba9832232afb2aa5a	e0334a0c1ff7adffbd991353d5664c18922f4ae3	2026-09-27T18:32:59Z	2026-09-27T18:32:59Z	false	feat(present): assemble section rows
747135353305358dd4df2e6e5511734048a95b96	04f9f39d7b18fb24b94e969ba9832232afb2aa5a	2026-09-27T18:32:59Z	2026-09-27T18:32:59Z	false	feat(present): project browse rows
1ed052480bfbc1b176e6715c50cb0f697c481af3	747135353305358dd4df2e6e5511734048a95b96	2026-09-27T18:32:59Z	2026-09-27T18:32:59Z	false	refactor(present): align call and grammar projections
e9e148faa354e9dcb59693c570c4f35ce318a977	1ed052480bfbc1b176e6715c50cb0f697c481af3	2026-09-27T18:32:59Z	2026-09-27T18:32:59Z	false	test(compatibility): pin structural facts
ed63121b9d366f0780f91a39a95a5ca757efe67d	e9e148faa354e9dcb59693c570c4f35ce318a977	2026-09-27T18:33:04Z	2026-09-27T18:33:04Z	false	feat(library): register the browse command surface
c8a7d0baa61c342f67a511a24f0367e482125d95	ed63121b9d366f0780f91a39a95a5ca757efe67d	2026-09-27T18:33:04Z	2026-09-27T18:33:04Z	false	feat(library): encode canonical browse sections
b80ba256a387ae322810b537cd286a9563aedef9	c8a7d0baa61c342f67a511a24f0367e482125d95	2026-09-27T18:33:05Z	2026-09-27T18:33:05Z	false	feat(library): project view models for browse roots
73caedc92522c8735db952c7e7919d7fd85e5b0b	b80ba256a387ae322810b537cd286a9563aedef9	2026-09-27T18:33:05Z	2026-09-27T18:33:05Z	false	feat(library): admit browse wire replies
c2bad7d584eba288345901619986d61ed77494d6	73caedc92522c8735db952c7e7919d7fd85e5b0b	2026-09-27T18:33:05Z	2026-09-27T18:33:05Z	false	feat(library): browse commands
0fe746844b49be4151b1f2de58f45581b1274673	c2bad7d584eba288345901619986d61ed77494d6	2026-09-27T18:33:05Z	2026-09-27T18:33:05Z	false	feat(local-service): route builtin browse commands
2f62f838a7a591703b3990d8b97a6768f9148f12	0fe746844b49be4151b1f2de58f45581b1274673	2026-09-27T18:33:05Z	2026-09-27T18:33:05Z	false	feat(local-service): build browse views from semantics
88dc89206ff88617540b31270c5cf379b2fc8f66	2f62f838a7a591703b3990d8b97a6768f9148f12	2026-09-27T18:33:05Z	2026-09-27T18:33:05Z	false	test(local-service): extend view journal coverage
e8c474d356f376ee0f3a862b7a98cd3ed9b9d810	88dc89206ff88617540b31270c5cf379b2fc8f66	2026-09-27T18:33:15Z	2026-09-27T18:33:15Z	false	feat(facet): wire the browse module
c57301b47e9283cfc814635918ff4954e43aa29b	e8c474d356f376ee0f3a862b7a98cd3ed9b9d810	2026-09-27T18:33:15Z	2026-09-27T18:33:15Z	false	feat(facet): browse surface
2a5b129693436df38f2659b68628bf6ced2f602b	c57301b47e9283cfc814635918ff4954e43aa29b	2026-09-27T18:33:15Z	2026-09-27T18:33:15Z	false	refine(facet): anatomy can contract does fork holds pipe
7b2106e76064563da043e9c1e3c1f69d9aa5253b	2a5b129693436df38f2659b68628bf6ced2f602b	2026-09-27T18:33:15Z	2026-09-27T18:33:15Z	false	feat(facet): graph scene draw road and navigation refinements
860507d4eb290ba9aea4dd9fd2e42d320414c7d7	7b2106e76064563da043e9c1e3c1f69d9aa5253b	2026-09-27T18:33:15Z	2026-09-27T18:33:15Z	false	feat(facet): graph prisms
61b7d116b009ae57ec8a0b6dc7801afb00c37db1	860507d4eb290ba9aea4dd9fd2e42d320414c7d7	2026-09-27T18:33:15Z	2026-09-27T18:33:15Z	false	refine(facet): camera travel properties
a95574d0d0f5206c724dca26322f06ae56c96dac	61b7d116b009ae57ec8a0b6dc7801afb00c37db1	2026-09-27T18:33:15Z	2026-09-27T18:33:15Z	false	test(facet): discovery selection
a4159bf5ea8358b874e8d5a6d97a9d174281c614	a95574d0d0f5206c724dca26322f06ae56c96dac	2026-09-27T18:33:15Z	2026-09-27T18:33:15Z	false	test(facet): graph gallery checks sprites and cold tours
4408ddad73e6d27866e30dd519291224c88dd19c	a4159bf5ea8358b874e8d5a6d97a9d174281c614	2026-09-27T18:33:15Z	2026-09-27T18:33:15Z	false	feat(facet): view hints rails peeks and frame tests
d26494800ab9068866495640b0c1b5a97f9b4828	4408ddad73e6d27866e30dd519291224c88dd19c	2026-09-27T18:33:16Z	2026-09-27T18:33:16Z	false	refine(facet): control combs fields splitters state
90d3586f64595c7d1d57e2f4a7be45d44f92113c	d26494800ab9068866495640b0c1b5a97f9b4828	2026-09-27T18:33:16Z	2026-09-27T18:33:16Z	false	refine(facet): motion flights flow presence shared
cdc470a93be44b362f4fc703b89430a47264c907	90d3586f64595c7d1d57e2f4a7be45d44f92113c	2026-09-27T18:33:16Z	2026-09-27T18:33:16Z	false	refine(facet): overlay float gallery text
9b44ac807f1018de5f9898889b5b71c5869b0763	cdc470a93be44b362f4fc703b89430a47264c907	2026-09-27T18:33:16Z	2026-09-27T18:33:16Z	false	test(facet): release fixture refinements
e654af2f9f8264316bfd43a24b21c06f5a7d75fc	9b44ac807f1018de5f9898889b5b71c5869b0763	2026-09-27T18:33:16Z	2026-09-27T18:33:16Z	false	refine(facet): gallery align cli lint
d2b0a95892876485d73b5cb8da7a70cf21e2d74b	e654af2f9f8264316bfd43a24b21c06f5a7d75fc	2026-09-27T18:33:16Z	2026-09-27T18:33:16Z	false	feat(facet): semantic recipe chains
e0c0ec3a8fcf320df23f387c31c6fcffc4b4e848	d2b0a95892876485d73b5cb8da7a70cf21e2d74b	2026-09-27T18:33:16Z	2026-09-27T18:33:16Z	false	refine(facet): paint geometry
8966c1da94ddcacb5fc42fe0ae9665aa39b6dc1b	e0c0ec3a8fcf320df23f387c31c6fcffc4b4e848	2026-09-27T18:33:24Z	2026-09-27T18:33:24Z	false	feat(desktop): desktop manifest and harness root
729dc553e68205c7980252aedc254f5bc1c61d4d	8966c1da94ddcacb5fc42fe0ae9665aa39b6dc1b	2026-09-27T18:33:24Z	2026-09-27T18:33:24Z	false	feat(desktop): journey scripts and looks
bf464e22fa115e807d99ef4505fdd47a384ddd33	729dc553e68205c7980252aedc254f5bc1c61d4d	2026-09-27T18:34:06Z	2026-09-27T18:34:06Z	false	feat(desktop): hand model and persisted state
f4f01f831cc4708bd8c505e3be05bbe5e13ffffd	bf464e22fa115e807d99ef4505fdd47a384ddd33	2026-09-27T18:34:06Z	2026-09-27T18:34:06Z	false	feat(desktop): page store keys and symbols
4b2223903cdc1aa3ba3e66110213398f060d8142	f4f01f831cc4708bd8c505e3be05bbe5e13ffffd	2026-09-27T18:34:06Z	2026-09-27T18:34:06Z	false	feat(desktop): browse model
fd2e0808bdc31cc705568fe22052d3ebf5d27779	4b2223903cdc1aa3ba3e66110213398f060d8142	2026-09-27T18:34:06Z	2026-09-27T18:34:06Z	false	feat(desktop): browse navigation routes
852d91799815df753ce79d3ee1537f610330dc52	fd2e0808bdc31cc705568fe22052d3ebf5d27779	2026-09-27T18:34:06Z	2026-09-27T18:34:06Z	false	feat(desktop): runtime store reads and page mapping
da46178b16cbb9f09cf31a236a3b0d72c711ac16	852d91799815df753ce79d3ee1537f610330dc52	2026-09-27T18:34:06Z	2026-09-27T18:34:06Z	false	feat(desktop): fixture worlds and releases
5bcef86681818794bb5e4d573b6eaaef92ce8c18	da46178b16cbb9f09cf31a236a3b0d72c711ac16	2026-09-27T18:34:06Z	2026-09-27T18:34:06Z	false	feat(desktop): browse runtime reads
609e33c63d86f7f3500c5d2054108cb554a98cba	5bcef86681818794bb5e4d573b6eaaef92ce8c18	2026-09-27T18:34:06Z	2026-09-27T18:34:06Z	false	feat(desktop): shell chrome refinements
eca67553938e508f7ed02840a4727a04b9043ef1	609e33c63d86f7f3500c5d2054108cb554a98cba	2026-09-27T18:34:06Z	2026-09-27T18:34:06Z	false	feat(desktop): graph and package symbol bodies
7e6f4c148590b1e9b2342ddd0cb7aa6dd1a7cc43	eca67553938e508f7ed02840a4727a04b9043ef1	2026-09-27T18:34:06Z	2026-09-27T18:34:06Z	false	feat(desktop): browse body
480ac12c9087cfa96a05d11aea31c4e71c2dc4f2	7e6f4c148590b1e9b2342ddd0cb7aa6dd1a7cc43	2026-09-27T18:34:06Z	2026-09-27T18:34:06Z	false	feat(desktop): hand jump and comb shells
972597da889171cc511c8c05c4b878d705ef96f7	480ac12c9087cfa96a05d11aea31c4e71c2dc4f2	2026-09-27T18:34:06Z	2026-09-27T18:34:06Z	false	feat(desktop): retire the thread shell
c724c8a6cc7fe673a5e215c9a3ecbd03de13dfd0	972597da889171cc511c8c05c4b878d705ef96f7	2026-09-27T18:34:07Z	2026-09-27T18:34:07Z	false	feat(desktop): host launch paths
85fea268a493010026a156f53528c715ef0eee5c	c724c8a6cc7fe673a5e215c9a3ecbd03de13dfd0	2026-09-27T18:34:07Z	2026-09-27T18:34:07Z	false	test(desktop): facts truth
49c172989381fd65485c31a0ce8def0b748eb961	85fea268a493010026a156f53528c715ef0eee5c	2026-09-27T18:34:07Z	2026-09-27T18:34:07Z	false	test(desktop): browse tree fixture workspace
7ed1b045994acab1354e83818472d065c22d1d2a	49c172989381fd65485c31a0ce8def0b748eb961	2026-09-27T18:34:07Z	2026-09-27T18:34:07Z	false	test(desktop): standalone and unmanifested facts fixtures
d12d45a19555c5af9a1e85ab7d666603e8314304	7ed1b045994acab1354e83818472d065c22d1d2a	2026-09-27T18:34:14Z	2026-09-27T18:34:14Z	false	test(gui-harness): final measure and run guard scripts
8b9fda656196b5bc2b5d8fbaafab15513ff9b1f7	d12d45a19555c5af9a1e85ab7d666603e8314304	2026-09-27T18:34:14Z	2026-09-27T18:34:14Z	false	test(gui-harness): verify soak and session updates
efbd8b4008124aa18522bbc55a54f8856caa9043	8b9fda656196b5bc2b5d8fbaafab15513ff9b1f7	2026-09-27T18:34:14Z	2026-09-27T18:34:14Z	false	docs(gui-harness): extend the graph audit notes
3a4917c6e789d70ad9c5dd1fff1350f4119326d7	efbd8b4008124aa18522bbc55a54f8856caa9043	2026-09-27T18:34:14Z	2026-09-27T18:34:14Z	false	docs(design): record lane directions
8635da4b40236b153db9b81d87b9e42854184df8	3a4917c6e789d70ad9c5dd1fff1350f4119326d7	2026-09-27T18:34:14Z	2026-09-27T18:34:14Z	false	feat(design): marks lane sources
a8b066376c0b1756154646ae8a3126b1b963c377	8635da4b40236b153db9b81d87b9e42854184df8	2026-09-27T18:34:14Z	2026-09-27T18:34:14Z	false	chore(design): capture marks shots
826e8ce231ac113d75c06856ef34506f02a94448	a8b066376c0b1756154646ae8a3126b1b963c377	2026-09-27T18:34:14Z	2026-09-27T18:34:14Z	false	feat(design): browse lane sources
329e0d5d7cfb7e06d3e770fefe01693aec99f83b	826e8ce231ac113d75c06856ef34506f02a94448	2026-09-27T18:34:14Z	2026-09-27T18:34:14Z	false	chore(design): capture browse shots
aa6e1779136e0384981a6857ff1d54dbb961e417	329e0d5d7cfb7e06d3e770fefe01693aec99f83b	2026-09-27T18:34:15Z	2026-09-27T18:34:15Z	false	feat(design): page2 lane sources
8532d351dbe253612a0139c45c3fb7da382f1ea4	aa6e1779136e0384981a6857ff1d54dbb961e417	2026-09-27T18:34:15Z	2026-09-27T18:34:15Z	false	chore(design): capture page2 shots
14395baac4cd8783a8ac38546fd15eb530c3042a	8532d351dbe253612a0139c45c3fb7da382f1ea4	2026-09-27T18:34:15Z	2026-09-27T18:34:15Z	false	feat(design): hand lane sources
9f481583b652095cc12d0174566885b48973061c	14395baac4cd8783a8ac38546fd15eb530c3042a	2026-09-27T18:34:15Z	2026-09-27T18:34:15Z	false	chore(design): capture hand shots
524c83cfeaf6de5193a1977dbdeeedc5112960a1	9f481583b652095cc12d0174566885b48973061c	2026-09-27T18:34:15Z	2026-09-27T18:34:15Z	false	feat(design): motion lane sources
b2dfabfb0d814de925d4c93d532dcd58c69d96cd	524c83cfeaf6de5193a1977dbdeeedc5112960a1	2026-09-27T18:34:15Z	2026-09-27T18:34:15Z	false	chore(design): capture motion shots
8449b6052a9e8f0219b745069914db309513488b	b2dfabfb0d814de925d4c93d532dcd58c69d96cd	2026-09-27T18:34:15Z	2026-09-27T18:34:15Z	false	chore: refresh the workspace lockfile
1aa45ea639662685550db8739c867e0e34f08d6b	8449b6052a9e8f0219b745069914db309513488b	2026-09-27T18:34:24Z	2026-09-27T18:34:24Z	false	test(desktop): browse shell behavior
b6149319cfbe912959a49a334d658afe9c6c39a4	f93ed70e38e0bccd6ae858e2aa0a75f4355738be 1aa45ea639662685550db8739c867e0e34f08d6b	2026-09-27T19:06:22Z	2026-09-27T19:06:22Z	true	Merge canonical browse and design work into the landed PR tree.
dd7f69f30e301a399424a70e4e7dbb06108806e6	b6149319cfbe912959a49a334d658afe9c6c39a4	2026-09-26T17:49:25Z	2026-09-27T19:10:01Z	true	Follow a Java enum constant to the enum that declares it.
92f974b370660b8273147886893703d3305e99c4	dd7f69f30e301a399424a70e4e7dbb06108806e6	2026-09-27T19:38:09Z	2026-09-27T19:38:09Z	true	fix(facet): mark genuinely renamed parameters and price the toml upgrade truthfully
4faee5661c491ceeef1bbe34ab5c71436b101e02	92f974b370660b8273147886893703d3305e99c4	2026-09-28T16:21:56Z	2026-09-28T16:21:56Z	true	checkpoint(index): versioned compiler and index fabric cutover
f149f00bcca09d0520d3bd046858aba5f0bb3ac8	92f974b370660b8273147886893703d3305e99c4	2026-09-28T01:55:51Z	2026-09-28T01:55:51Z	false	Integrate graph, hand, marks, and shell foundation
44548b98612e12a86e32691afd1bb3faf2b1f134	92f974b370660b8273147886893703d3305e99c4	2026-09-28T02:04:53Z	2026-09-28T02:04:53Z	false	Build semantic symbol and package browsing pages
4ba9034e6cda2f6469607bb925741a0e2c63608c	f149f00bcca09d0520d3bd046858aba5f0bb3ac8 44548b98612e12a86e32691afd1bb3faf2b1f134	2026-09-28T02:18:49Z	2026-09-28T02:18:49Z	false	Integrate semantic symbol and package browsing pages
959f8911f626aed867d174cb502908d7358f65d2	4ba9034e6cda2f6469607bb925741a0e2c63608c	2026-09-28T02:53:21Z	2026-09-28T02:53:21Z	false	Verify integrated native pages and cache invalidation
7700a6efbff04db7d3481b79808fb4fea91f1a6a	959f8911f626aed867d174cb502908d7358f65d2	2026-09-28T15:28:28Z	2026-09-28T15:28:28Z	false	feat(gpui-vendor): trace painted text lines for rendering diagnostics
84688d9bf0b82f444505879d7ae5dcad9df3203b	7700a6efbff04db7d3481b79808fb4fea91f1a6a	2026-09-28T15:28:28Z	2026-09-28T15:28:28Z	false	build(nix): carry the vendored gpui crates in the tool closure
a3a30dbc3b80a44a1165eccf0a9e38125cf43ae6	84688d9bf0b82f444505879d7ae5dcad9df3203b	2026-09-28T15:28:51Z	2026-09-28T15:28:51Z	false	chore: refresh the workspace manifest
1de49b6dd4690ee00ac1fa967b01c530a08f662a	a3a30dbc3b80a44a1165eccf0a9e38125cf43ae6	2026-09-28T15:28:51Z	2026-09-28T15:28:51Z	false	feat(library): index wire claims for duplicate detection
446f8b86db3fbdf69764f90b243a00bd12b458a9	1de49b6dd4690ee00ac1fa967b01c530a08f662a	2026-09-28T15:28:51Z	2026-09-28T15:28:51Z	false	test(library): pin the claim index
fd3439e9181279a759ae8b13aef35c89bd52b8b7	446f8b86db3fbdf69764f90b243a00bd12b458a9	2026-09-28T15:28:51Z	2026-09-28T15:28:51Z	false	feat(local-service): route builtin projections through the adapter
93e6466d4f743208170ba7ea15e32879eab10539	fd3439e9181279a759ae8b13aef35c89bd52b8b7	2026-09-28T15:28:51Z	2026-09-28T15:28:51Z	false	feat(local-service): page the search source view journal
4d3dfbb2c9b0002de8d1d8f4e8e455186655d80b	93e6466d4f743208170ba7ea15e32879eab10539	2026-09-28T15:28:51Z	2026-09-28T15:28:51Z	false	feat(local-service): resolve project root residence
68cd768576fb75f9497d1a41ac2044668e08fca2	4d3dfbb2c9b0002de8d1d8f4e8e455186655d80b	2026-09-28T15:29:00Z	2026-09-28T15:29:00Z	false	feat(facet): the hover surface and its tests
48f72dbb6d9783b67b2b1ad9123a292f4dc876c4	68cd768576fb75f9497d1a41ac2044668e08fca2	2026-09-28T15:29:00Z	2026-09-28T15:29:00Z	false	feat(facet): anatomy pages and plans
0fc2166e9d1ff7dc78ab4b7f1c4a66e27fa3b506	48f72dbb6d9783b67b2b1ad9123a292f4dc876c4	2026-09-28T15:29:01Z	2026-09-28T15:29:01Z	false	feat(facet): unfurl floats with signatures
c2ca9c25e5884404abb6ad97d2fd9ea8194c0823	0fc2166e9d1ff7dc78ab4b7f1c4a66e27fa3b506	2026-09-28T15:29:01Z	2026-09-28T15:29:01Z	false	refine(facet): the overlay gallery
a61636e01252526b69f88abc8f87a14281cfd4a2	c2ca9c25e5884404abb6ad97d2fd9ea8194c0823	2026-09-28T15:29:01Z	2026-09-28T15:29:01Z	false	feat(facet): legible gallery rows
6958d042041167652d311662c4c4198a7fcdd2df	a61636e01252526b69f88abc8f87a14281cfd4a2	2026-09-28T15:29:01Z	2026-09-28T15:29:01Z	false	refine(facet): marks deps fixtures licenses
df1fbcd87a9a574a7e1d56726a9e5ecbce2114e3	6958d042041167652d311662c4c4198a7fcdd2df	2026-09-28T15:29:01Z	2026-09-28T15:29:01Z	false	refine(facet): graph view paging
1d033010af0838e5998bdb5e966e9c2acaeb2c71	df1fbcd87a9a574a7e1d56726a9e5ecbce2114e3	2026-09-28T15:29:01Z	2026-09-28T15:29:01Z	false	refine(facet): tokens
864580034d55a0a0c4802cfe49aff15675b297cd	1d033010af0838e5998bdb5e966e9c2acaeb2c71	2026-09-28T15:29:01Z	2026-09-28T15:29:01Z	false	feat(facet): wire hover into the crate root
45f12ed718a5f7017759472c034c9d9764194c5d	864580034d55a0a0c4802cfe49aff15675b297cd	2026-09-28T15:29:11Z	2026-09-28T15:29:11Z	false	feat(desktop): harness journeys through seams menus
ae0f79d52679237efd8b0cb2aa8573d86d34347f	45f12ed718a5f7017759472c034c9d9764194c5d	2026-09-28T15:29:11Z	2026-09-28T15:29:11Z	false	feat(desktop): host launch paths
692491500404c8206d1a4ad49e498355b80fd7bf	ae0f79d52679237efd8b0cb2aa8573d86d34347f	2026-09-28T15:29:12Z	2026-09-28T15:29:12Z	false	refine(desktop): local package manifests and tests
bf383354f1ccee420618c0f4330bba80f98f16d4	692491500404c8206d1a4ad49e498355b80fd7bf	2026-09-28T15:29:12Z	2026-09-28T15:29:12Z	false	feat(desktop): runtime trace diagnostics
4bb90400eef80480848c019b1480fe6335b079a5	bf383354f1ccee420618c0f4330bba80f98f16d4	2026-09-28T15:29:12Z	2026-09-28T15:29:12Z	false	feat(desktop): runtime store reads and page mapping
56cbd177458a62f24b8ad31439913ec6fd31069b	4bb90400eef80480848c019b1480fe6335b079a5	2026-09-28T15:29:12Z	2026-09-28T15:29:12Z	false	refine(desktop): graph focus and fixture worlds
14b4973c0360b6242f09bd9a37edc0ebe045c1e7	56cbd177458a62f24b8ad31439913ec6fd31069b	2026-09-28T15:29:12Z	2026-09-28T15:29:12Z	false	refine(desktop): shell chrome ask kit peeks status
18cd1a9fe87cbff9e5d8da1a1e2f0ff1a27a08dc	14b4973c0360b6242f09bd9a37edc0ebe045c1e7	2026-09-28T15:29:12Z	2026-09-28T15:29:12Z	false	refine(desktop): graph package symbol bodies
e6d9137b56d204f9464b7a665e62d3ef982534a5	18cd1a9fe87cbff9e5d8da1a1e2f0ff1a27a08dc	2026-09-28T15:29:12Z	2026-09-28T15:29:12Z	false	test(desktop): anatomy graph and lang fixtures
3a0f7763099c31ed1a73cac73cc390b1984521c6	e6d9137b56d204f9464b7a665e62d3ef982534a5	2026-09-28T15:29:21Z	2026-09-28T15:29:21Z	false	docs(design): record the v5 direction
7bc389d1ad0ec0ec46b96e05ab2af192592c701d	3a0f7763099c31ed1a73cac73cc390b1984521c6	2026-09-28T15:29:21Z	2026-09-28T15:29:21Z	false	feat(design): v5 motion signature lane
7f9ff66e51cee4191b91ae66c0fcf81e59ce5cd6	7bc389d1ad0ec0ec46b96e05ab2af192592c701d	2026-09-28T15:29:21Z	2026-09-28T15:29:21Z	false	chore(design): capture v5 signature stills
d4a17b84109a02c722719fa11a68c0f3637f5735	7f9ff66e51cee4191b91ae66c0fcf81e59ce5cd6	2026-09-28T15:29:21Z	2026-09-28T15:29:21Z	false	feat(design): v5 page sources and extractors
1bf3af95240a0908fa71b4f78ad873427dd7e03c	d4a17b84109a02c722719fa11a68c0f3637f5735	2026-09-28T15:29:21Z	2026-09-28T15:29:21Z	false	chore(design): v5 page fact data
e988cbaa9fcdb3d37cb929d63239631ddb1daee4	1bf3af95240a0908fa71b4f78ad873427dd7e03c	2026-09-28T15:29:21Z	2026-09-28T15:29:21Z	false	docs(design): note the v4 motion closure
f9359e942f5123a3f0612cd726ca6f5dbe17d8d1	e988cbaa9fcdb3d37cb929d63239631ddb1daee4	2026-09-28T15:34:10Z	2026-09-28T15:34:10Z	false	fix(facet): import ColorExt for the anatomy page paints
25fe3d18a9e4d8641b2656cb94dad70e9d8b63f0	4faee5661c491ceeef1bbe34ab5c71436b101e02 f9359e942f5123a3f0612cd726ca6f5dbe17d8d1	2026-09-28T16:32:06Z	2026-09-28T16:32:06Z	true	merge: integrate canonical GUI with index compiler checkpoint
c387d4c5afab67300e9e4c3ff0b058bcd2b85e58	25fe3d18a9e4d8641b2656cb94dad70e9d8b63f0	2026-09-28T16:57:31Z	2026-09-28T16:57:31Z	true	refine(library): project view roots
c6fd5712ab748f5538ae91cb1e48ce2fe5f51299	c387d4c5afab67300e9e4c3ff0b058bcd2b85e58	2026-09-28T16:57:31Z	2026-09-28T16:57:31Z	true	feat(local-service): publish product view state
6f45ffacfaeb61a2f57a030900bc7d8fe2bc4abf	c6fd5712ab748f5538ae91cb1e48ce2fe5f51299	2026-09-28T16:57:49Z	2026-09-28T16:57:49Z	true	feat(facet): motion carry lanes
bdcf0b79fa391ba414ff5b852715e50dfc858080	6f45ffacfaeb61a2f57a030900bc7d8fe2bc4abf	2026-09-28T16:57:49Z	2026-09-28T16:57:49Z	true	feat(facet): motion print lanes
b213d222b6e0629c32408e3606b283c0f30194b7	bdcf0b79fa391ba414ff5b852715e50dfc858080	2026-09-28T16:57:49Z	2026-09-28T16:57:49Z	true	feat(facet): stone paint
abb9429c3de91da83ea95f951cb5057f5c25608e	b213d222b6e0629c32408e3606b283c0f30194b7	2026-09-28T16:57:49Z	2026-09-28T16:57:49Z	true	feat(facet): anatomy plan choices and rails
c5769d8c6b8342809fd7eb0c8650f264f9f755b6	abb9429c3de91da83ea95f951cb5057f5c25608e	2026-09-28T16:57:49Z	2026-09-28T16:57:49Z	true	feat(facet): anatomy page refinements
5440a820d8af4e33a5c01061a7f03602f660747a	c5769d8c6b8342809fd7eb0c8650f264f9f755b6	2026-09-28T16:57:50Z	2026-09-28T16:57:50Z	true	refine(facet): tokens
aafb383274059dff6a303a04fc4a150f4017e664	5440a820d8af4e33a5c01061a7f03602f660747a	2026-09-28T16:57:50Z	2026-09-28T16:57:50Z	true	refine(facet): legible gallery cli
f8458f7f5e0670dba54124b38be0e69ad2659da7	aafb383274059dff6a303a04fc4a150f4017e664	2026-09-28T16:57:57Z	2026-09-28T16:57:57Z	true	feat(desktop): the symbol page companions doors sections source
772f4f82e4fbed28bd457570d9fe7d23a1f92be3	f8458f7f5e0670dba54124b38be0e69ad2659da7	2026-09-28T16:57:57Z	2026-09-28T16:57:57Z	true	refine(desktop): orbit and package bodies
7140168cc32666bd6d92be4cc7fff68d081d6143	772f4f82e4fbed28bd457570d9fe7d23a1f92be3	2026-09-28T16:57:57Z	2026-09-28T16:57:57Z	true	feat(desktop): host lease launch and harness
801081ff903c4a8eb7c5f70c84381de0a9ac4136	7140168cc32666bd6d92be4cc7fff68d081d6143	2026-09-28T16:57:57Z	2026-09-28T16:57:57Z	true	feat(desktop): runtime trace diagnostics
7c0c57cd771fe0d77de9f24e7357e7da942ccc11	801081ff903c4a8eb7c5f70c84381de0a9ac4136	2026-09-28T16:57:57Z	2026-09-28T16:57:57Z	true	feat(desktop): navigation intent and reducer
fc664a5aef0aa7c651aa1449dc1d050f30ea9a80	7c0c57cd771fe0d77de9f24e7357e7da942ccc11	2026-09-28T16:57:57Z	2026-09-28T16:57:57Z	true	refine(desktop): persisted snapshots
73a57ba382bc5369a25bd257f6a975f1e4b01213	fc664a5aef0aa7c651aa1449dc1d050f30ea9a80	2026-09-28T16:57:57Z	2026-09-28T16:57:57Z	true	refine(desktop): shell chrome and tests
6f25e65c13da6ef4f75e08ca865b3abb94999395	73a57ba382bc5369a25bd257f6a975f1e4b01213	2026-09-28T16:57:57Z	2026-09-28T16:57:57Z	true	docs(briefs): instant open
98c41bebbb6d34cdf7c750125c93e46676a63f36	6f25e65c13da6ef4f75e08ca865b3abb94999395	2026-09-28T16:57:57Z	2026-09-28T16:57:57Z	true	docs(briefs): the transitions catalog and films
249dd537d47bc5fe525358e511288e6748d9cf7a	98c41bebbb6d34cdf7c750125c93e46676a63f36	2026-09-28T16:57:57Z	2026-09-28T16:57:57Z	true	feat(design): v6 lane
761870c10cebe4bacd5c71ab3b9a69ee12bf4d17	249dd537d47bc5fe525358e511288e6748d9cf7a	2026-09-29T01:18:12Z	2026-09-29T01:18:12Z	true	chore(git): ignore regenerated board data
97b480ef3923f0dd4e13af6816e3236372c64555	761870c10cebe4bacd5c71ab3b9a69ee12bf4d17	2026-09-29T01:18:13Z	2026-09-29T01:18:13Z	true	feat(design): v6 moments, symbol page and cohesion boards
deb0c2298f74c6cbb4ae6547b12547493b4abc99	97b480ef3923f0dd4e13af6816e3236372c64555	2026-09-29T01:18:22Z	2026-09-29T01:18:22Z	true	build: optimise the largest dependencies in dev so the desktop tests link
22de2eda14fa5214d6c10c3f23ccf9b61e63f509	deb0c2298f74c6cbb4ae6547b12547493b4abc99	2026-09-29T01:18:22Z	2026-09-29T01:18:22Z	true	fix(gpui): defer IME work off the first frame (instant open I2)
d187d765cd9ecdc841f54cf7c0b9c4a295e19456	22de2eda14fa5214d6c10c3f23ccf9b61e63f509	2026-09-29T01:18:22Z	2026-09-29T01:18:22Z	true	docs(briefs): the shared-name exception to 'text never scales'
1beb036ec4a094b422c8361b2752193e9a1c56f3	d187d765cd9ecdc841f54cf7c0b9c4a295e19456	2026-09-29T01:23:25Z	2026-09-29T01:23:25Z	true	chore(design): remove the gems/stones board (stones rejected 2026-09-28; shingles replace them)
fd2e836b2963f9fde1fd1948bb4307fcecd5cb59	1beb036ec4a094b422c8361b2752193e9a1c56f3	2026-09-29T01:52:42Z	2026-09-29T01:52:42Z	true	wip(desktop, facet): wave 6 checkpoint before review
5b80870914f080eb83774e510a056cafd5889722	fd2e836b2963f9fde1fd1948bb4307fcecd5cb59	2026-09-29T02:09:59Z	2026-09-29T02:09:59Z	true	feat(facet): facet::fluid, one width authority (W-Fluid, FLUID-A)
281ec66868f7128b463eafc4660c40319fc54eb2	25fe3d18a9e4d8641b2656cb94dad70e9d8b63f0	2026-09-28T22:25:47Z	2026-09-28T22:25:47Z	false	checkpoint(index): integrate compiler fabric, IR residency, and live backup
42f818e76995dd85a7fb59561b7f91551377bbe2	281ec66868f7128b463eafc4660c40319fc54eb2	2026-09-29T03:01:52Z	2026-09-29T03:01:52Z	false	feat(index): reuse compiler authority and verified IR history across cold recovery
1febd758f83e12ced33f904f45383dd853f45792	5b80870914f080eb83774e510a056cafd5889722 42f818e76995dd85a7fb59561b7f91551377bbe2	2026-09-29T03:12:21Z	2026-09-29T03:12:21Z	true	merge(index): integrate compiler and IR checkpoint with current GUI
0d53201bbab34b148cf46b3863a7606adb26b274	1febd758f83e12ced33f904f45383dd853f45792	2026-09-29T03:47:45Z	2026-09-29T03:47:45Z	true	docs(architecture): trace active compiler and IR foundations
fa1a2cc87ed4c030f346ade5ce41b2dbce814bf9	0d53201bbab34b148cf46b3863a7606adb26b274	2026-09-29T03:49:09Z	2026-09-29T03:49:09Z	true	docs(index): record cold and warm search sampling evidence
9eed69b0c84530d87cd3a42e37bfe8af3b840a48	fa1a2cc87ed4c030f346ade5ce41b2dbce814bf9	2026-09-29T04:12:10Z	2026-09-29T04:12:10Z	true	docs(ir): clarify legacy VCS lineage
145bd4e09a855632c27e7595ca4a9c1353253ef9	9eed69b0c84530d87cd3a42e37bfe8af3b840a48	2026-09-29T04:25:54Z	2026-09-29T04:26:13Z	true	Batch result coverage revalidation across range grants
5993f54ff5a5e5660b8c8472ff2b150cc07fa2c8	145bd4e09a855632c27e7595ca4a9c1353253ef9	2026-09-29T04:48:13Z	2026-09-29T04:49:06Z	true	perf(store): shard canonical node interner
9f038b9875fb03c24fd5ab26dafea6ef72f20d3e	5993f54ff5a5e5660b8c8472ff2b150cc07fa2c8	2026-09-29T04:46:56Z	2026-09-29T04:49:10Z	true	Add stable semantic plane row encoders and streaming sink
fa7544adf89e581c13609895414d55c52546e0bb	9f038b9875fb03c24fd5ab26dafea6ef72f20d3e	2026-09-29T04:51:24Z	2026-09-29T04:52:35Z	true	Share canonical SPIR field framing helpers
8f5a51b934a4287077a4aaf97d673e90bc697133	fa7544adf89e581c13609895414d55c52546e0bb	2026-09-29T05:02:09Z	2026-09-29T05:02:09Z	true	Add IR delta benchmark baselines
9922936ea7a28f26ed8b7ab88f20cfece35d138f	8f5a51b934a4287077a4aaf97d673e90bc697133	2026-09-29T04:45:51Z	2026-09-29T05:02:20Z	true	feat(cluster): gate typed input on admitted read frontier
eb3930c786f467b2c8ee055b4925c5fa7cedaf7a	9922936ea7a28f26ed8b7ab88f20cfece35d138f	2026-09-29T05:05:07Z	2026-09-29T05:05:07Z	true	Add stable source provenance declaration rows
5e1d4b08f975ad210c009c7bdbef40d33d1b791f	eb3930c786f467b2c8ee055b4925c5fa7cedaf7a	2026-09-29T05:04:37Z	2026-09-29T05:05:59Z	true	Add stable relation and occurrence plane records
a3be5f98ca104ae959eade1f1ee9a6840b4fcb08	5e1d4b08f975ad210c009c7bdbef40d33d1b791f	2026-09-29T05:08:44Z	2026-09-29T05:08:57Z	true	Add normalized reachable Types semantic plane
363dc87665a9d826cd32660a72bf17b0bf947303	a3be5f98ca104ae959eade1f1ee9a6840b4fcb08	2026-09-29T05:10:23Z	2026-09-29T05:10:23Z	true	Preserve relation source evidence in semantic plane
b38153e9c0bd8da42d6f3c9580e92dd540d28e2d	363dc87665a9d826cd32660a72bf17b0bf947303	2026-09-29T05:11:34Z	2026-09-29T05:11:34Z	true	Reuse prepared Tantivy search tiers across package facets
85a64178dccb5d74b022fd2ed778ae086f9c37b9	b38153e9c0bd8da42d6f3c9580e92dd540d28e2d	2026-09-29T05:11:38Z	2026-09-29T05:11:38Z	true	Recover weak interner shards after lock poisoning
1ce12b2b920b328e372c469fcfe79caf4b7bdbe1	85a64178dccb5d74b022fd2ed778ae086f9c37b9	2026-09-29T05:20:04Z	2026-09-29T05:20:04Z	true	Import object member row domain in type validator
3b67266463f35c4ad290c313b5864db5f5eb7bb1	1ce12b2b920b328e372c469fcfe79caf4b7bdbe1	2026-09-29T05:28:34Z	2026-09-29T05:29:41Z	true	Add stable language extension SPIR rows
dfc00cc33f6c1f9f306fc9c3efab673affde083c	3b67266463f35c4ad290c313b5864db5f5eb7bb1	2026-09-29T05:30:15Z	2026-09-29T05:31:31Z	true	refactor semantic Types family modules
90aad8d77ca66732298c9dc2af69cf59ec358738	dfc00cc33f6c1f9f306fc9c3efab673affde083c	2026-09-29T05:33:48Z	2026-09-29T05:33:48Z	true	Fix split Types validator visibility
05b103ec31042b96ed2879afc147802f0f6641c7	90aad8d77ca66732298c9dc2af69cf59ec358738	2026-09-29T05:37:57Z	2026-09-29T05:37:57Z	true	Fix split Types parser and plan compilation
c090573a5c1396ee3be58fa4dec2c4c609913c04	05b103ec31042b96ed2879afc147802f0f6641c7	2026-09-29T05:39:31Z	2026-09-29T05:39:31Z	true	Read admitted compiler manifest through evidence
5181179ccf3db0e6b2803c4cdf3e9b70b93ad49c	c090573a5c1396ee3be58fa4dec2c4c609913c04	2026-09-29T05:40:22Z	2026-09-29T05:42:26Z	true	feat(semantic): add persistent stable row index
291d7b9363e04ed8568ae6ed305b7e8d2b7e2d1e	5181179ccf3db0e6b2803c4cdf3e9b70b93ad49c	2026-09-29T05:41:07Z	2026-09-29T05:42:52Z	true	Add borrowed semantic reader streaming seam
f74c0d9cc8be8e17ca4fcfd05923928f4c246b6d	291d7b9363e04ed8568ae6ed305b7e8d2b7e2d1e	2026-09-29T05:44:57Z	2026-09-29T05:44:57Z	true	Diff borrowed row slabs without intermediate leaf allocation
4bedaa9c78779e9e5b2fc7554883a630f14252d3	f74c0d9cc8be8e17ca4fcfd05923928f4c246b6d	2026-09-29T05:41:01Z	2026-09-29T05:45:10Z	true	qdrant: rerank borrowed encoded vector facts
20bd58a0440b13154bc41f77ab63a292bfd5b7ae	4bedaa9c78779e9e5b2fc7554883a630f14252d3	2026-09-29T05:49:16Z	2026-09-29T05:49:16Z	true	Unwrap admitted range cursors in row index oracle
d84e03e3c5e63bd002fabc7a57099bc97e01e9b9	20bd58a0440b13154bc41f77ab63a292bfd5b7ae	2026-09-29T05:45:10Z	2026-09-29T05:50:12Z	true	Refactor language extension SPIR family
1a6176e5b77dcad75f4bc94428f739a26219c507	d84e03e3c5e63bd002fabc7a57099bc97e01e9b9	2026-09-29T05:51:19Z	2026-09-29T05:51:19Z	true	Exercise multifamily row diff and replay against independent oracle
abdd36b5e8704f42fd93e58e2db1a25dd661753e	1a6176e5b77dcad75f4bc94428f739a26219c507	2026-09-29T05:52:39Z	2026-09-29T05:52:39Z	true	Restore split extension module imports and wire constants
343a756ff2fad2c38ed4b8c6cd80dd0022bd01e6	abdd36b5e8704f42fd93e58e2db1a25dd661753e	2026-09-29T05:57:30Z	2026-09-29T05:58:00Z	true	verify normalized Types row reachability
90c5e937feb7ffa1ebffafc7c8513e2e2cf5518a	343a756ff2fad2c38ed4b8c6cd80dd0022bd01e6	2026-09-29T06:05:59Z	2026-09-29T06:06:50Z	true	qdrant: validate persisted vectors without allocations
30cf48dc6595a6b5e08e836017d30da5d3b6d9db	90c5e937feb7ffa1ebffafc7c8513e2e2cf5518a	2026-09-29T06:07:06Z	2026-09-29T06:07:06Z	true	Bound vector point materialization after borrowed validation
cc0e71a0faa6765531e3b2b2d045cccd1068999e	30cf48dc6595a6b5e08e836017d30da5d3b6d9db	2026-09-29T06:14:43Z	2026-09-29T06:18:07Z	true	Move sorted row runs directly into canonical tree leaves
67f9f6a2fde674403016a53d9ebe896b06764c0f	cc0e71a0faa6765531e3b2b2d045cccd1068999e	2026-09-29T05:38:34Z	2026-09-29T06:18:56Z	true	Add durable semantic IR history substrate
d8bf0e8436398e5af11ea286e618f59564f837ce	67f9f6a2fde674403016a53d9ebe896b06764c0f	2026-09-29T06:18:20Z	2026-09-29T06:18:56Z	true	Add historical semantic image checkout
052e5164d0f87b7b6f3e173f06eef0cdc9e54920	d8bf0e8436398e5af11ea286e618f59564f837ce	2026-09-29T05:30:42Z	2026-09-29T06:19:24Z	true	semantic: define V2 typed generation roots
62e256fcfb43afa6ec7d86ed769db2f477c1cfae	052e5164d0f87b7b6f3e173f06eef0cdc9e54920	2026-09-29T06:20:12Z	2026-09-29T06:20:12Z	true	Clarify owned tree memory and reuse single leaf buffer
205ef5fde24e4fae53f4267fa36cb8588ab0b87c	62e256fcfb43afa6ec7d86ed769db2f477c1cfae	2026-09-29T12:43:56Z	2026-09-29T12:43:56Z	true	Type owned tree parity fixture explicitly
f2bc32e54a96c16762b98e519e50f454e2be8e7f	205ef5fde24e4fae53f4267fa36cb8588ab0b87c	2026-09-29T06:14:08Z	2026-09-29T12:44:04Z	true	Verify complete typed semantic plane inventories
36609a77f4312607f8868d334ac73fde029db89f	f2bc32e54a96c16762b98e519e50f454e2be8e7f	2026-09-29T06:21:15Z	2026-09-29T12:44:04Z	true	Count typed plane references exactly
2b1d1c3af3539bb2800b7dc38ba9c45769b8f94c	36609a77f4312607f8868d334ac73fde029db89f	2026-09-29T06:18:49Z	2026-09-29T12:44:04Z	true	semantic: verify cold typed plane V2 content
d661bfef648cbd1e1333953e060ba1b45a8cc51e	2b1d1c3af3539bb2800b7dc38ba9c45769b8f94c	2026-09-29T06:23:26Z	2026-09-29T12:44:04Z	true	Test V2 roots across plane partitioning
2389ac05f1ada020f4c2095d7d6f675ce23fcc29	d661bfef648cbd1e1333953e060ba1b45a8cc51e	2026-09-29T16:21:38Z	2026-09-29T16:21:38Z	true	Complete V2 aggregate module wiring and type checks
1bae8830f9195deb29b3b2e148540761d4b406b9	2389ac05f1ada020f4c2095d7d6f675ce23fcc29	2026-09-29T07:09:33Z	2026-09-29T16:21:41Z	true	Add durable semantic history retention GC
66f6fe845a52d32d4897d8fe77a86454e1da1b1c	1bae8830f9195deb29b3b2e148540761d4b406b9	2026-09-29T07:43:29Z	2026-09-29T16:21:41Z	true	Harden semantic history retention recovery
3557db1ebe1ff4be9a7a430104fe3541ce5dd74d	66f6fe845a52d32d4897d8fe77a86454e1da1b1c	2026-09-29T16:27:20Z	2026-09-29T16:27:20Z	true	Restore history module visibility and recovery lock handling
1608a726b03b96e0e98a469b737a345500116721	3557db1ebe1ff4be9a7a430104fe3541ce5dd74d	2026-09-29T05:48:02Z	2026-09-29T16:28:50Z	true	Add verified jumbo semantic rope value API
cdb93c0199bb3bd266ac357091ba74c2c0c3e495	1608a726b03b96e0e98a469b737a345500116721	2026-09-29T06:21:26Z	2026-09-29T16:28:50Z	true	Split jumbo rope module and add locality experiment
27d672253dcc8bfa583d6ffa209bce4b1dc5a8e1	cdb93c0199bb3bd266ac357091ba74c2c0c3e495	2026-09-29T07:08:19Z	2026-09-29T16:28:50Z	true	Integrate jumbo descriptors into typed semantic rows
3280071b30b944ca067576dca134bbc73f08c0fa	27d672253dcc8bfa583d6ffa209bce4b1dc5a8e1	2026-09-29T05:00:38Z	2026-09-29T16:29:33Z	true	Add retained Rust workspace sessions
9e0543b939640bd1327c42c718acd34c8f161f73	3280071b30b944ca067576dca134bbc73f08c0fa	2026-09-29T05:18:16Z	2026-09-29T16:29:33Z	true	Disable unsafe Rust workspace reuse
55edb9673734d87ff7a5ce48552fbc3017bc655a	9e0543b939640bd1327c42c718acd34c8f161f73	2026-09-29T05:49:15Z	2026-09-29T16:29:33Z	true	Stage Rust editor source frontier per operation
503d1853759fd48626c136c5d2b26b65a2b33c51	55edb9673734d87ff7a5ce48552fbc3017bc655a	2026-09-29T05:53:28Z	2026-09-29T16:29:33Z	true	Resolve absolute virtual Rust paths through root aliases
4750a5509fd3cf5e443b7b733e52f666f3ce9962	503d1853759fd48626c136c5d2b26b65a2b33c51	2026-09-29T06:26:25Z	2026-09-29T16:29:33Z	true	Keep Rust editor overlays fail-closed
1403bebb7498c81298e1783c43ac1409a43fb29c	4750a5509fd3cf5e443b7b733e52f666f3ce9962	2026-09-29T16:31:19Z	2026-09-29T16:31:19Z	true	Restore jumbo rope split imports and bounded sink reborrows
e4000b89c208641667dd0935a1924e5f4226d3cb	1403bebb7498c81298e1783c43ac1409a43fb29c	2026-09-29T16:44:41Z	2026-09-29T16:44:41Z	true	Hash typed row updates with canonical tags
2bac54691b6180f0b7226c8ce3be570c5c53c480	e4000b89c208641667dd0935a1924e5f4226d3cb	2026-09-29T16:45:49Z	2026-09-29T16:45:49Z	true	Correct tagged sparse-update test expectations
ef3f27a85c698ecd14fae986fd1da6ec658447c9	2bac54691b6180f0b7226c8ce3be570c5c53c480	2026-09-29T16:48:29Z	2026-09-29T16:48:29Z	true	Unify sparse and prehashed row actions
938a8d9e9406b77129c6c8e390862a022e6a3c99	ef3f27a85c698ecd14fae986fd1da6ec658447c9	2026-09-29T16:47:31Z	2026-09-29T16:48:59Z	true	docs: map Rust compiler read frontier gaps
f24e567efe78913b66be2e953fb6d2d8c7fc555f	938a8d9e9406b77129c6c8e390862a022e6a3c99	2026-09-29T16:49:51Z	2026-09-29T16:49:51Z	true	Keep Rust read observer cleanup attached to trace process
3924e0ded4a14da825ab4c85833da1cb1ca173ab	f24e567efe78913b66be2e953fb6d2d8c7fc555f	2026-09-29T16:49:47Z	2026-09-29T16:50:12Z	true	Admit persisted history claims before use
8e0e054f8ac4b6e5d6349a479044838236d3b6d6	3924e0ded4a14da825ab4c85833da1cb1ca173ab	2026-09-29T16:52:52Z	2026-09-29T16:52:52Z	true	Compare borrowed analyzer text without Arc coercion
9e3f7998cd10303ed54bcf427b2969c892f2c060	8e0e054f8ac4b6e5d6349a479044838236d3b6d6	2026-09-29T16:55:57Z	2026-09-29T16:55:57Z	true	Classify Rust workspace session admission failures
e03915e0cf95ff57a619adb706a4a9d454379d21	9e3f7998cd10303ed54bcf427b2969c892f2c060	2026-09-29T16:58:26Z	2026-09-29T16:58:26Z	true	Restore split jumbo and extension test compilation
5ad4efaf334f292e42f26abc888155a2e755ba37	e03915e0cf95ff57a619adb706a4a9d454379d21	2026-09-29T17:05:22Z	2026-09-29T17:06:01Z	true	Broaden Qdrant rerank benchmark dimensions
cf07bb101f7a8ca7f39e0b397acf226959b426bc	5ad4efaf334f292e42f26abc888155a2e755ba37	2026-09-29T17:14:34Z	2026-09-29T17:18:07Z	true	Prove named history ref ancestry before reads
debb60e149bea301923924361fc92ec1ae5fde9a	cf07bb101f7a8ca7f39e0b397acf226959b426bc	2026-09-29T17:30:18Z	2026-09-29T17:30:18Z	true	Stream divergent semantic row diffs with bounded scratch
b77697266c9958649c7e1ac267872cdd6b0900d1	debb60e149bea301923924361fc92ec1ae5fde9a	2026-09-29T17:48:59Z	2026-09-29T17:48:59Z	true	Separate tagged semantic row identity from raw payloads
99a6493a036e0247232c4a08c2eeefac4c310cc1	b77697266c9958649c7e1ac267872cdd6b0900d1	2026-09-29T17:48:18Z	2026-09-29T17:49:19Z	true	Release history GC pin during ancestry scans
fbbc4041110729da70b59095d6b7a431059fa072	99a6493a036e0247232c4a08c2eeefac4c310cc1	2026-09-29T17:53:14Z	2026-09-29T17:54:14Z	true	docs: measure IR lineage edit locality
305f26b60328eb6c3786844c90c3d6bc22955648	fbbc4041110729da70b59095d6b7a431059fa072	2026-09-29T18:02:33Z	2026-09-29T18:02:52Z	true	Resume bounded history retention cursors
87f1ef564fdddaad35dd0d412401e6843eefbc9c	305f26b60328eb6c3786844c90c3d6bc22955648	2026-09-29T18:07:01Z	2026-09-29T18:07:39Z	true	Keep ABA alternate commit rooted during GC test
e8bf7be0ab110be56b12772983200d0f3b161a4b	87f1ef564fdddaad35dd0d412401e6843eefbc9c	2026-09-29T17:38:55Z	2026-09-29T18:08:06Z	true	feat(semantic): persist stable-key IR producer objects
5892b27654504f8e21deb90b2809cdd4ef235d4a	e8bf7be0ab110be56b12772983200d0f3b161a4b	2026-09-29T18:06:42Z	2026-09-29T18:08:06Z	true	fix(semantic): tighten physical locality admission proof
38fa815b13bfc5c5bc70f63b93f0038baf280591	5892b27654504f8e21deb90b2809cdd4ef235d4a	2026-09-29T18:10:10Z	2026-09-29T18:10:10Z	true	Fix physical IR writer compile and verify locality test
254c0ab03c29d336e6298fd7243d74425f4ca131	38fa815b13bfc5c5bc70f63b93f0038baf280591	2026-09-29T18:09:46Z	2026-09-29T18:10:20Z	true	Avoid duplicate history replay decodes
d3a4a70f174ca0bbb5ec3729c180a6ce7a5f22ad	254c0ab03c29d336e6298fd7243d74425f4ca131	2026-09-29T18:11:55Z	2026-09-29T18:13:06Z	true	Expose partial compiler read frontier reason
6e18b0a8c196d753d7c480b0dc1e998e12cade0c	d3a4a70f174ca0bbb5ec3729c180a6ce7a5f22ad	2026-09-29T18:13:11Z	2026-09-29T18:13:11Z	true	Format history replay lookahead
d53ab8feff3d83f0e6ab222d27eb8b4f522dde69	6e18b0a8c196d753d7c480b0dc1e998e12cade0c	2026-09-29T18:29:21Z	2026-09-29T18:29:21Z	true	Reuse bounded parent scratch across history replay nodes
a3ac3fd4cf8e1326287094bce48c586aa53d8352	d53ab8feff3d83f0e6ab222d27eb8b4f522dde69	2026-09-29T17:13:25Z	2026-09-29T18:33:04Z	true	Admit jumbo typed rows in V2 content verification
31d3c7170668c8b0832b31624dabb70744483dfe	a3ac3fd4cf8e1326287094bce48c586aa53d8352	2026-09-29T17:18:27Z	2026-09-29T18:33:08Z	true	Cover jumbo relation source admission
1ad3a85668eaa75706e59da5086f0070c51b65c5	31d3c7170668c8b0832b31624dabb70744483dfe	2026-09-29T17:27:46Z	2026-09-29T18:33:08Z	true	Use current SPIR version in aggregate fixtures
c020116315dc62afd2fe15997b167d5e2dbe3f88	1ad3a85668eaa75706e59da5086f0070c51b65c5	2026-09-29T17:46:44Z	2026-09-29T18:33:08Z	true	Fix jumbo aggregate adversarial fixtures
c009b65a1cf08b68df5de70bfa8dd0e35838e5fb	c020116315dc62afd2fe15997b167d5e2dbe3f88	2026-09-29T18:31:40Z	2026-09-29T18:33:28Z	true	Bound canonical jumbo V2 closure admission
e130ac5054062be09c52f7c41c98b09d096402ff	c009b65a1cf08b68df5de70bfa8dd0e35838e5fb	2026-09-29T18:35:00Z	2026-09-29T18:35:23Z	true	Add typed V2 semantic history cold replay
a6b26cd0e99ad4fbba2c631c6304b13a4e37199e	e130ac5054062be09c52f7c41c98b09d096402ff	2026-09-29T19:02:23Z	2026-09-29T19:02:23Z	true	Repair typed V2 history locator integration
93a7c700c1b0fc24083c911c3360269c3966c4b1	a6b26cd0e99ad4fbba2c631c6304b13a4e37199e	2026-09-29T19:07:46Z	2026-09-29T19:07:46Z	true	Import rope kind for adversarial fixtures
22d0dae9c356c63682cbca14631af7896d150ee9	93a7c700c1b0fc24083c911c3360269c3966c4b1	2026-09-29T18:58:02Z	2026-09-29T19:07:50Z	true	Skip equal-root changed diff traversal
710246647378d642128c56255e35574c515ed53f	22d0dae9c356c63682cbca14631af7896d150ee9	2026-09-29T19:13:44Z	2026-09-29T19:14:18Z	true	Preserve typed aggregate reference budget errors
25febe793a17d2ed16350c6ee887567b089fcc5c	710246647378d642128c56255e35574c515ed53f	2026-09-29T19:22:02Z	2026-09-29T19:22:02Z	true	Keep aggregate budget internals within the semantic module
b5d2b1a49bdc3142b9a54f32240cbcff38b20f0c	25febe793a17d2ed16350c6ee887567b089fcc5c	2026-09-29T19:27:07Z	2026-09-29T19:27:07Z	true	Keep root diff fixture helper unshadowed
09adc30db5ec4423a15f076efb09f3a55d141191	b5d2b1a49bdc3142b9a54f32240cbcff38b20f0c	2026-09-29T19:23:53Z	2026-09-29T19:27:13Z	true	Bind typed V2 history refs to verified closure pins
ec835c124d2c2ad71ba3aa513a418d42eed38063	09adc30db5ec4423a15f076efb09f3a55d141191	2026-09-29T19:30:00Z	2026-09-29T19:30:00Z	true	Repair typed V2 history test integration
0e5150685941c758cbf19465159f28360285a1bc	ec835c124d2c2ad71ba3aa513a418d42eed38063	2026-09-29T19:30:35Z	2026-09-29T19:30:35Z	true	Import compile stage from semantic vocabulary
76fa78f756ceccfc8fdb8002c14e3119a1086906	0e5150685941c758cbf19465159f28360285a1bc	2026-09-29T19:28:51Z	2026-09-29T19:31:16Z	true	Make IR residency scan resistant
8de13e6dccab1999ca1e258b1dbc79b364988f3e	76fa78f756ceccfc8fdb8002c14e3119a1086906	2026-09-29T19:38:13Z	2026-09-29T19:38:13Z	true	Correct historical IR VCS removal chronology
5b879b7eef81fe244b70c142371d7c9593881589	8de13e6dccab1999ca1e258b1dbc79b364988f3e	2026-09-29T19:39:21Z	2026-09-29T19:39:57Z	true	Release history lock during cold V2 verification
f978be17fe1dd7c890a4fd1ec38e30c99849196c	5b879b7eef81fe244b70c142371d7c9593881589	2026-09-29T17:54:24Z	2026-09-29T19:49:28Z	true	Make acquisition object publication durable
a5487ed8ab51cdf75d26a228396554d5ff88058e	f978be17fe1dd7c890a4fd1ec38e30c99849196c	2026-09-29T18:33:33Z	2026-09-29T19:49:29Z	true	Fence acquisition stages and transfers across crashes
f97e2f22b34099b66711ffa4f3efb5037bdf6e4a	a5487ed8ab51cdf75d26a228396554d5ff88058e	2026-09-29T19:15:41Z	2026-09-29T19:49:30Z	true	Harden acquisition transfer recovery and locks
48ef4ad7638d6651dd65964bc004e504294ad73c	f97e2f22b34099b66711ffa4f3efb5037bdf6e4a	2026-09-29T19:48:50Z	2026-09-29T19:49:31Z	true	Seal admitted objects away from verifier handles
fea89da7dc7f336da722ea19538bf274ba5c5aa4	48ef4ad7638d6651dd65964bc004e504294ad73c	2026-09-29T19:40:51Z	2026-09-29T19:51:57Z	true	feat(semantic): commit stable-key segment boundary policy
a0e1ff8c9a9d5c39ed18e7b5528e491a8485ac7b	fea89da7dc7f336da722ea19538bf274ba5c5aa4	2026-09-29T19:52:07Z	2026-09-29T19:52:43Z	true	Add source-only bridge index path-copy model
0b02e99059d96d47224977fbdac081853d1092df	a0e1ff8c9a9d5c39ed18e7b5528e491a8485ac7b	2026-09-29T19:54:14Z	2026-09-29T19:54:14Z	true	Bind history fixtures to explicit V3 boundary policy
6d9aa4611838f9f8f7de8848d5bdb51f9f86cdff	0b02e99059d96d47224977fbdac081853d1092df	2026-09-29T19:45:21Z	2026-09-29T19:56:43Z	true	Record partial Rust compiler read observations
69cdc4cbfac7f12edcfe288ccee66ddc801b6b5d	6d9aa4611838f9f8f7de8848d5bdb51f9f86cdff	2026-09-29T19:46:20Z	2026-09-29T19:56:43Z	true	Gate Rust read capture behind debug opt-in
d30f995c694173a1cddcf3a5514088eb300db6d5	69cdc4cbfac7f12edcfe288ccee66ddc801b6b5d	2026-09-29T19:57:29Z	2026-09-29T19:57:29Z	true	Keep first compiler observation failure sticky
b052ea1605a32a45ed0c05aef329584e7ea2f24b	d30f995c694173a1cddcf3a5514088eb300db6d5	2026-09-29T19:58:26Z	2026-09-29T19:58:26Z	true	Format producer admission store errors explicitly
bdc9d96d1d3d67f104a060fbb96c4cfc2f00707d	b052ea1605a32a45ed0c05aef329584e7ea2f24b	2026-09-29T19:59:51Z	2026-09-29T19:59:51Z	true	Preserve object parent lifetime and retry transfer ownership
d1d5a9a1999f0a4e52bf62c2aded7c73d09275d0	bdc9d96d1d3d67f104a060fbb96c4cfc2f00707d	2026-09-29T19:58:37Z	2026-09-29T19:59:51Z	true	feat(replication): stream typed V2 cold semantic verification
fce08a72be0aca312698e2ccb47d8eed14ab7658	d1d5a9a1999f0a4e52bf62c2aded7c73d09275d0	2026-09-29T20:02:20Z	2026-09-29T20:03:06Z	true	Add durable acquisition receipt recovery
7566388994261ee087f41386c5a5f75ed66fcbfb	fce08a72be0aca312698e2ccb47d8eed14ab7658	2026-09-29T20:04:00Z	2026-09-29T20:04:13Z	true	fix(replication): route cold publication through spool verifier
bbe18be4b1c5bf5f6e0a6e562724acb1e33c38f0	7566388994261ee087f41386c5a5f75ed66fcbfb	2026-09-29T20:05:20Z	2026-09-29T20:05:34Z	true	fix(semantic): resolve lending verifier type errors
144616d8655e54be1507912e7a565b285cca11a9	bbe18be4b1c5bf5f6e0a6e562724acb1e33c38f0	2026-09-29T20:08:18Z	2026-09-29T20:08:32Z	true	Batch and cache exact embedding inference
ad691ed83ced4a6254a0bd8309ef86ee2d0d3d3e	144616d8655e54be1507912e7a565b285cca11a9	2026-09-29T20:10:12Z	2026-09-29T20:10:49Z	true	refactor(compiler): isolate read observation broker
e348153c5667ba4df69b788273ba93b55a1d4a3f	ad691ed83ced4a6254a0bd8309ef86ee2d0d3d3e	2026-09-29T20:12:16Z	2026-09-29T20:12:16Z	true	Bring gallery scroll trait into scope
52bcbcf3be72c108ad82f3117660ff499943706e	e348153c5667ba4df69b788273ba93b55a1d4a3f	2026-09-29T20:13:37Z	2026-09-29T20:13:37Z	true	Align IR lineage audit with typed V2 history status
a6642bb5eb11ec90ab0b72911da32913d6d9acc7	52bcbcf3be72c108ad82f3117660ff499943706e	2026-09-29T20:16:06Z	2026-09-29T20:16:06Z	true	Qualify typed V2 history locator source
ae862c9c548f491cc0fbd4f0ad1ac4f7fe42d438	a6642bb5eb11ec90ab0b72911da32913d6d9acc7	2026-09-29T20:16:57Z	2026-09-29T20:16:57Z	true	Keep cold spool object identity admission typed
f241d9242b15840896fb7a4acff7fb869d5877ca	ae862c9c548f491cc0fbd4f0ad1ac4f7fe42d438	2026-09-29T20:19:24Z	2026-09-29T20:19:24Z	true	Bind forge fences to typed product key
2ad7e0149460cdd3ba4d83a1107784e773eb33ed	f241d9242b15840896fb7a4acff7fb869d5877ca	2026-09-29T20:20:53Z	2026-09-29T20:20:53Z	true	Align semantic verifier fixtures with typed policy errors
1a101e7d74a2a8ebc40c31017741f74624c5950c	2ad7e0149460cdd3ba4d83a1107784e773eb33ed	2026-09-29T20:22:07Z	2026-09-29T20:22:07Z	true	Bind Go corpus authority input to source path
e0b1cfe93a9f727792f83435ceccf6d8fc369e62	1a101e7d74a2a8ebc40c31017741f74624c5950c	2026-09-29T20:23:03Z	2026-09-29T20:23:03Z	true	Cover full read-fact tag grammar in cluster oracle
f5ceebbc391ea18c564bb88220effdd38872ebdd	e0b1cfe93a9f727792f83435ceccf6d8fc369e62	2026-09-29T20:24:01Z	2026-09-29T20:24:01Z	true	Assert streamed sink failure before unwrapping
912b8673582f5547656c5f20f37087d9448d3930	f5ceebbc391ea18c564bb88220effdd38872ebdd	2026-09-29T20:26:27Z	2026-09-29T20:26:27Z	true	Type streaming test callback error explicitly
ec333b70d053ead1983b221c74773bd3b70dd6c6	912b8673582f5547656c5f20f37087d9448d3930	2026-09-29T20:28:21Z	2026-09-29T20:28:21Z	true	Repair registry and forge test fixtures for current APIs
531d6c8c8141f1e1a221e7520059ee8fb5fcae14	ec333b70d053ead1983b221c74773bd3b70dd6c6	2026-09-29T20:21:12Z	2026-09-29T20:31:05Z	true	docs: map IR generation materialization policy
ab9955e5be3238c61d9599ca7cb9c8db9765802b	531d6c8c8141f1e1a221e7520059ee8fb5fcae14	2026-09-29T20:31:45Z	2026-09-29T20:31:45Z	true	Align acquisition test fixtures with fenced lease API
a313364080cce001145ca91d39832a1a1a180bcf	ab9955e5be3238c61d9599ca7cb9c8db9765802b	2026-09-29T20:32:05Z	2026-09-29T20:32:24Z	true	Sync external journal suffix before replay
3fee980b3a5534b365677d6058265a7ff4faacb5	a313364080cce001145ca91d39832a1a1a180bcf	2026-09-29T20:33:47Z	2026-09-29T20:33:47Z	true	Import file type for external journal sync seam
e622c9ab9dd3269d64bedbdf17f8e37baf17faaf	3fee980b3a5534b365677d6058265a7ff4faacb5	2026-09-29T18:40:41Z	2026-09-29T20:36:36Z	true	Improve package search ranking and evaluation corpus
37ba5dd7f6b5a882e9cf6402bb18ec7fd3798b42	e622c9ab9dd3269d64bedbdf17f8e37baf17faaf	2026-09-29T19:21:11Z	2026-09-29T20:36:40Z	true	Mirror workspace Rust analyzer patches in adapter
9bab57c6915619069cf9839bf60e3701bca60327	37ba5dd7f6b5a882e9cf6402bb18ec7fd3798b42	2026-09-29T20:34:33Z	2026-09-29T20:36:52Z	true	Make package search benchmark resumable and fair
94101823a0c80ae2fc72582a06d00a460c344624	9bab57c6915619069cf9839bf60e3701bca60327	2026-09-29T20:37:28Z	2026-09-29T20:37:28Z	true	Refresh frozen search source hash after forge integration
8ab6bf47b68cffab7f4bce37cc97b001466c4a27	94101823a0c80ae2fc72582a06d00a460c344624	2026-09-29T20:40:43Z	2026-09-29T20:40:43Z	true	Expose journal sync test seam to sibling tests
1f25cfadaa97da5716596c0b985abc7364d2370c	8ab6bf47b68cffab7f4bce37cc97b001466c4a27	2026-09-29T20:39:43Z	2026-09-29T20:40:52Z	true	Sync journal cold replay before returning cursor
48f9cc5479acfc02f3f289e7940456469ca01ecf	1f25cfadaa97da5716596c0b985abc7364d2370c	2026-09-29T20:41:08Z	2026-09-29T20:41:08Z	true	Expose cold-open sync seam to journal fault tests
d5c8c99e4a428282a1201b229fa42d4eb493b1e4	48f9cc5479acfc02f3f289e7940456469ca01ecf	2026-09-29T20:42:02Z	2026-09-29T20:43:22Z	true	feat(semantic): derive typed roots from admitted families
2212d05a592e52ad6945363f3739f5e994e171fa	d5c8c99e4a428282a1201b229fa42d4eb493b1e4	2026-09-29T20:42:08Z	2026-09-29T20:43:27Z	true	feat(replication): produce durable seven-family V3 semantic planes
bab278001d3e5d2bf7f349bd3baf1eb22f76fc63	2212d05a592e52ad6945363f3739f5e994e171fa	2026-09-29T20:45:22Z	2026-09-29T20:45:37Z	true	fix(replication): correct V3 producer test interfaces
2afd03f51b1fb9fef011f98d5d014062a808f316	bab278001d3e5d2bf7f349bd3baf1eb22f76fc63	2026-09-29T20:44:34Z	2026-09-29T20:46:45Z	true	Stream typed V2 cold object payloads tentatively
d5659e782222c34ada7cb74ffec781235b254bf0	2afd03f51b1fb9fef011f98d5d014062a808f316	2026-09-29T20:43:49Z	2026-09-29T20:47:18Z	true	Document journal replay visitor side-effect contract
35dc2fa71ace49c7ceb714e7c70f52544ea053d9	d5659e782222c34ada7cb74ffec781235b254bf0	2026-09-29T20:45:03Z	2026-09-29T20:47:18Z	true	Bound and validate acquisition receipt files
13058c0d7e1b634f3a5852470453c1e3ae209ecc	35dc2fa71ace49c7ceb714e7c70f52544ea053d9	2026-09-29T20:43:20Z	2026-09-29T20:47:23Z	true	Bind embedding batches to launch identity and bounds
3043575a08d04bd3f66dce89204a1c9aa8216d80	13058c0d7e1b634f3a5852470453c1e3ae209ecc	2026-09-29T20:48:50Z	2026-09-29T20:48:50Z	true	Stream tentative object payload from FileStore directly
131bbfbdd197d81335ae583debae9e9fc366192c	3043575a08d04bd3f66dce89204a1c9aa8216d80	2026-09-29T20:47:41Z	2026-09-29T20:49:01Z	true	Fix typed V2 history test interfaces
d9458b37daa3320fc932f9199da57b8a625eab0e	131bbfbdd197d81335ae583debae9e9fc366192c	2026-09-29T20:51:34Z	2026-09-29T20:51:34Z	true	Check cold history family commitments through proof API
f05b918fef00a1df4e49ad9a7dc3a4d5bce526cb	d9458b37daa3320fc932f9199da57b8a625eab0e	2026-09-29T20:52:22Z	2026-09-29T20:53:08Z	true	test: model bounded IR materialization residency
0bb64d1bdbc569cfeba56d6cd29fa3b7d0627b50	f05b918fef00a1df4e49ad9a7dc3a4d5bce526cb	2026-09-29T20:50:36Z	2026-09-29T20:54:35Z	true	Share typed identity framing for streamed receipts
6200fca7f0edb2b8755def0fed72873c279e9018	0bb64d1bdbc569cfeba56d6cd29fa3b7d0627b50	2026-09-29T21:08:17Z	2026-09-29T21:08:17Z	true	Assert complete cold journal replay before sync
1617f652ce898a2ac3ce4d6c3b62bd8168703ac8	6200fca7f0edb2b8755def0fed72873c279e9018	2026-09-29T20:29:41Z	2026-09-29T21:08:32Z	true	feat(replication): add typed lineage evidence contract
685c1c6f68d2676a7aec018209971d77be79c036	1617f652ce898a2ac3ce4d6c3b62bd8168703ac8	2026-09-29T20:54:52Z	2026-09-29T21:08:32Z	true	feat(replication): bind lineage evidence into V2 history
2c2a8528d35d0281c51de4a28a085ca73f388889	685c1c6f68d2676a7aec018209971d77be79c036	2026-09-29T20:58:20Z	2026-09-29T21:08:32Z	true	docs: specify bounded lineage membership seam
07a3dcbdc09688e95053f21cf06875f2888762fb	2c2a8528d35d0281c51de4a28a085ca73f388889	2026-09-29T21:02:23Z	2026-09-29T21:08:32Z	true	fix(replication): expose lineage statement digest helper
fcfce0ae814203fb033dfc962314959725f97f67	07a3dcbdc09688e95053f21cf06875f2888762fb	2026-09-29T21:10:57Z	2026-09-29T21:11:20Z	true	Fix positive typed V2 cross-family fixture closure
043e86abe58712062bdc4c1e880fb68a09fc3b24	fcfce0ae814203fb033dfc962314959725f97f67	2026-09-29T21:12:57Z	2026-09-29T21:12:57Z	true	Compile and format typed lineage integration
2033828387a67776f521f94eee0bc3d039a35aa2	043e86abe58712062bdc4c1e880fb68a09fc3b24	2026-09-29T21:20:07Z	2026-09-29T21:20:07Z	true	Lock typed lineage error dependency
bcc3cfad6ed048249b8e17361dc52d0a7ea955d3	2033828387a67776f521f94eee0bc3d039a35aa2	2026-09-29T21:21:10Z	2026-09-29T21:21:10Z	true	Document lineage evidence fields at the API boundary
67871740f8d94a671608066ef92e516b70df8b3f	bcc3cfad6ed048249b8e17361dc52d0a7ea955d3	2026-09-29T21:22:37Z	2026-09-29T21:22:55Z	true	Make positive typed V2 docs row canonically jumbo
7f289d9755084ced6dd545b6ea3168adbba36e0e	67871740f8d94a671608066ef92e516b70df8b3f	2026-09-29T21:23:27Z	2026-09-29T21:23:27Z	true	Preserve typed inventory rejection reason
1a83b962b0872b79e9282c73b4019d02032729ba	7f289d9755084ced6dd545b6ea3168adbba36e0e	2026-09-29T21:46:25Z	2026-09-29T21:47:00Z	true	Bound V3 semantic jumbo and row admission
e3d846381c0a7d8660f6447d31bfbdfd55ca18f9	1a83b962b0872b79e9282c73b4019d02032729ba	2026-09-29T21:46:28Z	2026-09-29T21:47:00Z	true	Preflight V3 producer writes against verifier budgets
01c8b85cc97fe941833cf0e5ccf467cbf64222b6	e3d846381c0a7d8660f6447d31bfbdfd55ca18f9	2026-09-29T21:50:27Z	2026-09-29T21:50:38Z	true	Import bounded V3 family producer
b8e492266de8c4ea5179a7af4bb749db7b92520c	01c8b85cc97fe941833cf0e5ccf467cbf64222b6	2026-09-29T21:57:22Z	2026-09-29T21:58:09Z	true	Report typed V3 row identity mismatch context
6b29df98c36d61d23ce12e8a3d3dec216dfe0c55	b8e492266de8c4ea5179a7af4bb749db7b92520c	2026-09-29T21:59:23Z	2026-09-29T22:00:22Z	true	Expose borrowed unchanged row subtree certificates
5f4eb1de8c761201f922130bb3dbce8e0e69bf7c	6b29df98c36d61d23ce12e8a3d3dec216dfe0c55	2026-09-29T22:00:48Z	2026-09-29T22:01:05Z	true	Cap V3 type plans by remaining aggregate rows
6f551a1fcf0b7912b704fc05cd5453746a09bf62	5f4eb1de8c761201f922130bb3dbce8e0e69bf7c	2026-09-29T22:07:16Z	2026-09-29T22:07:28Z	true	Annotate aggregate typed row identity failures
10783e88d8fa79370e8536b730291c699351d385	6f551a1fcf0b7912b704fc05cd5453746a09bf62	2026-09-29T22:24:55Z	2026-09-29T22:25:14Z	true	Decode captured inline source provenance rows
88ef34a45b9e5ffa552e2c06205c1fff1b2ca52f	10783e88d8fa79370e8536b730291c699351d385	2026-09-29T22:23:47Z	2026-09-29T22:27:07Z	true	Verify V2 segments in one source pass
f87db67344fad754cda28d1dd8f872b1574c8296	88ef34a45b9e5ffa552e2c06205c1fff1b2ca52f	2026-09-29T22:26:55Z	2026-09-29T22:27:07Z	true	Scope jumbo closure map per Docs segment
aba30a354f53dd03d5f5523232092a91c19279f2	f87db67344fad754cda28d1dd8f872b1574c8296	2026-09-29T22:27:20Z	2026-09-29T22:27:20Z	true	Assert single-pass typed segment verification reads
32f54090747659bdb6427655d163965a20534e7d	aba30a354f53dd03d5f5523232092a91c19279f2	2026-09-29T22:37:37Z	2026-09-29T22:37:37Z	true	Pass lending jumbo admission without a redundant reborrow
1904472a95e189bcf6d4c4079b4b83777a1e1373	32f54090747659bdb6427655d163965a20534e7d	2026-09-29T22:42:39Z	2026-09-29T22:42:39Z	true	docs: design durable typed IR history transfer
e746117b8444fc3f10d84931f773d92fe84e549a	1904472a95e189bcf6d4c4079b4b83777a1e1373	2026-09-29T22:43:34Z	2026-09-29T22:43:34Z	true	Preserve typed reference budget errors in lending verifier
4d855b9dcb8db1558400507ebef61afdab02ee0f	e746117b8444fc3f10d84931f773d92fe84e549a	2026-09-29T22:34:24Z	2026-09-29T22:43:42Z	true	Verify jumbo rows under family policy
2ea8e38ab95159ed40428c183fef8fb04a77de99	4d855b9dcb8db1558400507ebef61afdab02ee0f	2026-09-29T22:44:31Z	2026-09-29T22:44:37Z	true	Cold-verify jumbo closure under its family policy
03a5978b081d29b78d15c1099a56876297fe6d9a	2ea8e38ab95159ed40428c183fef8fb04a77de99	2026-09-29T22:46:05Z	2026-09-29T22:46:05Z	true	Expose canonical tags to boundary policy tests
026d515ea177543e933cd2f061e7e0e99f339621	03a5978b081d29b78d15c1099a56876297fe6d9a	2026-09-29T22:49:10Z	2026-09-29T22:49:16Z	true	Make semantic boundary fixtures match exact authority and row size
e13b9015716e607dbbb1cea18c9551a2b416aea0	026d515ea177543e933cd2f061e7e0e99f339621	2026-09-29T22:58:07Z	2026-09-29T23:04:39Z	true	Fuse V2 stream boundary admission
9adc78b0f2c6216a0d25d839c7c18db8718a3684	e13b9015716e607dbbb1cea18c9551a2b416aea0	2026-09-29T23:05:55Z	2026-09-30T01:35:54Z	true	Add source-unit semantic edit owner
0ecf7f62d2ccbfee14ed5161366cf0313e1c8fb5	9adc78b0f2c6216a0d25d839c7c18db8718a3684	2026-09-29T22:35:34Z	2026-09-30T01:35:54Z	true	Add callback-lent verified FileStore object reads
759f3bee18a70cb48dc262fa8d62bb85d942d246	0ecf7f62d2ccbfee14ed5161366cf0313e1c8fb5	2026-09-29T22:36:43Z	2026-09-30T01:35:55Z	true	Reuse verified claim in owned object wrapper
ce4d74ca290d4db289de5e1b71f54495d567a9f4	759f3bee18a70cb48dc262fa8d62bb85d942d246	2026-09-29T22:43:40Z	2026-09-30T01:35:55Z	true	Bind borrowed reads to reusable collection pins
5618595426686d32cc55f26e1e3f1325f4d55fbe	ce4d74ca290d4db289de5e1b71f54495d567a9f4	2026-09-29T23:07:41Z	2026-09-30T01:35:55Z	true	Export borrowed object view and fix corruption fixtures
b783d4af1bca382780f90a900b9c9492de02dc68	5618595426686d32cc55f26e1e3f1325f4d55fbe	2026-09-29T23:10:45Z	2026-09-30T01:35:55Z	true	Report payload copy bytes in read benchmark
3982cac33b76b875384c2944a040732408fcb579	b783d4af1bca382780f90a900b9c9492de02dc68	2026-09-30T01:37:17Z	2026-09-30T01:37:17Z	true	Fix edit frontier allocated capacity accounting
12491522f8c8bc928cb08cd6aa5dd696288ebd2a	3982cac33b76b875384c2944a040732408fcb579	2026-09-29T06:28:26Z	2026-09-30T01:38:28Z	true	test(semantic): audit changed-key frontier proof gap
6e2b2bf3d833b4a8f458e0a8a4ff5f20458a3133	fa1a2cc87ed4c030f346ade5ce41b2dbce814bf9	2026-09-29T04:03:39Z	2026-09-29T04:03:39Z	false	feat(desktop, facet): package page source facts, typing and fluid width (W-Folio FOLIO-B), plus in-flight lane edits
ff2f04dab8ae7b87547361234f95a43a366e038e	6e2b2bf3d833b4a8f458e0a8a4ff5f20458a3133	2026-09-29T05:15:54Z	2026-09-29T05:15:54Z	false	feat(desktop): the world loads on demand, off the UI thread (W-Open3 I3)
86cd27d8eaf0b8ed5f4765ba3993d3ccbbda57cf	ff2f04dab8ae7b87547361234f95a43a366e038e	2026-09-29T05:49:52Z	2026-09-29T05:49:52Z	false	fix(desktop): restore the Ask plate width
6ef7ebb6a6bdd70492064a0b441a89a1462be3b1	86cd27d8eaf0b8ed5f4765ba3993d3ccbbda57cf	2026-09-29T08:56:46Z	2026-09-29T08:56:46Z	false	feat(index, desktop): the desktop owner indexes real packages again (W-Index), with fluid width (W-Fluid FLUID-B) and the simple symbol page (W-Sym6 SYM6-A)
8a2f73380231fa5ac99f578ead7bb76133fc9cbe	6ef7ebb6a6bdd70492064a0b441a89a1462be3b1	2026-09-29T19:35:02Z	2026-09-29T19:35:02Z	false	feat(desktop, index): a clean install indexes the project's dependencies, and a Finder launch finds your Rust (F-Data 1)
21f19a6f1be4e56265b037c167ff139f80c6fa23	8a2f73380231fa5ac99f578ead7bb76133fc9cbe	2026-09-29T19:56:37Z	2026-09-29T19:56:37Z	false	feat(desktop): green suites, the sidebar on real data, Esc closes Settings, J10 passes on the real owner (F-Shell 1)
8766d646092a848c9ff1b4fb06b127d1b3cb2a1e	21f19a6f1be4e56265b037c167ff139f80c6fa23	2026-09-29T21:59:26Z	2026-09-29T21:59:26Z	false	feat(desktop, index): pages read while the owner compiles, refusals survive relaunch, packages carry their manifest names (F-Data 2)
525355f681bdfd9b46dd2979232f07e38dde9490	8766d646092a848c9ff1b4fb06b127d1b3cb2a1e	2026-09-30T00:05:23Z	2026-09-30T00:05:23Z	false	fix(vendor): the headless test scheduler takes its locks in one order
7c8fa3ee7256c88879bcbefe5e64765bbddb71a3	525355f681bdfd9b46dd2979232f07e38dde9490	2026-09-30T01:37:45Z	2026-09-30T01:37:45Z	false	Fix ranking and coverage for local package search
a34e0e935b5e033839f6d90b0fc0404da9b741d5	7c8fa3ee7256c88879bcbefe5e64765bbddb71a3	2026-09-30T01:38:31Z	2026-09-30T01:38:31Z	false	Carry real release and source locations through owner reads
a5cce2d2f839ea69d8fe765ebbc2b92e56cafcdc	a34e0e935b5e033839f6d90b0fc0404da9b741d5	2026-09-30T01:38:40Z	2026-09-30T01:38:40Z	false	Reset focus and motion when pages leave view
7e8932447a3909d6a2cdb08a9a3797e1ee9dac84	a5cce2d2f839ea69d8fe765ebbc2b92e56cafcdc	2026-09-30T01:38:50Z	2026-09-30T01:38:50Z	false	Make facet controls easier to hit and read
f65429dd608b04e28214759aa48eab07bd3e97ae	7e8932447a3909d6a2cdb08a9a3797e1ee9dac84	2026-09-30T01:38:55Z	2026-09-30T01:38:55Z	false	Remove retired hard cutoff measure APIs
c35215a64eae56a1080dc931d02653846fee9b31	f65429dd608b04e28214759aa48eab07bd3e97ae	2026-09-30T01:38:58Z	2026-09-30T01:38:58Z	false	Chunk long gallery label captures
67c51d481d88b4cbc294c085be96f4ec82f101a6	c35215a64eae56a1080dc931d02653846fee9b31	2026-09-30T01:39:06Z	2026-09-30T01:39:06Z	false	Align journey checks with visible routes and overlays
fb4ca5b6fe49b51cfba9ed87d72bf8ef83a966cc	67c51d481d88b4cbc294c085be96f4ec82f101a6	2026-09-30T01:39:10Z	2026-09-30T01:39:10Z	false	Document remaining GUI and production gaps
3823d760a628a610439711fbb8a5e709a3229600	12491522f8c8bc928cb08cd6aa5dd696288ebd2a fb4ca5b6fe49b51cfba9ed87d72bf8ef83a966cc	2026-09-30T01:40:42Z	2026-09-30T01:40:42Z	true	Merge current GUI checkpoints into compiler and index integration
10c8cad7dd63c16f2940636a91e664dea2e48045	3823d760a628a610439711fbb8a5e709a3229600	2026-09-29T22:10:11Z	2026-09-30T01:41:10Z	true	Add fixed wire encoding for row payload claims
dbeba80297f395e34ce2662ffb6472a358d5a1b0	10c8cad7dd63c16f2940636a91e664dea2e48045	2026-09-29T22:14:27Z	2026-09-30T01:41:10Z	true	Add persistent typed-plane descriptor tree V3
b60a3c7be895605835f16d54b659e52ecff06ca6	dbeba80297f395e34ce2662ffb6472a358d5a1b0	2026-09-29T22:26:13Z	2026-09-30T01:41:10Z	true	Tighten V3 descriptor tree admission and range seek
7e85afc77c3179bcff56e17c288a5d3acb13c031	b60a3c7be895605835f16d54b659e52ecff06ca6	2026-09-29T22:45:42Z	2026-09-30T01:41:10Z	true	Measure V3 cold descriptor buffer locality
401981665e0b0c22e84bed4fa0b92d4c6cd047ee	7e85afc77c3179bcff56e17c288a5d3acb13c031	2026-09-29T22:46:59Z	2026-09-30T01:41:10Z	true	Document large-tier V3 memory limits
fc26325f3c3ccff13e9b0e168bbfcfe92e2a8c1a	401981665e0b0c22e84bed4fa0b92d4c6cd047ee	2026-09-29T22:51:58Z	2026-09-30T01:41:10Z	true	Report two-million-row descriptor slot floor
17acddb01d8255648f9ac20ca2062625234e8ce4	fc26325f3c3ccff13e9b0e168bbfcfe92e2a8c1a	2026-09-30T01:40:11Z	2026-09-30T01:41:10Z	true	Fix typed V3 index module compilation
d3724ebd47d359043c8936fc9d54fdc028b3430f	17acddb01d8255648f9ac20ca2062625234e8ce4	2026-09-30T01:40:11Z	2026-09-30T01:41:10Z	true	Add conservative semantic lineage candidate matching
1aac1d669a5b8f1ac57fbbe23d9f70c5242ff9de	d3724ebd47d359043c8936fc9d54fdc028b3430f	2026-09-30T01:40:11Z	2026-09-30T01:41:18Z	true	Add typed V3 history payload admission
e1605f64eb22f34426eee35e8f57c6eaff2fd305	1aac1d669a5b8f1ac57fbbe23d9f70c5242ff9de	2026-09-29T21:33:59Z	2026-09-30T01:41:26Z	true	Use bounded version-ranked release postings
0a86d62e34a26855b1884b23a1fe3fd8388297c8	e1605f64eb22f34426eee35e8f57c6eaff2fd305	2026-09-29T22:36:11Z	2026-09-30T01:41:26Z	true	Extract bounded lineage release projection
4576414cd03bd32b1e844ec1573f5b3cab6058b7	0a86d62e34a26855b1884b23a1fe3fd8388297c8	2026-09-30T01:39:51Z	2026-09-30T01:41:26Z	true	Compact release search postings
7f0ae0c49944b534738a8f3bee1259c5c93c567c	4576414cd03bd32b1e844ec1573f5b3cab6058b7	2026-09-29T21:35:36Z	2026-09-30T01:41:39Z	true	Add diagnostic Rust read-frontier observer seam
e6bfc3ea80337e3979eafc35433ee4da9f7931d3	7f0ae0c49944b534738a8f3bee1259c5c93c567c	2026-09-29T21:51:48Z	2026-09-30T01:41:39Z	true	Limit Rust module observations to DefMap diagnostics
0afbfeef52113720570a99f6aaab4e1952e5dd3b	e6bfc3ea80337e3979eafc35433ee4da9f7931d3	2026-09-29T21:57:41Z	2026-09-30T01:41:39Z	true	Bound diagnostic module frontier traversal
4b947015ddca5b7168eadc954705131b2bc79af1	0afbfeef52113720570a99f6aaab4e1952e5dd3b	2026-09-29T21:40:46Z	2026-09-30T01:41:39Z	true	fix(rust): expand bounded Rustdoc include inputs
66dc627fc9f9af22ac62ca0f856b8e3a2d636c6e	4b947015ddca5b7168eadc954705131b2bc79af1	2026-09-29T22:02:35Z	2026-09-30T01:41:39Z	true	Describe Rustdoc events in frontier observer
d099c485aeef51ef6d0794b11475634c1132e868	66dc627fc9f9af22ac62ca0f856b8e3a2d636c6e	2026-09-29T22:04:01Z	2026-09-30T01:41:39Z	true	Document Rustdoc frontier observations
b2b8f7582b5d83a0e2528ebe019dc2d5008844e9	d099c485aeef51ef6d0794b11475634c1132e868	2026-09-30T01:39:27Z	2026-09-30T01:41:39Z	true	Observe Rustdoc filesystem attempts
d9f3841e056d6b3c0ba46b184529391bbbdcfff7	b2b8f7582b5d83a0e2528ebe019dc2d5008844e9	2026-09-29T18:44:04Z	2026-09-30T01:41:48Z	true	fix(worker): compare canonical toolchain identities
99b914c956c0d37a4340991e265b2a948b5d26a4	d9f3841e056d6b3c0ba46b184529391bbbdcfff7	2026-09-29T19:49:24Z	2026-09-30T01:41:48Z	true	test(journey): avoid recursive Darwin fsync interposition
042e0fdc895b0161b9918a2de0ca1b51805a8d69	99b914c956c0d37a4340991e265b2a948b5d26a4	2026-09-29T19:52:16Z	2026-09-30T01:41:48Z	true	test(journey): attach fixture manifest to queried entry
a8bd28ecb665793709843969ec154880c471eb1e	042e0fdc895b0161b9918a2de0ca1b51805a8d69	2026-09-29T20:00:25Z	2026-09-30T01:42:05Z	true	test(journey): bound compiler process concurrency
f9a4ba14e24720cbfd6d1fe9e605c57e7f2545ed	a8bd28ecb665793709843969ec154880c471eb1e	2026-09-29T20:02:11Z	2026-09-30T01:42:05Z	true	style(engine): format journey lane override
7643c75a97dee886aff35eea32df96d3d032edda	f9a4ba14e24720cbfd6d1fe9e605c57e7f2545ed	2026-09-29T21:42:32Z	2026-09-30T01:42:25Z	true	test(cluster): resume selected index ranges after restart
57eb71bec2809b736f0a79de74074879c3240112	7643c75a97dee886aff35eea32df96d3d032edda	2026-09-30T01:40:06Z	2026-09-30T01:42:25Z	true	Format sync recovery tests
52c2122556689e8cdf08f9b5bf543b29f390d915	57eb71bec2809b736f0a79de74074879c3240112	2026-09-30T01:40:10Z	2026-09-30T01:42:25Z	true	Format semantic locality sources
8e93dc5523343dc22eb9fd78dd5607fda399a55b	52c2122556689e8cdf08f9b5bf543b29f390d915	2026-09-30T01:43:44Z	2026-09-30T01:44:27Z	true	Exercise V3 history admission from producer receipts
64628cad7f5e97812c6b15877f7f86177981a7cc	8e93dc5523343dc22eb9fd78dd5607fda399a55b	2026-09-29T22:20:03Z	2026-09-30T01:45:28Z	true	Add safe ASCII fast path to jumbo UTF-8 writer
cd6af81bcff01db5572fbaa79b4a1388ebc1167f	64628cad7f5e97812c6b15877f7f86177981a7cc	2026-09-29T22:32:10Z	2026-09-30T01:45:28Z	true	Bound Qdrant embedding worker batch inputs
811dc79c580ed0297f103e99463dc18fb081dd4a	cd6af81bcff01db5572fbaa79b4a1388ebc1167f	2026-09-29T22:22:46Z	2026-09-30T01:45:28Z	true	Bind compiler read traces to staged attempt
eb675b7250fdf0023cee62d64e5b7b05c2feb01a	811dc79c580ed0297f103e99463dc18fb081dd4a	2026-09-29T17:34:43Z	2026-09-30T01:45:28Z	true	Add history-backed adaptive IR residency routes
151b866795c03f4393deafd28de91df97b59f56c	eb675b7250fdf0023cee62d64e5b7b05c2feb01a	2026-09-29T21:24:16Z	2026-09-30T01:45:46Z	true	Add exact-generation typed V2 byte residency
609a86b2cdffb99261b1f58443c6068f0d156f72	151b866795c03f4393deafd28de91df97b59f56c	2026-09-29T20:47:30Z	2026-09-30T01:45:46Z	true	Add V3 history bridge model benchmark
527bf3b984b0c3e8cf67f9a71f895dcde26b28b2	609a86b2cdffb99261b1f58443c6068f0d156f72	2026-09-29T21:14:57Z	2026-09-30T01:45:46Z	true	Fix V3 bridge closure reachability delta
c754995356128f84b5ab5da0c8eb9cc383ea7313	527bf3b984b0c3e8cf67f9a71f895dcde26b28b2	2026-09-29T21:20:13Z	2026-09-30T01:45:46Z	true	Bound V3 bridge frontier walk and reject broken closure
836a451f54e3729e03f29de9f8e99eb695b692ea	c754995356128f84b5ab5da0c8eb9cc383ea7313	2026-09-29T21:31:00Z	2026-09-30T01:45:46Z	true	Label bridge model update batches
e262c2137b2461ac9273b2e71abd3f1076650be2	836a451f54e3729e03f29de9f8e99eb695b692ea	2026-09-29T21:35:41Z	2026-09-30T01:45:46Z	true	Align bridge update shape with canonical limits
c583679a352d3c5d4b69b4574ab326d20cc70ba1	e262c2137b2461ac9273b2e71abd3f1076650be2	2026-09-29T21:43:20Z	2026-09-30T01:45:46Z	true	Fix V3 bridge model metric reporting
a1be7b2ac49f8d03263d08b57eb568565321550a	c583679a352d3c5d4b69b4574ab326d20cc70ba1	2026-09-29T22:21:18Z	2026-09-30T01:45:46Z	true	Prototype bounded LazyTree batch replacements
4d2de7635fde81d823610efb417d4d82b68a9734	a1be7b2ac49f8d03263d08b57eb568565321550a	2026-09-30T01:47:06Z	2026-09-30T01:47:06Z	true	Fix mutable bounded update summary
e7bb345e89db97481b9b53043bd6b2537efe1676	4d2de7635fde81d823610efb417d4d82b68a9734	2026-09-30T01:48:48Z	2026-09-30T01:48:48Z	true	Pin V3 lazy tree relation type
30c4e8a9326ce36b76167a5d137f679e1cadad34	e7bb345e89db97481b9b53043bd6b2537efe1676	2026-09-30T01:49:01Z	2026-09-30T01:49:01Z	true	Preserve GUI audit inventories with the source checkpoint
e169802539b1bfb39f4a1109ceb6f0fd65106d86	30c4e8a9326ce36b76167a5d137f679e1cadad34	2026-09-30T01:56:57Z	2026-09-30T01:56:57Z	true	Remove trailing blank line from symbol body
ce2e181fe9d9d709efd1079e394fecffe4ee4441	e169802539b1bfb39f4a1109ceb6f0fd65106d86	2026-09-30T01:58:23Z	2026-09-30T01:58:23Z	true	Fix typed V2 replication imports and exports
a339949abef9c376ea960e594e928cb2703aa545	ce2e181fe9d9d709efd1079e394fecffe4ee4441	2026-09-30T01:58:55Z	2026-09-30T01:58:55Z	true	Fix typed V2 residency byte accounting seams
a045f110ec8161d3a2ec02f37c239bb3bc5311d9	a339949abef9c376ea960e594e928cb2703aa545	2026-09-30T02:04:45Z	2026-09-30T02:04:45Z	true	Normalize preserved GUI audit whitespace
f37375220848f3402c8f47f0b7b970fd11cf9814	a045f110ec8161d3a2ec02f37c239bb3bc5311d9	2026-09-30T02:04:45Z	2026-09-30T02:04:45Z	true	Refresh benchmark provenance for the integrated workspace
9808792f36b546b61e59d09bafbfa6c19843aa0c	f37375220848f3402c8f47f0b7b970fd11cf9814	2026-09-30T02:06:30Z	2026-09-30T02:06:30Z	true	Reserve staged Java documentation fragments
0fbcd3600c282741e76f6d064326410bd1619863	9808792f36b546b61e59d09bafbfa6c19843aa0c	2026-09-30T02:06:34Z	2026-09-30T02:06:34Z	true	Make attempt match helper non-const
040e93012b01630e4977d82b1343d79b3779f45a	0fbcd3600c282741e76f6d064326410bd1619863	2026-09-30T02:06:39Z	2026-09-30T02:06:39Z	true	Classify Rustdoc authority failures
3c792df39dfbddfb5b95664f382f25b76beddf83	040e93012b01630e4977d82b1343d79b3779f45a	2026-09-30T02:09:40Z	2026-09-30T02:09:40Z	true	Rechunk canonical leaves when replacement width changes
c9fb78058451d0de023db1bbb3cc3c3e27257f2d	3c792df39dfbddfb5b95664f382f25b76beddf83	2026-09-30T02:13:40Z	2026-09-30T02:13:40Z	true	Update semantic tests for explicit row actions
13bf53a383738fb418572cf435c0aa496c9f1909	c9fb78058451d0de023db1bbb3cc3c3e27257f2d	2026-09-30T02:13:47Z	2026-09-30T02:13:47Z	true	Rank release gram postings by cardinality
ea70a29bd090fb8b6108ab021091046b555021ae	13bf53a383738fb418572cf435c0aa496c9f1909	2026-09-30T02:13:52Z	2026-09-30T02:13:52Z	true	Retain batch embedding workspace from activation
bc4c59c2829d8d69e5439d2bcf44c872dc5ac077	ea70a29bd090fb8b6108ab021091046b555021ae	2026-09-30T02:16:01Z	2026-09-30T02:16:01Z	true	Clarify lazy overlay load accounting
0431e0e23bef104e28b30a162d84e87c11c4a9cd	bc4c59c2829d8d69e5439d2bcf44c872dc5ac077	2026-09-30T02:16:43Z	2026-09-30T02:16:43Z	true	Bind frozen search provenance to integration repairs
5d96669c6866f653d51b3580c51e88c8f0c66226	0431e0e23bef104e28b30a162d84e87c11c4a9cd	2026-09-30T02:18:07Z	2026-09-30T02:18:07Z	true	Encode semantic edit test markers as u16
45994d089e758117ada3b435fff962f699134555	5d96669c6866f653d51b3580c51e88c8f0c66226	2026-09-30T02:24:12Z	2026-09-30T02:24:12Z	true	Route integrated catalog search through Tantivy
db2a407456d375e2441d873e917e50d194426ffd	45994d089e758117ada3b435fff962f699134555	2026-09-30T02:27:24Z	2026-09-30T02:27:24Z	true	Tighten V3 cold test bounds to encoded shape
558824d4c1fc58caa3e64376887b1c4dbb184d55	db2a407456d375e2441d873e917e50d194426ffd	2026-09-30T02:27:53Z	2026-09-30T02:27:53Z	true	Fix typed V2 cold restart test receiver
1ca57db3f0e9fb5e4e6fd48e6c99af93cb9d3595	558824d4c1fc58caa3e64376887b1c4dbb184d55	2026-09-30T02:29:50Z	2026-09-30T02:29:50Z	true	Fix verified object benchmark error handling
8d5aeb66842a6686488cd93aca466add4254486e	1ca57db3f0e9fb5e4e6fd48e6c99af93cb9d3595	2026-09-30T02:39:02Z	2026-09-30T02:39:02Z	true	Fix private retention test fixture directories
3d7a4c69bc481aec493176bd0b71f58d622aae72	8d5aeb66842a6686488cd93aca466add4254486e	2026-09-30T02:41:47Z	2026-09-30T02:41:47Z	true	Assert reclaimed history map file bytes
9a26eec532229d0527c3d8853857fa299cd573fe	3d7a4c69bc481aec493176bd0b71f58d622aae72	2026-09-30T02:47:25Z	2026-09-30T02:47:25Z	true	Create private retention test GC root
bee2afc0129febe9aae54033182dca7852c8c6d0	9a26eec532229d0527c3d8853857fa299cd573fe	2026-09-30T02:47:29Z	2026-09-30T02:47:29Z	true	Allow automatic CAS reaping before explicit sweep
740e3e641ffe5681309d564d3018e589b5cc033e	bee2afc0129febe9aae54033182dca7852c8c6d0	2026-09-30T02:47:50Z	2026-09-30T02:47:50Z	true	fix desktop fixture endpoint length
630aad8ff63223db221f4c3b0c5d91a2da929e3d	740e3e641ffe5681309d564d3018e589b5cc033e	2026-09-30T02:49:27Z	2026-09-30T02:49:27Z	true	route GUI journeys through live capture harness
72d3845452f990322194742a147f31e7d0a2f64c	630aad8ff63223db221f4c3b0c5d91a2da929e3d	2026-09-30T02:52:53Z	2026-09-30T02:52:53Z	true	Format MCP tool list in journey assertion
1e76b6e4d036f46550c2574189d1e1f5de239929	72d3845452f990322194742a147f31e7d0a2f64c	2026-09-30T02:54:38Z	2026-09-30T02:54:38Z	true	Keep registry discovery oracle scoped to registry candidates
2eae6603e1df41164dbf932b4a588f5a9254e002	1e76b6e4d036f46550c2574189d1e1f5de239929	2026-09-30T02:55:39Z	2026-09-30T02:55:39Z	true	Bind MCP structured reply borrow to its response
3445dd8bf0aab0752505de2ec145f6ad941482b4	2eae6603e1df41164dbf932b4a588f5a9254e002	2026-09-30T02:56:58Z	2026-09-30T02:56:58Z	true	Record checkpoint validation and remaining runtime failures
3fb122663866e6bb0c62391259319f6df53a1e1d	3445dd8bf0aab0752505de2ec145f6ad941482b4	2026-09-30T03:00:17Z	2026-09-30T03:00:17Z	true	Borrow noncopy oracle keys in IR delta bench
d7598a7ab640192beffd1609174ca1665dbe1d19	3fb122663866e6bb0c62391259319f6df53a1e1d	2026-09-30T03:00:59Z	2026-09-30T03:00:59Z	true	Use verified object views in S3 cold journey
40b8e219e85a0585a2adbd813da39669955ea0e9	d7598a7ab640192beffd1609174ca1665dbe1d19	2026-09-30T03:03:15Z	2026-09-30T03:03:15Z	true	Import bounded Rust resource plan in lower test
5c0d743f4dd0cfea10ce992c036c8dd265f399ee	40b8e219e85a0585a2adbd813da39669955ea0e9	2026-09-30T03:03:15Z	2026-09-30T03:03:15Z	true	Bind read observer test to a minted compiler attempt
ae8880e36117d8147b23e0d892460819557f3ec5	5c0d743f4dd0cfea10ce992c036c8dd265f399ee	2026-09-30T03:03:15Z	2026-09-30T03:03:15Z	true	Move worker output lines after matching
7f97d66dc483074049e353dba8c042d3c7132958	ae8880e36117d8147b23e0d892460819557f3ec5	2026-09-30T03:03:15Z	2026-09-30T03:03:15Z	true	Keep cluster validation text alive while parsing
643399ce462e01233348b1331b2b4cf20f983d71	7f97d66dc483074049e353dba8c042d3c7132958	2026-09-30T03:03:15Z	2026-09-30T03:03:15Z	true	Exercise worker bootstrap namespace admission
159d6737c31bfa442eb5ddc3f5b1636c3a58cc9e	643399ce462e01233348b1331b2b4cf20f983d71	2026-09-30T03:04:44Z	2026-09-30T03:04:44Z	true	Refresh search provenance after checkpoint type repairs
7305437d5eb175c4e905c4ad7683833ba25529be	159d6737c31bfa442eb5ddc3f5b1636c3a58cc9e	2026-09-30T03:08:33Z	2026-09-30T03:08:33Z	true	Check cold S3 objects through artifact sink
f9c158af0dfc229c4567bf5cd725c5c0828043fa	7305437d5eb175c4e905c4ad7683833ba25529be	2026-09-30T03:11:10Z	2026-09-30T03:11:10Z	true	Record successful full workspace checkpoint check
d7e27d82ad398b8ec6b4bc3189552191212e9607	f9c158af0dfc229c4567bf5cd725c5c0828043fa	2026-09-30T03:36:39Z	2026-09-30T03:36:39Z	true	Enforce build capacity for explicit Cargo directories
655701202d97bfda0c89f695cada6b7d6ce393f2	d7e27d82ad398b8ec6b4bc3189552191212e9607	2026-09-30T03:49:49Z	2026-09-30T03:51:02Z	true	Strengthen semantic history GC regressions
bcf4f81b7daaedb157606181e20947522862b457	655701202d97bfda0c89f695cada6b7d6ce393f2	2026-09-30T03:54:03Z	2026-09-30T03:54:03Z	true	Record resumed product readiness gates
a53a7056674f1b2fbaa580385ea955f373e21c55	bcf4f81b7daaedb157606181e20947522862b457	2026-09-30T03:54:49Z	2026-09-30T03:57:41Z	true	fix(facet): separate source availability from comparison
1f24ef2104cfa29a944442d35280fd13646a00f3	a53a7056674f1b2fbaa580385ea955f373e21c55	2026-09-30T03:55:06Z	2026-09-30T03:57:41Z	true	fix(facet): reject hidden text as visual evidence
735498eb93c2d2b490c2b32b3d0b38f83d8e85a9	1f24ef2104cfa29a944442d35280fd13646a00f3	2026-09-30T03:57:33Z	2026-09-30T03:58:25Z	true	Account commit reclamation in durable retention
0c8c66c384b21c068ff99c4f3656a1cc02505b2c	735498eb93c2d2b490c2b32b3d0b38f83d8e85a9	2026-09-30T04:05:50Z	2026-09-30T04:05:50Z	true	Allow receipt storage beneath scoped directory access
965022a74f9df000408b47dafe144373a02f6463	0c8c66c384b21c068ff99c4f3656a1cc02505b2c	2026-09-30T04:14:11Z	2026-09-30T04:32:19Z	true	Exercise valid receipt identities and expired lease fencing
e9318d7395e2605ba62f659b0c67ff0b996c046d	965022a74f9df000408b47dafe144373a02f6463	2026-09-30T04:15:27Z	2026-09-30T04:32:19Z	true	Scope build lease guarantees to shared Cargo invocations
21d558b68f14c911f9a57e8570d833c1b47fb85c	e9318d7395e2605ba62f659b0c67ff0b996c046d	2026-09-30T04:29:04Z	2026-09-30T04:34:30Z	true	Bind visual coverage to renderer clips and scroll ancestry
a304d1b8ca69229335c753b95f28fabf88d37057	21d558b68f14c911f9a57e8570d833c1b47fb85c	2026-09-30T04:29:46Z	2026-09-30T04:34:30Z	true	Preserve Rust package authority diagnostics
ea2a56c452ec014e946c21bc7009f0d36f0065a4	a304d1b8ca69229335c753b95f28fabf88d37057	2026-09-30T04:34:09Z	2026-09-30T04:38:48Z	true	Start native component and truthful source rendering migration
46f1da3ff1a70d160b4d3f287d16c9c718bf5cd1	ea2a56c452ec014e946c21bc7009f0d36f0065a4	2026-09-30T04:41:39Z	2026-09-30T04:42:18Z	true	chore(deps): lock tree-sitter C grammar
2906da8d46417b1c9e1bce2a287b60bcee389266	46f1da3ff1a70d160b4d3f287d16c9c718bf5cd1	2026-09-30T04:40:27Z	2026-09-30T04:42:18Z	true	Separate registry policy identity from learned facts
121840b0c5debd9f6daf9b2b32f17a32b1633417	2906da8d46417b1c9e1bce2a287b60bcee389266	2026-09-30T04:44:28Z	2026-09-30T04:50:32Z	true	Preserve registry fact and advisory receipt regressions
eebcaca5cbf46c32672f5e313d823abf6d2ae24b	121840b0c5debd9f6daf9b2b32f17a32b1633417	2026-09-30T04:56:05Z	2026-09-30T04:56:05Z	true	Use the Rustc authority in the package diagnostic regression
2124e989ce5f0530a82fb6047de38eb31fd1e010	eebcaca5cbf46c32672f5e313d823abf6d2ae24b	2026-09-30T05:00:24Z	2026-09-30T05:02:32Z	true	Use typed advisory observations in registry fact test
8c6d893ab7d3f4ec4a05d3ab0bdd091ebd58862e	2124e989ce5f0530a82fb6047de38eb31fd1e010	2026-09-30T04:34:47Z	2026-09-30T05:23:15Z	true	Persist root-bound local search projections
efdb9355d9689fd9bc387d984acc96e2b5ba96d3	8c6d893ab7d3f4ec4a05d3ab0bdd091ebd58862e	2026-09-30T05:07:44Z	2026-09-30T05:23:15Z	true	Harden durable query projection retention
c216c05bcd0d89ae7af3ae9f744d96dd400a997d	efdb9355d9689fd9bc387d984acc96e2b5ba96d3	2026-09-30T05:10:08Z	2026-09-30T05:23:15Z	true	Enrich registry facts and scope advisory feeds
42278ecdd7099a412a59e636e4c27d70062d6bba	c216c05bcd0d89ae7af3ae9f744d96dd400a997d	2026-09-30T05:13:13Z	2026-09-30T05:23:15Z	true	Lock OSV archive parser dependency
0875d1e976db907704439b0ddd27eb816077d7bf	42278ecdd7099a412a59e636e4c27d70062d6bba	2026-09-30T05:25:24Z	2026-09-30T05:25:24Z	true	Bind native metadata codec patterns to the schema constant
97de5811334ff46cb4759379b683036b276a1d1d	0875d1e976db907704439b0ddd27eb816077d7bf	2026-09-30T05:26:40Z	2026-09-30T05:26:40Z	true	Use the borrowed cache path directly for durable roots
81ddec21c9472cf9ddebbe01dbf17e15719d0d61	97de5811334ff46cb4759379b683036b276a1d1d	2026-09-30T05:30:14Z	2026-09-30T05:30:14Z	true	Close the Cargo release decoder exactly once
509a5c09dd8dc3a4ca156af32c6af8545c4ad556	81ddec21c9472cf9ddebbe01dbf17e15719d0d61	2026-09-30T05:33:56Z	2026-09-30T05:33:56Z	true	Complete durable projection bindings and source-only regression fixtures
a5e0526941a964d19c0606c2ddb2d4fbcebff7b0	509a5c09dd8dc3a4ca156af32c6af8545c4ad556	2026-09-30T05:33:01Z	2026-09-30T05:34:53Z	true	Persist Tantivy ordinal identity maps
1e4c04ab9c1ef5aa9161f0c81f58d37823035a1e	a5e0526941a964d19c0606c2ddb2d4fbcebff7b0	2026-09-30T04:50:49Z	2026-09-30T05:34:53Z	true	feat(replication): add durable V3 semantic history
60501fca4386c6988686c694d97a140d622e4601	1e4c04ab9c1ef5aa9161f0c81f58d37823035a1e	2026-09-30T04:51:35Z	2026-09-30T05:35:17Z	true	Harden durable history retention recovery
893959108130fca608b431508cb579c44c856e92	60501fca4386c6988686c694d97a140d622e4601	2026-09-30T05:33:29Z	2026-09-30T05:35:17Z	true	feat(replication): add claim-only Typed V3 history proof
74319179537c84851278f6d948f02530751e728e	893959108130fca608b431508cb579c44c856e92	2026-09-30T05:37:48Z	2026-09-30T05:45:13Z	true	Bind sparse ordinal entries to their slots
c39834a1a008b8b108b43225e9a551f87d257bee	74319179537c84851278f6d948f02530751e728e	2026-09-30T05:41:30Z	2026-09-30T05:46:02Z	true	Harden scoped advisory expiry and Cargo timestamps
00df8cbab56e3e2462b33774720c2037fa790f3b	c39834a1a008b8b108b43225e9a551f87d257bee	2026-09-30T05:44:43Z	2026-09-30T05:49:48Z	true	Page selected semantic query documents
117a85c823b3c5d08cd58bc99851aead43e2d6c1	00df8cbab56e3e2462b33774720c2037fa790f3b	2026-09-30T05:49:57Z	2026-09-30T05:50:33Z	true	Expose durable projection test helpers
0f21fe4f1424919324616e0ef6f34a0cb1cf6657	117a85c823b3c5d08cd58bc99851aead43e2d6c1	2026-09-30T05:52:59Z	2026-09-30T05:52:59Z	true	Keep durable test fixtures behind a private engine seam
1767240d6fa711760ad7dad94ef89582390b34c3	0f21fe4f1424919324616e0ef6f34a0cb1cf6657	2026-09-30T05:50:18Z	2026-09-30T05:52:59Z	true	fix(replication): repair Typed V3 history proof checks
562cb8ea3fe36b6d2ab7dd68da7999f1aa548cd9	1767240d6fa711760ad7dad94ef89582390b34c3	2026-09-30T05:51:19Z	2026-09-30T05:52:59Z	true	feat(replication): expose selected V3 history binding
098d7fd6f8bf020d2bf3b2152f540e3cc1de2776	562cb8ea3fe36b6d2ab7dd68da7999f1aa548cd9	2026-09-30T05:58:59Z	2026-09-30T06:16:56Z	true	Preserve and classify durable Tantivy roots safely
01e2b0275cc42e4f5a540ff49624d615c8b385a0	098d7fd6f8bf020d2bf3b2152f540e3cc1de2776	2026-09-30T06:00:41Z	2026-09-30T06:16:56Z	true	Add typed durable search cache budgets
0de975fc0bc52a06f842d81d327b508ea6483ed3	01e2b0275cc42e4f5a540ff49624d615c8b385a0	2026-09-30T06:11:01Z	2026-09-30T06:16:56Z	true	Propagate durable discovery cache budgets
fe1e9228737d7724b82e99ca67aadd43b0e9af9e	0de975fc0bc52a06f842d81d327b508ea6483ed3	2026-09-30T05:53:47Z	2026-09-30T06:16:56Z	true	Avoid quadratic advisory snapshot admission
dfa8c4122b5c02494d13ef7d96d3a1d66a67d1bb	fe1e9228737d7724b82e99ca67aadd43b0e9af9e	2026-09-30T06:09:35Z	2026-09-30T06:16:56Z	true	Require resolved Cargo metadata for Rust authority
cc1251519f8a3bd4996f0b861c58cb851e1103a5	dfa8c4122b5c02494d13ef7d96d3a1d66a67d1bb	2026-09-30T05:57:19Z	2026-09-30T06:32:23Z	true	fix(local-service): commit semantic selection with source root
c01c741a856b2a781d3a5d377d0b7e832968f750	cc1251519f8a3bd4996f0b861c58cb851e1103a5	2026-09-30T06:00:40Z	2026-09-30T06:32:23Z	true	feat(local-service): bind typed history to selected product
037c1bcc45a9d0769c2bf3362bb5350f361edbf8	c01c741a856b2a781d3a5d377d0b7e832968f750	2026-09-30T05:59:05Z	2026-09-30T06:32:23Z	true	feat(replication): bind V3 history to selected native image
2f47a446f38634a54855a693a18594c7882d6b6a	037c1bcc45a9d0769c2bf3362bb5350f361edbf8	2026-09-30T06:01:57Z	2026-09-30T06:32:23Z	true	fix(replication): hold V3 commit through branch CAS
f4da85f256227887b158e389e6ce411700ace992	2f47a446f38634a54855a693a18594c7882d6b6a	2026-09-30T06:14:50Z	2026-09-30T06:32:23Z	true	fix(replication): fence V3 history to owner selection
daf3881b53ff4a5915d877cb999b88f4200aa03b	f4da85f256227887b158e389e6ce411700ace992	2026-09-30T06:17:51Z	2026-09-30T06:32:23Z	true	test(replication): repair history deletion fixtures
3faf64632f3adfecd0b239eff9cc2b1f1e7b79fb	daf3881b53ff4a5915d877cb999b88f4200aa03b	2026-09-30T06:22:21Z	2026-09-30T06:32:23Z	true	fix(local-service): fence selected history to product commits
7c8d1c57f0c85ed8baaf57bc288fb02d398cd600	3faf64632f3adfecd0b239eff9cc2b1f1e7b79fb	2026-09-30T06:25:31Z	2026-09-30T06:32:23Z	true	feat(local-service): move index scan off owner loop
8954f41dfb4d8a60d665bcca0c18bd335130fb7c	7c8d1c57f0c85ed8baaf57bc288fb02d398cd600	2026-09-30T04:42:04Z	2026-09-30T06:32:29Z	true	chore(deps): lock Candle embedding provider
7a3ad4de503c69a343e1d87f81145ae2ef02ed32	8954f41dfb4d8a60d665bcca0c18bd335130fb7c	2026-09-30T05:01:05Z	2026-09-30T06:32:29Z	true	feat(semantic): add bounded Candle GPU embedding provider and durable delta caches
9bacb1c7f78d1ef8e753d97c711be308938a7d8f	7a3ad4de503c69a343e1d87f81145ae2ef02ed32	2026-09-30T05:47:22Z	2026-09-30T06:32:55Z	true	Fix durable index composition seams
09d70710b21ba43f0aab273e051ca575460fff8f	9bacb1c7f78d1ef8e753d97c711be308938a7d8f	2026-09-30T06:04:35Z	2026-09-30T06:34:17Z	true	fix(semantic): retain bounded embedding deltas across views
7648fdb24a9149e4413168706747c22a2837e23b	09d70710b21ba43f0aab273e051ca575460fff8f	2026-09-30T06:31:14Z	2026-09-30T06:34:21Z	true	fix(mcp): preserve index search cursor families
e67a8093f1a60aa05d58fd9467cc4e354d63c93e	7648fdb24a9149e4413168706747c22a2837e23b	2026-09-30T06:34:41Z	2026-09-30T06:35:23Z	true	test(mcp): cover index search cursor authority matrix
5f130b0ecfe92e1b5264298a201128c8b474cc51	e67a8093f1a60aa05d58fd9467cc4e354d63c93e	2026-09-30T06:36:10Z	2026-09-30T06:36:10Z	true	Disambiguate registry ZIP dependency after Candle integration
29e2ae00952137a6a374e739d4a1ab133a0ee5a5	5f130b0ecfe92e1b5264298a201128c8b474cc51	2026-09-30T06:36:40Z	2026-09-30T06:39:09Z	true	test(mcp): bound projected index search cursors
03f63d2225d8102c4ae9a46e60ea918ff7b532a7	29e2ae00952137a6a374e739d4a1ab133a0ee5a5	2026-09-30T06:44:48Z	2026-09-30T06:45:20Z	true	fix(mcp): restore typed surface index search cursors
dc2825a6af1fa401f914a0d66ed708f8385c0ae2	03f63d2225d8102c4ae9a46e60ea918ff7b532a7	2026-09-30T06:46:29Z	2026-09-30T06:46:54Z	true	fix(replication): expose history generation decoder
dbe46a92f6465c78ce26a4d7e0627d25fcea7073	dc2825a6af1fa401f914a0d66ed708f8385c0ae2	2026-09-30T06:48:30Z	2026-09-30T06:49:11Z	true	Fix durable Tantivy error conversions
6b5d6db6970fc77d97d0d73b995e9f0bc4c3c29c	dbe46a92f6465c78ce26a4d7e0627d25fcea7073	2026-09-30T06:40:05Z	2026-09-30T06:52:37Z	true	feat(replication): detect current selected V3 branch
b353470344f840c1b9838fafedf4df4c328ebfdb	6b5d6db6970fc77d97d0d73b995e9f0bc4c3c29c	2026-09-30T06:50:49Z	2026-09-30T06:52:37Z	true	feat(replication): bind V3 history metadata before image reads
8a547b8b3740bb5c79e1a401634199556ec8f6f6	b353470344f840c1b9838fafedf4df4c328ebfdb	2026-09-30T06:51:39Z	2026-09-30T06:52:37Z	true	Fence search against stale workspace views
411f9645fe9219cd15f6597d14fa01860772c947	8a547b8b3740bb5c79e1a401634199556ec8f6f6	2026-09-30T06:52:54Z	2026-09-30T06:53:29Z	true	fix(replication): bind selected V3 image key in commit path
1461a49604a7ab21e665894a8f5f5b1be0bc7b66	411f9645fe9219cd15f6597d14fa01860772c947	2026-09-30T03:56:23Z	2026-09-30T06:56:06Z	true	Unify Cargo registry source authority
b6a33b6844e5daaa0176c12533d1349f99487687	1461a49604a7ab21e665894a8f5f5b1be0bc7b66	2026-09-30T04:19:02Z	2026-09-30T06:56:06Z	true	Preserve ambiguous Cargo registry source facts
3fbbba7849352a4ac0c95691f650a28d7be8c11d	b6a33b6844e5daaa0176c12533d1349f99487687	2026-09-30T04:26:37Z	2026-09-30T06:56:06Z	true	Keep exact registry facts distinct in release views
f81142f6d693fc56dbefb67c6ba2fbf09e36c328	3fbbba7849352a4ac0c95691f650a28d7be8c11d	2026-09-30T04:49:22Z	2026-09-30T06:56:06Z	true	Harden Cargo registry source authority
fd7a23f3c7df8bd31b23bb3e17626fe4a7abafde	f81142f6d693fc56dbefb67c6ba2fbf09e36c328	2026-09-30T04:50:23Z	2026-09-30T06:56:06Z	true	Preserve registry uncertainty in symbol history
9d776890181d67e57e30f70840949918dab46e01	fd7a23f3c7df8bd31b23bb3e17626fe4a7abafde	2026-09-30T04:44:59Z	2026-09-30T06:56:06Z	true	Use measured native elements for anatomy and acquire controls
e6b8f728637e3ba3a6815e667d7efa6913f8c846	9d776890181d67e57e30f70840949918dab46e01	2026-09-30T04:53:24Z	2026-09-30T06:56:06Z	true	Migrate remaining history and folio canvas renderers
50e9d82b6860e88b07800ac7826ebcd36440912c	e6b8f728637e3ba3a6815e667d7efa6913f8c846	2026-09-30T05:01:33Z	2026-09-30T06:56:06Z	true	Fix typed page element integration
32a237aefa7c569a3be6873ae3545897e5139e07	50e9d82b6860e88b07800ac7826ebcd36440912c	2026-09-30T05:04:15Z	2026-09-30T06:56:06Z	true	Use native elements for symbol page marks
cc5f285297997d363e0ea55a2d2480bec8f6163b	32a237aefa7c569a3be6873ae3545897e5139e07	2026-09-30T05:04:43Z	2026-09-30T06:56:06Z	true	Bind visual coverage to owned scroll coordinates
b8177e94e983cc691de0d9320451343fee2b4521	cc5f285297997d363e0ea55a2d2480bec8f6163b	2026-09-30T05:12:36Z	2026-09-30T06:56:06Z	true	Preserve page plate geometry in native elements
55c7c2423c4532371d49ee6b204f2930ff422ff8	b8177e94e983cc691de0d9320451343fee2b4521	2026-09-30T05:14:04Z	2026-09-30T06:56:06Z	true	Make harness source and refusal evidence exact
b03988450ae297b92f7f8f5c605ed48e3af0b7a6	55c7c2423c4532371d49ee6b204f2930ff422ff8	2026-09-30T05:14:07Z	2026-09-30T06:56:06Z	true	Render release registry facts without guessing
2b5162f8cb06ab30d1a6ce0485bbd4eda80791be	b03988450ae297b92f7f8f5c605ed48e3af0b7a6	2026-09-30T05:26:53Z	2026-09-30T06:56:06Z	true	Wire desktop views to the selected local index
b02c643879dd87b7e87dd2b539c5e215aad4381b	2b5162f8cb06ab30d1a6ce0485bbd4eda80791be	2026-09-30T05:13:31Z	2026-09-30T06:56:06Z	true	Add native desktop app menus
4fda3d1aa133e9e5c7b6f84028e8fc19b4fe7f66	b02c643879dd87b7e87dd2b539c5e215aad4381b	2026-09-30T05:18:05Z	2026-09-30T06:56:06Z	true	Remove unsupported App reopen hook
8d08e661a89539a1b321344d6b0473a0531d21e9	4fda3d1aa133e9e5c7b6f84028e8fc19b4fe7f66	2026-09-30T05:26:03Z	2026-09-30T06:56:06Z	true	Complete native Edit menu actions
6fd42f35488196863084105d33b205497e2dea77	8d08e661a89539a1b321344d6b0473a0531d21e9	2026-09-30T05:50:04Z	2026-09-30T06:56:06Z	true	Preserve exact release index membership facts
a1287eb531214115f63d125d5ad3d90d60e2ff5a	6fd42f35488196863084105d33b205497e2dea77	2026-09-30T06:08:16Z	2026-09-30T06:56:06Z	true	Require visible ink evidence in native frame linting
7b24ed65adbb0557835e11f170602b586dbe34ed	a1287eb531214115f63d125d5ad3d90d60e2ff5a	2026-09-30T06:26:34Z	2026-09-30T06:56:06Z	true	Record text scale and source provenance in Folio captures
fd87c1919195882e8ab8ff46f404e64c74b34e45	7b24ed65adbb0557835e11f170602b586dbe34ed	2026-09-30T06:26:06Z	2026-09-30T06:56:06Z	true	Wire exact local release facts into desktop views
ee93ed2281e6923ed3799d7960d9cff4b109468e	fd87c1919195882e8ab8ff46f404e64c74b34e45	2026-09-30T05:42:55Z	2026-09-30T06:56:06Z	true	Make feature previews truthful and read only
4fa991e12986c7069723ca71971fa5cb83ada65f	ee93ed2281e6923ed3799d7960d9cff4b109468e	2026-09-30T05:46:12Z	2026-09-30T06:56:06Z	true	Label feature preview states explicitly
33806d5259ca537f3df1c17182caec28339ef89a	4fa991e12986c7069723ca71971fa5cb83ada65f	2026-09-30T05:52:15Z	2026-09-30T06:56:06Z	true	Make feature projection visibly read only
bf375a037dfcf8bd7195c1b6af3aed08fe2eb4b6	33806d5259ca537f3df1c17182caec28339ef89a	2026-09-30T05:55:20Z	2026-09-30T06:56:06Z	true	Scale feature status marks with text
c96610b9b484a22a0f13b63c2bbdd54076bf5eb7	bf375a037dfcf8bd7195c1b6af3aed08fe2eb4b6	2026-09-30T06:00:09Z	2026-09-30T06:56:06Z	true	Paint feature marks from measured bounds
a093c5818a906fcc4deb8d7bd0fd5176a82b0dec	c96610b9b484a22a0f13b63c2bbdd54076bf5eb7	2026-09-30T06:09:23Z	2026-09-30T06:56:06Z	true	Restore typed interactive row IDs
b60cc7b046d08662351f6d375ce566ea0012b9e9	a093c5818a906fcc4deb8d7bd0fd5176a82b0dec	2026-09-30T06:09:57Z	2026-09-30T06:56:06Z	true	Use native stateful scrolling for feature row
6dfaa99182ba8df4f437c795fb6a44130a041bd8	b60cc7b046d08662351f6d375ce566ea0012b9e9	2026-09-30T06:15:41Z	2026-09-30T06:56:06Z	true	Test Berg focus doors against measured layout
064fef1124dbc6c549a3a25cba850c6a86a1eaf0	6dfaa99182ba8df4f437c795fb6a44130a041bd8	2026-09-30T06:14:06Z	2026-09-30T06:56:06Z	true	feat(facet): distinguish C signature badges
5483ed953db6b63bfbbd61578588493f62d3a84e	064fef1124dbc6c549a3a25cba850c6a86a1eaf0	2026-09-30T06:15:19Z	2026-09-30T06:56:06Z	true	fix(facet): retain C identity on page badges
847bdef1d2045008382e294fa847a44f423559ef	5483ed953db6b63bfbbd61578588493f62d3a84e	2026-09-30T05:38:33Z	2026-09-30T06:56:06Z	true	Preserve typed release facts in ticker
a54701750bec3fce1425fbb1e788c0bf30f83555	847bdef1d2045008382e294fa847a44f423559ef	2026-09-30T06:02:10Z	2026-09-30T06:56:06Z	true	Keep ambiguous releases out of newest labeling
365cd0e2d1adc132c2ae4a601ae5a017f779cbba	a54701750bec3fce1425fbb1e788c0bf30f83555	2026-09-30T06:17:57Z	2026-09-30T06:56:06Z	true	fix(facet): space release history by real dates
22da1e84d04a835f4641dfb27145573346412fbb	365cd0e2d1adc132c2ae4a601ae5a017f779cbba	2026-09-30T05:46:31Z	2026-09-30T06:56:06Z	true	Keep C and C++ language identities distinct
75807ef96053ee5d61a5189b7cb83e282860d853	22da1e84d04a835f4641dfb27145573346412fbb	2026-09-30T05:48:06Z	2026-09-30T06:56:06Z	true	Keep scaled anatomy column inside narrow readers
1127be182a1de8be19bf8ff0e202c411d1ef979d	75807ef96053ee5d61a5189b7cb83e282860d853	2026-09-30T05:41:37Z	2026-09-30T06:56:06Z	true	Wrap page badges at narrow text-scaled widths
5966422545499c501ea57c4c8a881f106a72624b	1127be182a1de8be19bf8ff0e202c411d1ef979d	2026-09-30T05:55:32Z	2026-09-30T06:56:06Z	true	Type keyboard focus targets for hover grammar
fb19cfede0a71d172d469342f47e9dc18070068b	5966422545499c501ea57c4c8a881f106a72624b	2026-09-30T05:58:17Z	2026-09-30T06:56:06Z	true	Keep exact version identity in version marks
1108a616c9850485d032d4b523a9928aeb3d6e8c	fb19cfede0a71d172d469342f47e9dc18070068b	2026-09-30T06:34:01Z	2026-09-30T06:56:06Z	true	Report graph coverage gaps and improve MCP setup discovery
75f5b3f10c8799a53229431a6f8b9fae1277c5f2	1108a616c9850485d032d4b523a9928aeb3d6e8c	2026-09-30T06:39:00Z	2026-09-30T06:56:06Z	true	fix(desktop): preserve exact release authority inputs
f6c2f66a2d26e554ececb824c61ba7f322c52efc	75f5b3f10c8799a53229431a6f8b9fae1277c5f2	2026-09-30T06:42:51Z	2026-09-30T06:56:06Z	true	package MCP companions with desktop app
f8bd871b4c61391edf8b472548c2cb423276a737	f6c2f66a2d26e554ececb824c61ba7f322c52efc	2026-09-30T06:47:09Z	2026-09-30T06:56:06Z	true	Bind paint masks to their exact renderer observations
285569e71ce46948e601201a01cb15023347ffb1	f8bd871b4c61391edf8b472548c2cb423276a737	2026-09-30T06:47:14Z	2026-09-30T06:56:06Z	true	Use bounded measured Folio hit targets
496e0afc336b4f2c41d733c3db8a8495325d9d7a	285569e71ce46948e601201a01cb15023347ffb1	2026-09-30T06:46:34Z	2026-09-30T06:56:06Z	true	Reserve distinct focus doors in dense bergs
b7e1079e7875c15b250de8e192489c2586f788f5	496e0afc336b4f2c41d733c3db8a8495325d9d7a	2026-09-30T06:48:11Z	2026-09-30T06:56:06Z	true	Import focus door bound in Folio stress tests
debc949736334d523118cf40fe8c5417538e327d	b7e1079e7875c15b250de8e192489c2586f788f5	2026-09-30T06:51:04Z	2026-09-30T06:56:06Z	true	Use typed registry facts in Folio gallery scenes
ad80e9a1ed96cd31e93c46b775be2921c0862cf2	debc949736334d523118cf40fe8c5417538e327d	2026-09-30T06:53:44Z	2026-09-30T06:56:06Z	true	Capture Folio feature previews without stale clicks
674262b99eb6e3bd601ffa18bb5f117005649d44	ad80e9a1ed96cd31e93c46b775be2921c0862cf2	2026-09-30T06:54:15Z	2026-09-30T06:56:43Z	true	test(replication): reconcile V3 branch after cold reopen
ad2dd0f83f24ab18bb487da2b642e9cad6732301	674262b99eb6e3bd601ffa18bb5f117005649d44	2026-09-30T06:55:59Z	2026-09-30T06:57:13Z	true	fix(replication): bind V3 locator claims to commit
a5662ef23f1d2d53d828b7c7b6b8f72e9496b8bf	ad2dd0f83f24ab18bb487da2b642e9cad6732301	2026-09-30T06:56:52Z	2026-09-30T06:57:13Z	true	Retain pinned Tantivy roots outside LRU slots
c5617556559a7124b7fad76f2d2394168115f85d	a5662ef23f1d2d53d828b7c7b6b8f72e9496b8bf	2026-09-30T06:59:41Z	2026-09-30T06:59:41Z	true	Compare advisory snapshot identities without escaping borrows
2d9ab3098b9b43d49fd33039ba74646073ca01e8	c5617556559a7124b7fad76f2d2394168115f85d	2026-09-30T07:02:37Z	2026-09-30T07:02:37Z	true	Keep native registry codec version import singular
0feaedba655be6c6f680ea63e6d0ea3a121c7268	2d9ab3098b9b43d49fd33039ba74646073ca01e8	2026-09-30T06:02:12Z	2026-09-30T07:04:21Z	true	Replace control canvases with native GPUI elements
c927719d6ea6c9c5860efe9151208690410b4fa0	0feaedba655be6c6f680ea63e6d0ea3a121c7268	2026-09-30T06:18:31Z	2026-09-30T07:04:21Z	true	Expose native accessibility roles for controls
5eb060ea74c5ec375fcad318fa5c7d4511f62243	c927719d6ea6c9c5860efe9151208690410b4fa0	2026-09-30T06:48:39Z	2026-09-30T07:04:21Z	true	lock macOS companion bundle build
ea20f400e7f4c44217c00ea62808cd595f1f7e18	5eb060ea74c5ec375fcad318fa5c7d4511f62243	2026-09-30T07:05:41Z	2026-09-30T07:05:41Z	true	test(mcp): bind cursor context arguments
b85ad3d05a832056d60bc69b402aee546843eb9a	ea20f400e7f4c44217c00ea62808cd595f1f7e18	2026-09-30T07:12:20Z	2026-09-30T07:12:20Z	true	fix(mcp): encode wrapped owner cursors
e41ccaab06559c5f0fd87a4ba54ee2088fa988c5	b85ad3d05a832056d60bc69b402aee546843eb9a	2026-09-30T07:07:05Z	2026-09-30T07:20:09Z	true	test(replication): assert V3 delete crash boundary inventory
1137594b554372a0a5252bfddaf5913fba83c10a	e41ccaab06559c5f0fd87a4ba54ee2088fa988c5	2026-09-30T07:11:53Z	2026-09-30T07:20:09Z	true	Add projection state recency timestamp
221c5a2eeec8230b24e45195e5fdf76d06a0e69f	1137594b554372a0a5252bfddaf5913fba83c10a	2026-09-30T07:00:42Z	2026-09-30T07:20:09Z	true	Preserve package source paths in TypeScript authority
2f5e374ffbce806882dc8cd2877b1fba27e54524	221c5a2eeec8230b24e45195e5fdf76d06a0e69f	2026-09-30T07:00:46Z	2026-09-30T07:20:09Z	true	Configure explicit Cargo toolchain authority
eeb51ab23c18583a479e451d280dc7f6593cd7a2	2f5e374ffbce806882dc8cd2877b1fba27e54524	2026-09-30T07:14:54Z	2026-09-30T07:20:09Z	true	fix(local-service): fence selection writers and reconcile native history
4af95a295305198e6b9f0811eec1177e4d10a690	eeb51ab23c18583a479e451d280dc7f6593cd7a2	2026-09-30T07:18:35Z	2026-09-30T07:20:09Z	true	fix(local-service): cold verify existing selected V3 history
ed29c2463a532b731ef189e84d34cda76ab69ffa	4af95a295305198e6b9f0811eec1177e4d10a690	2026-09-30T07:15:22Z	2026-09-30T07:20:09Z	true	Use owned query view capabilities
6025afe68182e1e07d0882a18218ff540ce10c5c	ed29c2463a532b731ef189e84d34cda76ab69ffa	2026-09-30T07:22:16Z	2026-09-30T07:22:16Z	true	test(present): reflect multiple recorded dependency versions
fcf0dd0daa6371cd178fc47c0fcbe7dd31e0d7c4	6025afe68182e1e07d0882a18218ff540ce10c5c	2026-09-30T07:23:21Z	2026-09-30T07:23:21Z	true	Expose typed native history status through engine facade
5a43b337b9b4c059482379e0d558035423028f2a	fcf0dd0daa6371cd178fc47c0fcbe7dd31e0d7c4	2026-09-30T07:24:26Z	2026-09-30T07:25:25Z	true	Fix typed selected image identity projections
13e0b906862e2a9c615aececfabb908f9028250a	5a43b337b9b4c059482379e0d558035423028f2a	2026-09-30T07:13:36Z	2026-09-30T07:25:25Z	true	Fix embedding cache filename comparison
bce0dc9911b8eeab0b35e3450a2d9acd0db9c535	13e0b906862e2a9c615aececfabb908f9028250a	2026-09-30T07:14:05Z	2026-09-30T07:25:25Z	true	Fix selected-view capability typing
af98b59f87bd778ea0043068e111a091d4886821	bce0dc9911b8eeab0b35e3450a2d9acd0db9c535	2026-09-30T07:26:54Z	2026-09-30T07:26:54Z	true	Align borrowed publication fence visibility with sources
24388dfc006d21a0f13971738b9c48233a63692b	af98b59f87bd778ea0043068e111a091d4886821	2026-09-30T07:38:04Z	2026-09-30T07:38:04Z	true	Retain pinned discovery roots and preserve field grammar
6f03c5915bc179ab2a8372e7f4733031701e20db	24388dfc006d21a0f13971738b9c48233a63692b	2026-09-30T07:28:51Z	2026-09-30T07:39:32Z	true	refactor(local-service): drain native history on owner thread
7a4a276b2f64fbb68cfbf0f9f085887f902d83d0	6f03c5915bc179ab2a8372e7f4733031701e20db	2026-09-30T07:31:05Z	2026-09-30T07:39:32Z	true	Drain derived history on owner polling
83c5aed4db50aadb4606f44323489a95d4b1e099	7a4a276b2f64fbb68cfbf0f9f085887f902d83d0	2026-09-30T07:35:09Z	2026-09-30T07:39:32Z	true	fix: bound projection manifest filenames
fbc3ea5c3c556a51917817562c5b4c09f516eaff	83c5aed4db50aadb4606f44323489a95d4b1e099	2026-09-30T07:06:19Z	2026-09-30T07:39:32Z	true	Make package hero responsive at narrow widths
45292b3616dec65016d5308067e8933a7702c9bb	fbc3ea5c3c556a51917817562c5b4c09f516eaff	2026-09-30T07:29:59Z	2026-09-30T07:39:32Z	true	Bound desktop reads and project the live indexed graph
a2188a801806660f596a5e810ff530178c56ff17	45292b3616dec65016d5308067e8933a7702c9bb	2026-09-30T07:33:47Z	2026-09-30T07:39:32Z	true	Fix package accessibility API and release waiting states
4ad82906ee5970735922ac0c580f79204c775e1c	a2188a801806660f596a5e810ff530178c56ff17	2026-09-30T07:48:25Z	2026-09-30T07:48:25Z	true	present semantic history publication status
745ad8a6601a8bf2a75ecf197d3f5b0950b5fc2f	4ad82906ee5970735922ac0c580f79204c775e1c	2026-09-30T07:40:42Z	2026-09-30T08:11:13Z	true	Charge all retained Tantivy root bytes
54889d513cfc5634f2cbb3b95b88b9c52b413b05	745ad8a6601a8bf2a75ecf197d3f5b0950b5fc2f	2026-09-30T07:40:37Z	2026-09-30T08:17:01Z	true	fix(local-service): bound staged profile indexing
4ef360c73d6026855ad614a70979bcacf7ce5eec	54889d513cfc5634f2cbb3b95b88b9c52b413b05	2026-09-30T07:43:54Z	2026-09-30T08:17:01Z	true	feat(replication): stream selected images into verified mappings
36215055cc6e52bb2c8d5921181a8999d5235817	4ef360c73d6026855ad614a70979bcacf7ce5eec	2026-09-30T07:47:12Z	2026-09-30T08:17:01Z	true	perf(semantic): hash mapped image during range load
e5bf8dcf9dab263274aecb63bcf98bea7bdb2777	36215055cc6e52bb2c8d5921181a8999d5235817	2026-09-30T08:00:18Z	2026-09-30T08:17:01Z	true	fix(local-service): stream and classify native history publication
9d8393d28b28cc347fa82c6961c237e71f0ecb19	e5bf8dcf9dab263274aecb63bcf98bea7bdb2777	2026-09-30T08:06:17Z	2026-09-30T08:17:02Z	true	test(local-service): cover remote selected image range reads
5913292d9b4ba01e791b72889fffa38afe92fb15	9d8393d28b28cc347fa82c6961c237e71f0ecb19	2026-09-30T08:16:40Z	2026-09-30T08:17:02Z	true	test(local-service): clean up remote image fixture
4b41b2d07fded8e085cc8887baa9826170bbc088	5913292d9b4ba01e791b72889fffa38afe92fb15	2026-09-30T08:18:48Z	2026-09-30T08:18:48Z	true	fix(semantic): expose mapped range reader through image facade
7665cd98c09a7af824014af673ec78dc5a7753ff	4b41b2d07fded8e085cc8887baa9826170bbc088	2026-09-30T08:19:14Z	2026-09-30T08:20:05Z	true	fix(mcp): attach without implicit project reindex
7dddc810ce3f7470b455d319404bb0227973f99e	7665cd98c09a7af824014af673ec78dc5a7753ff	2026-09-30T07:40:04Z	2026-09-30T08:20:53Z	true	Honor configured Cargo home for MCP discovery
d9de5be0d799e2426f5e1cac4c084bd6d7a1d079	7dddc810ce3f7470b455d319404bb0227973f99e	2026-09-30T07:40:36Z	2026-09-30T08:20:53Z	true	Bound and cancel off-thread source fact reads
f10a3cd952d829da577675e3093f85a5301e7575	d9de5be0d799e2426f5e1cac4c084bd6d7a1d079	2026-09-30T08:11:44Z	2026-09-30T08:20:53Z	true	fix(desktop): expose source read cancellation within crate
71f90c11bccde2768af535d2672d92a22dc516ed	f10a3cd952d829da577675e3093f85a5301e7575	2026-09-30T07:51:46Z	2026-09-30T08:20:53Z	true	Retain Folio carries and share scroll probes
081c4a0c057edb5cb5783dbe4281d20cb11a15e8	71f90c11bccde2768af535d2672d92a22dc516ed	2026-09-30T07:47:30Z	2026-09-30T08:20:53Z	true	fix(facet): keep a dependency visible on narrow rows
be2e22e030a591d40b3b9776f0cba3f324bee3ee	081c4a0c057edb5cb5783dbe4281d20cb11a15e8	2026-09-30T08:16:43Z	2026-09-30T08:20:53Z	true	Expect long source notes to wrap at double scale
c8e129fa31d8e9e36ec8540868ef6f5c6d3c2aca	be2e22e030a591d40b3b9776f0cba3f324bee3ee	2026-09-30T08:23:19Z	2026-09-30T08:23:19Z	true	test(semantic): encode partial claims through canonical manifest API
e2c97b99b7a0b305cb9e07957a711670c3607df0	f9c158af0dfc229c4567bf5cd725c5c0828043fa	2026-09-30T04:05:50Z	2026-09-30T04:06:33Z	false	Allow receipt storage beneath scoped directory access
26965a0fdb7da79582e39d6bd8e1ac999ec8711f	e2c97b99b7a0b305cb9e07957a711670c3607df0	2026-09-30T04:29:46Z	2026-09-30T04:29:46Z	false	Preserve Rust package authority diagnostics
302befd3f746370dd449581a6df73790783b760b	26965a0fdb7da79582e39d6bd8e1ac999ec8711f	2026-09-30T04:14:11Z	2026-09-30T04:32:47Z	false	Exercise valid receipt identities and expired lease fencing
3e9e2174eca3d6778240806217051024b2ac2976	302befd3f746370dd449581a6df73790783b760b	2026-09-30T06:09:35Z	2026-09-30T06:09:35Z	false	Require resolved Cargo metadata for Rust authority
ef4791dad6e79d1342285f4857a144ae8961a272	3e9e2174eca3d6778240806217051024b2ac2976	2026-09-30T06:29:42Z	2026-09-30T06:29:42Z	false	Add owner-issued index job tickets
0fb1991b1f58e3553fd0d5fbce9c685e2adb6454	ef4791dad6e79d1342285f4857a144ae8961a272	2026-09-30T06:32:25Z	2026-09-30T06:32:25Z	false	Test typed refusal for incomplete Rust metadata
e8881a36be9070f11d5cb20d3870a5bf69668c9e	0fb1991b1f58e3553fd0d5fbce9c685e2adb6454	2026-09-30T06:33:19Z	2026-09-30T06:33:19Z	false	Test authored JavaScript lexical authority
ba9f290d901545ea1386f3d910e7cfa2151851bc	562cb8ea3fe36b6d2ab7dd68da7999f1aa548cd9	2026-09-30T05:57:19Z	2026-09-30T05:57:28Z	false	fix(local-service): commit semantic selection with source root
4368526db9e54d48a81a6e2bb0c30f428cabf0b1	ba9f290d901545ea1386f3d910e7cfa2151851bc	2026-09-30T06:00:40Z	2026-09-30T06:00:40Z	false	feat(local-service): bind typed history to selected product
d5f468b894cd6aac0b8c757d7249538f9cf98f02	4368526db9e54d48a81a6e2bb0c30f428cabf0b1	2026-09-30T05:59:05Z	2026-09-30T06:18:00Z	false	feat(replication): bind V3 history to selected native image
79a24f515d06e9491f6672f6d989579201af46b0	d5f468b894cd6aac0b8c757d7249538f9cf98f02	2026-09-30T06:01:57Z	2026-09-30T06:18:02Z	false	fix(replication): hold V3 commit through branch CAS
b027b27df7460b28d4dbd3961969b1586e6dc9ef	79a24f515d06e9491f6672f6d989579201af46b0	2026-09-30T06:14:50Z	2026-09-30T06:18:05Z	false	fix(replication): fence V3 history to owner selection
aebad85c8d9e54c6868543350b98eab7b814c05f	b027b27df7460b28d4dbd3961969b1586e6dc9ef	2026-09-30T06:22:21Z	2026-09-30T06:22:21Z	false	fix(local-service): fence selected history to product commits
1f02a5d17d9395b8124b9189ad5acb7370d47999	aebad85c8d9e54c6868543350b98eab7b814c05f	2026-09-30T06:25:31Z	2026-09-30T06:25:31Z	false	feat(local-service): move index scan off owner loop
ff6e036f30d74418b0afe466736c8cc17dec9373	e8881a36be9070f11d5cb20d3870a5bf69668c9e 1f02a5d17d9395b8124b9189ad5acb7370d47999	2026-09-30T06:36:00Z	2026-09-30T06:36:00Z	false	Merge atomic product selection and index scan pipeline
28bc410c18ebe76d77f25e3dce101c513c69c860	ff6e036f30d74418b0afe466736c8cc17dec9373	2026-09-30T07:00:42Z	2026-09-30T07:00:42Z	false	Preserve package source paths in TypeScript authority
9c195314f3929619583127ac2a61690057db073b	28bc410c18ebe76d77f25e3dce101c513c69c860	2026-09-30T07:00:46Z	2026-09-30T07:00:46Z	false	Configure explicit Cargo toolchain authority
1323e458aa7b5f92adfe470761187e900ca4311e	9c195314f3929619583127ac2a61690057db073b	2026-09-30T07:01:23Z	2026-09-30T07:01:23Z	false	Run owner index scans outside the request loop
c0fbd39261e9a3ef5ad79f9677923cfd96016ea0	1323e458aa7b5f92adfe470761187e900ca4311e c5617556559a7124b7fad76f2d2394168115f85d	2026-09-30T07:03:27Z	2026-09-30T07:03:27Z	false	Merge current integration readiness fixes
a91e3cd05414b2a008478beb57cd773e34318b87	c0fbd39261e9a3ef5ad79f9677923cfd96016ea0	2026-09-30T07:02:37Z	2026-09-30T07:04:46Z	false	Keep native registry codec version import singular
3e2a60a2debac813be116f64a920a4d2ed5e4891	a91e3cd05414b2a008478beb57cd773e34318b87	2026-09-30T07:11:53Z	2026-09-30T07:11:53Z	false	Add projection state recency timestamp
6dd44142f95ebb7d4028aa73fa660ffce54ab7aa	3e2a60a2debac813be116f64a920a4d2ed5e4891	2026-09-30T07:14:05Z	2026-09-30T07:14:05Z	false	Fix selected-view capability typing
bd468bbc7901f9f917c3f021c44cb5ab0016b6b2	6dd44142f95ebb7d4028aa73fa660ffce54ab7aa	2026-09-30T07:13:36Z	2026-09-30T07:14:47Z	false	Fix embedding cache filename comparison
14d57600143793fb4f2c1d728e1375c445683643	bd468bbc7901f9f917c3f021c44cb5ab0016b6b2	2026-09-30T07:15:22Z	2026-09-30T07:15:22Z	false	Use owned query view capabilities
653cd0fa4b61716e53836564dcaa2b1cf444a51c	14d57600143793fb4f2c1d728e1375c445683643 ed29c2463a532b731ef189e84d34cda76ab69ffa	2026-09-30T07:20:54Z	2026-09-30T07:20:54Z	false	Merge composed readiness checkpoint with owner jobs
0be65e1bec1a0dd7fb4d5f36ca16bce5fb55388b	653cd0fa4b61716e53836564dcaa2b1cf444a51c	2026-09-30T07:23:21Z	2026-09-30T07:23:48Z	false	Expose typed native history status through engine facade
6ed1adfc6517b60db9809e57e11e591270ea176e	0be65e1bec1a0dd7fb4d5f36ca16bce5fb55388b	2026-09-30T07:24:26Z	2026-09-30T07:24:26Z	false	Fix typed selected image identity projections
1ac144de0628fdb2df0d7b2ac9535e1d29f86b75	6ed1adfc6517b60db9809e57e11e591270ea176e	2026-09-30T07:26:54Z	2026-09-30T07:27:14Z	false	Align borrowed publication fence visibility with sources
060ebd27813c02b9ac719b639255fd0969f68bc7	1ac144de0628fdb2df0d7b2ac9535e1d29f86b75	2026-09-30T07:28:51Z	2026-09-30T07:30:18Z	false	refactor(local-service): drain native history on owner thread
f0d13b720dc5d5f3c41850804f26b0b2f570c389	060ebd27813c02b9ac719b639255fd0969f68bc7	2026-09-30T07:31:05Z	2026-09-30T07:31:05Z	false	Drain derived history on owner polling
1eb02ddca0f5535893443da93ea09b71b15df92d	f0d13b720dc5d5f3c41850804f26b0b2f570c389	2026-09-30T07:40:37Z	2026-09-30T07:42:32Z	false	fix(local-service): bound staged profile indexing
ac1e9503e9466880cc9d1982ab24c9b2bdb71eab	1eb02ddca0f5535893443da93ea09b71b15df92d	2026-09-30T08:24:53Z	2026-09-30T08:24:53Z	false	fix(compiler): distinguish admission and staged output limits
4115dce2f32c036e3e1c8146ad0f2d5a466137c8	ac1e9503e9466880cc9d1982ab24c9b2bdb71eab	2026-09-30T08:25:03Z	2026-09-30T08:25:03Z	false	feat(index): expose owner job progress and cancellable acquisition
4a1753e7725bbf282d0d264dd3c09747405edaf3	c8e129fa31d8e9e36ec8540868ef6f5c6d3c2aca 4115dce2f32c036e3e1c8146ad0f2d5a466137c8	2026-09-30T08:28:41Z	2026-09-30T08:28:41Z	true	merge: integrate bounded owner index jobs with streamed history
d9c05ab5e70b3ff4cf369c267174ad8e5f2e349d	4a1753e7725bbf282d0d264dd3c09747405edaf3	2026-09-30T08:21:22Z	2026-09-30T08:30:11Z	true	fix(desktop): key source facts by registry generation and hints
1dcc5cc61fe28b7e5b981c5231740819b0c1a85e	d9c05ab5e70b3ff4cf369c267174ad8e5f2e349d	2026-09-30T08:25:16Z	2026-09-30T08:30:11Z	true	perf(desktop): avoid allocations on source fact cache hits
14346f63aa23b5e02a2a3fb14021011e5a537664	1dcc5cc61fe28b7e5b981c5231740819b0c1a85e	2026-09-30T06:44:50Z	2026-09-30T08:31:43Z	true	feat(facet): parse recorded C callable declarations
32d34a81c42035fe182add4145776aaf79e2e099	14346f63aa23b5e02a2a3fb14021011e5a537664	2026-09-30T06:51:54Z	2026-09-30T08:31:43Z	true	fix(facet): preserve C nonreturning qualifiers
f147aa1f457676cbe74c19f9a12c272bd5d29761	32d34a81c42035fe182add4145776aaf79e2e099	2026-09-30T07:04:30Z	2026-09-30T08:31:43Z	true	fix(facet): parse bodyless C signature headers
e3166c85c979aee58f9aed19125836d6319d9bcd	f147aa1f457676cbe74c19f9a12c272bd5d29761	2026-09-30T06:50:18Z	2026-09-30T08:31:43Z	true	fix(facet): restore pointer target after keyboard focus
47f892b8d792eaab59079828e3f26caae2114b64	e3166c85c979aee58f9aed19125836d6319d9bcd	2026-09-30T07:17:36Z	2026-09-30T08:32:03Z	true	fix(compile): retain multiline Clang signatures
eef82cb07cc6674b1ae6f1ad872b81b5777ed649	47f892b8d792eaab59079828e3f26caae2114b64	2026-09-30T07:28:00Z	2026-09-30T08:32:03Z	true	feat(folio): expose full release ticker navigation
8398ec829cd37a6e06b2d0d3533b506d3cb52324	eef82cb07cc6674b1ae6f1ad872b81b5777ed649	2026-09-30T07:34:20Z	2026-09-30T08:32:03Z	true	chore(desktop): add system motion preference APIs
50ca55f456debd55798eddc36fc6c5fa3138d963	8398ec829cd37a6e06b2d0d3533b506d3cb52324	2026-09-30T07:35:44Z	2026-09-30T08:32:03Z	true	build: record desktop platform watcher deps
3b7bda9c2098ab01ee4741071f64ee216012d7fb	50ca55f456debd55798eddc36fc6c5fa3138d963	2026-09-30T07:46:35Z	2026-09-30T08:32:03Z	true	feat(desktop): follow native reduced-motion preference
b1fea548a5e7fdbb01c3b972d3bb965f93c122de	3b7bda9c2098ab01ee4741071f64ee216012d7fb	2026-09-30T08:26:50Z	2026-09-30T08:32:03Z	true	feat(facet): share exact hover identity with page doors
26197142085d534b0679d97489bf085f5777ac46	b1fea548a5e7fdbb01c3b972d3bb965f93c122de	2026-09-30T08:30:27Z	2026-09-30T08:32:32Z	true	fix(folio): bound ticker targets across empty and resized states
b145ce3f33a70f542497f2e44f4f1a2752f9fa1b	26197142085d534b0679d97489bf085f5777ac46	2026-09-30T08:30:44Z	2026-09-30T08:32:32Z	true	docs(desktop): define reduced-motion watch lifetime
90a84577141b849792a2119c1032c95a6112e665	b145ce3f33a70f542497f2e44f4f1a2752f9fa1b	2026-09-30T08:29:28Z	2026-09-30T08:32:32Z	true	feat(replication): classify typed v3 history publication failures
106370cccd6b80e84cb7dfd4841ee4dfb379a90d	90a84577141b849792a2119c1032c95a6112e665	2026-09-30T08:31:16Z	2026-09-30T08:32:32Z	true	fix(local-service): preserve typed V3 publication retry status
06fbd571f020f2ad5277368648ef04eb281c70a8	106370cccd6b80e84cb7dfd4841ee4dfb379a90d	2026-09-30T08:25:21Z	2026-09-30T08:32:32Z	true	test(local-service): make selector lock oracle deterministic
670fd669a8a1da706f1a93819a5c4e4c882a79e5	06fbd571f020f2ad5277368648ef04eb281c70a8	2026-09-30T06:58:42Z	2026-09-30T08:37:32Z	true	Record direct C parser dependency edges
bca890c2029cf8d29f80392023d561f655fab6ba	670fd669a8a1da706f1a93819a5c4e4c882a79e5	2026-09-30T08:35:55Z	2026-09-30T08:38:22Z	true	fix(replication): preserve retryable typed v3 history writes
833542090010ae1df3f380ee6b03edd50a7baae1	bca890c2029cf8d29f80392023d561f655fab6ba	2026-09-30T08:36:54Z	2026-09-30T08:38:22Z	true	test(replication): cover typed v3 history failure dispositions
692fae3daba7e8c9eecdf3334664421c924a7210	833542090010ae1df3f380ee6b03edd50a7baae1	2026-09-30T08:35:18Z	2026-09-30T08:38:22Z	true	fix(rust): retain bounded HIR roots on detached source
01a642bcfe1b7bff184acc37eb3be3f129cd7149	692fae3daba7e8c9eecdf3334664421c924a7210	2026-09-30T08:38:53Z	2026-09-30T08:52:59Z	true	fix(replication): preserve stale selected fence outcomes
7025bf6a7c34800bb25546fc99b41845fc89d572	01a642bcfe1b7bff184acc37eb3be3f129cd7149	2026-09-30T08:44:22Z	2026-09-30T08:52:59Z	true	fix(replication): resolve typed history compiler errors
16f3161692eaa0cdecd9097a8ca9eef9444d43dc	7025bf6a7c34800bb25546fc99b41845fc89d572	2026-09-30T08:39:29Z	2026-09-30T08:52:59Z	true	fix(index): bind cancellation receipts to exact ticket
7e5b11bfa08b4d6ec20d6790bca0cb97fc173531	16f3161692eaa0cdecd9097a8ca9eef9444d43dc	2026-09-30T08:51:51Z	2026-09-30T08:53:17Z	true	feat(mcp): expose owner index job controls
dfa44edcd920b7c5d59b642874300001f7ebf805	7e5b11bfa08b4d6ec20d6790bca0cb97fc173531	2026-09-30T08:56:16Z	2026-09-30T08:56:16Z	true	fix(local-service): compose worker-local history range source
a8421dbec145abadbfbff14e6e01975caa71a9c9	dfa44edcd920b7c5d59b642874300001f7ebf805	2026-09-30T09:00:26Z	2026-09-30T09:00:26Z	true	fix(present): classify owner job commands explicitly
8902efd88807ce987a56ea781d2d453484e743bc	a8421dbec145abadbfbff14e6e01975caa71a9c9	2026-09-30T09:02:20Z	2026-09-30T09:02:20Z	true	test(present): compose boxed semantic history answer
a16738ef150d2c289610ef4224c475c410af4720	8902efd88807ce987a56ea781d2d453484e743bc	2026-09-30T08:43:28Z	2026-09-30T09:07:35Z	true	fix(facet): share pointer and keyboard hover precedence
d93e9e654a9ddd1d6e78e3c92ad19a7adf018dfd	a16738ef150d2c289610ef4224c475c410af4720	2026-09-30T08:50:42Z	2026-09-30T09:07:35Z	true	fix(folio): compare ticker focus by release identity
6b98bdde1a516c4266a7a7eb99efd7b7552842ee	d93e9e654a9ddd1d6e78e3c92ad19a7adf018dfd	2026-09-30T08:59:12Z	2026-09-30T09:07:35Z	true	Harden Folio layout at narrow and enlarged sizes
48263c23009b3189c4dd18d443fae7e3fe309dfd	6b98bdde1a516c4266a7a7eb99efd7b7552842ee	2026-09-30T09:01:07Z	2026-09-30T09:07:35Z	true	Preserve Shingles label ink when wrapping native text
3a8f3375d8a063d3675e8ffe4ce8b26fc7364b76	48263c23009b3189c4dd18d443fae7e3fe309dfd	2026-09-30T09:02:55Z	2026-09-30T09:07:35Z	true	Constrain the narrow Folio feature header
cb52c9e70ab1de5ec87b03f20423d38a2a35b425	3a8f3375d8a063d3675e8ffe4ce8b26fc7364b76	2026-09-30T09:09:59Z	2026-09-30T09:17:39Z	true	Expose owner index jobs in shared command grammar
f1511d7507a4e44d20e2a5906764af3d48418fbd	cb52c9e70ab1de5ec87b03f20423d38a2a35b425	2026-09-30T09:10:59Z	2026-09-30T09:17:39Z	true	fix(facet): release hover state when windows close
b7c385afb8087d118218479f6a2e251dbf220048	f1511d7507a4e44d20e2a5906764af3d48418fbd	2026-09-30T09:14:54Z	2026-09-30T09:18:02Z	true	fix(facet): repair folio layout compile errors
75a2daa92f630ad4835c42abd7ccbd270a834548	b7c385afb8087d118218479f6a2e251dbf220048	2026-09-30T09:16:54Z	2026-09-30T09:18:34Z	true	test(facet): align focus regressions with typed identities
fb7c5e0d879b96f8c78be0b401c3cbcc38f46356	75a2daa92f630ad4835c42abd7ccbd270a834548	2026-09-30T09:19:11Z	2026-09-30T09:22:25Z	true	Return MCP outage responses before owner connect
9d301b10c5964760bf32b8b2883b9cce914da2fd	fb7c5e0d879b96f8c78be0b401c3cbcc38f46356	2026-09-30T09:20:15Z	2026-09-30T09:22:25Z	true	Keep blocking owner waits off MCP sessions
4fcd211ba5e15b6fd6e3e9ad439dae34a89016a9	9d301b10c5964760bf32b8b2883b9cce914da2fd	2026-09-30T09:21:08Z	2026-09-30T09:22:25Z	true	Document exact CLI ticket quoting
5b8f1aa496c9268661a63aeb5dbaef8e3573b836	4fcd211ba5e15b6fd6e3e9ad439dae34a89016a9	2026-09-30T09:28:57Z	2026-09-30T09:28:57Z	true	test(present): encode exact ticket epoch as JSON array
84694b2f6b95a2eb56c583afd355a74904053322	5b8f1aa496c9268661a63aeb5dbaef8e3573b836	2026-09-30T09:43:37Z	2026-09-30T09:43:37Z	true	test(mcp): keep Nix workspace sockets within Unix path limit
b86a10f6afff12b7dd3261b7690b1899f94d56fd	84694b2f6b95a2eb56c583afd355a74904053322	2026-09-30T08:42:20Z	2026-09-30T09:50:48Z	true	fix(local-service): classify confirmed marker movement as stale
7c1f909a9a7320db94fbac9fa659343391c8b2d8	b86a10f6afff12b7dd3261b7690b1899f94d56fd	2026-09-30T08:54:11Z	2026-09-30T09:54:13Z	true	feat(surface): expose selected native history proof
2e37f8be0355e35b29001988ac2f1803a6bf3f66	7c1f909a9a7320db94fbac9fa659343391c8b2d8	2026-09-30T09:26:45Z	2026-09-30T09:54:13Z	true	test(local-service): prove native history CAS marker fence
b1fdff022427d557c22edd127b280cc4c8657399	2e37f8be0355e35b29001988ac2f1803a6bf3f66	2026-09-30T10:00:41Z	2026-09-30T10:00:41Z	true	fix(local-service): compose native history proof and real compiler oracle
ab477b22b477929df1b0c06db31c7c6d5151d4e5	b1fdff022427d557c22edd127b280cc4c8657399	2026-09-30T10:05:21Z	2026-09-30T10:05:21Z	true	test(local-service): retain selection key after marker writer move
666e4aecc23b880df61df020b233f78fcde0e867	ab477b22b477929df1b0c06db31c7c6d5151d4e5	2026-09-30T10:09:44Z	2026-09-30T10:11:40Z	true	Diagnose embedding config I/O phase and path
d2df25192602a8fa9de9a3a1c566171669497020	666e4aecc23b880df61df020b233f78fcde0e867	2026-09-30T10:10:25Z	2026-09-30T10:11:40Z	true	fix(local-service): preserve native history selection read failures
46b68cca7020a5ad8cf0cae557b9b3235e5b3ad5	d2df25192602a8fa9de9a3a1c566171669497020	2026-09-30T10:10:36Z	2026-09-30T10:11:40Z	true	fix(library): count history status budget without allocation
1fdd8a69a5c28610185e9e7061c3cfb2f83e1e78	f9c158af0dfc229c4567bf5cd725c5c0828043fa	2026-09-30T04:40:27Z	2026-09-30T04:40:27Z	false	Separate registry policy identity from learned facts
d868b64b60da0e27343e8571cbd134003805b752	1fdd8a69a5c28610185e9e7061c3cfb2f83e1e78	2026-09-30T04:44:28Z	2026-09-30T04:44:28Z	false	Preserve registry fact and advisory receipt regressions
045008271e0ac9d8b753a4a7b1b312253743c7fb	d868b64b60da0e27343e8571cbd134003805b752	2026-09-30T05:00:24Z	2026-09-30T05:00:24Z	false	Use typed advisory observations in registry fact test
08c8c6afb9e85c4b85856bc1113d51765c20d233	045008271e0ac9d8b753a4a7b1b312253743c7fb	2026-09-30T05:10:08Z	2026-09-30T05:10:08Z	false	Enrich registry facts and scope advisory feeds
e2adeae252b5037910659e7259aad20ae2c79213	08c8c6afb9e85c4b85856bc1113d51765c20d233	2026-09-30T05:13:13Z	2026-09-30T05:13:13Z	false	Lock OSV archive parser dependency
b38c2e6b788ddcc9dc66e0cf0c5595beb95af16a	e2adeae252b5037910659e7259aad20ae2c79213	2026-09-30T05:41:30Z	2026-09-30T05:41:30Z	false	Harden scoped advisory expiry and Cargo timestamps
ff6659346a3dd9ab1c15db810ffc4db51220f5fe	b38c2e6b788ddcc9dc66e0cf0c5595beb95af16a	2026-09-30T05:53:47Z	2026-09-30T05:53:47Z	false	Avoid quadratic advisory snapshot admission
d954caf5cc73811212667c835e15da40d233a1ce	ff6659346a3dd9ab1c15db810ffc4db51220f5fe	2026-09-30T06:34:57Z	2026-09-30T06:34:57Z	false	Stream bounded OSV advisory snapshots
8111a1a18b71686eba58b7242f50eb2af25117a1	d954caf5cc73811212667c835e15da40d233a1ce	2026-09-30T06:51:57Z	2026-09-30T06:51:57Z	false	Retain selected OSV snapshot generations safely
8ce88e3b1145b53ca51b48d0afa9f815e024e195	8111a1a18b71686eba58b7242f50eb2af25117a1	2026-09-30T07:04:21Z	2026-09-30T07:04:21Z	false	Bound and retain advisory snapshot reads
1df6b9d080d10e980cad1f917b2ee1c7898f1584	8ce88e3b1145b53ca51b48d0afa9f815e024e195	2026-09-30T07:13:16Z	2026-09-30T07:13:16Z	false	Avoid quadratic OSV advisory cloning
a815cee282e4b31d81da4aaa740f783f51e19f5a	1df6b9d080d10e980cad1f917b2ee1c7898f1584	2026-09-30T07:57:09Z	2026-09-30T07:57:09Z	false	Use held directory capabilities for advisory snapshots
e49e878ecd4eab6ed68e493313daff426fdd4d98	a815cee282e4b31d81da4aaa740f783f51e19f5a	2026-09-30T07:57:14Z	2026-09-30T07:57:14Z	false	Bound and source-qualify RustSec authority snapshots
76d55e4ad10bdc3a10c6146824978a01d9189aa2	e49e878ecd4eab6ed68e493313daff426fdd4d98	2026-09-30T07:58:36Z	2026-09-30T07:58:36Z	false	Restore advisory snapshot nonce imports
01ea53b075f8685db6075406a2dd4644428d2f6e	76d55e4ad10bdc3a10c6146824978a01d9189aa2	2026-09-30T08:00:29Z	2026-09-30T08:00:29Z	false	Fix advisory capability compile issues
c90b4beed0360f4c8e5a90ceabd79adea1ef971b	01ea53b075f8685db6075406a2dd4644428d2f6e	2026-09-30T08:02:49Z	2026-09-30T08:02:49Z	false	Resolve platform directory roots before pinning
10d8a6f7004a13f907316c83cd573cefce254c4d	c90b4beed0360f4c8e5a90ceabd79adea1ef971b	2026-09-30T08:15:04Z	2026-09-30T08:15:04Z	false	Preserve advisory selections across transient refresh races
20274a84eaadee41238f9624b0fe05a440b87eb5	10d8a6f7004a13f907316c83cd573cefce254c4d	2026-09-30T08:15:31Z	2026-09-30T08:15:31Z	false	Gate macOS directory alias state correctly
4f694b522d137a08aab634b6994bec7042a5dfc3	20274a84eaadee41238f9624b0fe05a440b87eb5	2026-09-30T08:25:41Z	2026-09-30T08:25:41Z	false	Check advisory HTTP validator fields in regression
8cfbd4c5b8516e3efc88cf1db3e051a59edade22	4f694b522d137a08aab634b6994bec7042a5dfc3 06fbd571f020f2ad5277368648ef04eb281c70a8	2026-09-30T08:39:17Z	2026-09-30T08:39:17Z	false	Merge primary readiness baseline into registry work
f65d230fbfe949a5ed32421552a893b5274d0d06	8cfbd4c5b8516e3efc88cf1db3e051a59edade22	2026-09-30T06:58:42Z	2026-09-30T08:40:36Z	false	Record direct C parser dependency edges
3b89a670088d42231d04b22a46a0d0cdc6d40a51	f65d230fbfe949a5ed32421552a893b5274d0d06	2026-09-30T08:42:17Z	2026-09-30T08:42:17Z	false	Record advisory snapshot dependency edges
b3cc7a9eb6a1cea82e493c72ca3bba3309420cc4	3b89a670088d42231d04b22a46a0d0cdc6d40a51 7e5b11bfa08b4d6ec20d6790bca0cb97fc173531	2026-09-30T08:54:30Z	2026-09-30T08:54:30Z	false	Merge commit '7e5b11bfa' into codex/readiness-registry-facts-20260930
054ed972bf503442d6e80e1033d559bceea62596	b3cc7a9eb6a1cea82e493c72ca3bba3309420cc4	2026-09-30T08:56:13Z	2026-09-30T08:56:13Z	false	Remove duplicate registry metadata import
96bc86b64f2ad729344a943a662cfe1ec8abf202	054ed972bf503442d6e80e1033d559bceea62596	2026-09-30T08:56:16Z	2026-09-30T08:58:51Z	false	fix(local-service): compose worker-local history range source
2665e4ac77806b709e289beb24bc61c98723eeb9	96bc86b64f2ad729344a943a662cfe1ec8abf202	2026-09-30T09:29:56Z	2026-09-30T09:29:56Z	false	Pin receipt storage operations to held directories
22b4a786efbbf018a8e65541f4923753fcfb1e54	46b68cca7020a5ad8cf0cae557b9b3235e5b3ad5 2665e4ac77806b709e289beb24bc61c98723eeb9	2026-09-30T10:11:56Z	2026-09-30T10:11:56Z	true	Merge verified bounded registry snapshots and held-directory receipts
ad7fbd5719adcac1eaf0e89783ceeaedcde21ab1	22b4a786efbbf018a8e65541f4923753fcfb1e54	2026-09-30T10:32:49Z	2026-09-30T10:32:49Z	true	Show exact history proof without claiming input replay authority
fc71099a281f4fbd6ccf5ef7f46a99ddb6409345	ad7fbd5719adcac1eaf0e89783ceeaedcde21ab1	2026-09-30T10:27:24Z	2026-09-30T10:38:59Z	true	Add held read-only source directory capabilities
6fd0bcd5f4496757d1ebe9692f9a570f6bbd23ba	fc71099a281f4fbd6ccf5ef7f46a99ddb6409345	2026-09-30T10:27:29Z	2026-09-30T10:38:59Z	true	Preserve committed publication state across storage failures
88109213701ef8be398a272d3f73a70177522893	6fd0bcd5f4496757d1ebe9692f9a570f6bbd23ba	2026-09-30T10:35:36Z	2026-09-30T10:39:47Z	true	fix(local-service): bind projection manifest test coverage
2b03a0f790434874341368c7e31f0c22aef3c5a1	88109213701ef8be398a272d3f73a70177522893	2026-09-30T09:23:38Z	2026-09-30T10:39:47Z	true	feat(replication): classify typed history producer store failures
e933ca3d4078031a8a8f27823cbdb2f8510b3322	2b03a0f790434874341368c7e31f0c22aef3c5a1	2026-09-30T09:58:41Z	2026-09-30T10:39:47Z	true	fix(replication): preserve typed transient store failures
64833767dca97294075266872532d939c0e18cfb	e933ca3d4078031a8a8f27823cbdb2f8510b3322	2026-09-30T10:42:50Z	2026-09-30T10:42:50Z	true	Preserve typed artifact lease contention without erasing I/O errors
ba00de7138e90c05cccb9f478aad54aed67a1684	64833767dca97294075266872532d939c0e18cfb	2026-09-30T10:40:59Z	2026-09-30T10:42:50Z	true	fix(mcp): clarify workspace cursor authority
0f3bd291e18c5983d121647d4fc805e31ee7822f	f9c158af0dfc229c4567bf5cd725c5c0828043fa	2026-09-30T04:34:47Z	2026-09-30T04:34:47Z	false	Persist root-bound local search projections
b922f746379c5dec79154bdb1b0e5ef72ac8ec12	0f3bd291e18c5983d121647d4fc805e31ee7822f	2026-09-30T05:07:44Z	2026-09-30T05:07:44Z	false	Harden durable query projection retention
9032c3180105fcad52451afb25454804c1dcc9ac	b922f746379c5dec79154bdb1b0e5ef72ac8ec12	2026-09-30T05:33:01Z	2026-09-30T05:33:01Z	false	Persist Tantivy ordinal identity maps
39271af9f2c1648b6f1b26b49502661b760ae738	9032c3180105fcad52451afb25454804c1dcc9ac	2026-09-30T05:37:48Z	2026-09-30T05:37:48Z	false	Bind sparse ordinal entries to their slots
25b7abbb4e36125470c4be68f243718d7c2167d7	39271af9f2c1648b6f1b26b49502661b760ae738	2026-09-30T05:44:43Z	2026-09-30T05:44:43Z	false	Page selected semantic query documents
02d3d917dc86eb69720fdf076b99e9e4be04f397	25b7abbb4e36125470c4be68f243718d7c2167d7	2026-09-30T05:47:22Z	2026-09-30T05:47:22Z	false	Fix durable index composition seams
a586eca42bdd04b74bee1436b583eae8dd498090	02d3d917dc86eb69720fdf076b99e9e4be04f397	2026-09-30T05:49:57Z	2026-09-30T05:49:57Z	false	Expose durable projection test helpers
dc798a35e6ac37257e8465d9fd34d84acf36d1c7	a586eca42bdd04b74bee1436b583eae8dd498090	2026-09-30T05:52:59Z	2026-09-30T05:57:59Z	false	Keep durable test fixtures behind a private engine seam
d742d15f269aaeb07f8abe9d524329be2617c52b	dc798a35e6ac37257e8465d9fd34d84acf36d1c7	2026-09-30T05:58:59Z	2026-09-30T05:58:59Z	false	Preserve and classify durable Tantivy roots safely
dd7591ea8c7145e00ef9d6d3f20721c4b9bd255e	d742d15f269aaeb07f8abe9d524329be2617c52b	2026-09-30T06:00:41Z	2026-09-30T06:00:41Z	false	Add typed durable search cache budgets
0b3903c114f068bd1ef37208fe0e54f2de0f3b8a	dd7591ea8c7145e00ef9d6d3f20721c4b9bd255e	2026-09-30T06:11:01Z	2026-09-30T06:11:01Z	false	Propagate durable discovery cache budgets
6e81c909f62b66d4a2426895436a86b1128c2ba3	0b3903c114f068bd1ef37208fe0e54f2de0f3b8a	2026-09-30T06:48:30Z	2026-09-30T06:48:30Z	false	Fix durable Tantivy error conversions
9fbfccf2accdc2287e29c598a3c25e38e6ca5eef	6e81c909f62b66d4a2426895436a86b1128c2ba3	2026-09-30T06:56:52Z	2026-09-30T06:56:52Z	false	Retain pinned Tantivy roots outside LRU slots
dbb42d80edf8bb15856356404e391a45785f14a4	9fbfccf2accdc2287e29c598a3c25e38e6ca5eef	2026-09-30T07:12:25Z	2026-09-30T07:12:25Z	false	Bound durable Tantivy ordinal sidecars
646ab9b7a6e278072025e2e2fa3ebfef2229485a	dbb42d80edf8bb15856356404e391a45785f14a4	2026-09-30T07:15:14Z	2026-09-30T07:15:14Z	false	Bound Tantivy query rank snapshots
d140b699b9a130bb1a7624394ad9b248ae20d959	646ab9b7a6e278072025e2e2fa3ebfef2229485a	2026-09-30T07:32:56Z	2026-09-30T07:32:56Z	false	Store sparse Tantivy ordinals compactly
05b6363d7360021c771bce75815ef5dc79e7d4c7	d140b699b9a130bb1a7624394ad9b248ae20d959	2026-09-30T07:40:42Z	2026-09-30T07:40:42Z	false	Charge all retained Tantivy root bytes
63461852ba2d0676a10566b631e553303dbeb679	05b6363d7360021c771bce75815ef5dc79e7d4c7	2026-09-30T08:25:24Z	2026-09-30T08:25:24Z	false	Stream bounded Tantivy query pages from row-native postings
fc9089c7cd520da26e4b19a46b8e6c7c4f83e66f	63461852ba2d0676a10566b631e553303dbeb679	2026-09-30T08:37:32Z	2026-09-30T08:37:32Z	false	Prevent in-place mutation of durable Tantivy roots
107c1dee3a500c2203f7e127073366e042661188	fc9089c7cd520da26e4b19a46b8e6c7c4f83e66f	2026-09-30T08:47:12Z	2026-09-30T08:47:12Z	false	Preflight Tantivy query setup against scratch budget
2ef2cfe33a4b027ebb2e194605dbc3505648badf	107c1dee3a500c2203f7e127073366e042661188	2026-09-30T08:51:52Z	2026-09-30T08:51:52Z	false	Exercise query scratch admission on every scan path
bb87b5ae2ed977547fb93674f088930c953ff957	2ef2cfe33a4b027ebb2e194605dbc3505648badf 7e5b11bfa08b4d6ec20d6790bca0cb97fc173531	2026-09-30T09:00:56Z	2026-09-30T09:00:56Z	false	Merge branch 'codex/index-compiler-tentpole' into codex/readiness-durable-index-20260930
ab24dfad0d4d666c443940510be532b73db28846	bb87b5ae2ed977547fb93674f088930c953ff957	2026-09-30T09:05:21Z	2026-09-30T09:05:21Z	false	Rank multi-clause queries by weakest intrinsic match
d1e690fa2c9dedd9920409b43fba2168b04558c9	ab24dfad0d4d666c443940510be532b73db28846	2026-09-30T09:08:10Z	2026-09-30T09:08:10Z	false	Avoid cloning rows for no-op index rebinds
2fc0563dc64acea0dae571839762c69da99f4f79	d1e690fa2c9dedd9920409b43fba2168b04558c9	2026-09-30T09:12:03Z	2026-09-30T09:12:03Z	false	Pin large unchanged-corpus rebind behavior
5d9553b0ec593cca0092cc7775e04899c3af8ecd	2fc0563dc64acea0dae571839762c69da99f4f79	2026-09-30T09:27:33Z	2026-09-30T09:27:33Z	false	Stream query identity and bound field query scratch
078c629cc8d296c0f76f8f9a318a56c19f6fcda8	5d9553b0ec593cca0092cc7775e04899c3af8ecd	2026-09-30T09:30:15Z	2026-09-30T09:30:15Z	false	Add retained Maven search benchmark runner
ee0f144495eb784b5c8ce4575e290e121c2adfd9	078c629cc8d296c0f76f8f9a318a56c19f6fcda8	2026-09-30T09:39:46Z	2026-09-30T09:39:46Z	false	Ignore deleted postings in exact query scans
5a091ce3034671c144a92daaba7778182cd09a03	ee0f144495eb784b5c8ce4575e290e121c2adfd9 5b8f1aa496c9268661a63aeb5dbaef8e3573b836	2026-09-30T09:40:05Z	2026-09-30T09:40:05Z	false	Merge commit '5b8f1aa49' into codex/readiness-durable-index-20260930
98ed0fe1e41405925523b03b45e256a757f0ce09	5a091ce3034671c144a92daaba7778182cd09a03	2026-09-30T09:45:36Z	2026-09-30T09:45:36Z	false	Preserve public query version schema alias
a5aed262a0ea712c85a5956137f87dc02ee50e2e	98ed0fe1e41405925523b03b45e256a757f0ce09	2026-09-30T09:55:05Z	2026-09-30T09:55:05Z	false	Use durable projection for registry search
21cda263b89bfc7a4453d4008b10a43a4046d1c7	a5aed262a0ea712c85a5956137f87dc02ee50e2e	2026-09-30T09:56:34Z	2026-09-30T09:56:34Z	false	Bind benchmark runs to frozen binary manifests
a6ab8263b9731ba0bc5e601bd7609db207a941a7	21cda263b89bfc7a4453d4008b10a43a4046d1c7	2026-09-30T09:59:13Z	2026-09-30T09:59:13Z	false	Sample owner RSS with system ps on macOS
a0039b43f808924d070c3d0de6490f50270adf0f	a6ab8263b9731ba0bc5e601bd7609db207a941a7	2026-09-30T10:20:50Z	2026-09-30T10:20:50Z	false	Bind durable query rows to selected source state
22dccf90073a3ad48cf91eecac28c5fb6669cce6	a0039b43f808924d070c3d0de6490f50270adf0f	2026-09-30T10:41:40Z	2026-09-30T10:41:40Z	false	Sort semantic candidate relevance before early return
650b8a8abb795b08635263debe979f92a6ce46ff	ba00de7138e90c05cccb9f478aad54aed67a1684 22dccf90073a3ad48cf91eecac28c5fb6669cce6	2026-09-30T10:43:50Z	2026-09-30T10:43:50Z	true	Integrate source-bound durable search and canonical candidate ordering
d5b822f68c6709235e8ef0747036796d1e1a6f90	650b8a8abb795b08635263debe979f92a6ce46ff	2026-09-30T10:49:42Z	2026-09-30T10:49:42Z	true	Keep namespace commit helper specific to rename operations
c5fa0f2e7302a7c3f253f942b41adac49ba131ab	d5b822f68c6709235e8ef0747036796d1e1a6f90	2026-09-30T10:45:38Z	2026-09-30T10:49:42Z	true	Encapsulate canonical lexical candidate scores
98c664730396e485bdef0891971369ff126c4a2a	c5fa0f2e7302a7c3f253f942b41adac49ba131ab	2026-09-30T10:47:13Z	2026-09-30T10:49:42Z	true	Rebuild disposable search roots for unsafe manifest entries
59d4b263b0d0fa5755626e011dda8d10412b2a60	98c664730396e485bdef0891971369ff126c4a2a	2026-09-30T10:46:07Z	2026-09-30T10:49:42Z	true	Preserve uncertain authority state and bootstrap registry root
e73761e78571393fcc4dcab4339801db83f3bf65	59d4b263b0d0fa5755626e011dda8d10412b2a60	2026-09-30T10:46:03Z	2026-09-30T10:49:42Z	true	test(local-service): report native history fence wait status
1e65ee45e09bb24927d128c460304f536efceb85	e73761e78571393fcc4dcab4339801db83f3bf65	2026-09-30T10:47:13Z	2026-09-30T10:56:49Z	true	Rebuild disposable search roots for unsafe manifest entries
e8178983761c938ecc479a594411f4a5874e4b3c	1e65ee45e09bb24927d128c460304f536efceb85	2026-09-30T10:54:49Z	2026-09-30T10:56:49Z	true	Stage source-backed search root before retiring corrupt root
1a6b32948a584ac0d0b9428dc42186d663a0ca5c	e8178983761c938ecc479a594411f4a5874e4b3c	2026-09-30T10:53:38Z	2026-09-30T10:56:49Z	true	Retain authority after post-commit snapshot errors
f696bcb9ea500e8711f346b796ba014b6af13ee0	1a6b32948a584ac0d0b9428dc42186d663a0ca5c	2026-09-30T10:55:53Z	2026-09-30T10:56:49Z	true	Cover mixed lexical candidate score paths
c5ece2246d91f6da18f31e98a8526d0656e6750f	f696bcb9ea500e8711f346b796ba014b6af13ee0	2026-09-30T10:27:32Z	2026-09-30T10:56:49Z	true	Record official registry fact and failure evidence
4b01c7522c3ee4a30550568724145c3e060fd39f	c5ece2246d91f6da18f31e98a8526d0656e6750f	2026-09-30T11:20:23Z	2026-09-30T11:20:23Z	true	fix(advisory): resolve policy scope in persistence regression
fe544f4b46b9498bc4571356ec8f4e02dfb13fad	4b01c7522c3ee4a30550568724145c3e060fd39f	2026-09-30T11:25:26Z	2026-09-30T11:25:26Z	true	test(advisory): check byte limits on an admitted private file
b843cf2297e3abc98bad8d0e7ce48b98fd7c640c	f9c158af0dfc229c4567bf5cd725c5c0828043fa	2026-09-30T05:26:22Z	2026-09-30T05:26:22Z	false	feat: add capability-bound remote index clients
52bbc452d28545557588a332e02cafbbf23397af	b843cf2297e3abc98bad8d0e7ce48b98fd7c640c	2026-09-30T05:54:08Z	2026-09-30T05:54:08Z	false	fix: harden remote index grant serving
60606508323adc84f11c8c6d859802e1c7adc972	52bbc452d28545557588a332e02cafbbf23397af	2026-09-30T05:56:48Z	2026-09-30T05:56:48Z	false	test: make remote index journey paths absolute
bdf0d553924855a5a3097277a93532d8e0476ec2	60606508323adc84f11c8c6d859802e1c7adc972	2026-09-30T06:05:52Z	2026-09-30T06:05:52Z	false	test: fix oversized hello stream shutdown
ca03b2345a37be1a84eb6afbd89364dce42c086b	bdf0d553924855a5a3097277a93532d8e0476ec2	2026-09-30T06:15:37Z	2026-09-30T06:18:00Z	false	fix: declare workspace postcard dependency
4635a041a199b31a29afed9567e4f078665d66c2	ca03b2345a37be1a84eb6afbd89364dce42c086b	2026-09-30T06:19:51Z	2026-09-30T06:19:51Z	false	fix: reuse checked remote-index clock
83ee4f041a2e439a9c13bb375f40551ebcb418fc	4635a041a199b31a29afed9567e4f078665d66c2	2026-09-30T06:20:16Z	2026-09-30T06:20:16Z	false	fix: type remote index test payload range
56d2dae7e5ffa266a1ab8511586b14fb626fbb4e	83ee4f041a2e439a9c13bb375f40551ebcb418fc	2026-09-30T06:22:18Z	2026-09-30T06:22:18Z	false	test: keep remote index session open through client close
e61d888850c4999ee468552955f650a4941838ce	56d2dae7e5ffa266a1ab8511586b14fb626fbb4e	2026-09-30T06:25:28Z	2026-09-30T06:25:28Z	false	fix: preserve semantic retry result handling
850caae5dd5754323d1790474ad2e8aa59721067	e61d888850c4999ee468552955f650a4941838ce	2026-09-30T06:27:16Z	2026-09-30T06:27:16Z	false	fix: retain public owner in grant test helper
bde0c6d901511b9abc68a89ad188f35dd972c9e0	850caae5dd5754323d1790474ad2e8aa59721067	2026-09-30T06:30:23Z	2026-09-30T06:30:23Z	false	fix: keep optional product operation in scope match
72f52f6b57b23c5821102a39b157146800521b59	bde0c6d901511b9abc68a89ad188f35dd972c9e0	2026-09-30T06:34:55Z	2026-09-30T06:34:55Z	false	fix: format remote index CLI operation scopes
7059074d96d0e75e8da152506713b9ddb6cd89f7	72f52f6b57b23c5821102a39b157146800521b59	2026-09-30T06:36:10Z	2026-09-30T06:36:10Z	false	test: record remote index fixture and failure log
c997c83d0c9f7621b317bba5b1f782a8a7b2e1ad	7059074d96d0e75e8da152506713b9ddb6cd89f7	2026-09-30T06:36:42Z	2026-09-30T06:36:42Z	false	test: keep remote index socket paths short
1343721a08b7d2567cf14230a75d3e959928296a	c997c83d0c9f7621b317bba5b1f782a8a7b2e1ad	2026-09-30T06:37:15Z	2026-09-30T06:37:15Z	false	test: keep remote index fixture semantically simple
bd58be0754cdef985c2c5a497b7cc1ea1624e2cd	1343721a08b7d2567cf14230a75d3e959928296a	2026-09-30T07:12:52Z	2026-09-30T07:12:52Z	false	feat: bind remote catalog queries to exact snapshots
87079e444414b60156e085161d6dac3e39afc257	bd58be0754cdef985c2c5a497b7cc1ea1624e2cd	2026-09-30T07:15:57Z	2026-09-30T07:15:57Z	false	fix: classify stale remote search cursors by snapshot
ca9d283bcef945bcf39a517a4ee962fabed9f454	87079e444414b60156e085161d6dac3e39afc257	2026-09-30T07:16:50Z	2026-09-30T07:16:50Z	false	docs: note remote capability v2 renewal
2632c36fc38dbf3e32964318e5fe0f65c885212c	ca9d283bcef945bcf39a517a4ee962fabed9f454	2026-09-30T07:20:30Z	2026-09-30T07:20:30Z	false	test: bound remote catalog journey resources
44539c472905ea429b6b09cea634602ff6281430	2632c36fc38dbf3e32964318e5fe0f65c885212c	2026-09-30T07:55:41Z	2026-09-30T07:55:41Z	false	fix: meter remote index response permits exactly
24c0c9f52722c413ec0fbfc8aa429b01c9d13b5f	44539c472905ea429b6b09cea634602ff6281430	2026-09-30T08:01:28Z	2026-09-30T08:01:28Z	false	Enforce remote index response correlation
b4b14c63467f5ad43286e0590cea4c4d83559f4b	24c0c9f52722c413ec0fbfc8aa429b01c9d13b5f	2026-09-30T08:08:51Z	2026-09-30T08:08:51Z	false	Test durable revoke in remote catalog journey
55cb68885bdb290c3cbb087128c11934334f8a03	b4b14c63467f5ad43286e0590cea4c4d83559f4b	2026-09-30T08:26:00Z	2026-09-30T08:26:00Z	false	Bound remote owner forwarding work and socket deadlines
c41f7a0db5a0dbe2638ff41e9b6ac8cac4c270e6	55cb68885bdb290c3cbb087128c11934334f8a03 dfa44edcd920b7c5d59b642874300001f7ebf805	2026-09-30T08:58:55Z	2026-09-30T08:58:55Z	false	Merge branch 'codex/index-compiler-tentpole' into codex/readiness-remote-client-20260930
1ffc4218b351ed9f1da7f63f3cb22437b5866e2e	c41f7a0db5a0dbe2638ff41e9b6ac8cac4c270e6	2026-09-30T09:16:29Z	2026-09-30T09:16:29Z	false	test(journeys): cover remote semantic range restart
1e7ff44ef7aafc8a2ced8cda93e028798d38c934	1ffc4218b351ed9f1da7f63f3cb22437b5866e2e	2026-09-30T09:19:46Z	2026-09-30T09:19:46Z	false	test(journeys): assert semantic grant root binding
e8a22407c9d12167e07eff4c3c0eb87b1254a623	1e7ff44ef7aafc8a2ced8cda93e028798d38c934	2026-09-30T09:22:23Z	2026-09-30T09:22:23Z	false	test(journeys): verify remote grant usage bounds
ffd70fa7822bc1b5fe059e351bb256815510c0e5	e8a22407c9d12167e07eff4c3c0eb87b1254a623	2026-09-30T09:25:30Z	2026-09-30T09:25:30Z	false	test(journeys): configure Rust owner runtime explicitly
e5b5d205874e0c1970355b5bd92cf04dc1105f19	ffd70fa7822bc1b5fe059e351bb256815510c0e5	2026-09-30T09:28:51Z	2026-09-30T09:28:51Z	false	test(journeys): sample remote transfer memory
fb26b6bf6d9b10eba256492cb6a8837c53f5c0d2	e5b5d205874e0c1970355b5bd92cf04dc1105f19	2026-09-30T09:47:26Z	2026-09-30T09:47:26Z	false	test(journeys): reject and retry corrupted remote ranges
efe53f568df3a736b1cb56197f83d36525b2984e	fb26b6bf6d9b10eba256492cb6a8837c53f5c0d2 2665e4ac77806b709e289beb24bc61c98723eeb9	2026-09-30T10:01:59Z	2026-09-30T10:01:59Z	false	Merge commit '2665e4ac7' into codex/readiness-remote-client-20260930
22e084953fdcdad09430b829934be6962bdf75be	efe53f568df3a736b1cb56197f83d36525b2984e	2026-09-30T10:16:38Z	2026-09-30T10:17:24Z	false	fix(remote-index): pin private grant and client state
276e173e04f3c46d2a2cbe49456bf5d2878a3d92	22e084953fdcdad09430b829934be6962bdf75be	2026-09-30T10:22:08Z	2026-09-30T10:22:08Z	false	docs(remote-index): name S3 range regression command
d6279f1e28b5ff5de47e722cb13aeee3042ca280	2665e4ac77806b709e289beb24bc61c98723eeb9	2026-09-30T10:27:24Z	2026-09-30T10:27:24Z	false	Add held read-only source directory capabilities
84337c6beffd0d93222f0e34b9aac9d6b6a06a0b	276e173e04f3c46d2a2cbe49456bf5d2878a3d92 d6279f1e28b5ff5de47e722cb13aeee3042ca280	2026-09-30T10:27:59Z	2026-09-30T10:27:59Z	false	Merge commit 'd6279f1e2' into codex/readiness-remote-client-20260930
13bf2bc69d94df1f35d5d0c77b6ad2e28ec4f626	84337c6beffd0d93222f0e34b9aac9d6b6a06a0b	2026-09-30T10:30:02Z	2026-09-30T10:30:02Z	false	fix(remote-index): preserve private rename commit outcomes
8bd57c4590df45157d6c977ff6c006b0c5ba09f4	13bf2bc69d94df1f35d5d0c77b6ad2e28ec4f626 e73761e78571393fcc4dcab4339801db83f3bf65	2026-09-30T10:53:55Z	2026-09-30T10:53:55Z	false	Merge branch 'codex/index-compiler-tentpole' into codex/readiness-remote-client-20260930
208d198d7f0e4f251f442707d1f939abfeff6c23	8bd57c4590df45157d6c977ff6c006b0c5ba09f4	2026-09-30T11:08:50Z	2026-09-30T11:08:50Z	false	Require Send for owned session transports
fddc7cb70ed7051c1797b0b964734d5dab3cde2e	208d198d7f0e4f251f442707d1f939abfeff6c23	2026-09-30T11:22:13Z	2026-09-30T11:22:13Z	false	Import remote search cursor from library API
82250986f42deec62eac1729f40d19d695dbbca5	fe544f4b46b9498bc4571356ec8f4e02dfb13fad fddc7cb70ed7051c1797b0b964734d5dab3cde2e	2026-09-30T11:38:00Z	2026-09-30T11:38:00Z	true	feat(remote): integrate bounded Iroh query and verified hydration clients
4abb57294a691a37074bc2bedc3a01f91a9ba7c8	82250986f42deec62eac1729f40d19d695dbbca5	2026-09-30T11:53:03Z	2026-09-30T11:53:03Z	true	test(client): retain mutable transport for reconnect regression
38aec0740bfa46bee84b63aed172a8a2f49a7190	4abb57294a691a37074bc2bedc3a01f91a9ba7c8	2026-09-30T11:51:41Z	2026-09-30T11:53:03Z	true	Preserve caller cancellation across completed compiler requests
30cb11bb3f984a012b9d0242814a712fc61eb767	38aec0740bfa46bee84b63aed172a8a2f49a7190	2026-09-30T11:59:23Z	2026-09-30T12:06:40Z	true	Fix request lease completion type annotation
3f96d5bcc8e9c8c9e96c7279e6db11d82304d98f	30cb11bb3f984a012b9d0242814a712fc61eb767	2026-09-30T12:04:53Z	2026-09-30T12:06:40Z	true	Keep authenticated timeout test peers open
21affd0dbc45893cc9e4f4ee274957322dd17367	3f96d5bcc8e9c8c9e96c7279e6db11d82304d98f	2026-09-30T11:58:13Z	2026-09-30T12:06:40Z	true	fix(index): retire terminal candidate attempts
02503b617e45aea49a869f2d3df51d7b61cb121d	21affd0dbc45893cc9e4f4ee274957322dd17367	2026-09-30T12:09:37Z	2026-09-30T12:13:03Z	true	fix(index): defer cleanup inventory to terminal paths
43c8efdcf3ee71d74213c893e987a4c2986a5450	02503b617e45aea49a869f2d3df51d7b61cb121d	2026-09-30T12:20:30Z	2026-09-30T12:20:30Z	true	docs(readiness): record live failure and adversarial acceptance evidence
25a4e8ef344fd23902df28bf3f4fc3be2a69aacf	43c8efdcf3ee71d74213c893e987a4c2986a5450	2026-09-30T12:31:40Z	2026-09-30T12:31:40Z	true	fix(platform): preserve errno when opening private state
2156eb291bf91c300009083218334565ba5cf11a	25a4e8ef344fd23902df28bf3f4fc3be2a69aacf	2026-09-30T12:31:36Z	2026-09-30T12:33:04Z	true	fix(index): retry no-result barriers past newer attempts
268665d608a90b15505a8bed195d3089bd43d3e5	2156eb291bf91c300009083218334565ba5cf11a	2026-09-30T11:51:28Z	2026-09-30T12:33:04Z	true	Isolate Cargo build lanes and record provenance
621ecae93758d3a33d5ca4380cb3ab25e17b0f8d	268665d608a90b15505a8bed195d3089bd43d3e5	2026-09-30T12:18:07Z	2026-09-30T12:33:04Z	true	Restrict shared rustc cache to external libraries
3bf1fb4deba41b1576258984c102978b2eb7bc36	621ecae93758d3a33d5ca4380cb3ab25e17b0f8d	2026-09-30T12:21:21Z	2026-09-30T12:33:04Z	true	Recognize the stamped worktree default target
3e575b0ed3e10aaea3d4c04f9dc799146ae7c9a8	3bf1fb4deba41b1576258984c102978b2eb7bc36	2026-09-30T12:29:07Z	2026-09-30T12:33:04Z	true	fix(cargo): enforce cache boundaries
8d10cdd893680beb077613197fa4041b0139dcd0	22dccf90073a3ad48cf91eecac28c5fb6669cce6	2026-09-30T10:45:38Z	2026-09-30T10:45:38Z	false	Encapsulate canonical lexical candidate scores
7dedfd17b4720fcef0c7b0a7277f1257e701dcb4	8d10cdd893680beb077613197fa4041b0139dcd0	2026-09-30T10:47:13Z	2026-09-30T10:51:46Z	false	Rebuild disposable search roots for unsafe manifest entries
975c91551ab818f444688509558320dfd39d1530	7dedfd17b4720fcef0c7b0a7277f1257e701dcb4	2026-09-30T10:52:33Z	2026-09-30T10:52:33Z	false	Bind revised postings by changed Tantivy segments
ab4b9bac106dff4f62cb3acd9d73e92ac359bdeb	975c91551ab818f444688509558320dfd39d1530	2026-09-30T10:54:49Z	2026-09-30T10:54:49Z	false	Stage source-backed search root before retiring corrupt root
40c077e751cf7a851360e0397dfa64ba728944e7	ab4b9bac106dff4f62cb3acd9d73e92ac359bdeb	2026-09-30T10:55:53Z	2026-09-30T10:55:53Z	false	Cover mixed lexical candidate score paths
aad0b46a21f827d1d054b56b8243cea696687644	40c077e751cf7a851360e0397dfa64ba728944e7 c5ece2246d91f6da18f31e98a8526d0656e6750f	2026-09-30T10:57:42Z	2026-09-30T10:57:42Z	false	Merge current source readiness primary
750a2ae3469c77c07a32fde1b9c8809f7af4894d	aad0b46a21f827d1d054b56b8243cea696687644	2026-09-30T11:12:48Z	2026-09-30T11:12:48Z	false	Enforce lexical revision byte budgets before mutation
dd38cde989cf21df057c6097f01176dc4000a011	750a2ae3469c77c07a32fde1b9c8809f7af4894d	2026-09-30T11:30:49Z	2026-09-30T11:30:49Z	false	Use Tantivy 0.26 segment identity path
8361843ae6ffe84903385bf2b446685919e53644	dd38cde989cf21df057c6097f01176dc4000a011	2026-09-30T11:44:13Z	2026-09-30T11:44:13Z	false	Secure private Maven benchmark workspace copy
e129a11ae87f0be8e29d3f7cb2edffd300218230	8361843ae6ffe84903385bf2b446685919e53644 82250986f42deec62eac1729f40d19d695dbbca5	2026-09-30T11:44:21Z	2026-09-30T11:44:21Z	false	Merge branch 'codex/index-compiler-tentpole' into codex/readiness-durable-index-20260930
047cb020e02115720d16fa8d519f6bf38b17e4e7	e129a11ae87f0be8e29d3f7cb2edffd300218230	2026-09-30T11:49:37Z	2026-09-30T11:49:37Z	false	test(tantivy): cover merge rebinding and surplus postings
ae49bf5636fc7300a00bf75ed6bd99c1fa2ba33b	047cb020e02115720d16fa8d519f6bf38b17e4e7	2026-09-30T11:53:57Z	2026-09-30T12:01:31Z	false	perf(search): add direct Maven index benchmark
17feebda4f786ab48bb30d86b8fc37dbf6ae0792	ae49bf5636fc7300a00bf75ed6bd99c1fa2ba33b	2026-09-30T12:07:26Z	2026-09-30T12:07:26Z	false	perf(search): tighten direct benchmark accounting
e472ad7b20c289bead89c27914b4b309db00c505	17feebda4f786ab48bb30d86b8fc37dbf6ae0792	2026-09-30T12:08:46Z	2026-09-30T12:08:46Z	false	test(search): avoid following links in size sampler
fc4185feff994f0447bba71dd4442e005839e962	e472ad7b20c289bead89c27914b4b309db00c505	2026-09-30T12:10:11Z	2026-09-30T12:10:11Z	false	test(search): keep projection byte walk no-follow
b2335daf483b89ecd052a06b3dc7c5f673214f81	fc4185feff994f0447bba71dd4442e005839e962	2026-09-30T12:12:58Z	2026-09-30T12:12:58Z	false	Validate exact cold Tantivy posting coverage
34648709c05c15a4a2f2dcb08275018e0e4e9911	b2335daf483b89ecd052a06b3dc7c5f673214f81	2026-09-30T12:13:29Z	2026-09-30T12:13:29Z	false	perf(search): record benchmark binary provenance
d2f6090bdf486ae62f5833754479494b76a6c34f	34648709c05c15a4a2f2dcb08275018e0e4e9911	2026-09-30T12:16:04Z	2026-09-30T12:16:04Z	false	perf(search): include lockfile and Nix provenance
e2c49256ca563b0edb444b0480646a6ae52f6503	d2f6090bdf486ae62f5833754479494b76a6c34f	2026-09-30T12:33:05Z	2026-09-30T12:33:05Z	false	Bound cold posting-cover validation work
9f62a5f7d3d60e41d3372ca4e05759d76c5fb28e	3e575b0ed3e10aaea3d4c04f9dc799146ae7c9a8 e2c49256ca563b0edb444b0480646a6ae52f6503	2026-09-30T12:35:43Z	2026-09-30T12:35:43Z	true	perf(search): integrate borrowed revisions and exact bounded cold admission
3d7cb610fa49b36bd643038ceee5c5d53e56a886	9f62a5f7d3d60e41d3372ca4e05759d76c5fb28e	2026-09-30T12:38:46Z	2026-09-30T12:49:54Z	true	Fix posting scan test borrows
8804281a781a58b3e92282fd990c25c2d775f4c4	3d7cb610fa49b36bd643038ceee5c5d53e56a886	2026-09-30T12:48:39Z	2026-09-30T13:02:59Z	true	fix(cargo): lease role graphs independently
8bb5f981c8fe4411cebfdde8a00cdf6b2eb325d3	8804281a781a58b3e92282fd990c25c2d775f4c4	2026-09-30T12:49:14Z	2026-09-30T13:05:57Z	true	docs(benchmark): record typed cancel cold reopen pass
259ea09eb237af272211ce7016eed201c69df21b	8bb5f981c8fe4411cebfdde8a00cdf6b2eb325d3	2026-09-30T13:03:35Z	2026-09-30T13:08:58Z	true	Fix direct index benchmark count oracle
16198c5a2acf8f3a3757382dabda4c645f39a33d	259ea09eb237af272211ce7016eed201c69df21b	2026-09-30T13:04:35Z	2026-09-30T13:29:34Z	true	Make Tantivy merge tests deterministic
cd1a2ba4fc4b44ec3447cfdabcc49278006905ee	16198c5a2acf8f3a3757382dabda4c645f39a33d	2026-09-30T13:21:30Z	2026-09-30T13:29:34Z	true	Force Tantivy merge inside maintenance test path
19acb73293b31112cf55eff4c02e910c664abf9b	cd1a2ba4fc4b44ec3447cfdabcc49278006905ee	2026-09-30T13:28:41Z	2026-09-30T13:29:34Z	true	Make posting tombstone budget fixture deterministic
fa4e4c2a3cfd3dbd8e6afbb63c99687c945de80a	19acb73293b31112cf55eff4c02e910c664abf9b	2026-09-30T13:35:37Z	2026-09-30T13:36:22Z	true	fix(search): type deterministic merge fixture writer
4e0b8d5344288cd735fbf1849d8ba833f3298d38	fa4e4c2a3cfd3dbd8e6afbb63c99687c945de80a	2026-09-30T13:41:38Z	2026-09-30T13:41:38Z	true	test(search): account for identifier component postings
5fbc29c99aec77df4f5c5ffeca33b1af7a7608fb	4e0b8d5344288cd735fbf1849d8ba833f3298d38	2026-09-30T23:51:49Z	2026-09-30T23:51:49Z	true	docs: checkpoint measured readiness evidence and unresolved gates
27a51957e18427bbdf6a0ee56d44680008cbacd9	5fbc29c99aec77df4f5c5ffeca33b1af7a7608fb	2026-09-30T23:56:18Z	2026-10-01T00:09:28Z	true	Add injectable RA build-script runner
511cd93535b70675dc4a33425dfe6bf43d70679f	27a51957e18427bbdf6a0ee56d44680008cbacd9	2026-10-01T00:24:50Z	2026-10-01T00:24:50Z	true	feat(library): share exact Cargo profile facts with generation history
5a4656a0134cb8f5e602e665c08b1fa174a4df4d	511cd93535b70675dc4a33425dfe6bf43d70679f	2026-09-30T12:31:50Z	2026-10-01T00:39:15Z	true	test(remote-index): use private short-lived owner fixtures
c04248dbc0e8d5c2d80e1c5f9d6aa81f342672c8	5a4656a0134cb8f5e602e665c08b1fa174a4df4d	2026-09-30T13:56:58Z	2026-10-01T00:39:20Z	true	fix(client): admit authenticated remote product coverage
43f03e534b6ad20d1c7f9ebe9c658123ed624865	c04248dbc0e8d5c2d80e1c5f9d6aa81f342672c8	2026-10-01T00:08:20Z	2026-10-01T00:39:20Z	true	Tighten remote product session admission
9931669a25193f35de468ea106cfce4e9570feaf	43f03e534b6ad20d1c7f9ebe9c658123ed624865	2026-10-01T00:35:55Z	2026-10-01T00:40:15Z	true	Add borrowed cancellation observer to supervisor
bf2a9eb039ea1461b0a585d4d688534cfe356701	9931669a25193f35de468ea106cfce4e9570feaf	2026-10-01T00:44:17Z	2026-10-01T00:46:39Z	true	Bound remote product wire test lifecycle
18bc5b05f97f033ba39cf76e2ce173b76f19a020	bf2a9eb039ea1461b0a585d4d688534cfe356701	2026-10-01T00:46:39Z	2026-10-01T00:46:39Z	true	test(client): retain admitted query root in remote wire fixture
9ffadebae95a142dab047d2a54a4457d707bc3a4	18bc5b05f97f033ba39cf76e2ce173b76f19a020	2026-10-01T00:53:19Z	2026-10-01T00:53:19Z	true	test(client): retain remote response through bounded send
dd7ea1f0d23ec3426b6ae343865a121fca60238e	9ffadebae95a142dab047d2a54a4457d707bc3a4	2026-10-01T01:01:49Z	2026-10-01T01:01:49Z	true	test(client): carry canonical revision proof in remote queries
d82b7cd4ef94b866792aee29f110f8bc804c7302	dd7ea1f0d23ec3426b6ae343865a121fca60238e	2026-10-01T01:16:38Z	2026-10-01T01:16:38Z	true	test(client): certify the remote fixture source basis
665dc4ae46889885e2e049fb00c1267e433e333a	d82b7cd4ef94b866792aee29f110f8bc804c7302	2026-10-01T01:18:21Z	2026-10-01T01:18:21Z	true	test(client): use the admitted canonical root export
52529e4e269a00252fd9fd042b268893b46e5226	665dc4ae46889885e2e049fb00c1267e433e333a	2026-10-01T01:20:45Z	2026-10-01T01:20:45Z	true	test(client): project remote queries from their source revision
cc8ad21dad3935cdf56cb19d85124d04386cf2c5	52529e4e269a00252fd9fd042b268893b46e5226	2026-10-01T01:21:53Z	2026-10-01T01:21:53Z	true	test(client): retain reply streams until the client completes
0dce0fecdb8ac61507ec22817bb7288d3c716850	cc8ad21dad3935cdf56cb19d85124d04386cf2c5	2026-10-01T00:45:47Z	2026-10-01T01:25:12Z	true	fix(gpui): remeasure text for intrinsic width
a79b6712e7a0225090c2e87d5b049466178336a8	0dce0fecdb8ac61507ec22817bb7288d3c716850	2026-10-01T01:43:24Z	2026-10-01T01:43:24Z	true	docs(readiness): record integrated remote tests and layout evidence limits
6115a46d3b60d37dcc824412a5fc57d971004bcb	a79b6712e7a0225090c2e87d5b049466178336a8	2026-10-01T02:00:28Z	2026-10-01T02:00:28Z	true	Guard shared Cargo caches across manifest worktrees
47319d09d5bfeac76a3f0a1b14effc91a5c8c536	6115a46d3b60d37dcc824412a5fc57d971004bcb	2026-10-01T02:13:57Z	2026-10-01T02:13:57Z	true	Pin Cargo rustc and rustdoc execution paths
12c8ae4d7eb0e2b4c238b8a0d3087da26671d813	47319d09d5bfeac76a3f0a1b14effc91a5c8c536	2026-10-01T03:02:42Z	2026-10-01T03:02:42Z	true	Bind Cargo evidence to compiler executable identity
5f24300a9a3d34481722628604043ab1dd4d9eb3	12c8ae4d7eb0e2b4c238b8a0d3087da26671d813	2026-10-01T03:07:08Z	2026-10-01T03:07:08Z	true	Wire closed host runtime authorities into Nix
0cd6abdfbcf43a1a1c07895da38578561a2e5e7b	5f24300a9a3d34481722628604043ab1dd4d9eb3	2026-10-01T01:56:00Z	2026-10-01T03:21:43Z	true	fix(client): bound remote sessions by one absolute lease
df8edee601539343b34cb7cb185ac1f75956cb8e	0cd6abdfbcf43a1a1c07895da38578561a2e5e7b	2026-10-01T02:25:38Z	2026-10-01T03:21:43Z	true	fix remote semantic deadline test wiring
102a0e95667a34e383fc73cc5380144205205beb	df8edee601539343b34cb7cb185ac1f75956cb8e	2026-10-01T02:32:35Z	2026-10-01T03:21:43Z	true	run bounded remote futures inside tokio runtime
90fe30c2021e44f4d274cce716836b8d63c1aa32	102a0e95667a34e383fc73cc5380144205205beb	2026-10-01T02:39:51Z	2026-10-01T03:21:43Z	true	clear remote authority after untrusted replies
e2a8417fd8476ad69f05241bca845803e7ced407	90fe30c2021e44f4d274cce716836b8d63c1aa32	2026-10-01T02:52:26Z	2026-10-01T03:21:43Z	true	stabilize expired-grant wire test endpoint
46ce6da2ac0db8fbabd7ea2cdfdcb4d66d07af9c	e2a8417fd8476ad69f05241bca845803e7ced407	2026-10-01T03:06:00Z	2026-10-01T03:21:43Z	true	deliver remote index admission rejections before close
28a5586fe7dbb064d6a722bae3798132c5be962c	46ce6da2ac0db8fbabd7ea2cdfdcb4d66d07af9c	2026-10-01T03:25:20Z	2026-10-01T03:25:20Z	true	Record tested Iroh integration and remaining admission gates
8d46caa64eb227a293db803fd80ef1ccd1d5dd97	28a5586fe7dbb064d6a722bae3798132c5be962c	2026-10-01T03:29:34Z	2026-10-01T03:58:22Z	true	Bind frozen runtime overlays to consumed source hashes
08a9cd6a178e600ba8bb34976b52b994d795b325	8d46caa64eb227a293db803fd80ef1ccd1d5dd97	2026-10-01T03:38:56Z	2026-10-01T03:58:22Z	true	Harden runtime overlay input verification
1f16b7f8ddefc49f5423a1ddb2c1fc4c768ad66a	08a9cd6a178e600ba8bb34976b52b994d795b325	2026-10-01T03:48:10Z	2026-10-01T03:58:22Z	true	Bound runtime overlay input verification
1055cced90b39c9a821605460bbad31466cfd53d	1f16b7f8ddefc49f5423a1ddb2c1fc4c768ad66a	2026-10-01T04:14:00Z	2026-10-01T04:14:00Z	true	Isolate compiler cache daemon protocols
0590418f1e29260cc1da7f3da35de7b9e992682e	1055cced90b39c9a821605460bbad31466cfd53d	2026-10-01T04:34:04Z	2026-10-01T04:34:04Z	true	Exclude Python bytecode from Cargo workspace discovery
b2175e1aadcec3ff8a3c3ecec10564b5990fd171	0590418f1e29260cc1da7f3da35de7b9e992682e	2026-10-01T04:34:04Z	2026-10-01T04:34:04Z	true	Keep capacity planning outside the core store test graph
d681524f81d0b8ba1b3686d2f00ed65bff4654a2	b2175e1aadcec3ff8a3c3ecec10564b5990fd171	2026-10-01T04:42:22Z	2026-10-01T04:42:22Z	true	Record storage and native stress evidence with open proof gaps
93bfd83e085acbcf388ef87421517beac9584dba	d681524f81d0b8ba1b3686d2f00ed65bff4654a2	2026-10-01T04:51:22Z	2026-10-01T05:00:47Z	true	Add passive local owner health probe
899a33dd93f75bdab8a2b8339aba323b0c9b3da0	93bfd83e085acbcf388ef87421517beac9584dba	2026-10-01T05:07:18Z	2026-10-01T05:07:18Z	true	Keep passive socket fixtures valid in deep Nix temporary roots
b6829dad6454af9fcf4c3ed8061b7b12d5f90e83	899a33dd93f75bdab8a2b8339aba323b0c9b3da0	2026-10-01T01:56:08Z	2026-10-01T05:22:20Z	true	feat(compile): port persistent embedding and owned process supervision
bd00ae7df7f97637cdeb5f61af7441e81159a1df	b6829dad6454af9fcf4c3ed8061b7b12d5f90e83	2026-10-01T02:07:17Z	2026-10-01T05:22:20Z	true	fix(platform): model Darwin process identity ABI exactly
994e837df1901f2270dad09a8822d02eb1a4ff6c	bd00ae7df7f97637cdeb5f61af7441e81159a1df	2026-10-01T02:14:03Z	2026-10-01T05:22:20Z	true	perf(compile): reduce embedding cache and batch overhead
3029461471d3f2309fa0296ed4b0083a955ca786	994e837df1901f2270dad09a8822d02eb1a4ff6c	2026-10-01T03:54:14Z	2026-10-01T05:22:20Z	true	Scope durable embedding cache to owner sessions
3a1a3a511d2434a3613adae2b0c6d024d79c89a8	3029461471d3f2309fa0296ed4b0083a955ca786	2026-10-01T04:02:45Z	2026-10-01T05:22:20Z	true	Bound embedding activation by one deadline
1f348cadb7572443c5951e6f8ebdf507d186ad2e	3a1a3a511d2434a3613adae2b0c6d024d79c89a8	2026-10-01T04:08:00Z	2026-10-01T05:22:20Z	true	Borrow embedding cache session across worker generations
46a6e56b4017079b9a7acefd2ce8573d81a88e86	1f348cadb7572443c5951e6f8ebdf507d186ad2e	2026-10-01T04:18:11Z	2026-10-01T05:22:20Z	true	Reject blocking executable paths and pin signed aliases
206159c143fe12c19985e5e4fcf0451e9869587b	46a6e56b4017079b9a7acefd2ce8573d81a88e86	2026-10-01T04:32:42Z	2026-10-01T05:22:20Z	true	Harden embedding activation and temp staging
576e1d5f750c83a896adace876026c379dd8e3bc	206159c143fe12c19985e5e4fcf0451e9869587b	2026-10-01T04:33:51Z	2026-10-01T05:22:20Z	true	Test full cache session identity binding
b53a6478833d4d53a73de9f3d65f6d2380235fbb	576e1d5f750c83a896adace876026c379dd8e3bc	2026-10-01T04:46:02Z	2026-10-01T05:22:20Z	true	Fix embedding compile blockers
88ef45db08b7ed0ef166d6758779f66c2bb882e6	b53a6478833d4d53a73de9f3d65f6d2380235fbb	2026-10-01T04:53:10Z	2026-10-01T05:22:20Z	true	Align streamed identities and cache eviction accounting
94448876612f5bca07d8c04c5fbefe72b51350ee	88ef45db08b7ed0ef166d6758779f66c2bb882e6	2026-10-01T04:55:05Z	2026-10-01T05:22:20Z	true	Use private capabilities in cache scope test
45882059d191ec20303c79c123b690a119fb6c9a	94448876612f5bca07d8c04c5fbefe72b51350ee	2026-10-01T05:39:30Z	2026-10-01T05:48:33Z	true	Bound regular state reads through pinned directory capabilities
425583e9fb3c035348326f2a7c1f3a6aebc2598e	45882059d191ec20303c79c123b690a119fb6c9a	2026-10-01T05:44:09Z	2026-10-01T05:48:33Z	true	Resolve directory capability through its owning module
7656a37b27e3cce5057e230608e11970bb8b7478	425583e9fb3c035348326f2a7c1f3a6aebc2598e	2026-10-01T05:44:09Z	2026-10-01T06:12:22Z	true	Bound launch snapshots and validate every retained section
32da0cb0b9a07aad9b4f9362ef0c77a22736a452	7656a37b27e3cce5057e230608e11970bb8b7478	2026-10-01T05:56:07Z	2026-10-01T06:12:22Z	true	Reuse one borrowed byte budget for state and page serialization
092b751a836404626868213250593a819aeccfb0	32da0cb0b9a07aad9b4f9362ef0c77a22736a452	2026-10-01T05:06:38Z	2026-10-01T06:35:38Z	true	Keep browsing routes and stage cancellable page reads
1a70d567f9757959a15ea7c4769d706728561c08	092b751a836404626868213250593a819aeccfb0	2026-10-01T05:14:52Z	2026-10-01T06:35:38Z	true	Reconnect desktop shell to current platform and facet APIs
4aca0c2dbc7d31a99c55aa51f4970ca2260143ae	1a70d567f9757959a15ea7c4769d706728561c08	2026-10-01T05:22:51Z	2026-10-01T06:35:38Z	true	Keep staged page completeness distinct from terminal reads
db289161150d52796fd768be70697c9a3cbb5fe8	4aca0c2dbc7d31a99c55aa51f4970ca2260143ae	2026-10-01T05:23:53Z	2026-10-01T06:35:38Z	true	Refresh staged page authority when a retry returns equal content
f3a55981b1b7d8086946524edb2bb5d90b22a868	db289161150d52796fd768be70697c9a3cbb5fe8	2026-10-01T03:04:29Z	2026-10-01T06:35:38Z	true	fix(facet): keep disclosure cards in natural flow
ae4e8f2a27f1a44d7d351e94e38766764fce0427	f3a55981b1b7d8086946524edb2bb5d90b22a868	2026-10-01T03:16:17Z	2026-10-01T06:35:38Z	true	fix(facet): size disclosure faces to received width
9b167cff9147af608bf7fc1a2f55bba49cd53db1	ae4e8f2a27f1a44d7d351e94e38766764fce0427	2026-10-01T04:38:12Z	2026-10-01T06:35:38Z	true	fix(facet): keep heads-up findings readable when narrow
03c6291f5910b874a62740ace14c9237af0d3141	9b167cff9147af608bf7fc1a2f55bba49cd53db1	2026-10-01T04:40:37Z	2026-10-01T06:35:38Z	true	fix(facet): retain separate heads-up control identity
6f1bf3725eaa54fd184475a0d7bc50f8ff74cac9	03c6291f5910b874a62740ace14c9237af0d3141	2026-10-01T05:02:57Z	2026-10-01T06:35:38Z	true	fix(facet): keep focused heads-up open on resize
4ba139a342dd81e7b334dc1addeaa970fcb4b049	6f1bf3725eaa54fd184475a0d7bc50f8ff74cac9	2026-10-01T05:26:23Z	2026-10-01T06:35:38Z	true	Retire disclosure copy before its plate contracts
30c204bcb4cd77be10a05f6f5e000c0ccd04e6a0	4ba139a342dd81e7b334dc1addeaa970fcb4b049	2026-10-01T05:29:44Z	2026-10-01T06:35:38Z	true	Keep desktop tests aligned with current launch and registry APIs
54c294de6c098bf8a28e9a6d47ba2482ebb5d93a	30c204bcb4cd77be10a05f6f5e000c0ccd04e6a0	2026-10-01T05:46:57Z	2026-10-01T06:35:38Z	true	Refuse invalid saved releases and stale-root page generations
87a0c039dd5c29877484b6f9ebc77eea8324305f	54c294de6c098bf8a28e9a6d47ba2482ebb5d93a	2026-10-01T05:48:41Z	2026-10-01T06:35:38Z	true	Bound outline rows and cache by retained bytes
a93a398c1d68f709244e71367dc8ecee8df3f6e7	87a0c039dd5c29877484b6f9ebc77eea8324305f	2026-10-01T06:04:13Z	2026-10-01T06:35:38Z	true	Validate alternate release provenance on page workers
dc64c81ec2db465e265c34a13ca86cc6f441cdd4	a93a398c1d68f709244e71367dc8ecee8df3f6e7	2026-10-01T06:11:24Z	2026-10-01T06:35:38Z	true	Bound desktop state saves and preserve observed recovery bytes
f39ffe2fe481e6f9c8de641dd44165b8a861d1b0	dc64c81ec2db465e265c34a13ca86cc6f441cdd4	2026-10-01T06:19:05Z	2026-10-01T06:35:38Z	true	Keep release admission private and address identity stable
909007d7fbdb93a8d68ff9554ba1e7c45b1752aa	f39ffe2fe481e6f9c8de641dd44165b8a861d1b0	2026-10-01T06:19:11Z	2026-10-01T06:35:38Z	true	Restore saved UI focus only from an admitted owner row
230534b48e802b2b28e92cc9b59f0d03da544008	909007d7fbdb93a8d68ff9554ba1e7c45b1752aa	2026-10-01T06:26:02Z	2026-10-01T06:35:38Z	true	Detect lost attached owners and retry their serving generation
0ae22d1f5f52dbebbd19e64511fe05ee121e204c	230534b48e802b2b28e92cc9b59f0d03da544008	2026-10-01T06:30:18Z	2026-10-01T07:27:10Z	true	Preserve release scope claims in launch snapshots and reverify seeds
82318caacd1e65d8f9014efe0279bccfd233bd35	0ae22d1f5f52dbebbd19e64511fe05ee121e204c	2026-10-01T06:39:48Z	2026-10-01T07:27:10Z	true	Fingerprint desktop mappings off-thread and fail closed on unknown builds
a58a9ff5a0458ecaea4deccd75ebf46be60a6633	82318caacd1e65d8f9014efe0279bccfd233bd35	2026-10-01T07:06:37Z	2026-10-01T07:27:56Z	true	Bind snapshots to the loaded executable image
afc9cef7fff5373b9bb9cea11373da12515d6115	a58a9ff5a0458ecaea4deccd75ebf46be60a6633	2026-10-01T07:15:32Z	2026-10-01T07:27:56Z	true	Keep executable identity bound through fingerprinting
cf4d6cdc93b2c9baddca47a5e9886863bffd6369	afc9cef7fff5373b9bb9cea11373da12515d6115	2026-10-01T07:17:28Z	2026-10-01T07:27:56Z	true	Keep native capture free of prototype worlds and unblock memo test schedules
4c5667f7199951efff2742e51c67b3c62fdf1f0b	cf4d6cdc93b2c9baddca47a5e9886863bffd6369	2026-10-01T07:52:18Z	2026-10-01T07:52:18Z	true	Revalidate restored source observations at an unchanged index root
c43df03703e94da720b7c0ea843d10bf7131341b	4c5667f7199951efff2742e51c67b3c62fdf1f0b	2026-10-01T08:22:11Z	2026-10-01T08:22:11Z	true	Record composed GUI runtime gates and remaining live acceptance work
cce24d3f3bfd97470eeb36762697f0610b92b271	d681524f81d0b8ba1b3686d2f00ed65bff4654a2	2026-10-01T05:06:38Z	2026-10-01T05:06:38Z	false	Keep browsing routes and stage cancellable page reads
69efe1bb2515682a70fe12a15d51711bd4d71669	cce24d3f3bfd97470eeb36762697f0610b92b271	2026-10-01T05:14:52Z	2026-10-01T05:14:52Z	false	Reconnect desktop shell to current platform and facet APIs
19c6e916fb9b10454928c9f3cd0dcef2aa742d0e	69efe1bb2515682a70fe12a15d51711bd4d71669	2026-10-01T05:22:51Z	2026-10-01T05:22:51Z	false	Keep staged page completeness distinct from terminal reads
3ac68a188e0db992cdba28e386d22248a5cdbbda	19c6e916fb9b10454928c9f3cd0dcef2aa742d0e	2026-10-01T05:23:53Z	2026-10-01T05:23:53Z	false	Refresh staged page authority when a retry returns equal content
0f729201d80faa2d8b679fed3676a76f82188f74	3ac68a188e0db992cdba28e386d22248a5cdbbda	2026-10-01T03:04:29Z	2026-10-01T05:24:30Z	false	fix(facet): keep disclosure cards in natural flow
c642d865592e7c1591a9f2a9c4cf09d44c4fada6	0f729201d80faa2d8b679fed3676a76f82188f74	2026-10-01T03:16:17Z	2026-10-01T05:24:30Z	false	fix(facet): size disclosure faces to received width
cde05c08e5a1928402a7677180202d9d321f824c	c642d865592e7c1591a9f2a9c4cf09d44c4fada6	2026-10-01T04:38:12Z	2026-10-01T05:24:30Z	false	fix(facet): keep heads-up findings readable when narrow
22b8ac0f3f98a83904e9027a1c78524bef21f75c	cde05c08e5a1928402a7677180202d9d321f824c	2026-10-01T04:40:37Z	2026-10-01T05:24:30Z	false	fix(facet): retain separate heads-up control identity
d3aa54189cec57b58b4865fa5678cb8ee191b635	22b8ac0f3f98a83904e9027a1c78524bef21f75c	2026-10-01T05:02:57Z	2026-10-01T05:24:30Z	false	fix(facet): keep focused heads-up open on resize
5991a7c077a5701e69d1bf9543de1c8431c848cc	d3aa54189cec57b58b4865fa5678cb8ee191b635	2026-10-01T05:26:23Z	2026-10-01T05:26:23Z	false	Retire disclosure copy before its plate contracts
27612b65496140ad1c64a2c22dfadfa84550c12b	5991a7c077a5701e69d1bf9543de1c8431c848cc	2026-10-01T05:29:44Z	2026-10-01T05:31:09Z	false	Keep desktop tests aligned with current launch and registry APIs
4dee636ff8c16f6215dfecffd0b71f8e97c130f4	27612b65496140ad1c64a2c22dfadfa84550c12b	2026-10-01T05:39:30Z	2026-10-01T05:39:43Z	false	Bound regular state reads through pinned directory capabilities
1f50dc4e7b1a5ed728347514f07892a60286e826	4dee636ff8c16f6215dfecffd0b71f8e97c130f4	2026-10-01T05:42:58Z	2026-10-01T05:42:58Z	false	Import directory capability from its platform module
b52406951a2f377490fbe51278c45b4b6f978e4f	1f50dc4e7b1a5ed728347514f07892a60286e826	2026-10-01T05:46:57Z	2026-10-01T05:46:57Z	false	Refuse invalid saved releases and stale-root page generations
1dcbf30f1406d7da06accfa6af4fc5395254debf	b52406951a2f377490fbe51278c45b4b6f978e4f	2026-10-01T05:44:09Z	2026-10-01T05:47:04Z	false	Bound launch snapshots and validate every retained section
12c9e5751f37c01fd5f01b1e5f99b075befd008a	1dcbf30f1406d7da06accfa6af4fc5395254debf	2026-10-01T05:48:41Z	2026-10-01T05:48:41Z	false	Bound outline rows and cache by retained bytes
7f7aded1874dcd6a18c7ab37af4a2c483ffc8b25	12c9e5751f37c01fd5f01b1e5f99b075befd008a	2026-10-01T06:04:13Z	2026-10-01T06:04:13Z	false	Validate alternate release provenance on page workers
f94ee3f4410090b86e6c1ce78efeb1c7a9569451	7f7aded1874dcd6a18c7ab37af4a2c483ffc8b25	2026-10-01T05:56:07Z	2026-10-01T06:04:25Z	false	Reuse one borrowed byte budget for state and page serialization
f3ffe8d9feb9eb9f97c0a96b27470d7de59437fc	f94ee3f4410090b86e6c1ce78efeb1c7a9569451	2026-10-01T06:11:24Z	2026-10-01T06:11:24Z	false	Bound desktop state saves and preserve observed recovery bytes
e999e398663015fb80f4f226c71fe6f9d9187567	f3ffe8d9feb9eb9f97c0a96b27470d7de59437fc	2026-10-01T06:19:05Z	2026-10-01T06:19:05Z	false	Keep release admission private and address identity stable
a9f071e207c1e1e1cf3efb7670771456b39de589	e999e398663015fb80f4f226c71fe6f9d9187567	2026-10-01T06:19:11Z	2026-10-01T06:19:11Z	false	Restore saved UI focus only from an admitted owner row
2cd2c2308e9b413d9732e27a4c0b4aec59e5bcfc	a9f071e207c1e1e1cf3efb7670771456b39de589	2026-10-01T06:26:02Z	2026-10-01T06:26:02Z	false	Detect lost attached owners and retry their serving generation
43a173e136599de09937fd843198e5c50010d758	2cd2c2308e9b413d9732e27a4c0b4aec59e5bcfc	2026-10-01T06:11:00Z	2026-10-01T06:27:26Z	false	fix(desktop): keep partial outline links uncertain
7cf381fb6d14e4b2f9e820f6ecf0ee1cef697129	43a173e136599de09937fd843198e5c50010d758	2026-10-01T06:23:48Z	2026-10-01T06:27:40Z	false	feat(desktop): add navigable local Markdown reader
6df015fe9d7720edc3a941860112df53a9514fde	7cf381fb6d14e4b2f9e820f6ecf0ee1cef697129	2026-10-01T06:24:42Z	2026-10-01T06:27:40Z	false	fix(desktop): export typed outline coverage
f4e170386f59e16568d398c678b8b341332830ec	6df015fe9d7720edc3a941860112df53a9514fde	2026-10-01T06:26:57Z	2026-10-01T06:27:40Z	false	feat(desktop): add bounded source code reader
25be9fc11a232bfb49d9be99226cf23027b6b99e	f4e170386f59e16568d398c678b8b341332830ec	2026-10-01T06:30:18Z	2026-10-01T06:30:39Z	false	Preserve release scope claims in launch snapshots and reverify seeds
6f326a401c669e56573378ccaf1617fae893010d	25be9fc11a232bfb49d9be99226cf23027b6b99e	2026-10-01T06:55:33Z	2026-10-01T06:55:33Z	false	Fence actor and page reads across attached owner restarts
838ca30631db9a8f1a6e4582d310ba6b9a37db1f	6f326a401c669e56573378ccaf1617fae893010d	2026-10-01T07:02:18Z	2026-10-01T07:02:18Z	false	Hold page requests when owner retry skips a failure event
5d0b1b383b267c591b276f02c3ce6a91ef6d6e3b	838ca30631db9a8f1a6e4582d310ba6b9a37db1f	2026-10-01T07:12:07Z	2026-10-01T07:12:07Z	false	Wake cancelled owner waits and revoke active actor work on close
5b79821d89372d7617574f691fc8b8bb9f3f4430	5d0b1b383b267c591b276f02c3ce6a91ef6d6e3b	2026-10-01T07:12:17Z	2026-10-01T07:12:17Z	false	Peel between declaration page and code from measured line
a5c47ce1a4aec4d7fd2a7b3d37c77888f75561e3	5b79821d89372d7617574f691fc8b8bb9f3f4430	2026-10-01T07:11:47Z	2026-10-01T07:12:21Z	false	fix(desktop): secure worker source reads and bound source rendering
bcb4632b728ecbb385c0fbaec31377302129c004	a5c47ce1a4aec4d7fd2a7b3d37c77888f75561e3	2026-10-01T06:39:48Z	2026-10-01T07:12:25Z	false	Fingerprint desktop mappings off-thread and fail closed on unknown builds
4b971c2815b0838e195b4cfcd9210d2a7bd66a5a	bcb4632b728ecbb385c0fbaec31377302129c004	2026-10-01T07:14:03Z	2026-10-01T07:14:03Z	false	Skip owner probes for requests already cancelled
293326d87f2e3d37f142ef6f91d80ddc9770a4f9	4b971c2815b0838e195b4cfcd9210d2a7bd66a5a	2026-10-01T06:04:44Z	2026-10-01T07:14:57Z	false	Make project trees and library discovery source-backed
8146ed570f6bc359a037457b57b9497b596d0e02	293326d87f2e3d37f142ef6f91d80ddc9770a4f9	2026-10-01T06:39:41Z	2026-10-01T07:14:57Z	false	Preserve registry authority through browse and owner lookups
2170d3b98c4c915d5025bd6acafa26c03b066d3e	8146ed570f6bc359a037457b57b9497b596d0e02	2026-10-01T07:01:00Z	2026-10-01T07:14:57Z	false	Retain exact registry edges and partial reverse coverage
8f69dee0dc43d2907b9961293bb3e17aa034957f	2170d3b98c4c915d5025bd6acafa26c03b066d3e	2026-10-01T07:16:10Z	2026-10-01T07:16:19Z	false	fix(desktop): preserve partial dependency coverage
2e6aea462caa881e4e290c5a05c08569ee9e4be1	8f69dee0dc43d2907b9961293bb3e17aa034957f	2026-10-01T07:17:16Z	2026-10-01T07:17:26Z	false	perf(desktop): seek directly to visible source links
c5bb0b9ffcf527da6c644a63696f9ac5e3768b7c	2e6aea462caa881e4e290c5a05c08569ee9e4be1	2026-10-01T07:18:14Z	2026-10-01T07:18:49Z	false	fix(desktop): keep Markdown navigation exact and stable
ac171948a2741bc3d35cadd9a95fce3b08c425df	c5bb0b9ffcf527da6c644a63696f9ac5e3768b7c	2026-10-01T07:17:28Z	2026-10-01T07:31:42Z	false	Keep native capture free of prototype worlds and unblock memo test schedules
a932aeb222aca6a8659389cd760c82016d4463c2	ac171948a2741bc3d35cadd9a95fce3b08c425df	2026-10-01T07:06:37Z	2026-10-01T07:31:42Z	false	Bind snapshots to the loaded executable image
eddd9bb40a4496c8d226f5b8e3bbd27a48c4cd3f	a932aeb222aca6a8659389cd760c82016d4463c2	2026-10-01T07:15:32Z	2026-10-01T07:31:42Z	false	Keep executable identity bound through fingerprinting
1eac8fc8c7707c072a242c4af14021e197f60046	eddd9bb40a4496c8d226f5b8e3bbd27a48c4cd3f	2026-10-01T07:32:42Z	2026-10-01T07:32:42Z	false	Preserve audited macOS process boundary in GUI composition
42f2b6d9d0f4525b67fbba973d74544ef32cfac8	1eac8fc8c7707c072a242c4af14021e197f60046	2026-10-01T07:43:08Z	2026-10-01T07:43:16Z	false	fix(desktop): bind source links to verified excerpts
f378539130d7901d93958dca09c4d3278cfcd157	42f2b6d9d0f4525b67fbba973d74544ef32cfac8	2026-10-01T07:43:53Z	2026-10-01T07:43:53Z	false	Lock the existing libc build edge for macOS process adapter
8ed73422e547d4b3667ab7e818a3db2efd0240d3	f378539130d7901d93958dca09c4d3278cfcd157	2026-10-01T07:45:07Z	2026-10-01T07:45:16Z	false	fix(desktop): preserve source link focus target
5868fde8f2db985bbd243d4ef5fd5c57b5550cce	8ed73422e547d4b3667ab7e818a3db2efd0240d3	2026-10-01T07:45:49Z	2026-10-01T07:46:47Z	false	test(desktop): refuse unsafe README targets
ec4b4e052bea8f22f37b5d350ac3b1e3418e922e	5868fde8f2db985bbd243d4ef5fd5c57b5550cce	2026-10-01T07:48:57Z	2026-10-01T07:48:57Z	false	fix(desktop): preserve source paths and semantic release ordering
e676318a381e00ee9a3f170115579ec959614c19	ec4b4e052bea8f22f37b5d350ac3b1e3418e922e	2026-10-01T07:48:57Z	2026-10-01T07:48:57Z	false	test(desktop): construct capture session through public fields
3183d55d55e6057c5b05fd79a30a0e41353bc838	e676318a381e00ee9a3f170115579ec959614c19	2026-10-01T07:49:56Z	2026-10-01T07:49:56Z	false	test(desktop): align source provenance cases with bounded APIs
66f5fae1f59e4cfcc3031c25751258b232d877b1	3183d55d55e6057c5b05fd79a30a0e41353bc838	2026-10-01T07:50:20Z	2026-10-01T07:50:35Z	false	fix(desktop): scale README prose with design text
17c0ca2b91b2c2eb7c1a65e1d36c56dd1a754a46	66f5fae1f59e4cfcc3031c25751258b232d877b1	2026-10-01T08:13:14Z	2026-10-01T08:13:14Z	false	fix(desktop): bring scaled prose role into scope
166e78f2f92b5615e56f897af33a9214181b7f5f	17c0ca2b91b2c2eb7c1a65e1d36c56dd1a754a46	2026-10-01T07:52:18Z	2026-10-01T08:13:20Z	false	Revalidate restored source observations at an unchanged index root
2bf7f2aac6937757b14b3dc8a3c267fafbe30c7c	166e78f2f92b5615e56f897af33a9214181b7f5f	2026-10-01T07:59:48Z	2026-10-01T08:13:20Z	false	fix(desktop): redraw source when verification changes
0afc97f06f8ee4abe3517df07a162581c74c8f6e	c43df03703e94da720b7c0ea843d10bf7131341b 2bf7f2aac6937757b14b3dc8a3c267fafbe30c7c	2026-10-01T08:50:48Z	2026-10-01T08:50:48Z	true	Merge source-backed GUI reads and owner restart fencing
7642f46e70aa49e3e3a814f4f60a168f3bb4b944	2bf7f2aac6937757b14b3dc8a3c267fafbe30c7c	2026-10-01T08:07:53Z	2026-10-01T08:19:00Z	false	Page whole source files in bounded native reader windows
de7b614a3ab30347daccc73c436109fe30a4a6b7	7642f46e70aa49e3e3a814f4f60a168f3bb4b944	2026-10-01T08:09:37Z	2026-10-01T08:19:00Z	false	Keep source pages responsive at narrow high-scale widths
39534153a44ee9cb75b1109078ad85c919e676a9	de7b614a3ab30347daccc73c436109fe30a4a6b7	2026-10-01T08:11:03Z	2026-10-01T08:19:00Z	false	Preserve exact source page round trips
3d1cb4e2d59608d7a3a230f3c15596cf47954f47	39534153a44ee9cb75b1109078ad85c919e676a9	2026-10-01T08:13:12Z	2026-10-01T08:19:00Z	false	Label partial source-line copies accurately
4215bd03c54cde03b9e1993ab545a69935ef5bdd	3d1cb4e2d59608d7a3a230f3c15596cf47954f47	2026-10-01T08:17:55Z	2026-10-01T08:19:00Z	false	Extract bounded source cursor and reader memory model
e8a8e112c03af60d6ca36b96c319f067c789d92c	4215bd03c54cde03b9e1993ab545a69935ef5bdd	2026-10-01T08:23:41Z	2026-10-01T08:23:41Z	false	Keep source paging with exact reader route and owner revision
a6389d246c2c54bf3fb3dc90dfc4b0e9983e3513	e8a8e112c03af60d6ca36b96c319f067c789d92c	2026-10-01T08:06:22Z	2026-10-01T08:24:43Z	false	test(desktop): queued mutation cannot execute after actor close
5585e4753f30d875b15b55fd14c2ea8d1624778a	a6389d246c2c54bf3fb3dc90dfc4b0e9983e3513	2026-10-01T08:12:31Z	2026-10-01T08:24:43Z	false	fix(desktop): bound local Cargo output through child pipe deadline
e551cd18e16c30e3abd3c6bf95afea435734896b	5585e4753f30d875b15b55fd14c2ea8d1624778a	2026-10-01T08:24:21Z	2026-10-01T08:24:43Z	false	Refuse Windows child capture until cancellation is bounded
ad07e51c54aa5396418f745d50a6474131524658	e551cd18e16c30e3abd3c6bf95afea435734896b	2026-10-01T08:24:58Z	2026-10-01T08:34:48Z	false	Bind source pager to Reader-owned route memory and test Back
5ffbb589c43bfa19508b5c2185cd5cdac0f917d1	ad07e51c54aa5396418f745d50a6474131524658	2026-10-01T08:40:27Z	2026-10-01T08:40:56Z	false	Expose cancellable handles for exact local transport sockets
bc4f6fceb17a181961eff3b68d0db73e83915157	5ffbb589c43bfa19508b5c2185cd5cdac0f917d1	2026-10-01T08:40:27Z	2026-10-01T08:40:56Z	false	Interrupt active desktop RPCs and local Cargo work on cancellation
4b4f6b75479466d8885475afaffbc662b26d5698	bc4f6fceb17a181961eff3b68d0db73e83915157	2026-10-01T08:43:10Z	2026-10-01T08:43:10Z	false	Import bounded page connection deadline
9f5a4cc6b0d0ce23bf883deb4dc5957fd29c9e26	0afc97f06f8ee4abe3517df07a162581c74c8f6e 4b4f6b75479466d8885475afaffbc662b26d5698	2026-10-01T09:21:39Z	2026-10-01T09:21:39Z	true	Interrupt desktop work through exact socket and child custody
a5c3cd0e5b8c877df80f4cec87e1b97678f363b5	9f5a4cc6b0d0ce23bf883deb4dc5957fd29c9e26	2026-10-01T08:44:18Z	2026-10-01T09:21:39Z	true	Reject source text with ambiguous line coordinates
a6e628cdf45844e9b2bf8729a306c824ee28dec4	a5c3cd0e5b8c877df80f4cec87e1b97678f363b5	2026-10-01T08:45:09Z	2026-10-01T09:21:39Z	true	Exercise representable producer location with overflowing excerpt
46ab1c765361ffaebb473c7b67d731b49d451b60	a6e628cdf45844e9b2bf8729a306c824ee28dec4	2026-10-01T08:45:42Z	2026-10-01T09:21:39Z	true	Exercise final representable source line in pager
26062ad97964ec805cf9ffaef769d10637ce6d73	46ab1c765361ffaebb473c7b67d731b49d451b60	2026-10-01T08:51:12Z	2026-10-01T09:21:39Z	true	Reject zero-based source coordinates before indexing
226d0c58dba49c2060cf0cdd30ff446ca2056373	26062ad97964ec805cf9ffaef769d10637ce6d73	2026-10-01T09:06:42Z	2026-10-01T09:21:39Z	true	Exercise source paging through native wheel and reflow
d409b7c85d0d95335b920d59df7f4a47c47db303	226d0c58dba49c2060cf0cdd30ff446ca2056373	2026-10-01T09:10:28Z	2026-10-01T09:21:39Z	true	Dispatch the wheel through the visual GPUI test context
72a0c05193f4cd1385a01022d07b2279ebdad363	d409b7c85d0d95335b920d59df7f4a47c47db303	2026-10-01T08:32:10Z	2026-10-01T09:21:58Z	true	Exercise long source pages at 200 percent text
4aaaf31a2e884da1e19f202a0b331d253e0b43d9	72a0c05193f4cd1385a01022d07b2279ebdad363	2026-10-01T08:33:55Z	2026-10-01T09:21:58Z	true	fix(rust): index active package modules from DefMaps
3808d9a9a77ba9baaa008dc7e30b502a55e622fe	4aaaf31a2e884da1e19f202a0b331d253e0b43d9	2026-10-01T09:31:56Z	2026-10-01T09:31:56Z	true	Retain typed module ownership failures at the engine boundary
984481fa9272453f69ece97de49fc9ace80d14dd	3808d9a9a77ba9baaa008dc7e30b502a55e622fe	2026-10-01T09:23:01Z	2026-10-01T09:31:56Z	true	Keep source line origin immutable after checked construction
f0d1dbab683ee9539f216bc99d67d971ac9cb3b0	984481fa9272453f69ece97de49fc9ace80d14dd	2026-10-01T09:27:49Z	2026-10-01T09:31:56Z	true	fix(desktop): refuse unrepresentable Cargo deadlines before spawn
1d396d0eb0d699f98bdffc3d9d93608ab2db0d29	f0d1dbab683ee9539f216bc99d67d971ac9cb3b0	2026-10-01T09:32:51Z	2026-10-01T10:03:17Z	true	fix(desktop): hold unconfirmed index outcomes outside retry
005a80bb18fb7788d4241d8abe3c7172dbcb2a85	1d396d0eb0d699f98bdffc3d9d93608ab2db0d29	2026-10-01T09:36:33Z	2026-10-01T10:03:17Z	true	fix(desktop): preserve index receipt across owner replacement
0b4bc1e40481eaa2ff3f2231da2d65a23becda3e	005a80bb18fb7788d4241d8abe3c7172dbcb2a85	2026-10-01T08:35:30Z	2026-10-01T10:16:48Z	true	Add upstream GPUI Motion and spring primitives
1868ef7304c95e38cbfb5e9209336d4cbdd4356d	0b4bc1e40481eaa2ff3f2231da2d65a23becda3e	2026-10-01T08:56:02Z	2026-10-01T10:16:48Z	true	Adapt legacy GPUI animation APIs to Motion
e4b10b658fe21616871a0170c4c21cc38471cdae	1868ef7304c95e38cbfb5e9209336d4cbdd4356d	2026-10-01T09:30:15Z	2026-10-01T10:16:48Z	true	Preserve transition cache and animation chain time
6f76e135d272decd32defe70dd5b00bd994adb53	e4b10b658fe21616871a0170c4c21cc38471cdae	2026-10-01T09:58:07Z	2026-10-01T10:16:48Z	true	Correct Motion retarget regression fixtures
72cf6dda70d88ef9e5c9962f15f402406720900f	6f76e135d272decd32defe70dd5b00bd994adb53	2026-10-01T09:58:41Z	2026-10-01T10:16:48Z	true	Order spring target and initial value builder
19668f1edf72ce1b30643838948c254f7031b46a	72cf6dda70d88ef9e5c9962f15f402406720900f	2026-10-01T10:07:22Z	2026-10-01T10:16:48Z	true	Render stale image frame test in a root view
45a111ee4ac008a30e502190c9c9d13dba99d1cf	19668f1edf72ce1b30643838948c254f7031b46a	2026-10-01T09:45:54Z	2026-10-01T10:17:28Z	true	Include vendored GPUI in workspace test selection
09f1efe3fb02ba564547a2333290986df4f853ab	45a111ee4ac008a30e502190c9c9d13dba99d1cf	2026-10-01T09:47:31Z	2026-10-01T10:17:28Z	true	Lock GPUI unit-test dependencies
acf58a03fed7d7eed0d05ce0073030c767da9a2a	09f1efe3fb02ba564547a2333290986df4f853ab	2026-10-01T09:55:36Z	2026-10-01T10:17:28Z	true	Restore upstream GPUI unit-test fixtures
f4acf5fadeb8647fc00b66c5e2956c995553c1e8	acf58a03fed7d7eed0d05ce0073030c767da9a2a	2026-10-01T09:51:39Z	2026-10-01T10:18:26Z	true	Resolve README links with bounded exact-page actions and feedback
989464ddfdbb71acf8d2bdcf76d86c1c7cdd014a	f4acf5fadeb8647fc00b66c5e2956c995553c1e8	2026-10-01T09:52:49Z	2026-10-01T10:18:26Z	true	Bound admitted README link and heading rows on malformed models
5849ed478c9cddf6ff81b53e2ee0561f29780299	989464ddfdbb71acf8d2bdcf76d86c1c7cdd014a	2026-10-01T09:54:47Z	2026-10-01T10:18:26Z	true	Latch README return focus and disclose unavailable indexes
9fdf10ae3922d04aeb7131dc3d9dedd6ffd3108c	5849ed478c9cddf6ff81b53e2ee0561f29780299	2026-10-01T09:55:46Z	2026-10-01T10:18:26Z	true	Refuse untyped Rustdoc page filenames
6122bd907f8e73566aff9fb2d2e780721132dd59	9fdf10ae3922d04aeb7131dc3d9dedd6ffd3108c	2026-10-01T09:57:36Z	2026-10-01T10:18:26Z	true	Exercise README keyboard route return and unavailable action in native shell
c481b8e833761b0b7d2fdd92d5ab05243c659070	6122bd907f8e73566aff9fb2d2e780721132dd59	2026-10-01T10:01:18Z	2026-10-01T10:18:26Z	true	Keep Rustdoc coverage tests on the production resolver
0ee04dcee42bff7d71d5b7aa853a12ce0e293a44	c481b8e833761b0b7d2fdd92d5ab05243c659070	2026-10-01T10:05:41Z	2026-10-01T10:18:26Z	true	Bound README outline lookup and refuse ambiguous headings
0bb049552c05bdeaf6b5dcef2b6be1e449c96b64	0ee04dcee42bff7d71d5b7aa853a12ce0e293a44	2026-10-01T10:43:14Z	2026-10-01T10:43:14Z	true	fix(desktop): admit private first-launch state and preserve cold settings
da1a9e3adfa5d44e25abb7b583efd4aa739b25cf	0bb049552c05bdeaf6b5dcef2b6be1e449c96b64	2026-10-01T09:09:29Z	2026-10-01T10:43:15Z	true	Keep Library release actions typed and disclosure identities stable
20853c05490dcf1631a10b20379238d9b507e6c3	da1a9e3adfa5d44e25abb7b583efd4aa739b25cf	2026-10-01T09:11:43Z	2026-10-01T10:43:15Z	true	Prepare Library display model on the read worker
442083b083022fc5084d90fbeeee965d14d208c2	20853c05490dcf1631a10b20379238d9b507e6c3	2026-10-01T10:44:17Z	2026-10-01T10:44:17Z	true	feat(gui): virtualize Library browsing with bounded release and focus state
db4578af9f36f08a148784c15f8993c4595c81b0	442083b083022fc5084d90fbeeee965d14d208c2	2026-10-01T10:44:17Z	2026-10-01T10:44:17Z	true	perf(gui): prepare exact README destinations on the read worker
66616ddfdb8d57a556cb8fd029149b3c974623a7	db4578af9f36f08a148784c15f8993c4595c81b0	2026-10-01T10:37:31Z	2026-10-01T10:46:34Z	true	fix(desktop): restore reader focus after Settings Escape
c368dc5472aaf50f078050fbd53d29cf18fe7f34	66616ddfdb8d57a556cb8fd029149b3c974623a7	2026-10-01T10:52:33Z	2026-10-01T10:52:33Z	true	fix(browse): preserve exact Cargo sources and graph uncertainty across surfaces
389e1718c5d7c68f415e337f082f8a6a98443702	c368dc5472aaf50f078050fbd53d29cf18fe7f34	2026-10-01T10:54:00Z	2026-10-01T10:54:00Z	true	fix(rust): retain active module ownership across full source overlays
94d600ee9fbb5e9680e7161319c0589c087bf177	389e1718c5d7c68f415e337f082f8a6a98443702	2026-10-01T10:59:41Z	2026-10-01T10:59:41Z	true	feat(gui): complete Settings navigation and truthful capability status
53e52c1a24626df6516ea597ba441b9966d3d2b8	94d600ee9fbb5e9680e7161319c0589c087bf177	2026-10-01T11:15:46Z	2026-10-01T11:15:46Z	true	fix(present): exhaustively describe complete inactive coverage
293c17ec4c7bf3348ccecf1e8523317c31db8ab1	53e52c1a24626df6516ea597ba441b9966d3d2b8	2026-10-01T11:03:46Z	2026-10-01T11:24:07Z	true	fix(rust): preserve lexical source-root paths
777af8707a909b2605e3ab1d1f05c856080f0467	293c17ec4c7bf3348ccecf1e8523317c31db8ab1	2026-10-01T11:09:20Z	2026-10-01T11:24:07Z	true	Track old source root during rehome
4f5ee24b85ab90318ce98a1dbb038538ca60affa	777af8707a909b2605e3ab1d1f05c856080f0467	2026-10-01T11:16:23Z	2026-10-01T11:24:07Z	true	Test renamed and symlinked module ownership
507c25224446ad312ed7b3163411e6fb019ef9f7	4f5ee24b85ab90318ce98a1dbb038538ca60affa	2026-10-01T11:18:10Z	2026-10-01T11:24:07Z	true	Strengthen source ownership regressions
00018e5ba276dbbbe330129401469eb82531d425	507c25224446ad312ed7b3163411e6fb019ef9f7	2026-10-01T11:26:41Z	2026-10-01T11:43:12Z	true	refactor(facet): drive route carry with shared GPUI spring state
3cbb08a1b77fbeefb9deea6c80e50b2b3a0d99a8	00018e5ba276dbbbe330129401469eb82531d425	2026-10-01T11:28:07Z	2026-10-01T11:43:12Z	true	test(desktop): cover rapid back reversal at large text and idle settle
0e7efb6eef0428dddadcb300d4a40992fd15b130	3cbb08a1b77fbeefb9deea6c80e50b2b3a0d99a8	2026-10-01T11:47:54Z	2026-10-01T11:47:54Z	true	fix(desktop): constrain arrival captions at large text sizes
6cf733e3d2bde8ae8273dd103115027800b6f4a2	0e7efb6eef0428dddadcb300d4a40992fd15b130	2026-10-01T11:16:47Z	2026-10-01T11:47:54Z	true	fix(desktop): never replay cold in-flight index rows
02eb136d3f559212295c82bad855be2394ca2608	6cf733e3d2bde8ae8273dd103115027800b6f4a2	2026-10-01T11:19:52Z	2026-10-01T11:47:54Z	true	fix(desktop): preserve in-flight owner attempts during rebuild
87292f715fbce7fe27d1942bc47863984cd7c59a	02eb136d3f559212295c82bad855be2394ca2608	2026-10-01T11:20:04Z	2026-10-01T11:47:54Z	true	fix(desktop): hide removal during active index admission
2c65063267f9f643a6a06976d9ae965bc8f11bcf	87292f715fbce7fe27d1942bc47863984cd7c59a	2026-10-01T11:36:55Z	2026-10-01T11:47:54Z	true	fix(desktop): retain unresolved cold rows when folders disappear
97783bafb22edd65774543fdc0b7cdfa527455be	2c65063267f9f643a6a06976d9ae965bc8f11bcf	2026-10-01T11:56:01Z	2026-10-01T12:08:32Z	true	Unify graph fixture reads with indexed projection
5f4c75a0843836740a29a40aa070dbed35d8f264	97783bafb22edd65774543fdc0b7cdfa527455be	2026-10-01T12:11:03Z	2026-10-01T12:11:03Z	true	Fix graph resolver regression compilation
dd499bc7f3631f4e6dbece89b22fc32455441c6b	5f4c75a0843836740a29a40aa070dbed35d8f264	2026-10-01T11:28:59Z	2026-10-01T12:24:13Z	true	Enforce persisted desktop registry privacy policy
364b29a3704fa44ec1c579018dbea02d0e8c077f	dd499bc7f3631f4e6dbece89b22fc32455441c6b	2026-10-01T12:18:11Z	2026-10-01T12:24:13Z	true	Persist unavailable advisory refresh state
fd01d5e8114e104c713ec52001df9de728aeb43f	364b29a3704fa44ec1c579018dbea02d0e8c077f	2026-10-01T12:39:20Z	2026-10-01T12:39:20Z	true	Borrow registry cache policy before acquiring service
886275dd9b83ddb92e3b26f73bf3c64ddb987bd5	fd01d5e8114e104c713ec52001df9de728aeb43f	2026-10-01T12:28:56Z	2026-10-01T12:48:26Z	true	Let memoized projection work await without blocking
e1c5fd34a44ea63d06aaabb46e474ae4b0f66267	886275dd9b83ddb92e3b26f73bf3c64ddb987bd5	2026-10-01T12:49:08Z	2026-10-01T12:49:08Z	true	Exercise successful late projection discard after navigation
42123291dfa64e1bc60bb5971b00fee8863b6234	e1c5fd34a44ea63d06aaabb46e474ae4b0f66267	2026-10-01T12:39:52Z	2026-10-01T12:49:08Z	true	Avoid reallocating memo work futures
c36e41a56cc3509d62a45d2a1e90dc64f347a740	42123291dfa64e1bc60bb5971b00fee8863b6234	2026-10-01T12:30:44Z	2026-10-01T12:49:08Z	true	fix(rust): preserve Cargo metadata policy in workspace sessions
fd953fa7cac5ae80798ffc6d3a9dd6475e95b6fe	c36e41a56cc3509d62a45d2a1e90dc64f347a740	2026-10-01T12:49:58Z	2026-10-01T12:51:08Z	true	Recover cache receipt across network policy modes
7e9a51974c2181cef34f78a64779f978b59d7ed0	fd953fa7cac5ae80798ffc6d3a9dd6475e95b6fe	2026-10-01T12:54:48Z	2026-10-01T12:54:48Z	true	Record GUI integration gates and unresolved live admission failures
f5bc309f262591fe22292cc2a575eec24cdf06ad	7e9a51974c2181cef34f78a64779f978b59d7ed0	2026-10-01T13:08:55Z	2026-10-01T13:17:22Z	true	fix(rust): align session source ordering with frontier
dbafec694704e5cfcb9965dae0102c817b0ee065	f5bc309f262591fe22292cc2a575eec24cdf06ad	2026-10-01T12:29:57Z	2026-10-01T13:36:37Z	true	Verify registry identity before linking package releases
07b5db1e93253ae9d502650a94bb47073c192fa6	dbafec694704e5cfcb9965dae0102c817b0ee065	2026-10-01T13:29:50Z	2026-10-01T13:36:37Z	true	Bind registry proof to its indexed root
a3d885a01a018cba147f9b23c276cac15b506b43	07b5db1e93253ae9d502650a94bb47073c192fa6	2026-10-01T13:55:35Z	2026-10-01T13:55:35Z	true	Fix registry identity fixture ownership
43669739fc3b6637aed96ce6c83850efa4b43642	a3d885a01a018cba147f9b23c276cac15b506b43	2026-10-01T13:48:17Z	2026-10-01T13:55:35Z	true	fix(desktop): compare releases from the exact routed pin
038e2f9c61a5da620271bdf4fbe466935a3a219b	43669739fc3b6637aed96ce6c83850efa4b43642	2026-10-01T13:48:26Z	2026-10-01T13:55:35Z	true	test(desktop): seed exact release fixtures before route reads
14b61942aebf37e2b0afd78d42ba0eeaee1feac2	038e2f9c61a5da620271bdf4fbe466935a3a219b	2026-10-01T14:15:43Z	2026-10-01T14:15:43Z	true	Record live GUI pixels and exact integration gate results
ae5fcc29697f2107c6ffd66f37d161b9005b1750	14b61942aebf37e2b0afd78d42ba0eeaee1feac2	2026-10-01T14:05:18Z	2026-10-01T14:15:43Z	true	Keep package release tests exact and deterministic
f3fcc9c83dc85becfd76544b3e8fb759a53c5b50	ae5fcc29697f2107c6ffd66f37d161b9005b1750	2026-10-01T14:08:51Z	2026-10-01T14:15:43Z	true	test(desktop): exercise exact release metadata and actual shelf rows
337fa3d2e6598f85213218dd5775826acad5e15b	f3fcc9c83dc85becfd76544b3e8fb759a53c5b50	2026-10-01T14:18:14Z	2026-10-01T14:18:14Z	true	Revoke graph handoff geometry when its producer root changes
cd37e6124f227a17a3b83d3f86770521531647bb	337fa3d2e6598f85213218dd5775826acad5e15b	2026-10-01T14:52:33Z	2026-10-01T14:52:33Z	true	docs: record complete shell and fresh-store failures
189720208aa875c391f812bbc383652588944dfd	cd37e6124f227a17a3b83d3f86770521531647bb	2026-10-01T14:50:10Z	2026-10-01T14:52:33Z	true	Scope unavailable release fixtures to exact request
fdf90a32ad3bd673641463a69304a0b7c8bf93ce	189720208aa875c391f812bbc383652588944dfd	2026-10-01T14:51:17Z	2026-10-01T14:52:33Z	true	Fix release fixture global construction
9935fa814de8206722af0b7d7f0ed2bfdb19463c	fdf90a32ad3bd673641463a69304a0b7c8bf93ce	2026-10-01T14:59:11Z	2026-10-01T14:59:11Z	true	docs: preserve no-history pass and full store receipt
dd39844c1dfde2316c12d784b3bebb008b362f70	9935fa814de8206722af0b7d7f0ed2bfdb19463c	2026-10-01T15:07:35Z	2026-10-01T15:34:02Z	true	Key graph state by producer authority and expose pending work
59ec04118b5d13360e9cdbd79f64179b8520dcdb	dd39844c1dfde2316c12d784b3bebb008b362f70	2026-10-01T15:32:00Z	2026-10-01T15:34:02Z	true	Ignore hidden graph work in shell settlement
2c7e7a404944b6340b12c5b0872f5aa3a79250d4	59ec04118b5d13360e9cdbd79f64179b8520dcdb	2026-10-01T15:35:11Z	2026-10-01T15:35:11Z	true	Fix graph authority terminal match syntax
42afff115a4ab0da333d8cdca9f59f41dc537d3e	2c7e7a404944b6340b12c5b0872f5aa3a79250d4	2026-10-01T15:37:21Z	2026-10-01T15:37:21Z	true	Import graph read context and fixture root type
19f4df40093cb55a41835daea8bae3c08825f741	42afff115a4ab0da333d8cdca9f59f41dc537d3e	2026-10-01T15:39:16Z	2026-10-01T15:39:16Z	true	Type graph authority fixture closure explicitly
deb32f6e01e0faf64e2f8f05a73b1252d5c9ce96	19f4df40093cb55a41835daea8bae3c08825f741	2026-10-01T15:58:21Z	2026-10-01T15:58:21Z	true	fix(desktop): wake map once when indexed scene is ready
776dedd25c47278bd9d6f158fb9ea982b1a4995a	deb32f6e01e0faf64e2f8f05a73b1252d5c9ce96	2026-10-01T08:25:31Z	2026-10-01T16:00:01Z	true	feat(gui-harness): capture native accessibility frames
4016695bb60e8a0a989d7c1d7492e1490b3149cf	776dedd25c47278bd9d6f158fb9ea982b1a4995a	2026-10-01T08:57:23Z	2026-10-01T16:00:01Z	true	harden native accessibility tree validation
a893aa649fa1522f858101ba86aef5d29e4e090d	4016695bb60e8a0a989d7c1d7492e1490b3149cf	2026-10-01T08:59:27Z	2026-10-01T16:00:01Z	true	keep disabled native controls named
32a7b77c09346dfdebfa036e4f9bf91cc74bd8c8	a893aa649fa1522f858101ba86aef5d29e4e090d	2026-10-01T09:27:03Z	2026-10-01T16:00:01Z	true	resolve native accessible names from complete content
bbca008f62b46c930cb7c97d95299a842ec2b04d	32a7b77c09346dfdebfa036e4f9bf91cc74bd8c8	2026-10-01T11:31:09Z	2026-10-01T16:00:01Z	true	test(gui-harness): route resize through platform callback
f09f857071a55742bce33d6e71e9bddfebc937ff	bbca008f62b46c930cb7c97d95299a842ec2b04d	2026-10-01T13:34:38Z	2026-10-01T16:00:11Z	true	fix(gui-harness): accept null native focus fields
1443e73ac1a77877343e4926e0e032355d0fd1b9	f09f857071a55742bce33d6e71e9bddfebc937ff	2026-10-01T16:00:25Z	2026-10-01T16:00:25Z	true	test(desktop): capture paired native frames over a live owner
791dc6bf6928b464af2228f9f5b3d1622767ab7a	1443e73ac1a77877343e4926e0e032355d0fd1b9	2026-10-01T14:33:45Z	2026-10-01T16:00:25Z	true	fix(desktop): expose live controls in native accessibility tree
2647ea861014edea3242fdf87e957206b0fcda8a	791dc6bf6928b464af2228f9f5b3d1622767ab7a	2026-10-01T15:05:06Z	2026-10-01T16:00:25Z	true	test(desktop): create private live capture state
79292f34dbace3870bf83b2a0c6f9e5010aab076	2647ea861014edea3242fdf87e957206b0fcda8a	2026-10-01T15:09:56Z	2026-10-01T16:00:25Z	true	test(desktop): retain native capture before accessibility assertions
8210ba52087a44d2820142ceb62ecd30a43592a2	79292f34dbace3870bf83b2a0c6f9e5010aab076	2026-10-01T15:19:44Z	2026-10-01T16:00:25Z	true	fix(facet): forward cut-plate accessibility semantics
2d26c960487fca5c8c96226d63667b4b096e17d9	8210ba52087a44d2820142ceb62ecd30a43592a2	2026-10-01T15:24:10Z	2026-10-01T16:00:25Z	true	fix(desktop): align custom zone walks with native focus
69006cc4b8205496f4a7c7414fc7b71f5e17b529	2d26c960487fca5c8c96226d63667b4b096e17d9	2026-10-01T15:35:04Z	2026-10-01T16:00:25Z	true	fix(components): bind input accessibility to editor focus
f1200f648958ea12139a93de85ede5306ce522e4	69006cc4b8205496f4a7c7414fc7b71f5e17b529	2026-10-01T15:35:58Z	2026-10-01T16:00:25Z	true	fix(desktop): report total indexed packages in Library heading
d3d7ba590783ae797d601f3363e8e011742f0e37	f1200f648958ea12139a93de85ede5306ce522e4	2026-10-01T15:43:23Z	2026-10-01T16:00:25Z	true	fix(desktop): count admitted library packages through Arc
06c4b979b51222651d367b3971ccaf2a36ad6c37	d3d7ba590783ae797d601f3363e8e011742f0e37	2026-10-01T15:53:42Z	2026-10-01T16:00:25Z	true	test(desktop): verify real Ask typing in native capture
eda79e32ea0738ed80a513dcf37a512e94908ad2	06c4b979b51222651d367b3971ccaf2a36ad6c37	2026-10-01T12:28:25Z	2026-10-01T16:06:40Z	true	Add inert retained GPUI subtrees
6cd8df9d7b147069e4ed314651ddf74491b11456	eda79e32ea0738ed80a513dcf37a512e94908ad2	2026-10-01T13:09:36Z	2026-10-01T16:06:40Z	true	Scope pointer capture revocation to inert subtree
e6a3dab0810b0827cc8c7507a25b8b7d9fc2092a	6cd8df9d7b147069e4ed314651ddf74491b11456	2026-10-01T13:26:21Z	2026-10-01T16:06:40Z	true	Fix inert GPUI test compilation
e1c6f08e34997a6d8b33143267c88ceebf1c546b	e6a3dab0810b0827cc8c7507a25b8b7d9fc2092a	2026-10-01T13:34:55Z	2026-10-01T16:06:40Z	true	Use composite focus in inert accessibility fixture
b079ec990fb32c6f92a1d5e7a71a2f4970f69115	e1c6f08e34997a6d8b33143267c88ceebf1c546b	2026-10-01T13:36:06Z	2026-10-01T16:06:40Z	true	Route composite test input through focused container
76626a726bc21bcc6ff2c6f3292d8af3c4e4ec37	b079ec990fb32c6f92a1d5e7a71a2f4970f69115	2026-10-01T13:39:52Z	2026-10-01T16:06:40Z	true	Compare inert keyboard events to active baseline
25ae1f65ef8ee5ebaa378fdf824dee3bbf7bbc9a	76626a726bc21bcc6ff2c6f3292d8af3c4e4ec37	2026-10-01T13:45:16Z	2026-10-01T16:06:40Z	true	Count inert action callbacks in bubble phase
e8c68080d79ded9260a40401095f3d15ab1074f4	25ae1f65ef8ee5ebaa378fdf824dee3bbf7bbc9a	2026-10-01T13:49:46Z	2026-10-01T16:06:40Z	true	Compare inert action delivery against active baseline
131f86a19f6427e32684fb3d2cfc1e0914013206	e8c68080d79ded9260a40401095f3d15ab1074f4	2026-10-01T13:51:28Z	2026-10-01T16:06:40Z	true	Compare inert text delivery against active baseline
dd3fca789d727dda5562620c34e0e4808f658b8c	131f86a19f6427e32684fb3d2cfc1e0914013206	2026-10-01T13:52:58Z	2026-10-01T16:06:40Z	true	Assert inert frame quiescence against active delivery
54ccb6591deebb2a1d62af174884285fcd1841ed	dd3fca789d727dda5562620c34e0e4808f658b8c	2026-10-01T13:54:57Z	2026-10-01T16:06:40Z	true	Drain active frame callbacks before inert assertions
08596a8393c6369e50690eb6e16a08f1a15b4271	54ccb6591deebb2a1d62af174884285fcd1841ed	2026-10-01T14:03:50Z	2026-10-01T16:06:40Z	true	Assert live sibling landmarks under inert subtree
439b58e5cbd7e339add5c70495ef33cfddd783d8	08596a8393c6369e50690eb6e16a08f1a15b4271	2026-10-01T14:05:12Z	2026-10-01T16:06:40Z	true	Check sibling availability without requiring an a11y action
fd4173136889b816134905a04803fb05cbf85dcd	439b58e5cbd7e339add5c70495ef33cfddd783d8	2026-10-01T14:06:10Z	2026-10-01T16:06:40Z	true	Report sibling layout bounds in inert test
07905bce1e53227fd8f958751b6da6782f2d5353	fd4173136889b816134905a04803fb05cbf85dcd	2026-10-01T14:07:43Z	2026-10-01T16:06:40Z	true	Click measured active sibling bounds in inert test
3eee4bbd0147fdae4f3c9ed1e4402687450aef2a	07905bce1e53227fd8f958751b6da6782f2d5353	2026-10-01T14:08:51Z	2026-10-01T16:06:40Z	true	Assert resumed key delivery against active baseline
58965b776c7b0715ddb44b6118a6757a9126c48c	3eee4bbd0147fdae4f3c9ed1e4402687450aef2a	2026-10-01T15:13:23Z	2026-10-01T16:06:40Z	true	Add scoped inert ownership and callback reconciliation
3e634ff4210fa945efe83b7e02c29ea2771685e4	58965b776c7b0715ddb44b6118a6757a9126c48c	2026-10-01T15:54:13Z	2026-10-01T16:06:40Z	true	Fail closed for rejected inert owner tracking
49b0cdd7af89f831b937fb6aa53e5b51e338463e	3e634ff4210fa945efe83b7e02c29ea2771685e4	2026-10-01T15:55:22Z	2026-10-01T16:06:40Z	true	Register pointer remap test listener during paint
5d03ca7cc90ba268d5d183ba0b40dd5f756f6db5	49b0cdd7af89f831b937fb6aa53e5b51e338463e	2026-10-01T12:11:51Z	2026-10-01T16:07:34Z	true	feat(facet): add panic-safe local still-motion scope for retained bodies
5a74a71e88d65972b4c70dcd8868427e20e6741a	5d03ca7cc90ba268d5d183ba0b40dd5f756f6db5	2026-10-01T12:30:15Z	2026-10-01T16:07:34Z	true	fix(facet): settle inert subtree motion before touching frame gate
ab410921d880fb665d20132072157224588aa641	5a74a71e88d65972b4c70dcd8868427e20e6741a	2026-10-01T13:20:17Z	2026-10-01T16:07:34Z	true	fix(facet): pass sampled reduced-motion boolean to flight steps
ddd43b4d96ea5bde52060879586491cf602842cc	ab410921d880fb665d20132072157224588aa641	2026-10-01T13:27:39Z	2026-10-01T16:07:34Z	true	fix(facet): settle retained flight shared and pulse motion immediately
29c9b0eab130b8d8e947d6f9be6aadf6ba22bdbf	ddd43b4d96ea5bde52060879586491cf602842cc	2026-10-01T12:49:57Z	2026-10-01T16:08:08Z	true	feat(gui): retain one inert indexed body while exact destination reads finish
54817369cf9137dbf3ea27f8922172dae20ed03b	29c9b0eab130b8d8e947d6f9be6aadf6ba22bdbf	2026-10-01T12:52:24Z	2026-10-01T16:08:08Z	true	fix(gui): wake retained Reader immediately on producer root changes
a48b82f103bf89aed26d7f7746ca30a8b4686e48	54817369cf9137dbf3ea27f8922172dae20ed03b	2026-10-01T12:53:18Z	2026-10-01T16:08:08Z	true	fix(gui): compare retained pages by exact producer authority
9fb66f60585fc8dab8bc2910e7e463f2d65c020e	a48b82f103bf89aed26d7f7746ca30a8b4686e48	2026-10-01T16:07:33Z	2026-10-01T16:11:12Z	true	Compile out owner path operation diagnostics
67ca5d980ea55973995c9405ffec075d881cc2bf	9fb66f60585fc8dab8bc2910e7e463f2d65c020e	2026-10-01T16:09:39Z	2026-10-01T16:11:12Z	true	Fix owner operation counter test imports
9d408232e56a230d15633288bb7076c68320a0d4	67ca5d980ea55973995c9405ffec075d881cc2bf	2026-10-01T15:44:28Z	2026-10-01T16:11:12Z	true	Fix list wheel propagation and tail pause
7fa2a3e2abffa711c1ba16f9c53d3953fe5a7023	9d408232e56a230d15633288bb7076c68320a0d4	2026-10-01T16:17:35Z	2026-10-01T16:21:28Z	true	Repair inert owner native test compilation
9b4b54949aba9282e927c58ffa20387de40be9a8	7fa2a3e2abffa711c1ba16f9c53d3953fe5a7023	2026-10-01T23:40:45Z	2026-10-01T23:40:45Z	true	fix(desktop): keep retained destinations within integrated route types
61691b87955607fbbf8e95ca3022712c5ab8cf08	9b4b54949aba9282e927c58ffa20387de40be9a8	2026-10-01T16:23:48Z	2026-10-01T23:40:46Z	true	Correct native ownership diagnostic fixtures
9938aa284fd95c424cda2187a1d20b06be390140	61691b87955607fbbf8e95ca3022712c5ab8cf08	2026-10-01T23:57:41Z	2026-10-01T23:57:41Z	true	Preserve shell focus when shelf rows are replaced
09d7d8577f9cbef0643f45da3f6205eb7bbbf531	9938aa284fd95c424cda2187a1d20b06be390140	2026-10-01T23:57:41Z	2026-10-01T23:57:41Z	true	Observe graph mounting before deferred redraws drain
212eeafcb1e19e473d18574be2856320fd28f985	09d7d8577f9cbef0643f45da3f6205eb7bbbf531	2026-10-01T16:28:13Z	2026-10-01T23:57:50Z	true	Emit terminal outcomes for retired runtime requests
00d4c3b0034c7038c3e4ad7533f517aacf622801	212eeafcb1e19e473d18574be2856320fd28f985	2026-10-01T23:46:12Z	2026-10-01T23:57:50Z	true	Restore connection status after aborted probes
2e8baf300b44dc6fb6737ae3b77b8c2e451d0494	00d4c3b0034c7038c3e4ad7533f517aacf622801	2026-10-02T00:01:44Z	2026-10-02T00:01:44Z	true	Observe cached graph mounting at its notification boundary
48edd923f15ece4c507b65aaaf8ae6c7514655a9	2e8baf300b44dc6fb6737ae3b77b8c2e451d0494	2026-10-02T00:03:43Z	2026-10-02T00:03:43Z	true	Disambiguate graph mount observation from mounted scene access
bd68ad629d539120b323422a2d571a1c848946cb	48edd923f15ece4c507b65aaaf8ae6c7514655a9	2026-10-02T00:05:54Z	2026-10-02T00:05:54Z	true	Assert cached graph mounting and pending discovery in one draw
b9dd7ef89662f17b73d645ceae67c0d98415d7a2	bd68ad629d539120b323422a2d571a1c848946cb	2026-10-02T00:27:57Z	2026-10-02T00:27:57Z	true	Record exact shell gates and retained native GUI failures
16d75436838864559c0a7f13e22798a95a93ca2e	b9dd7ef89662f17b73d645ceae67c0d98415d7a2	2026-10-01T16:22:27Z	2026-10-02T01:01:03Z	true	feat(gui): share exact live resource admission for Find and Ask
d481d5100751615e0f0bf19082fea7288596fb12	16d75436838864559c0a7f13e22798a95a93ca2e	2026-10-01T16:26:56Z	2026-10-02T01:01:03Z	true	fix(gui): keep intermediate resource values nonactionable at rest
a6624003a03643f9de7ce5a0a477f92a0aa0ad77	d481d5100751615e0f0bf19082fea7288596fb12	2026-10-01T16:28:33Z	2026-10-02T01:01:03Z	true	fix(gui): reject unserved placeholders as current read authority
4b12e4cdcc481734bf5040c8e58a2e2e3b4426b5	a6624003a03643f9de7ce5a0a477f92a0aa0ad77	2026-10-02T01:01:57Z	2026-10-02T01:01:57Z	true	Integrate current-owner Ask navigation and native modal focus
35d903e052b1f178ea45b2f39a94cf70c997da89	4b12e4cdcc481734bf5040c8e58a2e2e3b4426b5	2026-10-02T01:06:28Z	2026-10-02T01:06:28Z	true	Bind the mounted Ask fixture to its exact graph root
2a0e6d547fd9bfa6764f28eb37e2b1a40f1b9fea	35d903e052b1f178ea45b2f39a94cf70c997da89	2026-10-01T13:04:11Z	2026-10-02T02:10:47Z	true	Keep desktop Markdown parsing off UI thread and bound pending publications
70efa615d46f4b9f469664bcce5a45df28f3c1af	2a0e6d547fd9bfa6764f28eb37e2b1a40f1b9fea	2026-10-01T13:20:07Z	2026-10-02T02:10:47Z	true	Release pending Markdown publications when consumers close
6c16ec023e2540a00944f0500b2a4ecf6c1c9600	70efa615d46f4b9f469664bcce5a45df28f3c1af	2026-10-01T13:21:09Z	2026-10-02T02:10:47Z	true	Bound completed Markdown publications and preserve selection invalidation
81ea1fe0eb9a540e070c93967164001191cd0078	6c16ec023e2540a00944f0500b2a4ecf6c1c9600	2026-10-01T13:25:46Z	2026-10-02T02:10:47Z	true	Prepare native heading Markdown with parent worker publication
797ae9669a6ffffe97202419d127061dbd837b0d	81ea1fe0eb9a540e070c93967164001191cd0078	2026-10-01T14:50:08Z	2026-10-02T02:10:47Z	true	Recover Markdown append parsing from the true failed logical source
0420a60bd49b1d0af6fee92ddfb79428facc82c7	797ae9669a6ffffe97202419d127061dbd837b0d	2026-10-01T14:54:47Z	2026-10-02T02:10:47Z	true	Derive heading links from parent AST and separate prepared state identity
7b37088ee687381b15a2162c48d68143156b2d94	0420a60bd49b1d0af6fee92ddfb79428facc82c7	2026-10-01T15:05:44Z	2026-10-02T02:10:47Z	true	Share checked Markdown prefixes and exercise actual worker interleavings
1077c3dfc6d1ffa81ed6ce5f516fd55a1651a300	7b37088ee687381b15a2162c48d68143156b2d94	2026-10-01T15:07:35Z	2026-10-02T02:10:47Z	true	Account for suffix parse buffers in Markdown copy-work bound
3819e13a9cbaba47d5de8d7101ede67d471c7959	1077c3dfc6d1ffa81ed6ce5f516fd55a1651a300	2026-10-01T15:08:45Z	2026-10-02T02:10:47Z	true	Capture persistent block iterator lifetime explicitly
2e3c9db2f0a9332ab3f7343ae5c43600f06cd6c6	3819e13a9cbaba47d5de8d7101ede67d471c7959	2026-10-01T16:08:37Z	2026-10-02T02:10:47Z	true	Keep Markdown references and blocks persistent
0abf9152b81561bf56b874d791bd798c36a5d99d	2e3c9db2f0a9332ab3f7343ae5c43600f06cd6c6	2026-10-01T16:18:24Z	2026-10-02T02:10:47Z	true	Bound virtual selection scans to requested blocks
e8a361ed1192e5c003af31e82555dde9aaecbfd8	0abf9152b81561bf56b874d791bd798c36a5d99d	2026-10-01T23:55:42Z	2026-10-02T02:10:47Z	true	test: include vendored GPUI component in workspace
58ec7286feef4715efedda2e39fa48fe41a8c9d6	e8a361ed1192e5c003af31e82555dde9aaecbfd8	2026-10-02T00:08:20Z	2026-10-02T02:10:47Z	true	test: lock complete component workspace graph
df932f71d9944ba92b79d022cdc0b3a578434893	58ec7286feef4715efedda2e39fa48fe41a8c9d6	2026-10-02T00:11:58Z	2026-10-02T02:10:47Z	true	test: use cc compatible with Sequel grammar
bedfb79e6ade972d77ad4c3bfcda76fb9d6e7bab	df932f71d9944ba92b79d022cdc0b3a578434893	2026-10-02T00:34:53Z	2026-10-02T02:10:47Z	true	Repair vendored gpui component test compatibility
3881b7572fca048e16e0f23483ad1bb0d3f7c3bd	bedfb79e6ade972d77ad4c3bfcda76fb9d6e7bab	2026-10-02T00:40:21Z	2026-10-02T02:10:47Z	true	Use byte indices for Rope snapshots
9fc13dd835ef2f69fc52f250e2852cce0b1558a6	3881b7572fca048e16e0f23483ad1bb0d3f7c3bd	2026-10-02T00:49:53Z	2026-10-02T02:10:47Z	true	Add state-owned parsed content constructor
7d5bfc8a6b8191514dc1eb5cc0411cb3bc91e18a	9fc13dd835ef2f69fc52f250e2852cce0b1558a6	2026-10-02T00:59:04Z	2026-10-02T02:10:47Z	true	Retain the exact immutable block prefix during Markdown tail reparsing
03965801ab69eb38782a588149323c3d47c9a36f	7d5bfc8a6b8191514dc1eb5cc0411cb3bc91e18a	2026-10-02T01:00:01Z	2026-10-02T02:10:47Z	true	Fix native motion regressions to use scheduler and explicit activation
0a9dd71abba7bdc4bd4f75c055b6565501a6bbd7	03965801ab69eb38782a588149323c3d47c9a36f	2026-10-02T01:01:44Z	2026-10-02T02:10:47Z	true	Preserve block separators and reject reversed virtual selection ranges
195174a140550894a5f6913848fe5b218130c44c	0a9dd71abba7bdc4bd4f75c055b6565501a6bbd7	2026-10-02T01:01:44Z	2026-10-02T02:10:47Z	true	Exercise live and prepared TextView switching through mounted GPUI frames
828f7e1c75abb20e62dccf2ec7b2b201e33633a9	195174a140550894a5f6913848fe5b218130c44c	2026-10-02T01:03:25Z	2026-10-02T02:10:47Z	true	Keep mounted TextView test capture local to the UI thread
3e0b2836ba80b64a48d94d3aefa6abb353ad4965	828f7e1c75abb20e62dccf2ec7b2b201e33633a9	2026-10-02T01:19:01Z	2026-10-02T02:10:47Z	true	Collect reference dependencies before custom Markdown projection
fcd88a505d57b23c233d1b6bd55b714a7170a596	3e0b2836ba80b64a48d94d3aefa6abb353ad4965	2026-10-02T01:19:01Z	2026-10-02T02:10:47Z	true	State the measured scope of Markdown copy and grammar counters
2b7ba9b629a3f7617cf1418f7dbec05499d8104c	fcd88a505d57b23c233d1b6bd55b714a7170a596	2026-10-02T01:39:43Z	2026-10-02T02:10:47Z	true	Own Markdown workers only in the live document lifecycle
d8048bc62d32a6ff1d94ab2ab689bd48aa117e8c	2b7ba9b629a3f7617cf1418f7dbec05499d8104c	2026-10-02T01:40:24Z	2026-10-02T02:10:47Z	true	Keep line clamp measurements in their UI-owned document state
963e54083e24e47406a4784a3bb7d89bf9c0e02d	d8048bc62d32a6ff1d94ab2ab689bd48aa117e8c	2026-10-02T02:23:31Z	2026-10-02T02:23:31Z	true	docs: checkpoint scoped native and shared Markdown evidence
64577f2828f90536a6a518c117e50276bd3170c3	963e54083e24e47406a4784a3bb7d89bf9c0e02d	2026-10-02T02:21:09Z	2026-10-02T02:23:31Z	true	Measure line-safe clipping without cloning frame spans
edee73f1095eda30aaafb3eedd81ae8b38adf712	64577f2828f90536a6a518c117e50276bd3170c3	2026-10-02T01:57:42Z	2026-10-02T02:25:54Z	true	feat(desktop): keep Ask drafts bounded and current
2f421503cee7f2498e5fe1eb4e16368eaa722998	edee73f1095eda30aaafb3eedd81ae8b38adf712	2026-10-02T01:59:44Z	2026-10-02T02:25:54Z	true	feat(desktop): share Ask and Reader occupied geometry
455cfdca4d9ddc83435b6e90c74149703ba10a2f	2f421503cee7f2498e5fe1eb4e16368eaa722998	2026-10-02T02:00:29Z	2026-10-02T02:25:54Z	true	feat(desktop): animate Ask presentation and gate exit input
fb32d3c1daf48f903d3892edad242c98200fb9ef	455cfdca4d9ddc83435b6e90c74149703ba10a2f	2026-10-02T02:02:24Z	2026-10-02T02:25:55Z	true	test(desktop): capture settled live Alias Reader in Ask journey
58e43b6f055b842ae2144c4127ccae467e7838b1	fb32d3c1daf48f903d3892edad242c98200fb9ef	2026-10-02T02:04:50Z	2026-10-02T02:25:55Z	true	fix(desktop): keep clipped Ask entry results inert
d1e80680b2b880128489be2be4b46be167473313	58e43b6f055b842ae2144c4127ccae467e7838b1	2026-10-02T02:11:45Z	2026-10-02T02:25:55Z	true	test(desktop): capture settled live Code Reader in Ask journey
696b7ef58ff1530c3473774156fc8d3d3c2c68e1	d1e80680b2b880128489be2be4b46be167473313	2026-10-02T02:11:45Z	2026-10-02T02:25:55Z	true	fix(desktop): keep Ask entering until both motion tracks settle
da87855470a22b448d013af0cff33ea886040422	696b7ef58ff1530c3473774156fc8d3d3c2c68e1	2026-10-02T02:06:32Z	2026-10-02T02:25:55Z	true	Settle active scalar motion when Snap policy takes effect
96a0effcaaa518fabd378565a593888bb767d1f8	da87855470a22b448d013af0cff33ea886040422	2026-10-02T02:18:15Z	2026-10-02T02:25:55Z	true	Coalesce animation wakes with native per-request ownership
d2e0d371cf7f29b6eb2c3770ec93f8f7b19f98df	96a0effcaaa518fabd378565a593888bb767d1f8	2026-10-02T02:18:23Z	2026-10-02T02:25:55Z	true	Pass motion test theme arguments in their declared order
669f22a904765b768198d38c53b3248ea2b05a29	d2e0d371cf7f29b6eb2c3770ec93f8f7b19f98df	2026-10-02T02:25:35Z	2026-10-02T02:26:57Z	true	Reuse window-owned grouped animation delivery buffers
b33d283405cd51578fd42c3891ac77cb35f32da6	669f22a904765b768198d38c53b3248ea2b05a29	2026-10-02T02:25:37Z	2026-10-02T02:26:57Z	true	test(desktop): inspect clipped Ask entry before interruption
dae827f9f5a5aa7cbf5c6546b12dd125d83ca6d8	b33d283405cd51578fd42c3891ac77cb35f32da6	2026-10-02T02:27:21Z	2026-10-02T02:28:27Z	true	Check grouped drain before native reconciliation renews requests
2cdb2389dbf089aed78acb37c35753e5b272c86b	dae827f9f5a5aa7cbf5c6546b12dd125d83ca6d8	2026-10-02T02:53:26Z	2026-10-02T02:53:26Z	true	test(desktop): own the Ask exit clipboard sentinel
1a783f4e6e5e894c59a50c7a0dc47cbba737e7fc	2cdb2389dbf089aed78acb37c35753e5b272c86b	2026-10-02T02:40:56Z	2026-10-02T02:53:26Z	true	Initialize accessibility fixture with native activation snapshot
a9c6c2f495bd71ca307c81d71a181a178872c269	1a783f4e6e5e894c59a50c7a0dc47cbba737e7fc	2026-10-02T02:46:57Z	2026-10-02T02:53:26Z	true	Mount seeded flight still-policy regression in native rendering
549f0c891313236687672c71f01047a606445135	a9c6c2f495bd71ca307c81d71a181a178872c269	2026-10-02T02:50:23Z	2026-10-02T02:53:26Z	true	Project shared input disabled state and reject stale accessibility edits
3d758e6f3138a665db8c705dda388fe726cddd6e	549f0c891313236687672c71f01047a606445135	2026-10-02T03:06:24Z	2026-10-02T03:06:24Z	true	test(components): assert native enabled flags as serialized
c0a28bba91c14bc8f0eea987a91a3cdd96fa81a7	3d758e6f3138a665db8c705dda388fe726cddd6e	2026-10-02T03:08:06Z	2026-10-02T03:09:51Z	true	Wait for exposed native Ask stops before component-root Tab cycle
c636041e390301efed94fa8358e7e9ee51887e84	c0a28bba91c14bc8f0eea987a91a3cdd96fa81a7	2026-10-02T03:09:33Z	2026-10-02T03:11:43Z	true	test(desktop): force AccessKit for native fluid assertions
17a5a872b42e46b7082b0daffff31c9420d06b9e	c636041e390301efed94fa8358e7e9ee51887e84	2026-10-02T03:09:47Z	2026-10-02T03:11:43Z	true	test(desktop): bind Ask fluid preview to admitted result
f44d914cb37fc41a92f4cec7ede2530256ebf795	17a5a872b42e46b7082b0daffff31c9420d06b9e	2026-10-01T15:00:47Z	2026-10-02T03:27:23Z	true	feat(facet): allow human names for symbolic buttons
d187b016b4b2f67694bf57384ffb9914d9ebc2bc	f44d914cb37fc41a92f4cec7ede2530256ebf795	2026-10-01T15:00:47Z	2026-10-02T03:27:23Z	true	feat(gui): expose Settings radio choices and cache age native actions
c7613c27bf2e89ff4cb5e30591007847db9c15f9	d187b016b4b2f67694bf57384ffb9914d9ebc2bc	2026-10-01T15:09:23Z	2026-10-02T03:27:23Z	true	feat(components): accept scoped native identity for text inputs
6fd551c060335adc255724ff9bd7a0e8721848a5	c7613c27bf2e89ff4cb5e30591007847db9c15f9	2026-10-01T15:10:15Z	2026-10-02T03:27:23Z	true	fix(facet): disable acquisition actions while Find evidence is pending
f75475f68f5d7e6775b15c7a0ef4a7c6f7ea64f5	6fd551c060335adc255724ff9bd7a0e8721848a5	2026-10-01T15:10:15Z	2026-10-02T03:27:23Z	true	fix(facet): retain radio focus after native and pointer selection
abbf5a44e1563197752b1983de3a85e6c0faf8bb	f75475f68f5d7e6775b15c7a0ef4a7c6f7ea64f5	2026-10-01T15:12:25Z	2026-10-02T03:27:23Z	true	feat(gui): expose exact Find result identities and native selection controls
99268bd4c61329d3af66a698814fa9b0b6759d92	abbf5a44e1563197752b1983de3a85e6c0faf8bb	2026-10-01T15:16:16Z	2026-10-02T03:27:23Z	true	test(facet): cover radio pointer focus and keyboard reversal fixture
53e71fe620b6c4434cc209137cb2d911b975a153	99268bd4c61329d3af66a698814fa9b0b6759d92	2026-10-01T15:17:28Z	2026-10-02T03:27:23Z	true	test(gui): cover departing Find input ownership fixture
359a473a04e46b99afd011d8df0fc270d32d62f6	53e71fe620b6c4434cc209137cb2d911b975a153	2026-10-01T15:21:44Z	2026-10-02T03:27:23Z	true	fix(gui): exclude departing Settings native control subtree
d5404c540b6ebfa3fc8b333a04ffef160cfe0271	359a473a04e46b99afd011d8df0fc270d32d62f6	2026-10-01T19:58:36Z	2026-10-02T03:27:23Z	true	fix(gui): admit Find actions from live authority and typed query routes
5e9318048cb84075f76e08dfcab9b8b3ff6acb79	d5404c540b6ebfa3fc8b333a04ffef160cfe0271	2026-10-01T23:51:10Z	2026-10-02T03:27:23Z	true	fix(gui): revalidate Find actions against live reading
763c7d94d00a551646d43b3332812eb6f1fe9ffc	5e9318048cb84075f76e08dfcab9b8b3ff6acb79	2026-10-02T00:04:11Z	2026-10-02T03:27:23Z	true	test(gui): recheck painted Find callbacks against live state
40ccdbad5d342ce68ab638450d21966bd1b03c7c	763c7d94d00a551646d43b3332812eb6f1fe9ffc	2026-10-02T00:31:49Z	2026-10-02T03:27:23Z	true	fix(gui): preserve native Find accessibility metadata
54f7f0ed210933a57adf20fe2147a49bae804854	40ccdbad5d342ce68ab638450d21966bd1b03c7c	2026-10-02T00:35:06Z	2026-10-02T03:27:23Z	true	fix(gui): pass app context to segment focus
e10b8029a3b121ccbd0a66d3122b7d14b930d7e8	54f7f0ed210933a57adf20fe2147a49bae804854	2026-10-02T01:04:26Z	2026-10-02T03:27:23Z	true	fix(gui): read live Find resource through page store
862a1ea47f896a18bbc4d13a56509994d332ebdd	e10b8029a3b121ccbd0a66d3122b7d14b930d7e8	2026-10-02T01:04:36Z	2026-10-02T03:27:23Z	true	fix(gui): expose Settings heading on native element
409de88adda880afc12d7809b551b9b374c01c02	862a1ea47f896a18bbc4d13a56509994d332ebdd	2026-10-02T01:17:04Z	2026-10-02T03:27:23Z	true	test(facet): pass string slices to segment width
f4c601894c89c5df74c309db7423f912e2995e8c	409de88adda880afc12d7809b551b9b374c01c02	2026-10-02T02:09:42Z	2026-10-02T03:27:23Z	true	fix(gui): route Find and Settings Tab through native controls
fd38685fedc86c1ddad0a2a46fd570d129b99f73	f4c601894c89c5df74c309db7423f912e2995e8c	2026-10-02T02:32:18Z	2026-10-02T03:27:23Z	true	fix(facet): focus Find query only on first active paint
4db62cd3356e362dd6a9404497f58b442a2236e4	fd38685fedc86c1ddad0a2a46fd570d129b99f73	2026-10-02T02:33:24Z	2026-10-02T03:27:23Z	true	test(gui): capture live Find and Settings journey on current native harness
65306c07f06d289822459bf39d1eef4f171225d5	4db62cd3356e362dd6a9404497f58b442a2236e4	2026-10-02T03:04:09Z	2026-10-02T03:27:23Z	true	Gate Find native focus on painted Ask exit and Reader settle
2ae4849a04dc24f0454005ad9dedf865d3ccf41e	65306c07f06d289822459bf39d1eef4f171225d5	2026-10-02T03:10:40Z	2026-10-02T03:27:23Z	true	Revalidate Compare actions against current owner reading
cff5fe4163cb93f972e4783f28e7d625cc1b22d4	2ae4849a04dc24f0454005ad9dedf865d3ccf41e	2026-10-02T03:22:10Z	2026-10-02T03:27:23Z	true	Share Reader native motion gate across focus admission and returns
a499e98696daaef694a520f5efe936a008b9112f	cff5fe4163cb93f972e4783f28e7d625cc1b22d4	2026-10-01T11:59:23Z	2026-10-02T03:32:44Z	true	feat(gui): route exact Cargo source receipts through live file reads
1d0974a800b98f01272bd77a2ef399cc51c50eb7	a499e98696daaef694a520f5efe936a008b9112f	2026-10-01T12:02:23Z	2026-10-02T03:32:44Z	true	fix(gui): explain incomplete Cargo source observation
033197a047963b8b1dcf9ea6581849d5e1ed3d3e	1d0974a800b98f01272bd77a2ef399cc51c50eb7	2026-10-01T12:06:53Z	2026-10-02T03:32:44Z	true	fix(gui): draw Cargo bytes only from live revoked resource
4770aea49b61fb5df3e9358240cfe8c3633e3dfb	033197a047963b8b1dcf9ea6581849d5e1ed3d3e	2026-10-01T12:07:45Z	2026-10-02T03:32:44Z	true	fix(gui): key Cargo paging from live file digest
c1a663d1de852f9c1241542325d746e216ce1b7b	4770aea49b61fb5df3e9358240cfe8c3633e3dfb	2026-10-01T12:14:13Z	2026-10-02T03:32:44Z	true	feat(gui): distinguish unavailable same-version Cargo sources
93e7e57f4e8ad64a189f3f7dc0a1d075c9acf199	c1a663d1de852f9c1241542325d746e216ce1b7b	2026-10-01T12:27:11Z	2026-10-02T03:32:44Z	true	fix(gui): refuse ambiguous inline README targets and lossy source proof
7af6b24afa7d6d373605362bfe2038f7d2a4cfc0	93e7e57f4e8ad64a189f3f7dc0a1d075c9acf199	2026-10-01T12:40:49Z	2026-10-02T03:32:44Z	true	fix(gui): retain exact Library release focus across source reorder
3bb23dabf48bbf716285cebaa66e20cda770cfd1	7af6b24afa7d6d373605362bfe2038f7d2a4cfc0	2026-10-01T12:42:43Z	2026-10-02T03:33:05Z	true	style(gui): format source identity and README navigation files
9eca4bf9376150c0107197e6ff976a26d952eec8	3bb23dabf48bbf716285cebaa66e20cda770cfd1	2026-10-01T12:52:44Z	2026-10-02T03:33:05Z	true	fix(gui): order release handles by exact identity
1bb2419feefb41d2f18aeb4f5700a23c96f11d70	9eca4bf9376150c0107197e6ff976a26d952eec8	2026-10-01T13:19:39Z	2026-10-02T03:33:05Z	true	Carry exact project tree address through Cargo source routes and cold reads
e2c0bd4bbb5893e258a2a44b64c71f52c37fd7fa	1bb2419feefb41d2f18aeb4f5700a23c96f11d70	2026-10-01T13:30:31Z	2026-10-02T03:33:37Z	true	Browse bounded owner Cargo file inventory beside verified source
bbc0da111e326d762f626c9c8c36e6fb881b9291	e2c0bd4bbb5893e258a2a44b64c71f52c37fd7fa	2026-10-01T13:31:39Z	2026-10-02T03:33:37Z	true	State inventory truncation as proven omitted files
9b14b74140287cb202dd5e71e15194d6cbe78fff	bbc0da111e326d762f626c9c8c36e6fb881b9291	2026-10-01T13:37:09Z	2026-10-02T03:33:37Z	true	Expose truthful retained project inventory in shared reading
5706e7fe0f06378b405c80938348e5757a85f761	9b14b74140287cb202dd5e71e15194d6cbe78fff	2026-10-01T13:52:06Z	2026-10-02T03:34:46Z	true	Browse every observed project package in a virtual Library inventory
ec2faeb498e1ec2e00dc8d02b92dad6c2a6994cf	5706e7fe0f06378b405c80938348e5757a85f761	2026-10-01T13:54:16Z	2026-10-02T03:34:46Z	true	Label inventory receipt action as a package route
98d36708399d64489721ff9b409de1787143063a	ec2faeb498e1ec2e00dc8d02b92dad6c2a6994cf	2026-10-01T13:57:20Z	2026-10-02T03:34:46Z	true	Keep absent and empty unknown source origins distinct
babf19b59cc77384141907b18df3fe8a1c08d322	98d36708399d64489721ff9b409de1787143063a	2026-10-01T13:57:43Z	2026-10-02T03:34:46Z	true	Preserve absent versus named unresolved release identity
f9429b3c3c8a73396c4e49f3ed1495dad6c45971	babf19b59cc77384141907b18df3fe8a1c08d322	2026-10-02T00:45:40Z	2026-10-02T03:36:08Z	true	feat(desktop): own native Library and Cargo navigation
4463a10a210f7bddc9cdc17e62d20271169dd9e3	f9429b3c3c8a73396c4e49f3ed1495dad6c45971	2026-10-02T00:54:00Z	2026-10-02T03:38:07Z	true	Unify Cargo route dependencies and live owner admission
0bcc9940abfe8e327fe2083aa25e37f932ece884	4463a10a210f7bddc9cdc17e62d20271169dd9e3	2026-10-02T01:09:30Z	2026-10-02T03:38:07Z	true	Fence captured visits with atomic owner attachment admission
16eaa92ac49208942ae06b8f8d386bc99c3efbf7	0bcc9940abfe8e327fe2083aa25e37f932ece884	2026-10-02T01:16:03Z	2026-10-02T03:39:20Z	true	fix(desktop): fence mounted native controls to current owner visit
612c759ea4725ebd994f06bd37760c0a0592a961	16eaa92ac49208942ae06b8f8d386bc99c3efbf7	2026-10-02T01:26:13Z	2026-10-02T03:44:13Z	true	fix(desktop): keep local recovery available over retained reads
efa7b0b3d2cd875748e07ca710a1ba49e04f9ce2	612c759ea4725ebd994f06bd37760c0a0592a961	2026-10-02T01:30:54Z	2026-10-02T03:44:13Z	true	Revoke prior owner reads lazily across same-root replacements
1479f7e3bcc2c4adf33029a376fc58de04d6022b	efa7b0b3d2cd875748e07ca710a1ba49e04f9ce2	2026-10-02T01:41:28Z	2026-10-02T03:44:13Z	true	fix(desktop): admit local native recovery on unserved startup
2a749e4f827f24cf1a09f4107ce90b67e5bce23d	1479f7e3bcc2c4adf33029a376fc58de04d6022b	2026-10-02T01:43:39Z	2026-10-02T03:44:13Z	true	fix(desktop): keep wrapped Cargo gutter labels inert
17782a4dd32cbc348feb63ed68c9d973a1713407	2a749e4f827f24cf1a09f4107ce90b67e5bce23d	2026-10-02T02:19:11Z	2026-10-02T03:44:13Z	true	fix(facet): refresh virtual Library row hints on reflow
04f34e8fd21c56bed8f94e482661d3c8ef765d4a	17782a4dd32cbc348feb63ed68c9d973a1713407	2026-10-02T02:34:16Z	2026-10-02T03:45:12Z	true	Guard Library return focus by settled native visit
db77bec83de1c0aaefad70895bae5473f4e61e59	04f34e8fd21c56bed8f94e482661d3c8ef765d4a	2026-10-02T02:38:09Z	2026-10-02T03:45:12Z	true	Cancel Library return intent on interrupted navigation
7a8ce93f9ef44149edb8953f37e21e2941e83e44	db77bec83de1c0aaefad70895bae5473f4e61e59	2026-10-02T02:47:04Z	2026-10-02T03:45:12Z	true	Cancel pending Library focus when Jump menu takes input
9a69e492203de0de354513f55d095f66ef24af29	7a8ce93f9ef44149edb8953f37e21e2941e83e44	2026-10-02T02:57:19Z	2026-10-02T03:45:12Z	true	Check Library return generation before deferred focus
3f2e276e2cb63dd698db9584863c48fbe50ca21b	9a69e492203de0de354513f55d095f66ef24af29	2026-10-02T02:58:10Z	2026-10-02T03:45:12Z	true	Retain Library reading state across diagnostic observations
6764b06f9688e82d342dffe3edfa7575793e425e	3f2e276e2cb63dd698db9584863c48fbe50ca21b	2026-10-02T02:50:49Z	2026-10-02T03:46:52Z	true	Make titlebar jump actions live and native
0df8ab7f8988a928fbb4ff11ca76012fdf70fa85	6764b06f9688e82d342dffe3edfa7575793e425e	2026-10-02T02:53:04Z	2026-10-02T03:48:10Z	true	Expose admitted manifest URLs as native header links
3ebba0f4d0818284f7037215dd3d2139e3babe58	0df8ab7f8988a928fbb4ff11ca76012fdf70fa85	2026-10-02T02:53:39Z	2026-10-02T03:48:10Z	true	Make licence stamp an explicit native disclosure
4a3871436ddfcbdd6cccd6708fc90996c475494d	3ebba0f4d0818284f7037215dd3d2139e3babe58	2026-10-02T02:55:50Z	2026-10-02T03:48:10Z	true	Keep jump source and menu actions tied to current visit
a8d6c0ed7023dddbe3e0e9582825f72216dce6e9	4a3871436ddfcbdd6cccd6708fc90996c475494d	2026-10-02T02:56:25Z	2026-10-02T03:48:10Z	true	Revalidate jumped crumb in current outline
f448addc17a373b3b632995cd0350ba5e7309f14	a8d6c0ed7023dddbe3e0e9582825f72216dce6e9	2026-10-02T02:56:52Z	2026-10-02T03:48:10Z	true	Toggle licence from its rendered expanded state
63b6e550661d10ef441cc37e96e49576d0eb2b51	f448addc17a373b3b632995cd0350ba5e7309f14	2026-10-02T03:01:51Z	2026-10-02T03:48:10Z	true	Recheck current package and source inputs for header links
7b43666e94d761962569cd5c25fee799c6f554a3	63b6e550661d10ef441cc37e96e49576d0eb2b51	2026-10-02T03:01:51Z	2026-10-02T03:48:10Z	true	Use click origin and verify native licence disclosure
05fca506cac111a2cfa30cd217d494107a53ccba	7b43666e94d761962569cd5c25fee799c6f554a3	2026-10-02T03:04:33Z	2026-10-02T03:48:10Z	true	Unify native licence toggle with folio disclosure state
395e303fbb0d3ec730a67ae5b89ca14ba2ae63d4	05fca506cac111a2cfa30cd217d494107a53ccba	2026-10-02T03:17:25Z	2026-10-02T03:48:10Z	true	Make licence disclosure one closed controlled mode
a988093270cf2cc2a75ec062770ba37c58a7d9d3	395e303fbb0d3ec730a67ae5b89ca14ba2ae63d4	2026-10-02T03:27:43Z	2026-10-02T03:48:10Z	true	Force native accessibility before disclosure test reads
6bdfae52ae4c2a3d18e0f5f2c99da49bc5ef27da	a988093270cf2cc2a75ec062770ba37c58a7d9d3	2026-10-02T03:28:43Z	2026-10-02T03:48:43Z	true	Keep package ecosystems tied to exact typed records
b9964a2c8d987cf20ad2fb8ae3994634fa973fde	6bdfae52ae4c2a3d18e0f5f2c99da49bc5ef27da	2026-10-02T03:31:41Z	2026-10-02T03:48:43Z	true	Omit covered Reader pixels during Ask sheet motion
9deb0af029f51b89fef422b78cd4c0e728cec52a	b9964a2c8d987cf20ad2fb8ae3994634fa973fde	2026-10-02T03:46:48Z	2026-10-02T03:55:10Z	true	Keep Shell zone aligned with focused Reader control
546dab9324d9934358088715025b26ce1b588576	9deb0af029f51b89fef422b78cd4c0e728cec52a	2026-10-02T03:47:45Z	2026-10-02T03:55:10Z	true	Redraw Reader when native focus reconciles at walk edge
d9e14f41e9fdc969605e1a46430d9496b2f3e23d	546dab9324d9934358088715025b26ce1b588576	2026-10-02T03:56:54Z	2026-10-02T03:56:54Z	true	Share settled motion admission when reconciling native focus
d3b8aa1ef806c40e8845ffa1007c6ca8bcfc1eff	d9e14f41e9fdc969605e1a46430d9496b2f3e23d	2026-10-01T13:01:54Z	2026-10-02T03:58:02Z	true	feat(browse): preserve exact Cargo source authority
9cc9956a9aae6679f138e8a5185ef6434d688ff7	d3b8aa1ef806c40e8845ffa1007c6ca8bcfc1eff	2026-10-01T13:14:20Z	2026-10-02T03:58:02Z	true	feat(browse): add bounded Cargo source inventory
f3dc28d44686d75d78ad36ac46ca49f9a6a59843	9cc9956a9aae6679f138e8a5185ef6434d688ff7	2026-10-01T13:31:17Z	2026-10-02T03:58:02Z	true	fix(browse): require metadata-listed manifests in witness
dde23fd3241345e2f31c9b4d841dba429b422d00	f3dc28d44686d75d78ad36ac46ca49f9a6a59843	2026-10-01T13:34:53Z	2026-10-02T03:58:02Z	true	fix(browse): bind metadata authority to toolchain bytes
655e94458b3aa581353cf12b76ce8a5d2fd4d761	dde23fd3241345e2f31c9b4d841dba429b422d00	2026-10-01T14:37:20Z	2026-10-02T03:58:02Z	true	Admit measured Cargo compiler wrapper chains
e21c54527a0797d07e0052a1d10593f08ac7ca9b	655e94458b3aa581353cf12b76ce8a5d2fd4d761	2026-10-01T14:39:25Z	2026-10-02T03:58:02Z	true	Watch platform sccache configuration paths
d84bfb5131f6f5ae5aaf4c81b8a2226fe562f7de	e21c54527a0797d07e0052a1d10593f08ac7ca9b	2026-10-01T15:07:51Z	2026-10-02T03:58:02Z	true	fix(browse): resolve Cargo tool override chains
c910733236ee7d5b9e610c0a8b09e6009cf3b801	d84bfb5131f6f5ae5aaf4c81b8a2226fe562f7de	2026-10-01T16:16:20Z	2026-10-02T03:58:02Z	true	Add owner-bound Cargo README reads and links
29b13e95df1717de44cf8df5a9449a2f0248709c	c910733236ee7d5b9e610c0a8b09e6009cf3b801	2026-10-01T15:49:01Z	2026-10-02T03:58:02Z	true	fix(browse): honor Cargo config tool origins
3006c75ec269a4f653326285f9149862fcd1b69b	29b13e95df1717de44cf8df5a9449a2f0248709c	2026-10-02T00:47:27Z	2026-10-02T03:58:02Z	true	fix(browse): retain bounded source observations per workspace
eb695adb13179359df45d01a5da4da999034c347	3006c75ec269a4f653326285f9149862fcd1b69b	2026-10-02T01:09:13Z	2026-10-02T03:58:02Z	true	feat(locald): isolate bounded Cargo browse reads from owner loop
5fc5fd841af77dec09aa6d212f223b2b27e2e6d1	eb695adb13179359df45d01a5da4da999034c347	2026-10-02T01:11:21Z	2026-10-02T03:58:02Z	true	fix(browse): preserve admitted cache on cancelled freshness reads
a99fe7844f80fb60d2748fb6df934b8762efb3b5	5fc5fd841af77dec09aa6d212f223b2b27e2e6d1	2026-10-02T01:14:30Z	2026-10-02T03:58:02Z	true	fix(browse): reap Cargo when output reader startup fails
a85dfc1fbdc4d823dab671c53075d5cfce81602b	a99fe7844f80fb60d2748fb6df934b8762efb3b5	2026-10-02T01:17:19Z	2026-10-02T03:58:02Z	true	fix(locald): terminalize browse deadlines before late worker completion
d6208740ba91b61b272f7a34be9fe4a3bf76306c	a85dfc1fbdc4d823dab671c53075d5cfce81602b	2026-10-02T01:18:52Z	2026-10-02T03:58:02Z	true	fix(browse): retry interrupted bounded file reads
7c822ae6cde748692f54815aa0e88ae946c3462b	d6208740ba91b61b272f7a34be9fe4a3bf76306c	2026-10-02T01:19:43Z	2026-10-02T03:58:02Z	true	docs(locald): name bounded request-root browse sharding
c398b4ba0b06066c3d7e40b4763e9e4757525b69	7c822ae6cde748692f54815aa0e88ae946c3462b	2026-10-02T01:37:25Z	2026-10-02T03:58:02Z	true	feat(platform): own bounded dual-stream Cargo child capture
1863c95aab04bfe3d6796e1054b7ff573f3ef9a4	c398b4ba0b06066c3d7e40b4763e9e4757525b69	2026-10-02T01:37:31Z	2026-10-02T03:58:02Z	true	fix(locald): reserve reply payloads before browse execution
812c60bc116baa9ccc82c45a1d93c69208e037d0	1863c95aab04bfe3d6796e1054b7ff573f3ef9a4	2026-10-02T01:38:31Z	2026-10-02T03:58:02Z	true	fix(platform): fail unsupported capture targets before spawn
4b879386c9aa08970347ee02862831e14422e726	812c60bc116baa9ccc82c45a1d93c69208e037d0	2026-10-02T01:39:14Z	2026-10-02T03:58:02Z	true	feat(platform): distinguish bounded capture capacity failure
f05d0630e79b7a5b152e2383896551613d2414ba	4b879386c9aa08970347ee02862831e14422e726	2026-10-02T01:45:35Z	2026-10-02T03:58:02Z	true	Add owned Windows Job and overlapped dual-stream capture
f55a0201eaad3c6b9d348933870b2dd816e156b2	f05d0630e79b7a5b152e2383896551613d2414ba	2026-10-02T01:46:27Z	2026-10-02T03:58:02Z	true	Allow IOCP retirement polling alongside the original owner
26e5ff1b7265cdb74021f0665ab534536815f4fd	f55a0201eaad3c6b9d348933870b2dd816e156b2	2026-10-02T01:57:17Z	2026-10-02T03:58:02Z	true	fix(library): construct tampered digest JSON from bounded bytes
b2660d736c2f68724d1a774af8c4c4c04859d9e8	26e5ff1b7265cdb74021f0665ab534536815f4fd	2026-10-02T01:58:59Z	2026-10-02T03:58:02Z	true	fix(platform): retire Unix descendants before successful leader reap
4e3bffbcd455c099491d7f19e7822b7230fa146d	b2660d736c2f68724d1a774af8c4c4c04859d9e8	2026-10-02T01:59:05Z	2026-10-02T03:58:02Z	true	fix(locald): retain browse reply permit through owner encoding
b31d0c5ee24fb42a73e6b0d52c15cc0220077fac	4e3bffbcd455c099491d7f19e7822b7230fa146d	2026-10-02T01:59:27Z	2026-10-02T03:58:02Z	true	docs(platform): state Darwin retirement cleanup bound
27ebf4b0a5270ee31db26bcdef2b0aad934a41a6	b31d0c5ee24fb42a73e6b0d52c15cc0220077fac	2026-10-02T01:56:55Z	2026-10-02T03:58:02Z	true	Pin kernel-owned capture storage behind UnsafeCell
7dd4384159252636352f6a4a02d96320bc534283	27ebf4b0a5270ee31db26bcdef2b0aad934a41a6	2026-10-02T01:58:11Z	2026-10-02T03:58:02Z	true	Detach every capture IOCP polling thread after dequeue
c39e00290750d2b2123b47879728d47a91f803b2	7dd4384159252636352f6a4a02d96320bc534283	2026-10-02T01:59:36Z	2026-10-02T03:58:02Z	true	Propagate Windows ordinal comparison errors before spawning
7630c6ead573b5873d97381908a01097998f3eea	c39e00290750d2b2123b47879728d47a91f803b2	2026-10-02T01:59:56Z	2026-10-02T03:58:03Z	true	Document native syscall limits of Windows capture deadlines
88b5e09f8bc5611e2fdd7a671ae9c5765bd4f018	7630c6ead573b5873d97381908a01097998f3eea	2026-10-02T02:03:34Z	2026-10-02T03:58:03Z	true	fix(library): compile source authority witnesses on Rust 1.97
f7afa37d5e01b37aa70e4cfdfd1fe9900bdeb40a	88b5e09f8bc5611e2fdd7a671ae9c5765bd4f018	2026-10-02T02:19:36Z	2026-10-02T03:58:03Z	true	fix(library): preserve original README binding in negative fixtures
728b6ac1612e9e1894084bd7e2490f23459c391d	f7afa37d5e01b37aa70e4cfdfd1fe9900bdeb40a	2026-10-02T02:37:10Z	2026-10-02T03:58:03Z	true	fix(locald): compile Cargo browse regression on Rust 1.97
9e1d2924ee6312b38851fdc78c7c13a91f30970a	728b6ac1612e9e1894084bd7e2490f23459c391d	2026-10-02T02:54:25Z	2026-10-02T03:58:03Z	true	fix(present): preserve typed README origin in borrowed replies
19a63eba999ffb13949dda8a1c78c6cd3278644c	9e1d2924ee6312b38851fdc78c7c13a91f30970a	2026-10-02T03:10:12Z	2026-10-02T03:58:03Z	true	test(locald): identify Cargo source receipt failure state
9cf80d0dcdc62949f3713e85f71f21736eaa0cdb	19a63eba999ffb13949dda8a1c78c6cd3278644c	2026-10-02T03:28:07Z	2026-10-02T03:58:03Z	true	Recognize exact Nix-generated Cargo cache wrapper body
78f17074ab5f7c5075df4d0bbd413abb5d9a27b2	9cf80d0dcdc62949f3713e85f71f21736eaa0cdb	2026-10-02T03:29:32Z	2026-10-02T03:58:03Z	true	Reject missing shebang in recognized cache wrapper fixtures
cc4b17f3567553785ac823298d86c1b8aaf03c8f	78f17074ab5f7c5075df4d0bbd413abb5d9a27b2	2026-10-02T03:34:44Z	2026-10-02T03:58:03Z	true	Keep wrapper test byte fixture unshadowed
4c8ecdb6a36c218ad0f986820416d6e0bfc20196	cc4b17f3567553785ac823298d86c1b8aaf03c8f	2026-10-02T03:40:48Z	2026-10-02T03:58:03Z	true	Bind subscription leases to a fresh owner boot nonce
05075099277586d26e3d9e031a588cdd4cd65758	4c8ecdb6a36c218ad0f986820416d6e0bfc20196	2026-10-02T03:24:33Z	2026-10-02T03:59:08Z	true	Preserve exact Cargo browse bindings through current route reads
96312b6adab1370890a900c68d1b3288a323b317	05075099277586d26e3d9e031a588cdd4cd65758	2026-10-02T03:25:39Z	2026-10-02T03:59:08Z	true	Cancel withdrawn local package fallback before publishing
b8e84de4c8ded0b95291926eeae50407dbcea126	96312b6adab1370890a900c68d1b3288a323b317	2026-10-02T03:56:22Z	2026-10-02T03:59:24Z	true	Re-admit selected Cargo reads at deferred intent flush
368bc35b4bfb0b021dc088c4ec0918a3d16b26bc	b8e84de4c8ded0b95291926eeae50407dbcea126	2026-10-02T04:03:00Z	2026-10-02T04:03:00Z	true	Unify content readiness with current read admission
7061cd624116c9ec5403779b387601844ba3ed8e	368bc35b4bfb0b021dc088c4ec0918a3d16b26bc	2026-10-02T03:41:49Z	2026-10-02T04:06:03Z	true	Observe certified owner publications through durable local leases
d9421d44a0f4eca4f6974766b5e56d2712149724	7061cd624116c9ec5403779b387601844ba3ed8e	2026-10-02T03:56:33Z	2026-10-02T04:06:35Z	true	Gate Find return focus and browse actions by current native visit
3bab7869eb843cbd404ef9fb9a9e152e2ad0d4c1	d9421d44a0f4eca4f6974766b5e56d2712149724	2026-10-02T03:57:53Z	2026-10-02T04:06:35Z	true	Exercise retained browse callbacks across renewed visits
2e05160b3ddcf12c1dc6ec8b9e0481cd865bd392	3bab7869eb843cbd404ef9fb9a9e152e2ad0d4c1	2026-10-02T04:38:18Z	2026-10-02T04:38:18Z	true	docs: preserve exhaustive Nudox stopping checkpoint and readiness evidence
7c2e96a7252b81e369d8c089721a51111a5e7792	17a5a872b42e46b7082b0daffff31c9420d06b9e	2026-10-02T03:31:41Z	2026-10-02T03:33:15Z	false	Omit covered Reader pixels during Ask sheet motion
93d7260403d0ba7af44705dd7ac3a9e03ef2a0c1	7c2e96a7252b81e369d8c089721a51111a5e7792	2026-10-02T04:08:59Z	2026-10-02T04:08:59Z	false	Pair Ask motion probes with the captured native frame
3f535c7afb806db5ae73fce1f7ce6c6532788435	93d7260403d0ba7af44705dd7ac3a9e03ef2a0c1	2026-10-02T04:38:18Z	2026-10-02T04:38:22Z	false	docs: preserve exhaustive Nudox stopping checkpoint and readiness evidence
5799fdd4c941b3cb6bf430f3432a111b76b32d61	2e05160b3ddcf12c1dc6ec8b9e0481cd865bd392 3f535c7afb806db5ae73fce1f7ce6c6532788435	2026-10-02T05:02:39Z	2026-10-02T05:02:39Z	true	Merge preserved primary checkpoint into GUI continuation
401d72430925f43140ae02f023f2c59e8c91b463	5799fdd4c941b3cb6bf430f3432a111b76b32d61	2026-10-02T05:03:56Z	2026-10-02T05:03:56Z	true	docs: record requested canonical source publication and preserved slices
df5066d7bb80f60d5cbcc8b5bc03b58b2f4f7b21	401d72430925f43140ae02f023f2c59e8c91b463	2026-10-03T06:26:25Z	2026-10-03T06:26:25Z	true	build(desktop): lock advisory fixture dependency
6597f2625c3158991590379e9e27a64d799d8267	df5066d7bb80f60d5cbcc8b5bc03b58b2f4f7b21	2026-10-03T06:30:55Z	2026-10-03T06:30:55Z	true	fix(desktop): pass native context to recovery controls
5f9cb3d2760f9c81a0317bf7aaead823f6559502	6597f2625c3158991590379e9e27a64d799d8267	2026-10-03T06:33:49Z	2026-10-03T06:33:49Z	true	fix(desktop): derive failure destinations from required content admission
a92a223d16b7d0de34cfc629d3bdde1c20e8c625	5f9cb3d2760f9c81a0317bf7aaead823f6559502	2026-10-02T04:05:11Z	2026-10-03T06:33:50Z	true	Require fresh certified publication before restoring an attachment
029ac67017ed895964a0d71cc948475cd1eba267	a92a223d16b7d0de34cfc629d3bdde1c20e8c625	2026-10-02T04:06:10Z	2026-10-03T06:33:50Z	true	Bound publication resets by descriptor-fixed page and time allowances
72be7eaa74197ad0cfbc6848070848215ed34479	029ac67017ed895964a0d71cc948475cd1eba267	2026-10-02T04:06:58Z	2026-10-03T06:33:50Z	true	Attempt bounded exact-socket lease cancellation during observer teardown
84baf219e7c33c7b51b3b334799a1279fd559406	72be7eaa74197ad0cfbc6848070848215ed34479	2026-10-03T06:49:02Z	2026-10-03T06:49:02Z	true	fix(desktop): keep local Library and settings independent of catalog health
bd61825e1b7ecadf9e02667f200ee834168e27da	84baf219e7c33c7b51b3b334799a1279fd559406	2026-10-03T06:48:27Z	2026-10-03T06:50:41Z	true	fix(nix): make empty CDPATH explicit for shellcheck
1e0c45b306afd2dae511817ddd4d4614975b0ace	bd61825e1b7ecadf9e02667f200ee834168e27da	2026-10-03T07:01:13Z	2026-10-03T07:02:20Z	true	fix(nix): preserve embedded shell quoting
c950efb8cffc1ed80fb9d7330c7510bea7aead4e	1e0c45b306afd2dae511817ddd4d4614975b0ace	2026-10-03T06:41:16Z	2026-10-03T07:06:48Z	true	fix(desktop): preserve local startup and admission through owner outages
cac2426e4d7f2cfae299aae7ceec5687726efbf5	c950efb8cffc1ed80fb9d7330c7510bea7aead4e	2026-10-03T06:42:29Z	2026-10-03T07:06:48Z	true	fix(desktop): migrate the legacy compiler state directory privately
8e017b01ac8285c4bb009de1e6ef34c0602262cd	cac2426e4d7f2cfae299aae7ceec5687726efbf5	2026-10-03T06:45:32Z	2026-10-03T07:06:48Z	true	fix(desktop): coalesce duplicate folder admissions without replaying mutations
3b89ae19224f585eea6e78b95336ebb58ad652a9	8e017b01ac8285c4bb009de1e6ef34c0602262cd	2026-10-03T06:46:28Z	2026-10-03T07:06:48Z	true	fix(desktop): expose the canonical folder action to the native menu
104baa51b4794ade588766ab182d8b38dcf5465e	3b89ae19224f585eea6e78b95336ebb58ad652a9	2026-10-03T06:51:37Z	2026-10-03T07:06:48Z	true	fix(desktop): record index admission durably before submitting owner work
ea64a84a33cf691901c606a1a1a0f6eb804f60c7	104baa51b4794ade588766ab182d8b38dcf5465e	2026-10-03T06:32:18Z	2026-10-03T07:08:13Z	true	Bound admitted read residency and yield between landing batches
c24d3465e0a6885858e25d1764bd67d7d98cea70	ea64a84a33cf691901c606a1a1a0f6eb804f60c7	2026-10-03T06:42:43Z	2026-10-03T07:08:13Z	true	Prioritize visible read delivery while reserving prefetch progress
b224769df4fd0b8a9a89e11e46212d8a3eb3244b	c24d3465e0a6885858e25d1764bd67d7d98cea70	2026-10-03T06:45:20Z	2026-10-03T07:08:13Z	true	Borrow visible read keys when prioritizing landing batches
bb9a964289ac45881f3c78adc46bee4093147d5f	b224769df4fd0b8a9a89e11e46212d8a3eb3244b	2026-10-03T06:46:53Z	2026-10-03T07:08:13Z	true	Cover focused delivery of a prefetch already running
d03eb258f528c0fb05a2576b7f02587cbd44af03	bb9a964289ac45881f3c78adc46bee4093147d5f	2026-10-03T07:06:30Z	2026-10-03T07:08:13Z	true	Invoke read cancellation callbacks after releasing queue ownership
8b52630102bb7babf8de13d401ae3aeec8e226db	d03eb258f528c0fb05a2576b7f02587cbd44af03	2026-10-03T07:06:30Z	2026-10-03T07:08:38Z	true	Format read admission and landing fairness sources with pinned Rust
be15deaf365b9697914258b966fa130e88d35837	8b52630102bb7babf8de13d401ae3aeec8e226db	2026-10-03T06:56:30Z	2026-10-03T07:08:38Z	true	Use one native activation path for FACET and reader controls
cdf881184d62e692b7250ec9573193abd4058bfc	be15deaf365b9697914258b966fa130e88d35837	2026-10-03T07:13:19Z	2026-10-03T07:15:13Z	true	fix(desktop): use attachment epochs for owner admission
6a2bf7307881b604c8951113d276f955d4bd0b19	cdf881184d62e692b7250ec9573193abd4058bfc	2026-10-03T06:57:55Z	2026-10-03T07:15:13Z	true	fix(rust): preserve unmapped docs and lane failures
bcf6338846834d3fb4411828efeac9f9c5662aa5	6a2bf7307881b604c8951113d276f955d4bd0b19	2026-10-03T07:13:17Z	2026-10-03T07:15:13Z	true	test compiler runtime failure lifecycle
43ab2eb1a99fe40d6f1010269784d6fc0d32f485	bcf6338846834d3fb4411828efeac9f9c5662aa5	2026-10-03T07:05:39Z	2026-10-03T07:15:26Z	true	Keep native activation keys from firing parent modal handlers
44bb86df9f79e7760ca6a93e6b941211fec045c6	43ab2eb1a99fe40d6f1010269784d6fc0d32f485	2026-10-03T07:20:45Z	2026-10-03T07:27:38Z	true	fix(desktop): recover startup through one immutable workspace binding
6ddd35414b3ded68217bb33be60d59857350c71a	44bb86df9f79e7760ca6a93e6b941211fec045c6	2026-10-03T07:25:49Z	2026-10-03T07:27:38Z	true	fix(desktop): release owner lock before retry cancellation callbacks
31adeb1c7104a5ea2259ecfb00b49429b3a8e2d2	6ddd35414b3ded68217bb33be60d59857350c71a	2026-10-03T07:33:04Z	2026-10-03T07:38:10Z	true	fix(desktop): fence retries to an exact capable owner failure
08768a5000aa4a5d48b4bec82651a6bbdc85f426	31adeb1c7104a5ea2259ecfb00b49429b3a8e2d2	2026-10-03T07:27:33Z	2026-10-03T07:38:10Z	true	Preserve unknown and observed package licence declarations
a84ac64ca49f7305ce80cfc3ee91f256fcc0e562	08768a5000aa4a5d48b4bec82651a6bbdc85f426	2026-10-03T07:29:08Z	2026-10-03T07:38:10Z	true	Distinguish native shelf focus from accessibility descendants
afaba0291095accbfa99c2d7cd94ded6d8255408	a84ac64ca49f7305ce80cfc3ee91f256fcc0e562	2026-10-03T07:32:50Z	2026-10-03T07:38:10Z	true	Reserve plain key bindings for the active hint owner
033461b5220c560379c491767e1e90a8c156c94d	afaba0291095accbfa99c2d7cd94ded6d8255408	2026-10-03T07:33:14Z	2026-10-03T07:38:10Z	true	Keep refused search submissions in the active query surface
6503a2db8d4dd0e4ba64f5c447617d9b9f2553f8	033461b5220c560379c491767e1e90a8c156c94d	2026-10-03T07:34:13Z	2026-10-03T07:40:40Z	true	Exercise refused destination with real Enter and retained query
f2ca67ccc67b012f0e3113e1083c774920063997	6503a2db8d4dd0e4ba64f5c447617d9b9f2553f8	2026-10-03T07:39:50Z	2026-10-03T07:40:40Z	true	Bound shelf native owner pruning to one visible key set
809b31581e1e8ddafaa2b15e715d9a8c525442d8	f2ca67ccc67b012f0e3113e1083c774920063997	2026-10-03T07:17:57Z	2026-10-03T07:42:57Z	true	Retain bounded transient underlays without changing route history
8d60a8e852f7d17070ad1681d824705948a73223	809b31581e1e8ddafaa2b15e715d9a8c525442d8	2026-10-03T07:43:29Z	2026-10-03T07:43:29Z	true	Initialize session-only overlay underlays on cold binding restore
0b03314d0ea544c619a080b04fb0e67771aefbb3	8d60a8e852f7d17070ad1681d824705948a73223	2026-10-03T07:41:37Z	2026-10-03T07:43:30Z	true	fix(worker): reject unserved remote index connections
9cc69ca08ef939b4dd21edcd6633287b8247c1dd	0b03314d0ea544c619a080b04fb0e67771aefbb3	2026-10-02T04:13:01Z	2026-10-03T07:44:37Z	true	Checkpoint owner-scoped Cargo README navigation
dff431843a8fbdc9c3517f805b25b4bcb956ad76	9cc69ca08ef939b4dd21edcd6633287b8247c1dd	2026-10-03T06:44:55Z	2026-10-03T07:44:37Z	true	Preserve README focus by exact origin and endpoint
cb849ebeaefc21db5be67149974e47ec12f41d2c	dff431843a8fbdc9c3517f805b25b4bcb956ad76	2026-10-03T06:58:50Z	2026-10-03T07:44:37Z	true	Test scoped README source address restoration
1e09f8848094cdbdc6a48e95a334b6c841d457f9	cb849ebeaefc21db5be67149974e47ec12f41d2c	2026-10-03T07:01:31Z	2026-10-03T07:46:07Z	true	Admit README actions through the selected current local Tree
5118279031e15480eb3b240cad1898aa1170ef5a	1e09f8848094cdbdc6a48e95a334b6c841d457f9	2026-10-03T07:48:02Z	2026-10-03T07:49:47Z	true	Arm macOS frame link after GPUI callback registration
aaa3fae2a70121a83206d9fa3011500fe41b3cfe	5118279031e15480eb3b240cad1898aa1170ef5a	2026-10-03T07:46:38Z	2026-10-03T07:49:47Z	true	Expose button intrinsic width from its rendered label metrics
4f19e016b19e6fbdb4a3300d3dbd65d488458572	aaa3fae2a70121a83206d9fa3011500fe41b3cfe	2026-10-03T07:46:38Z	2026-10-03T07:49:47Z	true	Expose saved hand controls and explanations through native semantics
3a39ee8e7a09a59e9a9f97de6bab704d1f0b0052	4f19e016b19e6fbdb4a3300d3dbd65d488458572	2026-10-03T07:46:38Z	2026-10-03T07:49:47Z	true	Publish graph terminal and coverage messages to native accessibility
3d21e848f20da810e7778f2cf3d7126c5247cebc	3a39ee8e7a09a59e9a9f97de6bab704d1f0b0052	2026-10-03T07:46:38Z	2026-10-03T07:49:47Z	true	Bound status notices and reserve native recovery controls
efe7ffa29c48f1fc2f78b750a328719bfd17cbee	3d21e848f20da810e7778f2cf3d7126c5247cebc	2026-10-03T07:48:26Z	2026-10-03T07:49:47Z	true	Refuse stale status actions behind shell transients
ed4877d4a7ea1afc941e192fc209ddb6756d2052	efe7ffa29c48f1fc2f78b750a328719bfd17cbee	2026-10-03T07:49:04Z	2026-10-03T07:49:47Z	true	Exercise native hand bounds in both appearances
4b5ab79038c62301c27862e36180bfae8b8c87d0	ed4877d4a7ea1afc941e192fc209ddb6756d2052	2026-10-03T07:50:35Z	2026-10-03T07:50:35Z	true	Compose measured status and native hand controls in the shell
1741a6872b594fcac588f931b5d42f5e81dd4b64	4b5ab79038c62301c27862e36180bfae8b8c87d0	2026-10-03T07:50:35Z	2026-10-03T07:50:35Z	true	Bound subscription retention and commit certified reset pages atomically
d32fde43674c0848e19b94c64bdb87e066f90775	1741a6872b594fcac588f931b5d42f5e81dd4b64	2026-10-03T08:06:33Z	2026-10-03T08:06:33Z	true	Record native GUI and live deployment readiness contracts and evidence gates
ff6e9adf89e8959a4c1dd5c1e55baf4b477c95bd	d32fde43674c0848e19b94c64bdb87e066f90775	2026-10-03T08:17:46Z	2026-10-03T08:17:46Z	true	Clarify transient ACK evidence and durable completion requirement
431bb5f9c3dd3f54933714214c4956d648931702	ff6e9adf89e8959a4c1dd5c1e55baf4b477c95bd	2026-10-03T07:53:55Z	2026-10-03T08:17:46Z	true	Arm macOS frame link on first key activation
9f5093fa7b58dde59d9f87a8884e2f5dc6b2aa6f	431bb5f9c3dd3f54933714214c4956d648931702	2026-10-03T08:06:26Z	2026-10-03T08:17:46Z	true	Retain and retry scenes when native presentation defers
136447da3f28a59d7e990eded63f420930a4c848	9f5093fa7b58dde59d9f87a8884e2f5dc6b2aa6f	2026-10-03T08:07:06Z	2026-10-03T08:17:46Z	true	Preserve reentrant native presentation requests
bb3e7d9cebded1404006430849b9187d63cc15cc	136447da3f28a59d7e990eded63f420930a4c848	2026-10-03T08:08:26Z	2026-10-03T08:17:46Z	true	Stabilize presentation lifecycle test setup
ea1f02d4e9a7d1f3136cada7fd1c637d9ca75c16	bb3e7d9cebded1404006430849b9187d63cc15cc	2026-10-03T08:13:47Z	2026-10-03T08:17:46Z	true	Route indexed package-root search results to package pages
76fa98c2992c2ac3e687c5ce607faca26002197b	ea1f02d4e9a7d1f3136cada7fd1c637d9ca75c16	2026-10-03T07:50:57Z	2026-10-03T08:19:47Z	true	Enable native paint ledger in bounded status regressions
56bfe1c443357a4f00cf21d815be2a1126c5dd71	76fa98c2992c2ac3e687c5ce607faca26002197b	2026-10-03T07:53:06Z	2026-10-03T08:19:47Z	true	Exercise status retry against exact native owner capability
e69ac23c8b213f2314c2879353a58eb945f5ee82	56bfe1c443357a4f00cf21d815be2a1126c5dd71	2026-10-03T07:53:35Z	2026-10-03T08:19:47Z	true	Route native hand tab stops through HandControl context
c73a8fa6ba4daa537291705759562b39e2e712b9	e69ac23c8b213f2314c2879353a58eb945f5ee82	2026-10-03T08:05:18Z	2026-10-03T08:19:47Z	true	Admit current shelf facts before claiming empty relationships
11dce1f424ce769870150f9d57439faedf5523f5	c73a8fa6ba4daa537291705759562b39e2e712b9	2026-10-03T08:08:46Z	2026-10-03T08:20:05Z	true	Exercise native Shelf uncertainty and exact owner revocation
696b230fa9c4858f114a59a60cd0fde4dd78f10b	11dce1f424ce769870150f9d57439faedf5523f5	2026-10-03T08:10:27Z	2026-10-03T08:20:05Z	true	Open responsive Shelf drawer before testing native lens notes
f6b1a8a9b8683de6ecdd6a11af89b5706029598f	696b230fa9c4858f114a59a60cd0fde4dd78f10b	2026-10-03T08:11:19Z	2026-10-03T08:20:05Z	true	Keep unknown note-only scopes from reporting zero search totals
8352badbdf86c5a80a8da12a6112ce3dcc93376f	f6b1a8a9b8683de6ecdd6a11af89b5706029598f	2026-10-03T08:23:06Z	2026-10-03T08:23:06Z	true	Repair native control imports and preserve capture failures at the harness boundary
7ab3fda852c12378fed7fef6f4c36522dcb3521f	8352badbdf86c5a80a8da12a6112ce3dcc93376f	2026-10-03T08:10:06Z	2026-10-03T08:23:06Z	true	Preserve transient underlays and native focus ownership across covers
22e24a25bc6e143fed78f22a646a92e662ff9636	7ab3fda852c12378fed7fef6f4c36522dcb3521f	2026-10-03T08:45:21Z	2026-10-03T08:45:21Z	true	Measure native recovery labels with the window shaper and declare document hashing dependency
00207b68f100d679507d529402f56b74847a0ce8	22e24a25bc6e143fed78f22a646a92e662ff9636	2026-10-03T07:57:20Z	2026-10-03T08:45:21Z	true	Prepare complete owner README navigation with bounded native pages
1b5e6afda8fa41ea83b5957e0b23c52650b184bb	00207b68f100d679507d529402f56b74847a0ce8	2026-10-03T08:57:39Z	2026-10-03T08:57:39Z	true	Measure recovery feedback in its mounted test window
bd22d4473f977e1eaee136139ab7cb34afc4f5d9	1b5e6afda8fa41ea83b5957e0b23c52650b184bb	2026-10-03T08:34:37Z	2026-10-03T08:58:08Z	true	Rotate graph reads across exact-root owner sessions
502feeadd244b43ddd7fa422810db692f4670bc8	bd22d4473f977e1eaee136139ab7cb34afc4f5d9	2026-10-03T08:34:43Z	2026-10-03T08:58:08Z	true	Keep graph mode actions on the current painted declaration
eed5557ea22b4e5d62f4ddfa0128a056ee988bba	502feeadd244b43ddd7fa422810db692f4670bc8	2026-10-03T08:35:22Z	2026-10-03T08:58:08Z	true	Route titlebar Graph activation through painted mode admission
de93ac6e89beba22a988a398873921f4ba1444b7	eed5557ea22b4e5d62f4ddfa0128a056ee988bba	2026-10-03T08:37:36Z	2026-10-03T08:58:08Z	true	Fence graph read batches by exact revision cursor
fd7a0c5baaa7141efd2617523c6a4008062b81b1	de93ac6e89beba22a988a398873921f4ba1444b7	2026-10-03T08:38:30Z	2026-10-03T08:58:08Z	true	Unify Ask submissions and retain native refusal feedback
43294071aca88c3d4b5dc52f911f11c941aa9708	fd7a0c5baaa7141efd2617523c6a4008062b81b1	2026-10-03T09:01:10Z	2026-10-03T09:01:10Z	true	Keep local navigation independent of owner read availability
dbda60d0a73eff137c373f9517bbed5690b92d5c	43294071aca88c3d4b5dc52f911f11c941aa9708	2026-10-03T08:28:17Z	2026-10-03T09:04:22Z	true	Scope document paint bounds to exact content and reader visit
98e261afedb93de4a0ce2c62576e21895294bb65	dbda60d0a73eff137c373f9517bbed5690b92d5c	2026-10-03T08:51:23Z	2026-10-03T09:07:32Z	true	Project effective Facet into shared component theme
f47a71f30ee9f72e8d508f8b17460b4f5e10664e	98e261afedb93de4a0ce2c62576e21895294bb65	2026-10-03T08:56:47Z	2026-10-03T09:08:24Z	true	Keep local and registry compare facts bound to exact sources
07077eca6d11ef76ec8a5f8ec47d1b041bf1880e	f47a71f30ee9f72e8d508f8b17460b4f5e10664e	2026-10-03T09:05:25Z	2026-10-03T09:08:24Z	true	Exclude external semantic endpoints from search destinations
dabc7181b7ab5248d9cb964c9f3da923c58846ac	07077eca6d11ef76ec8a5f8ec47d1b041bf1880e	2026-10-03T09:08:51Z	2026-10-03T09:09:39Z	true	Repair native desktop candidate compile contracts
e22a920a5e82acb57a946f186dc67af05cf624ea	dabc7181b7ab5248d9cb964c9f3da923c58846ac	2026-10-03T09:31:57Z	2026-10-03T09:31:57Z	true	fix(facet): address component palette without settings field shadowing
facd5cc38443ad13356c144b1387bb5c47e77b92	e22a920a5e82acb57a946f186dc67af05cf624ea	2026-10-03T09:17:34Z	2026-10-03T09:32:14Z	true	fix(semantic): bind plane build recipe to source image
cd844a2b5678e0c0b9d0d7adff8f38ee2d3a68a7	facd5cc38443ad13356c144b1387bb5c47e77b92	2026-10-03T09:05:43Z	2026-10-03T09:32:14Z	true	Resolve Ask keyboard scrolling against current result children
46c9e3be43b9591f849f454afe93dff8687d4402	cd844a2b5678e0c0b9d0d7adff8f38ee2d3a68a7	2026-10-03T09:18:29Z	2026-10-03T09:33:39Z	true	Prevent source pager history from reopening visible terminal lines
cdaf5c9e62dab478eba2e3b4cbbdddb1bf42d0ba	46c9e3be43b9591f849f454afe93dff8687d4402	2026-10-03T09:26:17Z	2026-10-03T09:34:25Z	true	Admit titlebar actions by displayed subject and preserve popup focus return
6d144243d7ec65f19a2401156d1bde4947f6dc34	cdaf5c9e62dab478eba2e3b4cbbdddb1bf42d0ba	2026-10-03T09:38:11Z	2026-10-03T09:38:11Z	true	fix(gui-harness): initialize public session state without private claims
fdc6e8213e952ebfc105a999d6a39cf9ac0823f0	6d144243d7ec65f19a2401156d1bde4947f6dc34	2026-10-03T09:41:15Z	2026-10-03T10:14:42Z	true	gui: paint exact retained destination panes without current actions
93c63cb6a6b4736642b6f0888ab10ebd472c4145	fdc6e8213e952ebfc105a999d6a39cf9ac0823f0	2026-10-03T09:51:58Z	2026-10-03T10:14:42Z	true	Resolve accessibility focus once against the final native frame owner
02165a6cc987d2a2376af0c6dab24509f187c819	93c63cb6a6b4736642b6f0888ab10ebd472c4145	2026-10-03T10:10:05Z	2026-10-03T10:14:42Z	true	Keep radio selection distinct from native accessibility focus
261b58589c12212afdd8ed3ba9433698a7c9f013	02165a6cc987d2a2376af0c6dab24509f187c819	2026-10-03T10:13:21Z	2026-10-03T10:14:42Z	true	Exercise native Find focus through arrival and owner loss
1d8904931eb8be74f8388994eb28e7c6450b8131	261b58589c12212afdd8ed3ba9433698a7c9f013	2026-10-03T10:18:25Z	2026-10-03T10:23:34Z	true	Guard native text input event forwarding when context is absent
e1d08c95c1340666e61ab7829f519693b363fcc6	1d8904931eb8be74f8388994eb28e7c6450b8131	2026-10-03T10:21:40Z	2026-10-03T10:23:34Z	true	Identify accessibility focus claimants in strict frame diagnostics
59eead3fe69f7781ba7f082dc7cf9ee444838c53	e1d08c95c1340666e61ab7829f519693b363fcc6	2026-10-03T10:32:31Z	2026-10-03T10:32:31Z	true	docs: record native failure campaign and live deployment readiness gates
4367631ed0d6320d55a57e8d391a784e2ecd23f4	59eead3fe69f7781ba7f082dc7cf9ee444838c53	2026-10-03T10:56:55Z	2026-10-03T10:59:00Z	true	Add bounded Cargo process census
6ae2e4a864bb4081d53415e4033560eaf3ff6558	4367631ed0d6320d55a57e8d391a784e2ecd23f4	2026-10-03T11:12:03Z	2026-10-03T11:12:39Z	true	Repair native desktop lib-test fixture compile contracts
e62a9bbca68aef2b3c289d91fd5b074e12e06c21	6ae2e4a864bb4081d53415e4033560eaf3ff6558	2026-10-03T11:26:50Z	2026-10-03T11:37:49Z	true	Finish text selection after paint without requesting idle frames
82e99e56cf67f6103b76924c00cb369435a5c84e	e62a9bbca68aef2b3c289d91fd5b074e12e06c21	2026-10-03T11:34:14Z	2026-10-03T11:37:49Z	true	Exercise mounted native controls with full input and AX bounds
1b0eaa761c6993d43b6a92d7a1d08838daef4729	82e99e56cf67f6103b76924c00cb369435a5c84e	2026-10-03T11:13:19Z	2026-10-03T11:37:49Z	true	Keep active macOS frame link armed across native callbacks
727ece72937691cda441a003ca3128ca1e5d4555	1b0eaa761c6993d43b6a92d7a1d08838daef4729	2026-10-03T11:24:46Z	2026-10-03T11:37:49Z	true	Trace native frame source and scene submission on demand
7b8e00fbf353921b287de13875dfbead07cb0bd2	727ece72937691cda441a003ca3128ca1e5d4555	2026-10-03T11:26:49Z	2026-10-03T11:37:49Z	true	Bound macOS display-link rearm after asynchronous stop
8c3845c0a87160231441bc2813306b5b88b52cd4	7b8e00fbf353921b287de13875dfbead07cb0bd2	2026-10-03T11:27:44Z	2026-10-03T11:37:49Z	true	Mark inactive accessibility frames explicitly in trace
e4392eabd5707f843ecb9fc2fa37dc2922a141a7	8c3845c0a87160231441bc2813306b5b88b52cd4	2026-10-03T11:29:27Z	2026-10-03T11:37:49Z	true	Prevent link rearm after native window close
771c796affc889107b188a130e05a2ad17e2b783	e4392eabd5707f843ecb9fc2fa37dc2922a141a7	2026-10-03T09:36:35Z	2026-10-03T11:49:13Z	true	Define bounded display-only cache projection vocabulary
d3f4d43a849ef4a68f5e8cf290d3245198d628b2	771c796affc889107b188a130e05a2ad17e2b783	2026-10-03T09:37:03Z	2026-10-03T11:49:13Z	true	Use existing bound Cargo context in display address matching
1b516ded74c4085a4e35d10f46e5223871eab41b	d3f4d43a849ef4a68f5e8cf290d3245198d628b2	2026-10-03T10:03:48Z	2026-10-03T11:49:13Z	true	Retain bounded private display projections without granting read authority
a34d97d9c17596abcd5c10024a7b5304b221561e	1b516ded74c4085a4e35d10f46e5223871eab41b	2026-10-03T10:43:14Z	2026-10-03T11:49:13Z	true	Paint exact retained displays without current read authority
b3214090f44854b929f894a6dd7648cf7c9673f2	a34d97d9c17596abcd5c10024a7b5304b221561e	2026-10-03T11:32:17Z	2026-10-03T11:49:14Z	true	Prepare closed retained displays and bounded readonly paging off thread
25356e55f26b33264080c86a3a4038b80aa8f2d1	b3214090f44854b929f894a6dd7648cf7c9673f2	2026-10-03T11:44:33Z	2026-10-03T11:49:14Z	true	Keep admitted display cache ownership below the model boundary
1baf423c6ca5797d1d1db358684e5446725ebb66	25356e55f26b33264080c86a3a4038b80aa8f2d1	2026-10-03T10:30:15Z	2026-10-03T11:50:52Z	true	fix(cargo): require requested project manifest
49acdbdc7852d9e978a38dd1624245e572e1f841	1baf423c6ca5797d1d1db358684e5446725ebb66	2026-10-03T11:11:16Z	2026-10-03T11:50:52Z	true	fix(cargo): prove requested workspace membership
f80093b96e9d65b379f273128666463e6b6db68a	49acdbdc7852d9e978a38dd1624245e572e1f841	2026-10-03T11:57:50Z	2026-10-03T12:05:40Z	true	fix(local-service): bind semantic recipes to reopened images
3214c4ac66e6c4451574c838136cb1bca930b651	f80093b96e9d65b379f273128666463e6b6db68a	2026-10-03T08:38:31Z	2026-10-03T12:05:48Z	true	Add durable index operation API
a967f158ccab9cfcd7d326e8c30583037b2651da	3214c4ac66e6c4451574c838136cb1bca930b651	2026-10-03T09:09:52Z	2026-10-03T12:05:48Z	true	Add durable index operation receipts
8b8f5310cd5323704bf58071ae13a0b55d9e5d16	a967f158ccab9cfcd7d326e8c30583037b2651da	2026-10-03T09:35:15Z	2026-10-03T12:05:49Z	true	Bound durable index operation history
9932d9dc52d0983052f3fd743e46db311195e20b	8b8f5310cd5323704bf58071ae13a0b55d9e5d16	2026-10-03T09:38:05Z	2026-10-03T12:05:49Z	true	Validate operation receipt cursor framing
118914cdc666096e6d3f06d8008a76f238a6c111	9932d9dc52d0983052f3fd743e46db311195e20b	2026-10-03T11:02:12Z	2026-10-03T12:05:49Z	true	Fix index journal prepared assertion
75747947512b18e0eca1c4546786dd82d27cc862	118914cdc666096e6d3f06d8008a76f238a6c111	2026-10-03T11:10:18Z	2026-10-03T12:05:49Z	true	Open operation journal beneath checked private root
8503c687f539bd29b59a162219e43b4cde329667	75747947512b18e0eca1c4546786dd82d27cc862	2026-10-03T11:11:21Z	2026-10-03T12:05:49Z	true	Bound operation payload decoding in SQL
d384a5dd8b03b01e147cf12714cfa1525732e58b	8503c687f539bd29b59a162219e43b4cde329667	2026-10-03T11:14:10Z	2026-10-03T12:05:49Z	true	Validate operation journal cold-open aggregates
a5db47769e969175eff17563c5fd29e267603c1e	d384a5dd8b03b01e147cf12714cfa1525732e58b	2026-10-03T11:18:30Z	2026-10-03T12:05:49Z	true	Query durable pending state across journal processes
585cfc79c60b09d270bdea3b5e556d8c6b6d9ace	a5db47769e969175eff17563c5fd29e267603c1e	2026-10-03T11:44:09Z	2026-10-03T12:05:49Z	true	Validate index operation cold state in one snapshot
b4ba975d35ead5e0c156cb2d9c1d487118c6b4e8	585cfc79c60b09d270bdea3b5e556d8c6b6d9ace	2026-10-03T08:27:06Z	2026-10-03T12:05:57Z	true	Persist exact caller identity and payload for local index operations
bb6aced0c67f8ccfa7bb7083bfc9fd36df7205b9	b4ba975d35ead5e0c156cb2d9c1d487118c6b4e8	2026-10-03T08:30:18Z	2026-10-03T12:05:57Z	true	Allocate durable index caller keys from OS entropy
ee47e4367ff51cb1a6ae0c5ddf561f073aa7cda2	bb6aced0c67f8ccfa7bb7083bfc9fd36df7205b9	2026-10-03T09:02:33Z	2026-10-03T12:07:13Z	true	Reconcile persisted GUI index operations through exact owner receipts
4a9347637b3389b48a31f21fd5e0bab25b84f020	ee47e4367ff51cb1a6ae0c5ddf561f073aa7cda2	2026-10-03T09:03:04Z	2026-10-03T12:08:06Z	true	Expose owner-qualified native recovery for saved index outcomes
f274ae855376f93f4fdc71991c2245f076a9ceda	4a9347637b3389b48a31f21fd5e0bab25b84f020	2026-10-03T09:04:20Z	2026-10-03T12:08:06Z	true	Refresh local manifest facts after exact index publication
61dfce55cc92b1ac117b38f74b028ed5aee5406b	f274ae855376f93f4fdc71991c2245f076a9ceda	2026-10-03T10:06:51Z	2026-10-03T12:08:06Z	true	Reconcile consumed operation keys outside the receipt window
744c0f83d6f69e7645748750964988f634ae739c	61dfce55cc92b1ac117b38f74b028ed5aee5406b	2026-10-03T10:11:24Z	2026-10-03T12:08:06Z	true	Offer explicit distinct indexing after a checked consumed-key tombstone
c8d79f1357f9cde713f2cba92d8ea43cf068463d	744c0f83d6f69e7645748750964988f634ae739c	2026-10-03T12:06:50Z	2026-10-03T12:08:14Z	true	perf(local-service): admit compiler image facts in one read
3fa884e88c3a073c6f07cdfcf9e8423b6eb50221	c8d79f1357f9cde713f2cba92d8ea43cf068463d	2026-10-03T12:07:39Z	2026-10-03T12:08:14Z	true	test(local-service): release wrong-image GC pin
aa3c8e69358fce92e372b2c66d7a2dc0a8673061	3fa884e88c3a073c6f07cdfcf9e8423b6eb50221	2026-10-03T12:07:45Z	2026-10-03T12:08:22Z	true	fix(desktop): exclude polling request identity from durable operation phase
36cb510e57acadae629d69cbf7207d51c29a4b2a	aa3c8e69358fce92e372b2c66d7a2dc0a8673061	2026-10-03T12:08:17Z	2026-10-03T12:11:19Z	true	Submit eager GPUI draws before clearing dirty state
935c04bc800132e71ec90b08bc30ff8ee03f2c99	36cb510e57acadae629d69cbf7207d51c29a4b2a	2026-10-03T12:09:43Z	2026-10-03T12:11:19Z	true	Make eager presentation idle test independent of wall time
30f4179a6e2f418c64e242bd44da4b03d89c7706	935c04bc800132e71ec90b08bc30ff8ee03f2c99	2026-10-03T12:15:14Z	2026-10-03T12:17:40Z	true	Fix index operation focused test compilation
f12d99f71d24121c2143b0f3a31406f62da814a3	30f4179a6e2f418c64e242bd44da4b03d89c7706	2026-10-03T12:19:21Z	2026-10-03T12:19:21Z	true	Record native submission blockers and exact readiness gates
d12d94049f81d0376a9f1aec76a8a8440e8d3b98	f12d99f71d24121c2143b0f3a31406f62da814a3	2026-10-03T12:04:01Z	2026-10-03T12:20:28Z	true	Use exact native element provenance in regression fixtures
1065c3291a1570dfc53fe01de29174653c06774a	d12d94049f81d0376a9f1aec76a8a8440e8d3b98	2026-10-03T12:12:56Z	2026-10-03T12:20:28Z	true	Dispatch native menu test action outside borrowed window
916a74aa5ce3218154015f47d56adfa76017efd5	1065c3291a1570dfc53fe01de29174653c06774a	2026-10-03T12:12:56Z	2026-10-03T12:20:28Z	true	Keep Find editor focus across its route refinement
1fc3fe0af5ba256af739c32ecf061c5ab716e3f3	916a74aa5ce3218154015f47d56adfa76017efd5	2026-10-03T12:12:56Z	2026-10-03T12:20:28Z	true	Keep Ask refusal status visible beside scrolled results
f3506ee26b8055656e152d79bf4eab1677146f44	1fc3fe0af5ba256af739c32ecf061c5ab716e3f3	2026-10-03T12:12:56Z	2026-10-03T12:20:28Z	true	Assert failed-owner native Add opens local folder dialog
18774198f0865d23c62c4cdd924759e31b1de835	f3506ee26b8055656e152d79bf4eab1677146f44	2026-10-03T12:13:20Z	2026-10-03T12:20:28Z	true	Stack recovery controls when status text cannot share narrow foot
03df1cae2c9447d92c7e61daa1d66c1c0ef60e5e	18774198f0865d23c62c4cdd924759e31b1de835	2026-10-03T12:14:37Z	2026-10-03T12:20:28Z	true	Retire completed Add editor before second native folder entry
0241f401dce87bcf5e5d74dabc65a273bc0298a1	03df1cae2c9447d92c7e61daa1d66c1c0ef60e5e	2026-10-03T12:15:11Z	2026-10-03T12:20:28Z	true	Exercise full native Enter for scrolled Ask refusal
5bda93c1cc29dd3da4db0a28b9fa2c0381837dab	0241f401dce87bcf5e5d74dabc65a273bc0298a1	2026-10-03T12:21:54Z	2026-10-03T12:21:54Z	true	Bind native two-folder fixture completion to its caller operation
2027d158c129d65eaeb75e3c949216d673453d47	5bda93c1cc29dd3da4db0a28b9fa2c0381837dab	2026-10-03T12:28:53Z	2026-10-03T12:31:50Z	true	Repair GPUI library test imports and visual context reads
bcecb78d1aa53ec97ba29cbdb4539ec129a9532d	2027d158c129d65eaeb75e3c949216d673453d47	2026-10-03T12:46:13Z	2026-10-03T12:48:18Z	true	fix index operation Turso page cap setup
150bac7fe43805a95b8ddf451fb2ab7bff39de01	bcecb78d1aa53ec97ba29cbdb4539ec129a9532d	2026-10-03T12:38:07Z	2026-10-03T12:48:18Z	true	Paint local Reader overlays on their first frame
2c10751904caf5a6024401f7c31de1d7279cf5b7	150bac7fe43805a95b8ddf451fb2ab7bff39de01	2026-10-03T12:38:07Z	2026-10-03T12:48:18Z	true	Cover failed-owner Settings and Inbox native first frames
fa25ea50e609863fae25bad340169465dcbf81db	2c10751904caf5a6024401f7c31de1d7279cf5b7	2026-10-03T12:47:19Z	2026-10-03T12:50:06Z	true	Wake queued GPUI frame callbacks when native ticks pause
31e4d3f948a03a4ed736475eedb836f968180208	fa25ea50e609863fae25bad340169465dcbf81db	2026-10-03T12:37:14Z	2026-10-03T12:50:06Z	true	Keep drawer backdrop gestures inside their native input scope
1e482dd69209a747fe13fa0048eee9f2081bfee6	31e4d3f948a03a4ed736475eedb836f968180208	2026-10-03T12:27:34Z	2026-10-03T12:50:06Z	true	Give About Nudox a typed local Settings page
cc2bd2f12be87770657760dcf595ad33ac9f01a2	1e482dd69209a747fe13fa0048eee9f2081bfee6	2026-10-03T12:27:34Z	2026-10-03T12:50:06Z	true	Keep native local menu actions available without Shell focus
a6f458db99e789a07eadde17cf38111000c09c8b	cc2bd2f12be87770657760dcf595ad33ac9f01a2	2026-10-03T12:28:53Z	2026-10-03T12:50:06Z	true	Validate native menu on untouched initial Home
3e06b3f05c14bef48158b34432dd3d6a30f326c3	a6f458db99e789a07eadde17cf38111000c09c8b	2026-10-03T12:29:57Z	2026-10-03T12:50:06Z	true	Check failed-owner app menu without focused Shell node
1fe98489edd30cd1b71a365b1fca568410bffdf8	3e06b3f05c14bef48158b34432dd3d6a30f326c3	2026-10-03T12:45:47Z	2026-10-03T12:53:24Z	true	fix(desktop): acknowledge durable first sends through one asynchronous writer
1caa2f0e7cebf0ebbaf9d5948881e1ebe99b4deb	1fe98489edd30cd1b71a365b1fca568410bffdf8	2026-10-03T12:50:22Z	2026-10-03T12:53:24Z	true	fix(desktop): reject exhausted persistence revisions without token reuse
57b39b9e0df0e6676c6c382043eae19d7f014eaf	1caa2f0e7cebf0ebbaf9d5948881e1ebe99b4deb	2026-10-03T12:43:14Z	2026-10-03T12:56:24Z	true	Present typed index capabilities and complete Settings values
557b04fa78b0ce27b7d619bf9365d5bce39fb447	57b39b9e0df0e6676c6c382043eae19d7f014eaf	2026-10-03T12:57:32Z	2026-10-03T13:01:32Z	true	require exact receipts before settling keyed legacy index faults
29cb9843532113af4d5cd34c6785bba677c93d16	557b04fa78b0ce27b7d619bf9365d5bce39fb447	2026-10-03T13:03:22Z	2026-10-03T13:03:22Z	true	Use the objc2 visibility flag for native callback wakes
f5466a4ffb0d4faa522400aadb31f669805f6b86	29cb9843532113af4d5cd34c6785bba677c93d16	2026-10-03T13:19:48Z	2026-10-03T13:19:48Z	true	fix(facet): prevent refused radio focus through the window
fb5a001bf5cb070e6c91ec4f8696ff4fac01fbda	f5466a4ffb0d4faa522400aadb31f669805f6b86	2026-10-03T13:07:32Z	2026-10-03T13:22:48Z	true	Distinguish bound package facts from unread compare evidence
017cb88b3c751684d6edd3033032ceeb677149cc	fb5a001bf5cb070e6c91ec4f8696ff4fac01fbda	2026-10-03T13:07:32Z	2026-10-03T13:22:48Z	true	Describe unread licence separately from declared absence
e9de17e9823680db217ba15c356ea7956f2f75f4	017cb88b3c751684d6edd3033032ceeb677149cc	2026-10-03T13:07:32Z	2026-10-03T13:22:48Z	true	Check painted and accessible package evidence under unread owner
58d958d3e129534d7624d915d79f4cfe22393b6b	e9de17e9823680db217ba15c356ea7956f2f75f4	2026-10-03T09:04:58Z	2026-10-03T13:23:21Z	true	Add source-bound native GUI motion capture and AX matrix
13954b55fa37d6a1e7bb4115e7236bef46a2dfff	58d958d3e129534d7624d915d79f4cfe22393b6b	2026-10-03T09:36:46Z	2026-10-03T13:23:21Z	true	Separate capture tool source from candidate binary provenance
36c764a141a2dec0ea5851d62a1e84d0138e8642	13954b55fa37d6a1e7bb4115e7236bef46a2dfff	2026-10-03T10:05:12Z	2026-10-03T13:23:21Z	true	Bound native motion evidence and admit preserved candidate copies
3cf62be507e57b60e2e9e2bd0908124de7365ae8	36c764a141a2dec0ea5851d62a1e84d0138e8642	2026-10-03T13:24:42Z	2026-10-03T13:24:42Z	true	Present consumed index keys without inventing a publication receipt
3ed56bbcab9747207f174bd9e005752f65bde4e3	3cf62be507e57b60e2e9e2bd0908124de7365ae8	2026-10-03T13:19:10Z	2026-10-03T13:24:42Z	true	Gate graph Page and Code controls on current selection
9c0b2c2fe183575c6e4ba6ea5c70690ace00675d	3ed56bbcab9747207f174bd9e005752f65bde4e3	2026-10-03T13:27:34Z	2026-10-03T13:37:59Z	true	Unify native Licence focus with mounted Reader target
15ba22004ae1a1243516ed746d27a231728fba29	9c0b2c2fe183575c6e4ba6ea5c70690ace00675d	2026-10-03T10:27:10Z	2026-10-03T13:38:20Z	true	fix(acquisition): race-safe receipt store initialization
551356cf06ebdc5742080f2d8fe36a855f3015aa	15ba22004ae1a1243516ed746d27a231728fba29	2026-10-03T10:30:38Z	2026-10-03T13:38:20Z	true	Persist advisory refreshes for admitted archives
499200604353ec4250760b203fbd48dec86a9fb4	551356cf06ebdc5742080f2d8fe36a855f3015aa	2026-10-03T10:41:23Z	2026-10-03T13:38:20Z	true	Coalesce acquisition before journal refresh
b5d701de9c589dadf9ec935be3f4fcf591a8e30f	499200604353ec4250760b203fbd48dec86a9fb4	2026-10-03T11:01:57Z	2026-10-03T13:38:20Z	true	test(acquisition): pin content store fixture roots canonically
8baafad71f6df2e2d7de582ed540647f3198e02c	b5d701de9c589dadf9ec935be3f4fcf591a8e30f	2026-10-03T11:02:08Z	2026-10-03T13:38:20Z	true	test(registry): include required yanked field in sparse rows
a5dd4f151aabf59f5fff206224be7991ea8e97da	8baafad71f6df2e2d7de582ed540647f3198e02c	2026-10-03T11:02:17Z	2026-10-03T13:38:20Z	true	test(acquisition): create both lease slots before torn-slot recovery
b59ad21f40adcfd31311f89da8a0d31f72ad796c	a5dd4f151aabf59f5fff206224be7991ea8e97da	2026-10-03T11:02:29Z	2026-10-03T13:38:20Z	true	test(acquisition): expire lease guards through durable test lifecycle
ff4d2f5480ce5e7a27e6d8d7297277d1ad77e45b	b59ad21f40adcfd31311f89da8a0d31f72ad796c	2026-10-03T11:11:36Z	2026-10-03T13:38:20Z	true	test(acquisition): stabilize bounded interprocess lease races
b9fdad661b554f414804067c79ac61bcb04b024a	ff4d2f5480ce5e7a27e6d8d7297277d1ad77e45b	2026-10-03T11:41:34Z	2026-10-03T13:38:20Z	true	test(registry): require explicit freshness for offline cache reuse
b0a92bb77f8287b8b82272625c9c26166126c76a	b9fdad661b554f414804067c79ac61bcb04b024a	2026-10-03T12:54:40Z	2026-10-03T13:38:20Z	true	fix(engine): converge concurrent registry page transfers
7adb37fb1d2061f54f8a866e5b9a01b8c4780d56	b0a92bb77f8287b8b82272625c9c26166126c76a	2026-10-03T13:19:49Z	2026-10-03T13:38:20Z	true	fix(acquisition): promote concurrent receipt failures to the result type
a4ecba82edfea142edc841a2af3011873ca994a4	7adb37fb1d2061f54f8a866e5b9a01b8c4780d56	2026-10-03T13:40:19Z	2026-10-03T13:40:19Z	true	Use bounded product text and the writer trait in runtime regressions
32a126198c9f62d1028792cf9b03b8546c5f8e24	a4ecba82edfea142edc841a2af3011873ca994a4	2026-10-03T13:37:59Z	2026-10-03T13:40:20Z	true	Build the real Cargo source tree before multifile publication admission
1b760f0033afc3d2aa7ae6eddf8de0479ef6124c	32a126198c9f62d1028792cf9b03b8546c5f8e24	2026-10-03T13:43:03Z	2026-10-03T13:43:03Z	true	Checkpoint executed gates and the complete native readiness failure ledger
e2078a3f5daec60626e694b98b660fef0290f256	1b760f0033afc3d2aa7ae6eddf8de0479ef6124c	2026-10-03T13:43:55Z	2026-10-03T14:04:32Z	true	Prepare receipt-bound native Run19 motion plans
9fba6bf64e74ce7362146e744d814216bb002585	e2078a3f5daec60626e694b98b660fef0290f256	2026-10-03T13:46:10Z	2026-10-03T14:04:32Z	true	Require native selected text scale before drawer gesture
80d959682f2a38bf5bbc29edcd871929f0b7c73b	9fba6bf64e74ce7362146e744d814216bb002585	2026-10-03T13:47:59Z	2026-10-03T14:04:32Z	true	Plan interrupted wide shelf hide and reveal
1ef8fdcf557957e295f003b63f75eb915e5e17cc	80d959682f2a38bf5bbc29edcd871929f0b7c73b	2026-10-03T13:43:03Z	2026-10-03T14:08:18Z	true	Separate local revision check from owner confirmation
235a78d279a75978e15c19b23274df2803be4983	1ef8fdcf557957e295f003b63f75eb915e5e17cc	2026-10-03T13:53:43Z	2026-10-03T14:11:17Z	true	Match typed GPUI element IDs in native bounds assertions
f0edb39324750b03c499096baf006d2ea3c95d99	235a78d279a75978e15c19b23274df2803be4983	2026-10-03T13:59:51Z	2026-10-03T14:11:17Z	true	Keep native page admission stable through input and restore live focus after Add
2f7aac4b571a26773351d43a56e9404494721fa2	f0edb39324750b03c499096baf006d2ea3c95d99	2026-10-03T14:06:19Z	2026-10-03T14:11:17Z	true	Assert live keyboard owner after native Add submission
2a384e0eb8f1d932b52a2bd77e09c08e7d67da49	2f7aac4b571a26773351d43a56e9404494721fa2	2026-10-03T14:07:42Z	2026-10-03T14:11:17Z	true	Return native Find focus from Add through exact mounted query visit
1c36940b3df274a36d188d69eef619a3ff3a0567	2a384e0eb8f1d932b52a2bd77e09c08e7d67da49	2026-10-03T14:10:24Z	2026-10-03T14:11:17Z	true	Fence Add Find focus return against later native input
e27a7da11a9d1edad79041bbcbbd3fb32fb7797d	1c36940b3df274a36d188d69eef619a3ff3a0567	2026-10-03T14:05:57Z	2026-10-03T14:17:37Z	true	test(local-service): cover public index operation lifecycle
6066f29fd4c376fad58a21fa6c4e15187bd72a29	e27a7da11a9d1edad79041bbcbbd3fb32fb7797d	2026-10-03T14:15:36Z	2026-10-03T14:17:37Z	true	test(local-service): make lifecycle fixture portable
fa280fd90360edf9c0adae44bf5c4ba20dfe0b51	6066f29fd4c376fad58a21fa6c4e15187bd72a29	2026-10-03T14:24:46Z	2026-10-03T14:26:57Z	true	Import connection detail helper in settings native test
c05aedaff23d20a4c9a36a8beb6ddf571668d3a0	fa280fd90360edf9c0adae44bf5c4ba20dfe0b51	2026-10-03T14:42:47Z	2026-10-03T14:53:19Z	true	Preserve current owner recovery notice and cancel stale Find returns
c0a122e8c54991ce3685ad707141796019cdf608	c05aedaff23d20a4c9a36a8beb6ddf571668d3a0	2026-10-03T14:42:47Z	2026-10-03T14:53:19Z	true	Exercise native focus paths and exact retry button in desktop tests
e2b2f2fe4633c388898b068e57cac181b4b4f6f4	c0a122e8c54991ce3685ad707141796019cdf608	2026-10-03T14:48:22Z	2026-10-03T14:53:19Z	true	test(local-service): describe operation key admission errors
48446c50665674bef7d7df90dcf6a0396bf3a97d	e2b2f2fe4633c388898b068e57cac181b4b4f6f4	2026-10-03T14:09:24Z	2026-10-03T14:56:22Z	true	Use native Shell Back bracket shortcut in Find capture
fe8acaff49f69a01ef54b6ccae8a87f5b80831e8	48446c50665674bef7d7df90dcf6a0396bf3a97d	2026-10-03T14:14:04Z	2026-10-03T14:56:22Z	true	Capture keyboard cover retirement of held underlay press
481021de864d60386f63368631436cda430c0c69	fe8acaff49f69a01ef54b6ccae8a87f5b80831e8	2026-10-03T14:17:44Z	2026-10-03T14:56:22Z	true	Test held-radio native AX oracle admission
8ca956ce2c5e0d21e38c90e318ec864274761185	481021de864d60386f63368631436cda430c0c69	2026-10-03T14:23:40Z	2026-10-03T14:56:22Z	true	Record typed native capture preflight and require signed recorder identity
66d5d1925954afdabcad5a628166dc95b7ca94a3	8ca956ce2c5e0d21e38c90e318ec864274761185	2026-10-03T14:33:11Z	2026-10-03T14:56:22Z	true	Admit frozen ad-hoc recorder identity and scope foreground preflight
5dbe8a45069c5e54cd467ecbd7d0c1fab2a1b8cb	66d5d1925954afdabcad5a628166dc95b7ca94a3	2026-10-03T13:07:24Z	2026-10-03T14:57:55Z	true	Carry bounded reading intent with checked navigation visits
04a64d50c1bc85c6f53982d96c3fc6f198f90a34	5dbe8a45069c5e54cd467ecbd7d0c1fab2a1b8cb	2026-10-03T13:41:26Z	2026-10-03T14:57:55Z	true	Restore native reading presentation from bounded visit history
29da1ee86cab2ac453dac715f099a8f08e0c3783	04a64d50c1bc85c6f53982d96c3fc6f198f90a34	2026-10-03T13:43:18Z	2026-10-03T14:57:56Z	true	Enter history tests through the mounted navigation adapter
90e675261eaa83d450b6a4059114f248d75c974e	29da1ee86cab2ac453dac715f099a8f08e0c3783	2026-10-03T14:08:13Z	2026-10-03T14:57:56Z	true	Remove rustfmt filename header from reading presentation source
cd3808c9a8bb67d911cd72ee6898c549782c0564	90e675261eaa83d450b6a4059114f248d75c974e	2026-10-03T14:13:34Z	2026-10-03T14:57:56Z	true	Fence imported visits and require Ask ownership for previews
d4e36358bb359166e62262a706251096c6e77025	cd3808c9a8bb67d911cd72ee6898c549782c0564	2026-10-03T14:22:54Z	2026-10-03T14:57:56Z	true	Deny reading deltas while Ask or Add owns the underlay
48ee444818a58e2e955e84928e4ad03422598469	d4e36358bb359166e62262a706251096c6e77025	2026-10-03T14:24:58Z	2026-10-03T15:00:49Z	true	Fence Shelf callbacks with the current native input scene
85e854eb5afc0c03da891345a03c51a5af8774ba	48ee444818a58e2e955e84928e4ad03422598469	2026-10-03T15:00:49Z	2026-10-03T15:09:02Z	true	test(local-service): initialize public lifecycle fixture authority
a493086e5cabd5efe23cc723233e1bf9c6734062	85e854eb5afc0c03da891345a03c51a5af8774ba	2026-10-03T15:18:07Z	2026-10-03T15:46:45Z	true	test(local-service): make lifecycle temp root private
16ab2ebf22f87f815921fe8a84fb10a6ebcdf7d7	a493086e5cabd5efe23cc723233e1bf9c6734062	2026-10-03T15:54:51Z	2026-10-03T16:00:37Z	true	Add opt-in LaunchServices transport for passive native capture
70bcf6ad409d73980379f5a186c3606da854cce2	16ab2ebf22f87f815921fe8a84fb10a6ebcdf7d7	2026-10-03T15:56:50Z	2026-10-03T16:00:37Z	true	test(local-service): report lifecycle phase failures
27653510d54d8757fa349de1b236108e1301cf38	70bcf6ad409d73980379f5a186c3606da854cce2	2026-10-03T15:59:24Z	2026-10-03T16:00:43Z	true	diagnostics(local-service): report bounded compiler scope mismatches
ee1f9aa123a59b497817ad047bb6ccce001ea9c1	27653510d54d8757fa349de1b236108e1301cf38	2026-10-03T16:09:08Z	2026-10-03T16:11:01Z	true	test(local-service): type publication poll phase errors
13ce69eb50159e40a4c694d1ffa8817242ad73d7	ee1f9aa123a59b497817ad047bb6ccce001ea9c1	2026-10-03T16:23:49Z	2026-10-03T16:44:46Z	true	Bind native motion recorder to ScreenCaptureKit frame selector
7047d131dededa11cfca1c8532b4d5a7f228f788	13ce69eb50159e40a4c694d1ffa8817242ad73d7	2026-10-03T16:10:04Z	2026-10-03T16:47:21Z	true	Preserve native activation event kind in shared button helper
547d370d6d0364011640f5c92f295e144beb6412	7047d131dededa11cfca1c8532b4d5a7f228f788	2026-10-03T16:11:44Z	2026-10-03T16:47:21Z	true	Expose the currently painted field fault as native status
055faf1e869372906a52fdf41f12041e8f50899d	547d370d6d0364011640f5c92f295e144beb6412	2026-10-03T16:13:05Z	2026-10-03T16:47:21Z	true	Bind symbol documentation semantics to the actual painted body and controls
18db1219476a731feaa64c4c9af20762df39f3a3	055faf1e869372906a52fdf41f12041e8f50899d	2026-10-03T16:13:05Z	2026-10-03T16:47:21Z	true	Bind native popup semantics and callbacks to the exact open content owner
d99eee57c219dd572f2269a6b35fddf66380c45b	18db1219476a731feaa64c4c9af20762df39f3a3	2026-10-03T16:30:05Z	2026-10-03T16:47:21Z	true	Admit current button owners before native pointer focus and activation
84aae0fd673078fe91dadd597929d5bb18f26990	d99eee57c219dd572f2269a6b35fddf66380c45b	2026-10-03T16:50:01Z	2026-10-03T16:50:01Z	true	Scope native gestures without remounting local editor and layout state
f73d741fa019d8427d03a0a471d5808369ac29b7	84aae0fd673078fe91dadd597929d5bb18f26990	2026-10-03T16:41:06Z	2026-10-03T16:50:01Z	true	Expose production accessibility request injection for native tests
31fc00efa0171140cce775d1b5b8142f35006ce8	f73d741fa019d8427d03a0a471d5808369ac29b7	2026-10-03T16:02:42Z	2026-10-03T16:51:10Z	true	Report scoped editor launch requests and failures
9078a04ae591ae4dc47e589d790728e3bb6fad59	31fc00efa0171140cce775d1b5b8142f35006ce8	2026-10-03T16:02:42Z	2026-10-03T16:51:10Z	true	Expose Source text and actions to native accessibility
ddc989616207761a13f95d6dc625ff70ddc25b53	9078a04ae591ae4dc47e589d790728e3bb6fad59	2026-10-03T16:25:41Z	2026-10-03T16:51:10Z	true	Make editor outcome exhaustive and bound Source AX to visual pieces
e0ff73716a35ff3a679158a90d1b4c151e137330	ddc989616207761a13f95d6dc625ff70ddc25b53	2026-10-03T16:28:20Z	2026-10-03T16:51:10Z	true	Keep incoming Source navigation bound through deferred read dispatch
218b13be96e3863554a1e1f537236e8bb40435cc	e0ff73716a35ff3a679158a90d1b4c151e137330	2026-10-03T16:29:52Z	2026-10-03T16:51:10Z	true	Fence inline Source links through deferred declaration admission
5ea8f7d6f0fc0a36fe2157b24f8ff6284f577ec5	218b13be96e3863554a1e1f537236e8bb40435cc	2026-10-03T16:35:36Z	2026-10-03T16:51:10Z	true	Admit current Source controls before native pointer focus
02cdf7262cbe35c0966b0bd2d7fb77782ae9bcf4	5ea8f7d6f0fc0a36fe2157b24f8ff6284f577ec5	2026-10-03T16:38:13Z	2026-10-03T16:51:10Z	true	Report whether editor launch arguments requested a line
e197da2ea9763d3d8d9c01cc3dcb4e7ceadff1fc	02cdf7262cbe35c0966b0bd2d7fb77782ae9bcf4	2026-10-03T16:40:52Z	2026-10-03T16:51:10Z	true	Expose bounded Source line copy as a native control
a414b0385f49226ef8c5c1c9e65c2f913588c9cd	e197da2ea9763d3d8d9c01cc3dcb4e7ceadff1fc	2026-10-03T15:15:56Z	2026-10-03T16:52:42Z	true	style(desktop): format symbol page host and document projection
e9ecbaa1e0b83a3c998cfda54ad437c8045e32e8	a414b0385f49226ef8c5c1c9e65c2f913588c9cd	2026-10-03T15:17:27Z	2026-10-03T16:52:42Z	true	fix(desktop): resolve doc links from producer targets under the painted page lease
9ef9b422bf1d61c18e2425342f30e683fc6474bc	e9ecbaa1e0b83a3c998cfda54ad437c8045e32e8	2026-10-03T15:17:27Z	2026-10-03T16:52:42Z	true	fix(desktop): preserve authored inline documentation spacing
7db202db4fbda6d847641e950efc46e2cf846224	9ef9b422bf1d61c18e2425342f30e683fc6474bc	2026-10-03T15:19:07Z	2026-10-03T16:52:42Z	true	style(desktop): format native target and focus glow ownership
a7a213643810ce36625300353b78babf009ba8a2	7db202db4fbda6d847641e950efc46e2cf846224	2026-10-03T15:19:07Z	2026-10-03T16:52:42Z	true	fix(desktop): admit focus glow geometry through current targets
a264f703eef7f9155f3a4cca47e716e0309e8b9a	a7a213643810ce36625300353b78babf009ba8a2	2026-10-03T15:20:05Z	2026-10-03T16:52:42Z	true	test(desktop): revoke cached focus geometry from a mounted Reader target
92c0d3e7899616cb991583193ab55817c7891e4f	a264f703eef7f9155f3a4cca47e716e0309e8b9a	2026-10-03T15:20:55Z	2026-10-03T16:52:42Z	true	fix(desktop): retain explicit plain queries through the display identity classifier
bcf20db58fdceda3715b90c579f40c005f4910df	92c0d3e7899616cb991583193ab55817c7891e4f	2026-10-03T15:30:57Z	2026-10-03T16:52:42Z	true	feat(desktop): bind symbol semantic controls to their native focus owners
7c7da23a846220a7e6653bf9528d87101d3b5f2d	bcf20db58fdceda3715b90c579f40c005f4910df	2026-10-03T15:34:47Z	2026-10-03T16:52:42Z	true	fix(desktop): preserve producer release receipts in document links
4c2cd5f06077a0fc9bae84c07705c4e4b4524bac	7c7da23a846220a7e6653bf9528d87101d3b5f2d	2026-10-03T15:52:27Z	2026-10-03T16:52:42Z	true	fix(desktop): refuse ambiguous document release-origin bindings
6e88e20a3809c5fdbfd6e7ab3ed3e11b10c434e7	4c2cd5f06077a0fc9bae84c07705c4e4b4524bac	2026-10-03T16:00:55Z	2026-10-03T16:52:43Z	true	fix(desktop): pass native document activation policy through the bound host
500e2e9791725334018c2c6169d405e1948b0593	6e88e20a3809c5fdbfd6e7ab3ed3e11b10c434e7	2026-10-03T16:51:27Z	2026-10-03T16:53:05Z	true	test(local-service): retain lifecycle owner failure diagnostics
db6d4bdf06a878ab2b7203196efb4723b53464ac	500e2e9791725334018c2c6169d405e1948b0593	2026-10-03T16:51:32Z	2026-10-03T16:53:05Z	true	fix(mcp): retry durable operation status reads
c25e9dd7db47249acc4f6f4cdc990cec345787d0	db6d4bdf06a878ab2b7203196efb4723b53464ac	2026-10-03T15:25:29Z	2026-10-03T16:55:16Z	true	Preserve graph declaration facts and exact native view admission
850b992dda7b241994bea7ee4defdb5ecb386340	c25e9dd7db47249acc4f6f4cdc990cec345787d0	2026-10-03T16:53:47Z	2026-10-03T16:55:16Z	true	Admit graph controls before native focus and preserve selected landmarks
8928ef5f6094b4debe62bda3c80e8328ff3fb982	850b992dda7b241994bea7ee4defdb5ecb386340	2026-10-03T16:48:42Z	2026-10-03T16:55:16Z	true	Restore a keyboard owner when Settings opens from a nil-focus menu
7cbf2f63dc7e822cb12c0d2226b662043433cf17	8928ef5f6094b4debe62bda3c80e8328ff3fb982	2026-10-03T16:48:46Z	2026-10-03T16:56:08Z	true	Test Licence native and Shell activation against exact owners
3826372dfd8b8e27e1d8a0bdbb4f93790b76dfa7	7cbf2f63dc7e822cb12c0d2226b662043433cf17	2026-10-03T16:48:51Z	2026-10-03T16:57:26Z	true	Interrupt pending Find return with real synchronous key events
7dce30a1b11a278389ca725559941afa2a22c17b	3826372dfd8b8e27e1d8a0bdbb4f93790b76dfa7	2026-10-03T16:58:03Z	2026-10-03T16:58:03Z	true	Expose exact retained native controller state to regression tests
453ba427857559e8aa7b46cd6028aaeef53f497c	7dce30a1b11a278389ca725559941afa2a22c17b	2026-10-03T16:58:38Z	2026-10-03T17:01:44Z	true	Admit current rich link owners before focus and retain clipped native rows
75c0cc3f61f4bbc7a145827efa80cf18de41b0e2	453ba427857559e8aa7b46cd6028aaeef53f497c	2026-10-03T16:50:32Z	2026-10-03T17:01:44Z	true	fix(desktop): share symbol page admission with native document links
05a906b3b4a09838c1a4a9b92c6a0e36fe935d50	75c0cc3f61f4bbc7a145827efa80cf18de41b0e2	2026-10-03T16:50:32Z	2026-10-03T17:01:44Z	true	perf(desktop): borrow symbol documentation lead fragments
c7e3ac6d30e2b2e06060b46dfd6e0364b71df43d	05a906b3b4a09838c1a4a9b92c6a0e36fe935d50	2026-10-03T17:29:07Z	2026-10-03T17:29:07Z	true	docs: checkpoint composed GUI and live deployment evidence
ceea4457f70939031727c7beec62f2bfa194e2db	c7e3ac6d30e2b2e06060b46dfd6e0364b71df43d	2026-10-03T17:01:51Z	2026-10-03T17:30:02Z	true	Suspend stale owner reads while observation exchange continues
9be7fa64f973bdbec9221b821afcdb451fae3d5b	ceea4457f70939031727c7beec62f2bfa194e2db	2026-10-03T17:47:56Z	2026-10-03T17:47:56Z	true	fix(gui): use supported native roles and interaction traits
1cc54c70fed06870a747805c17d0fffe526a89ee	9be7fa64f973bdbec9221b821afcdb451fae3d5b	2026-10-03T18:05:13Z	2026-10-03T18:11:54Z	true	Forward after-children prepaint on identified GPUI divs
e626a1de66f84472c481730e2471d940ca5c0586	1cc54c70fed06870a747805c17d0fffe526a89ee	2026-10-03T18:05:19Z	2026-10-03T18:11:54Z	true	Keep inactive controls inert and exact source paging admitted
57c0d0139b2b55de698b67862b4f8c8371217bd2	e626a1de66f84472c481730e2471d940ca5c0586	2026-10-03T18:05:19Z	2026-10-03T18:11:54Z	true	Keep reading fold hash identity aligned with ordered intent
fd828bca42d8bb246a83d03518976781613a9ca1	57c0d0139b2b55de698b67862b4f8c8371217bd2	2026-10-03T18:09:19Z	2026-10-03T18:11:54Z	true	Exercise stateful after-children hook with GPUI divs only
01fc7189831029b2c8a1cef4c8ee7b2b121c6109	fd828bca42d8bb246a83d03518976781613a9ca1	2026-10-03T17:57:57Z	2026-10-03T18:11:54Z	true	Reuse native wrapped layout for foreground-only text painting
87aa8cdab1efc0ef0120c0c772016b67715456b2	01fc7189831029b2c8a1cef4c8ee7b2b121c6109	2026-10-03T17:58:46Z	2026-10-03T18:11:54Z	true	Keep shingle region labels on one immutable native measurement
db6db056049050d964582596ec888c4eee05a6ce	87aa8cdab1efc0ef0120c0c772016b67715456b2	2026-10-03T18:22:16Z	2026-10-03T18:37:52Z	true	Repair native FACET test fixture API integration
030b3b636df3e01a6364d0e37f672d92fb7da0b3	db6db056049050d964582596ec888c4eee05a6ce	2026-10-03T18:16:46Z	2026-10-03T18:37:52Z	true	Bind measured shingle geometry to immutable facts and measure
a0a379ab60458f918de3904e7c4e734fb2ec6bf6	030b3b636df3e01a6364d0e37f672d92fb7da0b3	2026-10-03T18:25:25Z	2026-10-03T18:38:07Z	true	Retire native ownership at unpainted shelf and zen transitions
cf419d6d5b45af3a9127eac7e971adc6f1413cf7	a0a379ab60458f918de3904e7c4e734fb2ec6bf6	2026-10-03T17:13:25Z	2026-10-03T18:40:23Z	true	feat(client): resume bounded local control exchanges
1b197d4082416d62c9e3f875e32a415f3c98ccd4	cf419d6d5b45af3a9127eac7e971adc6f1413cf7	2026-10-03T17:45:08Z	2026-10-03T18:40:23Z	true	refactor(replication): isolate resumable control exchange
e88c0868e41420ae6b9778632b66f0c15d5fd26c	1b197d4082416d62c9e3f875e32a415f3c98ccd4	2026-10-03T17:51:43Z	2026-10-03T18:40:23Z	true	fix(replication): report expired exchange as stalled
39386ada56ef3d0ed0069c483adc606afa704001	e88c0868e41420ae6b9778632b66f0c15d5fd26c	2026-10-03T17:51:47Z	2026-10-03T18:40:23Z	true	feat(client): type observed subscription replies
93c6ddab72a1d7f3ca0a2707c05b2e8286d25a86	39386ada56ef3d0ed0069c483adc606afa704001	2026-10-03T17:52:44Z	2026-10-03T18:40:23Z	true	feat(client): expose observed publication exchanges
f2bbb220f98856f9ab85ed82463eddc550eecb7e	93c6ddab72a1d7f3ca0a2707c05b2e8286d25a86	2026-10-03T18:17:11Z	2026-10-03T18:40:23Z	true	test observed publication reset lifecycle
5f27ec6c7ff0a09de9431f627518a093f72899c0	f2bbb220f98856f9ab85ed82463eddc550eecb7e	2026-10-03T18:26:27Z	2026-10-03T18:40:23Z	true	Keep desktop publication reads fenced during bounded observed exchange
630749ca693e88bf060fb4931893c0926cc04eb0	5f27ec6c7ff0a09de9431f627518a093f72899c0	2026-10-03T17:43:48Z	2026-10-03T18:42:06Z	true	Bind shell targets to exact activation admission and native hint focus
108e1b40da15ffe318d7ad2283c889d768b5029a	630749ca693e88bf060fb4931893c0926cc04eb0	2026-10-03T17:43:53Z	2026-10-03T18:42:06Z	true	Record per-target admission and source focus geometry audit
fe3fd3b2b856b35c37974de156dc36a051c0d55f	108e1b40da15ffe318d7ad2283c889d768b5029a	2026-10-03T17:44:16Z	2026-10-03T18:42:06Z	true	Keep source focus frame oracle independent of parent layout repaint
03d2742b4965526ea3d8e4e33c1bd80907a9ef01	fe3fd3b2b856b35c37974de156dc36a051c0d55f	2026-10-03T18:17:34Z	2026-10-03T18:42:06Z	true	Defer target admissions outside Shell leases
b9c2826d5e73f75f1c65cca99abe27640973b18b	03d2742b4965526ea3d8e4e33c1bd80907a9ef01	2026-10-03T18:18:13Z	2026-10-03T18:42:06Z	true	Require page producer receipt for S fallback
1755bc4658958c6a04f651ac0678d0b2e4e88fa7	b9c2826d5e73f75f1c65cca99abe27640973b18b	2026-10-03T18:40:13Z	2026-10-03T18:42:06Z	true	Bind deferred focused target claims to keyboard zone
2d022245a9e0fdef1eb51ba7837852e7f2b63815	1755bc4658958c6a04f651ac0678d0b2e4e88fa7	2026-10-03T18:42:48Z	2026-10-03T18:45:18Z	true	Retry durable status reads after session disconnect
16b38bcdc9a844abf3b46c1cbdc988d44bd96e94	2d022245a9e0fdef1eb51ba7837852e7f2b63815	2026-10-03T18:49:05Z	2026-10-03T18:53:22Z	true	fix replication test compilation
0187fb3bda86bf3c5352bffc593ad44ddc126e80	16b38bcdc9a844abf3b46c1cbdc988d44bd96e94	2026-10-03T18:50:13Z	2026-10-03T18:53:22Z	true	Drive FACET native button tests with complete key presses
88abb7be4bc8acc03fbfedd21f9ef5840abd9f40	0187fb3bda86bf3c5352bffc593ad44ddc126e80	2026-10-03T18:54:21Z	2026-10-03T18:59:29Z	true	Compare native shingle targets against exact device snapping
e9a9786b22281313a6ce7007306dfb9bad07947b	88abb7be4bc8acc03fbfedd21f9ef5840abd9f40	2026-10-03T18:57:21Z	2026-10-03T18:59:29Z	true	fix(local-service): retain start observation for status polling
f63e6255e4175f1c59736c8cdbb92a8e25fabc29	e9a9786b22281313a6ce7007306dfb9bad07947b	2026-10-03T18:52:58Z	2026-10-03T18:59:29Z	true	Admit ready graph scenes and native targets from exact evidence
66ea50dcc8b1ae3b2d0ad159aa9a2873c761d8f1	f63e6255e4175f1c59736c8cdbb92a8e25fabc29	2026-10-03T18:56:19Z	2026-10-03T18:59:29Z	true	Assert scene witness before construction can paint
b1a72b2361f1d0cb646573f9e386dfef62123755	66ea50dcc8b1ae3b2d0ad159aa9a2873c761d8f1	2026-10-03T16:11:23Z	2026-10-03T19:02:36Z	true	Resolve lockless Cargo metadata with private lockfile
7236c7fc9a8efe5a25623bc473182e9b60e71670	b1a72b2361f1d0cb646573f9e386dfef62123755	2026-10-03T17:31:30Z	2026-10-03T19:02:36Z	true	Refresh Cargo browse cache from exact metadata
e7642140422bd1710bb78b6a0cc6b2e29920d38f	7236c7fc9a8efe5a25623bc473182e9b60e71670	2026-10-03T17:46:32Z	2026-10-03T19:02:36Z	true	refactor cargo metadata resolution into module
6310b05e05fa82a71c636e233759201341491744	e7642140422bd1710bb78b6a0cc6b2e29920d38f	2026-10-03T17:50:57Z	2026-10-03T19:02:36Z	true	resolve Cargo target JSONs relative to config roots
c197d3f9cfb8d6d779171fa322a4946aee6745f7	6310b05e05fa82a71c636e233759201341491744	2026-10-03T17:54:29Z	2026-10-03T19:02:36Z	true	admit private Cargo locks outside known source roots
eb52f798ca8397964754f83c8e4cb21b5eb4741d	c197d3f9cfb8d6d779171fa322a4946aee6745f7	2026-10-03T17:54:46Z	2026-10-03T19:02:36Z	true	fix Cargo workspace patch metadata fixtures
893ec90e7a6f4b41e15910b57e1e8e961e3805bc	eb52f798ca8397964754f83c8e4cb21b5eb4741d	2026-10-03T17:55:17Z	2026-10-03T19:02:36Z	true	handle non-UTF-8 Cargo lock overrides
ea9bbee293b1b54c3b61e2d988c84080b73952d1	893ec90e7a6f4b41e15910b57e1e8e961e3805bc	2026-10-03T18:10:03Z	2026-10-03T19:02:36Z	true	scope Cargo config witnesses to request CWD
bd6e5db86ec5171d11adbad24773ca544e5cba69	ea9bbee293b1b54c3b61e2d988c84080b73952d1	2026-10-03T18:10:38Z	2026-10-03T19:02:37Z	true	observe Cargo config include schema exactly
57e1f309ca05bb6bd1001a979c8024a91f6f8fcc	bd6e5db86ec5171d11adbad24773ca544e5cba69	2026-10-03T18:13:15Z	2026-10-03T19:02:37Z	true	admit lock probes before writing temp fixtures
cf240c966c8c94da4bb942f62c593caface403db	57e1f309ca05bb6bd1001a979c8024a91f6f8fcc	2026-10-03T18:46:28Z	2026-10-03T19:02:37Z	true	bound Cargo private-lock source roots
d4eed716c2efe548e64e99e74da78bb66f2ac644	cf240c966c8c94da4bb942f62c593caface403db	2026-10-03T18:48:16Z	2026-10-03T19:02:37Z	true	enforce aggregate Cargo source metadata budget
fda60c18d7dfa162baa101dcd5fe056cce3d273e	d4eed716c2efe548e64e99e74da78bb66f2ac644	2026-10-03T19:00:46Z	2026-10-03T19:16:22Z	true	test(facet): exercise native doc gestures and evidence-backed semantic projection
9e66ac64f63860c3c13b1b828c2939f241f20ee4	fda60c18d7dfa162baa101dcd5fe056cce3d273e	2026-10-03T19:07:26Z	2026-10-03T19:16:22Z	true	cap Cargo no-deps source closure output
67e4313bdaad110e9e0a8ff4edbca114b26a95d0	9e66ac64f63860c3c13b1b828c2939f241f20ee4	2026-10-03T19:12:36Z	2026-10-03T19:16:22Z	true	correct observed reset test fixtures
c10c4c058d3889800eecad12eed43335466b40e4	67e4313bdaad110e9e0a8ff4edbca114b26a95d0	2026-10-03T18:17:29Z	2026-10-03T19:17:43Z	true	Bound productive remote owner poll bursts
3212805f1f48b8854e006350b1bfeff9c7f76351	c10c4c058d3889800eecad12eed43335466b40e4	2026-10-03T18:54:00Z	2026-10-03T19:17:43Z	true	Test owner fairness with queued daemon work
8f2f93f350f9eb14d5567c418a8f1021a1f4387e	3212805f1f48b8854e006350b1bfeff9c7f76351	2026-10-03T18:55:27Z	2026-10-03T19:17:43Z	true	Bound deferred response waiter lifetime
d82904215df41be47f0fc3e6e007e4769707d0c6	8f2f93f350f9eb14d5567c418a8f1021a1f4387e	2026-10-03T19:16:37Z	2026-10-03T19:18:50Z	true	test(local-service): assert qualified published declaration
cdf319ff79cb663cf6f1586dca4cdbbd05a34417	d82904215df41be47f0fc3e6e007e4769707d0c6	2026-10-03T19:19:04Z	2026-10-03T19:19:04Z	true	test(facet): read GPUI painted text receipts
088d2af52bca4f0784c0c1f333cc358daf2eca9b	cdf319ff79cb663cf6f1586dca4cdbbd05a34417	2026-10-03T16:56:10Z	2026-10-03T19:25:03Z	true	fix(cli): align rust scope metadata policy with owner
82941970a0959b5e97a89994cfc6f09572438ece	088d2af52bca4f0784c0c1f333cc358daf2eca9b	2026-10-03T17:14:18Z	2026-10-03T19:25:03Z	true	fix(worker): align compiler metadata acquisition policy
b8469695bb172e6a2e6d36f947bf17bdb445e16d	82941970a0959b5e97a89994cfc6f09572438ece	2026-10-03T18:23:56Z	2026-10-03T19:26:00Z	true	fix CLI policy tests compile errors
826eea3617728afd63362923483c3d06c90827fa	b8469695bb172e6a2e6d36f947bf17bdb445e16d	2026-10-03T19:30:06Z	2026-10-03T19:30:06Z	true	docs: checkpoint native gates and index contracts at 1927 UTC
7f573c8ab7e6fbcb4455e68cd7cb256c83f5fb20	826eea3617728afd63362923483c3d06c90827fa	2026-10-03T19:28:38Z	2026-10-03T19:31:57Z	true	Assert exact absolute-edge reconstruction of native text receipts
f93eba781ce430a786f3dd720aa3a4bd40633f61	7f573c8ab7e6fbcb4455e68cd7cb256c83f5fb20	2026-10-03T19:33:29Z	2026-10-03T19:36:22Z	true	fix(local-service): import metadata resolution parent helpers
0275f86edb2987d23dea1803e5d3d49085303512	f93eba781ce430a786f3dd720aa3a4bd40633f61	2026-10-03T19:52:06Z	2026-10-03T20:06:34Z	true	Update desktop test targets and GPUI trait imports
d0a57c25ced97d9c8a862657a13c74ba14a675d6	0275f86edb2987d23dea1803e5d3d49085303512	2026-10-03T19:53:28Z	2026-10-03T20:06:34Z	true	Capture Reader owner once for read-only action factories
1255eb337c1dedcabf68f4b438b7fae2e41d2e2d	d0a57c25ced97d9c8a862657a13c74ba14a675d6	2026-10-03T19:53:43Z	2026-10-03T20:06:34Z	true	Sample publication renewal choice before progress callback
b7cd588d3ce5d2d48e567d500154e6f7b6849e1d	1255eb337c1dedcabf68f4b438b7fae2e41d2e2d	2026-10-03T19:39:11Z	2026-10-03T20:07:41Z	true	Preserve variable kinds through shared GUI presentation
439894bf12db83a5b5dfa9fa1745f85a998f1856	b7cd588d3ce5d2d48e567d500154e6f7b6849e1d	2026-10-03T20:09:04Z	2026-10-03T20:09:04Z	true	Normalize bounded queries with existing lexical token boundaries
69a7abc2193a27518c77520559a6980def17dbf2	439894bf12db83a5b5dfa9fa1745f85a998f1856	2026-10-03T19:40:17Z	2026-10-03T20:13:16Z	true	test command adapter abandonment lifecycle
4718442dbd5b8db9849a7b01542a06a3fb81c25c	69a7abc2193a27518c77520559a6980def17dbf2	2026-10-03T19:46:25Z	2026-10-03T20:21:33Z	true	Keep hint sessions from consuming newly focused Ask text
96d20a79a6dd408b203228dfa056463950b87c34	4718442dbd5b8db9849a7b01542a06a3fb81c25c	2026-10-03T19:48:14Z	2026-10-03T20:21:33Z	true	Assert the native Ask TextInput focus node
0e8026836310c3821db29cdfb1f2b21cfdd29780	96d20a79a6dd408b203228dfa056463950b87c34	2026-10-03T20:13:43Z	2026-10-03T20:21:33Z	true	Admit Hand and hint keys only for the current page keyboard owner
e3890db159ffd0aa60ba65f8776128bfa85a00f9	0e8026836310c3821db29cdfb1f2b21cfdd29780	2026-10-03T19:30:45Z	2026-10-03T20:24:21Z	true	Reconcile prepared Markdown with guarded native glyph semantics
711731a654d7e42cfb949eecd2199db688afa39e	e3890db159ffd0aa60ba65f8776128bfa85a00f9	2026-10-03T19:33:19Z	2026-10-03T20:24:21Z	true	Freeze original Markdown admission in native event callbacks
0efb125e7141eb61ff21572c475e7f97c3170341	711731a654d7e42cfb949eecd2199db688afa39e	2026-10-03T19:33:20Z	2026-10-03T20:24:21Z	true	Retain bounded README paging per Reader window and visit
3bc809821c2844911c60cd977ce1ec20d97c629b	0efb125e7141eb61ff21572c475e7f97c3170341	2026-10-03T19:35:00Z	2026-10-03T20:24:21Z	true	Exercise native document activation through committed AX focus and release
541df056a9ab049bcfce307fe1fc00e06e67b5fe	3bc809821c2844911c60cd977ce1ec20d97c629b	2026-10-03T19:36:19Z	2026-10-03T20:24:21Z	true	Check painted glyph pointer exclusivity alongside native admission
81891e2563c46f4a790fb553aa6684984c416dfc	541df056a9ab049bcfce307fe1fc00e06e67b5fe	2026-10-03T20:14:18Z	2026-10-03T20:24:21Z	true	Import actual GPUI window identity for README paging
a8b59f643220aad7f92d50314e9a0db9c101adc2	81891e2563c46f4a790fb553aa6684984c416dfc	2026-10-03T20:20:26Z	2026-10-03T20:24:21Z	true	Snapshot document admission and clamp in the existing UI scope frame
cea101d1186fae6135f3e3931ecad1229a9aafe7	a8b59f643220aad7f92d50314e9a0db9c101adc2	2026-10-03T20:34:02Z	2026-10-03T20:34:02Z	true	Specify owned query term storage before folded lookup
f8d1d193c3c31c9b8b31b9926ccc8728322a898f	cea101d1186fae6135f3e3931ecad1229a9aafe7	2026-10-03T20:34:02Z	2026-10-03T20:34:02Z	true	Type native Markdown mark indices explicitly
96b1cc34df26323a7a0da358128ae3413453dfa5	f8d1d193c3c31c9b8b31b9926ccc8728322a898f	2026-10-03T20:30:41Z	2026-10-03T20:34:02Z	true	Diagnose exact compiler probe failures
eca7db2a3009f72ebdb8551ffc59958cbf4743fc	96b1cc34df26323a7a0da358128ae3413453dfa5	2026-10-03T20:30:11Z	2026-10-03T20:34:02Z	true	Observe the automatic first Memo-ready native frame
50ef90f050def70d724c56ab4fb227021725297a	eca7db2a3009f72ebdb8551ffc59958cbf4743fc	2026-10-03T20:44:26Z	2026-10-03T20:44:26Z	true	Record composed GUI gates and remote fallback evidence
3f40072914205035f6fe4e3f426325afd5320bfc	50ef90f050def70d724c56ab4fb227021725297a	2026-10-03T20:44:35Z	2026-10-03T20:58:00Z	true	Capture structural signature carrier roles
5aee46fd7b5631f6c120acddf9e9fbba86de2dd6	3f40072914205035f6fe4e3f426325afd5320bfc	2026-10-03T20:54:36Z	2026-10-03T20:58:00Z	true	Expose signature carrier role union to engine
38667afaff7e1c45ba2d1bf5083ea41a2c91eeb6	5aee46fd7b5631f6c120acddf9e9fbba86de2dd6	2026-10-03T20:57:32Z	2026-10-03T20:58:00Z	true	Correct carrier role round trip assertions
7a275aa3855d268b9b8818a0477083bee5a8f0b5	38667afaff7e1c45ba2d1bf5083ea41a2c91eeb6	2026-10-03T20:54:28Z	2026-10-03T20:58:00Z	true	Fix Cargo browse tests for public tree APIs
58a043bd3176ebc8081d697da11b2ebdccb9cadf	7a275aa3855d268b9b8818a0477083bee5a8f0b5	2026-10-03T20:16:22Z	2026-10-03T20:58:07Z	true	Snapshot native capture plans and block unproven active input
3ab705a931a386ee50083480e21135743428244e	58a043bd3176ebc8081d697da11b2ebdccb9cadf	2026-10-03T20:27:30Z	2026-10-03T20:58:07Z	true	Attest exact native recorder plan bytes before capture
4e0d5c80be55b3cca6902f55d708ab9ed94eb7db	3ab705a931a386ee50083480e21135743428244e	2026-10-03T20:45:15Z	2026-10-03T20:58:07Z	true	Bound native plan consumption before decoding
cccaf907fef178fdf9155a92b24893f6e02b3f07	4e0d5c80be55b3cca6902f55d708ab9ed94eb7db	2026-10-03T20:32:21Z	2026-10-03T21:06:43Z	true	Expose graph native focus through its painted control scope
63f597cf6aa03e7de18bf18217f9f1edde4dcb78	cccaf907fef178fdf9155a92b24893f6e02b3f07	2026-10-03T20:46:34Z	2026-10-03T21:06:43Z	true	Separate local graph editing from admitted native resource focus
2e2e91b0727115485fa1005e8e021081915befc8	63f597cf6aa03e7de18bf18217f9f1edde4dcb78	2026-10-03T20:46:34Z	2026-10-03T21:06:43Z	true	Bridge Reader Tab through the mounted Graph native scope
7c0781dd46a18d4dc65a0fd28854ed4574894126	2e2e91b0727115485fa1005e8e021081915befc8	2026-10-03T20:46:35Z	2026-10-03T21:06:43Z	true	Exercise exact Graph native focus steps and stale lease denial
9f57975ab3c13afb2c8b420220a1798e248cc28f	7c0781dd46a18d4dc65a0fd28854ed4574894126	2026-10-03T21:03:47Z	2026-10-03T21:06:43Z	true	Let a newly unavailable Graph frame retain local native focus boundaries
a7d951c345879738abd13e374f36039863183cef	9f57975ab3c13afb2c8b420220a1798e248cc28f	2026-10-03T21:07:41Z	2026-10-03T21:07:41Z	true	Observe owner fairness and productive lease expiry through public replies
ec8e8591d9d61f31c9269145da1717f95b915d7f	a7d951c345879738abd13e374f36039863183cef	2026-10-03T21:07:41Z	2026-10-03T21:07:41Z	true	Assert bounded queue refusal without a Debug-only API requirement
65d0f9c8b78bd87c700c9e0dd95606b3cf7cc159	ec8e8591d9d61f31c9269145da1717f95b915d7f	2026-10-03T21:07:41Z	2026-10-03T21:07:41Z	true	Require Send for threaded listener test owners
51bcfa7a52183ec2f75c326e5f5f8cb943474101	65d0f9c8b78bd87c700c9e0dd95606b3cf7cc159	2026-10-03T21:12:12Z	2026-10-03T21:18:16Z	true	Share exhaustive graph kind marks and preserve variable presentation
112bf9bebae52e6d7cc4712dfef895e5de8311ba	51bcfa7a52183ec2f75c326e5f5f8cb943474101	2026-10-03T21:26:07Z	2026-10-03T21:26:07Z	true	Preserve qualified native GUI audit and acceptance replay
2dc6388517e2b5500a463941ead0968256f9c964	112bf9bebae52e6d7cc4712dfef895e5de8311ba	2026-10-03T21:29:44Z	2026-10-03T21:33:19Z	true	Keep typed value words in one shared badge grammar
63fbedc68f9a2b3c3deefc867a8c68d2ff9d031c	2dc6388517e2b5500a463941ead0968256f9c964	2026-10-03T21:16:54Z	2026-10-03T21:46:37Z	true	Supervise native recorder input and exact exit
21cdbde2d8ed56a65c15b9c203f23bc66b973cdb	63fbedc68f9a2b3c3deefc867a8c68d2ff9d031c	2026-10-03T21:19:28Z	2026-10-03T21:46:37Z	true	Drain held release after permit race
0fc19f7e1bdeb3b75ec74ee5e926feef1b70b959	21cdbde2d8ed56a65c15b9c203f23bc66b973cdb	2026-10-03T21:35:47Z	2026-10-03T21:46:37Z	true	Close recorder control deadline and exit proof gaps
5c1ff63fdacc7ef0cd30e110b72973348b591854	0fc19f7e1bdeb3b75ec74ee5e926feef1b70b959	2026-10-03T21:36:29Z	2026-10-03T21:46:37Z	true	Keep exact-exit oracle independent of PID allocation
8446ec99dc27246713cd45fa3897947a254125ef	5c1ff63fdacc7ef0cd30e110b72973348b591854	2026-10-03T21:40:26Z	2026-10-03T21:46:37Z	true	Initialize native motion control after local socket handshake
4a124329362a3524dec362fe95198cca6cfdf689	8446ec99dc27246713cd45fa3897947a254125ef	2026-10-03T22:05:04Z	2026-10-03T22:05:04Z	true	Place compiler corpus and delta benchmarks in owning test crates
44a47971b0115ee11cb087e9d1438ea5836b657a	4a124329362a3524dec362fe95198cca6cfdf689	2026-10-03T22:00:46Z	2026-10-03T22:06:28Z	true	Share native reading semantics over the painted text layout
dae24b06e0c5ce45e1b2ad3f21d0b6e1b7cef9ea	44a47971b0115ee11cb087e9d1438ea5836b657a	2026-10-03T22:06:33Z	2026-10-03T22:06:33Z	true	Bind deferred keyboard handoff to the current mounted view
afdb8f27470959ce5360efef6e42039074671c03	dae24b06e0c5ce45e1b2ad3f21d0b6e1b7cef9ea	2026-10-03T22:08:18Z	2026-10-03T22:08:18Z	true	Import component prepaint extension in native text tests
4c6fbae26085b96e1560099c7ed12e402803a27d	afdb8f27470959ce5360efef6e42039074671c03	2026-10-03T22:10:41Z	2026-10-03T22:10:41Z	true	Publish checked baseline views in local service fixtures
87f28d1eb1bf4fd589c1e3564e6b53b81c5c75ce	4c6fbae26085b96e1560099c7ed12e402803a27d	2026-10-03T22:10:35Z	2026-10-03T22:11:43Z	true	Bind canary graph projection to the current owner root
4a10e498a3d2977652adeaf23863a742ee0e06d8	87f28d1eb1bf4fd589c1e3564e6b53b81c5c75ce	2026-10-03T22:15:06Z	2026-10-03T22:15:06Z	true	Import native editor focus trait for keyboard claims
1d982a0d4adbda71c24dff80ce5b1022c05f1a26	4a10e498a3d2977652adeaf23863a742ee0e06d8	2026-10-03T22:22:56Z	2026-10-03T22:22:56Z	true	Select one keyboard handoff before moving its origin
b79ebbf11e91cdbf0ff3e31b6fb25c0fded45765	1d982a0d4adbda71c24dff80ce5b1022c05f1a26	2026-10-03T22:25:13Z	2026-10-03T22:25:13Z	true	Record exact late GUI, IR, and distributed readiness gates
ee908f09e87d05743c40774a2ece7ccbd8526b47	b79ebbf11e91cdbf0ff3e31b6fb25c0fded45765	2026-10-03T22:10:46Z	2026-10-03T22:38:38Z	true	Suppress native reading in retained float copies
3d8485836b179d15cadd5eaa2cd850b7cfe3d811	ee908f09e87d05743c40774a2ece7ccbd8526b47	2026-10-03T22:35:06Z	2026-10-03T22:38:38Z	true	Mount production menu actions in native Settings rigs
1d400419837e4a49e87454e0e825b9d82a5ddaaa	3d8485836b179d15cadd5eaa2cd850b7cfe3d811	2026-10-03T22:33:48Z	2026-10-03T22:41:49Z	true	Expose current folio and peek words through shared reading semantics
9ba57046622b51793b37bcde5e4e8e2ef9e7b9ce	1d400419837e4a49e87454e0e825b9d82a5ddaaa	2026-10-03T22:43:02Z	2026-10-03T22:43:02Z	true	Carry bounded per-profile Cargo evidence into package search
ade45bba71d8c937f84ab2781b1104d86a23666e	9ba57046622b51793b37bcde5e4e8e2ef9e7b9ce	2026-10-03T22:41:18Z	2026-10-03T22:46:30Z	true	Register native document links as real tab stops and scale AX click receipts
ae537b3cfedd6afec4483aa91e6e583a432ee68e	ade45bba71d8c937f84ab2781b1104d86a23666e	2026-10-03T22:47:57Z	2026-10-03T22:47:57Z	true	Bind browse cache and source routes to exact Cargo invocation contexts
cd837276648a5e3eb500f9af88904effd1e8d28c	ae537b3cfedd6afec4483aa91e6e583a432ee68e	2026-10-03T22:56:20Z	2026-10-03T22:56:20Z	true	Resolve adapter baseline helpers from their owning module
618e3dc3a9a2a8e2f1d635eee10e950bc8262262	cd837276648a5e3eb500f9af88904effd1e8d28c	2026-10-03T23:06:19Z	2026-10-03T23:12:41Z	true	Guard graph pointer focus and declare native leaf tab stops
7f201a3dbd9cc5c85985a14bae365d8e14bdd931	618e3dc3a9a2a8e2f1d635eee10e950bc8262262	2026-10-03T23:20:51Z	2026-10-03T23:20:51Z	true	Bind adapter fixtures to canonical physical project identities
2c8b60c8b8aa65223503404be7e317688d611521	7f201a3dbd9cc5c85985a14bae365d8e14bdd931	2026-10-03T23:28:29Z	2026-10-03T23:28:29Z	true	Checkpoint executed GUI and owner gates and remaining rollout boundaries
5993806e0db97d24a3b9bd3fa2441f8494c33116	2c8b60c8b8aa65223503404be7e317688d611521	2026-10-03T23:27:16Z	2026-10-03T23:29:19Z	true	Add bounded exact source atom text
76c7f7e3ea8620006b13981de39d06c4fb5c6be2	5993806e0db97d24a3b9bd3fa2441f8494c33116	2026-10-03T23:53:53Z	2026-10-03T23:53:53Z	true	Expose bounded compiler semantic shapes through the shared product protocol
52c1c12d95354029cb319c1642688180e958e595	76c7f7e3ea8620006b13981de39d06c4fb5c6be2	2026-10-03T23:57:15Z	2026-10-04T00:06:38Z	true	Bound direct reply envelope decoding
817884a5c07a13d708354eeef776cf7e8e7311de	52c1c12d95354029cb319c1642688180e958e595	2026-10-02T02:38:46-04:00	2026-10-04T00:08:12Z	true	Keep a list's declared uniform row height across width changes
a9c8526dca0bec145e718e6fbcf82a40a309c1a5	817884a5c07a13d708354eeef776cf7e8e7311de	2026-10-02T02:39:00-04:00	2026-10-04T00:08:12Z	true	Make the Library's Last rows control reveal the end of the list
ab47f244688834040c710e42d5f8c9e25625cf76	a9c8526dca0bec145e718e6fbcf82a40a309c1a5	2026-10-02T02:39:00-04:00	2026-10-04T00:08:12Z	true	Correct three steps of the large-inventory Library test
6a90e28a399abc01f0b4d5f532072b9ae421679e	ab47f244688834040c710e42d5f8c9e25625cf76	2026-10-02T02:21:56-04:00	2026-10-04T00:08:12Z	true	Retire the licence stamp's words when its disclosure is withdrawn
85399c7e897f005508551c1c576ed0ce610172a1	6a90e28a399abc01f0b4d5f532072b9ae421679e	2026-10-02T02:21:56-04:00	2026-10-04T00:09:29Z	true	Read the Features header's narrow row from a fluid token
2534ae092dfd8d5dc435ea4a50ffd8c877d69bcc	85399c7e897f005508551c1c576ed0ce610172a1	2026-10-02T02:00:37-04:00	2026-10-04T00:09:29Z	true	Read recorded C types from the grammar's type field
173841c58cbfbd87f606887325cae24ecbf9be69	2534ae092dfd8d5dc435ea4a50ffd8c877d69bcc	2026-10-04T00:17:24Z	2026-10-04T00:35:54Z	true	Count undelivered reads in capture readiness
7b33862dbeb6f40e0f0f85a44f0c1ec26209981b	173841c58cbfbd87f606887325cae24ecbf9be69	2026-10-03T23:22:30Z	2026-10-04T00:36:23Z	true	Capture exact function signature carrier bindings
f2bd14113a242aa4ef5e53baa9db75bac2392f27	7b33862dbeb6f40e0f0f85a44f0c1ec26209981b	2026-10-03T23:41:34Z	2026-10-04T00:36:23Z	true	test(semantic): target carrier parameter in binding fixture
082dc44f87ae91c53c7914ed0c77aba7ad8754ef	f2bd14113a242aa4ef5e53baa9db75bac2392f27	2026-10-03T23:42:37Z	2026-10-04T00:36:23Z	true	fix(semantic): reserve carrier image buffers fallibly
2ea3a6275f7418b6ecac80f320a02d276087e312	082dc44f87ae91c53c7914ed0c77aba7ad8754ef	2026-10-04T00:00:44Z	2026-10-04T00:36:23Z	true	fix(semantic): preflight binding lane wire widths
11526461993c928686fb32e8f85bdf136510ad6b	2ea3a6275f7418b6ecac80f320a02d276087e312	2026-10-04T00:09:56Z	2026-10-04T00:36:23Z	true	test(semantic): cover exact carrier reader contracts
c9d6b90c01dac6864224dbdc4dff9b341d862a58	11526461993c928686fb32e8f85bdf136510ad6b	2026-10-04T00:11:58Z	2026-10-04T00:36:23Z	true	test(engine): assert Go carrier identities
cbcdfd5d9c09cb32330174216e7b499098a4806c	c9d6b90c01dac6864224dbdc4dff9b341d862a58	2026-10-04T00:12:02Z	2026-10-04T00:36:24Z	true	test(engine): verify TypeScript result carrier identity
891dbb80606ddf2e325e293e96b60754d5eac814	cbcdfd5d9c09cb32330174216e7b499098a4806c	2026-10-04T00:13:16Z	2026-10-04T00:36:24Z	true	test(engine): cover shared Python signature identity
3c2589c94da3fbcf7659cc86a1b83b80530625c9	891dbb80606ddf2e325e293e96b60754d5eac814	2026-10-04T00:13:45Z	2026-10-04T00:36:24Z	true	test(engine): assert C sharp carrier identities
7c6c3bf5246483cacb5abd554be37dd3c595da39	3c2589c94da3fbcf7659cc86a1b83b80530625c9	2026-10-04T00:13:48Z	2026-10-04T00:36:24Z	true	test(engine): assert Java carrier identities
8650ba4c5794b41bf0dba4f0645a1fdc9c6263a7	7c6c3bf5246483cacb5abd554be37dd3c595da39	2026-10-04T00:19:33Z	2026-10-04T00:36:24Z	true	test(engine): cover overload and borrowed binding cursors
046f4497c275f1df58b87f72a6207e89bcb3f387	8650ba4c5794b41bf0dba4f0645a1fdc9c6263a7	2026-10-04T00:50:30Z	2026-10-04T00:50:30Z	true	Record source integrations and remaining live readiness gates
b39f9f8c7229dcdb8d73ad2e4043d79e6fae6140	046f4497c275f1df58b87f72a6207e89bcb3f387	2026-10-04T00:16:52Z	2026-10-04T00:56:26Z	true	Reconcile Find focus return across Ask and frame boundaries
d24c56a090486326c7439bf23ab51cf8f3b49623	b39f9f8c7229dcdb8d73ad2e4043d79e6fae6140	2026-10-04T00:20:41Z	2026-10-04T00:56:26Z	true	Use the platform shortcut modifier for reveal and Ask exit
1600ab25f63d3b71bf87001582a46aefc71c36ed	d24c56a090486326c7439bf23ab51cf8f3b49623	2026-10-04T00:48:54Z	2026-10-04T00:56:26Z	true	Fence deferred Find query claims to the exact native visit
407ed6933f28eac490726390713fb9af355bc51e	1600ab25f63d3b71bf87001582a46aefc71c36ed	2026-10-03T21:02:31Z	2026-10-04T01:10:29Z	true	perf: allow source-bound registry journal canaries
761077a9f9996b2f4a6018df775da2cacbe6607c	407ed6933f28eac490726390713fb9af355bc51e	2026-10-03T21:39:30Z	2026-10-04T01:10:29Z	true	perf: harden frozen registry benchmark provenance
aa734f7f8a9027f8f7bf8249b9cd5cf254be619e	761077a9f9996b2f4a6018df775da2cacbe6607c	2026-10-03T23:00:10Z	2026-10-04T01:10:29Z	true	Add bounded live registry restore canary
d269e9a72e04d655f0eabf6f69d909c18276a960	aa734f7f8a9027f8f7bf8249b9cd5cf254be619e	2026-10-03T23:55:26Z	2026-10-04T01:10:29Z	true	test: harden live registry canary bounds
d205ab3653a98379fa0c6583e6e7f6b6371c7b18	d269e9a72e04d655f0eabf6f69d909c18276a960	2026-10-04T00:26:10Z	2026-10-04T01:10:29Z	true	Harden live registry canary deadlines
96b8a2c72536d302c2d445eeaf7b800d38d3a396	d205ab3653a98379fa0c6583e6e7f6b6371c7b18	2026-10-04T00:47:58Z	2026-10-04T01:10:29Z	true	Serialize owned process cleanup
82910129a1011b5a82bb65458dbe9de06262faf0	96b8a2c72536d302c2d445eeaf7b800d38d3a396	2026-10-04T01:09:05Z	2026-10-04T01:10:29Z	true	Reject incomplete bounded-process input
b53be2d74ee57d53a7df204e3a66d278db1d684e	82910129a1011b5a82bb65458dbe9de06262faf0	2026-10-04T00:51:25Z	2026-10-04T01:39:06Z	true	Add callable carrier identity contract
9dc116a83218803e11a5bb3f71eb2b9a8b7b75bb	b53be2d74ee57d53a7df204e3a66d278db1d684e	2026-10-04T01:23:39Z	2026-10-04T01:39:06Z	true	Project owner-bound callable identities
6db09e51f3e9a6387370b7dcca7cd94084743e4b	9dc116a83218803e11a5bb3f71eb2b9a8b7b75bb	2026-10-04T01:39:25Z	2026-10-04T01:39:25Z	true	Version callable identity transport contract
139406d3f2de0b5d06c701736c0c753427636bc1	6db09e51f3e9a6387370b7dcca7cd94084743e4b	2026-10-04T01:50:04Z	2026-10-04T01:50:04Z	true	Checkpoint carrier identities and executed diagnostic gates
c7703321cc18e1087f68ff6bcd7648353e195da2	139406d3f2de0b5d06c701736c0c753427636bc1	2026-10-04T01:50:46Z	2026-10-04T01:57:28Z	true	test(engine): reopen Python signature carrier bindings
98a03306620c9f5cdb576dfbab46bd04f6686fa6	c7703321cc18e1087f68ff6bcd7648353e195da2	2026-10-04T01:59:56Z	2026-10-04T02:09:50Z	true	trust: recheck exact worker grant rows
475a4e0946e336e0dc6fcf7101399b0c491e6f39	98a03306620c9f5cdb576dfbab46bd04f6686fa6	2026-10-04T02:00:38Z	2026-10-04T02:09:50Z	true	diagnostics: classify compiler probe outcomes
66dc4c4fe297d12bff7b90319a909be8722f0f5b	475a4e0946e336e0dc6fcf7101399b0c491e6f39	2026-10-04T02:05:30Z	2026-10-04T02:09:50Z	true	diagnostics: align probe reason visibility
6b17c53a4257631d445d50c1445a44b3326eef29	66dc4c4fe297d12bff7b90319a909be8722f0f5b	2026-10-04T00:17:11Z	2026-10-04T02:57:22Z	true	feat(discovery): move source facts into neutral library contract
0341346375e2d60f9d292fb1c46c236d1a792bd1	6b17c53a4257631d445d50c1445a44b3326eef29	2026-10-04T00:35:11Z	2026-10-04T02:57:22Z	true	feat(discovery): fence source batches with local sequence
edc3fe26eea120787fc7a3cb80edfe7eeeb56862	0341346375e2d60f9d292fb1c46c236d1a792bd1	2026-10-04T01:13:30Z	2026-10-04T02:57:22Z	true	feat(discovery): freeze bounded immutable detail contract
83f945ff78918e03d99f68453441169ad88e7b8a	edc3fe26eea120787fc7a3cb80edfe7eeeb56862	2026-10-04T02:32:09Z	2026-10-04T02:57:48Z	true	fix(discovery): close source admission and journal transitions
80c5466d114cde96b591b7becf0747ee3f48863a	83f945ff78918e03d99f68453441169ad88e7b8a	2026-10-04T02:54:47Z	2026-10-04T02:57:48Z	true	fix(discovery): allow CAS-fenced registry snapshots
1faaab91978678d1df51f4ecafd631613b41ba9f	80c5466d114cde96b591b7becf0747ee3f48863a	2026-10-04T02:53:46Z	2026-10-04T02:59:54Z	true	fix(turso): preflight authority schema before open
452570a2a84536195ac8685daf1a770334a7d5a3	1faaab91978678d1df51f4ecafd631613b41ba9f	2026-10-04T03:02:04Z	2026-10-04T03:07:45Z	true	Reject noncanonical source record tags
6f9ab1680bfef848ad29bc2441430971b49c71fb	452570a2a84536195ac8685daf1a770334a7d5a3	2026-10-04T03:17:51Z	2026-10-04T03:17:51Z	true	Checkpoint integrated readiness work and frozen review slices
4d6bf5fee050a3ec0a5fac5e07a2938e4609322d	6f9ab1680bfef848ad29bc2441430971b49c71fb	2026-10-04T03:19:53Z	2026-10-04T03:19:53Z	true	Record verified checkpoint publication and canonical divergence
2477f6138eb1af8e34a3f72d1ac1dfc835c6fb60	401d72430925f43140ae02f023f2c59e8c91b463	2026-10-02T01:38:01-04:00	2026-10-02T01:38:01-04:00	false	Repair windows-sys imports and record backend-advisory in Cargo.lock
d073c2384d7903af75c29a29805cde3aa11e8777	2477f6138eb1af8e34a3f72d1ac1dfc835c6fb60	2026-10-02T01:43:04-04:00	2026-10-02T01:43:04-04:00	false	Make backend-platform's Windows half compile
e7b2793c44971d66a9276a6fbc92012089547347	d073c2384d7903af75c29a29805cde3aa11e8777	2026-10-02T01:44:42-04:00	2026-10-02T01:44:42-04:00	false	Accept the file-mapped full-control mask in the private-DACL check
fe6a15f0a43b1c70fd7898c27958a8ce7ca97347	e7b2793c44971d66a9276a6fbc92012089547347	2026-10-02T01:49:30-04:00	2026-10-02T01:49:30-04:00	false	Enable thiserror's std feature in backend-store
3f9199f6d9c351b62414c7eef487aacbc9a5758a	fe6a15f0a43b1c70fd7898c27958a8ce7ca97347	2026-10-02T01:49:31-04:00	2026-10-02T01:49:31-04:00	false	Compile and repair the non-Unix artifact filesystem for Windows
f91d78491a4fd01c19cde378768116fd2aae6d8d	3f9199f6d9c351b62414c7eef487aacbc9a5758a	2026-10-02T01:53:31-04:00	2026-10-02T01:53:31-04:00	false	Escape oracle paths in the fuzz dispatch generator
f3640f3779db61e5256d0cc63e5933862e59e7f2	f91d78491a4fd01c19cde378768116fd2aae6d8d	2026-10-02T01:53:31-04:00	2026-10-02T01:53:31-04:00	false	Add a platform file identity and use it for store-s3 spool files
79d6f72085242ec2adef8ee15de620e2200426cb	f3640f3779db61e5256d0cc63e5933862e59e7f2	2026-10-02T01:57:58-04:00	2026-10-02T01:57:58-04:00	false	Give non-Unix targets a typed refusal for child exit observation
27679ae4af026db809c1652b9798a44a5c2fe94a	79d6f72085242ec2adef8ee15de620e2200426cb	2026-10-02T01:57:58-04:00	2026-10-02T01:57:58-04:00	false	Type the Windows delete-on-close flag as the u32 the API takes
2b722bdd8657f9906b87dc39da2b80eb5a4370fd	27679ae4af026db809c1652b9798a44a5c2fe94a	2026-10-02T01:57:58-04:00	2026-10-02T01:57:58-04:00	false	Assert the typed resource limit in the V3 row-budget test
07ba59ef5a285a0c5ac61a51058868903d23a6cc	2b722bdd8657f9906b87dc39da2b80eb5a4370fd	2026-10-02T01:57:58-04:00	2026-10-02T01:57:58-04:00	false	Import RemoteIndexCapability in the two-process transport test
c7f3e3b05cc31fcffae7a08085d873b18e0489fb	07ba59ef5a285a0c5ac61a51058868903d23a6cc	2026-10-02T02:06:40-04:00	2026-10-02T02:06:40-04:00	false	Add a path-level revision read for Windows project files
5e9b9ceab9a5761a23e9a645135b5cc4769c3607	c7f3e3b05cc31fcffae7a08085d873b18e0489fb	2026-10-02T02:06:40-04:00	2026-10-02T02:06:40-04:00	false	Stamp RustSec authority files by handle identity on Windows
d64865bd1b137c20c13f87e74bd1424156a79643	5e9b9ceab9a5761a23e9a645135b5cc4769c3607	2026-10-02T02:06:40-04:00	2026-10-02T02:06:40-04:00	false	Make the non-Unix git_source_state stub reachable from ingest
d5d1cc73a79d26ed1d214b9ca62fd08bebe4ffa0	d64865bd1b137c20c13f87e74bd1424156a79643	2026-10-02T02:06:41-04:00	2026-10-02T02:06:41-04:00	false	Read scan-fence revisions by path on Windows
89f1e8241a7175e32bcfd2d8aed2823ffe484d13	d5d1cc73a79d26ed1d214b9ca62fd08bebe4ffa0	2026-10-02T02:06:41-04:00	2026-10-02T02:06:41-04:00	false	Create test symlinks portably in the add-target guard tests
6aa17d6f581288a37abdc704d699049e8b33c885	89f1e8241a7175e32bcfd2d8aed2823ffe484d13	2026-10-02T02:08:02-04:00	2026-10-02T02:08:02-04:00	false	Refuse remote-index connections in the worker's cluster listeners
6b234107bbfdd60e43ad432fa784bfb5d831d862	6aa17d6f581288a37abdc704d699049e8b33c885	2026-10-02T02:08:02-04:00	2026-10-02T02:08:02-04:00	false	Stop a test binding from shadowing the words helper
439d148d6f07c701702e89e406700f49486d73df	6b234107bbfdd60e43ad432fa784bfb5d831d862	2026-10-02T02:32:13-04:00	2026-10-02T02:32:13-04:00	false	Create the large-listing fixture directory in its Windows test
28261855dbffd73e9af61c6e84f3585ad478a673	439d148d6f07c701702e89e406700f49486d73df	2026-10-02T02:32:25-04:00	2026-10-02T02:32:25-04:00	false	Wait out scanner holds when replacing files on Windows
7c3f4515f1c1388d5e1378d7996cf8247b129d62	28261855dbffd73e9af61c6e84f3585ad478a673	2026-10-02T02:32:25-04:00	2026-10-02T02:32:25-04:00	false	Run the capture handle audit in its own process
a7ba913ddab151e5958030462619539efcc4d309	7c3f4515f1c1388d5e1378d7996cf8247b129d62	2026-10-02T02:32:48-04:00	2026-10-02T02:32:48-04:00	false	Make the Windows workspace filesystem work under sharing, races and scanners
8b657d1aa182113d4cb7320658ae35a6cb28bc45	a7ba913ddab151e5958030462619539efcc4d309	2026-10-02T02:32:48-04:00	2026-10-02T02:32:48-04:00	false	Add Windows and cross-platform counterparts to the native path tests
5c33d782584c208cd86d10753902c90f1487edba	8b657d1aa182113d4cb7320658ae35a6cb28bc45	2026-10-02T02:32:48-04:00	2026-10-02T02:32:48-04:00	false	Clear the Windows-only warnings in backend-platform
0240a49ce965f1fec59a676594e2d8bd68b3e604	2477f6138eb1af8e34a3f72d1ac1dfc835c6fb60	2026-10-02T01:48:50-04:00	2026-10-02T01:48:50-04:00	false	Make backend-facet's library compile: missing trait scopes and a borrow
c6f1f02aab555ea5b283313fb229e8a45cd2a706	0240a49ce965f1fec59a676594e2d8bd68b3e604	2026-10-02T01:48:51-04:00	2026-10-02T01:48:51-04:00	false	Repair two mounted Library tests against the VisualTestContext API
7098b7173cbe89510aaf58d2c1aa18695e210591	c6f1f02aab555ea5b283313fb229e8a45cd2a706	2026-10-02T01:48:51-04:00	2026-10-02T01:48:51-04:00	false	Report gallery accessibility capture failures as harness errors
009be0b9e432ccd9d1f3d8ac34bd77a8f2f4ed02	7098b7173cbe89510aaf58d2c1aa18695e210591	2026-10-02T01:53:21-04:00	2026-10-02T01:53:21-04:00	false	Bring ElementExt into scope for the named input identity test
2d17133e2cb212fdc9e36facb796f6692483c089	009be0b9e432ccd9d1f3d8ac34bd77a8f2f4ed02	2026-10-02T01:53:21-04:00	2026-10-02T01:53:21-04:00	false	Give the highlighter tests their JSON grammar after the feature split
a02172212615f74afa89bc5528dacf0cf3cbbb47	2d17133e2cb212fdc9e36facb796f6692483c089	2026-10-02T01:43:04-04:00	2026-10-02T01:53:35-04:00	false	Make backend-platform's Windows half compile
5dc0a15b9d73a7c6a9a3688a7042de85dcf12264	a02172212615f74afa89bc5528dacf0cf3cbbb47	2026-10-02T01:44:42-04:00	2026-10-02T01:56:09-04:00	false	Accept the file-mapped full-control mask in the private-DACL check
91d3dca15bbed9b4d21428dfd45133ee8c27eada	5dc0a15b9d73a7c6a9a3688a7042de85dcf12264	2026-10-02T01:49:30-04:00	2026-10-02T01:56:09-04:00	false	Enable thiserror's std feature in backend-store
5d1f3a0f37b50d2671ac4e9bd8e64155e5a9b988	91d3dca15bbed9b4d21428dfd45133ee8c27eada	2026-10-02T01:49:31-04:00	2026-10-02T01:56:09-04:00	false	Compile and repair the non-Unix artifact filesystem for Windows
0a566ccbcf7ba36093aedc4f467f853e091804cd	5d1f3a0f37b50d2671ac4e9bd8e64155e5a9b988	2026-10-02T01:53:31-04:00	2026-10-02T01:56:09-04:00	false	Add a platform file identity and use it for store-s3 spool files
6734dc69ac929a18df6435a35cf3542199f09d24	0a566ccbcf7ba36093aedc4f467f853e091804cd	2026-10-02T02:00:37-04:00	2026-10-02T02:00:37-04:00	false	Read recorded C types from the grammar's type field
cfa6853c075de8696d2c1e042a2e999e83621a15	6734dc69ac929a18df6435a35cf3542199f09d24	2026-10-02T02:21:56-04:00	2026-10-02T02:21:56-04:00	false	Read the Features header's narrow row from a fluid token
742c9a1c85fcfd0eb80179d03d96d19e7f13b20c	cfa6853c075de8696d2c1e042a2e999e83621a15	2026-10-02T02:21:56-04:00	2026-10-02T02:21:56-04:00	false	Expect the keyboard target's related light after the pointer leaves
1ed96d64c10d3eeb3b443b6e06920186a3739cee	742c9a1c85fcfd0eb80179d03d96d19e7f13b20c	2026-10-02T02:21:56-04:00	2026-10-02T02:21:56-04:00	false	Retire the licence stamp's words when its disclosure is withdrawn
303924b802342dc3418cfeee90e8dde07dae10da	1ed96d64c10d3eeb3b443b6e06920186a3739cee	2026-10-02T02:21:56-04:00	2026-10-02T02:21:56-04:00	false	Drive folio tests with frames, a Tab walk and a real Space release
5d5ceef4a93f802a7b153c6b644d409a6f42b7e6	303924b802342dc3418cfeee90e8dde07dae10da	2026-10-02T02:24:46-04:00	2026-10-02T02:24:46-04:00	false	Stop the focused radio claiming to be its own active descendant
52c51642e567849ed134fcb57340d6950fdb14cd	5d5ceef4a93f802a7b153c6b644d409a6f42b7e6	2026-10-02T02:38:46-04:00	2026-10-02T02:38:46-04:00	false	Keep a list's declared uniform row height across width changes
2399fc0db1c86ca224d50202ff9063514ae425a8	52c51642e567849ed134fcb57340d6950fdb14cd	2026-10-02T02:39:00-04:00	2026-10-02T02:39:00-04:00	false	Make the Library's Last rows control reveal the end of the list
ee78f61ea2c915f709ee769b97b82fa35a52a196	2399fc0db1c86ca224d50202ff9063514ae425a8	2026-10-02T02:39:00-04:00	2026-10-02T02:39:00-04:00	false	Correct three steps of the large-inventory Library test
9b9b28eb77f29552b8c06e23d01b05976dbbefb4	ee78f61ea2c915f709ee769b97b82fa35a52a196	2026-10-02T01:57:58-04:00	2026-10-02T02:47:17-04:00	false	Give non-Unix targets a typed refusal for child exit observation
5aa68eb65966e06f470b9b6565f20e0bfb6938b5	9b9b28eb77f29552b8c06e23d01b05976dbbefb4	2026-10-02T01:57:58-04:00	2026-10-02T02:47:17-04:00	false	Type the Windows delete-on-close flag as the u32 the API takes
83c40888381a2bd27f5b261139aceb03ba6a78cd	5aa68eb65966e06f470b9b6565f20e0bfb6938b5	2026-10-02T01:57:58-04:00	2026-10-02T02:47:17-04:00	false	Assert the typed resource limit in the V3 row-budget test
1d6692a0c504d8ef98bb7c862534d30ffcd4d81e	83c40888381a2bd27f5b261139aceb03ba6a78cd	2026-10-02T01:57:58-04:00	2026-10-02T02:47:17-04:00	false	Import RemoteIndexCapability in the two-process transport test
d39849df222959492e9133d1dd460770241db10c	1d6692a0c504d8ef98bb7c862534d30ffcd4d81e	2026-10-02T02:06:40-04:00	2026-10-02T02:47:17-04:00	false	Add a path-level revision read for Windows project files
0dc592d60e95c81c3927a627c36f471bf90480e0	d39849df222959492e9133d1dd460770241db10c	2026-10-02T02:06:40-04:00	2026-10-02T02:47:17-04:00	false	Stamp RustSec authority files by handle identity on Windows
d58d6ccf6a5396a8a7b7537bf18e755a1613e512	0dc592d60e95c81c3927a627c36f471bf90480e0	2026-10-02T02:06:40-04:00	2026-10-02T02:47:17-04:00	false	Make the non-Unix git_source_state stub reachable from ingest
c6c316d969e41da562c710cd43c6b34a89f44c9f	d58d6ccf6a5396a8a7b7537bf18e755a1613e512	2026-10-02T02:06:41-04:00	2026-10-02T02:47:17-04:00	false	Read scan-fence revisions by path on Windows
53db81dec18f9e90c0f9cce2aba3ac483d6e7750	c6c316d969e41da562c710cd43c6b34a89f44c9f	2026-10-02T02:06:41-04:00	2026-10-02T02:47:17-04:00	false	Create test symlinks portably in the add-target guard tests
ce7f28bc1b1b0edfc70eca0100d00fed05b7dfaf	53db81dec18f9e90c0f9cce2aba3ac483d6e7750	2026-10-02T02:32:13-04:00	2026-10-02T02:47:17-04:00	false	Create the large-listing fixture directory in its Windows test
afe513cf658935c78da1c9adec522c6a6d822f0d	ce7f28bc1b1b0edfc70eca0100d00fed05b7dfaf	2026-10-02T02:32:25-04:00	2026-10-02T02:47:18-04:00	false	Wait out scanner holds when replacing files on Windows
8dc854defa6d30cf98ce2a64ab2c215f3b176019	afe513cf658935c78da1c9adec522c6a6d822f0d	2026-10-02T02:32:25-04:00	2026-10-02T02:47:18-04:00	false	Run the capture handle audit in its own process
bf31825d1319a30888e4d8496a967e61f3911ddb	8dc854defa6d30cf98ce2a64ab2c215f3b176019	2026-10-02T02:32:48-04:00	2026-10-02T02:47:18-04:00	false	Make the Windows workspace filesystem work under sharing, races and scanners
84fde8654af5a36ec7bfa72e113e1dd572e1ebae	bf31825d1319a30888e4d8496a967e61f3911ddb	2026-10-02T02:32:48-04:00	2026-10-02T02:47:18-04:00	false	Add Windows and cross-platform counterparts to the native path tests
40314971c86f33b01ad8f12e8529784d72a09d43	84fde8654af5a36ec7bfa72e113e1dd572e1ebae	2026-10-02T02:32:48-04:00	2026-10-02T02:47:18-04:00	false	Clear the Windows-only warnings in backend-platform
8cf39c386fddcb96df7aef8fdc5ce0bafdd97d35	40314971c86f33b01ad8f12e8529784d72a09d43	2026-10-02T02:58:32-04:00	2026-10-02T02:58:32-04:00	false	Compare opened local files by platform file identity
82276f87fa8a5958a43ac5a18a10ed7f3ed07ad9	8cf39c386fddcb96df7aef8fdc5ce0bafdd97d35	2026-10-02T02:58:54-04:00	2026-10-02T02:58:54-04:00	false	Read local Cargo metadata through the platform's bounded capture
20cff84122357bcee471ba68d6883bbdf3c72564	82276f87fa8a5958a43ac5a18a10ed7f3ed07ad9	2026-10-02T02:58:54-04:00	2026-10-02T02:58:54-04:00	false	Give the owner revision test a private root on Windows too
f3ef7916f8696f07f510eda932edf84fec94d04a	20cff84122357bcee471ba68d6883bbdf3c72564	2026-10-02T02:58:54-04:00	2026-10-02T02:58:54-04:00	false	Reconcile the composed desktop runtime with its own dependencies
6fdcc49db1867d3fc0961eb05f5c76451797e5de	f3ef7916f8696f07f510eda932edf84fec94d04a	2026-10-02T02:58:54-04:00	2026-10-02T02:58:54-04:00	false	Reconcile the composed desktop shell with its routes and GPUI traits
362026666ff9e1541366d95f9ea3dee28bdfd9a0	6fdcc49db1867d3fc0961eb05f5c76451797e5de	2026-10-02T03:01:05-04:00	2026-10-02T03:01:05-04:00	false	Teach the visual harness about Cargo source routes
88e2141ba299f8ec46f55fab38d504aaba4704f7	362026666ff9e1541366d95f9ea3dee28bdfd9a0	2026-10-02T03:24:00-04:00	2026-10-02T03:24:00-04:00	false	Create desktop test state privately on Windows
2fe7d9f498c36bab355585f610b93dd10c5f344a	88e2141ba299f8ec46f55fab38d504aaba4704f7	2026-10-02T03:24:00-04:00	2026-10-02T03:24:00-04:00	false	Find a Windows person's Rust: .exe tools under the user profile
fbc28ba014b583d4ccb3b7847cb5f4170cc9b747	2fe7d9f498c36bab355585f610b93dd10c5f344a	2026-10-02T03:24:00-04:00	2026-10-02T03:24:00-04:00	false	Open sources on Windows with code.cmd and Explorer
46a0eb3dfb6bee62f5fec9c030abae336761153a	fbc28ba014b583d4ccb3b7847cb5f4170cc9b747	2026-10-02T03:26:10-04:00	2026-10-02T03:26:10-04:00	false	Key shell shortcuts off the platform's shortcut modifier
60758d2cf2d4a3885b72e525d051189f540c5d0e	46a0eb3dfb6bee62f5fec9c030abae336761153a	2026-10-02T03:26:10-04:00	2026-10-02T03:26:10-04:00	false	Run the renderer-backed capture test only where a renderer exists
493270b050215862fcfdeeaf72a9a72d28282ad3	60758d2cf2d4a3885b72e525d051189f540c5d0e	2026-10-02T03:27:54-04:00	2026-10-02T03:27:54-04:00	false	Use Windows file names and plain paths in three desktop tests
721b1e263b513854f1648b4e9f106ed59cc43f6f	5c33d782584c208cd86d10753902c90f1487edba 493270b050215862fcfdeeaf72a9a72d28282ad3	2026-10-02T03:33:09-04:00	2026-10-02T03:33:09-04:00	false	Merge lane F: facet and desktop compile and run on Windows
113481a9e15fe81085377d88a706d5c041a7ff6b	721b1e263b513854f1648b4e9f106ed59cc43f6f	2026-10-02T03:51:44-04:00	2026-10-02T03:52:18-04:00	false	Keep a rustup proxy's name when resolving an executable, and show why a probe failed
7ffa944e605362bf00c918fe3be5f39a77e81616	113481a9e15fe81085377d88a706d5c041a7ff6b	2026-10-02T04:09:02-04:00	2026-10-02T04:09:02-04:00	false	Vendor gpui_ce_wgpu and gpui_ce_platform 0.1.0 verbatim
b1a19d4d24ebf683726ede5c6b308bd32c2a456d	7ffa944e605362bf00c918fe3be5f39a77e81616	2026-10-02T04:09:25-04:00	2026-10-02T04:09:25-04:00	false	Let a test window's device surface follow its requested scale
7a585e154e8a1e625106c30f62024fefd19867f9	b1a19d4d24ebf683726ede5c6b308bd32c2a456d	2026-10-02T04:09:38-04:00	2026-10-02T04:09:38-04:00	false	Render headless frames on Windows with the window's own wgpu renderer
77506b86591c9f61017ae7369cb19632d3a452b7	7a585e154e8a1e625106c30f62024fefd19867f9	2026-10-02T04:09:44-04:00	2026-10-02T04:09:44-04:00	false	Spell capture manifest paths with forward slashes on every platform
f783ab0a1628e7604f025bcb94800e7e9b056414	77506b86591c9f61017ae7369cb19632d3a452b7	2026-10-02T04:18:11-04:00	2026-10-02T04:18:11-04:00	false	Give the shell capture owner private state and plain paths on Windows
c6cb94d38fd9a69d23f665f0dd21266145241b42	f783ab0a1628e7604f025bcb94800e7e9b056414	2026-10-02T04:18:11-04:00	2026-10-02T04:18:11-04:00	false	Make the gallery harness's private directories and endpoints Windows-real
7cded5331df4d6c0947af5790a737b7f07ad15cd	c6cb94d38fd9a69d23f665f0dd21266145241b42	2026-10-02T04:18:12-04:00	2026-10-02T04:18:12-04:00	false	Open no console beside the Windows desktop window in release builds
1e36a2579802d35418acc1bdf02db47ebc15483b	7cded5331df4d6c0947af5790a737b7f07ad15cd	2026-10-02T04:18:12-04:00	2026-10-02T04:18:12-04:00	false	Name the GPU the headless pixel tests drew on
97aae24ec91dab17ffc025bc05a3a62ced8c0b8b	721b1e263b513854f1648b4e9f106ed59cc43f6f 1e36a2579802d35418acc1bdf02db47ebc15483b	2026-10-02T19:32:41Z	2026-10-02T19:32:41Z	false	Merge lane h-render of the Windows port
3585b320667018078e6523cc345f428f1b5ca353	721b1e263b513854f1648b4e9f106ed59cc43f6f	2026-10-02T03:51:44-04:00	2026-10-02T03:53:40-04:00	false	Keep a rustup proxy's name when resolving an executable, and show why a probe failed
cbe338094e41ebdba3be897ee742adcd86e98798	3585b320667018078e6523cc345f428f1b5ca353	2026-10-02T04:10:52-04:00	2026-10-02T04:11:04-04:00	false	Move Find's query focus only between drawn frames
55255121fda2df0f2c6648af5e4d32b3eee17760	cbe338094e41ebdba3be897ee742adcd86e98798	2026-10-02T04:11:13-04:00	2026-10-02T04:11:13-04:00	false	Keep the Find return through Ask's own stops and drop it on an exit Tab
3acf0400fe5d21e02a49e4fe767b377873c024ed	55255121fda2df0f2c6648af5e4d32b3eee17760	2026-10-02T04:11:22-04:00	2026-10-02T04:11:22-04:00	false	Cover a pending Find read across Ask and a renewed Compare attachment
23b0eee9d5d8eb931657413f3bcc4b0cdab5ffe8	97aae24ec91dab17ffc025bc05a3a62ced8c0b8b 3acf0400fe5d21e02a49e4fe767b377873c024ed	2026-10-02T19:32:41Z	2026-10-02T19:32:41Z	false	Merge lane g-shell of the Windows port
2bd25d83b75e43004eade0c659ba08c27fb546a9	721b1e263b513854f1648b4e9f106ed59cc43f6f	2026-10-02T03:51:44-04:00	2026-10-02T03:53:09-04:00	false	Keep a rustup proxy's name when resolving an executable, and show why a probe failed
1cda2383c553fc94758d649818d512ea09ec73f6	2bd25d83b75e43004eade0c659ba08c27fb546a9	2026-10-02T04:08:20-04:00	2026-10-02T04:08:20-04:00	false	Add a cooperative yield to the UI wake signal
0b6592bb62fb9ca0d6f128d4d09cd64741c54054	1cda2383c553fc94758d649818d512ea09ec73f6	2026-10-02T04:08:32-04:00	2026-10-02T04:08:32-04:00	false	Hold read capacity from admission until the UI drops the outcome
6a21f111ee2ada840d14ebaab31e10b36a2e5824	0b6592bb62fb9ca0d6f128d4d09cd64741c54054	2026-10-02T04:11:25-04:00	2026-10-02T04:11:25-04:00	false	Land finished reads in small turns and yield between them
dbe6860e6f4e096f0e23306e77f51b898a43074e	23b0eee9d5d8eb931657413f3bcc4b0cdab5ffe8 6a21f111ee2ada840d14ebaab31e10b36a2e5824	2026-10-02T19:32:41Z	2026-10-02T19:32:41Z	false	Merge lane r1-pool of the Windows port
afc562dd14d66bc39e66277eb6f0e847af979392	e7b2793c44971d66a9276a6fbc92012089547347	2026-10-02T04:11:00Z	2026-10-02T01:54:16-04:00	false	Reclaim abandoned subscription leases on owner polls
e635d161f4e5636d0a79c13b9a9b210b67fba5a1	afc562dd14d66bc39e66277eb6f0e847af979392 f3640f3779db61e5256d0cc63e5933862e59e7f2	2026-10-02T01:54:21-04:00	2026-10-02T01:54:21-04:00	false	Merge remote-tracking branch 'origin/claude/x7q4m2-w-platform' into claude/x7q4m2-s-service
f85afddd0af58d05a49ee3ef56d670b7e20c192f	e635d161f4e5636d0a79c13b9a9b210b67fba5a1 6b234107bbfdd60e43ad432fa784bfb5d831d862	2026-10-02T02:08:30-04:00	2026-10-02T02:08:30-04:00	false	Merge remote-tracking branch 'origin/claude/x7q4m2-w-platform' into claude/x7q4m2-s-service
9e6683c826d99dea5ad6be4038bfd7c3657e0c71	f85afddd0af58d05a49ee3ef56d670b7e20c192f	2026-10-02T02:31:24-04:00	2026-10-02T02:31:24-04:00	false	Share the publication-lease contract and a monotonic clock through backend-client
305df1173a73f120339b510efa1d1b87614d98fd	9e6683c826d99dea5ad6be4038bfd7c3657e0c71	2026-10-02T02:31:24-04:00	2026-10-02T02:31:24-04:00	false	Rework owner lease retention as typed state with injected time
e6bb0bc21afab7d32f601e7d2657028655ed7275	305df1173a73f120339b510efa1d1b87614d98fd	2026-10-02T03:06:15-04:00	2026-10-02T03:06:15-04:00	false	Bound publication resets by a descriptor-fixed allowance and release abandoned leases
b2fe76be761a91da6d686186301bc82a589d12ec	e6bb0bc21afab7d32f601e7d2657028655ed7275	2026-10-02T03:06:15-04:00	2026-10-02T03:07:44-04:00	false	Prove the owner's lease rules against the observer over a real socket
2c507e6ab179c39be255fddb729b689734f0f05e	b2fe76be761a91da6d686186301bc82a589d12ec	2026-10-02T03:21:48-04:00	2026-10-02T03:21:48-04:00	false	Run the listener tests on Windows
b817e5a55aaf9ec23f661af5a0a5cbf5375ebc64	2c507e6ab179c39be255fddb729b689734f0f05e 5c33d782584c208cd86d10753902c90f1487edba	2026-10-02T03:31:08-04:00	2026-10-02T03:31:08-04:00	false	Merge remote-tracking branch 'origin/claude/x7q4m2-w-platform' into claude/x7q4m2-s-service
6d9517bf871d4eac33be414532b1141f33afdbb6	b817e5a55aaf9ec23f661af5a0a5cbf5375ebc64	2026-10-02T03:45:22-04:00	2026-10-02T03:45:22-04:00	false	Flush directories through the platform's directory handle
01a7646d19c9b55db3cd2bf372b81ceab445b261	6d9517bf871d4eac33be414532b1141f33afdbb6	2026-10-02T03:45:23-04:00	2026-10-02T03:47:40-04:00	false	Give local-service tests private roots and portable fixtures on Windows
71476d02e5386b0b6c1bcdf69d10de6c2aaf7e8b	01a7646d19c9b55db3cd2bf372b81ceab445b261	2026-10-02T03:53:17-04:00	2026-10-02T03:53:17-04:00	false	Document when lease reclamation runs and test an events-answered open
65ae2e745cb5fc634493e5bf76597b05af6deafb	71476d02e5386b0b6c1bcdf69d10de6c2aaf7e8b	2026-10-02T04:09:47-04:00	2026-10-02T04:09:47-04:00	false	Collect reset pages in a type of their own
e0ece2e9bdb3831af3f13e399050933f61ac02e1	65ae2e745cb5fc634493e5bf76597b05af6deafb	2026-10-02T04:09:47-04:00	2026-10-02T04:09:47-04:00	false	Tighten the lease types after review and test an abandoned resume
18e58ebd5f9f016d95a38f779d127a2caf94d5de	e0ece2e9bdb3831af3f13e399050933f61ac02e1	2026-10-02T04:15:19-04:00	2026-10-02T04:15:19-04:00	false	Run the semantic-range client tests on Windows and de-flake the cancel tests
4dc2938dcffe8a48388139bd326b99b2fd92d3ef	dbe6860e6f4e096f0e23306e77f51b898a43074e 18e58ebd5f9f016d95a38f779d127a2caf94d5de	2026-10-02T19:32:48Z	2026-10-02T19:32:48Z	false	Merge lane s-service of the Windows port
3f0246d9e5ff52c7e90dc17546354e3e16fff5f8	5c33d782584c208cd86d10753902c90f1487edba	2026-10-02T03:04:48-04:00	2026-10-02T03:04:48-04:00	false	Calibrate the std-channel allocation ledgers per platform
9c727f4706a3e6b7470b22c1925fa0eba3fd6c3b	3f0246d9e5ff52c7e90dc17546354e3e16fff5f8	2026-10-02T03:06:16-04:00	2026-10-02T03:06:16-04:00	false	Pad rename requests to the size of FILE_RENAME_INFORMATION
e8526f33d92c16a154860191ca742c1ff51653f2	9c727f4706a3e6b7470b22c1925fa0eba3fd6c3b	2026-10-02T03:24:18-04:00	2026-10-02T03:24:18-04:00	false	Let readers keep the generation they opened and pace writers' reopen
0b16cc7c1e44a98479e2a29fafe15b3ff9bc09f1	e8526f33d92c16a154860191ca742c1ff51653f2	2026-10-02T03:28:44-04:00	2026-10-02T03:28:49-04:00	false	Refuse DOS device names only where a name is created
7d306816e1193b57fd9779d61c8388829329e02f	0b16cc7c1e44a98479e2a29fafe15b3ff9bc09f1	2026-10-02T03:29:29-04:00	2026-10-02T03:29:29-04:00	false	Replace over a read-only destination like POSIX rename does
589fa3ddfc82eb25819dbcfdc104b13085f1f2a3	7d306816e1193b57fd9779d61c8388829329e02f	2026-10-02T03:33:06-04:00	2026-10-02T03:33:11-04:00	false	Drive the private-DACL rules end to end with real descriptors
3ab9099ac9125b7160ca39b1fa7155df4c27faf5	589fa3ddfc82eb25819dbcfdc104b13085f1f2a3	2026-10-02T03:36:25-04:00	2026-10-02T03:36:25-04:00	false	Spell the Windows surrogate fixture path as a raw string
f3dc150436d41d12e494f7fab7312477db1b455d	3ab9099ac9125b7160ca39b1fa7155df4c27faf5	2026-10-02T03:36:25-04:00	2026-10-02T03:36:25-04:00	false	Close refused remote-index connections with a typed code and reason
5a006501fc8aa264cd4878eaffd785b91b7fbed7	f3dc150436d41d12e494f7fab7312477db1b455d	2026-10-02T03:37:37-04:00	2026-10-02T03:37:37-04:00	false	Document and pin that workspace names are resolved, not canonicalized
a8b3f2358cf9fc2b443b30dbfdd2e404d0a219dc	5a006501fc8aa264cd4878eaffd785b91b7fbed7	2026-10-02T03:40:20-04:00	2026-10-02T03:40:20-04:00	false	Compare the full 128-bit object id when checking an enumerated entry
9c536bb7f2c19c7ea26b13f9204b31928bd4b518	a8b3f2358cf9fc2b443b30dbfdd2e404d0a219dc	2026-10-02T03:47:17-04:00	2026-10-02T03:47:17-04:00	false	Admit a reader's unlinked generation on every platform
cb79bef6f9392d5a07203ba597f02dc3403211d6	9c536bb7f2c19c7ea26b13f9204b31928bd4b518	2026-10-02T04:03:52-04:00	2026-10-02T04:03:52-04:00	false	Make replace_file behave like rename and measure what readers see
20589f0d086ec9870dcf15ba93f1904d1670c361	cb79bef6f9392d5a07203ba597f02dc3403211d6	2026-10-02T04:07:00-04:00	2026-10-02T04:07:00-04:00	false	Open the running executable on Windows by what the loader mapped
c475083838d0a4072942a1749f991df8d84eaa91	20589f0d086ec9870dcf15ba93f1904d1670c361	2026-10-02T04:10:58-04:00	2026-10-02T04:10:58-04:00	false	Verify Windows child supervision against whole process trees
f570f87e05a49b8b2384319b8f07f6b6aacfed01	4dc2938dcffe8a48388139bd326b99b2fd92d3ef c475083838d0a4072942a1749f991df8d84eaa91	2026-10-02T19:32:48Z	2026-10-02T19:32:48Z	false	Merge lane t1-durability of the Windows port
3c3df307a8f77f3f1a4e1d1853d31c4e0cdb6aad	5c33d782584c208cd86d10753902c90f1487edba	2026-10-02T03:11:02-04:00	2026-10-02T03:11:02-04:00	false	Render discovery test paths with the crate's own slash form
2f8d1bc89ba6cc1bbcb7a30efbba9b8f549aa8d3	3c3df307a8f77f3f1a4e1d1853d31c4e0cdb6aad	2026-10-02T03:13:39-04:00	2026-10-02T03:14:29-04:00	false	Port the flow test fixtures that assumed Unix tool names and paths
0162df1aba08243f63482e6f0ff47d0b8f6eadd3	2f8d1bc89ba6cc1bbcb7a30efbba9b8f549aa8d3	2026-10-02T03:29:44-04:00	2026-10-02T03:29:44-04:00	false	Draw engine entropy from one platform seam and give Windows a nonce
ca1503824a09ad4abc17728e518462aa8259a48f	0162df1aba08243f63482e6f0ff47d0b8f6eadd3	2026-10-02T03:29:44-04:00	2026-10-02T03:30:05-04:00	false	Own private content-store files by sharing mode on Windows
449de2363ce6bf42e3a46ef8f0d151a7121e1e3d	ca1503824a09ad4abc17728e518462aa8259a48f	2026-10-02T03:30:18-04:00	2026-10-02T03:30:18-04:00	false	Create the acquisition coordination root privately and port unit fixtures
667406794ab21ffff6ea4860e32baaf6d006ad91	449de2363ce6bf42e3a46ef8f0d151a7121e1e3d	2026-10-02T03:51:44-04:00	2026-10-02T03:51:44-04:00	false	Keep a rustup proxy's name when resolving an executable, and show why a probe failed
8f12ee12c9a0e8e2a5db683f32f425839298b3bc	f570f87e05a49b8b2384319b8f07f6b6aacfed01 667406794ab21ffff6ea4860e32baaf6d006ad91	2026-10-02T19:32:48Z	2026-10-02T19:32:48Z	false	Merge lane t2-compiler of the Windows port
088badad8cf0aa5661bfb991672dd91a4f72eca7	5c33d782584c208cd86d10753902c90f1487edba	2026-10-02T03:27:16-04:00	2026-10-02T03:27:16-04:00	false	Open the Turso authority and projection on Windows
f8ff8270968c4ed43578534c7fac0f4b75b109e3	088badad8cf0aa5661bfb991672dd91a4f72eca7	2026-10-02T03:27:26-04:00	2026-10-02T03:27:26-04:00	false	Publish and collect OSV snapshot generations on Windows
0e6bf7e14e56356c2488a51b456546c719d15990	f8ff8270968c4ed43578534c7fac0f4b75b109e3	2026-10-02T03:51:45-04:00	2026-10-02T03:51:45-04:00	false	Make shared multiprocess access a typed, tested Turso capability
857d7d44363752ca103b7f9e8e1b72e60967a48e	0e6bf7e14e56356c2488a51b456546c719d15990	2026-10-02T03:52:26-04:00	2026-10-02T03:52:26-04:00	false	Let the authority name the outcome of one exact attempt
47809ee69340d32047ecd862ae085f1e9780a482	857d7d44363752ca103b7f9e8e1b72e60967a48e	2026-10-02T03:53:17-04:00	2026-10-02T03:53:28-04:00	false	Port the runtime, library and qdrant test fixtures to Windows
d9f7ba46466f21301aa7fbfd6268795e5d7f478e	47809ee69340d32047ecd862ae085f1e9780a482	2026-10-02T03:53:35-04:00	2026-10-02T03:53:35-04:00	false	"Stop saying ""no source is configured"" when coverage is merely unknown"
ca0635f0cd59b451ad4f9d3c11a624874d808635	d9f7ba46466f21301aa7fbfd6268795e5d7f478e	2026-10-02T04:00:27-04:00	2026-10-02T04:00:27-04:00	false	Publish tantivy projection directories through one retry-aware seam
dd01ff991ab60efe985b9578994701f032464f29	8f12ee12c9a0e8e2a5db683f32f425839298b3bc ca0635f0cd59b451ad4f9d3c11a624874d808635	2026-10-02T19:32:48Z	2026-10-02T19:32:48Z	false	Merge lane t3-index of the Windows port
d047e50d0961041846134b1f0f9ddc4fcf69e9d9	5c33d782584c208cd86d10753902c90f1487edba	2026-10-02T03:19:11-04:00	2026-10-02T03:19:11-04:00	false	Run the CLI transport and passive-health tests on Windows
7f232fdd34c5bc3d2d53f3dfc6cdd2bc981b23a2	d047e50d0961041846134b1f0f9ddc4fcf69e9d9	2026-10-02T03:19:11-04:00	2026-10-02T03:19:26-04:00	false	Run the MCP transport and startup-outage tests on Windows
5e34eb34f76edb1403492f060367c639c0664199	7f232fdd34c5bc3d2d53f3dfc6cdd2bc981b23a2	2026-10-02T03:36:25-04:00	2026-10-02T03:45:23-04:00	false	Close refused remote-index connections with a typed code and reason
090bd43ce1aa5d4552c43bbb374995bd8704c0b8	5e34eb34f76edb1403492f060367c639c0664199	2026-10-02T04:05:19-04:00	2026-10-02T04:05:19-04:00	false	Update the canonical package count for backend-facet
bb144d49cd5bc639d9fa9adae3961cc17284e391	090bd43ce1aa5d4552c43bbb374995bd8704c0b8	2026-10-02T04:05:19-04:00	2026-10-02T04:05:19-04:00	false	Compare the Tree-sitter boundary scan by path component
626bfbeb198e1ec7931cd9bfd6d76a168ba5b7fd	bb144d49cd5bc639d9fa9adae3961cc17284e391	2026-10-02T04:05:19-04:00	2026-10-02T04:05:30-04:00	false	Say why the Nix tooling tests cannot run on Windows
54943bb4e584ce393a3d09e45683c501cc652843	dd01ff991ab60efe985b9578994701f032464f29 626bfbeb198e1ec7931cd9bfd6d76a168ba5b7fd	2026-10-02T19:32:48Z	2026-10-02T19:32:48Z	false	Merge lane t4-apps of the Windows port
97f7b3a97aa40addd142d155e57823d93c35641f	54943bb4e584ce393a3d09e45683c501cc652843	2026-10-02T20:18:16Z	2026-10-02T20:18:16Z	false	Compare the attachment readers captured when asking whether an owner still serves
298cd7fe6f321f503a6bf877565d17d9feff7541	97f7b3a97aa40addd142d155e57823d93c35641f	2026-10-02T20:18:16Z	2026-10-02T20:18:16Z	false	Leave the read pool's non-blocking start to the tests that use it
ef2b64c32d877ac2441f813e2e8c060c873097d4	298cd7fe6f321f503a6bf877565d17d9feff7541	2026-10-02T20:18:16Z	2026-10-02T20:18:16Z	false	Put every vendored crate in the nix source whitelist
390fb0c4dec96e7688df51e6aa68bbc676efca1c	ef2b64c32d877ac2441f813e2e8c060c873097d4	2026-10-03T00:58:14Z	2026-10-03T00:58:14Z	false	Keep resolving an explicit tool path when PATH is unset
5533bb81d29e12beffcb189ef5766ee15dec6274	390fb0c4dec96e7688df51e6aa68bbc676efca1c	2026-10-03T00:58:14Z	2026-10-03T00:58:14Z	false	Pair test streams with a socketpair on Unix again
8e6ef4de60b199cee8816a6ca80f7161f2e2979e	5533bb81d29e12beffcb189ef5766ee15dec6274	2026-10-03T00:58:14Z	2026-10-03T00:58:14Z	false	Make the MCP outage fixture's shared root explicit on Unix
06d53c031a297df66c2b8a8f23e88b67fd5f6c21	8e6ef4de60b199cee8816a6ca80f7161f2e2979e	2026-10-03T00:58:14Z	2026-10-03T00:58:14Z	false	Share one short socket path across the local-service tests
65961d31d5f62f20b179b64075a404f0694a2846	06d53c031a297df66c2b8a8f23e88b67fd5f6c21	2026-10-03T00:58:14Z	2026-10-03T00:58:14Z	false	Keep the platform socket test's path under the macOS limit
67d435dd437adbea11f1486364d08992cccc1454	65961d31d5f62f20b179b64075a404f0694a2846	2026-10-03T00:58:14Z	2026-10-03T00:58:14Z	false	State that open_private_read keeps a file unlinked after the open
9d8daf630b0a1c471a0b9a3bbd7f5a80b8ceba1b	67d435dd437adbea11f1486364d08992cccc1454	2026-10-03T00:58:14Z	2026-10-03T00:58:14Z	false	Tell the truth about the cargo reader's stderr bound and drop its dead code
e682bbf25a894cd2c22520cc8882cc70a24ebca5	9d8daf630b0a1c471a0b9a3bbd7f5a80b8ceba1b	2026-10-03T00:58:14Z	2026-10-03T00:58:14Z	false	Wait for the Find read worker with the shared bounded wait
fbfbcfd9a9650456ed780d32fe15a54d26cceef7	e682bbf25a894cd2c22520cc8882cc70a24ebca5	2026-10-03T00:58:14Z	2026-10-03T00:58:14Z	false	Format the files the lanes left unformatted
8e0afd3137dded4520ba09a840ba37721c09507c	fbfbcfd9a9650456ed780d32fe15a54d26cceef7	2026-10-03T01:00:36Z	2026-10-03T01:00:36Z	false	Record the vendored component test-import fix in the patch list
cec2df226266b31782855702315a6b5db6a6002e	8e0afd3137dded4520ba09a840ba37721c09507c	2026-10-03T01:07:04Z	2026-10-03T01:07:04Z	false	Close the transfer test client's endpoint on every path
76587b45c7abc378dfd5decfed51063cd2559aa6	cec2df226266b31782855702315a6b5db6a6002e	2026-10-03T01:23:44Z	2026-10-03T01:23:44Z	false	Flush the expired-grant owner's connection close before its runtime ends
217efa7091cc473fc5cf151f4eccbce6c159913b	4d6bf5fee050a3ec0a5fac5e07a2938e4609322d 76587b45c7abc378dfd5decfed51063cd2559aa6	2026-10-04T16:10:14Z	2026-10-04T16:10:14Z	true	checkpoint: preserve integration work at 20261004T161009Z
5d94e692caefc4b836aeddc7ad0a303969a978b7	217efa7091cc473fc5cf151f4eccbce6c159913b	2026-10-04T16:28:37Z	2026-10-04T16:28:37Z	true	Prepare canonical source integration checkpoint
232fb61dabd84aac5164fc80261e25c5495a03c5	5d94e692caefc4b836aeddc7ad0a303969a978b7	2026-10-04T17:12:14Z	2026-10-04T17:12:14Z	true	Route graph header actions through the current painted selection
c3f0b326bd07f36a23ad72aa4bd87975bca9e87f	232fb61dabd84aac5164fc80261e25c5495a03c5	2026-10-04T17:13:42Z	2026-10-04T17:13:42Z	true	Keep comparison identity and reading state across navigation and data reflow
4fe72ac3276c7eae075a777168b28fb054386ec2	c3f0b326bd07f36a23ad72aa4bd87975bca9e87f	2026-10-04T17:16:10Z	2026-10-04T17:16:10Z	true	Keep Turso test fixtures aligned with typed projection identities
dd4362a596cbe63cd355ced578a7f6b9c281d502	4fe72ac3276c7eae075a777168b28fb054386ec2	2026-10-04T17:18:18Z	2026-10-04T17:18:18Z	true	Expose package discovery and acquisition through a visible Add entry
82ed873a83c4d8c0755430650ff55325bb8e4995	dd4362a596cbe63cd355ced578a7f6b9c281d502	2026-10-04T17:20:38Z	2026-10-04T17:20:38Z	true	Keep graph reading selection during native camera gestures
b4193816f7e0def4c5b09464abf699c9ecba3d4d	82ed873a83c4d8c0755430650ff55325bb8e4995	2026-10-04T17:21:43Z	2026-10-04T17:21:43Z	true	Renew published package observations in place and fence obsolete cache inserts
624d590311a7cbb9e88047ff27e23dfc847cd4b1	b4193816f7e0def4c5b09464abf699c9ecba3d4d	2026-10-04T17:28:28Z	2026-10-04T17:28:28Z	true	Budget native Shelf chrome around reachable declaration rows
3486303e089e7f46f4769f815d5c99f1647545d1	624d590311a7cbb9e88047ff27e23dfc847cd4b1	2026-10-04T17:42:23Z	2026-10-04T17:42:23Z	true	Bind Code line input to native focus and visit-owned drafts
6cf0836816bcfd865a13ba51acc67e7270803a5b	3486303e089e7f46f4769f815d5c99f1647545d1	2026-10-04T17:47:49Z	2026-10-04T17:47:49Z	true	Import native input focus contract in source reader
9808bca63a239b877d74f4b3ea046fed82f61788	6cf0836816bcfd865a13ba51acc67e7270803a5b	2026-10-04T18:27:41Z	2026-10-04T18:27:41Z	true	Repair Linux-reported backend compile errors and preserve advisory coverage
bfc5eb173574740f3530fb85c48963e9ff8e7fbe	9808bca63a239b877d74f4b3ea046fed82f61788	2026-10-04T18:27:57Z	2026-10-04T18:27:57Z	true	Ignore local direnv and generated prelude artifacts
70c64a28db035da5eff47bd6b58dda66ed2b16a1	bfc5eb173574740f3530fb85c48963e9ff8e7fbe	2026-10-04T18:33:00Z	2026-10-04T18:34:12Z	true	Preserve advisory alias facets in search oracles
bd5bf9601d2be862b7c903486eea77256d2fae15	70c64a28db035da5eff47bd6b58dda66ed2b16a1	2026-10-04T18:37:04Z	2026-10-04T18:40:21Z	true	Reject malformed benchmark advisory lists
7d067db430dfb6c908e526fb4b9e4bca63def630	bd5bf9601d2be862b7c903486eea77256d2fae15	2026-10-04T18:48:38Z	2026-10-04T18:48:38Z	true	Keep painted text-input ownership in GPUI core across native handoffs
04f14d87832cb463e2da081620a5b441b362b35f	7d067db430dfb6c908e526fb4b9e4bca63def630	2026-10-04T18:49:28Z	2026-10-04T18:49:28Z	true	Borrow the current input-owner slot during native callbacks
3936d2c92c12646cc83f684860bc87cac0efa338	04f14d87832cb463e2da081620a5b441b362b35f	2026-10-04T18:49:42Z	2026-10-04T18:53:52Z	true	Document semantic vocabulary warning surfaces
b7b35edff52282328e2eb5e33f9df1c7196c9ccf	3936d2c92c12646cc83f684860bc87cac0efa338	2026-10-04T19:04:14Z	2026-10-04T19:04:14Z	true	Scope compiler lint cleanup to actual platform consumers
aa86a1664ae4ce0ac3da0f55d4f3fc99bf5e4402	b7b35edff52282328e2eb5e33f9df1c7196c9ccf	2026-10-04T18:47:47Z	2026-10-04T19:04:14Z	true	Scope fixture path imports to tests
2193cc35430bb9cb6deb8d38eea37a3b116aa2e5	aa86a1664ae4ce0ac3da0f55d4f3fc99bf5e4402	2026-10-04T18:48:46Z	2026-10-04T19:04:14Z	true	Narrow internal package graph index methods
4488098c56da038f341780feaf6d06f8833b9a57	2193cc35430bb9cb6deb8d38eea37a3b116aa2e5	2026-10-04T18:49:33Z	2026-10-04T19:04:14Z	true	Reuse the unavailable package alias observation
7eea3fc9534f0fd28eaa44a672997850abbd1b89	4488098c56da038f341780feaf6d06f8833b9a57	2026-10-04T19:03:26Z	2026-10-04T19:04:14Z	true	Fence benchmark discovery batches to local progress
4a51da003bdbeae1dbb28b63802be826f65f8f31	7eea3fc9534f0fd28eaa44a672997850abbd1b89	2026-10-04T19:08:50Z	2026-10-04T19:08:50Z	true	Document validated semantic wire contracts and narrow internal planner surfaces
c6dd09e2d15ff8abfeb4a843886f7ed010e80d5c	4a51da003bdbeae1dbb28b63802be826f65f8f31	2026-10-04T19:21:05Z	2026-10-04T19:21:05Z	true	Identify the historical Linux memory validation revision
303abd73c66109cfb3e95e0432e2c01bd2fc747d	c6dd09e2d15ff8abfeb4a843886f7ed010e80d5c	2026-10-04T19:22:47Z	2026-10-04T19:22:47Z	true	Document IR model contracts and recheck computed type coordinates
5a334cf2f7cba863926974eca7a5a75a8f1ce6a4	303abd73c66109cfb3e95e0432e2c01bd2fc747d	2026-10-04T19:23:40Z	2026-10-04T19:23:40Z	true	Document IR wire contracts with precise scope and field boundaries
8d23fc97e6636b8ccc907b2cf918038a023db079	5a334cf2f7cba863926974eca7a5a75a8f1ce6a4	2026-10-04T19:12:53Z	2026-10-04T19:26:25Z	true	Resolve platform and storage lint findings
8ab93367f2a87c4e792a0c2f02cf2718cdd232cd	8d23fc97e6636b8ccc907b2cf918038a023db079	2026-10-04T19:26:25Z	2026-10-04T19:26:25Z	true	Scope client diagnostics cleanup to production and test consumers
1af84d0e82fb030639c9bf9803f8fa632a16d1f5	8ab93367f2a87c4e792a0c2f02cf2718cdd232cd	2026-10-04T19:14:26Z	2026-10-04T19:26:25Z	true	Document semantic index warning surfaces
75470596fe9d6f0206fe62958838af430947af63	1af84d0e82fb030639c9bf9803f8fa632a16d1f5	2026-10-04T19:30:05Z	2026-10-04T19:30:05Z	true	Clarify the image-local scope of typed node proofs
f8f8ab3466cbbc6b4a73fe2da6e97c751226c34e	75470596fe9d6f0206fe62958838af430947af63	2026-10-04T19:16:04Z	2026-10-04T19:30:05Z	true	Document library metadata contracts and clean diagnostics
91c9f1b7b54fba38460319848ab4ee630c5bbf26	f8f8ab3466cbbc6b4a73fe2da6e97c751226c34e	2026-10-04T19:24:25Z	2026-10-04T19:32:30Z	true	docs(frontends): clang warning cleanup
37244ffc32f2783ca26e9706cef4606003555814	91c9f1b7b54fba38460319848ab4ee630c5bbf26	2026-10-04T19:24:25Z	2026-10-04T19:32:30Z	true	docs(frontends): c# image field documentation
16eacb2479b9f79199e7b649891e7604c0d74971	37244ffc32f2783ca26e9706cef4606003555814	2026-10-04T19:24:25Z	2026-10-04T19:32:30Z	true	docs(frontends): go image and oracle warning cleanup
83659741707dac7f38145d3f4eba6217756f971e	16eacb2479b9f79199e7b649891e7604c0d74971	2026-10-04T19:32:30Z	2026-10-04T19:32:30Z	true	Document Java frontend failure and source contracts precisely
a62119a4c31bed6c946779ab58faa7af7067ec2a	83659741707dac7f38145d3f4eba6217756f971e	2026-10-04T19:32:30Z	2026-10-04T19:32:30Z	true	Document Python source facts without implying stronger evidence
ee899f2517dbaed98504dad0cb041e307ffc5653	a62119a4c31bed6c946779ab58faa7af7067ec2a	2026-10-04T19:24:26Z	2026-10-04T19:32:30Z	true	docs(frontends): rust authority warning cleanup
29cf5813fbd4ed386772fd02adb21ff8e9e93f0e	ee899f2517dbaed98504dad0cb041e307ffc5653	2026-10-04T19:24:26Z	2026-10-04T19:32:30Z	true	docs(frontends): typescript type tree documentation
098a5b4eb8bc9269fb76c3261a30ee7285b511bf	29cf5813fbd4ed386772fd02adb21ff8e9e93f0e	2026-10-04T19:43:49Z	2026-10-04T19:43:49Z	true	fix(semantic): retain builder authority and list imports
02da6ca8f7992e2db58ac270c371305b7ecea1ef	098a5b4eb8bc9269fb76c3261a30ee7285b511bf	2026-10-04T19:45:01Z	2026-10-04T19:45:01Z	true	fix(compile): borrow Rust import names before record construction
1ad47c01dcf480278284b81978066b134e501738	02da6ca8f7992e2db58ac270c371305b7ecea1ef	2026-10-04T19:47:13Z	2026-10-04T19:47:13Z	true	test(local-service): retain frame contract failure diagnostics
dc0c14941ba340a8d65cefa2e1af05c3efd70e7d	1ad47c01dcf480278284b81978066b134e501738	2026-10-04T19:53:16Z	2026-10-04T19:53:16Z	true	docs(engine): preserve typed diagnostics while resolving compiler warnings
1ffd4034f9028d8d1446e6e9aa1e1a6b6d5df409	dc0c14941ba340a8d65cefa2e1af05c3efd70e7d	2026-10-04T19:53:55Z	2026-10-04T19:54:34Z	true	fix(facet): preserve native capture error type
66139a6278c2a400a018c6c4033554fe09b1677b	1ffd4034f9028d8d1446e6e9aa1e1a6b6d5df409	2026-10-04T19:54:53Z	2026-10-04T19:54:53Z	true	chore(build): ignore generated root build trees
5dd665554069295bced88ae2ed6a7b5d6a55d626	66139a6278c2a400a018c6c4033554fe09b1677b	2026-10-04T19:39:37Z	2026-10-04T19:58:58Z	true	Clean local-service warning paths
a34228a5de4750c17ced8b5e5a4afadb826deeda	5dd665554069295bced88ae2ed6a7b5d6a55d626	2026-10-04T19:56:33Z	2026-10-04T19:58:58Z	true	Fix local service test contracts and imports
342635e692e99e42c5bfbe97814357030aac64cd	a34228a5de4750c17ced8b5e5a4afadb826deeda	2026-10-04T19:59:23Z	2026-10-04T19:59:23Z	true	fix(local-service): scope semantic fixture reader import to tests
f106e109b6a7930e1d3033d241b106325b98ce0f	342635e692e99e42c5bfbe97814357030aac64cd	2026-10-04T20:05:47Z	2026-10-04T20:05:47Z	true	fix(engine): import receipt identity width from its owning module
61148c95f5cd51663762fbecb64f5a4de485f81c	f106e109b6a7930e1d3033d241b106325b98ce0f	2026-10-04T20:10:58Z	2026-10-04T20:11:51Z	true	fix(desktop): use existing add and cancellation APIs
9c9bbcd5d05e5a286370c4926f69ee945e28bfc5	61148c95f5cd51663762fbecb64f5a4de485f81c	2026-10-04T20:13:10Z	2026-10-04T20:14:24Z	true	test(client): fix observed renewal test fixtures
9a250b9f0057fa0ed995d4bfbca5584c45e7ded3	9c9bbcd5d05e5a286370c4926f69ee945e28bfc5	2026-10-04T20:13:08Z	2026-10-04T20:14:42Z	true	Carry effective policy into cold locald
7612f8d8e6709e5449473badcd80616c52eb43f1	9a250b9f0057fa0ed995d4bfbca5584c45e7ded3	2026-10-04T20:17:01Z	2026-10-04T20:19:51Z	true	Keep desktop preferences restrictive
a55310cf013d8fe3132cfafc17f1ebf4c4345385	7612f8d8e6709e5449473badcd80616c52eb43f1	2026-10-04T20:16:04Z	2026-10-04T20:19:51Z	true	chore: clean compiler and transport warnings
a53689060c952592f9a51bb9f006c0501d7429a7	a55310cf013d8fe3132cfafc17f1ebf4c4345385	2026-10-04T20:17:12Z	2026-10-04T20:19:51Z	true	docs(library): clarify package and history boundaries
ad482a7ae7805ed120924fa0f1459850c950760a	a53689060c952592f9a51bb9f006c0501d7429a7	2026-10-04T20:17:12Z	2026-10-04T20:19:51Z	true	docs(store): document journal error cases
2382d55258683c69e55c3f3d039e5f26501b90fe	ad482a7ae7805ed120924fa0f1459850c950760a	2026-10-04T20:17:12Z	2026-10-04T20:19:51Z	true	docs(frontends): clarify package and archive errors
418d3867eaa001e3330a09518cf6a9594362a8b2	2382d55258683c69e55c3f3d039e5f26501b90fe	2026-10-04T20:25:00Z	2026-10-04T20:26:42Z	true	fix(replication): remove panic from residency insertion
77589d23cd89831fa7602043524ded3be2a023e8	418d3867eaa001e3330a09518cf6a9594362a8b2	2026-10-04T20:25:07Z	2026-10-04T20:26:42Z	true	fix(harness): assert mounted reader scrolling in J11
fe791fb7264d6517c9df0da47bc4024dd41edde5	77589d23cd89831fa7602043524ded3be2a023e8	2026-10-04T20:39:41Z	2026-10-04T20:39:41Z	true	Repair real storage and Python reopen test consumers
b079b966c48b3953950da986068f7ceac9573b4c	fe791fb7264d6517c9df0da47bc4024dd41edde5	2026-10-04T20:39:02Z	2026-10-04T20:39:52Z	true	test(semantic): repair full image preflight assertions
2d1109e7803766e5fe24c9a50e1c77f046a20e07	b079b966c48b3953950da986068f7ceac9573b4c	2026-10-04T20:28:41Z	2026-10-04T20:39:52Z	true	chore(semantic): resolve IR warning sites
18999231fe44c34c5a4d9aacc52f293227f25a75	2d1109e7803766e5fe24c9a50e1c77f046a20e07	2026-10-04T20:40:33Z	2026-10-04T20:41:18Z	true	fix(gui): restore test fixture API bindings
c1f29f36939df0c21b624749ac55ef7b9d0d8e9a	18999231fe44c34c5a4d9aacc52f293227f25a75	2026-10-04T20:36:43Z	2026-10-04T20:41:18Z	true	Fix local-service warning boundaries
d0c546dabc0db415088945fb2d20e60245b9eef2	c1f29f36939df0c21b624749ac55ef7b9d0d8e9a	2026-10-04T20:34:55Z	2026-10-04T20:41:54Z	true	chore(engine): trim dormant private warning leaves
a85fabbce9907adfbef26cb8dc98d3c73add5ade	d0c546dabc0db415088945fb2d20e60245b9eef2	2026-10-04T20:43:27Z	2026-10-04T20:44:23Z	true	fix benchmark consumers for updated APIs
0388cbc8162207ded0687fb940ada1ac02dc1814	a85fabbce9907adfbef26cb8dc98d3c73add5ade	2026-10-04T20:43:23Z	2026-10-04T20:48:09Z	true	fix(replication): narrow warning boundaries
6008c16661c5523c982f48638ea3eeae7d0435f5	0388cbc8162207ded0687fb940ada1ac02dc1814	2026-10-04T20:47:14Z	2026-10-04T20:48:09Z	true	fix(replication): close scratch before unlink
be746bcd4ccf4b530386bfd899a2313f467da6f1	6008c16661c5523c982f48638ea3eeae7d0435f5	2026-10-04T20:45:09Z	2026-10-04T20:48:09Z	true	keep catalog occupancy out of throughput metrics
489d793044926ab44f3d6f2752432eabb1c32cac	be746bcd4ccf4b530386bfd899a2313f467da6f1	2026-10-04T20:49:43Z	2026-10-04T20:49:43Z	true	Retain the lane queue accessor used by concurrency tests
dda026df9fdec9c134990619e9140e105cfb966a	489d793044926ab44f3d6f2752432eabb1c32cac	2026-10-04T20:50:34Z	2026-10-04T20:52:23Z	true	fix(desktop): use owned test read and wheel deliveries
effcd8ae7d9100e7d37b69592b1163ace145f95f	dda026df9fdec9c134990619e9140e105cfb966a	2026-10-04T20:51:06Z	2026-10-04T20:52:23Z	true	chore(qdrant): remove unused residence wrapper
fb526fe5423256e023227b01bb8531e56e170c9d	effcd8ae7d9100e7d37b69592b1163ace145f95f	2026-10-04T20:55:46Z	2026-10-04T20:55:46Z	true	Preserve history facade scope and admitted cache work values
10ea26aadecb3ccbc53ab1a50476cb6b7a939357	fb526fe5423256e023227b01bb8531e56e170c9d	2026-10-04T21:11:39Z	2026-10-04T21:24:59Z	true	test(store): propagate artifact oracle errors
67d3257b378d09b6634c188a4a8a5be94c3e8a7e	10ea26aadecb3ccbc53ab1a50476cb6b7a939357	2026-10-04T21:16:14Z	2026-10-04T21:39:24Z	true	test(semantic): propagate invariant failures in oracles
f8f3565696ecbba175bf4f08bc308063d533013a	67d3257b378d09b6634c188a4a8a5be94c3e8a7e	2026-10-04T21:15:56Z	2026-10-04T21:39:24Z	true	Remove denied local-service test unwraps
5c8a5a2ff7988e64e1b88f53aa07d5b844218290	f8f3565696ecbba175bf4f08bc308063d533013a	2026-10-04T21:18:16Z	2026-10-04T21:39:24Z	true	Fix denied Clippy patterns in engine tests
eafe49cf28528cb9488bfffed744438a411c0753	5c8a5a2ff7988e64e1b88f53aa07d5b844218290	2026-10-04T21:17:26Z	2026-10-04T21:39:24Z	true	test(go): propagate protocol fixture failures
62ec9c884bb42f59e5113a78d26f0eb6de860543	eafe49cf28528cb9488bfffed744438a411c0753	2026-10-04T21:20:18Z	2026-10-04T21:39:24Z	true	Remove Clang test unwraps
a532c4ec70398f2b82e3d84cd676e62f86247ade	62ec9c884bb42f59e5113a78d26f0eb6de860543	2026-10-04T21:26:18Z	2026-10-04T21:39:24Z	true	Make Java frontend tests propagate failures
f2d09127da856224db6d5b88d712228045a5e76c	a532c4ec70398f2b82e3d84cd676e62f86247ade	2026-10-04T21:20:27Z	2026-10-04T21:39:24Z	true	Remove denied replication and transport test unwraps
63f43e98694a4aca667335fb47993aefcdb82fd8	f2d09127da856224db6d5b88d712228045a5e76c	2026-10-04T21:17:14Z	2026-10-04T21:39:24Z	true	Move final GPUI owner handles without redundant clones
f5313637c8734ae1e3b7fc370ee60d7a5fd09392	63f43e98694a4aca667335fb47993aefcdb82fd8	2026-10-04T21:39:35Z	2026-10-04T21:39:35Z	true	test(library): preserve exact admission assertions without unwraps
4083305b2cf6fbbeaa319ba8620e8fc8f1f25767	f5313637c8734ae1e3b7fc370ee60d7a5fd09392	2026-10-04T21:42:39Z	2026-10-04T21:42:39Z	true	fix(locald): preserve closed compiler authority across GUI and MCP
259e9b1c122236149430a013e35b83d30d3e073d	4083305b2cf6fbbeaa319ba8620e8fc8f1f25767	2026-10-04T21:43:05Z	2026-10-04T21:43:05Z	true	build(macos): verify relocatable investor bundle inputs and loader closure
7c24a1bbe279967be819d9d22d366619a6c200fb	259e9b1c122236149430a013e35b83d30d3e073d	2026-10-04T21:55:45Z	2026-10-04T21:55:45Z	true	test(engine): propagate TypeScript fixture errors with owned diagnostics
d2484140bb16c6ca1c7140cab73f237aa8d956ac	7c24a1bbe279967be819d9d22d366619a6c200fb	2026-10-04T21:57:55Z	2026-10-04T21:57:55Z	true	build: exclude packaging scripts from Rust workspace members
edf82227f452225a251f3d66e648a8baab726163	d2484140bb16c6ca1c7140cab73f237aa8d956ac	2026-10-04T22:01:11Z	2026-10-04T22:01:11Z	true	test(desktop): bound environment closure captures to owned values
c1b3e471b11920ed9979aa0e27d7257de1627a01	edf82227f452225a251f3d66e648a8baab726163	2026-10-04T22:02:51Z	2026-10-04T22:02:51Z	true	test(engine): render owned Java display adapters by value
870f0a460015be266bfd0fac62e1497eaa8943f9	c1b3e471b11920ed9979aa0e27d7257de1627a01	2026-10-04T22:05:39Z	2026-10-04T22:07:05Z	true	Use serving owner capability for indexed graph reads
af309ef043da44bf5648facb47c80914b79cf2ab	870f0a460015be266bfd0fac62e1497eaa8943f9	2026-10-04T22:34:50Z	2026-10-04T22:37:07Z	true	Use foreground test executor and release journey sessions
c2f58af63159be5219c7a4b2c5f00ad23aa0d7c1	af309ef043da44bf5648facb47c80914b79cf2ab	2026-10-04T22:37:14Z	2026-10-04T22:38:39Z	true	Make semantic JSON fixture edits fallible
d172e9344a3b8caba0eeaa78e5dc4b54e1e2ebb4	c2f58af63159be5219c7a4b2c5f00ad23aa0d7c1	2026-10-04T22:38:39Z	2026-10-04T22:38:39Z	true	Own TypeScript fixture buffers and preserve fragment compiler oracles
8fb9fc5daa51084d641b05b3730ea97cad23f589	d172e9344a3b8caba0eeaa78e5dc4b54e1e2ebb4	2026-10-04T22:43:03Z	2026-10-04T22:47:44Z	true	Stream direct Cargo output with receipts
0926eaf882189e51b17fcf3d76b7113df3ffaf56	8fb9fc5daa51084d641b05b3730ea97cad23f589	2026-10-04T22:46:04Z	2026-10-04T22:49:46Z	true	Preserve Facet fixture failures with fallible assertions
ed5ec8b79c4e24927cdb944ccfa4883a37a3011f	0926eaf882189e51b17fcf3d76b7113df3ffaf56	2026-10-04T23:01:21Z	2026-10-04T23:02:01Z	true	Import public compile in TypeScript fixture
256d89efaca03089ba9aae907c1d984fffe7c9df	ed5ec8b79c4e24927cdb944ccfa4883a37a3011f	2026-10-04T23:09:02Z	2026-10-04T23:09:53Z	true	test(desktop): preserve fallible page and navigation fixtures
65456b1959138268e4a35b04087a02571de0cf70	256d89efaca03089ba9aae907c1d984fffe7c9df	2026-10-04T23:14:07Z	2026-10-04T23:15:23Z	true	Preserve desktop shell test failures without unwraps
db6c6a6599f12a3a2b12a84301226d6c71b907e8	65456b1959138268e4a35b04087a02571de0cf70	2026-10-04T23:20:18Z	2026-10-04T23:20:18Z	true	State discovery journal replay retention explicitly
150c706488370c5753199355a1ff4dfaf16a4e8b	fb526fe5423256e023227b01bb8531e56e170c9d	2026-10-04T17:25:30-04:00	2026-10-04T17:25:30-04:00	false	ci: Backend CI lanes and their Nix plumbing, CI files only
8b932a4d2c8cb2bdca42055b8debe51b6b6bc447	fb526fe5423256e023227b01bb8531e56e170c9d 150c706488370c5753199355a1ff4dfaf16a4e8b	2026-10-04T18:15:57-04:00	2026-10-04T18:15:57-04:00	false	Merge pull request 'ci: Backend CI lanes and their Nix plumbing (CI files only)' (#11) from ci/lanes into canonical
952fcc2f9b2bddbe9403be5e5457747ec553cf0f	8b932a4d2c8cb2bdca42055b8debe51b6b6bc447	2026-10-04T18:27:53-04:00	2026-10-04T18:27:53-04:00	false	fix: the two compile errors the CI lanes found on canonical
b5a3e5b405767b82435ca7a839d4258bcc253a2f	952fcc2f9b2bddbe9403be5e5457747ec553cf0f	2026-10-04T18:41:23-04:00	2026-10-04T18:41:23-04:00	false	ci(emulated): exclude the four Wine-only protected-DACL failures
c6d9709e55617af5dd1cc083f41a71f2b8354206	8b932a4d2c8cb2bdca42055b8debe51b6b6bc447 b5a3e5b405767b82435ca7a839d4258bcc253a2f	2026-10-04T19:11:28-04:00	2026-10-04T19:11:28-04:00	false	Merge pull request 'fix: the two compile errors the CI lanes found on canonical' (#12) from fix/platform-compile into canonical
956bdf8308648baca42861c79c8c234562c76f47	db6c6a6599f12a3a2b12a84301226d6c71b907e8 c6d9709e55617af5dd1cc083f41a71f2b8354206	2026-10-04T23:28:07Z	2026-10-04T23:28:07Z	true	Merge canonical CI and platform compilation fixes
1e428b9455e598ea0390b91c1b43ee0f9d051b2a	956bdf8308648baca42861c79c8c234562c76f47	2026-10-04T23:31:22Z	2026-10-04T23:31:22Z	true	Record Linux repair checks and interrupted memory validation
9602849870d461aa088131d998f732ad3e61f090	1e428b9455e598ea0390b91c1b43ee0f9d051b2a	2026-10-04T23:51:29Z	2026-10-04T23:55:21Z	true	Fail emulated lanes on empty nextest selections
48379016d1f205cdf4bf837b60c5006d9915bb1f	9602849870d461aa088131d998f732ad3e61f090	2026-10-05T00:35:52Z	2026-10-05T00:35:52Z	true	Record successful Linux desktop build and remaining ingest gates
c6a701a563abb2d6e29307ec3a79ce5e46320dcb	9602849870d461aa088131d998f732ad3e61f090	2026-10-04T20:30:08-04:00	2026-10-04T20:30:08-04:00	false	ci: format 960284987's lane edits and let tests.nu import ../ci
1c2b37ef09607985b0b5e6ed763db8f9eab2b770	9602849870d461aa088131d998f732ad3e61f090 c6a701a563abb2d6e29307ec3a79ce5e46320dcb	2026-10-04T20:39:54-04:00	2026-10-04T20:39:54-04:00	false	Merge pull request 'ci: format the emulated-lane edits and let tests.nu import ../ci' (#13) from fix/ci-tests-module into canonical
afade99fa7168b74fdbee7226a3425a5a150aee1	48379016d1f205cdf4bf837b60c5006d9915bb1f 1c2b37ef09607985b0b5e6ed763db8f9eab2b770	2026-10-05T00:45:02Z	2026-10-05T00:45:02Z	true	Integrate canonical CI module packaging fix
573e13ceecfc013f38141359c84854eda4279df3	afade99fa7168b74fdbee7226a3425a5a150aee1	2026-10-05T01:11:27Z	2026-10-05T01:11:27Z	true	Make local folder indexing discoverable in shared command help
aefc9186b631c0fdeb7bddbffcd81735f5b9304d	573e13ceecfc013f38141359c84854eda4279df3	2026-10-05T01:04:40Z	2026-10-05T01:29:02Z	true	Keep saved index claims across same-owner publication recovery
dd1490bf1b56f6fb0671ae74407b518b358e8913	aefc9186b631c0fdeb7bddbffcd81735f5b9304d	2026-10-05T01:14:54Z	2026-10-05T01:29:02Z	true	Refuse unbound index sends and prove queued cancellation recovery
71a381b660a6e8515bac70798f59143f334293d6	dd1490bf1b56f6fb0671ae74407b518b358e8913	2026-10-05T01:22:10Z	2026-10-05T01:29:02Z	true	Remove an unused mutable actor fixture binding
e0b0f17dc55f957c1b18541b9600e48d5d62c874	71a381b660a6e8515bac70798f59143f334293d6	2026-10-05T01:23:11Z	2026-10-05T01:29:02Z	true	Exercise late startup indexing and retry against the real owner
9f7358b014a05eb3bab483d5d23ca9a8d3d9a061	e0b0f17dc55f957c1b18541b9600e48d5d62c874	2026-10-05T01:26:55Z	2026-10-05T01:29:02Z	true	Assert complete startup operation receipts and native cold identity
8af41c67dcc182f79843e495f4379410904658ec	9f7358b014a05eb3bab483d5d23ca9a8d3d9a061	2026-10-05T01:35:58Z	2026-10-05T01:36:40Z	true	Move bounded source buffer into UTF-8 owner
fadf66bd2480fb9b1c25bd662a2bc9cfd4f0fe20	8af41c67dcc182f79843e495f4379410904658ec	2026-10-05T01:20:58Z	2026-10-05T01:52:13Z	true	Page large project source memberships
54e528eff259e5b8f5be871b20a4a900090e4e8c	fadf66bd2480fb9b1c25bd662a2bc9cfd4f0fe20	2026-10-05T01:24:47Z	2026-10-05T01:52:13Z	true	Format project membership paging changes
9b6af13481d8b855f4eccd09a6e11fba52056640	54e528eff259e5b8f5be871b20a4a900090e4e8c	2026-10-05T01:39:28Z	2026-10-05T01:52:13Z	true	Repair deferred project membership paging
00c6645ba0b70123278b96008e246d2288a8fa83	9b6af13481d8b855f4eccd09a6e11fba52056640	2026-10-05T02:07:57Z	2026-10-05T02:07:57Z	true	Record local indexing repair checkpoint and remaining runtime gates
2bdf0b6cbb6dd19d01572230d4d7dc8913f8cbad	00c6645ba0b70123278b96008e246d2288a8fa83	2026-10-05T01:46:54Z	2026-10-05T02:08:51Z	true	Expose typed compiler profile in product DTOs
fbfe2a9817d3583c7a32fa117303a01406a7a936	2bdf0b6cbb6dd19d01572230d4d7dc8913f8cbad	2026-10-05T02:06:45Z	2026-10-05T02:08:51Z	true	Preserve durable index operation receipts in product DTOs
34be4b91a64f7fd990d2d4a4957985217a78cc0e	fbfe2a9817d3583c7a32fa117303a01406a7a936	2026-10-05T01:54:14Z	2026-10-05T02:08:51Z	true	test: cover durable paged source membership
0413aac009264fcb8f45f71cdf5898a17fca4ef2	34be4b91a64f7fd990d2d4a4957985217a78cc0e	2026-10-05T02:05:43Z	2026-10-05T02:08:51Z	true	test: strengthen paged membership owner oracles
c0aaed5232cf4e52921a5ba4ce6b160f4a22d3fe	0413aac009264fcb8f45f71cdf5898a17fca4ef2	2026-10-05T02:17:41Z	2026-10-05T02:23:57Z	true	Move compiler sources into owned package requests
f84b6240be3d35bbd1dd5774be1933a6db537169	c0aaed5232cf4e52921a5ba4ce6b160f4a22d3fe	2026-10-05T02:28:01Z	2026-10-05T02:36:40Z	true	fix: keep membership cut bounds internal
d64ca062d5dfd7fa739fd564a8449bfd7c4ec6de	f84b6240be3d35bbd1dd5774be1933a6db537169	2026-10-05T02:14:43Z	2026-10-05T02:41:54Z	true	Add auditable macOS Mach-O relocation inputs
d8ec9f1368e08f95c9ce31209b092f02b69ea5f5	d64ca062d5dfd7fa739fd564a8449bfd7c4ec6de	2026-10-05T02:26:44Z	2026-10-05T02:41:54Z	true	Fix relocation collector runpath context
8f657e854475aef1e030534e47b1faca5abdf1dc	d8ec9f1368e08f95c9ce31209b092f02b69ea5f5	2026-10-05T02:41:12Z	2026-10-05T02:41:54Z	true	Document relocation prerequisites and runtime input
3ef844d7eb2945fe7d63204c000266c323212a72	8f657e854475aef1e030534e47b1faca5abdf1dc	2026-10-05T02:46:45Z	2026-10-05T02:46:45Z	true	Permit real thread wakeups in durable GUI I/O oracles
bfeef9bd1e9aa643958f7c0e30939902a199283f	3ef844d7eb2945fe7d63204c000266c323212a72	2026-10-05T02:50:27Z	2026-10-05T02:58:44Z	true	Repair index lifecycle fixtures and real status polling
e20a3e4b78e0867cf495c2c36ff23ca46322d6b8	bfeef9bd1e9aa643958f7c0e30939902a199283f	2026-10-05T02:51:51Z	2026-10-05T02:58:44Z	true	test(desktop): select exact package from captured Cargo metadata
07ecea204eb48972d039e1d559d0657912ab16e3	e20a3e4b78e0867cf495c2c36ff23ca46322d6b8	2026-10-05T02:52:02Z	2026-10-05T02:59:40Z	true	Fence deferred index against changed source rows
e2605459a0d2a3d20fa8ecc42febfd09f4f50558	07ecea204eb48972d039e1d559d0657912ab16e3	2026-10-05T02:58:56Z	2026-10-05T02:59:40Z	true	Reuse deferred source row encoding buffer
b9a52eae796fea08945374a2cdcf7e2750cd37f5	e2605459a0d2a3d20fa8ecc42febfd09f4f50558	2026-10-05T02:43:22Z	2026-10-05T03:01:28Z	true	Add real workspace indexing acceptance lane
67741b58f86d9f7435076534e8b64ce4894cb916	b9a52eae796fea08945374a2cdcf7e2750cd37f5	2026-10-05T02:44:31Z	2026-10-05T03:01:28Z	true	Refuse acceptance output inside source checkout
7293ca7b77b6e654390aa77636c9d654a60ae1db	67741b58f86d9f7435076534e8b64ce4894cb916	2026-10-05T03:09:34Z	2026-10-05T03:09:34Z	true	Explain DTO build mismatches at the shared wire boundary
a9f9d130150628d754b117dc0e17db51e39001d0	7293ca7b77b6e654390aa77636c9d654a60ae1db	2026-10-05T03:14:03Z	2026-10-05T03:14:03Z	true	Prove large membership exceeds the exact inline row capacity
3d9f867958b2c07a5a74979751fba5003d3a7cd2	a9f9d130150628d754b117dc0e17db51e39001d0	2026-10-05T03:12:43Z	2026-10-05T03:14:03Z	true	Consume admitted read tokens in scheduler tests
b1bb7b55316fdf5532857ec80478d01a4b378476	3d9f867958b2c07a5a74979751fba5003d3a7cd2	2026-10-05T03:16:32Z	2026-10-05T03:16:32Z	true	Admit onboarding failure fixture through checked product text
db8bc805ef23f5d929643ad7558ca00a85f1c238	b1bb7b55316fdf5532857ec80478d01a4b378476	2026-10-05T03:13:49Z	2026-10-05T03:16:32Z	true	fix(locald): certify retired source layouts before upgrade quarantine
719a6a816763bfced822d955b0e914cdaa5d1fd9	db8bc805ef23f5d929643ad7558ca00a85f1c238	2026-10-05T03:26:18Z	2026-10-05T03:38:24Z	true	Expose validated selected project membership frontier
0d7b38ce194b35d0ba827d5e0fc578ccb3645c05	719a6a816763bfced822d955b0e914cdaa5d1fd9	2026-10-05T03:29:57Z	2026-10-05T03:38:24Z	true	Validate sorted tree keys before allocating results
24d7380ef9695132ca81459e5ed19f5d55d5a244	0d7b38ce194b35d0ba827d5e0fc578ccb3645c05	2026-10-05T03:33:37Z	2026-10-05T03:38:24Z	true	Share selected project membership count limit
3cfc2e5e89f44740de04c3d4ad4e5f5c59f6acd8	24d7380ef9695132ca81459e5ed19f5d55d5a244	2026-10-05T03:35:07Z	2026-10-05T03:38:24Z	true	Admit semantic selections per exact target
a4bb6236a39e2318d34211e754aaef9e14895c8c	3cfc2e5e89f44740de04c3d4ad4e5f5c59f6acd8	2026-10-05T03:43:04Z	2026-10-05T03:43:04Z	true	Record executed local-index regressions and remaining acceptance gates
e8360a95ae385eb62c73fe3ed26105763e8a597e	a4bb6236a39e2318d34211e754aaef9e14895c8c	2026-10-05T03:42:21Z	2026-10-05T03:43:18Z	true	Narrow engine test helper visibility
96c1080c82ef56be75b9407b382c4224cac276be	e8360a95ae385eb62c73fe3ed26105763e8a597e	2026-10-05T03:44:12Z	2026-10-05T03:45:16Z	true	fix(csharp): exclude attribute names from method groups
5145bc714159bc271e2f4de2fc67816b4e8094d8	96c1080c82ef56be75b9407b382c4224cac276be	2026-10-05T03:45:18Z	2026-10-05T03:46:18Z	true	Clean corpus observation qualifications
f0b3475c53ee1245a89cda91e735a01ecfd7bb7f	5145bc714159bc271e2f4de2fc67816b4e8094d8	2026-10-05T03:49:09Z	2026-10-05T03:50:32Z	true	test(desktop): use complete observed Cargo source fixtures
983efe832f916fbe25f9a313f4444b59be287384	f0b3475c53ee1245a89cda91e735a01ecfd7bb7f	2026-10-05T03:51:26Z	2026-10-05T03:51:26Z	true	Version strict selected-frontier transport replies
cc9b95e5b844275a001ee9c6a478c17df431a9c3	983efe832f916fbe25f9a313f4444b59be287384	2026-10-05T03:53:00Z	2026-10-05T03:54:29Z	true	test(present): preserve observed Cargo features without fabrication
63b8107d0d01a54e7fe3cd68787d26f185513663	cc9b95e5b844275a001ee9c6a478c17df431a9c3	2026-10-05T03:56:38Z	2026-10-05T03:57:39Z	true	test(desktop): localize Cargo capture paths for native admission
8a533dd53bc479649cc15534f2b16fd75bb18686	63b8107d0d01a54e7fe3cd68787d26f185513663	2026-10-05T04:02:14Z	2026-10-05T04:02:14Z	true	Check semantic reply tests against their command identity
71c6acc64619db5c87ba24b4c4259b6b91a99507	8a533dd53bc479649cc15534f2b16fd75bb18686	2026-10-05T04:02:03Z	2026-10-05T04:03:45Z	true	test(csharp): refresh fidelity authority image from corrected run2
cd1e4a189ec1fd2a4504e3ee85de2f72c739124c	71c6acc64619db5c87ba24b4c4259b6b91a99507	2026-10-05T04:19:11Z	2026-10-05T04:19:11Z	true	Keep borrowed source frontier available to reply fixtures
cbc4b80ebad18a912778ff4e3da4166c5f673af6	cd1e4a189ec1fd2a4504e3ee85de2f72c739124c	2026-10-05T04:21:46Z	2026-10-05T04:21:46Z	true	Record current failed checks and passing Roslyn source gate
f255dc53175b86e0697954d1bb015a1cd00621ed	cbc4b80ebad18a912778ff4e3da4166c5f673af6	2026-10-05T04:21:27Z	2026-10-05T04:22:06Z	true	test: derive large workspace candidate floor
bbe06ad571859128fa74182b47e2fb3b664c47a6	f255dc53175b86e0697954d1bb015a1cd00621ed	2026-10-05T04:29:45Z	2026-10-05T04:29:45Z	true	Retain full-check and capacity-interruption evidence
6714372b678b4d96892c11937866fc89ce0ab299	bbe06ad571859128fa74182b47e2fb3b664c47a6	2026-10-05T04:32:30Z	2026-10-05T04:34:23Z	true	test: align TypeScript toolchain admission
ffea48a90d379b4882e96457e24f43b4c50fb8b5	6714372b678b4d96892c11937866fc89ce0ab299	2026-10-05T13:32:17Z	2026-10-05T13:36:25Z	true	Fix desktop graph lifetime and use production component root in GUI fixtures
a5e0204b3790fc6a81a26d3b293f0b1ea64ea364	ffea48a90d379b4882e96457e24f43b4c50fb8b5	2026-10-05T13:33:05Z	2026-10-05T13:36:25Z	true	Preserve final root drain before quit page snapshot save
269826cb577cc7f081ffa856b5e9d1b72973255f	a5e0204b3790fc6a81a26d3b293f0b1ea64ea364	2026-10-05T13:34:51Z	2026-10-05T13:36:25Z	true	fix(desktop): keep exact declaration modes available while graph waits
6ebd6c1a65bedb3cf2059739536dc733a607c1a1	269826cb577cc7f081ffa856b5e9d1b72973255f	2026-10-05T13:40:06Z	2026-10-05T13:41:53Z	true	fix(engine): expose staged semantic transport cause
882b0a1c825fea4603c3b0af00146c8f99a68698	6ebd6c1a65bedb3cf2059739536dc733a607c1a1	2026-10-05T13:41:53Z	2026-10-05T13:41:53Z	true	Record broad desktop failures and separate source repairs from acceptance
7acee6ffb9b3974e9ef56cc1af58cf671dafb7c6	882b0a1c825fea4603c3b0af00146c8f99a68698	2026-10-05T13:54:14Z	2026-10-05T13:54:38Z	true	Specify store release callback type and import lifecycle app context
482127ff173091add469fac308ad556580b86124	7acee6ffb9b3974e9ef56cc1af58cf671dafb7c6	2026-10-05T16:28:40Z	2026-10-05T16:28:40Z	false	Record actual GUI failures and semantic reopen blocker
10d682bf49967aa6ccb7a165c453629bac5ecbe7	00c6645ba0b70123278b96008e246d2288a8fa83	2026-10-05T00:20:11-04:00	2026-10-05T00:20:11-04:00	false	ci: give tests the /bin and /usr/bin tools they expect; reclaim lane output
b0f7aeb468be1e0feecb65db6480ade1b9540df4	10d682bf49967aa6ccb7a165c453629bac5ecbe7 6714372b678b4d96892c11937866fc89ce0ab299	2026-10-05T00:57:42-04:00	2026-10-05T00:57:42-04:00	false	Merge branch 'canonical' into ci/fhs-tools-and-reclaim
5eace3e9690e1992548650bca7bbf2010d059da9	6714372b678b4d96892c11937866fc89ce0ab299 b0f7aeb468be1e0feecb65db6480ade1b9540df4	2026-10-05T00:58:02-04:00	2026-10-05T00:58:02-04:00	false	Merge pull request 'ci: give tests the /bin and /usr/bin tools they expect; reclaim lane output' (#14) from ci/fhs-tools-and-reclaim into canonical
53888897b4ff6330b83a2ef2bc40205aa0220b02	5eace3e9690e1992548650bca7bbf2010d059da9	2026-10-05T10:51:51-04:00	2026-10-05T10:51:51-04:00	false	TypeScript is now indexable
8ac396b9b7261cd40be4cae5b0e0ad0ab1f33ca5	5eace3e9690e1992548650bca7bbf2010d059da9	2026-10-05T00:24:55-04:00	2026-10-05T01:06:49-04:00	false	ci: persistent build cache support for the Linux lane (inert until scheduled)
17309c0fcd4f5a75edd5ce3560a1e1375fdd2764	8ac396b9b7261cd40be4cae5b0e0ad0ab1f33ca5	2026-10-05T01:07:10-04:00	2026-10-05T01:07:10-04:00	false	ci: follow render_snapshot_corpus to backend-compatibility-tests
aa182d211fd2c01dea0017d8be82efffa82ff2c8	5eace3e9690e1992548650bca7bbf2010d059da9 17309c0fcd4f5a75edd5ce3560a1e1375fdd2764	2026-10-05T10:42:51-04:00	2026-10-05T10:42:51-04:00	false	Merge pull request 'ci: unblock the Linux lane filter; build cache support (inert until MC #43)' (#15) from ci/build-cache into canonical
e613a57f8bfe19e8c19853512a9299dfb43d9b8f	53888897b4ff6330b83a2ef2bc40205aa0220b02 aa182d211fd2c01dea0017d8be82efffa82ff2c8	2026-10-05T11:01:11-04:00	2026-10-05T11:01:11-04:00	false	Merge branch 'canonical' into fix/mikita-fixes
d6c2b44e736b1dd6933a1a0d74c4fc6e1c3e22bb	aa182d211fd2c01dea0017d8be82efffa82ff2c8 e613a57f8bfe19e8c19853512a9299dfb43d9b8f	2026-10-05T11:01:22-04:00	2026-10-05T11:01:22-04:00	false	Merge pull request 'TypeScript is now indexable' (#16) from fix/mikita-fixes into canonical
e16a2787ba573be28fdb0e801d7e23fe02d60cb6	d6c2b44e736b1dd6933a1a0d74c4fc6e1c3e22bb	2026-10-05T11:48:18-04:00	2026-10-05T11:48:18-04:00	false	ci: build the Linux lane's tests without debug info; report its disk use
25c968fb56a076e3bcd5a0d219e9164295d95ae5	d6c2b44e736b1dd6933a1a0d74c4fc6e1c3e22bb e16a2787ba573be28fdb0e801d7e23fe02d60cb6	2026-10-05T12:23:11-04:00	2026-10-05T12:23:11-04:00	false	Merge pull request 'ci: Linux lane tests without debug info; report its disk use' (#17) from ci/linux-lean-debuginfo into canonical
3e14c7563918706bdfdc96e5e397884a1fa5ea69	482127ff173091add469fac308ad556580b86124 25c968fb56a076e3bcd5a0d219e9164295d95ae5	2026-10-05T16:30:43Z	2026-10-05T16:30:43Z	false	Merge remote-tracking branch 'origin/canonical' into codex/package-publication-refresh-20261004
362be982f6695cde5f69de6357b8a174165ddfa0	3e14c7563918706bdfdc96e5e397884a1fa5ea69	2026-10-05T16:28:46Z	2026-10-05T16:30:56Z	false	test(desktop): deliver complete native keyboard gestures
278f4b4b5ed265fb7afdbeb610086db3c1dae3e2	362be982f6695cde5f69de6357b8a174165ddfa0	2026-10-05T16:28:46Z	2026-10-05T16:30:56Z	false	fix(desktop): retire focus claims before bound keyboard actions
c748f91e2a7b8246856ef13dfb60b9f961e79b59	278f4b4b5ed265fb7afdbeb610086db3c1dae3e2	2026-10-05T16:28:46Z	2026-10-05T16:30:56Z	false	fix(desktop): resolve graph header from its captured selection
955e869ba1435d116ea8dd1ea111f8c1f51a6cc4	c748f91e2a7b8246856ef13dfb60b9f961e79b59	2026-10-05T16:29:47Z	2026-10-05T16:31:19Z	false	fix(desktop): retain native popup focus above settings
96f7f9967a80f8f76f92f465f72295ad049464b0	955e869ba1435d116ea8dd1ea111f8c1f51a6cc4	2026-10-05T04:32:01Z	2026-10-05T16:35:08Z	false	Recognize standalone C# launch boundaries
0bb81d8b272e249941205618fc50969e726c9402	96f7f9967a80f8f76f92f465f72295ad049464b0	2026-10-05T16:31:22Z	2026-10-05T16:35:08Z	false	Reuse admitted object descriptor during relation checks
c8e15d49ff323a6ebd207dcfcf54dea1026047b7	7acee6ffb9b3974e9ef56cc1af58cf671dafb7c6	2026-10-05T14:22:01Z	2026-10-05T14:24:45Z	true	Bind browse presentation fixture requests
9beaf29b431cc4bff846e52ed58385bf59813f8f	c8e15d49ff323a6ebd207dcfcf54dea1026047b7	2026-10-05T14:19:50Z	2026-10-05T14:24:46Z	true	Witness Cargo metadata package rows without admitting inactive inputs
4bc29c6009de0c15ab5897c9bcd23275af553e5c	9beaf29b431cc4bff846e52ed58385bf59813f8f	2026-10-05T14:23:26Z	2026-10-05T14:24:46Z	true	Assert typed Cargo input refusal diagnostics
42abda9bd48f6f2d8900ce9ef7449f224d8f1243	4bc29c6009de0c15ab5897c9bcd23275af553e5c	2026-10-05T16:14:55Z	2026-10-05T16:21:14Z	true	Borrow Cargo resolve graph identifiers during reachability
23939d3e529d26878e7972b42772cdc6dd73a829	42abda9bd48f6f2d8900ce9ef7449f224d8f1243	2026-10-05T14:14:40Z	2026-10-05T16:21:52Z	true	fix(local-service): preserve semantic compile causes
929ec2f0381c545e19bb39702b56390512575bc8	23939d3e529d26878e7972b42772cdc6dd73a829	2026-10-05T16:21:02Z	2026-10-05T16:21:52Z	true	fix(local-service): retain terminal compile cause
16d1e45c9fe0e7cfcece5fc281a8d371b72e307a	929ec2f0381c545e19bb39702b56390512575bc8	2026-10-05T16:26:02Z	2026-10-05T16:27:48Z	true	fix(local-service): preserve exact diagnostic tail
b3d0b81139413c960d20468c22e9d0f96e9f68b0	16d1e45c9fe0e7cfcece5fc281a8d371b72e307a	2026-10-05T16:31:19Z	2026-10-05T16:31:19Z	true	Import exact diagnostic-boundary test budget
50089e3c138089e1c7bd80b4015627bea1cb119d	b3d0b81139413c960d20468c22e9d0f96e9f68b0 955e869ba1435d116ea8dd1ea111f8c1f51a6cc4	2026-10-05T16:31:19Z	2026-10-05T16:31:19Z	true	Merge branch 'codex/package-publication-refresh-20261004' into codex/index-live-acceptance-20261005
44a00b67d886ca7cd10afa1d1cb61310289624b8	0bb81d8b272e249941205618fc50969e726c9402 50089e3c138089e1c7bd80b4015627bea1cb119d	2026-10-05T16:55:30Z	2026-10-05T16:55:30Z	false	Merge branch 'canonical' into codex/package-publication-refresh-20261004
9ca17f62422981a62ed80909928c5b12eace5d45	44a00b67d886ca7cd10afa1d1cb61310289624b8	2026-10-05T17:04:39Z	2026-10-05T17:04:39Z	false	Limit saved index bootstrap rebasing to exact unserved authority
68a5ec0ff46ce30b34249e98e45be3218994c41e	9ca17f62422981a62ed80909928c5b12eace5d45	2026-10-05T16:59:22Z	2026-10-05T17:06:50Z	false	Clean compile client and Tantivy warnings
c27f192b0b726cf0da68bb683c8390eac407f71b	68a5ec0ff46ce30b34249e98e45be3218994c41e	2026-10-05T17:00:40Z	2026-10-05T17:06:50Z	false	Clean Tantivy and journey test warnings
7b5b52c8295b054e04968327db6a706012a9d1f5	c27f192b0b726cf0da68bb683c8390eac407f71b	2026-10-05T14:14:54Z	2026-10-05T17:07:03Z	false	Expose deferred native graceful termination in GPUI macOS platform
5a882ec0498898faaa24ed82a759299fa4a94227	7b5b52c8295b054e04968327db6a706012a9d1f5	2026-10-05T14:22:59Z	2026-10-05T17:07:03Z	false	Add cancellable exact-state close checkpoints and fence snapshot writes
394a7795c32c1ee31f22022b382fcdba23a7d06c	5a882ec0498898faaa24ed82a759299fa4a94227	2026-10-05T16:23:17Z	2026-10-05T17:07:04Z	false	Exercise native deferred quit decisions through GPUI test platform
38f6e382578f365399cbd089fe72780533cb97d5	394a7795c32c1ee31f22022b382fcdba23a7d06c	2026-10-05T16:23:17Z	2026-10-05T17:07:04Z	false	Reclaim cancelled close checkpoint capacity and test exact claim fences
d80acd62c249d16c9fa266565884bb70f650c288	38f6e382578f365399cbd089fe72780533cb97d5	2026-10-05T16:23:17Z	2026-10-05T17:07:04Z	false	Gate desktop native close and quit through cancellable graceful checkpoint
59b8ffefeb4e5ba29535670c7b692ead46d6e2c2	d80acd62c249d16c9fa266565884bb70f650c288	2026-10-05T16:25:38Z	2026-10-05T17:07:04Z	false	Bind native close decisions to the rendered close attempt
c22c8569d630b0f4c576b41a64be24c204ecd451	59b8ffefeb4e5ba29535670c7b692ead46d6e2c2	2026-10-05T16:37:40Z	2026-10-05T17:07:04Z	false	Capture matched close state and await tracked workers before native approval
140738bbbed0aec917945179b9a70e2f945d3ff4	c22c8569d630b0f4c576b41a64be24c204ecd451	2026-10-05T16:38:30Z	2026-10-05T17:07:04Z	false	Advance controlled worker finish clocks without blocking GPUI tests
8455a634f2d306d170f107d47a6ad97894cbb30a	140738bbbed0aec917945179b9a70e2f945d3ff4	2026-10-05T16:53:19Z	2026-10-05T17:07:04Z	false	Bound themed close decisions and require actual snapshot publication
28f2bf0a3f9f86dd9d54e4097fb5947d68f78e36	8455a634f2d306d170f107d47a6ad97894cbb30a	2026-10-05T17:06:13Z	2026-10-05T17:07:04Z	false	Use applied served Orbit reads in snapshot fence fixtures
5cc7e640bf143e7e44196ccb1417eb5e08e69369	28f2bf0a3f9f86dd9d54e4097fb5947d68f78e36	2026-10-05T17:06:56Z	2026-10-05T17:50:47Z	false	Validate signature tuple bindings in one pass
5b5344d194cee7132e3e3a3bd62538e512410198	5cc7e640bf143e7e44196ccb1417eb5e08e69369	2026-10-05T17:14:05Z	2026-10-05T17:50:47Z	false	Group checked signature binding validation context
1697fb0a35654a58b3cf3c967466a113819fbe2c	5b5344d194cee7132e3e3a3bd62538e512410198	2026-10-05T17:26:54Z	2026-10-05T17:50:47Z	false	Bound compiler authority error-chain diagnostics
95b781c38cc0a49013d8e2ae537d17dabf423f6f	1697fb0a35654a58b3cf3c967466a113819fbe2c	2026-10-05T17:41:30Z	2026-10-05T17:50:47Z	false	Preserve bounded error diagnostic tails
39be4cd523229efbd323c01b71c27ef16c477796	95b781c38cc0a49013d8e2ae537d17dabf423f6f	2026-10-05T04:34:51Z	2026-10-05T17:50:47Z	false	test(csharp): reuse prebuilt Roslyn oracle
59e42e25910220182ad42e3e46164e3f41246b76	39be4cd523229efbd323c01b71c27ef16c477796	2026-10-05T17:33:21Z	2026-10-05T17:50:47Z	false	replication: clean compiler warning hygiene
0407c9f75d99fadf00b29cfa12d3ffd304bb52f3	59e42e25910220182ad42e3e46164e3f41246b76	2026-10-05T17:44:18Z	2026-10-05T17:50:47Z	false	test(gui): render source input before reading its native registry
96e96fa9d38ca115fb47aa73e10d3a75b8230f36	0407c9f75d99fadf00b29cfa12d3ffd304bb52f3	2026-10-05T17:47:18Z	2026-10-05T17:50:47Z	false	fix(gpui): preserve layout offsets across transparent input boundaries
4a8047aaa2ae9240d3256efbeae98ff9a6ebfe7f	96e96fa9d38ca115fb47aa73e10d3a75b8230f36	2026-10-05T18:00:58Z	2026-10-05T18:02:08Z	false	Import native close element controls and release focus read borrows
25c7c449caf2c856091c39260b3a841b0f1f9ec2	4a8047aaa2ae9240d3256efbeae98ff9a6ebfe7f	2026-10-05T18:02:49Z	2026-10-05T18:02:49Z	false	Pin forty real application corpora and record actual runtime blockers
a4f06552a7e4dd40528ed859c0948b08be26e13e	50089e3c138089e1c7bd80b4015627bea1cb119d 25c7c449caf2c856091c39260b3a841b0f1f9ec2	2026-10-05T18:12:35Z	2026-10-05T18:12:35Z	true	Checkpoint reviewed runtime, native layout and real corpus integration
b62707f6194f78ed4daf45a512ef8d9d7069da4b	a4f06552a7e4dd40528ed859c0948b08be26e13e	2026-10-05T19:32:05Z	2026-10-05T19:32:05Z	true	Record preserved remote compiler foundations and audit limits
822571620d79712aa8c353b26b84469a7549aafe	b62707f6194f78ed4daf45a512ef8d9d7069da4b	2026-10-05T18:41:54Z	2026-10-05T19:32:19Z	true	Admit immutable Nix tool hardlinks in build receipts
38d1ae47935adcff5c7d9bb334d1ed78830b573c	822571620d79712aa8c353b26b84469a7549aafe	2026-10-05T19:26:27Z	2026-10-05T19:32:19Z	true	Verify immutable Nix runner interpreters without weakening artifact admission
cb97afaf3a408a1649fefab880d2fe565c64fb7b	38d1ae47935adcff5c7d9bb334d1ed78830b573c	2026-10-05T19:04:49Z	2026-10-05T19:32:19Z	true	fix(typescript): mark dependency computed names as oracle gaps
736eccd304a7422002d8cb86c672cce4c545da8d	cb97afaf3a408a1649fefab880d2fe565c64fb7b	2026-10-05T18:52:40Z	2026-10-05T19:32:19Z	true	Fix admitted graph paging and verify durable cache control entries
ebbf021c7840712ea711681c10593d3de7baac55	736eccd304a7422002d8cb86c672cce4c545da8d	2026-10-05T19:04:03Z	2026-10-05T19:32:19Z	true	Retain issuing owner revision separately from projected page cursors
040cd894b671131e96bc00c85770daa7f3fc2ca8	ebbf021c7840712ea711681c10593d3de7baac55	2026-10-05T19:10:10Z	2026-10-05T19:32:19Z	true	Retain admitted search and name projection continuations
6ac9f5438b375f3dfc8985cc867046dbcf993abd	040cd894b671131e96bc00c85770daa7f3fc2ca8	2026-10-05T19:36:35Z	2026-10-05T19:36:35Z	true	Record current live corpus results and unclosed production gates
